episode_id,corridor,sensor,date,period,dataset,D_veh,P_hat_h,x_h,vf_mph,vq_hat_mph,L_mi,wt2_hat_min,wbar_hat_min,theta,profile_family,lambda_min,count_rel_err,wbar_rel_err_vs_file,theta_rel_err,T_down_s_1_0.67,T_up_s_1_0.67,w_lo_min_1_0.67,w_hi_min_1_0.67,share_inside_1_0.67,share_below_1_0.67,share_above_1_0.67,band_empty_1_0.67,mean_delay_admitted_1_0.67,peak_delay_admitted_1_0.67,T_down_s_1.5_1,T_up_s_1.5_1,w_lo_min_1.5_1,w_hi_min_1.5_1,share_inside_1.5_1,share_below_1.5_1,share_above_1.5_1,band_empty_1.5_1,mean_delay_admitted_1.5_1,peak_delay_admitted_1.5_1,T_down_s_2_1.5,T_up_s_2_1.5,w_lo_min_2_1.5,w_hi_min_2_1.5,share_inside_2_1.5,share_below_2_1.5,share_above_2_1.5,band_empty_2_1.5,mean_delay_admitted_2_1.5,peak_delay_admitted_2_1.5,T_down_s_3_2,T_up_s_3_2,w_lo_min_3_2,w_hi_min_3_2,share_inside_3_2,share_below_3_2,share_above_3_2,band_empty_3_2,mean_delay_admitted_3_2,peak_delay_admitted_3_2
state_transition__AZ_I10_W::137__2016-04-01__004,AZ_I10_W,137,2016-04-01,PM,AZ,3623.500000000001,4.736635026877573,3.4380774955821267,73.14105520230916,10.809192967096704,1.2949999999999875,4.1626458057831845,1.810040645574654,0.4348293681532922,beta_power,724.832244884446,1.2549947588973754e-16,6.900402517241632e-16,7.659715092429762e-16,41.79725354044406,62.38396050812546,0.7398727777455324,1.1196011679517726,0.06520000000000012,0.36854999999999993,0.56625,False,False,False,27.864835693629374,41.79725354044406,0.4947253104685696,2.7784062694418434,0.34760000000000013,0.31745,0.33495,False,True,False,20.89862677022203,27.864835693629374,0.3463077173279987,3.7826828519704714,0.5538000000000001,0.2795499999999999,0.16665000000000008,False,True,False,13.932417846814687,20.89862677022203,0.2473626552342848,4.452200573656223,0.75135,0.24864999999999998,0.0,False,True,True
state_transition__AZ_I10_W::137__2016-06-01__005,AZ_I10_W,137,2016-06-01,PM,AZ,3160.833333333333,4.227162631989268,2.9990865049314666,73.14105520230916,10.085866890527583,1.2949999999999875,3.455901313053624,1.502727384355236,0.4348293681532922,beta_power,711.2239055954246,0.0,3.463150057762031e-15,5.106476728286508e-16,42.282287074348254,63.10789115574366,0.7571440230717446,1.1508341029077196,0.07440000000000008,0.39965,0.5259499999999999,False,False,False,28.188191382898836,42.282287074348254,0.5062739475629429,2.9701028123361186,0.44839999999999997,0.34275,0.20885000000000006,False,True,False,21.141143537174127,28.188191382898836,0.3543917632940601,4.071527543044273,0.69895,0.30105,0.0,False,True,True,14.094095691449418,21.141143537174127,0.25313697378147143,4.805810696849712,0.7326500000000001,0.26735,0.0,False,True,True
state_transition__AZ_I10_W::137__2016-08-01__006,AZ_I10_W,137,2016-08-01,PM,AZ,3467.4444444444443,4.566078817304861,3.29000764775099,73.14105520230916,10.566860656250658,1.2949999999999875,3.920378861852832,1.704695863420986,0.4348293681532922,beta_power,720.4417919988548,0.0,2.9307301777498407e-15,7.659715092429762e-16,41.959751894804995,62.626495365380585,0.7456368798616969,1.1297423179689825,0.06790000000000004,0.37824999999999986,0.5538500000000001,False,False,False,27.973167929869998,41.959751894804995,0.4985795504065238,2.8398087567770736,0.37369999999999987,0.32535,0.30095000000000005,False,True,False,20.979875947402498,27.973167929869998,0.34900568528456666,3.8751200646096833,0.6552999999999999,0.28625,0.058450000000000016,False,True,False,13.986583964934999,20.979875947402498,0.2492897752032619,4.565327603164756,0.7454500000000001,0.25454999999999994,0.0,False,True,True
state_transition__AZ_I10_W::137__2016-09-01__007,AZ_I10_W,137,2016-09-01,PM,AZ,3610.4210526315783,4.722388574150186,3.4256678268603733,73.14105520230916,10.788937965842036,1.2949999999999875,4.142193845147927,1.8011475324541262,0.4348293681532922,beta_power,724.4714653819447,1.2595410459259484e-16,2.4270655683075717e-15,5.106476728286508e-16,41.810835734085394,62.40423243893342,0.7403537054254097,1.120437161076351,0.06539999999999993,0.3693499999999999,0.5652500000000001,False,False,False,27.873890489390263,41.810835734085394,0.4950468888573098,2.783436750926139,0.3496000000000001,0.31805,0.33235000000000003,False,True,False,20.905417867042697,27.873890489390263,0.3465328222001169,3.7902527676725466,0.5593,0.28005,0.16065,False,True,False,13.936945244695131,20.905417867042697,0.2475234444286549,4.461463445503485,0.7508500000000001,0.24914999999999993,0.0,False,True,True
state_transition__AZ_I10_W::137__2016-11-01__008,AZ_I10_W,137,2016-11-01,PM,AZ,4334.788461538461,5.499367874551415,4.112967754305078,73.14105520230916,11.899796330516102,1.2949999999999875,5.313661440597408,2.3105360467954803,0.4348293681532922,beta_power,742.7354541028068,0.0,1.9820811637759946e-15,5.106476728286508e-16,41.06593854906956,61.2924455956262,0.7142085800016645,1.0773722180216136,0.0557000000000001,0.33204999999999996,0.61225,False,False,False,27.377292366046373,41.06593854906956,0.47756461936239053,2.5318835817181666,0.26990000000000003,0.2872499999999999,0.4428500000000001,False,True,False,20.53296927453478,27.377292366046373,0.33429523355367347,3.4124763049199958,0.39670000000000016,0.25364999999999993,0.34965000000000007,False,True,False,13.688646183023186,20.53296927453478,0.23878230968119527,3.999538120387882,0.49060000000000004,0.22614999999999996,0.28325000000000006,False,True,False
state_transition__AZ_I10_W::137__2016-12-01__009,AZ_I10_W,137,2016-12-01,PM,AZ,4359.055555555555,5.525002165917369,4.135993047481108,73.14105520230916,11.936733413180097,1.2949999999999875,5.354220534133265,2.32817233181055,0.4348293681532922,beta_power,743.293391758431,0.0,1.0729454049752326e-15,8.93633427450139e-16,41.04117001891839,61.2554776401767,0.7133473035946786,1.0760284899137038,0.05539999999999999,0.33095,0.61365,False,False,False,27.360780012612263,41.04117001891839,0.47698871597648174,2.5242904143556224,0.26800000000000007,0.28634999999999994,0.44565,False,True,False,20.520585009459197,27.360780012612263,0.3338921011835371,3.401099591502688,0.39349999999999996,0.25284999999999996,0.3536500000000001,False,True,False,13.680390006306132,20.520585009459197,0.23849435798824087,3.9856390429340656,0.48600000000000015,0.22544999999999993,0.28855,False,True,False
state_transition__AZ_I10_W::141__2016-01-01__015,AZ_I10_W,141,2016-01-01,PM,AZ,1466.0800000000002,2.4354524157628923,1.5471114266555968,68.64155652998684,6.762564138016265,1.1140000000000043,1.285864014128472,0.55913143679454,0.4348293681532922,beta_power,582.9874908672797,1.5508954180074214e-16,3.723039046250415e-16,7.659715092429762e-16,41.49357713835979,61.930712146805654,0.776957761127534,1.0237736656369456,0.11649999999999992,0.62875,0.25475000000000003,False,False,False,27.662384758906526,41.49357713835979,0.5195226546461554,3.636798260110999,0.48394999999999994,0.51605,0.0,False,True,True,20.746788569179895,27.662384758906526,0.36366585825230885,5.218780017608843,0.55725,0.44274999999999987,0.0,False,True,True,13.831192379453263,20.746788569179895,0.2597613273230777,6.273434522607407,0.61285,0.38714999999999994,0.0,False,True,True
state_transition__AZ_I10_W::141__2016-02-01__016,AZ_I10_W,141,2016-02-01,PM,AZ,2464.9076923076923,3.754458402555423,2.6011451328853186,68.64155652998684,8.510282432236966,1.1140000000000043,2.609399572857708,1.134643567525188,0.4348293681532922,beta_power,629.2693219285184,0.0,7.338580081893278e-16,5.106476728286508e-16,40.321627158987155,60.181533073115155,0.7336885725785394,0.9625475611715293,0.053899999999999955,0.44165000000000004,0.5044500000000001,False,False,False,26.881084772658102,40.321627158987155,0.49059016330101923,2.9233113002883058,0.6234500000000002,0.3765499999999999,0.0,False,True,True,20.160813579493578,26.881084772658102,0.3434131143107135,4.110400190536716,0.67055,0.32945,0.0,False,True,True,13.440542386329051,20.160813579493578,0.24529508165050962,4.901792784035655,0.7081500000000002,0.29185,0.0,False,True,True
state_transition__AZ_I10_W::141__2016-03-01__017,AZ_I10_W,141,2016-03-01,PM,AZ,2724.5578947368417,4.08112883895718,2.875146411882082,68.64155652998684,8.932722593510782,1.1140000000000043,2.9907844248404882,1.3004809017360959,0.4348293681532922,beta_power,638.3722844187741,1.6690684083642385e-16,1.6006910738890631e-15,5.106476728286508e-16,40.03835568444339,59.75873982752744,0.7234160209085283,0.9499144958867931,0.049099999999999935,0.41555000000000003,0.5353500000000001,False,False,False,26.692237122962258,40.03835568444339,0.4837212914258622,2.7917963131590215,0.5027000000000001,0.35564999999999997,0.14165000000000003,False,True,False,20.019177842221694,26.692237122962258,0.33860490399810356,3.90691150976058,0.6880500000000002,0.3119499999999999,0.0,False,True,True,13.346118561481129,20.019177842221694,0.2418606457129311,4.650321640828287,0.7232500000000001,0.27675,0.0,False,True,True
state_transition__AZ_I10_W::141__2016-06-01__018,AZ_I10_W,141,2016-06-01,PM,AZ,1491.4666666666665,2.470532840098206,1.5739012349093728,68.64155652998684,6.810745436982414,1.1140000000000043,1.3162870487082,0.572360265698148,0.4348293681532922,beta_power,584.4872788746455,0.0,1.272946260554188e-15,7.659715092429762e-16,41.461268686525045,61.88249057690305,0.7757482954059662,1.0218320463343022,0.11160000000000005,0.62035,0.26805000000000007,False,False,False,27.640845791016698,41.461268686525045,0.5187139300618738,3.6123324669068966,0.48965,0.5103500000000001,0.0,False,True,True,20.730634343262523,27.640845791016698,0.36309975104331166,5.180677601048738,0.56175,0.43825,0.0,False,True,True,13.820422895508349,20.730634343262523,0.2593569650309369,6.226241023809967,0.61655,0.38344999999999996,0.0,False,True,True
state_transition__AZ_I10_W::141__2016-08-01__019,AZ_I10_W,141,2016-08-01,PM,AZ,2393.2,3.663249081023562,2.525474098461321,68.64155652998684,8.392020173557015,1.1140000000000043,2.5065498909787256,1.089921505338978,0.4348293681532922,beta_power,626.59540372786,0.0,4.965804618530157e-15,5.106476728286508e-16,40.400929099167584,60.299894177862065,0.7365773519550676,0.9662059294092384,0.05559999999999993,0.44975000000000004,0.4946499999999999,False,False,False,26.93395273277839,40.400929099167584,0.4925217822454043,2.962430180331575,0.61695,0.38305,0.0,False,True,True,20.200464549583792,26.93395273277839,0.34476524757178306,4.170987633450218,0.66515,0.33485000000000004,0.0,False,True,True,13.466976366389195,20.200464549583792,0.24626089112270216,4.97669260219598,0.70355,0.29645000000000005,0.0,False,True,True
state_transition__AZ_I10_W::141__2016-09-01__020,AZ_I10_W,141,2016-09-01,MD,AZ,2074.6857142857143,2.8737456903150203,2.189355270715484,68.64155652998684,11.475614612773832,1.1140000000000043,2.561297823443352,1.173433365106068,0.4581401484691591,beta_power,685.1779536695032,0.0,6.918591297118619e-15,9.935637416133516e-15,38.33319401200635,57.213722405979624,0.6631101418294668,0.8843674864191184,0.055999999999999966,0.39644999999999997,0.5475500000000001,False,False,False,25.555462674670903,38.33319401200635,0.44339700102369534,2.1985848494013793,0.4433,0.3333499999999999,0.22334999999999994,False,True,False,19.166597006003176,25.555462674670903,0.3103779007165867,2.994240542050278,0.71205,0.28794999999999993,0.0,False,True,True,12.777731337335451,19.166597006003176,0.22169850051184767,3.5246776704828773,0.74805,0.25195000000000006,0.0,False,True,True
state_transition__AZ_I10_W::141__2016-11-01__021,AZ_I10_W,141,2016-11-01,MD,AZ,490.2000000000001,0.6090216081283333,0.5172937502363947,68.64155652998684,17.94186450495457,1.1140000000000043,0.585015457657494,0.268019068627956,0.4581401484691591,beta_power,760.7185663925159,0.0,5.048462850753951e-15,9.935637416133516e-15,33.99718548430564,50.74206788702334,0.5215807869101241,0.7561598765628861,0.19424999999999998,0.80575,0.0,False,False,True,22.664790322870427,33.99718548430564,0.34876160402173967,1.4173273772105122,0.39895,0.60105,0.0,False,False,True,16.99859274215282,22.664790322870427,0.24413312281521782,1.8176125206748883,0.5038499999999999,0.49615,0.0,False,True,True,11.332395161435214,16.99859274215282,0.17438080201086983,2.0844692829844726,0.57745,0.42254999999999987,0.0,False,True,True
state_transition__AZ_I10_W::141__2016-11-01__022,AZ_I10_W,141,2016-11-01,PM,AZ,2089.9692307692303,3.2722889255417797,2.2054835195089515,68.64155652998684,7.882370231774676,1.1140000000000043,2.084166139902948,0.90625664574048,0.4348293681532922,beta_power,614.3859418777279,0.0,6.0870402214804335e-15,6.383095910358135e-16,40.74267996412915,60.80997009571515,0.7490914512998261,0.9826620556961774,0.06439999999999996,0.48995000000000005,0.44565000000000005,False,True,False,27.16178664275277,40.74267996412915,0.5008894933841154,3.144063794534431,0.5854500000000001,0.4145499999999999,0.0,False,True,True,20.371339982064576,27.16178664275277,0.35062264536888066,4.45262328099976,0.6390500000000001,0.36095,0.0,False,True,True,13.580893321376385,20.371339982064576,0.2504447466920577,5.324996271976646,0.68125,0.31875,0.0,False,True,True
state_transition__AZ_I10_W::141__2016-12-01__023,AZ_I10_W,141,2016-12-01,PM,AZ,2118.3777777777777,3.309299984398195,2.235462229873738,68.64155652998684,7.930857916142409,1.1140000000000043,2.122848317514834,0.92307679259025,0.4348293681532922,beta_power,615.5979100692261,0.0,5.750609135772458e-15,7.659715092429762e-16,40.710166062499525,60.761441884327645,0.7478963326964038,0.9810446657421992,0.06339999999999996,0.48575,0.45085,False,True,False,27.140110708333015,40.710166062499525,0.500090362182226,3.1258047551766084,0.5887499999999999,0.41125,0.0,False,True,True,20.355083031249762,27.140110708333015,0.3500632535275583,4.424289026189608,0.6417499999999999,0.35824999999999996,0.0,False,True,True,13.570055354166508,20.355083031249762,0.250045181091113,5.289945206864942,0.68355,0.31645,0.0,False,True,True
state_transition__AZ_I10_W::78__2016-04-01__027,AZ_I10_W,78,2016-04-01,PM,AZ,4688.7444444444445,4.371538409470127,3.1224662366062472,64.16137486955441,13.478312831438965,1.0400000000000205,3.342419279844996,1.453382063558382,0.4348293681532922,beta_power,1023.5713952137253,1.9397403986275298e-16,2.864584920052646e-16,6.383095910358135e-16,33.98603408027869,50.725424000415956,0.5576350899031267,1.0025782505767897,0.09380000000000006,0.35984999999999995,0.5463500000000001,False,False,False,22.657356053519127,33.98603408027869,0.3728697706937075,1.8821243077833278,0.29530000000000006,0.31024999999999997,0.39445,False,True,False,16.993017040139346,22.657356053519127,0.2610088394855953,2.4146205653089727,0.4245,0.2733499999999999,0.30215,False,True,False,11.328678026759563,16.993017040139346,0.18643488534685376,2.7696180703260693,0.5246000000000001,0.24334999999999987,0.23205000000000003,False,True,False
state_transition__AZ_I10_W::78__2016-06-01__028,AZ_I10_W,78,2016-06-01,MD,AZ,827.5,0.651892104261302,0.5510730732729925,64.16137486955441,23.590718731010742,1.0400000000000205,0.6233701826109239,0.285590908012614,0.4581401484691591,beta_power,1200.0228045770928,0.0,4.373391686013111e-15,1.0056803726086365e-14,27.20505918026184,40.60456594068931,0.35731271205597426,0.7007512227005869,0.41255000000000003,0.58745,0.0,False,False,True,18.136706120174562,27.20505918026184,0.23892167373004264,1.0227478467898954,0.52425,0.4757500000000001,0.0,False,True,True,13.60252959013092,18.136706120174562,0.16724517161102984,1.2176915860728805,0.59715,0.40285,0.0,False,True,True,9.068353060087281,13.60252959013092,0.11946083686502132,1.3476540789282039,0.65205,0.3479499999999999,0.0,False,True,True
state_transition__AZ_I10_W::78__2016-06-01__029,AZ_I10_W,78,2016-06-01,PM,AZ,4553.557142857143,4.266286280557326,3.0324383432489093,64.16137486955441,13.298282873956708,1.0400000000000205,3.2118448063405443,1.39660444774749,0.4348293681532922,beta_power,1019.3323580790142,0.0,2.08672931289988e-15,6.383095910358135e-16,34.10675496856799,50.90560443069849,0.5616036472720479,1.0101697382653871,0.09640000000000001,0.3663499999999999,0.53725,False,False,False,22.737836645711994,34.10675496856799,0.3755233968785152,1.907967206892078,0.3074,0.3155499999999999,0.37704999999999994,False,True,False,17.053377484283995,22.737836645711994,0.26286637781496064,2.451513264705225,0.44550000000000006,0.2779499999999999,0.2765499999999999,False,True,False,11.368918322855997,17.053377484283995,0.1877616984392576,2.8138773032473234,0.5573,0.2472499999999999,0.19544999999999996,False,True,False
state_transition__AZ_I10_W::84__2016-03-01__036,AZ_I10_W,84,2016-03-01,MD,AZ,923.7263157894736,0.6668767632874949,0.5628428405743737,68.79623913843852,25.43687915476228,1.141999999999996,0.652350848600556,0.29886811463184004,0.4581401484691591,beta_power,1307.7292628528207,0.0,7.835819807855798e-15,9.935637416133516e-15,29.07505243065394,43.39560064276707,0.38062656406495426,0.6683045475115076,0.40645000000000003,0.5935499999999999,0.0,False,False,True,19.383368287102627,29.07505243065394,0.2545107763707779,1.0093956002524147,0.52015,0.47984999999999994,0.0,False,True,True,14.53752621532697,19.383368287102627,0.1781575434595445,1.2158995207371208,0.59395,0.40604999999999997,0.0,False,True,True,9.691684143551313,14.53752621532697,0.12725538818538895,1.3535688010602582,0.6494500000000001,0.35055000000000003,0.0,False,True,True
state_transition__AZ_I10_W::84__2016-12-01__043,AZ_I10_W,84,2016-12-01,MD,AZ,768.24,0.5469714219136238,0.4681022684444174,68.79623913843852,26.938677972194125,1.141999999999996,0.5402006848166341,0.247487621945034,0.4581401484691591,beta_power,1325.2723999118941,0.0,9.462601297647164e-15,9.935637416133516e-15,28.068006215636842,41.89254659050275,0.35471635210737923,0.6416921632051436,0.36265000000000003,0.63735,0.0,False,False,True,18.712004143757895,28.068006215636842,0.2371855847424592,0.9418432985395201,0.49104999999999993,0.5089499999999999,0.0,False,True,True,14.034003107818421,18.712004143757895,0.16602990931972145,1.1235613051726818,0.57145,0.42855,0.0,False,True,True,9.356002071878947,14.034003107818421,0.1185927923712296,1.244706642928123,0.63125,0.36875,0.0,False,True,True
state_transition__PeMS::D12_I405_N::L405N-002__2025-10-01__046,D12_I405_N,L405N-002,2025-10-01,PM,PeMS,1843.743478260869,1.3502692782520032,1.2779560129337062,71.87369565217391,44.36184783786973,0.9681,0.439311033638652,0.34874839106619,0.7938530206665482,flat_top_power,1308.4374425106028,1.2332175171011573e-16,4.0424308131419e-09,4.042423218370988e-09,18.448344670359806,27.5348427915818,0.14667888856861333,0.2635560467125904,0.11160000000000003,0.10014999999999992,0.78825,False,False,False,12.298896446906538,18.448344670359806,0.09807869794508077,0.3422965744354129,0.2609000000000001,0.06354999999999994,0.67555,False,False,False,9.224172335179903,12.298896446906538,0.06865508856155654,0.38996779754471206,0.3901,0.04314999999999996,0.56675,False,True,False,6.149448223453269,9.224172335179903,0.049039348972540385,0.42174861295091154,0.5363,0.03025000000000001,0.43345,False,True,False
state_transition__PeMS::D12_I405_N::L405N-065__2025-10-01__050,D12_I405_N,L405N-065,2025-10-01,PM,PeMS,1940.9333333333332,1.7067684115250037,1.6152793049740526,67.72814868372754,39.78520129950759,0.292,0.158239706269326,0.125619068811288,0.7938530206665482,flat_top_power,1123.6640604883903,1.1714656631340528e-16,4.042392959005262e-09,4.042423358223454e-09,18.73742279796253,27.966302683526163,0.16057328318422914,-0.09166764055073758,0.0,0.0,0.0,True,False,False,12.491615198641687,18.73742279796253,0.10736936101141073,-0.0010961960492688206,0.0,0.0,0.0,True,False,False,9.368711398981265,12.491615198641687,0.07515855270798749,0.053737720651921665,0.0,0.0,0.0,True,False,False,6.245807599320844,9.368711398981265,0.053684680505705365,0.09029366511938193,0.09509999999999998,0.10204999999999995,0.8028500000000002,False,False,False
state_transition__PeMS::D12_I405_N::L405N-076__2025-10-01__053,D12_I405_N,L405N-076,2025-10-01,AM,PeMS,2529.2347826086952,1.3855762322159408,1.275768271616504,70.33521739130434,42.07154245241033,0.4548,0.208721525847582,0.169635729816876,0.812737110501748,flat_top_power,1785.6221139610445,0.0,4.4500501603398995e-09,4.450072033853092e-09,18.95248986702477,28.28729830899219,0.1581912621099708,-0.003825399944759212,0.0,0.0,0.0,True,False,False,12.63499324468318,18.95248986702477,0.10577659242882281,0.0838014606745558,0.0,0.0,0.0,True,False,False,9.476244933512385,12.63499324468318,0.07404361470017595,0.1368526624350447,0.12180000000000006,0.09604999999999998,0.7821499999999999,False,False,False,6.31749662234159,9.476244933512385,0.05288829621441141,0.17222013027537064,0.2657,0.06514999999999996,0.6691499999999999,False,True,False
state_transition__PeMS::D12_I405_N::L405N-080__2025-10-01__054,D12_I405_N,L405N-080,2025-10-01,PM,PeMS,923.1826086956522,0.5934367793082401,0.5617575031607657,71.42543478260869,46.40375979021287,0.8345,0.25180177802861403,0.199893602097222,0.7938530206665482,flat_top_power,1470.9241008301415,0.0,4.042418774567721e-09,4.042423218370988e-09,16.778534382900943,25.042588631195436,0.12208939190227608,0.19007460025304718,0.14759999999999995,0.15825,0.69415,False,False,False,11.18568958860063,16.778534382900943,0.08163661933585328,0.2523401770464202,0.90325,0.09675,0.0,False,True,True,8.389267191450472,11.18568958860063,0.05714563353509729,0.2900371075749382,0.9353499999999999,0.06465000000000004,0.0,False,True,True,5.592844794300315,8.389267191450472,0.04081830966792664,0.31516839459395024,0.9551499999999999,0.04484999999999998,0.0,False,True,True
state_transition__PeMS::D12_I5_N::L5N-010__2025-10-01__075,D12_I5_N,L5N-010,2025-10-01,MD,PeMS,2516.515873015873,2.6947768429776247,2.393138618996149,69.87101816281965,24.5808713878202,0.2597,0.17701910662123202,0.13968801584302198,0.7891126472686983,flat_top_power,926.1980410869012,0.0,3.951568502549482e-09,3.951556671904751e-09,30.369760821443634,45.32800122603527,0.4088918462206351,-0.7513766314625854,0.0,0.0,0.0,True,False,False,20.246507214295757,30.369760821443634,0.2734107155367521,-0.36627211692436473,0.0,0.0,0.0,True,False,False,15.184880410721817,20.246507214295757,0.19138750087572648,-0.13312149215875518,0.0,0.0,0.0,True,False,False,10.123253607147879,15.184880410721817,0.13670535776837606,0.022312257684984592,0.0,0.0,0.0,True,False,False
state_transition__PeMS::D12_I5_N::L5N-028__2025-10-01__076,D12_I5_N,L5N-028,2025-10-01,AM,PeMS,1881.3,1.9735950571206555,1.7696654528233653,68.50149197511861,26.01062024982173,0.0851,0.053354405589618,0.042102636238272,0.7891126472686983,flat_top_power,950.0208100778273,2.4171974213919317e-16,3.951573366893698e-09,3.951556671904751e-09,28.492678944115077,42.526386483753846,0.3671041695756219,-0.845038538777916,0.0,0.0,0.0,True,False,False,18.99511929607672,28.492678944115077,0.24546885590385895,-0.52470013917999,0.0,0.0,0.0,True,False,False,14.246339472057539,18.99511929607672,0.17182819913270125,-0.3307603249655828,0.0,0.0,0.0,True,False,False,9.49755964803836,14.246339472057539,0.12273442795192947,-0.2014671154893114,0.0,0.0,0.0,True,False,False
state_transition__PeMS::D12_I5_N::L5N-028__2025-10-01__077,D12_I5_N,L5N-028,2025-10-01,PM,PeMS,5106.815079365078,5.617856528837545,4.803781544628603,68.50149197511861,20.13355859085816,0.0851,0.07632214245459,0.059975803136874006,0.7858244175018997,flat_top_power,907.5222567404808,0.0,3.890868803264064e-09,3.890888525375978e-09,32.43360141014969,48.40836031365625,0.4756780359287944,-1.4393571181126734,0.0,0.0,0.0,True,False,False,21.622400940099794,32.43360141014969,0.3180681477767388,-0.903112497484622,0.0,0.0,0.0,True,False,False,16.216800705074846,21.622400940099794,0.22264770344371718,-0.5784583747549883,0.0,0.0,0.0,True,False,False,10.811200470049897,16.216800705074846,0.1590340738883694,-0.3620222929352326,0.0,0.0,0.0,True,False,False
state_transition__PeMS::D12_I5_N::L5N-035__2025-10-01__078,D12_I5_N,L5N-035,2025-10-01,PM,PeMS,4821.635177865612,5.050783775199983,4.322126764549134,67.31278267451971,20.78874832968684,0.2349,0.206985207475872,0.162654030096234,0.7858244175018997,flat_top_power,949.8464289234098,0.0,3.8908703252325225e-09,3.890888525375978e-09,31.197156470271125,46.562920104882274,0.44787338668547616,-0.9816063503408642,0.0,0.0,0.0,True,False,False,20.798104313514084,31.197156470271125,0.2994762166459771,-0.501104768525187,0.0,0.0,0.0,True,False,False,15.598578235135562,20.798104313514084,0.209633351652184,-0.2101986903777436,0.0,0.0,0.0,True,False,False,10.399052156757042,15.598578235135562,0.14973810832298856,-0.01626130494611468,0.0,0.0,0.0,True,False,False
state_transition__PeMS::D12_I5_N::L5N-038__2025-10-01__079,D12_I5_N,L5N-038,2025-10-01,PM,PeMS,7682.787906537906,6.260017025941563,5.348800571462066,71.93249999999999,25.00312250792569,0.1858,0.16446396384228598,0.12923979858641998,0.7858244175018997,flat_top_power,1223.3356566708171,0.0,3.890905050627926e-09,3.890888666657287e-09,31.468963371085344,46.968602046396036,0.4264444811728885,-0.9359697854303342,0.0,0.0,0.0,True,False,False,20.979308914056897,31.468963371085344,0.2851475073710932,-0.5294667750652955,0.0,0.0,0.0,True,False,False,15.734481685542672,20.979308914056897,0.19960325515976518,-0.2833610368623655,0.0,0.0,0.0,True,False,False,10.489654457028449,15.734481685542672,0.1425737536855466,-0.11929054472707881,0.0,0.0,0.0,True,False,False
state_transition__PeMS::D12_I5_N::L5N-042__2025-10-01__080,D12_I5_N,L5N-042,2025-10-01,PM,PeMS,942.4293478260868,0.984928525540134,0.8526162363046055,70.35065217391305,22.172265225334638,0.0764,0.037534349753976,0.02949540853173,0.7858244175018997,flat_top_power,952.3908271607006,1.206316823471795e-16,3.890862787355793e-09,3.890888666657287e-09,32.306499152238736,48.218655451102585,0.4595517759597585,-1.3165319992161428,0.0,0.0,0.0,True,False,False,21.53766610149249,32.306499152238736,0.30728511965373073,-0.8334032585753249,0.0,0.0,0.0,True,False,False,16.153249576119368,21.53766610149249,0.21509958375761148,-0.540906641500613,0.0,0.0,0.0,True,False,False,10.768833050746245,16.153249576119368,0.15364255982686537,-0.3459088967841383,0.0,0.0,0.0,True,False,False
state_transition__PeMS::D12_I5_N::L5N-042__2025-10-01__081,D12_I5_N,L5N-042,2025-10-01,NT,PeMS,1071.0760869565215,1.0600701624710844,0.9690029965251636,70.35065217391305,30.376866512678703,0.0764,0.037945315561488,0.029943128414171998,0.7891126472686983,flat_top_power,1005.871222422585,0.0,3.9515587757974765e-09,3.95155653121216e-09,26.804821712997303,40.00719658656313,0.3163592206294,-0.6469203519140566,0.0,0.0,0.0,True,False,False,17.869881141998203,26.804821712997303,0.21153760261646498,-0.4041609749369451,0.0,0.0,0.0,True,False,False,13.402410856498651,17.869881141998203,0.1480763218315255,-0.25718918345381436,0.0,0.0,0.0,True,False,False,8.934940570999101,13.402410856498651,0.10576880130823249,-0.15920798913172718,0.0,0.0,0.0,True,False,False
state_transition__PeMS::D12_I5_N::L5N-043__2025-10-01__082,D12_I5_N,L5N-043,2025-10-01,PM,PeMS,4372.434782608696,4.696502801537736,4.021019687926358,70.51108480368515,20.760133980410227,0.064,0.052558362676506,0.041301644735118,0.7858244175018997,flat_top_power,929.7237770754733,0.0,3.890866558993035e-09,3.890888666657287e-09,33.360997584055234,49.792533707545125,0.4889263460712221,-1.5301112247835231,0.0,0.0,0.0,True,False,False,22.24066505603682,33.360997584055234,0.32692679827117643,-0.9798853031268295,0.0,0.0,0.0,True,False,False,16.680498792027617,22.24066505603682,0.22884875878982347,-0.6467665975455177,0.0,0.0,0.0,True,False,False,11.12033252801841,16.680498792027617,0.16346339913558822,-0.42468746049131023,0.0,0.0,0.0,True,False,False
state_transition__PeMS::D12_I5_N::L5N-045__2025-10-01__083,D12_I5_N,L5N-045,2025-10-01,PM,PeMS,4817.614522417154,5.311145118730106,4.543314921271976,71.23791508631481,20.366178338342745,0.2877,0.243553489040376,0.191390278655706,0.7858244175018997,flat_top_power,901.9891589861247,0.0,3.8908741780145596e-09,3.890888525375978e-09,34.112551793720144,50.914256408537526,0.5059877405340326,-1.1646042474869531,0.0,0.0,0.0,True,False,False,22.74170119581343,34.112551793720144,0.33833511592594995,-0.578179870884924,0.0,0.0,0.0,True,False,False,17.056275896860072,22.74170119581343,0.2368345811481649,-0.2231458356529721,0.0,0.0,0.0,True,False,False,11.370850597906715,17.056275896860072,0.16916755796297497,0.013543521168328937,0.0,0.0,0.0,True,False,False
state_transition__PeMS::D12_I5_N::L5N-072__2025-10-01__084,D12_I5_N,L5N-072,2025-10-01,PM,PeMS,1444.6956521739132,1.3781132075349156,1.1901571188176143,66.61512746928959,22.918020637834623,0.3511,0.20354320604189402,0.159949221324342,0.7858244175018997,flat_top_power,1029.3778021393787,0.0,3.890897847246275e-09,3.890888807938596e-09,29.30153195690044,43.73362978641857,0.3992368033098902,-0.5574948647023628,0.0,0.0,0.0,True,False,False,19.534354637933628,29.30153195690044,0.26695474872018604,-0.1729945595649618,0.0,0.0,0.0,True,False,False,14.65076597845022,19.534354637933628,0.18686832410413023,0.059790263726055004,0.0,0.0,0.0,True,False,False,9.767177318966814,14.65076597845022,0.13347737436009302,0.21498014592006626,0.74775,0.25225,0.0,False,True,True
state_transition__PeMS::D12_I5_N::L5N-128__2025-10-01__085,D12_I5_N,L5N-128,2025-10-01,PM,PeMS,5504.781676413255,5.630920471934096,4.814873487776702,71.77175513891335,21.483854174958804,0.3082,0.264017889810498,0.207471704470416,0.7858244175018997,flat_top_power,971.9929561872473,0.0,3.890891753332323e-09,3.890888525375978e-09,33.72105487038936,50.32993264237218,0.49076266466563734,-1.036416223469369,0.0,0.0,0.0,True,False,False,22.48070324692624,33.72105487038936,0.328154675974029,-0.49318684512028205,0.0,0.0,0.0,True,False,False,16.86052743519468,22.48070324692624,0.2297082731818203,-0.16430399858966016,0.0,0.0,0.0,True,False,False,11.24035162346312,16.86052743519468,0.1640773379870145,0.0549512324307545,0.0,0.0,0.0,True,False,False
state_transition__PeMS::D12_I5_N::L5N-131__2025-10-01__086,D12_I5_N,L5N-131,2025-10-01,PM,PeMS,7086.906565656566,6.097360149425857,5.2107882703278365,70.73118574239156,24.00382264780055,0.2728,0.24344801749998,0.191307396543912,0.7858244175018997,flat_top_power,1156.6153341189483,2.5666902571578297e-16,3.890877753360835e-09,3.890888666657287e-09,31.333500596708948,46.76641880105813,0.42996160428314734,-0.8164720954934381,0.0,0.0,0.0,True,False,False,20.889000397805965,31.333500596708948,0.28749927631707456,-0.3966835672864486,0.0,0.0,0.0,True,False,False,15.666750298354474,20.889000397805965,0.2012494934219522,-0.14253448846233743,0.0,0.0,0.0,True,False,False,10.444500198902983,15.666750298354474,0.14374963815853728,0.026898230753736665,0.0,0.0,0.0,True,False,False
state_transition__PeMS::D12_I5_N::L5N-132__2025-10-01__087,D12_I5_N,L5N-132,2025-10-01,PM,PeMS,6367.710317460316,6.576486913437477,5.617249329984162,68.72198042606713,20.96770924696793,0.192,0.180813915976482,0.142087990198458,0.7858244175018997,flat_top_power,964.9982561561847,0.0,3.890899819828066e-09,3.890888525375978e-09,32.02210408185677,47.794185196801145,0.4621967017310472,-1.1330723124653357,0.0,0.0,0.0,True,False,False,21.348069387904513,32.02210408185677,0.30905368279421325,-0.6311437791283996,0.0,0.0,0.0,True,False,False,16.011052040928384,21.348069387904513,0.21633757795594927,-0.3272653598491097,0.0,0.0,0.0,True,False,False,10.674034693952256,16.011052040928384,0.15452684139710662,-0.12467974699624981,0.0,0.0,0.0,True,False,False
state_transition__PeMS::D12_I5_N::L5N-133__2025-10-01__088,D12_I5_N,L5N-133,2025-10-01,AM,PeMS,981.4920634920636,0.9763313452638,0.8947346260638673,68.99411697406033,30.50289470559281,0.3815,0.187997253963786,0.148351010754606,0.7891126472686983,flat_top_power,981.1417252170814,1.1583062354791554e-16,3.951536692654152e-09,3.95155653121216e-09,25.810674004343582,38.523394036333706,0.29909517663651364,-0.25786648372104165,0.0,0.0,0.0,True,False,False,17.20711600289572,25.810674004343582,0.19999378078489427,-0.03371027285409011,0.0,0.0,0.0,True,False,False,12.905337002171791,17.20711600289572,0.13999564654942598,0.10199875842379305,0.0,0.0,0.0,True,False,False,8.60355800144786,12.905337002171791,0.09999689039244714,0.19247144594238189,0.81635,0.18364999999999998,0.0,False,True,True
state_transition__PeMS::D12_I5_N::L5N-133__2025-10-01__089,D12_I5_N,L5N-133,2025-10-01,PM,PeMS,4256.325577200577,4.530754826650455,3.880094414796485,68.99411697406033,20.77914368266799,0.3815,0.316407356077968,0.248640626283288,0.7858244175018997,flat_top_power,931.4059860473684,0.0,3.89089939681662e-09,3.890888525375978e-09,32.331032490276044,48.25527237354633,0.4692992565972464,-0.7884218372900962,0.0,0.0,0.0,True,False,False,21.55402166018403,32.331032490276044,0.3138028961278993,-0.2721188439087397,0.0,0.0,0.0,True,False,False,16.165516245138022,21.55402166018403,0.2196620272895295,0.040462185216720015,0.0,0.0,0.0,True,False,False,10.777010830092015,16.165516245138022,0.15690144806394965,0.24884953796702658,0.1732000000000001,0.17024999999999993,0.65655,False,True,False
state_transition__PeMS::D12_I5_N::L5N-134__2025-10-01__090,D12_I5_N,L5N-134,2025-10-01,PM,PeMS,5426.674242424242,5.317396200284091,4.548624527881382,71.00246051540262,22.09925479807292,0.0982,0.08343966566776201,0.065568926669922,0.7858244175018997,flat_top_power,1018.5924581126757,1.675970697969577e-16,3.8908834938648915e-09,3.890888666657287e-09,32.7925336258126,48.944080038526266,0.46913660968574855,-1.3236517344657492,0.0,0.0,0.0,True,False,False,21.861689083875067,32.7925336258126,0.31369414020903347,-0.8242322788196901,0.0,0.0,0.0,True,False,False,16.3962668129063,21.861689083875067,0.2195858981463234,-0.5218729095881903,0.0,0.0,0.0,True,False,False,10.930844541937534,16.3962668129063,0.15684707010451673,-0.32029999676719056,0.0,0.0,0.0,True,False,False
state_transition__PeMS::D12_I5_N::L5N-135__2025-10-01__091,D12_I5_N,L5N-135,2025-10-01,MD,PeMS,5014.931818181818,5.66280693726885,4.914634928366302,68.24928256364005,21.0642856817504,0.0472,0.042145777037376,0.033257765689158,0.7891126472686983,flat_top_power,884.7690729877189,0.0,3.9514937079501275e-09,3.951556671904751e-09,31.640371509119927,47.22443508823869,0.4543681039085498,-1.379223528226456,0.0,0.0,0.0,True,False,False,21.09358100607995,31.640371509119927,0.3038189916354574,-0.8914372790998906,0.0,0.0,0.0,True,False,False,15.820185754559963,21.09358100607995,0.21267329414482022,-0.5961209053816987,0.0,0.0,0.0,True,False,False,10.546790503039976,15.820185754559963,0.1519094958177287,-0.3992433229029041,0.0,0.0,0.0,True,False,False
state_transition__PeMS::D12_I5_N::L5N-138__2025-10-01__092,D12_I5_N,L5N-138,2025-10-01,MD,PeMS,3140.0454545454545,3.709004218820649,3.261421046411055,69.70282999503613,21.87920663894921,0.2082,0.158172859341522,0.124816203761046,0.7891126472686983,flat_top_power,842.0974774666242,1.4482190066012668e-16,3.951541677893577e-09,3.951556812597341e-09,32.06860887765764,47.863595339787516,0.4570172675424547,-1.0642316416376716,0.0,0.0,0.0,True,False,False,21.379072585105092,32.06860887765764,0.30559038847649167,-0.5818155201397377,0.0,0.0,0.0,True,False,False,16.03430443882882,21.379072585105092,0.21391327193354415,-0.289750338148519,0.0,0.0,0.0,True,False,False,10.689536292552546,16.03430443882882,0.15279519423824584,-0.09504021682103979,0.0,0.0,0.0,True,False,False
state_transition__PeMS::D12_I5_N::L5N-140__2025-10-01__093,D12_I5_N,L5N-140,2025-10-01,PM,PeMS,555.7708708708708,0.4974382028759456,0.4326947176145229,69.65702702702703,25.00966573716298,0.3598,0.142458830915874,0.11194762782246599,0.7858244175018997,flat_top_power,1078.1333358981465,2.045570282290493e-16,3.890867852746301e-09,3.890888666657287e-09,29.93873458653124,44.68467848736006,0.39858846340801457,-0.5568824920588544,0.0,0.0,0.0,True,False,False,19.959156391020827,29.93873458653124,0.26652122802731515,-0.18904826824400725,0.0,0.0,0.0,True,False,False,14.96936729326562,19.959156391020827,0.18656485961912056,0.03364654798124655,0.0,0.0,0.0,True,False,False,9.979578195510413,14.96936729326562,0.13326061401365757,0.18210975879808247,0.47385,0.5261500000000001,0.0,False,False,True
state_transition__PeMS::D12_I5_N::L5N-146__2025-10-01__094,D12_I5_N,L5N-146,2025-10-01,PM,PeMS,5958.534782608695,5.600086590707857,4.788693683305971,68.62908541126373,22.457178502154758,0.2386,0.213367706945916,0.16766955402449402,0.7858244175018997,flat_top_power,1059.049542112092,1.5263730681366335e-16,3.890909595650074e-09,3.890888525375978e-09,30.96103389697211,46.210498353689715,0.43265873618044454,-0.89332379340786,0.0,0.0,0.0,True,False,False,20.640689264648074,30.96103389697211,0.28930274774540704,-0.45522822527670154,0.0,0.0,0.0,True,False,False,15.480516948486056,20.640689264648074,0.20251192342178495,-0.18999566746235572,0.0,0.0,0.0,True,False,False,10.320344632324037,15.480516948486056,0.14465137387270352,-0.013173962252791653,0.0,0.0,0.0,True,False,False
state_transition__PeMS::D12_I5_N::L5N-157__2025-10-01__095,D12_I5_N,L5N-157,2025-10-01,PM,PeMS,4935.212400793651,4.082599776796162,3.4988695811151778,71.83875,25.03670120334434,0.0951,0.07318832298814801,0.057513171280104,0.7858244175018997,flat_top_power,1206.1902279056576,0.0,3.8909182661304805e-09,3.890888807938596e-09,31.383581841085423,46.84116692699317,0.4246870605986492,-1.0700930442138834,0.0,0.0,0.0,True,False,False,20.92238789405695,31.383581841085423,0.283972385829436,-0.6663351265882773,0.0,0.0,0.0,True,False,False,15.691790920542712,20.92238789405695,0.1987806700806052,-0.42189132706193183,0.0,0.0,0.0,True,False,False,10.461193947028475,15.691790920542712,0.141986192914718,-0.258928794044368,0.0,0.0,0.0,True,False,False
state_transition__PeMS::D12_I5_N::L5N-159__2025-10-01__096,D12_I5_N,L5N-159,2025-10-01,PM,PeMS,3883.478260869566,3.1216608672465584,2.6803972924246637,69.79447675150786,25.428811440880555,0.5139,0.372539382717156,0.292750543420224,0.7858244175018997,flat_top_power,1225.8848355392477,2.3419590394958964e-16,3.890880176292538e-09,3.890888525375978e-09,29.74984053069425,44.40274706073768,0.3927995733711324,-0.3073384873152214,0.0,0.0,0.0,True,False,False,19.833227020462832,29.74984053069425,0.26265041333199474,0.04988200431878781,0.0,0.0,0.0,True,False,False,14.874920265347125,19.833227020462832,0.1838552893323963,0.26615103690443803,0.12009999999999994,0.16924999999999998,0.7106500000000001,False,False,False,9.916613510231416,14.874920265347125,0.13132520666599737,0.4103303919615381,0.8882500000000001,0.11175,0.0,False,True,True
state_transition__PeMS::D12_I5_N::L5N-161__2025-10-01__097,D12_I5_N,L5N-161,2025-10-01,AM,PeMS,2196.37560296846,2.355294614838996,2.100394505514549,70.27219530423932,25.149353698071497,0.2287,0.14822273517963,0.116964434943006,0.7891126472686983,flat_top_power,925.2071249172648,0.0,3.951564739080531e-09,3.951556671904751e-09,30.257572667431894,45.1605562200476,0.40355936290423405,-0.7772723879713237,0.0,0.0,0.0,True,False,False,20.171715111621264,30.257572667431894,0.269845082979877,-0.40364863180574556,0.0,0.0,0.0,True,False,False,15.128786333715947,20.171715111621264,0.18889155808591393,-0.177448707139236,0.0,0.0,0.0,True,False,False,10.085857555810632,15.128786333715947,0.1349225414899385,-0.026648757361562997,0.0,0.0,0.0,True,False,False
state_transition__PeMS::D12_I5_N::L5N-161__2025-10-01__098,D12_I5_N,L5N-161,2025-10-01,PM,PeMS,6514.358379715523,7.298869199719856,6.229682450130381,70.27219530423932,19.865519771055883,0.2287,0.218002856238696,0.171311967517524,0.7858244175018997,flat_top_power,889.255819091105,1.3961385738385567e-16,3.890890349475627e-09,3.890888384094669e-09,33.80070034553148,50.44880648586788,0.5036057215677634,-1.2859771796526942,0.0,0.0,0.0,True,False,False,22.53380023035432,33.80070034553148,0.3367423487528957,-0.6957154770288805,0.0,0.0,0.0,True,False,False,16.90035017276574,22.53380023035432,0.23571964412702695,-0.338358241404222,0.0,0.0,0.0,True,False,False,11.26690011517716,16.90035017276574,0.16837117437644786,-0.10012008432111648,0.0,0.0,0.0,True,False,False
state_transition__PeMS::D12_I5_N::L5N-162__2025-10-01__099,D12_I5_N,L5N-162,2025-10-01,MD,PeMS,4997.76515151515,4.539768001126924,3.967029824237315,67.97886363636364,25.04871759032096,0.2541,0.211676165213778,0.16703633909552998,0.7891126472686983,flat_top_power,1094.483112799257,0.0,3.9515522386725796e-09,3.951556671904751e-09,28.78723873263438,42.96602795915579,0.377614704235733,-0.6404173961031054,0.0,0.0,0.0,True,False,False,19.19149248842292,28.78723873263438,0.2524968581216977,-0.30086432442217903,0.0,0.0,0.0,True,False,False,14.39361936631719,19.19149248842292,0.17674780068518836,-0.09529153102499158,0.0,0.0,0.0,True,False,False,9.59574624421146,14.39361936631719,0.12624842906084885,0.04175699790646663,0.0,0.0,0.0,True,False,False
state_transition__PeMS::D12_I5_N::L5N-163__2025-10-01__100,D12_I5_N,L5N-163,2025-10-01,AM,PeMS,2025.19227994228,1.7909375676533297,1.610717866043531,71.03119660002716,29.71248422630049,1.0445,0.611502395477388,0.48254427410631007,0.7891126472686983,flat_top_power,1082.6417882604828,1.1227263588507873e-16,3.9515524105402026e-09,3.951556812597341e-09,27.706675769326154,41.35324741690471,0.3347668863902211,0.4266263146152233,0.08269999999999998,0.19094999999999995,0.7263500000000002,False,False,False,18.47111717955077,27.706675769326154,0.22384612163817186,0.6917954801457883,0.8853500000000001,0.11464999999999992,0.0,False,True,True,13.853337884663077,18.47111717955077,0.15669228514672026,0.8523346436145942,0.9239500000000003,0.07604999999999991,0.0,False,True,True,9.235558589775385,13.853337884663077,0.11192306081908593,0.9593607525937982,0.9474500000000001,0.05254999999999997,0.0,False,True,True
state_transition__PeMS::D12_I5_N::L5N-163__2025-10-01__101,D12_I5_N,L5N-163,2025-10-01,MD,PeMS,5574.212121212122,5.091517356514424,4.433397826802238,71.03119660002716,24.967150646320405,1.0445,0.865042339987494,0.682615850907042,0.7891126472686983,flat_top_power,1071.6034151884946,0.0,3.951558507272092e-09,3.951556671904751e-09,30.8887066547176,46.102547245847155,0.4160764128377084,0.4440782034144871,0.014299999999999927,0.16074999999999998,0.82495,False,False,False,20.592471103145066,30.8887066547176,0.2782147670671304,0.8362926696566098,0.4988000000000002,0.09854999999999993,0.40265,False,True,False,15.4443533273588,20.592471103145066,0.19475033694699123,1.0737478133754856,0.93415,0.06584999999999994,0.0,False,True,True,10.296235551572533,15.4443533273588,0.1391073835335652,1.2320512425214023,0.9542500000000002,0.04574999999999991,0.0,False,True,True
state_transition__PeMS::D12_I5_N::L5N-165__2025-10-01__102,D12_I5_N,L5N-165,2025-10-01,AM,PeMS,615.5578231292517,0.647847796091981,0.601291536945425,68.60926782945062,32.036424442276626,0.2492,0.107770895206272,0.085043376414738,0.7891126472686983,flat_top_power,930.4433235593843,1.8468912821817008e-16,3.951547521424854e-09,3.951556812597341e-09,24.52428586170339,36.60341173388566,0.27153932472836784,-0.33274012746991216,0.0,0.0,0.0,True,False,False,16.34952390780226,24.52428586170339,0.18156821114571506,-0.14005781862397904,0.0,0.0,0.0,True,False,False,12.262142930851695,16.34952390780226,0.12709774780200053,-0.023403770196169984,0.0,0.0,0.0,True,False,False,8.17476195390113,12.262142930851695,0.09078410557285753,0.0543655954223693,0.0,0.0,0.0,True,False,False
state_transition__PeMS::D12_I5_N::L5N-165__2025-10-01__103,D12_I5_N,L5N-165,2025-10-01,MD,PeMS,3672.945887445888,4.092651576376189,3.5878209890218296,68.60926782945062,22.314782705778843,0.2492,0.19872750759691798,0.156818389604916,0.7891126472686983,flat_top_power,892.0135733199897,0.0,3.951567483509404e-09,3.951556812597341e-09,31.043229944529344,46.33317902168559,0.43508468645883136,-0.8855966409428608,0.0,0.0,0.0,True,False,False,20.69548662968623,31.043229944529344,0.29092489014712275,-0.44236140061817353,0.0,0.0,0.0,True,False,False,15.521614972264672,20.69548662968623,0.20364742310298592,-0.17401717379509477,0.0,0.0,0.0,True,False,False,10.347743314843115,15.521614972264672,0.14546244507356137,0.004878977420291128,0.0,0.0,0.0,True,False,False
state_transition__PeMS::D12_I5_N::L5N-166__2025-10-01__104,D12_I5_N,L5N-166,2025-10-01,PM,PeMS,949.1455710955712,0.635620297715171,0.5519362702516472,71.96846153846154,30.037354536760382,0.2293,0.095285346902556,0.07487755222617,0.7858244175018997,flat_top_power,1465.881000739625,1.197780837668458e-16,3.890921691441625e-09,3.890888525375978e-09,28.117323111060728,41.96615389710556,0.34027379385600603,-0.5484216166332916,0.0,0.0,0.0,True,False,False,18.744882074040486,28.117323111060728,0.22752838511329748,-0.2782875206759557,0.0,0.0,0.0,True,False,False,14.058661555530364,18.744882074040486,0.15926986957930828,-0.11474248065359266,0.0,0.0,0.0,True,False,False,9.372441037020243,14.058661555530364,0.11376419255664874,-0.0057124539720172784,0.0,0.0,0.0,True,False,False
state_transition__PeMS::D12_I5_N::L5N-178__2025-10-01__105,D12_I5_N,L5N-178,2025-10-01,AM,PeMS,1799.6214285714286,1.7546987200404895,1.5791248442278634,70.20837579453372,28.005824341814684,0.1678,0.098717612530524,0.077899316556006,0.7891126472686983,flat_top_power,1018.4046053965852,0.0,3.951538560193943e-09,3.95155653121216e-09,28.29934290213528,42.23782522706758,0.3533349159571295,-0.6696875969682615,0.0,0.0,0.0,True,False,False,18.86622860142352,28.29934290213528,0.23626186995137405,-0.3761947752943603,0.0,0.0,0.0,True,False,False,14.14967145106764,18.86622860142352,0.16538330896596182,-0.19850785614841418,0.0,0.0,0.0,True,False,False,9.43311430071176,14.14967145106764,0.11813093497568702,-0.08004991005111668,0.0,0.0,0.0,True,False,False
state_transition__PeMS::D12_I5_N::L5N-178__2025-10-01__106,D12_I5_N,L5N-178,2025-10-01,PM,PeMS,4661.67006802721,4.778241672185383,4.090504204464123,70.20837579453372,21.413287530563665,0.1678,0.13918676599855198,0.109376359314786,0.7858244175018997,flat_top_power,972.1279986873155,0.0,3.890894687830408e-09,3.890888666657287e-09,32.720034386287765,48.835872218339944,0.4723472112106062,-1.2219250394005436,0.0,0.0,0.0,True,False,False,21.813356257525175,32.720034386287765,0.31584094961188236,-0.7087833551618523,0.0,0.0,0.0,True,False,False,16.360017193143882,21.813356257525175,0.22108866472831773,-0.398116251149874,0.0,0.0,0.0,True,False,False,10.906678128762588,16.360017193143882,0.15792047480594118,-0.19100484847522126,0.0,0.0,0.0,True,False,False
state_transition__PeMS::D12_I5_N::L5N-230__2025-10-01__107,D12_I5_N,L5N-230,2025-10-01,AM,PeMS,672.1242236024844,0.6467360148021183,0.6002915742633476,70.34599963326036,33.99318135391898,0.0547,0.023058790564998002,0.018195983265557998,0.7891126472686983,flat_top_power,1034.6342341352802,1.6914557418012957e-16,3.951443816029146e-09,3.951556671904751e-09,24.376745825395155,36.38320272447038,0.26165849039161887,-0.49158633729731643,0.0,0.0,0.0,True,False,False,16.25116388359677,24.376745825395155,0.174961266030324,-0.3121738001291462,0.0,0.0,0.0,True,False,False,12.188372912697577,16.25116388359677,0.12247288622122682,-0.203553559253236,0.0,0.0,0.0,True,False,False,8.125581941798385,12.188372912697577,0.087480633015162,-0.1311400653359624,0.0,0.0,0.0,True,False,False
state_transition__PeMS::D12_I5_N::L5N-230__2025-10-01__108,D12_I5_N,L5N-230,2025-10-01,PM,PeMS,8330.569169960472,8.728209492008848,7.440247361926498,70.34599963326036,20.7344421749577,0.0547,0.055257018767592,0.043422314585934,0.7858244175018997,flat_top_power,953.7029336824994,0.0,3.890876627171612e-09,3.890888666657287e-09,33.26752596923943,49.65302383468571,0.48733138611509874,-1.5417430001833787,0.0,0.0,0.0,True,False,False,22.17835064615962,33.26752596923943,0.3258603080809542,-0.993918067140768,0.0,0.0,0.0,True,False,False,16.633762984619715,22.17835064615962,0.22810221565666797,-0.662252972136055,0.0,0.0,0.0,True,False,False,11.08917532307981,16.633762984619715,0.1629301540404771,-0.4411429087995796,0.0,0.0,0.0,True,False,False
state_transition__PeMS::D12_I5_N::L5N-233__2025-10-01__109,D12_I5_N,L5N-233,2025-10-01,PM,PeMS,4930.48,3.834905816881919,3.288042891768835,69.62448889262245,25.79712728450258,0.1473,0.114572534230038,0.090033894973032,0.7858244175018997,flat_top_power,1280.9869680935963,0.0,3.89084330609393e-09,3.890888666657287e-09,29.38887559994086,43.86399343274755,0.38426134623398644,-0.8214340224171932,0.0,0.0,0.0,True,False,False,19.592583733293907,29.38887559994086,0.2569412195376955,-0.47780666231580204,0.0,0.0,0.0,True,False,False,14.69443779997043,19.592583733293907,0.17985885367638688,-0.2697672063508032,0.0,0.0,0.0,True,False,False,9.796291866646953,14.69443779997043,0.12847060976884775,-0.13107423570747062,0.0,0.0,0.0,True,False,False
state_transition__PeMS::D12_I5_N::L5N-242__2025-10-01__110,D12_I5_N,L5N-242,2025-10-01,PM,PeMS,3385.1312817617163,4.809276514960526,4.11688407500748,70.90366399118822,16.919817244599002,0.1274,0.10486354961436,0.082404337792884,0.7858244175018997,flat_top_power,701.9983231806862,0.0,3.890864191903701e-09,3.890888525375978e-09,36.199408274392866,54.02896757372069,0.572475682707497,-2.055029250641103,0.0,0.0,0.0,True,False,False,24.132938849595245,36.199408274392866,0.38279312117167974,-1.2601513619678903,0.0,0.0,0.0,True,False,False,18.099704137196433,24.132938849595245,0.2679551848201758,-0.7789150498494689,0.0,0.0,0.0,True,False,False,12.066469424797623,18.099704137196433,0.19139656058583987,-0.4580908417705214,0.0,0.0,0.0,True,False,False
state_transition__PeMS::D12_I5_N::L5N-248__2025-10-01__111,D12_I5_N,L5N-248,2025-10-01,PM,PeMS,4026.797760210804,5.197309528498268,4.446616333999286,68.26473482360103,17.965509786634772,0.0298,0.02613827186076,0.020540092259490002,0.7858244175018997,flat_top_power,774.3085012983258,0.0,3.890984962430951e-09,3.890888666657287e-09,33.7286483407881,50.34126618028074,0.5162074239674866,-1.8881355772971429,0.0,0.0,0.0,True,False,False,22.485765560525397,33.7286483407881,0.3451686367846467,-1.2382281941917073,0.0,0.0,0.0,True,False,False,16.86432417039405,22.485765560525397,0.2416180457492527,-0.8447601700826937,0.0,0.0,0.0,True,False,False,11.242882780262699,16.86432417039405,0.17258431839232335,-0.5824481540100179,0.0,0.0,0.0,True,False,False
state_transition__PeMS::D12_I5_S::L5S-028__2025-10-01__112,D12_I5_S,L5S-028,2025-10-01,AM,PeMS,2463.334199134199,2.3002457922957724,2.010923700668552,70.62540543331079,25.000923510205123,0.1845,0.158179502166696,0.12357896081330401,0.7812577427578122,flat_top_power,1062.133134719129,1.8460643750502734e-16,3.809631547972068e-09,3.809658624087578e-09,30.59395259835773,45.66261581844437,0.41051875571599594,-0.8736381230269484,0.0,0.0,0.0,True,False,False,20.395968398905154,30.59395259835773,0.2744985691913346,-0.4893930843787764,0.0,0.0,0.0,True,False,False,15.296976299178866,20.395968398905154,0.19214899843393424,-0.25676280495623843,0.0,0.0,0.0,True,False,False,10.197984199452577,15.296976299178866,0.1372492845956673,-0.10167595200787978,0.0,0.0,0.0,True,False,False
state_transition__PeMS::D12_I5_S::L5S-033__2025-10-01__114,D12_I5_S,L5S-033,2025-10-01,AM,PeMS,2898.1289381207025,2.9692967241148898,2.576069328191202,68.35633590125659,22.48225454251809,0.4611,0.51226297163673,0.400209412919322,0.7812577427578122,flat_top_power,955.9853623380791,0.0,3.809661457976874e-09,3.809658624087578e-09,30.76132399591568,45.912423874501016,0.4287992841131594,-0.47790744747477387,0.0,0.0,0.0,True,False,False,20.507549330610455,30.76132399591568,0.28672207620341,-0.045927757474175934,0.0,0.0,0.0,True,False,False,15.38066199795784,20.507549330610455,0.20070545334238704,0.21560211508642696,0.011900000000000029,0.12994999999999998,0.8581500000000001,False,False,False,10.253774665305228,15.38066199795784,0.143361038101705,0.3899553634601624,0.24250000000000013,0.08784999999999991,0.66965,False,False,False
state_transition__PeMS::D12_I5_S::L5S-035__2025-10-01__116,D12_I5_S,L5S-035,2025-10-01,AM,PeMS,3600.515151515152,2.898372634012725,2.5163572539066705,71.29601291949618,26.760811972009066,0.1939,0.20215063636943398,0.157931749867038,0.7812577427578122,flat_top_power,1231.9389942026512,2.5260127051269285e-16,3.809650270869509e-09,3.809658624087578e-09,29.86352434734696,44.57242439902531,0.3874714026060724,-0.7607379083053694,0.0,0.0,0.0,True,False,False,19.90901623156464,29.86352434734696,0.259087664417234,-0.41869863587452405,0.0,0.0,0.0,True,False,False,14.93176217367348,19.90901623156464,0.18136136509206377,-0.21162064262572913,0.0,0.0,0.0,True,False,False,9.95450811578232,14.93176217367348,0.129543832208617,-0.0735686471265326,0.0,0.0,0.0,True,False,False
state_transition__PeMS::D12_I5_S::L5S-041__2025-10-01__119,D12_I5_S,L5S-041,2025-10-01,AM,PeMS,865.304347826087,0.8456265294285558,0.761732731182062,71.44891304347826,28.308034121271177,0.0255,0.008894603381712,0.00694897776072,0.7812577427578122,flat_top_power,1021.988723180793,0.0,3.809324851606172e-09,3.809658766194717e-09,28.928547770075177,43.17693697026146,0.3628109762048895,-0.8830933028690681,0.0,0.0,0.0,True,False,False,19.28569851338345,28.928547770075177,0.24259815774179236,-0.5796785487294552,0.0,0.0,0.0,True,False,False,14.464273885037588,19.28569851338345,0.16981871041925464,-0.3959846764943283,0.0,0.0,0.0,True,False,False,9.642849256691726,14.464273885037588,0.12129907887089618,-0.2735220950042436,0.0,0.0,0.0,True,False,False
state_transition__PeMS::D12_I5_S::L5S-049__2025-10-01__120,D12_I5_S,L5S-049,2025-10-01,AM,PeMS,1066.3333333333333,1.0379672698656288,0.929276028083518,68.13760869565218,26.953626411615357,0.146,0.064047914827176,0.05003792936622,0.7812577427578122,flat_top_power,1019.7815331490353,0.0,3.8095760718034325e-09,3.809658766194717e-09,27.616331160383723,41.21840471699063,0.3467111870091492,-0.6800316855217683,0.0,0.0,0.0,True,False,False,18.410887440255816,27.616331160383723,0.23183282963685628,-0.3896241372870197,0.0,0.0,0.0,True,False,False,13.808165580191861,18.410887440255816,0.16228298074579933,-0.2138051095906806,0.0,0.0,0.0,True,False,False,9.205443720127908,13.808165580191861,0.11591641481842814,-0.09659242445978816,0.0,0.0,0.0,True,False,False
state_transition__PeMS::D12_I5_S::L5S-061__2025-10-01__121,D12_I5_S,L5S-061,2025-10-01,AM,PeMS,4081.959183673469,3.520953326277085,3.0391351228716554,68.8687955161524,24.698500445232185,0.1547,0.198424942650744,0.15502102280216398,0.7812577427578122,flat_top_power,1151.5552099843246,2.228083772641863e-16,3.809628875713507e-09,3.809658624087578e-09,29.618833062756263,44.20721352650188,0.39458100935837037,-0.8592073805514119,0.0,0.0,0.0,True,False,False,19.745888708504175,29.618833062756263,0.2638415930839403,-0.4946562554630478,0.0,0.0,0.0,True,False,False,14.809416531378131,19.745888708504175,0.18468911515875824,-0.27394909840653836,0.0,0.0,0.0,True,False,False,9.872944354252088,14.809416531378131,0.13192079654197014,-0.12681099370219853,0.0,0.0,0.0,True,False,False
state_transition__PeMS::D12_I5_S::L5S-062__2025-10-01__123,D12_I5_S,L5S-062,2025-10-01,AM,PeMS,1852.295652173913,1.9945938266045464,1.7511703545424124,71.79067806151733,23.34203574664085,0.1877,0.13950235909083,0.108987298172694,0.7812577427578122,flat_top_power,920.9255091822438,0.0,3.8096804138934155e-09,3.809658624087578e-09,32.48772159066357,48.48913670248294,0.4554002168946055,-1.0750227450490637,0.0,0.0,0.0,True,False,False,21.65848106044238,32.48772159066357,0.30450912706525524,-0.6109426720910185,0.0,0.0,0.0,True,False,False,16.243860795331784,21.65848106044238,0.21315638894567865,-0.3299785315350937,0.0,0.0,0.0,True,False,False,10.82924053022119,16.243860795331784,0.15225456353262762,-0.14266910449781045,0.0,0.0,0.0,True,False,False
state_transition__PeMS::D12_I5_S::L5S-066__2025-10-01__124,D12_I5_S,L5S-066,2025-10-01,AM,PeMS,3609.298245614035,3.485655550402744,3.009574714483164,72.07329643192863,23.31347856025737,0.4455,0.5411528597311079,0.422779861680462,0.7812577427578122,flat_top_power,1016.3330857339525,1.2599328732089855e-16,3.809662397873688e-09,3.809658624087578e-09,32.696383472027875,48.80057234631026,0.45946012826804916,-0.6447400325654442,0.0,0.0,0.0,True,False,False,21.797588981351918,32.696383472027875,0.3072238382630668,-0.17410364817232019,0.0,0.0,0.0,True,False,False,16.348191736013938,21.797588981351918,0.21505668678414674,0.110829825511469,0.0,0.0,0.0,True,False,False,10.898794490675959,16.348191736013938,0.1536119191315334,0.3007854746339949,0.11399999999999996,0.08924999999999998,0.7967500000000002,False,False,False
state_transition__PeMS::D12_I5_S::L5S-067__2025-10-01__125,D12_I5_S,L5S-067,2025-10-01,AM,PeMS,1410.747826086956,1.0161470884203818,0.9103192302246614,61.54086956521739,30.53177875125209,0.3231,0.15400220869899,0.120315417947886,0.7812577427578122,flat_top_power,1363.280573080538,4.835173329465414e-16,3.809621837357277e-09,3.809658481980439e-09,20.79345593621257,31.03500886001876,0.21762686365570097,-0.11872113255524491,0.0,0.0,0.0,True,False,False,13.862303957475048,20.79345593621257,0.14551896072786394,0.026621956848656668,0.0,0.0,0.0,True,False,False,10.396727968106285,13.862303957475048,0.10186327250950473,0.11461581519258512,0.0558,0.2615499999999999,0.68265,False,False,False,6.931151978737524,10.396727968106285,0.07275948036393197,0.17327838742187068,0.83605,0.16394999999999998,0.0,False,True,True
state_transition__PeMS::D12_I5_S::L5S-068__2025-10-01__126,D12_I5_S,L5S-068,2025-10-01,AM,PeMS,1816.2086956521737,2.239300796119577,1.9592176838414916,68.37933608166523,20.59682356055572,0.1839,0.159010706019168,0.12422834525885999,0.7812577427578122,flat_top_power,804.204040173593,0.0,3.809648441981175e-09,3.809658766194717e-09,32.041041596155196,47.82245014351521,0.46506231666644593,-1.169609930623672,0.0,0.0,0.0,True,False,False,21.3606943974368,32.041041596155196,0.3109698125414359,-0.658038663517806,0.0,0.0,0.0,True,False,False,16.020520798077598,21.3606943974368,0.21767886877900516,-0.34832232409527886,0.0,0.0,0.0,True,False,False,10.6803471987184,16.020520798077598,0.15548490627071795,-0.14184476448026045,0.0,0.0,0.0,True,False,False
state_transition__PeMS::D12_I5_S::L5S-083__2025-10-01__127,D12_I5_S,L5S-083,2025-10-01,AM,PeMS,1496.2173913043482,1.3569407404446958,1.2051471159887128,72.2036956521739,27.647943731623737,0.0404,0.021212897411652002,0.01657274034918,0.7812577427578122,flat_top_power,1100.5880167238072,0.0,3.8096418527061535e-09,3.809658481980439e-09,29.877305007844114,44.59299254902106,0.382953632477183,-0.945996416400116,0.0,0.0,0.0,True,False,False,19.918203338562744,29.877305007844114,0.2560668001593938,-0.6146264486414317,0.0,0.0,0.0,True,False,False,14.938652503922057,19.918203338562744,0.17924676011157573,-0.41400788382367404,0.0,0.0,0.0,True,False,False,9.959101669281372,14.938652503922057,0.1280334000796969,-0.2802621739451689,0.0,0.0,0.0,True,False,False
state_transition__PeMS::D12_I5_S::L5S-084__2025-10-01__128,D12_I5_S,L5S-084,2025-10-01,AM,PeMS,2346.468253968253,2.0968384257663484,1.838185500788182,70.16313570197848,25.971826238449893,0.2778,0.22083510636882,0.172529136723384,0.7812577427578122,flat_top_power,1105.0194291972107,0.0,3.8096487263524725e-09,3.809658624087578e-09,29.632924473863724,44.22824548337869,0.3876705559434706,-0.643083992176554,0.0,0.0,0.0,True,False,False,19.755282982575817,29.632924473863724,0.2592208308204843,-0.2960758375731056,0.0,0.0,0.0,True,False,False,14.816462236931862,19.755282982575817,0.18145458157433902,-0.08598957529812629,0.0,0.0,0.0,True,False,False,9.877641491287909,14.816462236931862,0.12961041541024215,0.054067932885193265,0.0,0.0,0.0,True,False,False
state_transition__PeMS::D12_I5_S::L5S-086__2025-10-01__129,D12_I5_S,L5S-086,2025-10-01,AM,PeMS,4985.951086956522,3.9382880030563134,3.387987021484445,68.62489714542446,25.737746987784003,0.3181,0.452236556760846,0.35331331152754203,0.7812577427578122,flat_top_power,1248.7122355128072,3.648229539002933e-16,3.809653753062362e-09,3.809658766194717e-09,28.75840740970738,42.92299613389161,0.37331095627122574,-0.5319278540774584,0.0,0.0,0.0,True,False,False,19.172271606471586,28.75840740970738,0.24961910249672783,-0.202126619065293,0.0,0.0,0.0,True,False,False,14.37920370485369,19.172271606471586,0.17473337174770948,-0.0024577990729879665,0.0,0.0,0.0,True,False,False,9.586135803235793,14.37920370485369,0.12480955124836392,0.13065474758854864,0.004600000000000059,0.08644999999999996,0.9089499999999999,False,False,False
state_transition__PeMS::D12_I5_S::L5S-091__2025-10-01__131,D12_I5_S,L5S-091,2025-10-01,AM,PeMS,2469.004807692308,2.716669580017504,2.36317641180326,71.20613750460755,21.95792416478571,0.1168,0.11511842095745399,0.08993715770706599,0.7812577427578122,flat_top_power,904.2502124417773,1.841824485192074e-16,3.809679469813883e-09,3.809658766194717e-09,33.02388193715094,49.289376025598415,0.47441847839110796,-1.317728067812794,0.0,0.0,0.0,True,False,False,22.01592129143396,33.02388193715094,0.31722592866471283,-0.8079770446050506,0.0,0.0,0.0,True,False,False,16.51194096857547,22.01592129143396,0.22205815006529897,-0.49936272031361567,0.0,0.0,0.0,True,False,False,11.00796064571698,16.51194096857547,0.15861296433235642,-0.2936198374526592,0.0,0.0,0.0,True,False,False
state_transition__PeMS::D12_I5_S::L5S-096__2025-10-01__133,D12_I5_S,L5S-096,2025-10-01,AM,PeMS,582.1547619047619,0.6296195820897272,0.5721829080408543,71.94999999999999,28.086553266869394,0.315,0.08398912875535801,0.065617157147604,0.7812577427578122,flat_top_power,909.9294574398257,0.0,3.809624340318279e-09,3.809658766194717e-09,29.41307284136805,43.90010871845977,0.372454115611054,-0.5438872192047044,0.0,0.0,0.0,True,False,False,19.6087152275787,29.41307284136805,0.2490461651291479,-0.22775010003576182,0.0,0.0,0.0,True,False,False,14.706536420684024,19.6087152275787,0.17433231559040355,-0.036353832105167086,0.0,0.0,0.0,True,False,False,9.80435761378935,14.706536420684024,0.12452308256457395,0.0912436798485628,0.0,0.0,0.0,True,False,False
state_transition__PeMS::D12_I5_S::L5S-107__2025-10-01__134,D12_I5_S,L5S-107,2025-10-01,AM,PeMS,3134.812030075189,3.4730811614060197,2.9990420314826087,71.41591523085482,21.154896753843666,0.6121,0.7479656656114679,0.584353967575956,0.7812577427578122,flat_top_power,879.4604344048215,1.4506367416088963e-16,3.809651672008184e-09,3.809658624087578e-09,33.703028549944605,50.303027686484484,0.492680790062863,-0.4414232600387479,0.0,0.0,0.0,True,False,False,22.46868569996307,33.703028549944605,0.32943725483245334,0.10966364006072003,0.0,0.0,0.0,True,False,False,16.851514274972303,22.46868569996307,0.23060607838271738,0.44330360066310853,0.12430000000000002,0.09804999999999997,0.7776500000000001,False,False,False,11.234342849981536,16.851514274972303,0.16471862741622667,0.6657302410647012,0.3938,0.06724999999999995,0.5389500000000002,False,True,False
state_transition__PeMS::D12_I5_S::L5S-135__2025-10-01__136,D12_I5_S,L5S-135,2025-10-01,AM,PeMS,1213.8347826086956,0.9598642888916374,0.8613653001915859,69.09021739130435,30.934700191164843,0.2218,0.089525261594526,0.06994230379314001,0.7812577427578122,flat_top_power,1250.5481008493596,0.0,3.809629552557827e-09,3.809658624087578e-09,25.585563613725547,38.18740837869485,0.2934919517355415,-0.41791237740980075,0.0,0.0,0.0,True,False,False,17.057042409150366,25.585563613725547,0.19624711343594087,-0.2007236871434396,0.0,0.0,0.0,True,False,False,12.792781806862774,17.057042409150366,0.13737297940515864,-0.06923294394001014,0.0,0.0,0.0,True,False,False,8.528521204575183,12.792781806862774,0.09812355671797043,0.018427551528942786,0.0,0.0,0.0,True,False,False
state_transition__PeMS::D12_I5_S::L5S-136__2025-10-01__137,D12_I5_S,L5S-136,2025-10-01,AM,PeMS,2478.166666666667,2.531345332354577,2.2066263372220924,71.16705867071465,23.32172632509563,0.1901,0.17607644538633602,0.137561086275348,0.7812577427578122,flat_top_power,970.884763942833,0.0,3.809658173593684e-09,3.809658624087578e-09,32.0831660576783,47.88532247414671,0.44802082387175723,-1.038350042726493,0.0,0.0,0.0,True,False,False,21.388777371785533,32.0831660576783,0.2995748023892988,-0.5853618473840125,0.0,0.0,0.0,True,False,False,16.04158302883915,21.388777371785533,0.20970236167250908,-0.3111129700832937,0.0,0.0,0.0,True,False,False,10.694388685892767,16.04158302883915,0.1497874011946494,-0.12828038521614804,0.0,0.0,0.0,True,False,False
state_transition__PeMS::D12_I5_S::L5S-137__2025-10-01__138,D12_I5_S,L5S-137,2025-10-01,AM,PeMS,5050.42094017094,4.091408887748654,3.515697734184092,71.33567931554013,25.57765466430616,0.1783,0.252245562370554,0.197068798678296,0.7812577427578122,flat_top_power,1225.336165714049,0.0,3.8096691491699394e-09,3.809658766194717e-09,30.683501010131454,45.7962701643753,0.4088140381155019,-0.8718872912354616,0.0,0.0,0.0,True,False,False,20.455667340087636,30.683501010131454,0.2733586881610642,-0.4941044361323096,0.0,0.0,0.0,True,False,False,15.341750505065727,20.455667340087636,0.1913510817127449,-0.26538650277166626,0.0,0.0,0.0,True,False,False,10.227833670043818,15.341750505065727,0.1366793440805321,-0.11290788053123743,0.0,0.0,0.0,True,False,False
state_transition__PeMS::D12_I5_S::L5S-137__2025-10-01__139,D12_I5_S,L5S-137,2025-10-01,PM,PeMS,893.3472222222223,0.6592399302630535,0.6218766400291409,71.33567931554013,43.06725914621602,0.1783,0.090400273161084,0.071229613394538,0.787935820366546,flat_top_power,1332.1022793201212,1.272594069737155e-16,3.929619877522653e-09,3.9296278631464765e-09,18.95567182874198,28.292047505585042,0.15602505354499102,-0.1600014091920217,0.0,0.0,0.0,True,False,False,12.637114552494653,18.95567182874198,0.10432812961591219,-0.07437173922662614,0.0,0.0,0.0,True,False,False,9.47783591437099,12.637114552494653,0.07302969073113852,-0.02252968000058842,0.0,0.0,0.0,True,False,False,6.3185572762473265,9.47783591437099,0.052164064807956094,0.012031692816770037,0.0,0.0,0.0,True,False,False
state_transition__PeMS::D12_I5_S::L5S-149__2025-10-01__142,D12_I5_S,L5S-149,2025-10-01,AM,PeMS,1237.7719298245613,1.070049169199264,0.9571263608116628,72.25,29.48844679942374,0.458,0.194667867925824,0.152085779083206,0.7812577427578122,flat_top_power,1131.6895744011172,1.8369593780936642e-16,3.809664385724914e-09,3.809658481980439e-09,28.674187114178416,42.79729420026629,0.35250652255497333,-0.3121361296440748,0.0,0.0,0.0,True,False,False,19.116124742785612,28.674187114178416,0.23570795420342533,-0.025966545304886915,0.0,0.0,0.0,True,False,False,14.337093557089208,19.116124742785612,0.16499556794239778,0.1472867271414285,0.0,0.0,0.0,True,False,False,9.558062371392806,14.337093557089208,0.11785397710171266,0.26278890877230565,0.7707499999999999,0.22924999999999993,0.0,False,True,True
state_transition__PeMS::D12_I5_S::L5S-156__2025-10-01__143,D12_I5_S,L5S-156,2025-10-01,AM,PeMS,1391.4785714285713,1.1841500058912775,1.055980112727789,71.0190909090909,29.11627923768325,0.2734,0.129337778358066,0.101046140773332,0.7812577427578122,flat_top_power,1159.806209376751,3.268087344094667e-16,3.8096501357795154e-09,3.809658624087578e-09,28.09834939437912,41.93783491698376,0.34435729461576037,-0.5075244788502834,0.0,0.0,0.0,True,False,False,18.73223292958608,28.09834939437912,0.23025886965325296,-0.22922084160157158,0.0,0.0,0.0,True,False,False,14.04917469718956,18.73223292958608,0.16118120875727707,-0.06072978411063454,0.0,0.0,0.0,True,False,False,9.36611646479304,14.04917469718956,0.11512943482662648,0.051597587549990165,0.0,0.0,0.0,True,False,False
state_transition__PeMS::D12_I5_S::L5S-158__2025-10-01__144,D12_I5_S,L5S-158,2025-10-01,AM,PeMS,2576.2147660818714,2.4035303655066804,2.0984578240512186,71.78099999999999,25.010364867016555,0.3163,0.277412716097712,0.21673083239081398,0.7812577427578122,flat_top_power,1057.1179516151806,1.7651764009492226e-16,3.8096665978911315e-09,3.809658766194717e-09,31.36251709477337,46.80972700712443,0.4244583648431083,-0.7237988779792762,0.0,0.0,0.0,True,False,False,20.908344729848913,31.36251709477337,0.2838194655138549,-0.3201581919504771,0.0,0.0,0.0,True,False,False,15.681258547386685,20.908344729848913,0.1986736258596984,-0.07578536697520999,0.0,0.0,0.0,True,False,False,10.454172364924457,15.681258547386685,0.14190973275692745,0.08712984967496795,0.0,0.0,0.0,True,False,False
state_transition__PeMS::D12_I5_S::L5S-161__2025-10-01__145,D12_I5_S,L5S-161,2025-10-01,AM,PeMS,1908.06,1.6478763582449798,1.4550560655400664,64.18020451074726,26.445667657622785,0.522,0.36634233468708,0.286207785474252,0.7812577427578122,flat_top_power,1127.2445173333563,0.0,3.809647877649926e-09,3.8096589083018554e-09,25.303271032231148,37.766076167509176,0.30901176673208486,-0.05361744031075574,0.0,0.0,0.0,True,False,False,16.868847354820765,25.303271032231148,0.20662463444161364,0.19486284669675588,0.0,0.0,0.0,True,False,False,12.651635516115574,16.868847354820765,0.14463724410912956,0.34529820118021926,0.41949999999999993,0.13115000000000002,0.4493500000000001,False,True,False,8.434423677410383,12.651635516115574,0.10331231722080682,0.4455884375025282,0.91145,0.08854999999999995,0.0,False,True,True
state_transition__PeMS::D12_I5_S::L5S-173__2025-10-01__146,D12_I5_S,L5S-173,2025-10-01,AM,PeMS,1900.847278911565,1.805109927415671,1.5895514661669747,70.98977272727274,25.618158748988968,0.3244,0.223158580657974,0.17434436900188802,0.7812577427578122,flat_top_power,1037.5382029670243,0.0,3.8096704158041466e-09,3.809658766194717e-09,30.424389469277966,45.40953652131039,0.40389710192494505,-0.6336348797592382,0.0,0.0,0.0,True,False,False,20.282926312851977,30.424389469277966,0.2700709164567996,-0.2627928303978091,0.0,0.0,0.0,True,False,False,15.212194734638983,20.282926312851977,0.18904964151975975,-0.03827701135670297,0.0,0.0,0.0,True,False,False,10.141463156425989,15.212194734638983,0.1350354582283998,0.11140020133736794,0.0,0.0,0.0,True,False,False
state_transition__PeMS::D12_I5_S::L5S-173__2025-10-01__147,D12_I5_S,L5S-173,2025-10-01,PM,PeMS,592.0649350649351,0.5279960814388528,0.4951043127133344,70.98977272727274,38.0105462716428,0.3244,0.154542368697414,0.12176946806098199,0.787935820366546,flat_top_power,1080.6936856809095,0.0,3.929594284593298e-09,3.9296278631464765e-09,22.11455009208721,33.006791182219715,0.2133944940922745,-0.16065465308790305,0.0,0.0,0.0,True,False,False,14.743033394724806,22.11455009208721,0.14268893317547296,-0.028602573010782315,0.0,0.0,0.0,True,False,False,11.057275046043605,14.743033394724806,0.09988225322283106,0.05134462004795649,0.0,0.0,0.0,True,False,False,7.371516697362403,11.057275046043605,0.07134446658773648,0.1046427487537823,0.10880000000000004,0.15355,0.73765,False,False,False
state_transition__PeMS::D12_I5_S::L5S-174__2025-10-01__148,D12_I5_S,L5S-174,2025-10-01,AM,PeMS,4325.475324675324,4.046925355062482,3.4786111525097407,71.7991773052975,23.346470167622872,0.0963,0.134052248686032,0.104729357220054,0.7812577427578122,flat_top_power,1064.6150205221275,0.0,3.809617879208215e-09,3.809658766194717e-09,32.490447298239104,48.49320492274493,0.4554227187634178,-1.2335813893510303,0.0,0.0,0.0,True,False,False,21.66029819882607,32.490447298239104,0.3045241732250399,-0.7695116028508528,0.0,0.0,0.0,True,False,False,16.245223649119552,21.66029819882607,0.2131669212575279,-0.48855368993960085,0.0,0.0,0.0,True,False,False,10.830149099413035,16.245223649119552,0.15226208661251994,-0.30124841466543273,0.0,0.0,0.0,True,False,False
state_transition__PeMS::D12_I5_S::L5S-181__2025-10-01__150,D12_I5_S,L5S-181,2025-10-01,AM,PeMS,2687.9605263157896,2.8276928434307047,2.4568073488225397,69.6162044120217,22.3612950087144,0.4107,0.42900797013597003,0.33516579837354,0.7812577427578122,flat_top_power,933.4145788922254,1.691793262714897e-16,3.809662146064925e-09,3.809658624087578e-09,31.687252049481742,47.2944060440026,0.4467675221659177,-0.642872935503642,0.0,0.0,0.0,True,False,False,21.124834699654496,31.687252049481742,0.2987367663185278,-0.1820168288102737,0.0,0.0,0.0,True,False,False,15.843626024740871,21.124834699654496,0.2091157364229695,0.09699545265167528,0.0,0.0,0.0,True,False,False,10.562417349827248,15.843626024740871,0.1493683831592639,0.28300364029297465,0.1476,0.11295000000000001,0.73945,False,False,False
state_transition__PeMS::D12_I5_S::L5S-181__2025-10-01__151,D12_I5_S,L5S-181,2025-10-01,PM,PeMS,624.8815789473683,0.6068114681659521,0.5711444198200122,69.6162044120217,37.14482305952405,0.4107,0.208091089315218,0.163962423170556,0.787935820366546,flat_top_power,986.0420985389078,1.8193341194842854e-16,3.929637168047748e-09,3.9296280040492e-09,21.774009479730825,32.49852161153854,0.21095472298371587,-0.08593376754907808,0.0,0.0,0.0,True,False,False,14.51600631982055,21.774009479730825,0.14105754930048867,0.04506634310312431,0.0,0.0,0.0,True,False,False,10.887004739865413,14.51600631982055,0.09874028451034206,0.12437665105822279,0.05830000000000005,0.15904999999999989,0.78265,False,False,False,7.258003159910275,10.887004739865413,0.07052877465024433,0.17725018969495504,0.2963,0.10544999999999999,0.5982500000000001,False,True,False
state_transition__PeMS::D12_I5_S::L5S-185__2025-10-01__152,D12_I5_S,L5S-185,2025-10-01,AM,PeMS,4761.4,3.8602904487489615,3.3228762592039045,72.20558997995316,25.85281260579215,0.1864,0.24742983111912,0.193306471351068,0.7812577427578122,flat_top_power,1224.018392184683,3.8202826974122245e-16,3.809646266819386e-09,3.809658766194717e-09,31.082318396017403,46.39151999405582,0.4144563212042421,-0.879843634669818,0.0,0.0,0.0,True,False,False,20.721545597344935,31.082318396017403,0.2771314722623176,-0.49630231992180185,0.0,0.0,0.0,True,False,False,15.541159198008701,20.721545597344935,0.1939920305836223,-0.2640980902099004,0.0,0.0,0.0,True,False,False,10.360772798672468,15.541159198008701,0.1385657361311588,-0.10929527040196621,0.0,0.0,0.0,True,False,False
state_transition__PeMS::D12_I5_S::L5S-187__2025-10-01__155,D12_I5_S,L5S-187,2025-10-01,AM,PeMS,2664.8,2.303173560219192,2.0134065920781423,65.691,25.54584698892153,0.2206,0.203565642177798,0.15903723411087,0.7812577427578122,flat_top_power,1144.8375991813484,1.706497113803903e-16,3.809652678503687e-09,3.809658624087578e-09,26.919733803108784,40.17870716881908,0.34171058181776054,-0.5620683313158368,0.0,0.0,0.0,True,False,False,17.946489202072524,26.919733803108784,0.22848911159471022,-0.270919965648107,0.0,0.0,0.0,True,False,False,13.459866901554392,17.946489202072524,0.15994237811629713,-0.09465243101192093,0.0,0.0,0.0,True,False,False,8.973244601036262,13.459866901554392,0.11424455579735511,0.02285925874553632,0.0,0.0,0.0,True,False,False
state_transition__PeMS::D12_I5_S::L5S-196__2025-10-01__157,D12_I5_S,L5S-196,2025-10-01,AM,PeMS,2456.6631578947367,1.890137764395291,1.6621351103311126,71.96369039654232,29.142561258023694,0.1106,0.07818137837604601,0.061079807195760005,0.7812577427578122,flat_top_power,1293.3267073774243,0.0,3.809591091293111e-09,3.809658624087578e-09,28.714136355125053,42.85691993302247,0.35489580775703294,-0.7408731096141472,0.0,0.0,0.0,True,False,False,19.14275757008337,28.714136355125053,0.23730558003713784,-0.45049963604158766,0.0,0.0,0.0,True,False,False,14.357068177562526,19.14275757008337,0.16611390602599646,-0.2747012378847065,0.0,0.0,0.0,True,False,False,9.571378785041684,14.357068177562526,0.11865279001856892,-0.15750230578011928,0.0,0.0,0.0,True,False,False
state_transition__PeMS::D12_I5_S::L5S-197__2025-10-01__158,D12_I5_S,L5S-197,2025-10-01,AM,PeMS,2385.876923076923,2.206288740601437,1.9311925900554248,61.52069318958189,24.026268172033127,0.1734,0.164465751656352,0.128490141900012,0.7812577427578122,flat_top_power,1071.8012314891487,3.8119933722314866e-16,3.80968629582333e-09,3.809658624087578e-09,25.142261639767497,37.52576364144402,0.3182806539125794,-0.5510643839719203,0.0,0.0,0.0,True,False,False,16.761507759845,25.142261639767497,0.21282239333475875,-0.28103221556105396,0.0,0.0,0.0,True,False,False,12.571130819883749,16.761507759845,0.14897567533433112,-0.11754888468580049,0.0,0.0,0.0,True,False,False,8.3807538799225,12.571130819883749,0.10641119666737937,-0.0085599974356315,0.0,0.0,0.0,True,False,False
state_transition__PeMS::D12_I5_S::L5S-220__2025-10-01__159,D12_I5_S,L5S-220,2025-10-01,AM,PeMS,1427.407608695652,1.5803921679788668,1.3972151794689351,68.11883393091487,23.303241947397595,0.0298,0.018987033642474,0.014833767045186,0.7812577427578122,flat_top_power,901.9064954911571,1.5929134331223259e-16,3.809666769229746e-09,3.809658624087578e-09,30.05154336046735,44.85304979174231,0.4106663667355813,-1.1499594500670456,0.0,0.0,0.0,True,False,False,20.034362240311566,30.05154336046735,0.27459727117049854,-0.7522092938934848,0.0,0.0,0.0,True,False,False,15.025771680233674,20.034362240311566,0.19221808981934901,-0.5114027234390098,0.0,0.0,0.0,True,False,False,10.017181120155783,15.025771680233674,0.13729863558524927,-0.3508650098026931,0.0,0.0,0.0,True,False,False
state_transition__PeMS::D12_I5_S::L5S-223__2025-10-01__160,D12_I5_S,L5S-223,2025-10-01,AM,PeMS,1704.5250472996215,1.7136620817475428,1.511372973358464,71.45947368421052,24.9357659130396,0.2206,0.143960953189746,0.112470609334284,0.7812577427578122,flat_top_power,984.7200699698818,1.3339415328829973e-16,3.8096583817498275e-09,3.809658624087578e-09,31.196937483036372,46.56259325826324,0.42187801212317927,-0.8634136104769045,0.0,0.0,0.0,True,False,False,20.797958322024247,31.196937483036372,0.2820940799626049,-0.462828913919396,0.0,0.0,0.0,True,False,False,15.598468741518186,20.797958322024247,0.1974658559738234,-0.22030625124451886,0.0,0.0,0.0,True,False,False,10.398979161012123,15.598468741518186,0.14104703998130244,-0.058624476127934116,0.0,0.0,0.0,True,False,False
state_transition__PeMS::D12_I5_S::L5S-240__2025-10-01__161,D12_I5_S,L5S-240,2025-10-01,AM,PeMS,1832.0797101449275,2.0295780821535434,1.7809583495274035,69.99232511424623,22.65412912902019,0.2454,0.189980171820528,0.148423480205244,0.7812577427578122,flat_top_power,892.6303182004739,2.482137367541127e-16,3.809638148425239e-09,3.809658481980439e-09,31.74310069985317,47.37776223858682,0.44593447807628894,-0.9381798615011777,0.0,0.0,0.0,True,False,False,21.162067133235446,31.74310069985317,0.2981797408294547,-0.4816759920453167,0.0,0.0,0.0,True,False,False,15.871550349926585,21.162067133235446,0.2087258185806183,-0.20529864939282266,0.0,0.0,0.0,True,False,False,10.581033566617723,15.871550349926585,0.14908987041472735,-0.021047087624493088,0.0,0.0,0.0,True,False,False
state_transition__PeMS::D12_I5_S::L5S-252__2025-10-01__162,D12_I5_S,L5S-252,2025-10-01,AM,PeMS,2467.7559163059163,2.102070894131418,1.8426351192920092,67.85539823865251,26.409003472271436,1.3005,1.071349111505358,0.836999788560264,0.7812577427578122,flat_top_power,1102.7315567571306,1.842756602797224e-16,3.8096591466790746e-09,3.809658624087578e-09,27.792294474544498,41.48103652917089,0.3526039561195749,0.8987467965270142,0.2945,0.10574999999999996,0.59975,False,True,False,18.528196316362997,27.792294474544498,0.23577310439133253,1.1989324502153316,0.93275,0.06724999999999995,0.0,False,True,True,13.896147237272249,18.528196316362997,0.16504117307393276,1.38067135500856,0.9542499999999999,0.04574999999999992,0.0,False,True,True,9.264098158181499,13.896147237272249,0.11788655219566627,1.5018306248707125,0.9678499999999999,0.03214999999999993,0.0,False,True,True
state_transition__PeMS::D12_I5_S::L5S-260__2025-10-01__163,D12_I5_S,L5S-260,2025-10-01,AM,PeMS,4131.242521367521,3.646330776874793,3.1440624341525703,70.76238617560196,24.46245647980278,0.2169,0.279296705598786,0.218202713775798,0.7812577427578122,flat_top_power,1122.6544484325811,2.2015040198411496e-16,3.809646142681223e-09,3.809658624087578e-09,31.0468808568151,46.33862814450015,0.421945402997858,-0.8724710415327176,0.0,0.0,0.0,True,False,False,20.697920571210066,31.0468808568151,0.28213914172511456,-0.4680543935923498,0.0,0.0,0.0,True,False,False,15.52344042840755,20.697920571210066,0.19749739920758025,-0.22321178444772954,0.0,0.0,0.0,True,False,False,10.348960285605033,15.52344042840755,0.14106957086255728,-0.05998337835131595,0.0,0.0,0.0,True,False,False
state_transition__PeMS::D12_I5_S::L5S-264__2025-10-01__166,D12_I5_S,L5S-264,2025-10-01,AM,PeMS,2557.376811594203,3.743691628383187,3.2254682663171512,69.516761724338,16.959063261860365,0.1255,0.168389488494918,0.131555591685684,0.7812577427578122,flat_top_power,679.4582574973637,0.0,3.8096721809419916e-09,3.809658624087578e-09,35.243090280999,52.60162728507313,0.553453591963315,-1.9329660567365712,0.0,0.0,0.0,True,False,False,23.495393520666,35.243090280999,0.37007375909722656,-1.1812752381127616,0.0,0.0,0.0,True,False,False,17.6215451404995,23.495393520666,0.25905163136805864,-0.7261853147893104,0.0,0.0,0.0,True,False,False,11.747696760333,17.6215451404995,0.18503687954861328,-0.42279203257367637,0.0,0.0,0.0,True,False,False
state_transition__PeMS::D12_I5_S::L5S-264__2025-10-01__167,D12_I5_S,L5S-264,2025-10-01,PM,PeMS,971.304347826087,1.2757803309253657,1.2250487830520147,69.516761724338,38.64630828505482,0.1255,0.079727742635268,0.06282034429929,0.787935820366546,flat_top_power,755.4486595204613,2.340910714052971e-16,3.929584427109021e-09,3.929628144951923e-09,20.700491258245727,30.89625560932198,0.19093895873509886,-0.2569351569681312,0.0,0.0,0.0,True,False,False,13.800327505497151,20.700491258245727,0.1276737548428306,-0.1431340644554668,0.0,0.0,0.0,True,False,False,10.350245629122863,13.800327505497151,0.0893716283899814,-0.07423641507279942,0.0,0.0,0.0,True,False,False,6.9001637527485755,10.350245629122863,0.0638368774214153,-0.02830464881768786,0.0,0.0,0.0,True,False,False
state_transition__PeMS::D12_I5_S::L5S-267__2025-10-01__168,D12_I5_S,L5S-267,2025-10-01,AM,PeMS,2129.4695652173914,2.5856928524158014,2.252570108040255,68.36489402379974,20.39026767006099,0.1143,0.11230401557971201,0.087738381714444,0.7812577427578122,flat_top_power,819.3001255501547,0.0,3.8096589952878246e-09,3.809658624087578e-09,32.16986544776305,48.01472454890008,0.46890851892962093,-1.3361435016398624,0.0,0.0,0.0,True,False,False,21.446576965175367,32.16986544776305,0.313541624433978,-0.8152262950159768,0.0,0.0,0.0,True,False,False,16.084932723881526,21.446576965175367,0.2194791371037846,-0.4998517211262146,0.0,0.0,0.0,True,False,False,10.723288482587684,16.084932723881526,0.156770812216989,-0.2896020051997064,0.0,0.0,0.0,True,False,False
state_transition__PeMS::D12_I5_S::L5S-277__2025-10-01__171,D12_I5_S,L5S-277,2025-10-01,AM,PeMS,1366.9420289855072,1.2936162423084496,1.1505503408815434,69.33173913043477,26.70306115736814,0.1255,0.065777506919454,0.051389186580126,0.7812577427578122,flat_top_power,1050.2860822273299,0.0,3.809600270200757e-09,3.809658624087578e-09,28.58508630161956,42.66430791286501,0.3650645817532532,-0.7744705900344953,0.0,0.0,0.0,True,False,False,19.056724201079707,28.58508630161956,0.24410505965536897,-0.4604116893710205,0.0,0.0,0.0,True,False,False,14.29254315080978,19.056724201079707,0.17087354175875824,-0.27027361999343474,0.0,0.0,0.0,True,False,False,9.528362100539853,14.29254315080978,0.12205252982768448,-0.14351490707504433,0.0,0.0,0.0,True,False,False
state_transition__PeMS::D7_I10_E::L10E-002__2025-10-01__173,D7_I10_E,L10E-002,2025-10-01,AM,PeMS,1201.9699999999998,1.0229912355165245,0.966082582028647,68.40325000000001,39.94353309977496,0.11,0.054594668972153995,0.03590616826488,0.6576863444889413,beta_power,1171.2388164610707,0.0,1.5126138312090133e-09,1.5126077282553866e-09,19.083947764614912,28.48350412629091,0.16492347640405172,-0.21368463340737484,0.0,0.0,0.0,True,False,False,12.722631843076607,19.083947764614912,0.11027817284502461,-0.12010462005860364,0.0,0.0,0.0,True,False,False,9.541973882307456,12.722631843076607,0.07719472099151724,-0.063449250531185,0.0,0.0,0.0,True,False,False,6.361315921538304,9.541973882307456,0.05513908642251231,-0.02567900417957253,0.0,0.0,0.0,True,False,False
state_transition__PeMS::D7_I10_E::L10E-073__2025-10-01__177,D7_I10_E,L10E-073,2025-10-01,AM,PeMS,1402.6956521739132,1.072256186433317,1.0118303511064928,67.86660972521821,41.30178819474621,0.0615,0.031625564233122,0.02079970173288,0.6576863444889413,beta_power,1305.884660923757,1.6209765467715383e-16,1.5125013899427617e-09,1.5126077282553866e-09,17.813306725473307,26.587024963392995,0.14482906149578567,-0.20301038366569935,0.0,0.0,0.0,True,False,False,11.875537816982204,17.813306725473307,0.09684178762692257,-0.12415826297593296,0.0,0.0,0.0,True,False,False,8.906653362736654,11.875537816982204,0.0677892513388458,-0.07641947906435755,0.0,0.0,0.0,True,False,False,5.937768908491102,8.906653362736654,0.048420893813461284,-0.044593623123307266,0.0,0.0,0.0,True,False,False
state_transition__PeMS::D7_I10_E::L10E-100__2025-10-01__179,D7_I10_E,L10E-100,2025-10-01,PM,PeMS,1772.130434782609,1.8247864200780295,1.6080873470089874,71.83760869565218,24.49644310125309,0.146,0.052571984038128,0.032769446625396,0.6233252791378618,beta_power,969.7002086191628,0.0,1.7418364321310644e-10,1.7422509768025127e-10,31.74509200098025,47.380734329821266,0.4345343285518322,-1.03864241947881,0.0,0.0,0.0,True,False,False,21.163394667320166,31.74509200098025,0.29055688635701354,-0.6164180536539128,0.0,0.0,0.0,True,False,False,15.872546000490125,21.163394667320166,0.2033898204499095,-0.3607942659105262,0.0,0.0,0.0,True,False,False,10.581697333660083,15.872546000490125,0.14527844317850677,-0.19037840741493517,0.0,0.0,0.0,True,False,False
state_transition__PeMS::D7_I10_E::L10E-178__2025-10-01__182,D7_I10_E,L10E-178,2025-10-01,AM,PeMS,761.8809523809524,0.6514491067191943,0.6197546917514648,66.46095403119959,41.32491490535755,0.3672,0.14393795504703602,0.094666027488096,0.6576863444889413,beta_power,1154.1975068054157,0.0,1.5125794419627033e-09,1.5126077282553866e-09,16.85522239622464,25.157048352574087,0.13241134045055641,-0.01131312111136526,0.0,0.0,0.0,True,False,False,11.236814930816427,16.85522239622464,0.08853852105975331,0.05924551015089214,0.0,0.0,0.0,True,False,False,8.42761119811232,11.236814930816427,0.061976964741827296,0.10196323570424679,0.21379999999999993,0.25694999999999996,0.5292500000000001,False,True,False,5.618407465408214,8.42761119811232,0.044269260529876654,0.13044171940648322,0.5221999999999999,0.17845,0.29935000000000006,False,True,False
state_transition__PeMS::D7_I10_E::L10E-221__2025-10-01__188,D7_I10_E,L10E-221,2025-10-01,AM,PeMS,1485.9130434782603,1.1123881742233046,1.0490717762739064,69.76447644752635,42.17916839676394,0.115,0.05878219870602,0.038660249387982,0.6576863444889413,beta_power,1331.601632877172,1.5301950301949728e-16,1.5125335466598797e-09,1.5126077282553866e-09,18.49760416651924,27.60836442764065,0.15192155705075572,-0.186595071861274,0.0,0.0,0.0,True,False,False,12.331736111012825,18.49760416651924,0.10158427467465703,-0.10333704937666642,0.0,0.0,0.0,True,False,False,9.24880208325962,12.331736111012825,0.07110899227225992,-0.052930836968816654,0.0,0.0,0.0,True,False,False,6.1658680555064125,9.24880208325962,0.05079213733732851,-0.019326695363583477,0.0,0.0,0.0,True,False,False
state_transition__PeMS::D7_I10_E::L10E-304__2025-10-01__194,D7_I10_E,L10E-304,2025-10-01,AM,PeMS,1558.423913043478,1.0912466121434663,1.0294557477291346,67.86650512480273,42.62989216283624,0.1802,0.09362505716041801,0.061575921596400005,0.6576863444889413,beta_power,1420.8493128760872,1.4589976035415766e-16,1.512551008221946e-09,1.5126077282553866e-09,16.922663187776244,25.257706250412305,0.13070876619558583,-0.11377539400465975,0.0,0.0,0.0,True,False,False,11.281775458517496,16.922663187776244,0.08740007320463324,-0.04482824247089802,0.0,0.0,0.0,True,False,False,8.461331593888122,11.281775458517496,0.06118005124324327,-0.003086141692927838,0.0,0.0,0.0,True,False,False,5.640887729258748,8.461331593888122,0.04370003660231662,0.02474192549238565,0.0,0.0,0.0,True,False,False
state_transition__PeMS::D7_I10_E::L10E-326__2025-10-01__200,D7_I10_E,L10E-326,2025-10-01,PM,PeMS,5053.809523809523,4.713980951869549,4.266959695918658,68.11886697127713,29.29138185353917,0.5114,0.577943065639968,0.360246522715824,0.6233252791378618,beta_power,1065.3066112387714,0.0,1.742231505249871e-10,1.7422509768025127e-10,26.036158420550365,38.859937941119945,0.3082543216630077,-0.11976820840626082,0.0,0.0,0.0,True,False,False,17.357438947033575,26.036158420550365,0.20611815919582344,0.1177555690258453,0.0,0.0,0.0,True,False,False,13.018079210275182,17.357438947033575,0.1442827114370764,0.2615576150013071,0.13369999999999999,0.18224999999999994,0.6840500000000002,False,False,False,8.678719473516788,13.018079210275182,0.10305907959791172,0.3574256456516149,0.30020000000000013,0.13604999999999992,0.5637500000000001,False,False,False
state_transition__PeMS::D7_I10_W::L10W-001__2025-10-01__207,D7_I10_W,L10W-001,2025-10-01,AM,PeMS,1924.7274725274724,1.769841788046976,1.657474631751554,66.51032340696449,35.86924215818762,0.0746,0.04531493452515,0.03363032026836,0.7421465046958853,flat_top_power,1084.8424702043808,0.0,3.231720952457926e-09,3.231809296695702e-09,20.546683442179816,30.666691704745993,0.19661524062703187,-0.3070838552178443,0.0,0.0,0.0,True,False,False,13.697788961453211,20.546683442179816,0.13146927267476183,-0.18628734164622454,0.0,0.0,0.0,True,False,False,10.273341721089908,13.697788961453211,0.09202849087233328,-0.11315451264653914,0.0,0.0,0.0,True,False,False,6.848894480726606,10.273341721089908,0.06573463633738091,-0.06439929331341551,0.0,0.0,0.0,True,False,False
state_transition__PeMS::D7_I10_W::L10W-124__2025-10-01__215,D7_I10_W,L10W-124,2025-10-01,AM,PeMS,1583.2521739130434,1.4066775485067908,1.3182975271404611,72.37630434782609,38.3178794038626,0.0087,0.004289350000001016,0.0031833261099180497,0.7421465046958853,flat_top_power,1125.1967471103935,0.0,3.231809302572992e-09,3.231809296695702e-09,22.838217430424162,34.08689168720024,0.22322908648298237,-0.41523322253220707,0.0,0.0,0.0,True,False,False,15.225478286949441,22.838217430424162,0.1492649580275431,-0.27552689339299724,0.0,0.0,0.0,True,False,False,11.419108715212081,15.225478286949441,0.10448547061928018,-0.19094565195630703,0.0,0.0,0.0,True,False,False,7.6127391434747205,11.419108715212081,0.07463247901377155,-0.13455815766518014,0.0,0.0,0.0,True,False,False
state_transition__PeMS::D7_I10_W::L10W-147__2025-10-01__216,D7_I10_W,L10W-147,2025-10-01,AM,PeMS,2601.427536231884,3.079904799961978,2.8794564854171827,68.95120686925475,31.791737933100546,0.2206,0.174394881250068,0.129426551556588,0.7421465046958853,flat_top_power,840.0569845737435,0.0,3.2317790388383882e-09,3.231809296695702e-09,24.917653489827558,37.19052759675755,0.27892997702760197,-0.380581861696067,0.0,0.0,0.0,True,False,False,16.611768993218373,24.917653489827558,0.18651006447953428,-0.18013781795269423,0.0,0.0,0.0,True,False,False,12.458826744913779,16.611768993218373,0.13055704513567398,-0.058784646891194454,0.0,0.0,0.0,True,False,False,8.305884496609186,12.458826744913779,0.09325503223976714,0.022117467149805434,0.0,0.0,0.0,True,False,False
state_transition__PeMS::D7_I10_W::L10W-147__2025-10-01__217,D7_I10_W,L10W-147,2025-10-01,PM,PeMS,493.731884057971,0.5662293786177389,0.5464997413178933,68.95120686925475,42.92903254774207,0.2206,0.087207992708454,0.06590284721998799,0.7556973297196432,flat_top_power,858.117269841508,0.0,3.411057025693225e-09,3.4110692366317485e-09,17.449429213033543,26.043924198557526,0.1367865378640971,-0.10334108053374938,0.0,0.0,0.0,True,False,False,11.632952808689028,17.449429213033543,0.09146405226441626,-0.03054558771808886,0.0,0.0,0.0,True,False,False,8.724714606516772,11.632952808689028,0.06402483658509138,0.013526382329946633,0.0,0.0,0.0,True,False,False,5.816476404344514,8.724714606516772,0.04573202613220813,0.04290769569530359,0.0,0.0,0.0,True,False,False
state_transition__PeMS::D7_I10_W::L10W-302__2025-10-01__230,D7_I10_W,L10W-302,2025-10-01,AM,PeMS,1839.0108695652173,1.1427147160542706,1.071603202351093,69.63500000000002,43.72993375135461,0.4461,0.20430418290344401,0.151623635236536,0.7421465046958853,flat_top_power,1581.7304829277127,0.0,3.231783915657571e-09,3.2318094462919094e-09,17.370901223691668,25.92671824431592,0.13422700518505726,0.013957939538665788,0.0,0.0,0.0,True,False,False,11.580600815794446,17.370901223691668,0.0897525882973936,0.08477844518090279,0.0,0.0,0.0,True,False,False,8.685450611845834,11.580600815794446,0.06282681180817551,0.12765471516310056,0.16880000000000003,0.11984999999999997,0.7113500000000001,False,False,False,5.790300407897223,8.685450611845834,0.0448762941486968,0.15623889515123238,0.3126,0.08255,0.60485,False,True,False
state_transition__PeMS::D7_I10_W::L10W-302__2025-10-01__231,D7_I10_W,L10W-302,2025-10-01,AM,PeMS,1307.0,0.8112823920176925,0.7615971219376251,69.63500000000002,44.00665033999736,0.4461,0.16976539173534,0.125990792094708,0.7421465046958853,flat_top_power,1578.6869838110583,0.0,3.2317909968216755e-09,3.231809296695702e-09,17.185346148011384,25.64977037016624,0.13137470906091425,0.015966593264319054,0.0,0.0,0.0,True,False,False,11.456897432007588,17.185346148011384,0.0878453643421283,0.08484631703501594,0.0,0.0,0.0,True,False,False,8.592673074005692,11.456897432007588,0.0614917550394898,0.12654759558293782,0.23370000000000005,0.14464999999999986,0.62165,False,True,False,5.728448716003794,8.592673074005692,0.04392268217106415,0.1543484479482191,0.4667,0.09874999999999998,0.43455000000000005,False,True,False
state_transition__PeMS::D7_I10_W::L10W-371__2025-10-01__234,D7_I10_W,L10W-371,2025-10-01,AM,PeMS,2097.582608695652,1.9254558237102692,1.802741922858765,68.14187484852394,36.30314641171585,0.1417,0.08792940840489,0.06525650310766799,0.7421465046958853,flat_top_power,1084.622453065891,0.0,3.2318386081287856e-09,3.2318094462919094e-09,21.34977774058603,31.865339911322433,0.20720270311247135,-0.27949895146987824,0.0,0.0,0.0,True,False,False,14.233185160390688,21.34977774058603,0.13854871365803975,-0.1506337698076629,0.0,0.0,0.0,True,False,False,10.674888870293016,14.233185160390688,0.09698409956062781,-0.0726159941627675,0.0,0.0,0.0,True,False,False,7.116592580195344,10.674888870293016,0.06927435682901988,-0.020604143732837234,0.0,0.0,0.0,True,False,False
state_transition__PeMS::D7_I10_W::L10W-371__2025-10-01__235,D7_I10_W,L10W-371,2025-10-01,AM,PeMS,1055.6,0.9669294901754234,0.9072226122970414,68.14187484852394,36.87463791968907,0.1417,0.060591127975872,0.044967493842876,0.7421465046958853,flat_top_power,1085.1400028680328,0.0,3.231843225567002e-09,3.2318094462919094e-09,20.96655839499951,31.293370738805237,0.19983106199909473,-0.2634786112311899,0.0,0.0,0.0,True,False,False,13.97770559666634,20.96655839499951,0.13361957239460426,-0.14112418844363786,0.0,0.0,0.0,True,False,False,10.483279197499755,13.97770559666634,0.09353370067622299,-0.06704816741864403,0.0,0.0,0.0,True,False,False,6.98885279833317,10.483279197499755,0.06680978619730213,-0.017664153401981457,0.0,0.0,0.0,True,False,False
state_transition__PeMS::D7_I210_E::L210E-042__2025-10-01__244,D7_I210_E,L210E-042,2025-10-01,AM,PeMS,1371.4347826086955,1.2601638408872249,1.1571805413321608,65.41347826086957,31.43909423741433,0.0466,0.024510617322372,0.017677989649032,0.7212380421318988,flat_top_power,1086.4732163197325,0.0,2.9894205517034937e-09,2.989408448096866e-09,22.781862950768144,34.00278052353454,0.2457729068639838,-0.46517488798719037,0.0,0.0,0.0,True,False,False,15.18790863384543,22.781862950768144,0.16433916926034844,-0.2957404893938148,0.0,0.0,0.0,True,False,False,11.390931475384072,15.18790863384543,0.1150374184822439,-0.19316123000445182,0.0,0.0,0.0,True,False,False,7.593954316922715,11.390931475384072,0.08216958463017422,-0.1247750570782099,0.0,0.0,0.0,True,False,False
state_transition__PeMS::D7_I210_E::L210E-042__2025-10-01__245,D7_I210_E,L210E-042,2025-10-01,MD,PeMS,2935.010869565217,2.8046875101739777,2.4764848536208617,65.41347826086957,25.06988262629189,0.0466,0.023132448216684,0.017064439031076,0.73768409081611,flat_top_power,1045.6571957835843,1.549388983877354e-16,3.1768730879258995e-09,3.17683105597994e-09,27.05280148872241,40.377315654809564,0.3465612709537199,-0.8354786744524222,0.0,0.0,0.0,True,False,False,18.035200992481606,27.05280148872241,0.2317325863662598,-0.5358624466880131,0.0,0.0,0.0,True,False,False,13.526400744361204,18.035200992481606,0.16221281045638186,-0.35446828469811503,0.0,0.0,0.0,True,False,False,9.017600496240803,13.526400744361204,0.1158662931831299,-0.2335388433715162,0.0,0.0,0.0,True,False,False
state_transition__PeMS::D7_I210_E::L210E-046__2025-10-01__246,D7_I210_E,L210E-046,2025-10-01,AM,PeMS,938.225,0.7707494602174279,0.7120711900425016,66.361,34.68815386558913,0.3281,0.126082127736918,0.090935226956802,0.7212380421318988,flat_top_power,1200.1157427138517,1.211722536935341e-16,2.9894445000687095e-09,2.989408448096866e-09,21.238543703890556,31.69931896103068,0.21055197817877772,-0.13193799743005047,0.0,0.0,0.0,True,False,False,14.159029135927037,21.238543703890556,0.14078824888201702,0.0015251686352649695,0.0,0.0,0.0,True,False,False,10.619271851945278,14.159029135927037,0.09855177421741193,0.08232666375312161,0.0,0.0,0.0,True,False,False,7.0795145679635185,10.619271851945278,0.07039412444100851,0.13619432716502602,0.72915,0.27085000000000004,0.0,False,True,True
state_transition__PeMS::D7_I210_E::L210E-065__2025-10-01__247,D7_I210_E,L210E-065,2025-10-01,AM,PeMS,2702.607142857142,2.377442994256492,2.16611041476184,64.15332200754574,30.496416813178172,0.1031,0.08140007299772399,0.058708829278272,0.7212380421318988,flat_top_power,1133.4138433748635,1.6826246910814953e-16,2.989406771869196e-09,2.989408448096866e-09,22.568974347135118,33.68503633900764,0.24593892740318676,-0.41094741858701145,0.0,0.0,0.0,True,False,False,15.04598289809008,22.568974347135118,0.16445018099813888,-0.23952486031927298,0.0,0.0,0.0,True,False,False,11.284487173567559,15.04598289809008,0.1151151266986972,-0.13574192594633486,0.0,0.0,0.0,True,False,False,7.52299144904504,11.284487173567559,0.08222509049906944,-0.06655330303104286,0.0,0.0,0.0,True,False,False
state_transition__PeMS::D7_I210_E::L210E-070__2025-10-01__248,D7_I210_E,L210E-070,2025-10-01,AM,PeMS,3473.8977272727266,2.378898104100156,2.167419805814274,64.50486756988954,34.60745479102667,0.6742,0.529594448839452,0.381963663404886,0.7212380421318988,flat_top_power,1432.2599135235346,1.309040698913941e-16,2.9894020917086892e-09,2.989408448096866e-09,20.048009112994286,29.9224016611855,0.19300688122829002,0.1820199327508086,0.0,0.0,0.0,True,False,False,13.365339408662857,20.048009112994286,0.1290564974280981,0.30121711332892454,0.1752,0.1023499999999999,0.7224500000000001,False,False,False,10.024004556497143,13.365339408662857,0.0903395481996687,0.3733816714500127,0.3064,0.06974999999999998,0.6238500000000001,False,False,False,6.6826697043314285,10.024004556497143,0.06452824871404905,0.42149137686407157,0.41000000000000003,0.04894999999999994,0.54105,False,True,False
state_transition__PeMS::D7_I210_E::L210E-128__2025-10-01__249,D7_I210_E,L210E-128,2025-10-01,PM,PeMS,4430.823529411764,4.8803175600603135,4.365760819500726,63.13814774004796,24.162092613166404,0.2193,0.190474486108344,0.12221943606396,0.6416577808454678,beta_power,905.9744733759364,0.0,5.806592082594826e-10,5.806666791463717e-10,26.1357835258817,39.00863212818164,0.33512126802155506,-0.5395360522589031,0.0,0.0,0.0,True,False,False,17.423855683921133,26.1357835258817,0.22408308340762667,-0.24938132861047885,0.0,0.0,0.0,True,False,False,13.06789176294085,17.423855683921133,0.15685815838533868,-0.07371536640164361,0.0,0.0,0.0,True,False,False,8.711927841960566,13.06789176294085,0.11204154170381334,0.04339527507091323,0.0,0.0,0.0,True,False,False
state_transition__PeMS::D7_I210_E::L210E-304__2025-10-01__259,D7_I210_E,L210E-304,2025-10-01,MD,PeMS,4261.843478260869,3.2606915347906917,2.9111926613743324,70.65198969380688,31.06042137889868,0.0354,0.018987947522706,0.014007106804752,0.73768409081611,flat_top_power,1306.3232142527938,0.0,3.176874840595675e-09,3.17683105597994e-09,26.548522049244845,39.6246597749923,0.3090146576389552,-0.6645841944565101,0.0,0.0,0.0,True,False,False,17.699014699496562,26.548522049244845,0.2066265674831337,-0.4316857993506366,0.0,0.0,0.0,True,False,False,13.274261024622422,17.699014699496562,0.14463859723819358,-0.2906840601449721,0.0,0.0,0.0,True,False,False,8.849507349748281,13.274261024622422,0.10331328374156686,-0.19668290067452915,0.0,0.0,0.0,True,False,False
state_transition__PeMS::D7_I210_E::L210E-314__2025-10-01__260,D7_I210_E,L210E-314,2025-10-01,PM,PeMS,5237.458333333333,6.266084267713913,5.4936432111823486,67.08846341321176,21.118359925966864,0.1964,0.347283448834974,0.222837127103808,0.6416577808454678,beta_power,833.3294938112895,1.7365192119706822e-16,5.806575935388062e-10,5.806666791463717e-10,30.825712594406934,46.008526260308855,0.43873389102189064,-1.0114135142336904,0.0,0.0,0.0,True,False,False,20.550475062937956,30.825712594406934,0.2933649770306055,-0.5496079051849019,0.0,0.0,0.0,True,False,False,15.412856297203467,20.550475062937956,0.20535548392142386,-0.2700207744053641,0.0,0.0,0.0,True,False,False,10.275237531468978,15.412856297203467,0.14668248851530274,-0.08362935388567236,0.0,0.0,0.0,True,False,False
state_transition__PeMS::D7_I210_W::L210W-001__2025-10-01__262,D7_I210_W,L210W-001,2025-10-01,AM,PeMS,2950.927272727273,2.681962890395926,2.3920147022774607,70.21932136592828,27.8881259523493,0.2442,0.281830920784992,0.148639757295918,0.5274075565658645,beta_power,1094.3165082449077,0.0,2.7309335050274638e-14,1.1577814082145776e-14,28.38560639652952,42.36657671123809,0.355436892915425,-0.5782277466667953,0.0,0.0,0.0,True,False,False,18.923737597686348,28.38560639652952,0.2376673834863621,-0.28169670532550894,0.0,0.0,0.0,True,False,False,14.19280319826476,18.923737597686348,0.16636716844045352,-0.10217038210382648,0.0,0.0,0.0,True,False,False,9.461868798843174,14.19280319826476,0.11883369174318105,0.01751383337729527,0.0,0.0,0.0,True,False,False
state_transition__PeMS::D7_I210_W::L210W-028__2025-10-01__265,D7_I210_W,L210W-028,2025-10-01,AM,PeMS,879.8260869565217,1.012596406436266,0.8906470615160893,66.03847826086957,21.91250143566042,0.0304,0.017596818307164,0.009280694946714,0.5274075565658645,beta_power,868.1016857525638,0.0,1.0198681262710548e-13,1.1577814082145776e-14,29.58911501991225,44.162858238675,0.4106668753992946,-1.1820213500736687,0.0,0.0,0.0,True,False,False,19.7260766799415,29.58911501991225,0.2745976112949375,-0.7719446107332393,0.0,0.0,0.0,True,False,False,14.794557509956125,19.7260766799415,0.1922183279064562,-0.5236752595060514,0.0,0.0,0.0,True,False,False,9.86303833997075,14.794557509956125,0.13729880564746874,-0.35816235868792634,0.0,0.0,0.0,True,False,False
state_transition__PeMS::D7_I210_W::L210W-141__2025-10-01__272,D7_I210_W,L210W-141,2025-10-01,AM,PeMS,2271.98,2.1988652735618053,1.9555897733553729,68.06837884513781,26.14521034931236,0.5822,0.594681488473338,0.313639510770672,0.5274075565658645,beta_power,1018.8227906665828,0.0,1.9413623576050915e-14,1.1367308371561309e-14,28.111999866560716,41.95820875606077,0.35963409300852317,-0.11341143530838216,0.0,0.0,0.0,True,False,False,18.74133324437381,28.111999866560716,0.24047389452665718,0.19681905911710246,0.0,0.0,0.0,True,False,False,14.055999933280358,18.74133324437381,0.16833172616866005,0.3846393283325313,0.24019999999999994,0.32344999999999996,0.43635,False,True,False,9.370666622186905,14.055999933280358,0.12023694726332859,0.5098528411428171,0.46620000000000006,0.2656499999999999,0.26814999999999994,False,True,False
state_transition__PeMS::D7_I210_W::L210W-143__2025-10-01__273,D7_I210_W,L210W-143,2025-10-01,AM,PeMS,1666.4636363636364,1.6681640048668036,1.477762120234783,67.65721221283277,25.052296003587323,0.0696,0.057797362570469996,0.03048276576924,0.5274075565658645,beta_power,997.1935872831209,0.0,1.0798356752088311e-13,1.1577814082145776e-14,28.56915261327163,42.64052628846512,0.37368304916159917,-0.9042146858811085,0.0,0.0,0.0,True,False,False,19.046101742181087,28.56915261327163,0.24986790712402335,-0.569834661838651,0.0,0.0,0.0,True,False,False,14.284576306635815,19.046101742181087,0.17490753498681635,-0.36739374366836774,0.0,0.0,0.0,True,False,False,9.523050871090543,14.284576306635815,0.12493395356201167,-0.23243313155484568,0.0,0.0,0.0,True,False,False
state_transition__PeMS::D7_I210_W::L210W-143__2025-10-01__274,D7_I210_W,L210W-143,2025-10-01,AM,PeMS,2824.8,2.806746712416908,2.5049346089231617,67.65721221283277,26.11920411502117,0.0696,0.086343871867848,0.045538410486258,0.5274075565658645,beta_power,1004.8335144412254,0.0,7.142556103134173e-15,1.1577814082145776e-14,27.85372671006855,41.57272643293813,0.35520191646195287,-0.8219287472532595,0.0,0.0,0.0,True,False,False,18.5691511400457,27.85372671006855,0.23751026350250343,-0.5170691847301736,0.0,0.0,0.0,True,False,False,13.926863355034275,18.5691511400457,0.16625718445175242,-0.3325005941664981,0.0,0.0,0.0,True,False,False,9.28457557002285,13.926863355034275,0.11875513175125171,-0.20945486712404765,0.0,0.0,0.0,True,False,False
state_transition__PeMS::D7_I405_S::L405S-061__2025-10-01__312,D7_I405_S,L405S-061,2025-10-01,PM,PeMS,5994.444444444445,5.328184371063546,4.657984515609685,66.95070852378527,25.295238941382262,0.2243,0.26683828724078995,0.196195415787168,0.7352596129135058,flat_top_power,1119.828482271354,0.0,3.1477477290354454e-09,3.1477377585013717e-09,27.932491683176156,41.690286094292766,0.36098317278218583,-0.6244165216273018,0.0,0.0,0.0,True,False,False,18.621661122117438,27.932491683176156,0.24137597381643167,-0.3078436387278998,0.0,0.0,0.0,True,False,False,13.966245841588078,18.621661122117438,0.16896318167150212,-0.11618354998458708,0.0,0.0,0.0,True,False,False,9.310830561058719,13.966245841588078,0.12068798690821583,0.01158984251095457,0.0,0.0,0.0,True,False,False
state_transition__PeMS::D7_I405_S::L405S-073__2025-10-01__314,D7_I405_S,L405S-073,2025-10-01,PM,PeMS,9389.377777777778,8.51963738939463,7.250895855488779,69.0090397161734,22.615020609819865,0.243,0.35488622120352004,0.260933505630438,0.7352596129135058,flat_top_power,1097.83660817172,0.0,3.147741867438294e-09,3.1477379094987886e-09,31.10997345195643,46.432796196949894,0.4344262664049931,-0.8922108022901828,0.0,0.0,0.0,True,False,False,20.739982301304288,31.10997345195643,0.2904846292328796,-0.452977324337561,0.0,0.0,0.0,True,False,False,15.554986725978216,20.739982301304288,0.20333924046301574,-0.1870558512397388,0.0,0.0,0.0,True,False,False,10.369991150652144,15.554986725978216,0.1452423146164398,-0.00977486917452395,0.0,0.0,0.0,True,False,False
state_transition__PeMS::D7_I405_S::L405S-087__2025-10-01__316,D7_I405_S,L405S-087,2025-10-01,PM,PeMS,10256.176470588236,8.67444967363217,7.3750603612793855,69.4853321127462,23.6607637419456,0.5872,0.859416015875652,0.631893887164398,0.7352596129135058,flat_top_power,1171.4988169104586,1.7735550950807007e-16,3.147735914012758e-09,3.1477377585013717e-09,30.728122566724053,45.86286950257321,0.42092206680541777,-0.25413029138134635,0.0,0.0,0.0,True,False,False,20.485415044482703,30.728122566724053,0.28145487500961064,0.15544753317482984,0.0,0.0,0.0,True,False,False,15.364061283362027,20.485415044482703,0.19701841250672744,0.40341483057179184,0.11460000000000001,0.08944999999999997,0.7959500000000002,False,False,False,10.242707522241352,15.364061283362027,0.14072743750480532,0.5687263621697666,0.2608000000000001,0.06234999999999995,0.6768500000000001,False,False,False
state_transition__PeMS::D7_I405_S::L405S-234__2025-10-01__318,D7_I405_S,L405S-234,2025-10-01,PM,PeMS,5881.705263157896,5.202828110660726,4.554588285193421,66.41896528186905,25.44349290656738,0.2355,0.279053879575716,0.20517704747885399,0.7352596129135058,flat_top_power,1124.869119157672,0.0,3.147742555175919e-09,3.1477377585013717e-09,27.476512755982288,41.009720531316844,0.3520901683531444,-0.57650593166576,0.0,0.0,0.0,True,False,False,18.31767517065486,27.476512755982288,0.2354295536892283,-0.27196923367473314,0.0,0.0,0.0,True,False,False,13.738256377991144,18.31767517065486,0.1648006875824598,-0.08759611230064747,0.0,0.0,0.0,True,False,False,9.15883758532743,13.738256377991144,0.11771477684461415,0.035319301948742915,0.0,0.0,0.0,True,False,False
state_transition__PeMS::D7_I405_S::L405S-336__2025-10-01__319,D7_I405_S,L405S-336,2025-10-01,AM,PeMS,3382.715789473684,2.4864277940172923,2.270436413648257,70.035845536502,35.30359606287071,0.0112,0.00869146149165,0.006390480612,0.7352596129135058,flat_top_power,1360.0319025415547,2.6886524271506605e-16,3.147233752311635e-09,3.1477377585013717e-09,23.290057207038192,34.76127941348984,0.23990732773299114,-0.4664922400211828,0.0,0.0,0.0,True,False,False,15.526704804692129,23.290057207038192,0.16041707543024356,-0.3087981903266852,0.0,0.0,0.0,True,False,False,11.645028603519096,15.526704804692129,0.1122919528011705,-0.2133267927706792,0.0,0.0,0.0,True,False,False,7.763352402346064,11.645028603519096,0.08020853771512178,-0.1496791944000085,0.0,0.0,0.0,True,False,False
state_transition__PeMS::D7_I405_S::L405S-425__2025-10-01__325,D7_I405_S,L405S-425,2025-10-01,MD,PeMS,8300.026315789473,7.273552663116188,6.246567646285458,67.75849259270203,23.82115027982809,0.051,0.070074341122368,0.051522832928796,0.7352596129135058,flat_top_power,1140.1063527854517,0.0,3.1476356181577352e-09,3.147738060496206e-09,29.462624261320748,43.97406606167276,0.3968276247969305,-1.0454664798651023,0.0,0.0,0.0,True,False,False,19.641749507547164,29.462624261320748,0.26534382097199943,-0.6714650465642008,0.0,0.0,0.0,True,False,False,14.731312130660374,19.641749507547164,0.18574067468039962,-0.44503646796937785,0.0,0.0,0.0,True,False,False,9.820874753773582,14.731312130660374,0.13267191048599972,-0.29408408223949584,0.0,0.0,0.0,True,False,False
