sensor,date,period,holdout,eligible,P_h,Tf_h,wt2_local_min,wbar_local_min,corridor_peak_delay_min,corridor_Tff_min,P_key,w_key,episode_id,vq_mph,vf_mph,L_mi,wt2_h,Tf_h_ep,physical_observed_pass,calibration_eligible,D_veh,x_h,vq_valid,link_allow_min,corr_allow_min,link_admitted,corr_admitted
137,2016-01-04,PM,False,True,4.416666666666667,0.0174584826120149,27.0357968284028,4.322689192081458,36.31734750115308,3.865159571629759,4.416667,27.036,state_transition__AZ_I10_W::137__2016-01-04__002,25.170321413744286,74.17597673172146,1.2949999999999875,0.4505966138067133,0.0174584826120149,False,True,4261.5,3.908233377287748,True,2.0394599668293205,7.078681608307863,False,False
137,2016-01-05,PM,False,True,4.916666666666667,0.0174584826120149,18.240512769979883,5.11107094579752,36.37832866646088,3.865159571629759,4.916667,18.241,state_transition__AZ_I10_W::137__2016-01-05__003,15.645929533357256,74.17597673172146,1.2949999999999875,0.3040085461663314,0.0174584826120149,False,True,4289.0,3.933453702965424,True,3.9186389371669126,13.740697556431405,False,False
137,2016-01-06,PM,False,True,4.0,0.0174584826120149,5.642211517892719,2.349489535655616,20.8865073837462,3.865159571629759,4.0,5.642,state_transition__AZ_I10_W::137__2016-01-06__005,33.60609227073218,74.17597673172146,1.2949999999999875,0.0940368586315453,0.0174584826120149,False,True,4036.0,3.7014267067308113,True,1.264571822384407,4.3315685031753235,False,False
137,2016-01-07,AM,False,True,0.5833333333333334,0.0174584826120149,0.8557513385393759,0.424788679171326,2.5811280267613927,3.865159571629759,0.583333,0.856,state_transition__AZ_I10_W::137__2016-01-07__006,14.67801468649492,74.17597673172146,1.2949999999999875,0.0142625223089896,0.0174584826120149,True,True,500.5,0.4590099273336895,True,4.246122481833946,14.901683620961416,True,True
137,2016-01-07,PM,False,True,3.75,0.0174584826120149,15.80925574916129,4.95192892598763,26.3393855765108,3.865159571629759,3.75,15.809,state_transition__AZ_I10_W::137__2016-01-07__008,24.297570154371964,74.17597673172146,1.2949999999999875,0.2634875958193548,0.0174584826120149,False,True,3595.75,3.2976722202000284,True,2.150341672224331,7.47177651909435,False,False
137,2016-01-08,PM,False,True,4.833333333333333,0.0174584826120149,7.65311195915244,2.9511643550740203,21.31758327201469,3.865159571629759,4.833333,7.653,state_transition__AZ_I10_W::137__2016-01-08__009,35.60571024889371,74.17597673172146,1.2949999999999875,0.127551865985874,0.0174584826120149,False,True,4914.5,4.507101474288546,True,1.1347252820249332,3.8712399573912704,False,False
137,2016-01-11,PM,False,True,3.083333333333333,0.0174584826120149,9.715526757564708,2.744038830482082,15.0000430549831,3.865159571629759,3.083333,9.716,state_transition__AZ_I10_W::137__2016-01-11__011,21.366465998084905,74.17597673172146,1.2949999999999875,0.1619254459594118,0.0174584826120149,False,True,2885.5,2.6462999906520706,True,2.589030656660348,9.027005189013869,False,False
137,2016-01-12,PM,False,True,5.083333333333333,0.0174584826120149,14.628806832752634,3.5619394053564544,39.74383905125622,3.865159571629759,5.083333,14.629,state_transition__AZ_I10_W::137__2016-01-12__012,14.02260983955047,74.17597673172146,1.2949999999999875,0.2438134472125439,0.0174584826120149,False,True,4308.0,3.9508786552518176,True,4.493542308989145,15.778829896227467,False,False
137,2016-01-13,PM,False,True,5.0,0.0174584826120149,8.093373077911044,2.762171864048724,26.31750278905736,3.865159571629759,5.0,8.093,state_transition__AZ_I10_W::137__2016-01-13__013,21.02257817173437,74.17597673172146,1.2949999999999875,0.1348895512985174,0.0174584826120149,False,True,4664.0,4.277367234933722,True,2.648517256870246,9.23789552226765,False,False
137,2016-01-14,PM,False,True,5.166666666666667,0.0174584826120149,17.88604066159953,4.089496686245898,38.244024107008784,3.865159571629759,5.166667,17.886,state_transition__AZ_I10_W::137__2016-01-14__014,12.536198327251972,74.17597673172146,1.2949999999999875,0.2981006776933255,0.0174584826120149,False,True,4240.5,3.8889742194975234,True,5.150542316214863,18.108009072423062,False,False
137,2016-01-15,PM,False,True,5.75,0.0174584826120149,11.13951333627261,3.610585493000532,27.2202014095352,3.865159571629759,5.75,11.14,state_transition__AZ_I10_W::137__2016-01-15__015,18.329752960479684,74.17597673172146,1.2949999999999875,0.1856585556045435,0.0174584826120149,False,True,5209.25,4.777417510415629,True,3.1915007106503004,11.162866206672481,False,False
137,2016-01-18,PM,False,True,2.0,0.0174584826120149,6.080320261386024,1.080167338766832,8.418396988610242,3.865159571629759,2.0,6.08,state_transition__AZ_I10_W::137__2016-01-18__016,-692.2170341246576,74.17597673172146,1.2949999999999875,0.1013386710231004,0.0174584826120149,False,True,2355.0,2.159776980760917,False,-1.1597569890136248,-4.263098348661348,False,False
137,2016-01-19,PM,False,True,4.583333333333333,0.0174584826120149,11.140276653390792,2.842347184269894,27.045776403711788,3.865159571629759,4.583333,11.14,state_transition__AZ_I10_W::137__2016-01-19__017,18.33366916435953,74.17597673172146,1.2949999999999875,0.1856712775565132,0.0174584826120149,False,True,4152.5,3.8082691773289623,True,3.1905952276312037,11.159656112046479,False,False
137,2016-01-20,PM,False,True,4.75,0.0174584826120149,7.89101145144228,2.7307542116261283,29.63962583132288,3.865159571629759,4.75,7.891,state_transition__AZ_I10_W::137__2016-01-20__018,19.239519810137125,74.17597673172146,1.2949999999999875,0.131516857524038,0.0174584826120149,False,True,4349.5,3.988938419456309,True,2.9910533757474944,10.452245577684995,False,False
137,2016-01-21,PM,False,True,5.0,0.0174584826120149,11.452056260670282,2.634459956069874,26.99200043963197,3.865159571629759,5.0,11.452,state_transition__AZ_I10_W::137__2016-01-21__019,26.47912462228838,74.17597673172146,1.2949999999999875,0.1908676043445047,0.0174584826120149,False,True,4866.25,4.462851266508625,True,1.886878078664572,6.537752304397156,False,False
137,2016-01-22,MD,False,True,4.5,0.0174584826120149,9.114348966776268,2.089923447956826,16.780048599524395,3.865159571629759,4.5,9.114,state_transition__AZ_I10_W::137__2016-01-22__020,40.76550737033862,74.17597673172146,1.2949999999999875,0.1519058161129378,0.0174584826120149,False,True,4652.0,4.266362001910737,True,0.8585141744062391,2.892023590536104,False,False
137,2016-01-25,PM,False,True,4.25,0.0174584826120149,9.589777614575718,2.788348743471108,31.3714333451661,3.865159571629759,4.25,9.59,state_transition__AZ_I10_W::137__2016-01-25__021,14.412683158020732,74.17597673172146,1.2949999999999875,0.1598296269095953,0.0174584826120149,False,True,3628.75,3.327936611013239,True,4.343576044461465,15.247173432562152,False,False
137,2016-01-26,PM,False,True,5.083333333333333,0.0174584826120149,9.299366043279,2.564336639636016,21.460710826346432,3.865159571629759,5.083333,9.299,state_transition__AZ_I10_W::137__2016-01-26__022,14.070121862688088,74.17597673172146,1.2949999999999875,0.15498943405465,0.0174584826120149,False,True,4312.0,3.95454706625948,True,4.474831273042733,15.712496022845245,False,False
137,2016-01-27,PM,False,True,4.75,0.0174584826120149,7.70915770994568,2.3129980047632337,24.29688591845336,3.865159571629759,4.75,7.709,state_transition__AZ_I10_W::137__2016-01-27__023,22.771122170138398,74.17597673172146,1.2949999999999875,0.128485961832428,0.0174584826120149,False,True,4500.5,4.127420934995544,True,2.364707596308424,8.231740965017194,False,False
137,2016-01-28,MD,False,True,1.9166666666666667,0.0174584826120149,6.242901600463776,2.695048059958344,9.3023291462846,3.865159571629759,1.916667,6.243,state_transition__AZ_I10_W::137__2016-01-28__024,16.060771223502666,74.17597673172146,1.2949999999999875,0.1040483600077296,0.0174584826120149,False,True,1683.0,1.5434839314737254,True,3.7903658201949373,13.28594706993075,False,True
137,2016-01-28,PM,False,True,2.75,0.0174584826120149,3.930694630557156,1.245883578342894,10.76760573785103,3.865159571629759,2.75,3.931,state_transition__AZ_I10_W::137__2016-01-28__025,61.87145624232598,74.17597673172146,1.2949999999999875,0.0655115771759526,0.0174584826120149,False,True,2959.25,2.713936318605836,True,0.20832054397291222,0.5869742026446467,False,False
137,2016-02-01,PM,False,True,3.75,0.0174584826120149,5.557575094119546,2.424109590297888,16.79447673665594,3.865159571629759,3.75,5.558,state_transition__AZ_I10_W::137__2016-02-01__028,33.52491241814951,74.17597673172146,1.2949999999999875,0.0926262515686591,0.0174584826120149,False,True,3782.5,3.468941159120241,True,1.2701704761397365,4.351416703477038,False,False
137,2016-02-02,PM,False,True,4.833333333333333,0.0174584826120149,13.742381753661467,2.794821190250856,34.35922438340286,3.865159571629759,4.833333,13.742,state_transition__AZ_I10_W::137__2016-02-02__029,17.076275133267103,74.17597673172146,1.2949999999999875,0.2290396958943578,0.0174584826120149,False,True,4307.75,3.9506493795638384,True,3.502663688871358,12.265993027531858,False,False
137,2016-02-03,PM,False,True,5.333333333333333,0.0174584826120149,7.42602045504372,3.1417346157016617,26.52826564532079,3.865159571629759,5.333333,7.426,state_transition__AZ_I10_W::137__2016-02-03__030,16.75714986697946,74.17597673172146,1.2949999999999875,0.123767007584062,0.0174584826120149,False,True,4732.0,4.339730222063974,True,3.589317748106141,12.573196723243743,False,False
137,2016-02-04,PM,False,True,5.0,0.0174584826120149,9.40181168918442,2.476563365906496,27.12061455453105,3.865159571629759,5.0,9.402,state_transition__AZ_I10_W::137__2016-02-04__031,25.130261887894594,74.17597673172146,1.2949999999999875,0.156696861486407,0.0174584826120149,False,True,4823.0,4.423186572488281,True,2.0443808272621253,7.0961269135179075,False,False
137,2016-02-08,PM,False,True,4.666666666666667,0.0174584826120149,5.7846572736455215,1.8669135702847977,15.14479438387392,3.865159571629759,4.666667,5.785,state_transition__AZ_I10_W::137__2016-02-08__032,23.669119237804924,74.17597673172146,1.2949999999999875,0.0964109545607587,0.0174584826120149,False,True,4453.5,4.084317105655518,True,2.235249443342201,7.772789320022648,False,False
137,2016-02-09,PM,False,True,4.833333333333333,0.0174584826120149,5.681065724517648,2.059381210746264,22.53932395566375,3.865159571629759,4.833333,5.681,state_transition__AZ_I10_W::137__2016-02-09__033,16.73484766192572,74.17597673172146,1.2949999999999875,0.0946844287419608,0.0174584826120149,False,True,4287.0,3.931619497461593,True,3.5954971566110054,12.595103800035893,False,False
137,2016-02-10,PM,False,True,4.75,0.0174584826120149,8.065777206801018,2.3800138702207136,23.71538403751069,3.865159571629759,4.75,8.066,state_transition__AZ_I10_W::137__2016-02-10__034,19.14785260452845,74.17597673172146,1.2949999999999875,0.1344296201133503,0.0174584826120149,False,True,4345.0,3.9848114570726896,True,3.010387330908935,10.520787807913704,False,False
137,2016-02-11,PM,False,True,5.583333333333333,0.0174584826120149,14.39777161603437,3.324216392884128,29.57045370695015,3.865159571629759,5.583333,14.398,state_transition__AZ_I10_W::137__2016-02-11__035,11.951779301089168,74.17597673172146,1.2949999999999875,0.2399628602672395,0.0174584826120149,False,True,4516.75,4.142323854714171,True,5.453615105444341,19.182454767676003,False,False
137,2016-02-12,PM,False,True,6.666666666666667,0.0174584826120149,11.621054873066209,2.294602705904898,25.61086421281717,3.865159571629759,6.666667,11.621,state_transition__AZ_I10_W::137__2016-02-12__036,24.49607329072873,74.17597673172146,1.2949999999999875,0.1936842478844368,0.0174584826120149,False,True,6401.75,5.871062542074819,True,2.124427993247614,7.379908024745229,False,False
137,2016-02-15,MD,False,True,3.5,0.0174584826120149,5.541625269376825,2.024623878496746,13.180609476027898,3.865159571629759,3.5,5.542,state_transition__AZ_I10_W::137__2016-02-15__037,29.7151700635933,74.17597673172146,1.2949999999999875,0.0923604211562804,0.0174584826120149,False,True,3469.5,3.1818879977707013,True,1.5673170676199957,5.404852998060733,False,False
137,2016-02-16,PM,False,True,5.083333333333333,0.0174584826120149,12.85250794659201,2.533158720026508,32.33106719036927,3.865159571629759,5.083333,12.853,state_transition__AZ_I10_W::137__2016-02-16__038,12.522528992006524,74.17597673172146,1.2949999999999875,0.2142084657765335,0.0174584826120149,False,True,4170.75,3.82500630255142,True,5.157307981582642,18.131994531653547,False,False
137,2016-02-17,PM,False,True,4.583333333333333,0.0174584826120149,7.238053058782896,2.466491772929976,24.22469282397616,3.865159571629759,4.583333,7.238,state_transition__AZ_I10_W::137__2016-02-17__039,13.66452896822056,74.17597673172146,1.2949999999999875,0.1206342176463816,0.0174584826120149,False,True,3856.5,3.536806762761985,True,4.638746323699323,16.293603356871817,False,False
137,2016-02-18,PM,False,True,5.416666666666667,0.0174584826120149,12.724280516963177,2.2949453993929017,23.88856440212459,3.865159571629759,5.416667,12.724,state_transition__AZ_I10_W::137__2016-02-18__040,15.884851764114194,74.17597673172146,1.2949999999999875,0.2120713419493863,0.0174584826120149,False,True,4743.25,4.350047628023023,True,3.843943677135777,13.475889881680093,False,False
137,2016-02-19,PM,False,True,5.666666666666667,0.0174584826120149,7.416154686917322,2.442276824300328,20.266734930087317,3.865159571629759,5.666667,7.416,state_transition__AZ_I10_W::137__2016-02-19__042,23.560354329906136,74.17597673172146,1.2949999999999875,0.1236025781152887,0.0174584826120149,False,True,5403.25,4.955335444287229,True,2.2504040929725604,7.8265151860095035,False,False
137,2016-02-22,PM,False,True,4.583333333333333,0.0174584826120149,6.640268821056804,2.217221320618752,27.41225676538564,3.865159571629759,4.583333,6.64,state_transition__AZ_I10_W::137__2016-02-22__043,12.427855327698428,74.17597673172146,1.2949999999999875,0.1106711470176134,0.0174584826120149,False,True,3752.0,3.44096952518682,True,5.204575409503283,18.299565776119696,False,False
137,2016-02-23,PM,False,True,4.75,0.0174584826120149,7.591537086841188,2.0110247965911423,21.473030514148608,3.865159571629759,4.75,7.592,state_transition__AZ_I10_W::137__2016-02-23__044,20.17891181326516,74.17597673172146,1.2949999999999875,0.1265256181140198,0.0174584826120149,False,True,4393.75,4.029520216228568,True,2.803045558757038,9.785725201002991,False,False
137,2016-02-24,PM,False,True,5.416666666666667,0.0174584826120149,11.00199435453726,2.879077022042502,32.70888494067444,3.865159571629759,5.416667,11.002,state_transition__AZ_I10_W::137__2016-02-24__045,10.860354956007834,74.17597673172146,1.2949999999999875,0.183366572575621,0.0174584826120149,False,True,4250.5,3.898145247016678,True,6.1069533343128235,21.49865230337889,False,False
137,2016-02-24,NT,False,True,0.6666666666666666,0.0174584826120149,1.362501459945744,0.646757855551008,1.453013799565655,3.865159571629759,0.666667,1.363,state_transition__AZ_I10_W::137__2016-02-24__046,6.578396059407173,74.17597673172146,1.2949999999999875,0.0227083576657624,0.0174584826120149,True,True,431.0,0.3952712860755648,True,10.763880825578308,38.00826937859131,True,True
137,2016-02-25,PM,False,True,4.666666666666667,0.0174584826120149,8.535046976026061,2.222917278265104,23.56030379132081,3.865159571629759,4.666667,8.535,state_transition__AZ_I10_W::137__2016-02-25__047,17.94911110454648,74.17597673172146,1.2949999999999875,0.1422507829337677,0.0174584826120149,False,True,4207.75,3.858939104372292,True,3.2813962212250978,11.481561410571244,False,False
137,2016-02-26,PM,False,True,5.416666666666667,0.0174584826120149,8.997991043279004,3.058183832117622,26.80953145482272,3.865159571629759,5.416667,8.998,state_transition__AZ_I10_W::137__2016-02-26__048,11.626282549896304,74.17597673172146,1.2949999999999875,0.1499665173879834,0.0174584826120149,False,True,4344.5,3.984352905696732,True,5.635624681786129,19.82771033909311,False,False
137,2016-02-29,PM,False,True,4.5,0.0174584826120149,6.838507992431568,2.675037847914684,20.470313732172105,3.865159571629759,4.5,6.839,state_transition__AZ_I10_W::137__2016-02-29__049,11.708584034478047,74.17597673172146,1.2949999999999875,0.1139751332071928,0.0174584826120149,False,True,3617.25,3.317389929366211,True,5.588647880963105,19.661169418183068,False,False
137,2016-03-01,PM,False,True,4.416666666666667,0.0174584826120149,10.05045060210252,2.207709686384652,26.59482435344872,3.865159571629759,4.416667,10.05,state_transition__AZ_I10_W::137__2016-03-01__050,13.85676309141258,74.17597673172146,1.2949999999999875,0.167507510035042,0.0174584826120149,False,True,3730.75,3.421481091708616,True,4.55986121244596,16.01394193157128,False,False
137,2016-03-02,MD,False,True,0.5,0.0174584826120149,0.5809370169063061,0.342214138014258,1.711083710646884,3.865159571629759,0.5,0.581,state_transition__AZ_I10_W::137__2016-03-02__051,35.93390865699924,74.17597673172146,1.2949999999999875,0.0096822836151051,0.0174584826120149,True,True,509.0,0.466805300724971,True,1.1147940852796476,3.80058040197999,True,True
137,2016-03-02,PM,False,True,4.833333333333333,0.0174584826120149,9.458865186027282,2.51818929924021,24.819713336853457,3.865159571629759,4.833333,9.459,state_transition__AZ_I10_W::137__2016-03-02__052,10.5231180312605,74.17597673172146,1.2949999999999875,0.1576477531004547,0.0174584826120149,False,True,3753.25,3.442115903626714,True,6.336234128663086,22.311492555782028,False,False
137,2016-03-03,MD,False,True,0.75,0.0174584826120149,1.612366606005264,0.6831128074016101,14.292985858958092,3.865159571629759,0.75,1.612,state_transition__AZ_I10_W::137__2016-03-03__053,217.9354230299074,74.17597673172146,1.2949999999999875,0.0268727767667544,0.0174584826120149,False,True,855.5,0.7845814042636792,False,-0.6909813261055843,-2.601207176143326,False,False
137,2016-03-03,PM,False,True,3.6666666666666665,0.0174584826120149,6.56648435058522,2.426511420340074,22.32988308882385,3.865159571629759,3.666667,6.566,state_transition__AZ_I10_W::137__2016-03-03__054,13.816861499398987,74.17597673172146,1.2949999999999875,0.109441405843087,0.0174584826120149,False,True,3094.75,2.838203741490381,True,4.576054687119568,16.0713506128273,False,False
137,2016-03-04,MD,False,True,7.916666666666667,0.0174584826120149,8.234472426257737,2.228512842408426,25.44730620315983,3.865159571629759,7.916667,8.234,state_transition__AZ_I10_W::137__2016-03-04__055,20.820649941258768,74.17597673172146,1.2949999999999875,0.1372412071042956,0.0174584826120149,False,True,7370.25,6.759276557304946,True,2.684363017459254,9.364974971583585,False,False
137,2016-03-07,MD,False,True,0.5833333333333334,0.0174584826120149,1.843062045245772,0.506619315763554,5.56950097225238,3.865159571629759,0.583333,1.843,state_transition__AZ_I10_W::137__2016-03-07__056,22.04060860583258,74.17597673172146,1.2949999999999875,0.0307177007540962,0.0174584826120149,True,True,549.25,0.5037186864895684,True,2.477802044874473,8.63268043479846,True,True
137,2016-03-07,PM,False,True,5.333333333333333,0.0174584826120149,10.589504932167875,2.59146136515456,16.973388595470258,3.865159571629759,5.333333,10.59,state_transition__AZ_I10_W::137__2016-03-07__057,17.093258252017122,74.17597673172146,1.2949999999999875,0.1764917488694646,0.0174584826120149,False,True,4754.5,4.360365033982072,True,3.4981428350216204,12.249965815158001,False,False
137,2016-03-08,PM,False,True,5.166666666666667,0.0174584826120149,14.34013810210248,2.428406774568576,27.687220747783048,3.865159571629759,5.166667,14.34,state_transition__AZ_I10_W::137__2016-03-08__058,14.480598926901,74.17597673172146,1.2949999999999875,0.239002301701708,0.0174584826120149,False,True,4417.0,4.050842855210603,True,4.318291200595374,15.157534267937267,False,False
137,2016-03-09,NT,False,True,1.5,0.0174584826120149,9.569157709945662,3.4067648983304224,10.143436164694622,3.865159571629759,1.5,9.569,state_transition__AZ_I10_W::137__2016-03-09__061,9.07224410170118,74.17597673172146,1.2949999999999875,0.1594859618324277,0.0174584826120149,False,True,1105.5,1.0138570922425452,True,7.517075409503258,26.497780061833993,False,True
137,2016-03-11,PM,False,True,7.25,0.0174584826120149,9.38184974659119,1.68299102923986,16.894349782833675,3.865159571629759,7.25,9.382,state_transition__AZ_I10_W::137__2016-03-11__062,43.65440342245679,74.17597673172146,1.2949999999999875,0.1563641624431865,0.0174584826120149,False,True,7552.5,6.926418533841539,True,0.7323802161552707,2.4448567933699237,False,False
137,2016-03-14,PM,False,True,4.416666666666667,0.0174584826120149,9.091999733118575,2.617892447330604,27.69427552061062,3.865159571629759,4.416667,9.092,state_transition__AZ_I10_W::137__2016-03-14__063,12.545575090361988,74.17597673172146,1.2949999999999875,0.1515333288853096,0.0174584826120149,False,True,3625.75,3.325185302757492,True,5.145909793742881,18.091585975381463,False,False
137,2016-03-15,PM,False,True,5.583333333333333,0.0174584826120149,9.60320532899328,3.048709744097406,22.46982129312501,3.865159571629759,5.583333,9.603,state_transition__AZ_I10_W::137__2016-03-15__064,12.09923859259785,74.17597673172146,1.2949999999999875,0.160053422149888,0.0174584826120149,False,True,4533.75,4.157914601496733,True,5.374382752029688,18.90156230858204,False,False
137,2016-03-16,PM,False,True,5.25,0.0174584826120149,10.405381216689396,2.564243599174266,27.219896646975048,3.865159571629759,5.25,10.405,state_transition__AZ_I10_W::137__2016-03-16__067,12.173251751800622,74.17597673172146,1.2949999999999875,0.1734230202781566,0.0174584826120149,False,True,4271.0,3.916945853430945,True,5.335337761988106,18.76314103500605,False,False
137,2016-03-17,PM,False,True,5.166666666666667,0.0174584826120149,11.270572594081116,3.6134689912916698,35.484354847620466,3.865159571629759,5.166667,11.271,state_transition__AZ_I10_W::137__2016-03-17__068,8.808853978304468,74.17597673172146,1.2949999999999875,0.1878428765680186,0.0174584826120149,False,True,3766.25,3.454038239401615,True,7.773161722049393,27.405650533570917,False,False
137,2016-03-18,MD,False,True,7.666666666666667,0.0174584826120149,11.365910956698894,2.647403227696746,20.76153632898654,3.865159571629759,7.666667,11.366,state_transition__AZ_I10_W::137__2016-03-18__069,13.356502384814512,74.17597673172146,1.2949999999999875,0.1894318492783149,0.0174584826120149,False,True,6409.5,5.878170088402165,True,4.769882285490773,16.758503125662976,False,False
137,2016-03-21,PM,False,True,4.083333333333333,0.0174584826120149,7.637196038250523,2.042284724665278,17.41302450353297,3.865159571629759,4.083333,7.637,state_transition__AZ_I10_W::137__2016-03-21__070,16.591444092666887,74.17597673172146,1.2949999999999875,0.1272866006375087,0.0174584826120149,False,True,3614.25,3.3146386211104644,True,3.6356276988967524,12.737373544926909,False,False
137,2016-03-22,PM,False,True,5.166666666666667,0.0174584826120149,10.751025526037605,2.734328667145074,29.33773441213164,3.865159571629759,5.166667,10.751,state_transition__AZ_I10_W::137__2016-03-22__071,11.190573361914456,74.17597673172146,1.2949999999999875,0.1791837587672934,0.0174584826120149,False,True,4094.0,3.754618666341908,True,5.89583500672965,20.75020115130602,False,False
137,2016-03-23,PM,False,True,6.166666666666667,0.0174584826120149,7.925367059539177,1.953181813018218,20.61500241211812,3.865159571629759,6.166667,7.925,state_transition__AZ_I10_W::137__2016-03-23__072,22.200720836570188,74.17597673172146,1.2949999999999875,0.1320894509923196,0.0174584826120149,False,True,5814.5,5.332493951012464,True,2.4523774015638167,8.54254565685311,False,False
137,2016-03-24,PM,False,True,6.5,0.0174584826120149,11.090756349401431,2.77937697387066,29.74231718768083,3.865159571629759,6.5,11.091,state_transition__AZ_I10_W::137__2016-03-24__073,13.824594962024076,74.17597673172146,1.2949999999999875,0.1848459391566905,0.0174584826120149,False,True,5487.0,5.032142799760149,True,4.572908872042968,16.060198151810557,False,False
137,2016-03-25,PM,False,True,6.0,0.0174584826120149,3.913444179720349,1.36367990035641,10.760291182571692,3.865159571629759,6.0,3.913,state_transition__AZ_I10_W::137__2016-03-25__074,53.76579133725422,74.17597673172146,1.2949999999999875,0.0652240696620058,0.0174584826120149,False,True,6380.5,5.851574108596616,True,0.3976478626517388,1.258172442068973,False,False
137,2016-03-28,MD,False,True,0.5,0.0174584826120149,0.827748321448992,0.39321278680923,4.1672437904913,3.865159571629759,0.5,0.828,state_transition__AZ_I10_W::137__2016-03-28__075,108.63208655684902,74.17597673172146,1.2949999999999875,0.0137958053574832,0.0174584826120149,False,True,557.0,0.5108262328169133,False,-0.33225067104544626,-1.3294446762351317,False,False
137,2016-03-28,MD,False,True,4.5,0.0174584826120149,8.64531383277216,2.715316434743154,25.41161781692809,3.865159571629759,4.5,8.645,state_transition__AZ_I10_W::137__2016-03-28__076,10.842258615208776,74.17597673172146,1.2949999999999875,0.144088563879536,0.0174584826120149,False,True,3529.25,3.23668488719765,True,6.1188945351684225,21.540985935138004,False,False
137,2016-03-29,MD,False,True,6.166666666666667,0.0174584826120149,8.583544502398505,2.98243661180658,24.90480175534822,3.865159571629759,6.166667,8.584,state_transition__AZ_I10_W::137__2016-03-29__077,9.96605301649531,74.17597673172146,1.2949999999999875,0.1430590750399751,0.0174584826120149,False,True,4700.5,4.310841485378637,True,6.748957695763702,23.774669309881602,False,False
137,2016-03-30,PM,False,True,6.416666666666667,0.0174584826120149,7.839887827285969,2.340697418160456,26.756559040788392,3.865159571629759,6.416667,7.84,state_transition__AZ_I10_W::137__2016-03-30__078,15.798592073022723,74.17597673172146,1.2949999999999875,0.1306647971214328,0.0174584826120149,False,True,5611.25,5.146092816685646,True,3.8706508160526387,13.570571329376858,False,False
137,2016-03-31,PM,False,True,4.833333333333333,0.0174584826120149,7.024130151834018,2.116865918040888,22.31557447959881,3.865159571629759,4.833333,7.024,state_transition__AZ_I10_W::137__2016-03-31__079,16.710569337275093,74.17597673172146,1.2949999999999875,0.1170688358639003,0.0174584826120149,False,True,4285.5,3.93024384333372,True,3.602242851955022,12.61901846206244,False,False
137,2016-04-01,PM,False,True,4.916666666666667,0.0174584826120149,10.093097103885054,1.869144265039374,21.80875948825681,3.865159571629759,4.916667,10.093,state_transition__AZ_I10_W::137__2016-04-01__080,22.460260486388957,74.17597673172146,1.2949999999999875,0.1682182850647509,0.0174584826120149,False,True,4646.25,4.261088661087223,True,2.4119344476459323,8.399168358446154,False,False
137,2016-04-01,PM,False,True,1.0833333333333333,0.0174584826120149,5.322283972571964,1.317062312059356,6.351612985793922,3.865159571629759,1.083333,5.322,state_transition__AZ_I10_W::137__2016-04-01__081,32.02134265177505,74.17597673172146,1.2949999999999875,0.0887047328761994,0.0174584826120149,False,True,1085.75,0.9957443128922148,True,1.378997665595641,4.737227998297163,False,False
137,2016-04-04,PM,False,True,4.333333333333333,0.0174584826120149,9.089813101066175,2.578573468853892,19.253959358492825,3.865159571629759,4.333333,9.09,state_transition__AZ_I10_W::137__2016-04-04__082,10.035327013310855,74.17597673172146,1.2949999999999875,0.1514968850177696,0.0174584826120149,False,True,3311.0,3.0365272115921003,True,6.695138582012816,23.583871200823438,False,True
137,2016-04-05,PM,False,True,4.666666666666667,0.0174584826120149,9.145269449158024,2.069332833645204,27.68236422882838,3.865159571629759,4.666667,9.145,state_transition__AZ_I10_W::137__2016-04-05__083,11.42848777635094,74.17597673172146,1.2949999999999875,0.1524211574859671,0.0174584826120149,False,True,3722.75,3.4141442696932924,True,5.751290807565018,20.237766851410395,False,False
137,2016-04-06,PM,False,True,4.25,0.0174584826120149,7.719965953673279,2.155219518063006,24.076059004457463,3.865159571629759,4.25,7.72,state_transition__AZ_I10_W::137__2016-04-06__084,13.589368997488796,74.17597673172146,1.2949999999999875,0.128666099227888,0.0174584826120149,False,True,3570.5,3.274515375714163,True,4.670195817824377,16.40509727774296,False,False
137,2016-04-07,PM,False,True,5.416666666666667,0.0174584826120149,8.09239833992973,1.66674085852386,18.37099095580287,3.865159571629759,5.416667,8.092,state_transition__AZ_I10_W::137__2016-04-07__085,18.86508641876483,74.17597673172146,1.2949999999999875,0.1348733056654955,0.0174584826120149,False,True,4938.75,4.529341216022496,True,3.0712105802705763,10.73641679464675,False,False
137,2016-04-08,PM,False,True,4.5,0.0174584826120149,4.80901065112218,1.334168087646996,21.525082561261915,3.865159571629759,4.5,4.809,state_transition__AZ_I10_W::137__2016-04-08__086,16.983983202946355,74.17597673172146,1.2949999999999875,0.080150177518703,0.0174584826120149,False,True,4005.5,3.6734550727973896,True,3.527389585719956,12.353650627865381,False,False
137,2016-04-11,PM,False,True,3.5,0.0174584826120149,4.0267423453623845,1.209425654596866,16.582553056572298,3.865159571629759,3.5,4.027,state_transition__AZ_I10_W::137__2016-04-11__087,17.335244806886696,74.17597673172146,1.2949999999999875,0.0671123724227064,0.0174584826120149,False,True,3130.5,2.870990164871359,True,3.4346890661839584,12.025011179842394,False,False
137,2016-04-12,PM,False,True,4.0,0.0174584826120149,7.185774941584098,2.254951391289888,34.05553228229935,3.865159571629759,4.0,7.186,state_transition__AZ_I10_W::137__2016-04-12__088,7.203261921777688,74.17597673172146,1.2949999999999875,0.1197629156930683,0.0174584826120149,True,True,2690.25,2.467235678340576,True,9.73927081663263,34.37584887583482,True,True
137,2016-04-13,PM,False,True,4.416666666666667,0.0174584826120149,8.03113411112562,1.51496822184486,21.273246643229506,3.865159571629759,4.416667,8.031,state_transition__AZ_I10_W::137__2016-04-13__089,12.315901731689058,74.17597673172146,1.2949999999999875,0.133852235185427,0.0174584826120149,False,True,3605.75,3.306843247719183,True,5.261407896689486,18.501046817565154,False,False
137,2016-04-14,PM,False,True,5.083333333333333,0.0174584826120149,7.516374041619421,1.620793680200418,22.52198915019216,3.865159571629759,5.083333,7.516,state_transition__AZ_I10_W::137__2016-04-14__090,12.259311251702524,74.17597673172146,1.2949999999999875,0.125272900693657,0.0174584826120149,False,True,4144.25,3.80070307962566,True,5.290530628431863,18.604291961525966,False,False
137,2016-04-15,PM,False,True,4.25,0.0174584826120149,4.568003728268472,1.314864752763798,19.252590597335715,3.865159571629759,4.25,4.568,state_transition__AZ_I10_W::137__2016-04-15__091,10.975113285655867,74.17597673172146,1.2949999999999875,0.0761333954711412,0.0174584826120149,True,True,3346.5,3.069084359285099,True,6.032144617475072,21.233442404535552,True,True
137,2016-04-18,PM,False,True,4.25,0.0174584826120149,5.5726183518678845,1.238717847312402,17.683799190837153,3.865159571629759,4.25,5.573,state_transition__AZ_I10_W::137__2016-04-18__092,11.990018484825244,74.17597673172146,1.2949999999999875,0.0928769725311314,0.0174584826120149,False,True,3441.5,3.1562091207170684,True,5.432881386157854,19.10895013042174,False,True
137,2016-04-19,PM,False,True,3.9166666666666665,0.0174584826120149,4.0546983010418645,1.129101921629838,13.104436407099358,3.865159571629759,3.916667,4.055,state_transition__AZ_I10_W::137__2016-04-19__093,12.509079209593049,74.17597673172146,1.2949999999999875,0.0675783050173644,0.0174584826120149,True,True,3212.5,2.946192590528427,True,5.16397941089709,18.15564590770191,True,True
137,2016-04-20,PM,False,True,4.25,0.0174584826120149,6.20627111200755,1.396658924206116,23.67448706671988,3.865159571629759,4.25,6.206,state_transition__AZ_I10_W::137__2016-04-20__094,9.86248550434536,74.17597673172146,1.2949999999999875,0.1034378518667925,0.0174584826120149,True,True,3227.75,2.9601784074951376,True,6.830829618860788,24.06491950211228,True,True
137,2016-04-21,PM,False,True,4.166666666666667,0.0174584826120149,7.183677911965891,1.415346511816848,19.39538362045278,3.865159571629759,4.166667,7.184,state_transition__AZ_I10_W::137__2016-04-21__095,10.474203516294343,74.17597673172146,1.2949999999999875,0.1197279651994315,0.0174584826120149,False,True,3230.5,2.962700440062905,True,6.3707161979769396,22.43373748259276,False,True
137,2016-04-22,PM,False,True,4.5,0.0174584826120149,6.556244826542262,1.481087683657554,16.972581241938176,3.865159571629759,4.5,6.556,state_transition__AZ_I10_W::137__2016-04-22__096,10.296089406183633,74.17597673172146,1.2949999999999875,0.1092707471090377,0.0174584826120149,False,True,3468.75,3.1812001707067648,True,6.499045558757,22.888687363165168,False,True
137,2016-04-25,PM,False,True,3.083333333333333,0.0174584826120149,2.9526118896620703,0.93260484678021,10.320500980951635,3.865159571629759,3.083333,2.953,state_transition__AZ_I10_W::137__2016-04-25__097,10.928768086872882,74.17597673172146,1.2949999999999875,0.0492101981610345,0.0174584826120149,True,True,2424.5,2.223515622019041,True,6.062167027100993,21.339877062908215,True,True
137,2016-04-26,PM,False,True,3.8333333333333335,0.0174584826120149,6.077533778321766,1.2737242540046938,21.16228373247141,3.865159571629759,3.833333,6.078,state_transition__AZ_I10_W::137__2016-04-26__098,11.487908605111365,74.17597673172146,1.2949999999999875,0.1012922296386961,0.0174584826120149,False,True,3063.0,2.809085729117065,True,5.7161242397886785,20.11309525862184,False,False
137,2016-04-27,PM,False,True,3.75,0.0174584826120149,2.869547401832208,1.09851699333144,18.721781322885267,3.865159571629759,3.75,2.87,state_transition__AZ_I10_W::137__2016-04-27__099,10.678096827608082,74.17597673172146,1.2949999999999875,0.0478257900305368,0.0174584826120149,True,True,2926.25,2.6836719277926253,True,6.22906862582236,21.931572228722736,True,True
137,2016-04-28,PM,False,True,4.166666666666667,0.0174584826120149,5.062130541711642,1.111327494166464,21.929078651921632,3.865159571629759,4.166667,5.062,state_transition__AZ_I10_W::137__2016-04-28__100,11.508694191764988,74.17597673172146,1.2949999999999875,0.0843688423618607,0.0174584826120149,True,True,3331.25,3.0550985423183885,True,5.7039085981566355,20.06978868662747,True,False
137,2016-04-29,PM,False,True,4.0,0.0174584826120149,3.6755526113406174,1.025314733695836,16.96842224644948,3.865159571629759,4.0,3.676,state_transition__AZ_I10_W::137__2016-04-29__101,18.53239205417121,74.17597673172146,1.2949999999999875,0.0612592101890103,0.0174584826120149,False,True,3632.75,3.331605022020901,True,3.145150025070433,10.998544973083929,False,False
137,2016-05-02,PM,False,True,3.583333333333333,0.0174584826120149,4.133825015531694,1.307876471541228,13.539472317062948,3.865159571629759,3.583333,4.134,state_transition__AZ_I10_W::137__2016-05-02__102,11.635267949509553,74.17597673172146,1.2949999999999875,0.0688970835921949,0.0174584826120149,True,True,2874.75,2.6364411360689792,True,5.6304635951079955,19.809413390105224,True,True
137,2016-05-03,PM,False,True,4.583333333333333,0.0174584826120149,4.900689870027738,1.27761154313679,21.79923342758693,3.865159571629759,4.583333,4.901,state_transition__AZ_I10_W::137__2016-05-03__103,10.451896201393922,74.17597673172146,1.2949999999999875,0.0816781645004623,0.0174584826120149,True,True,3551.0,3.2566318720518117,True,6.386548797281361,22.489866797964652,True,True
137,2016-05-04,PM,False,True,4.0,0.0174584826120149,5.92249104327903,1.600749052841304,19.226886472183317,3.865159571629759,4.0,5.922,state_transition__AZ_I10_W::137__2016-05-04__104,6.635616441715984,74.17597673172146,1.2949999999999875,0.0987081840546505,0.0174584826120149,True,True,2596.0,2.3807987439725435,True,10.662028609604418,37.64718557663291,True,True
137,2016-05-05,PM,False,True,5.0,0.0174584826120149,4.950716351921017,1.261081871702022,21.2840319370971,3.865159571629759,5.0,4.951,state_transition__AZ_I10_W::137__2016-05-05__105,9.352629647172192,74.17597673172146,1.2949999999999875,0.0825119391986836,0.0174584826120149,True,True,3726.25,3.4173541293249965,True,7.260314931450722,25.58751955624387,True,True
137,2016-05-06,PM,False,True,4.083333333333333,0.0174584826120149,5.894977291903896,1.742454477685356,14.315883331403557,3.865159571629759,4.083333,5.895,state_transition__AZ_I10_W::137__2016-05-06__107,17.648144962950642,74.17597673172146,1.2949999999999875,0.0982496215317316,0.0174584826120149,False,True,3667.5,3.363474342649963,True,3.355220064551168,11.743279761698654,False,False
137,2016-05-09,PM,False,True,4.75,0.0174584826120149,3.926497498286232,1.351349173901574,22.07519582098749,3.865159571629759,4.75,3.926,state_transition__AZ_I10_W::137__2016-05-09__108,12.238433233057034,74.17597673172146,1.2949999999999875,0.0654416249714372,0.0174584826120149,True,True,3870.5,3.549646201288802,True,5.301342936356806,18.64262347170621,True,False
137,2016-05-10,PM,False,True,4.5,0.0174584826120149,11.51326351518909,1.72318798389813,28.83699839433925,3.865159571629759,4.5,11.513,state_transition__AZ_I10_W::137__2016-05-10__109,7.587458189200868,74.17597673172146,1.2949999999999875,0.1918877252531515,0.0174584826120149,False,True,3093.0,2.836598811674529,True,9.193074656720118,32.43948858999823,False,True
137,2016-05-11,PM,False,True,4.75,0.0174584826120149,5.956504734962604,1.692917877423732,24.715434137046035,3.865159571629759,4.75,5.957,state_transition__AZ_I10_W::137__2016-05-11__110,7.522411560600217,74.17597673172146,1.2949999999999875,0.0992750789160434,0.0174584826120149,True,True,3253.25,2.983564527668982,True,9.281625440413778,32.75341650346356,True,True
137,2016-05-12,PM,False,True,4.333333333333333,0.0174584826120149,5.843799219379662,1.693722370480398,19.634576657649934,3.865159571629759,4.333333,5.844,state_transition__AZ_I10_W::137__2016-05-12__111,7.930784643291657,74.17597673172146,1.2949999999999875,0.0973966536563277,0.0174584826120149,True,True,3032.5,2.781114095183644,True,8.749756193546755,30.867847613605235,True,True
137,2016-05-13,PM,False,True,4.25,0.0174584826120149,6.84224303729697,1.564342186863558,23.84540301066851,3.865159571629759,4.25,6.842,state_transition__AZ_I10_W::137__2016-05-13__112,7.815892961097679,74.17597673172146,1.2949999999999875,0.1140373839549495,0.0174584826120149,True,True,2956.75,2.711643561726047,True,8.893773554022047,31.378414178811468,True,True
137,2016-05-16,PM,False,True,4.416666666666667,0.0174584826120149,7.461203164491138,1.309794053574354,28.42229299387215,3.865159571629759,4.416667,7.461,state_transition__AZ_I10_W::137__2016-05-16__113,12.15861433457807,74.17597673172146,1.2949999999999875,0.1243533860748523,0.0174584826120149,False,True,3591.75,3.2940038091923665,True,5.343021893412822,18.790382615987422,False,False
137,2016-05-17,PM,False,True,4.416666666666667,0.0174584826120149,3.538686165230274,1.309317327534282,13.047828513557834,3.865159571629759,4.416667,3.539,state_transition__AZ_I10_W::137__2016-05-17__114,12.757459079060927,74.17597673172146,1.2949999999999875,0.0589781027538379,0.0174584826120149,True,True,3643.75,3.341693152291971,True,5.043045558757016,17.72691439019219,True,True
137,2016-05-18,PM,False,True,4.5,0.0174584826120149,5.612386996445178,1.503995492854974,21.17755381384933,3.865159571629759,4.5,5.612,state_transition__AZ_I10_W::137__2016-05-18__115,11.185777993466136,74.17597673172146,1.2949999999999875,0.0935397832740863,0.0174584826120149,True,True,3565.25,3.269700586266606,True,5.898811634067293,20.760753812392597,True,False
137,2016-05-19,PM,False,True,4.333333333333333,0.0174584826120149,3.6242607062004,1.285301501363718,18.965105088040502,3.865159571629759,4.333333,3.624,state_transition__AZ_I10_W::137__2016-05-19__116,13.401825659781526,74.17597673172146,1.2949999999999875,0.06040434510334,0.0174584826120149,True,True,3626.25,3.32564385413345,True,4.750208605982114,16.688756513597912,True,False
137,2016-05-20,PM,False,True,3.4166666666666665,0.0174584826120149,3.096191873698638,0.961712232810048,15.037446538334738,3.865159571629759,3.416667,3.096,state_transition__AZ_I10_W::137__2016-05-20__117,11.980197530989122,74.17597673172146,1.2949999999999875,0.0516031978949773,0.0174584826120149,True,True,2766.0,2.5367062117981725,True,5.438193787245803,19.127783515282573,True,True
137,2016-05-23,PM,False,True,3.4166666666666665,0.0174584826120149,3.028089609151686,1.18537490606538,11.841463858453894,3.865159571629759,3.416667,3.028,state_transition__AZ_I10_W::137__2016-05-23__118,10.613384735205097,74.17597673172146,1.2949999999999875,0.0504681601525281,0.0174584826120149,True,True,2660.75,2.4401811471590698,True,6.273435486408982,22.08886045803021,True,True
137,2016-05-24,PM,False,True,4.0,0.0174584826120149,4.241604125318958,1.263088851745146,17.431627974007373,3.865159571629759,4.0,4.242,state_transition__AZ_I10_W::137__2016-05-24__119,11.032511354886426,74.17597673172146,1.2949999999999875,0.0706934020886493,0.0174584826120149,True,True,3155.0,2.893459182293288,True,5.995311802814058,21.102863677038467,True,True
137,2016-05-25,PM,False,True,4.583333333333333,0.0174584826120149,3.346552491090504,1.120214156364768,18.139267806442323,3.865159571629759,4.583333,3.347,state_transition__AZ_I10_W::137__2016-05-25__120,11.262454814455058,74.17597673172146,1.2949999999999875,0.0557758748515084,0.0174584826120149,True,True,3639.25,3.337566189908351,True,5.851519832302378,20.593096158413655,True,True
137,2016-05-26,PM,False,True,4.166666666666667,0.0174584826120149,6.056418683435484,1.410233087310072,18.049949173974955,3.865159571629759,4.166667,6.056,state_transition__AZ_I10_W::137__2016-05-26__121,11.405394921815343,74.17597673172146,1.2949999999999875,0.1009403113905914,0.0174584826120149,False,True,3321.75,3.046386066175192,True,5.765056546940952,20.28656878922886,False,True
137,2016-05-27,MD,False,True,3.583333333333333,0.0174584826120149,2.0802110349578697,0.851892477288138,11.32489444601992,3.865159571629759,3.583333,2.08,state_transition__AZ_I10_W::137__2016-05-27__122,19.146318819299413,74.17597673172146,1.2949999999999875,0.0346701839159645,0.0174584826120149,True,True,3277.75,3.006033545090911,True,3.0107124033913095,10.521940246343496,True,False
137,2016-05-31,PM,False,True,3.5,0.0174584826120149,6.185079288367271,1.315962419138904,16.733053015123733,3.865159571629759,3.5,6.185,state_transition__AZ_I10_W::137__2016-05-31__123,8.844921688353592,74.17597673172146,1.2949999999999875,0.1030846548061212,0.0174584826120149,True,True,2555.25,2.3434268068319883,True,7.737192902461129,27.278134818721714,True,True
137,2016-06-01,PM,False,True,2.9166666666666665,0.0174584826120149,3.376048735586748,1.20508584171327,14.586042897281516,3.865159571629759,2.916667,3.376,state_transition__AZ_I10_W::137__2016-06-01__124,11.57341484587978,74.17597673172146,1.2949999999999875,0.0562674789264458,0.0174584826120149,True,True,2336.0,2.142352028474523,True,5.666153435469339,19.935940075123703,True,True
137,2016-06-02,PM,False,True,4.583333333333333,0.0174584826120149,4.254396907476576,1.591851470820372,21.941309138918346,3.865159571629759,4.583333,4.254,state_transition__AZ_I10_W::137__2016-06-02__125,9.158830438771494,74.17597673172146,1.2949999999999875,0.0709066151246096,0.0174584826120149,True,True,3389.75,3.1087490533054427,True,7.436106993966079,26.21073296088326,True,True
137,2016-06-06,PM,False,True,2.9166666666666665,0.0174584826120149,2.640416054848374,0.851821208668398,6.86210052089409,3.865159571629759,2.916667,2.64,state_transition__AZ_I10_W::137__2016-06-06__127,14.617492902763438,74.17597673172146,1.2949999999999875,0.0440069342474729,0.0174584826120149,True,True,2499.75,2.2925276041006803,True,4.2680400582069655,14.979385237276889,True,True
137,2016-06-07,MD,False,True,0.75,0.0174584826120149,0.949525422066084,0.351253055813838,20.637562181749814,3.865159571629759,0.75,0.95,state_transition__AZ_I10_W::137__2016-06-07__128,22.05209427587093,74.17597673172146,1.2949999999999875,0.0158254237011014,0.0174584826120149,True,True,706.25,0.6477038185402962,True,2.4759659127393414,8.626171027360318,True,False
137,2016-06-08,MD,False,True,1.25,0.0174584826120149,4.878212478276792,1.41945985466595,8.745190840062714,3.865159571629759,1.25,4.878,state_transition__AZ_I10_W::137__2016-06-08__130,11.217510585587654,74.17597673172146,1.2949999999999875,0.0813035413046132,0.0174584826120149,True,True,991.25,0.9090781028362034,True,5.879161573889416,20.6910909349589,True,True
137,2016-06-09,PM,False,True,3.9166666666666665,0.0174584826120149,3.180081250959762,1.225236600303618,14.39045031796974,3.865159571629759,3.916667,3.18,state_transition__AZ_I10_W::137__2016-06-09__132,14.649288391968607,74.17597673172146,1.2949999999999875,0.0530013541826627,0.0174584826120149,True,True,3358.75,3.080318867996064,True,4.256502946177937,14.938484170616448,True,True
137,2016-06-13,PM,False,True,4.833333333333333,0.0174584826120149,4.737088191229134,1.564425269201712,13.185836105161233,3.865159571629759,4.833333,4.737,state_transition__AZ_I10_W::137__2016-06-13__133,13.189301890068853,74.17597673172146,1.2949999999999875,0.0789514698538189,0.0174584826120149,True,True,4026.25,3.692484954899636,True,4.843629228424822,17.019948851539596,True,True
137,2016-06-14,PM,False,True,3.8333333333333335,0.0174584826120149,3.208534999323012,1.302658181891082,11.376072893278051,3.865159571629759,3.833333,3.209,state_transition__AZ_I10_W::137__2016-06-14__134,10.984464662471256,74.17597673172146,1.2949999999999875,0.0534755833220502,0.0174584826120149,True,True,3019.25,2.768962483720764,True,6.02611751371271,21.212075274517787,True,True
137,2016-06-15,PM,False,True,3.9166666666666665,0.0174584826120149,4.3108977518744345,1.595903070602136,18.524636674551704,3.865159571629759,3.916667,4.311,state_transition__AZ_I10_W::137__2016-06-15__135,8.584364559387804,74.17597673172146,1.2949999999999875,0.0718482958645739,0.0174584826120149,True,True,2827.25,2.5928787553529946,True,8.003830774072226,28.22341240062639,True,True
137,2016-06-16,PM,False,True,5.583333333333333,0.0174584826120149,3.761486035215222,1.682702133519012,23.31735503936942,3.865159571629759,5.583333,3.761,state_transition__AZ_I10_W::137__2016-06-16__136,7.6049544169145396,74.17597673172146,1.2949999999999875,0.0626914339202537,0.0174584826120149,True,True,3841.25,3.522820945795275,True,9.169514807048547,32.355964829502334,True,True
137,2016-06-20,PM,False,True,3.1666666666666665,0.0174584826120149,5.567852333601612,1.29220558033872,11.603422428896708,3.865159571629759,3.166667,5.568,state_transition__AZ_I10_W::137__2016-06-20__138,9.14011267106148,74.17597673172146,1.2949999999999875,0.0927975388933602,0.0174584826120149,True,True,2340.25,2.146249715170164,True,7.4534803413656885,26.27232449595014,True,True
137,2016-06-21,PM,False,True,3.9166666666666665,0.0174584826120149,3.93379256999661,1.231985271561924,12.39866163396181,3.865159571629759,3.916667,3.934,state_transition__AZ_I10_W::137__2016-06-21__140,6.966510574461323,74.17597673172146,1.2949999999999875,0.0655632094999435,0.0174584826120149,True,True,2596.75,2.38148657103648,True,10.10585098862122,35.67543927707006,True,True
137,2016-06-22,PM,False,True,1.0,0.0174584826120149,5.762532495537462,0.675440175579636,1.7120995103923224,3.865159571629759,1.0,5.763,state_transition__AZ_I10_W::137__2016-06-22__142,8.850690267696114,74.17597673172146,1.2949999999999875,0.0960422082589577,0.0174584826120149,True,True,730.25,0.6697142845862674,True,7.7314673321222775,27.257836677080267,True,True
137,2016-06-24,PM,False,True,4.166666666666667,0.0174584826120149,3.277152860097918,0.691712869693674,8.340209921257243,3.865159571629759,4.166667,3.277,state_transition__AZ_I10_W::137__2016-06-24__144,6.490218640549123,74.17597673172146,1.2949999999999875,0.0546192143349653,0.0174584826120149,True,True,2677.5,2.455542618253654,True,10.924352748299446,38.577170225859845,True,True
137,2016-06-27,PM,False,True,3.8333333333333335,0.0174584826120149,4.253746302467742,0.804603234740844,8.62404832493249,3.865159571629759,3.833333,4.254,state_transition__AZ_I10_W::137__2016-06-27__145,14.7835439522257,74.17597673172146,1.2949999999999875,0.0708957717077957,0.0174584826120149,False,True,3295.25,3.022082843249432,True,4.208334990514859,14.767720398841009,False,True
137,2016-07-01,MD,False,True,3.25,0.0174584826120149,5.729989008276996,0.739659093410256,11.396516502342438,3.865159571629759,3.25,5.73,state_transition__AZ_I10_W::137__2016-07-01__150,23.04594029179121,74.17597673172146,1.2949999999999875,0.0954998168046166,0.0174584826120149,False,True,3086.25,2.8304083680991,True,2.3240176122199827,8.087487901735312,False,False
137,2016-07-12,MD,False,True,0.5,0.0174584826120149,1.069946322440622,0.26720701789359,3.9730226361126046,3.865159571629759,0.5,1.07,state_transition__AZ_I10_W::137__2016-07-12__156,23.35832696470985,74.17597673172146,1.2949999999999875,0.0178324387073437,0.0174584826120149,True,True,476.0,0.4365409099117607,True,2.2789279116982177,7.927637079267801,True,True
137,2016-07-12,PM,False,True,4.0,0.0174584826120149,3.32380395321975,1.1823008583159,13.304859771320084,3.865159571629759,4.0,3.324,state_transition__AZ_I10_W::137__2016-07-12__157,5.9756344292174814,74.17597673172146,1.2949999999999875,0.0553967325536625,0.0174584826120149,True,True,2474.5,2.269370759614815,True,11.955294497936581,42.232037849476946,True,True
137,2016-07-13,PM,False,True,4.333333333333333,0.0174584826120149,3.459576728677992,1.12116231772197,12.595789805763234,3.865159571629759,4.333333,3.46,state_transition__AZ_I10_W::137__2016-07-13__158,7.032728872218568,74.17597673172146,1.2949999999999875,0.0576596121446332,0.0174584826120149,True,True,2884.75,2.6456121635881336,True,10.00083392863304,35.30313555320462,True,True
137,2016-07-19,PM,False,True,4.0,0.0174584826120149,5.411200077191832,1.3444006320945598,19.38660683659373,3.865159571629759,4.0,5.411,state_transition__AZ_I10_W::137__2016-07-19__163,11.772027575186335,74.17597673172146,1.2949999999999875,0.0901866679531972,0.0174584826120149,True,True,3220.75,2.953758688231729,True,5.552883329462593,19.53437786919554,True,True
137,2016-07-20,PM,False,True,3.5,0.0174584826120149,3.9781512235062895,1.221214387933254,14.615080015100206,3.865159571629759,3.5,3.978,state_transition__AZ_I10_W::137__2016-07-20__164,11.659824806333472,74.17597673172146,1.2949999999999875,0.0663025203917715,0.0174584826120149,True,True,2809.75,2.576829457194474,True,5.616399059958183,19.759552169354034,True,True
137,2016-07-21,PM,False,True,4.833333333333333,0.0174584826120149,5.312083657454982,1.242297723603324,17.043129702554385,3.865159571629759,4.833333,5.312,state_transition__AZ_I10_W::137__2016-07-21__165,14.39565926054602,74.17597673172146,1.2949999999999875,0.0885347276242497,0.0174584826120149,False,True,4125.5,3.783507403027245,True,4.349951388353434,15.269775134344407,False,False
137,2016-07-22,MD,False,True,3.583333333333333,0.0174584826120149,4.104713736577207,1.17232450384071,12.966228569114351,3.865159571629759,3.583333,4.105,state_transition__AZ_I10_W::137__2016-07-22__166,13.534564276530949,74.17597673172146,1.2949999999999875,0.0684118956096201,0.0174584826120149,True,True,3007.0,2.757727975009799,True,4.693348185960208,16.487176445396702,True,True
137,2016-07-25,PM,False,True,3.4166666666666665,0.0174584826120149,2.911761406485594,1.0045528845906242,9.569015516578732,3.865159571629759,3.416667,2.912,state_transition__AZ_I10_W::137__2016-07-25__167,11.98372349159648,74.17597673172146,1.2949999999999875,0.0485293567747599,0.0174584826120149,True,True,2766.25,2.536935487486151,True,5.436285504531979,19.12101832150715,True,True
137,2016-07-26,PM,False,True,0.6666666666666666,0.0174584826120149,1.40560191791169,0.577413454024842,5.107883062041639,3.865159571629759,0.666667,1.406,state_transition__AZ_I10_W::137__2016-07-26__169,35.66160137796756,74.17597673172146,1.2949999999999875,0.0234266986318615,0.0174584826120149,False,True,678.0,0.6217956657986844,True,1.1313051457777017,3.8591149801626674,False,False
137,2016-07-28,MD,False,True,1.0833333333333333,0.0174584826120149,3.3138003158272498,0.644276817722184,6.7465858543086,3.865159571629759,1.083333,3.314,state_transition__AZ_I10_W::137__2016-07-28__170,23.25680773213685,74.17597673172146,1.2949999999999875,0.0552300052637875,0.0174584826120149,False,True,1030.5,0.9450743858488851,True,2.2934482758846495,7.9791142931519,False,True
137,2016-07-28,PM,False,True,2.833333333333333,0.0174584826120149,4.073835931943016,1.316894649283242,12.200242872682752,3.865159571629759,2.833333,4.074,state_transition__AZ_I10_W::137__2016-07-28__171,11.404759250270962,74.17597673172146,1.2949999999999875,0.0678972655323836,0.0174584826120149,True,True,2258.75,2.0715058408890537,True,5.765436261579365,20.287914943595624,True,True
137,2016-08-01,PM,False,True,3.9166666666666665,0.0174584826120149,3.89201532149427,1.122114325631604,12.982399124194488,3.865159571629759,3.916667,3.892,state_transition__AZ_I10_W::137__2016-08-01__173,11.885017779897666,74.17597673172146,1.2949999999999875,0.0648669220249045,0.0174584826120149,True,True,3163.0,2.9007960043086114,True,5.490133766155051,19.311919764836517,True,True
137,2016-08-04,PM,False,True,4.416666666666667,0.0174584826120149,7.667349131200481,1.546456164705882,26.74391285481585,3.865159571629759,4.416667,7.667,state_transition__AZ_I10_W::137__2016-08-04__176,10.271565518048403,74.17597673172146,1.2949999999999875,0.1277891521866747,0.0174584826120149,False,True,3401.75,3.1197542863284284,True,6.517063343720626,22.952563541364405,False,False
137,2016-08-05,PM,False,True,3.6666666666666665,0.0174584826120149,3.484650791045736,0.971557501147932,7.2560658058483956,3.865159571629759,3.666667,3.485,state_transition__AZ_I10_W::137__2016-08-05__177,29.893220012451696,74.17597673172146,1.2949999999999875,0.0580775131840956,0.0174584826120149,False,True,3638.0,3.3364198114684567,True,1.5517426450682075,5.349638964133891,False,False
137,2016-08-15,PM,False,True,5.333333333333333,0.0174584826120149,7.04571724468704,1.656280585226802,18.921386796763876,3.865159571629759,5.333333,7.046,state_transition__AZ_I10_W::137__2016-08-15__185,12.545438763726894,74.17597673172146,1.2949999999999875,0.117428620744784,0.0174584826120149,False,True,4378.25,4.015305123573879,True,5.145977095329845,18.091824571200586,False,False
137,2016-08-16,PM,False,True,4.083333333333333,0.0174584826120149,6.260637896425878,1.375657491411738,13.617425228185114,3.865159571629759,4.083333,6.261,state_transition__AZ_I10_W::137__2016-08-16__186,12.302205118272854,74.17597673172146,1.2949999999999875,0.1043439649404313,0.0174584826120149,False,True,3332.5,3.0562449207582825,True,5.268431905343658,18.52594814863179,False,True
137,2016-08-17,PM,False,True,4.5,0.0174584826120149,7.293642650817822,1.868016328345158,28.461486561288343,3.865159571629759,4.5,7.294,state_transition__AZ_I10_W::137__2016-08-17__187,8.031157236617558,74.17597673172146,1.2949999999999875,0.1215607108469637,0.0174584826120149,True,True,3165.0,2.9026302098124424,True,8.627310961600582,30.433757992087948,True,True
137,2016-08-19,PM,False,True,4.5,0.0174584826120149,5.645588701495687,1.434975457580628,12.92923476484164,3.865159571629759,4.5,5.646,state_transition__AZ_I10_W::137__2016-08-19__189,12.012114074494672,74.17597673172146,1.2949999999999875,0.0940931450249281,0.0174584826120149,False,True,3646.0,3.3437566334837805,True,5.420961082618779,19.06669058328051,False,True
137,2016-08-22,PM,False,True,4.0,0.0174584826120149,4.0649496446967,1.422700660562334,13.753411215197689,3.865159571629759,4.0,4.065,state_transition__AZ_I10_W::137__2016-08-22__190,10.775669782827588,74.17597673172146,1.2949999999999875,0.067749160744945,0.0174584826120149,True,True,3130.75,2.871219440559338,True,6.163179711915195,21.697984581041037,True,True
137,2016-08-23,PM,False,True,5.0,0.0174584826120149,4.635237437509812,1.526449198355538,22.361753490913205,3.865159571629759,5.0,4.635,state_transition__AZ_I10_W::137__2016-08-23__191,11.153924319371798,74.17597673172146,1.2949999999999875,0.0772539572918302,0.0174584826120149,True,True,3957.75,3.6296634163934254,True,5.918649121387292,20.831081151609677,True,False
137,2016-08-24,PM,False,True,5.25,0.0174584826120149,6.32923627335759,1.203528208092306,13.00279522819318,3.865159571629759,5.25,6.329,state_transition__AZ_I10_W::137__2016-08-24__192,13.979729427851986,74.17597673172146,1.2949999999999875,0.1054872712226265,0.0174584826120149,False,True,4445.5,4.076980283640194,True,4.510538529176546,15.839084449803032,False,True
137,2016-08-25,PM,False,True,5.5,0.0174584826120149,7.516561091588196,1.83907515774555,22.493823242722343,3.865159571629759,5.5,7.517,state_transition__AZ_I10_W::137__2016-08-25__193,10.101693518925297,74.17597673172146,1.2949999999999875,0.1252760181931366,0.0174584826120149,False,True,4212.0,3.862836791067933,True,6.644270629982067,23.40353547281327,False,True
137,2016-08-26,PM,False,True,5.333333333333333,0.0174584826120149,4.07961898999464,1.477939343687892,16.191998575261994,3.865159571629759,5.333333,4.08,state_transition__AZ_I10_W::137__2016-08-26__194,14.845396465346989,74.17597673172146,1.2949999999999875,0.067993649833244,0.0174584826120149,True,True,4589.75,4.209272355603999,True,4.186436811003879,14.690087547771578,True,False
137,2016-08-29,PM,False,True,4.25,0.0174584826120149,4.440933550139274,1.39903884204339,4.872016217762381,3.865159571629759,4.25,4.441,state_transition__AZ_I10_W::137__2016-08-29__195,11.699893809174355,74.17597673172146,1.2949999999999875,0.0740155591689879,0.0174584826120149,True,True,3415.5,3.132364449167266,True,5.593576959723194,19.678643858791233,True,True
137,2016-09-27,PM,False,True,3.8333333333333335,0.0174584826120149,5.058826118555886,2.3072901315013263,22.54402667370188,3.865159571629759,3.833333,5.059,state_transition__AZ_I10_W::137__2016-09-27__217,7.65227930926588,74.17597673172146,1.2949999999999875,0.0843137686425981,0.0174584826120149,True,True,2644.0,2.424819676064486,True,9.106328463446843,32.13195826311205,True,True
137,2016-09-28,PM,False,True,4.583333333333333,0.0174584826120149,6.385250385164136,1.6173520561386718,22.867290176256763,3.865159571629759,4.583333,6.385,state_transition__AZ_I10_W::137__2016-09-28__219,8.962770910917842,74.17597673172146,1.2949999999999875,0.1064208397527356,0.0174584826120149,True,True,3362.75,3.083987279003725,True,7.621685065113393,26.868639466394715,True,True
137,2016-09-29,PM,False,True,4.75,0.0174584826120149,7.990170368173523,2.050874712433194,24.18001107836007,3.865159571629759,4.75,7.99,state_transition__AZ_I10_W::137__2016-09-29__221,10.883796225547806,74.17597673172146,1.2949999999999875,0.1331695061362254,0.0174584826120149,False,True,3730.0,3.4207932646446797,True,6.09154421827443,21.44402430976324,False,False
137,2016-09-30,PM,False,True,4.916666666666667,0.0174584826120149,5.683748470492344,1.557172726894722,22.997067021299475,3.865159571629759,4.916667,5.684,state_transition__AZ_I10_W::137__2016-09-30__222,15.663937601590208,74.17597673172146,1.2949999999999875,0.0947291411748724,0.0174584826120149,False,True,4290.25,3.934600081405318,True,3.9129295981486703,13.720456957641636,False,False
137,2016-10-03,PM,False,True,6.0,0.0174584826120149,5.5112789220669125,2.0327272049423097,29.007726604364965,3.865159571629759,6.0,5.511,state_transition__AZ_I10_W::137__2016-10-03__223,7.118148441893995,74.17597673172146,1.2949999999999875,0.0918546487011152,0.0174584826120149,True,True,4015.0,3.6821675489405865,True,9.868251038209026,34.83310617101415,True,True
137,2016-10-04,PM,False,True,4.75,0.0174584826120149,7.978248619036583,1.9804433934548344,24.13513372636212,3.865159571629759,4.75,7.978,state_transition__AZ_I10_W::137__2016-10-04__224,7.285230334832715,74.17597673172146,1.2949999999999875,0.1329708103172764,0.0174584826120149,True,True,3210.0,2.943899833648638,True,9.617905371841085,33.945587287388484,True,True
137,2016-10-05,PM,False,True,4.5,0.0174584826120149,7.867837730490109,1.961788643567688,25.095654833959404,3.865159571629759,4.5,7.868,state_transition__AZ_I10_W::137__2016-10-05__225,9.710530611361463,74.17597673172146,1.2949999999999875,0.1311306288415018,0.0174584826120149,False,True,3399.0,3.117232253760661,True,6.954113519922047,24.50198235135726,False,False
137,2016-10-06,PM,False,True,4.25,0.0174584826120149,5.438629843797473,2.103412757733912,23.15268586191154,3.865159571629759,4.25,5.439,state_transition__AZ_I10_W::137__2016-10-06__226,7.6085191822577265,74.17597673172146,1.2949999999999875,0.0906438307299579,0.0174584826120149,True,True,2924.5,2.682066997976773,True,9.16472789761832,32.33899440386977,True,True
137,2016-10-07,PM,False,True,5.5,0.0174584826120149,7.464312856731264,1.846304681395116,21.58602694256496,3.865159571629759,5.5,7.464,state_transition__AZ_I10_W::137__2016-10-07__227,11.271714700405258,74.17597673172146,1.2949999999999875,0.1244052142788544,0.0174584826120149,False,True,4368.25,4.0061340960547245,True,5.845852174678715,20.573003327409612,False,False
137,2016-10-10,PM,False,True,3.083333333333333,0.0174584826120149,1.1732296285242418,0.522337481985756,1.421882539103139,3.865159571629759,3.083333,1.173,state_transition__AZ_I10_W::137__2016-10-10__228,26.90168942099757,74.17597673172146,1.2949999999999875,0.0195538271420707,0.0174584826120149,True,True,3008.75,2.7593329048256514,True,1.8407854839751594,6.374346047857312,True,True
137,2016-10-11,PM,False,True,4.083333333333333,0.0174584826120149,4.022328147351444,1.402835532148386,8.142946436441052,3.865159571629759,4.083333,4.022,state_transition__AZ_I10_W::137__2016-10-11__229,10.499909548989589,74.17597673172146,1.2949999999999875,0.0670388024558574,0.0174584826120149,True,True,3168.5,2.9058400694441464,True,6.352554790254556,22.36935213675997,True,True
137,2016-10-12,PM,False,True,5.166666666666667,0.0174584826120149,5.480421990219882,1.801723951444212,19.724511741192234,3.865159571629759,5.166667,5.48,state_transition__AZ_I10_W::137__2016-10-12__230,7.869962662922593,74.17597673172146,1.2949999999999875,0.0913403665036647,0.0174584826120149,True,True,3604.5,3.3056968692792887,True,8.825473079911093,31.136277131210395,True,True
137,2016-10-13,PM,False,True,4.583333333333333,0.0174584826120149,6.626109924397908,2.261945951325948,17.819212034362497,3.865159571629759,4.583333,6.626,state_transition__AZ_I10_W::137__2016-10-13__231,6.328437277548691,74.17597673172146,1.2949999999999875,0.1104351654066318,0.0174584826120149,True,True,2911.75,2.6703739378898512,True,11.230403676727244,39.66217394200814,True,True
137,2016-10-18,PM,False,True,3.75,0.0174584826120149,4.85861427328287,1.723938697933566,12.604769332614596,3.865159571629759,3.75,4.859,state_transition__AZ_I10_W::137__2016-10-18__234,10.289550380069596,74.17597673172146,1.2949999999999875,0.0809769045547145,0.0174584826120149,True,True,2890.0,2.65042695303569,True,6.50384140650787,22.905689476697397,True,True
137,2016-10-19,PM,False,True,4.5,0.0174584826120149,4.56869254877991,1.609987600646178,20.86989971974228,3.865159571629759,4.5,4.569,state_transition__AZ_I10_W::137__2016-10-19__235,10.51723810525582,74.17597673172146,1.2949999999999875,0.0761448758129985,0.0174584826120149,True,True,3493.75,3.204127739504651,True,6.340362195608526,22.326127270335316,True,True
137,2016-10-20,PM,True,True,4.833333333333333,0.0174584826120149,8.555657084554806,1.918811987032962,15.764707684446028,3.865159571629759,4.833333,8.556,state_transition__AZ_I10_W::137__2016-10-20__236,6.779684656919041,74.17597673172146,1.2949999999999875,0.1425942847425801,0.0174584826120149,True,True,3166.75,2.9042351396282946,True,10.41320108098006,36.76504875507736,True,True
137,2016-10-25,PM,True,True,4.333333333333333,0.0174584826120149,5.330559905554482,1.784996688388068,13.112592251021924,3.865159571629759,4.333333,5.331,state_transition__AZ_I10_W::137__2016-10-25__240,11.316300342554882,74.17597673172146,1.2949999999999875,0.0888426650925747,0.0174584826120149,True,True,3446.0,3.160336083100688,True,5.818692685860896,20.47671822072034,True,True
137,2016-10-26,MD,True,True,5.25,0.0174584826120149,10.423339667132195,2.252087296808928,16.454596594574102,3.865159571629759,5.25,10.423,state_transition__AZ_I10_W::137__2016-10-26__242,8.963538424603684,74.17597673172146,1.2949999999999875,0.1737223277855366,0.0174584826120149,False,True,3852.0,3.532679800378366,True,7.6209427550186755,26.866007848136146,False,True
137,2016-10-27,PM,True,True,4.666666666666667,0.0174584826120149,5.56056121871763,1.579690767503202,22.414760903745638,3.865159571629759,4.666667,5.561,state_transition__AZ_I10_W::137__2016-10-27__243,12.91667057304482,74.17597673172146,1.2949999999999875,0.0926760203119605,0.0174584826120149,False,True,3864.0,3.5436850334013514,True,4.967973094988901,17.46076946265596,False,False
137,2016-10-28,PM,True,True,4.166666666666667,0.0174584826120149,5.779805944872282,1.771958627629434,12.899007114235715,3.865159571629759,4.166667,5.78,state_transition__AZ_I10_W::137__2016-10-28__244,17.671674787868046,74.17597673172146,1.2949999999999875,0.0963300990812047,0.0174584826120149,False,True,3743.5,3.433174151795538,True,3.349357833366356,11.722497133614118,False,False
137,2016-11-01,PM,True,True,4.416666666666667,0.0174584826120149,6.167933627011086,2.172755926804446,22.52097045067595,3.865159571629759,4.416667,6.168,state_transition__AZ_I10_W::137__2016-11-01__246,10.311533369014333,74.17597673172146,1.2949999999999875,0.1027988937835181,0.0174584826120149,True,True,3406.25,3.123881248712048,True,6.487742806463426,22.848617142485782,True,True
137,2016-11-02,PM,True,True,4.833333333333333,0.0174584826120149,10.123894552050924,2.0050107560189643,32.55068691430205,3.865159571629759,4.833333,10.124,state_transition__AZ_I10_W::137__2016-11-02__247,10.306698787226331,74.17597673172146,1.2949999999999875,0.1687315758675154,0.0174584826120149,False,True,3727.0,3.418041956388933,True,6.491277380597624,22.861147821906716,False,False
137,2016-11-03,PM,True,True,6.166666666666667,0.0174584826120149,11.000811686256982,3.456472419714966,31.81677348830222,3.865159571629759,6.166667,11.001,state_transition__AZ_I10_W::137__2016-11-03__248,9.237191741104189,74.17597673172146,1.2949999999999875,0.1833468614376164,0.0174584826120149,False,True,4575.0,4.195745090013246,True,7.364138454931856,25.955591985820618,False,False
137,2016-11-04,PM,True,True,4.583333333333333,0.0174584826120149,5.233162960358724,1.662698645739522,15.974193499172618,3.865159571629759,4.583333,5.233,state_transition__AZ_I10_W::137__2016-11-04__249,23.55227601260196,74.17597673172146,1.2949999999999875,0.0872193826726454,0.0174584826120149,False,True,4370.0,4.007739025870576,True,2.2515352612742032,7.830525374173862,False,False
137,2016-11-07,PM,True,True,5.0,0.0174584826120149,5.697684783964578,1.450562277350376,5.310857967855734,3.865159571629759,5.0,5.698,state_transition__AZ_I10_W::137__2016-11-07__250,20.25241111302052,74.17597673172146,1.2949999999999875,0.0949614130660763,0.0174584826120149,False,True,4628.5,4.244810087240723,True,2.789071269030343,9.736183915956463,False,True
137,2016-11-08,PM,True,True,5.416666666666667,0.0174584826120149,7.509588112876086,1.745968124501976,26.454435718068243,3.865159571629759,5.416667,7.51,state_transition__AZ_I10_W::137__2016-11-08__251,9.865574999252004,74.17597673172146,1.2949999999999875,0.1251598018812681,0.0174584826120149,False,True,4114.25,3.773189997068197,True,6.8283624451883025,24.056172942783796,False,False
137,2016-11-09,PM,True,True,6.916666666666667,0.0174584826120149,4.699839736427778,1.34949318827883,11.363169543266324,3.865159571629759,6.916667,4.7,state_transition__AZ_I10_W::137__2016-11-09__252,13.559757014390875,74.17597673172146,1.2949999999999875,0.0783306622737963,0.0174584826120149,False,True,5807.25,5.3258449560610766,True,4.6826822198272335,16.449363742295166,False,True
137,2016-11-28,PM,True,True,5.166666666666667,0.0174584826120149,6.025068718768098,2.455455234187524,7.330887297757458,3.865159571629759,5.166667,6.025,state_transition__AZ_I10_W::137__2016-11-28__264,8.690162826306333,74.17597673172146,1.2949999999999875,0.1004178119794683,0.0174584826120149,True,True,3747.0,3.436384011427242,True,7.893635363934467,27.832750525767352,True,True
137,2016-11-29,PM,True,True,5.75,0.0174584826120149,7.638413209099657,2.420780173219074,14.214933175730469,3.865159571629759,5.75,7.638,state_transition__AZ_I10_W::137__2016-11-29__265,7.927619689476472,74.17597673172146,1.2949999999999875,0.1273068868183276,0.0174584826120149,True,True,4023.25,3.689733646643889,True,8.75366756832636,30.88171411678143,True,True
139,2016-01-04,MD,False,True,1.9166666666666667,0.0141387518606697,1.090417832669118,0.809821252683744,2.502660474724701,3.865159571629759,1.916667,1.09,state_transition__AZ_I10_W::139__2016-01-04__294,18.804875382917587,78.79054749513305,1.1140000000000043,0.0181736305444853,0.0141387518606697,True,True,2563.333333333333,1.4449455092070649,True,2.706072279406495,10.78316935323136,True,True
139,2016-01-04,PM,False,True,3.333333333333333,0.0141387518606697,8.385358985480478,1.992996506780202,36.31734750115308,3.865159571629759,3.333333,8.385,state_transition__AZ_I10_W::139__2016-01-04__295,9.996610475855736,78.79054749513305,1.1140000000000043,0.1397559830913413,0.0141387518606697,False,True,3469.6666666666665,1.9558436677940625,True,5.837941214474574,23.690180377376343,False,False
139,2016-01-05,PM,False,True,6.916666666666667,0.0141387518606697,10.246390335514327,2.8292556194533978,36.37832866646088,3.865159571629759,6.916667,10.246,state_transition__AZ_I10_W::139__2016-01-05__296,11.304045758434995,78.79054749513305,1.1140000000000043,0.1707731722585721,0.0141387518606697,False,True,7616.5,4.293404735062007,True,5.064602120640764,20.50310696643289,False,False
139,2016-01-06,PM,False,True,3.5,0.0141387518606697,4.4738736769506,2.048040695502702,20.8865073837462,3.865159571629759,3.5,4.474,state_transition__AZ_I10_W::139__2016-01-06__298,14.413368380838357,78.79054749513305,1.1140000000000043,0.07456456128251,0.0141387518606697,False,True,4261.166666666666,2.4020105223600146,True,3.789036415097707,15.246264817287326,False,False
139,2016-01-07,AM,False,True,3.6666666666666665,0.0141387518606697,1.250173510221828,0.605734572441672,2.9781431752400938,3.865159571629759,3.666667,1.25,state_transition__AZ_I10_W::139__2016-01-07__299,22.38059113913866,78.79054749513305,1.1140000000000043,0.0208362251703638,0.0141387518606697,True,True,5170.833333333333,2.9147876738068392,True,2.1381911776061684,8.442826320587468,True,True
139,2016-01-07,PM,False,True,2.5,0.0141387518606697,7.013618324366676,2.85327239248725,26.3393855765108,3.865159571629759,2.5,7.014,state_transition__AZ_I10_W::139__2016-01-07__300,9.35423492471454,78.79054749513305,1.1140000000000043,0.1168936387394446,0.0141387518606697,False,True,2520.333333333333,1.4207065013152949,True,6.2971015895221205,25.582465190521123,False,False
139,2016-01-08,AM,False,True,0.75,0.0141387518606697,0.451342512579744,0.38870993364006,0.8140888100250426,3.865159571629759,0.75,0.451,state_transition__AZ_I10_W::139__2016-01-08__301,36.37773537821764,78.79054749513305,1.1140000000000043,0.0075223752096624,0.0141387518606697,True,True,1188.6666666666663,0.6700488538143554,True,0.9890624911082477,3.70705450756059,True,True
139,2016-01-08,MD,False,True,5.333333333333333,0.0141387518606697,6.314039594242188,2.500870204758198,21.31758327201469,3.865159571629759,5.333333,6.314,state_transition__AZ_I10_W::139__2016-01-08__302,13.935535588449332,78.79054749513305,1.1140000000000043,0.1052339932373698,0.0141387518606697,False,True,6408.833333333333,3.612645621946637,True,3.9480459769171516,15.901572625467818,False,False
139,2016-01-11,AM,False,True,3.0,0.0141387518606697,1.06288107869727,0.416069364417258,5.5752415623593325,3.865159571629759,3.0,1.063,state_transition__AZ_I10_W::139__2016-01-11__303,33.756779113315496,78.79054749513305,1.1140000000000043,0.0177146846449545,0.0141387518606697,True,True,4682.666666666666,2.639609169485156,True,1.1317216154373657,4.294979139333463,True,False
139,2016-01-11,PM,False,True,2.0,0.0141387518606697,5.98440521550396,2.01927199828227,15.0000430549831,3.865159571629759,2.0,5.984,state_transition__AZ_I10_W::139__2016-01-11__305,10.74208218511948,78.79054749513305,1.1140000000000043,0.099740086925066,0.0141387518606697,False,True,2152.5,1.213359639233371,True,5.373932254123656,21.777913647599817,False,True
139,2016-01-12,PM,False,True,5.25,0.0141387518606697,7.851484412169366,3.305695623892704,39.74383905125622,3.865159571629759,5.25,7.851,state_transition__AZ_I10_W::139__2016-01-12__306,10.451509162880903,78.79054749513305,1.1140000000000043,0.1308580735361561,0.0141387518606697,False,True,5579.666666666666,3.145246148064637,True,5.546923551336267,22.490842772827012,False,False
139,2016-01-13,AM,False,True,1.25,0.0141387518606697,0.411640323578304,0.368332747865226,0.7145822641188265,3.865159571629759,1.25,0.412,state_transition__AZ_I10_W::139__2016-01-13__307,37.041519315507365,78.79054749513305,1.1140000000000043,0.0068606720596384,0.0141387518606697,True,True,1988.1666666666663,1.1207252912438932,True,0.956136509673974,3.571360449423472,True,True
139,2016-01-13,PM,False,True,4.5,0.0141387518606697,6.758138147465772,2.7445177312548483,26.31750278905736,3.865159571629759,4.5,6.758,state_transition__AZ_I10_W::139__2016-01-13__308,12.134479237087255,78.79054749513305,1.1140000000000043,0.1126356357910962,0.0141387518606697,False,True,5110.166666666666,2.880590003757985,True,4.659945881622844,18.83544377672799,False,False
139,2016-01-14,AM,False,True,1.0833333333333333,0.0141387518606697,0.417804068992758,0.36890733407784,0.9240298843379674,3.865159571629759,1.083333,0.418,state_transition__AZ_I10_W::139__2016-01-14__309,35.47288743778876,78.79054749513305,1.1140000000000043,0.0069634011498793,0.0141387518606697,True,True,1708.3333333333333,0.9629838406614054,True,1.0359308603954172,3.9002077242548405,True,True
139,2016-01-14,AM,False,True,2.0,0.0141387518606697,1.0554401528977082,0.630733336839414,1.4341063357440635,3.865159571629759,2.0,1.055,state_transition__AZ_I10_W::139__2016-01-14__310,26.820321943741472,78.79054749513305,1.1140000000000043,0.0175906692149618,0.0141387518606697,True,True,2960.833333333333,1.6690154077414503,True,1.643814995410145,6.40541065410458,True,True
139,2016-01-14,PM,False,True,5.916666666666667,0.0141387518606697,8.54683019139015,3.0148783516274578,38.244024107008784,3.865159571629759,5.916667,8.547,state_transition__AZ_I10_W::139__2016-01-14__311,11.70704429895934,78.79054749513305,1.1140000000000043,0.1424471698565025,0.0141387518606697,False,True,6616.166666666666,3.729518977827884,True,4.86105791392347,19.66426365131701,False,False
139,2016-01-15,MD,False,True,8.916666666666666,0.0141387518606697,8.051522161087115,1.940718429567672,27.2202014095352,3.865159571629759,8.916667,8.052,state_transition__AZ_I10_W::139__2016-01-15__312,17.581219760130303,78.79054749513305,1.1140000000000043,0.1341920360181186,0.0141387518606697,False,True,11662.666666666666,6.574220217963172,True,2.953458889238764,11.802695318886606,False,False
139,2016-01-18,PM,False,True,2.833333333333333,0.0141387518606697,3.140672917916472,1.251723225152052,8.418396988610242,3.865159571629759,2.833333,3.141,state_transition__AZ_I10_W::139__2016-01-18__313,25.728708483155245,78.79054749513305,1.1140000000000043,0.0523445486319412,0.0141387518606697,False,True,4150.333333333333,2.339534009770763,True,1.749551110703458,6.841168737867236,False,False
139,2016-01-19,PM,False,True,4.833333333333333,0.0141387518606697,5.669314093793352,2.35223743772424,27.045776403711788,3.865159571629759,4.833333,5.669,state_transition__AZ_I10_W::139__2016-01-19__314,14.23629556495046,78.79054749513305,1.1140000000000043,0.0944885682298892,0.0141387518606697,False,True,5856.5,3.3012965050732808,True,3.8467164948686925,15.48397509217834,False,False
139,2016-01-20,PM,False,True,4.666666666666667,0.0141387518606697,8.176862872749444,2.840681452606014,29.63962583132288,3.865159571629759,4.666667,8.177,state_transition__AZ_I10_W::139__2016-01-20__315,11.816727356264392,78.79054749513305,1.1140000000000043,0.1362810478791574,0.0141387518606697,False,True,5239.5,2.9534949267192783,True,4.808063326954567,19.445863158701,False,False
139,2016-01-21,AM,False,True,1.5833333333333333,0.0141387518606697,0.422988904734234,0.369505452172212,0.7449582021966511,3.865159571629759,1.583333,0.423,state_transition__AZ_I10_W::139__2016-01-21__316,39.95186028717079,78.79054749513305,1.1140000000000043,0.0070498150789039,0.0141387518606697,True,True,2554.6666666666665,1.4400601277715144,True,0.8246883480475382,3.0296382680707197,True,True
139,2016-01-21,PM,False,True,4.833333333333333,0.0141387518606697,6.801141555026509,2.686263655270338,26.99200043963197,3.865159571629759,4.833333,6.801,state_transition__AZ_I10_W::139__2016-01-21__317,12.636237446785143,78.79054749513305,1.1140000000000043,0.1133523592504418,0.0141387518606697,False,True,5583.0,3.1471251409244645,True,4.441224113869611,17.934050925960392,False,False
139,2016-01-22,PM,False,True,6.5,0.0141387518606697,5.707673825434668,1.8906323435900936,16.780048599524395,3.865159571629759,6.5,5.708,state_transition__AZ_I10_W::139__2016-01-22__318,15.976637676631167,78.79054749513305,1.1140000000000043,0.0951278970905778,0.0141387518606697,False,True,8222.5,4.63500563697858,True,3.3352835645311645,13.376265412483917,False,False
139,2016-01-25,AM,False,True,0.5833333333333334,0.0141387518606697,0.4318481337093059,0.384731348972262,0.7305920708752983,3.865159571629759,0.583333,0.432,state_transition__AZ_I10_W::139__2016-01-25__319,33.548737135759744,78.79054749513305,1.1140000000000043,0.0071974688951551,0.0141387518606697,True,True,909.3333333333331,0.5125892521608417,True,1.1440002545732313,4.345581681768613,True,True
139,2016-01-25,PM,False,True,4.083333333333333,0.0141387518606697,7.665697728265038,3.129654311268126,31.3714333451661,3.865159571629759,4.083333,7.666,state_transition__AZ_I10_W::139__2016-01-25__320,10.904313737351949,78.79054749513305,1.1140000000000043,0.1277616288044173,0.0141387518606697,False,True,4424.666666666666,2.494175122134536,True,5.281359122503279,21.39640265364187,False,False
139,2016-01-26,AM,False,True,0.75,0.0141387518606697,0.41553822342234,0.359026115108676,0.7422249401495568,3.865159571629759,0.75,0.416,state_transition__AZ_I10_W::139__2016-01-26__321,34.835149082615686,78.79054749513305,1.1140000000000043,0.006925637057039,0.0141387518606697,True,True,1178.3333333333333,0.6642239759488914,True,1.0704265446676775,4.042370818055511,True,True
139,2016-01-26,PM,False,True,4.333333333333333,0.0141387518606697,6.691676232897654,2.44933511035317,21.460710826346432,3.865159571629759,4.333333,6.692,state_transition__AZ_I10_W::139__2016-01-26__322,11.932183691478414,78.79054749513305,1.1140000000000043,0.1115279372149609,0.0141387518606697,False,True,4885.666666666666,2.754039834648628,True,4.753331863162777,19.22030467551599,False,False
139,2016-01-26,PM,False,True,0.6666666666666666,0.0141387518606697,1.297286892633954,0.591726744435438,12.153124722720335,3.865159571629759,0.666667,1.297,state_transition__AZ_I10_W::139__2016-01-26__323,10.397541624324168,78.79054749513305,1.1140000000000043,0.0216214482105659,0.0141387518606697,True,True,706.8333333333333,0.3984404359263434,True,5.580117535190265,22.62764131849461,True,True
139,2016-01-27,PM,False,True,4.333333333333333,0.0141387518606697,6.212441895590832,2.385942357138954,24.29688591845336,3.865159571629759,4.333333,6.212,state_transition__AZ_I10_W::139__2016-01-27__324,12.833774421183826,78.79054749513305,1.1140000000000043,0.1035406982598472,0.0141387518606697,False,True,5037.666666666666,2.8397219090567454,True,4.3598075706416575,17.598518295835145,False,False
139,2016-01-28,AM,False,True,0.8333333333333334,0.0141387518606697,0.464481665205318,0.375173660904558,0.725620933674323,3.865159571629759,0.833333,0.464,state_transition__AZ_I10_W::139__2016-01-28__325,34.736829505644245,78.79054749513305,1.1140000000000043,0.0077413610867553,0.0141387518606697,True,True,1308.5,0.7375986471251409,True,1.0758574044740048,4.06475239558769,True,True
139,2016-01-28,MD,False,True,2.0,0.0141387518606697,1.282863292819356,0.65597694493416,1.6619225317571011,3.865159571629759,2.0,1.283,state_transition__AZ_I10_W::139__2016-01-28__326,32.174150309709155,78.79054749513305,1.1140000000000043,0.0213810548803226,0.0141387518606697,False,True,3089.833333333333,1.7417324314167604,True,1.2291190277262538,4.696371886028511,False,True
139,2016-01-28,PM,False,True,4.25,0.0141387518606697,3.976922079371064,1.337985911088006,10.76760573785103,3.865159571629759,4.25,3.977,state_transition__AZ_I10_W::139__2016-01-28__327,21.870148269154697,78.79054749513305,1.1140000000000043,0.0662820346561844,0.0141387518606697,False,True,5953.666666666666,3.356069146937241,True,2.207895595115162,8.730091114827855,False,False
139,2016-02-01,AM,False,True,0.5,0.0141387518606697,0.389918841940734,0.36932983131276,0.6947418370341102,3.865159571629759,0.5,0.39,state_transition__AZ_I10_W::139__2016-02-01__329,34.93149772444177,78.79054749513305,1.1140000000000043,0.0064986473656789,0.0141387518606697,True,True,786.0,0.4430665163472378,True,1.065134211726641,4.020560135351472,True,True
139,2016-02-01,PM,False,True,3.0,0.0141387518606697,4.175839430375082,1.987507076506872,16.79447673665594,3.865159571629759,3.0,4.176,state_transition__AZ_I10_W::139__2016-02-01__330,16.270544888395897,78.79054749513305,1.1140000000000043,0.0695973238395847,0.0141387518606697,False,True,3819.833333333333,2.1532318677189024,True,3.2597118630569746,13.064820456049445,False,False
139,2016-02-02,PM,False,True,5.416666666666667,0.0141387518606697,6.83956089124584,2.632108718758788,34.35922438340286,3.865159571629759,5.416667,6.84,state_transition__AZ_I10_W::139__2016-02-02__331,13.299290892676384,78.79054749513305,1.1140000000000043,0.113992681520764,0.0141387518606697,False,True,6389.166666666666,3.601559564073656,True,4.177506757095576,16.847222932289306,False,False
139,2016-02-03,PM,False,True,4.916666666666667,0.0141387518606697,6.745744728569448,3.094676227334172,26.52826564532079,3.865159571629759,4.916667,6.746,state_transition__AZ_I10_W::139__2016-02-03__332,11.438663782273643,78.79054749513305,1.1140000000000043,0.1124290788094908,0.0141387518606697,False,True,5442.5,3.067925591882751,True,4.995014746253125,20.216324528539133,False,False
139,2016-02-04,PM,False,True,6.0,0.0141387518606697,9.116661652394532,2.298098836217322,27.12061455453105,3.865159571629759,6.0,9.117,state_transition__AZ_I10_W::139__2016-02-04__333,14.529447349635626,78.79054749513305,1.1140000000000043,0.1519443608732422,0.0141387518606697,False,True,7327.333333333333,4.130402104472003,True,3.751987508073906,15.09357942038762,False,False
139,2016-02-08,AM,False,True,0.5833333333333334,0.0141387518606697,0.617204012132628,0.36448372908492,0.9030621654910737,3.865159571629759,0.583333,0.617,state_transition__AZ_I10_W::139__2016-02-08__334,40.92836506538166,78.79054749513305,1.1140000000000043,0.0102867335355438,0.0141387518606697,True,True,945.3333333333331,0.5328823750469748,True,0.7847721277248748,2.865136142845094,True,True
139,2016-02-08,PM,False,True,3.4166666666666665,0.0141387518606697,4.898867142854994,1.667336028114114,15.14479438387392,3.865159571629759,3.416667,4.899,state_transition__AZ_I10_W::139__2016-02-08__335,14.51721676708964,78.79054749513305,1.1140000000000043,0.0816477857142499,0.0141387518606697,False,True,4171.166666666666,2.351277715144682,True,3.7558632167676214,15.109551932607413,False,False
139,2016-02-09,AM,False,True,0.5,0.0141387518606697,0.3974554393391339,0.368413637578956,0.7235985876963885,3.865159571629759,0.5,0.397,state_transition__AZ_I10_W::139__2016-02-09__337,37.21719054530121,78.79054749513305,1.1140000000000043,0.0066242573223189,0.0141387518606697,True,True,796.0,0.4487034949267193,True,0.947619155529625,3.5362588579722103,True,True
139,2016-02-09,PM,False,True,5.166666666666667,0.0141387518606697,6.68869688324475,2.222781891912498,22.53932395566375,3.865159571629759,5.166667,6.689,state_transition__AZ_I10_W::139__2016-02-09__338,14.739357380046956,78.79054749513305,1.1140000000000043,0.1114782813874125,0.0141387518606697,False,True,6344.166666666666,3.57619316046599,True,3.6864723206063004,14.823579217816905,False,False
139,2016-02-10,AM,False,True,0.5833333333333334,0.0141387518606697,0.583700911015248,0.377282164272798,0.8695638105582565,3.865159571629759,0.583333,0.584,state_transition__AZ_I10_W::139__2016-02-10__339,41.04893420839339,78.79054749513305,1.1140000000000043,0.0097283485169208,0.0141387518606697,True,True,945.8333333333331,0.5331642239759489,True,0.779975386021291,2.845367883274939,True,True
139,2016-02-10,PM,False,True,5.583333333333333,0.0141387518606697,7.163381635645812,2.2582153074638938,23.71538403751069,3.865159571629759,5.583333,7.163,state_transition__AZ_I10_W::139__2016-02-10__340,16.03070246758676,78.79054749513305,1.1140000000000043,0.1193896939274302,0.0141387518606697,False,True,7071.5,3.9861894024802704,True,3.321174018865617,13.31811736567016,False,False
139,2016-02-11,PM,False,True,6.25,0.0141387518606697,6.07861866152403,2.386686938557596,29.57045370695015,3.865159571629759,6.25,6.079,state_transition__AZ_I10_W::139__2016-02-11__341,13.888992869292434,78.79054749513305,1.1140000000000043,0.1013103110254005,0.0141387518606697,False,True,7500.5,4.228015783540022,True,3.964118859569467,15.96781194706277,False,False
139,2016-02-12,MD,False,True,0.5,0.0141387518606697,0.737381328732978,0.331140589101012,0.9910595184405384,3.865159571629759,0.5,0.737,state_transition__AZ_I10_W::139__2016-02-12__342,45.319460079049485,78.79054749513305,1.1140000000000043,0.0122896888122163,0.0141387518606697,False,True,824.6666666666666,0.4648628335212326,True,0.6265380019850207,2.213024050141622,False,True
139,2016-02-12,PM,False,True,7.666666666666667,0.0141387518606697,8.475690428375387,2.272750837875522,25.61086421281717,3.865159571629759,7.666667,8.476,state_transition__AZ_I10_W::139__2016-02-12__343,14.94682449597287,78.79054749513305,1.1140000000000043,0.1412615071395898,0.0141387518606697,False,True,9463.666666666666,5.334648628335212,True,3.6235277570416518,14.564173031708014,False,False
139,2016-02-15,PM,False,True,4.75,0.0141387518606697,4.690792977939456,1.723992035860968,13.180609476027898,3.865159571629759,4.75,4.691,state_transition__AZ_I10_W::139__2016-02-15__344,20.12765192418914,78.79054749513305,1.1140000000000043,0.0781798829656576,0.0141387518606697,False,True,6490.5,3.658680947012401,True,2.4724795332211853,9.820490450415603,False,False
139,2016-02-16,AM,False,True,1.1666666666666667,0.0141387518606697,1.034294845020306,0.6584281535550599,1.30132103843623,3.865159571629759,1.166667,1.034,state_transition__AZ_I10_W::139__2016-02-16__345,33.288320003431664,78.79054749513305,1.1140000000000043,0.0172382474170051,0.0141387518606697,True,True,1815.6666666666663,1.023487410747839,True,1.159586371820371,4.409814953116566,True,True
139,2016-02-16,PM,False,True,4.916666666666667,0.0141387518606697,8.020696493298113,2.8475459723437138,32.33106719036927,3.865159571629759,4.916667,8.021,state_transition__AZ_I10_W::139__2016-02-16__346,12.026059210673496,78.79054749513305,1.1140000000000043,0.1336782748883019,0.0141387518606697,False,True,5562.0,3.1352874859075537,True,4.70960528177395,19.04009934772774,False,False
139,2016-02-17,AM,False,True,2.083333333333333,0.0141387518606697,0.83926095900651,0.506969677243818,1.3431579412506682,3.865159571629759,2.083333,0.839,state_transition__AZ_I10_W::139__2016-02-17__347,35.99060198914039,78.79054749513305,1.1140000000000043,0.0139876826501085,0.0141387518606697,True,True,3294.833333333333,1.857290492296129,True,1.008826375299881,3.7885051290361633,True,True
139,2016-02-17,PM,False,True,4.416666666666667,0.0141387518606697,6.3916712847562325,2.460911153962716,24.22469282397616,3.865159571629759,4.416667,6.392,state_transition__AZ_I10_W::139__2016-02-17__348,13.608779497848833,78.79054749513305,1.1140000000000043,0.1065278547459372,0.0141387518606697,False,True,5257.833333333333,2.963829387448328,True,4.063210122696279,16.376185366286464,False,False
139,2016-02-18,MD,False,True,0.5833333333333334,0.0141387518606697,0.43370000461542,0.3680679151623779,0.7872072537324276,3.865159571629759,0.583333,0.434,state_transition__AZ_I10_W::139__2016-02-18__349,46.10582852443552,78.79054749513305,1.1140000000000043,0.007228333410257,0.0141387518606697,True,True,964.8333333333331,0.5438744832769635,True,0.6013831386860348,2.1093562068690503,True,True
139,2016-02-18,PM,False,True,6.083333333333333,0.0141387518606697,7.855953558016344,2.557597658181708,23.88856440212459,3.865159571629759,6.083333,7.856,state_transition__AZ_I10_W::139__2016-02-18__350,13.414703119456236,78.79054749513305,1.1140000000000043,0.1309325593002724,0.0141387518606697,False,True,7200.5,4.0589064261555805,True,4.13426745151969,16.669025758232856,False,False
139,2016-02-19,PM,False,True,7.083333333333333,0.0141387518606697,7.686464559330275,1.987530981448728,20.266734930087317,3.865159571629759,7.083333,7.686,state_transition__AZ_I10_W::139__2016-02-19__351,16.58608241595861,78.79054749513305,1.1140000000000043,0.1281077426555046,0.0141387518606697,False,True,9080.5,5.118658399098083,True,3.181559602768858,12.74274053954788,False,False
139,2016-02-19,NT,False,True,1.0,0.0141387518606697,3.737113785347196,1.371266448430212,4.202408630047161,3.865159571629759,1.0,3.737,state_transition__AZ_I10_W::139__2016-02-19__352,10.570088621196714,78.79054749513305,1.1140000000000043,0.0622852297557866,0.0141387518606697,True,True,1068.3333333333333,0.602217211574596,True,5.475179108179005,22.195170655650184,True,True
139,2016-02-22,AM,False,True,1.3333333333333333,0.0141387518606697,0.619332244557294,0.355986802800192,0.9286386192061064,3.865159571629759,1.333333,0.619,state_transition__AZ_I10_W::139__2016-02-22__353,34.76915426688704,78.79054749513305,1.1140000000000043,0.0103222040759549,0.0141387518606697,True,True,2094.0,1.1803833145434048,True,1.0740684987116291,4.057379984137901,True,True
139,2016-02-22,PM,False,True,5.083333333333333,0.0141387518606697,7.197737729889901,2.757109370665614,27.41225676538564,3.865159571629759,5.083333,7.198,state_transition__AZ_I10_W::139__2016-02-22__354,12.42285951543376,78.79054749513305,1.1140000000000043,0.119962295498165,0.0141387518606697,False,True,5830.166666666666,3.286452461480646,True,4.532078644593263,18.308479247820618,False,False
139,2016-02-23,AM,False,True,1.5,0.0141387518606697,0.5159621400972361,0.367833374347536,0.8450950637794269,3.865159571629759,1.5,0.516,state_transition__AZ_I10_W::139__2016-02-23__355,43.25979030624238,78.79054749513305,1.1140000000000043,0.0085993690016206,0.0141387518606697,True,True,2454.6666666666665,1.3836903419767004,True,0.6967586607690202,2.502416370139234,True,True
139,2016-02-23,MD,False,True,0.5,0.0141387518606697,0.933795497307792,0.381205864921002,3.1403370130744594,3.865159571629759,0.5,0.934,state_transition__AZ_I10_W::139__2016-02-23__356,23.755584839302685,78.79054749513305,1.1140000000000043,0.0155632582884632,0.0141387518606697,True,True,717.0,0.4041713641488162,True,1.9653290438835314,7.730429501987267,True,True
139,2016-02-23,PM,False,True,5.25,0.0141387518606697,6.37636757576997,1.872937425635928,21.473030514148608,3.865159571629759,5.25,6.376,state_transition__AZ_I10_W::139__2016-02-23__357,14.251515086248313,78.79054749513305,1.1140000000000043,0.1062727929294995,0.0141387518606697,False,True,6364.0,3.5873731679819616,True,3.8417025517691616,15.463311705490774,False,False
139,2016-02-24,AM,False,True,1.4166666666666667,0.0141387518606697,0.423233178536328,0.3743478399484199,0.7944951873080958,3.865159571629759,1.416667,0.423,state_transition__AZ_I10_W::139__2016-02-24__358,41.39733607069412,78.79054749513305,1.1140000000000043,0.0070538863089388,0.0141387518606697,True,True,2300.5,1.2967869222096955,True,0.7662715350101614,2.78889177915277,True,True
139,2016-02-24,PM,False,True,9.083333333333334,0.0141387518606697,6.80197665379827,2.2101196967352177,32.70888494067444,3.865159571629759,9.083333,6.802,state_transition__AZ_I10_W::139__2016-02-24__359,14.442568626147311,78.79054749513305,1.1140000000000043,0.1133662775633045,0.0141387518606697,False,True,11067.333333333332,6.238632093198045,True,3.779660514060138,15.20762499532729,False,False
139,2016-02-25,AM,False,True,1.1666666666666667,0.0141387518606697,0.511397507040252,0.384595679323476,0.8057374083679908,3.865159571629759,1.166667,0.511,state_transition__AZ_I10_W::139__2016-02-25__360,45.62169878162511,78.79054749513305,1.1140000000000043,0.0085232917840042,0.0141387518606697,True,True,1926.3333333333333,1.0858699736941,True,0.6167671971740813,2.1727567567062334,True,True
139,2016-02-25,AM,False,True,1.0,0.0141387518606697,2.115009875192196,0.65083641946014,2.3732047248734904,3.865159571629759,1.0,2.115,state_transition__AZ_I10_W::139__2016-02-25__361,34.37732258833544,78.79054749513305,1.1140000000000043,0.0352501645865366,0.0141387518606697,False,True,1566.8333333333333,0.8832205937617437,True,1.0959798826841731,4.14768084932457,False,True
139,2016-02-25,PM,False,True,5.666666666666667,0.0141387518606697,8.13047405044416,2.2369887136029183,23.56030379132081,3.865159571629759,5.666667,8.13,state_transition__AZ_I10_W::139__2016-02-25__362,15.245262317327658,78.79054749513305,1.1140000000000043,0.135507900840736,0.0141387518606697,False,True,7046.666666666666,3.972190905674558,True,3.535987772502867,14.203404567598898,False,False
139,2016-02-26,PM,False,True,7.5,0.0141387518606697,8.737319368879326,2.464882684246926,26.80953145482272,3.865159571629759,7.5,8.737,state_transition__AZ_I10_W::139__2016-02-26__363,13.639246021335124,78.79054749513305,1.1140000000000043,0.1456219894813221,0.0141387518606697,False,True,8936.333333333332,5.037391957910559,True,4.052239032114248,16.330971473232513,False,False
139,2016-02-29,PM,False,True,4.583333333333333,0.0141387518606697,6.556403994988081,2.431785959751384,20.470313732172105,3.865159571629759,4.583333,6.556,state_transition__AZ_I10_W::139__2016-02-29__364,13.43403241047248,78.79054749513305,1.1140000000000043,0.109273399916468,0.0141387518606697,False,True,5428.166666666666,3.059845922585494,True,4.127098347059766,16.639480553048372,False,False
139,2016-03-01,AM,False,True,2.333333333333333,0.0141387518606697,0.8890899472728541,0.48709765540692,1.291548727936858,3.865159571629759,2.333333,0.889,state_transition__AZ_I10_W::139__2016-03-01__365,32.64404555734904,78.79054749513305,1.1140000000000043,0.0148181657878809,0.0141387518606697,True,True,3616.1666666666665,2.0384254039834646,True,1.1992152240873737,4.57313278144494,True,True
139,2016-03-01,PM,False,True,5.25,0.0141387518606697,6.043457935409874,2.557380798388446,26.59482435344872,3.865159571629759,5.25,6.043,state_transition__AZ_I10_W::139__2016-03-01__366,13.79627158636406,78.79054749513305,1.1140000000000043,0.1007242989234979,0.0141387518606697,False,True,6283.833333333333,3.5421833897031187,True,3.9964620891324825,16.10110437697642,False,False
139,2016-03-02,AM,False,True,1.0833333333333333,0.0141387518606697,0.702060549739746,0.4350168991830779,1.0192988290977727,3.865159571629759,1.083333,0.702,state_transition__AZ_I10_W::139__2016-03-02__367,24.849858967606067,78.79054749513305,1.1140000000000043,0.0117010091623291,0.0141387518606697,True,True,1572.5,0.8864148816234498,True,1.8414285842311635,7.219812796184736,True,True
139,2016-03-03,PM,False,True,6.833333333333333,0.0141387518606697,7.166735154890694,2.497002238543842,22.32988308882385,3.865159571629759,6.833333,7.167,state_transition__AZ_I10_W::139__2016-03-03__369,12.936876481840857,78.79054749513305,1.1140000000000043,0.1194455859148449,0.0141387518606697,False,True,7970.166666666666,4.492765877489665,True,4.318300703626871,17.42746082145015,False,False
139,2016-03-04,PM,False,True,11.166666666666666,0.0141387518606697,7.228691585947968,1.892029974361176,25.44730620315983,3.865159571629759,11.166667,7.229,state_transition__AZ_I10_W::139__2016-03-04__370,16.542269166898734,78.79054749513305,1.1140000000000043,0.1204781930991328,0.0141387518606697,False,True,14301.833333333332,8.061912814731304,True,3.1922330080250303,12.786727616326234,False,False
139,2016-03-07,MD,False,True,0.9166666666666666,0.0141387518606697,1.705919388630774,0.650750918314698,5.56950097225238,3.865159571629759,0.916667,1.706,state_transition__AZ_I10_W::139__2016-03-07__371,28.564887981162496,78.79054749513305,1.1140000000000043,0.0284319898105129,0.0141387518606697,False,True,1378.1666666666663,0.7768695978955279,True,1.4916105479737694,5.778147980693091,False,True
139,2016-03-07,MD,False,True,4.0,0.0141387518606697,6.974297349530688,2.25120568001259,16.973388595470258,3.865159571629759,4.0,6.974,state_transition__AZ_I10_W::139__2016-03-07__372,14.169987310902512,78.79054749513305,1.1140000000000043,0.1162382891588448,0.0141387518606697,False,True,4838.0,2.7271702367531003,True,3.8686868752776116,15.574519092588883,False,False
139,2016-03-08,PM,False,True,5.166666666666667,0.0141387518606697,8.071436289144414,2.60585908536387,27.687220747783048,3.865159571629759,5.166667,8.071,state_transition__AZ_I10_W::139__2016-03-08__373,12.509416924202602,78.79054749513305,1.1140000000000043,0.1345239381524069,0.0141387518606697,False,True,5943.0,3.350056369785795,True,4.494849586669014,18.155051415746804,False,False
139,2016-03-11,PM,False,True,8.0,0.0141387518606697,3.9810019681241697,1.705835834512104,16.894349782833675,3.865159571629759,8.0,3.981,state_transition__AZ_I10_W::139__2016-03-11__376,17.84533278760058,78.79054749513305,1.1140000000000043,0.0663500328020695,0.0141387518606697,False,True,10516.333333333332,5.92803457346862,True,2.8971920381684444,11.570809220804168,False,False
139,2016-03-14,AM,False,True,0.5,0.0141387518606697,0.3953643502350419,0.367592525202834,0.684873349379112,3.865159571629759,0.5,0.395,state_transition__AZ_I10_W::139__2016-03-14__377,38.19950594778526,78.79054749513305,1.1140000000000043,0.0065894058372507,0.0141387518606697,True,True,800.0,0.4509582863585118,True,0.9014357384441973,3.345928455962157,True,True
139,2016-03-14,PM,False,True,5.416666666666667,0.0141387518606697,5.497479270781182,2.134382810913156,27.69427552061062,3.865159571629759,5.416667,5.497,state_transition__AZ_I10_W::139__2016-03-14__378,14.929252858261874,78.79054749513305,1.1140000000000043,0.0916246545130197,0.0141387518606697,False,True,6683.333333333333,3.7673806839534008,True,3.628791100040217,14.585864241498333,False,False
139,2016-03-15,AM,False,True,3.0,0.0141387518606697,1.124326423369794,0.644001586174206,1.467182243071024,3.865159571629759,3.0,1.124,state_transition__AZ_I10_W::139__2016-03-15__379,37.69636175278865,78.79054749513305,1.1140000000000043,0.0187387737228299,0.0141387518606697,False,True,4787.833333333333,2.6988913942127017,True,0.9247903003545962,3.4421769243020512,False,True
139,2016-03-15,PM,False,True,5.083333333333333,0.0141387518606697,5.954105175134981,2.3921259494054583,22.46982129312501,3.865159571629759,5.083333,5.954,state_transition__AZ_I10_W::139__2016-03-15__380,13.305782116336331,78.79054749513305,1.1140000000000043,0.0992350862522497,0.0141387518606697,False,True,5997.166666666666,3.380590003757985,True,4.175054905828809,16.83711839982456,False,False
139,2016-03-16,AM,False,True,0.5833333333333334,0.0141387518606697,0.413350157930172,0.384808762460814,0.7307115737292041,3.865159571629759,0.583333,0.413,state_transition__AZ_I10_W::139__2016-03-16__381,42.4998633886736,78.79054749513305,1.1140000000000043,0.0068891692988362,0.0141387518606697,True,True,951.6666666666666,0.5364524614806464,True,0.724385826009871,2.6162730268903527,True,True
139,2016-03-16,PM,False,True,9.083333333333334,0.0141387518606697,6.630509931769464,1.837380767534874,27.219896646975048,3.865159571629759,9.083333,6.631,state_transition__AZ_I10_W::139__2016-03-16__382,15.957657181740418,78.79054749513305,1.1140000000000043,0.1105084988628244,0.0141387518606697,False,True,11485.5,6.47435174746336,True,3.3402596686170343,13.396772857599023,False,False
139,2016-03-17,AM,False,True,1.4166666666666667,0.0141387518606697,0.858311486955042,0.45950424858378,1.1741841778505862,3.865159571629759,1.416667,0.858,state_transition__AZ_I10_W::139__2016-03-17__383,43.68321832401173,78.79054749513305,1.1140000000000043,0.0143051914492507,0.0141387518606697,False,True,2322.1666666666665,1.309000375798572,True,0.681781930936841,2.440694497015774,False,True
139,2016-03-17,PM,False,True,7.916666666666667,0.0141387518606697,7.943571763359846,2.3091625926384003,35.484354847620466,3.865159571629759,7.916667,7.944,state_transition__AZ_I10_W::139__2016-03-17__384,14.519581093751624,78.79054749513305,1.1140000000000043,0.1323928627226641,0.0141387518606697,False,True,9665.5,5.448421645997745,True,3.7551134840341924,15.106462145372966,False,False
139,2016-03-18,PM,False,True,7.166666666666667,0.0141387518606697,5.456548238654862,2.181098727116142,20.76153632898654,3.865159571629759,7.166667,5.457,state_transition__AZ_I10_W::139__2016-03-18__385,15.133689165241549,78.79054749513305,1.1140000000000043,0.0909424706442477,0.0141387518606697,False,True,8887.666666666666,5.009958662157083,True,3.5683111275602113,14.336615090999496,False,False
139,2016-03-21,MD,False,True,5.083333333333333,0.0141387518606697,4.121838245313642,1.208302889524464,15.83982885298676,3.865159571629759,5.083333,4.122,state_transition__AZ_I10_W::139__2016-03-21__386,23.26039630178777,78.79054749513305,1.1140000000000043,0.0686973040885607,0.0141387518606697,False,True,7247.166666666666,4.08521232619316,True,2.0252286805135173,7.9772869811329254,False,False
139,2016-03-22,MD,False,True,2.1666666666666665,0.0141387518606697,0.819851588713548,0.566326873634076,1.188832856730942,3.865159571629759,2.166667,0.82,state_transition__AZ_I10_W::139__2016-03-22__387,39.15411522413435,78.79054749513305,1.1140000000000043,0.0136641931452258,0.0141387518606697,True,True,3482.833333333333,1.9632656895903795,True,0.858775141229286,3.170116246075571,True,True
139,2016-03-22,PM,False,True,5.666666666666667,0.0141387518606697,8.19926578413009,3.225935467978374,29.33773441213164,3.865159571629759,5.666667,8.199,state_transition__AZ_I10_W::139__2016-03-22__388,10.750143053545566,78.79054749513305,1.1140000000000043,0.1366544297355015,0.0141387518606697,False,True,6100.833333333333,3.4390266816986093,True,5.369266567565921,21.758685490520314,False,False
139,2016-03-23,AM,False,True,0.5833333333333334,0.0141387518606697,0.410299253573808,0.370908450283752,0.7930686167132156,3.865159571629759,0.583333,0.41,state_transition__AZ_I10_W::139__2016-03-23__389,37.01199226606499,78.79054749513305,1.1140000000000043,0.0068383208928968,0.0141387518606697,True,True,927.6666666666666,0.522923712889891,True,0.9575760546497321,3.57729308046809,True,True
139,2016-03-23,MD,False,True,0.5,0.0141387518606697,0.4349420531078279,0.2588650890094919,0.7459589971356256,3.865159571629759,0.5,0.435,state_transition__AZ_I10_W::139__2016-03-23__390,15.76784493255241,78.79054749513305,1.1140000000000043,0.0072490342184638,0.0141387518606697,True,True,629.5,0.354847801578354,True,3.390681568468035,13.60457083086289,True,True
139,2016-03-23,PM,False,True,7.583333333333333,0.0141387518606697,6.47454365476404,1.490337434519304,20.61500241211812,3.865159571629759,7.583333,6.475,state_transition__AZ_I10_W::139__2016-03-23__391,16.428534146413483,78.79054749513305,1.1140000000000043,0.107909060912734,0.0141387518606697,False,True,9688.833333333332,5.461574596016535,True,3.2202058604059163,12.90200891370563,False,False
139,2016-03-24,MD,False,True,0.75,0.0141387518606697,0.814553142805638,0.439332754679046,1.102279288264592,3.865159571629759,0.75,0.815,state_transition__AZ_I10_W::139__2016-03-24__392,43.84711815721093,78.79054749513305,1.1140000000000043,0.0135758857134273,0.0141387518606697,False,True,1230.1666666666663,0.6934423149192033,True,0.6760624150462842,2.4171233143824296,False,True
139,2016-03-24,PM,False,True,7.666666666666667,0.0141387518606697,8.769286232897663,2.520280848177114,29.74231718768083,3.865159571629759,7.666667,8.769,state_transition__AZ_I10_W::139__2016-03-24__393,13.386715674494225,78.79054749513305,1.1140000000000043,0.1461547705482944,0.0141387518606697,False,True,9067.0,5.111048478015784,True,4.144684497681003,16.711956331775568,False,False
139,2016-03-25,MD,False,True,6.25,0.0141387518606697,4.236013411714926,1.617519778643172,10.760291182571692,3.865159571629759,6.25,4.236,state_transition__AZ_I10_W::139__2016-03-25__394,19.404230552168517,78.79054749513305,1.1140000000000043,0.0706002235285821,0.0141387518606697,False,True,8443.0,4.7593010146561445,True,2.596284548109014,10.330713810693895,False,False
139,2016-03-28,AM,False,True,1.0,0.0141387518606697,0.778376213546676,0.481032386406078,1.123859798094509,3.865159571629759,1.0,0.778,state_transition__AZ_I10_W::139__2016-03-28__395,39.88804934747611,78.79054749513305,1.1140000000000043,0.0129729368924446,0.0141387518606697,True,True,1613.0,0.9092446448703496,True,0.8273647527033418,3.0406682265759217,True,True
139,2016-03-28,MD,False,True,5.333333333333333,0.0141387518606697,6.71588209768035,2.713926225987162,25.41161781692809,3.865159571629759,5.333333,6.716,state_transition__AZ_I10_W::139__2016-03-28__396,12.744299469172075,78.79054749513305,1.1140000000000043,0.1119313682946725,0.0141387518606697,False,True,6182.333333333333,3.4849680571213826,True,4.396372736341447,17.749210105285528,False,False
139,2016-03-29,AM,False,True,0.5,0.0141387518606697,0.3932520136464,0.365147358686808,0.7116775223739308,3.865159571629759,0.5,0.393,state_transition__AZ_I10_W::139__2016-03-29__397,34.859196585782016,78.79054749513305,1.1140000000000043,0.00655420022744,0.0141387518606697,True,True,785.6666666666666,0.4428786170612551,True,1.0691029000903587,4.036915833985071,True,True
139,2016-03-29,AM,False,True,0.8333333333333334,0.0141387518606697,0.726082293273024,0.470095380479508,1.159373873434662,3.865159571629759,0.833333,0.726,state_transition__AZ_I10_W::139__2016-03-29__398,36.36743518887645,78.79054749513305,1.1140000000000043,0.0121013715545504,0.0141387518606697,True,True,1320.6666666666663,0.7444569710635098,True,0.9895828863492971,3.7091991525800334,True,True
139,2016-03-29,PM,False,True,5.666666666666667,0.0141387518606697,7.42525461515673,3.652611707668032,24.90480175534822,3.865159571629759,5.666667,7.425,state_transition__AZ_I10_W::139__2016-03-29__399,9.537359420812322,78.79054749513305,1.1140000000000043,0.1237542435859455,0.0141387518606697,False,True,5767.0,3.2508455467869224,True,6.159904006174409,25.01704857907647,False,True
139,2016-03-30,PM,False,True,6.916666666666667,0.0141387518606697,8.569040763863653,2.5934231074505463,26.756559040788392,3.865159571629759,6.916667,8.569,state_transition__AZ_I10_W::139__2016-03-30__400,12.774919089980726,78.79054749513305,1.1140000000000043,0.1428173460643942,0.0141387518606697,False,True,8025.666666666666,4.524051108605787,True,4.383801959318905,17.69740360859748,False,False
139,2016-03-31,PM,False,True,5.0,0.0141387518606697,6.115339907758584,1.923315724552824,22.31557447959881,3.865159571629759,5.0,6.115,state_transition__AZ_I10_W::139__2016-03-31__401,15.06162543992286,78.79054749513305,1.1140000000000043,0.1019223317959764,0.0141387518606697,False,True,6189.666666666666,3.489101841413002,True,3.5894429278459006,14.423703147652635,False,False
139,2016-04-01,AM,False,True,0.8333333333333334,0.0141387518606697,0.865719557204484,0.5029428485331661,1.1496091307193428,3.865159571629759,0.833333,0.866,state_transition__AZ_I10_W::139__2016-04-01__402,35.01857449135417,78.79054749513305,1.1140000000000043,0.0144286592867414,0.0141387518606697,True,True,1310.6666666666663,0.7388199924840285,True,1.0603762267453185,4.000951599400619,True,True
139,2016-04-01,NT,False,True,11.0,0.0141387518606697,5.994352415511048,1.411612537615488,21.80875948825681,3.865159571629759,11.0,5.994,state_transition__AZ_I10_W::139__2016-04-01__403,17.880547529173995,78.79054749513305,1.1140000000000043,0.0999058735918508,0.0141387518606697,False,True,14469.5,8.15642615558061,True,2.889815450942908,11.54040894077505,False,False
139,2016-04-04,AM,False,True,0.75,0.0141387518606697,0.715445172050454,0.3970664132976539,1.157970320354929,3.865159571629759,0.75,0.715,state_transition__AZ_I10_W::139__2016-04-04__404,39.576134819619405,78.79054749513305,1.1140000000000043,0.0119240862008409,0.0141387518606697,True,True,1208.0,0.6809470124013529,True,0.840571500033601,3.095095674505203,True,True
139,2016-04-04,PM,False,True,3.1666666666666665,0.0141387518606697,5.385326570011518,1.646938060472208,15.56221766758812,3.865159571629759,3.166667,5.385,state_transition__AZ_I10_W::139__2016-04-04__405,16.794963844383727,78.79054749513305,1.1140000000000043,0.0897554428335253,0.0141387518606697,False,True,4077.333333333333,2.298384066140549,True,3.131439335566509,12.53618565020678,False,False
139,2016-04-05,AM,False,True,1.25,0.0141387518606697,1.178327012750988,0.653039696754378,1.4387478461648744,3.865159571629759,1.25,1.178,state_transition__AZ_I10_W::139__2016-04-05__406,31.13403490126835,78.79054749513305,1.1140000000000043,0.0196387835458498,0.0141387518606697,True,True,1917.1666666666663,1.0807027433295753,True,1.298521585614504,4.98239266095217,True,True
139,2016-04-05,PM,False,True,4.583333333333333,0.0141387518606697,4.785918380550462,2.09399464277835,27.68236422882838,3.865159571629759,4.583333,4.786,state_transition__AZ_I10_W::139__2016-04-05__407,13.351986512983329,78.79054749513305,1.1140000000000043,0.0797653063425077,0.0141387518606697,False,True,5414.833333333333,3.0523299511461857,True,4.157671556721165,16.765478403636777,False,False
139,2016-04-06,PM,False,True,4.583333333333333,0.0141387518606697,5.573453719323497,2.277252689306886,24.076059004457463,3.865159571629759,4.583333,5.573,state_transition__AZ_I10_W::139__2016-04-06__408,14.015921577138815,78.79054749513305,1.1140000000000043,0.0928908953220583,0.0141387518606697,False,True,5520.0,3.111612175873732,True,3.9205371877195705,15.78820381828102,False,False
139,2016-04-06,NT,False,True,0.5833333333333334,0.0141387518606697,0.580828334350314,0.326428616106948,1.719992216781792,3.865159571629759,0.583333,0.581,state_transition__AZ_I10_W::139__2016-04-06__409,9.493463297044975,78.79054749513305,1.1140000000000043,0.0096804722391719,0.0141387518606697,True,True,592.3333333333333,0.3338970311912814,True,6.192308839175793,25.150594888151293,True,True
139,2016-04-07,AM,False,True,0.8333333333333334,0.0141387518606697,0.4587693551801219,0.394350484557672,0.7877275403448342,3.865159571629759,0.833333,0.459,state_transition__AZ_I10_W::139__2016-04-07__410,40.54247111137691,78.79054749513305,1.1140000000000043,0.0076461559196687,0.0141387518606697,True,True,1348.1666666666663,0.7599586621570837,True,0.8003163788200179,2.9291968760388123,True,True
139,2016-04-07,PM,False,True,4.75,0.0141387518606697,4.632381839499444,1.82678515034928,18.37099095580287,3.865159571629759,4.75,4.632,state_transition__AZ_I10_W::139__2016-04-07__411,16.960187785554627,78.79054749513305,1.1140000000000043,0.0772063639916574,0.0141387518606697,False,True,6136.833333333333,3.459319804584742,True,3.0926689884917336,12.376405880529676,False,False
139,2016-04-07,PM,False,True,0.5833333333333334,0.0141387518606697,0.83521004666193,0.354651691401318,5.246455389521019,3.865159571629759,0.583333,0.835,state_transition__AZ_I10_W::139__2016-04-07__412,14.350401603643329,78.79054749513305,1.1140000000000043,0.0139201674443655,0.0141387518606697,True,True,709.0,0.3996617812852311,True,3.8093842574851124,15.330122038472759,True,True
139,2016-04-08,AM,False,True,1.0833333333333333,0.0141387518606697,0.4537563647622419,0.352022124208332,0.5243901231067999,3.865159571629759,1.083333,0.454,state_transition__AZ_I10_W::139__2016-04-08__413,44.10366757257314,78.79054749513305,1.1140000000000043,0.0075626060793707,0.0141387518606697,True,True,1778.6666666666663,1.002630590003758,True,0.6671951087590388,2.3805795054374173,True,True
139,2016-04-08,PM,False,True,7.416666666666667,0.0141387518606697,6.5356361110452,1.871825127141786,21.525082561261915,3.865159571629759,7.416667,6.536,state_transition__AZ_I10_W::139__2016-04-08__414,18.71144211294994,78.79054749513305,1.1140000000000043,0.10892726851742,0.0141387518606697,False,True,9903.0,5.582299887260429,True,2.7238207227923805,10.856313970452725,False,False
139,2016-04-11,PM,False,True,3.333333333333333,0.0141387518606697,4.05876824878092,1.720181838505944,16.582553056572298,3.865159571629759,3.333333,4.059,state_transition__AZ_I10_W::139__2016-04-11__415,17.264556373778294,78.79054749513305,1.1140000000000043,0.067646137479682,0.0141387518606697,False,True,4333.0,2.44250281848929,True,3.0231905272741146,12.090072293949707,False,False
139,2016-04-12,AM,False,True,1.25,0.0141387518606697,4.844632945754976,1.02849915321909,4.676019628032096,3.865159571629759,1.25,4.845,state_transition__AZ_I10_W::139__2016-04-12__416,24.69974797760993,78.79054749513305,1.1140000000000043,0.0807438824292496,0.0141387518606697,False,True,1811.5,1.021138669673055,True,1.8577753741052554,7.287180940091338,False,True
139,2016-04-12,PM,False,True,5.25,0.0141387518606697,7.217437998515178,3.010770199552608,34.05553228229935,3.865159571629759,5.25,7.217,state_transition__AZ_I10_W::139__2016-04-12__417,11.36073186814317,78.79054749513305,1.1140000000000043,0.1202906333085863,0.0141387518606697,False,True,5794.0,3.266065388951522,True,5.0350986656102465,20.38151777249653,False,False
139,2016-04-13,PM,False,True,4.75,0.0141387518606697,6.634734519419472,2.1589634886471902,21.273246643229506,3.865159571629759,4.75,6.635,state_transition__AZ_I10_W::139__2016-04-13__418,14.46859816283053,78.79054749513305,1.1140000000000043,0.1105789086569912,0.0141387518606697,False,True,5791.5,3.2646561443066515,True,3.771334598843069,15.173312359096084,False,False
139,2016-04-14,AM,False,True,0.8333333333333334,0.0141387518606697,0.446264072003568,0.393498529295268,0.514180645447036,3.865159571629759,0.833333,0.446,state_transition__AZ_I10_W::139__2016-04-14__419,38.27486623823429,78.79054749513305,1.1140000000000043,0.0074377345333928,0.0141387518606697,True,True,1333.8333333333333,0.7518789928598271,True,0.8979905928737872,3.3317303739929,True,True
139,2016-04-14,PM,False,True,5.5,0.0141387518606697,6.018931384300542,2.4067135027220097,22.52198915019216,3.865159571629759,5.5,6.019,state_transition__AZ_I10_W::139__2016-04-14__420,13.203286501981015,78.79054749513305,1.1140000000000043,0.1003155230716757,0.0141387518606697,False,True,6468.5,3.646279594137542,True,4.2140508346798145,16.997827833715917,False,False
139,2016-04-15,PM,False,True,6.0,0.0141387518606697,6.1121465727402775,2.200618072060662,19.252590597335715,3.865159571629759,6.0,6.112,state_transition__AZ_I10_W::139__2016-04-15__421,15.700928052828694,78.79054749513305,1.1140000000000043,0.1018691095456713,0.0141387518606697,False,True,7542.333333333333,4.251597143930853,True,3.4087480865239366,13.679026292617507,False,False
139,2016-04-18,PM,False,True,4.666666666666667,0.0141387518606697,4.50176229040926,1.448983050374604,17.317277303736578,3.865159571629759,4.666667,4.502,state_transition__AZ_I10_W::139__2016-04-18__422,21.175375358351246,78.79054749513305,1.1140000000000043,0.075029371506821,0.0141387518606697,False,True,6475.5,3.650225479143179,True,2.3081714731365057,9.143346551089962,False,False
139,2016-04-19,AM,False,True,1.25,0.0141387518606697,0.970922596458984,0.623770512149154,1.069460834128984,3.865159571629759,1.25,0.971,state_transition__AZ_I10_W::139__2016-04-19__423,33.78881536069453,78.79054749513305,1.1140000000000043,0.0161820432743164,0.0141387518606697,True,True,1951.5,1.1000563697857948,True,1.1298442703427374,4.2872422530413274,True,True
139,2016-04-19,PM,False,True,2.9166666666666665,0.0141387518606697,3.130107485382894,1.497281104463274,11.411114054541772,3.865159571629759,2.916667,3.13,state_transition__AZ_I10_W::139__2016-04-19__424,18.02379417500043,78.79054749513305,1.1140000000000043,0.0521684580897149,0.0141387518606697,False,True,3846.833333333333,2.1684517098835023,True,2.860106051688866,11.4179710126105,False,True
139,2016-04-20,MD,False,True,0.5,0.0141387518606697,0.540942296965428,0.2878754892981899,0.6273206333761455,3.865159571629759,0.5,0.541,state_transition__AZ_I10_W::139__2016-04-20__425,24.7295978555459,78.79054749513305,1.1140000000000043,0.0090157049494238,0.0141387518606697,True,True,724.8333333333333,0.4085869973694099,True,1.8545089736706906,7.2737194998803085,True,True
139,2016-04-20,PM,False,True,5.083333333333333,0.0141387518606697,6.216125781216977,2.210944181511666,23.67448706671988,3.865159571629759,5.083333,6.216,state_transition__AZ_I10_W::139__2016-04-20__426,14.82379193114384,78.79054749513305,1.1140000000000043,0.1036020963536163,0.0141387518606697,False,True,6255.333333333333,3.526118000751597,True,3.660642655208569,14.717130390311533,False,False
139,2016-04-21,PM,False,True,4.916666666666667,0.0141387518606697,7.378884364669068,2.334576439578588,19.39538362045278,3.865159571629759,4.916667,7.379,state_transition__AZ_I10_W::139__2016-04-21__427,14.168707888780816,78.79054749513305,1.1140000000000043,0.1229814060778178,0.0141387518606697,False,True,5946.5,3.352029312288613,True,3.8691128173982157,15.57627447883278,False,False
139,2016-04-22,PM,False,True,5.75,0.0141387518606697,4.932185523280464,2.33588446408011,16.972581241938176,3.865159571629759,5.75,4.932,state_transition__AZ_I10_W::139__2016-04-22__428,14.23779818812564,78.79054749513305,1.1140000000000043,0.0822030920546744,0.0141387518606697,False,True,6967.5,3.927564825253664,True,3.8462209914043823,15.48193303077381,False,False
139,2016-04-25,AM,False,True,0.5833333333333334,0.0141387518606697,0.4099973435554619,0.371395268675058,1.0623841705576869,3.865159571629759,0.583333,0.41,state_transition__AZ_I10_W::139__2016-04-25__429,34.807698503888744,78.79054749513305,1.1140000000000043,0.0068332890592577,0.0141387518606697,True,True,916.3333333333331,0.5165351371664787,True,1.0719397398992738,4.048606975423787,True,True
139,2016-04-25,MD,False,True,0.5833333333333334,0.0141387518606697,1.131425694412764,0.38265878898888,2.444858519870204,3.865159571629759,0.583333,1.131,state_transition__AZ_I10_W::139__2016-04-25__430,30.09781954819299,78.79054749513305,1.1140000000000043,0.0188570949068794,0.0141387518606697,True,True,887.8333333333333,0.5004697482149567,True,1.3724337673535296,5.2869984296809545,True,True
139,2016-04-25,MD,False,True,3.5,0.0141387518606697,2.903158906624662,1.218661151749464,10.320500980951635,3.865159571629759,3.5,2.903,state_transition__AZ_I10_W::139__2016-04-25__431,17.756096613328587,78.79054749513305,1.1140000000000043,0.0483859817770777,0.0141387518606697,True,True,4593.166666666666,2.589158211198797,True,2.916015748604226,11.648385212375688,True,True
139,2016-04-26,AM,False,True,0.75,0.0141387518606697,0.396451793877144,0.370985746634946,0.5230815280243722,3.865159571629759,0.75,0.396,state_transition__AZ_I10_W::139__2016-04-26__432,33.80255988772349,78.79054749513305,1.1140000000000043,0.0066075298979524,0.0141387518606697,True,True,1171.0,0.6600901916572717,True,1.129039922901927,4.283927388498455,True,True
139,2016-04-26,PM,False,True,4.666666666666667,0.0141387518606697,6.042316705546482,2.239482883061628,21.16228373247141,3.865159571629759,4.666667,6.042,state_transition__AZ_I10_W::139__2016-04-26__433,13.906644906179467,78.79054749513305,1.1140000000000043,0.1007052784257747,0.0141387518606697,False,True,5603.166666666666,3.1584930477264184,True,3.9580103093713657,15.942637482108118,False,False
139,2016-04-27,PM,False,True,4.666666666666667,0.0141387518606697,7.021409736844692,2.2161112996925216,18.721781322885267,3.865159571629759,4.666667,7.021,state_transition__AZ_I10_W::139__2016-04-27__434,13.53745990227802,78.79054749513305,1.1140000000000043,0.1170234956140782,0.0141387518606697,False,True,5543.833333333333,3.1250469748214957,True,4.089085634725365,16.482823136237567,False,False
139,2016-04-28,AM,False,True,0.5833333333333334,0.0141387518606697,0.4257788539533659,0.378325139807676,0.6202222153499709,3.865159571629759,0.583333,0.426,state_transition__AZ_I10_W::139__2016-04-28__435,29.13871887282046,78.79054749513305,1.1140000000000043,0.0070963142325561,0.0141387518606697,True,True,881.1666666666666,0.4967117624953025,True,1.4455300263201223,5.588241629784748,True,True
139,2016-04-28,PM,False,True,5.5,0.0141387518606697,8.064974603164098,2.446504113530634,21.929078651921632,3.865159571629759,5.5,8.065,state_transition__AZ_I10_W::139__2016-04-28__436,13.413635720863644,78.79054749513305,1.1140000000000043,0.1344162433860683,0.0141387518606697,False,True,6509.833333333333,3.669579105599399,True,4.134663944491473,16.670659779088737,False,False
139,2016-04-29,PM,False,True,5.916666666666667,0.0141387518606697,7.1471786270454,2.283157212201198,16.96842224644948,3.865159571629759,5.916667,7.147,state_transition__AZ_I10_W::139__2016-04-29__437,14.962380054619146,78.79054749513305,1.1140000000000043,0.11911964378409,0.0141387518606697,False,True,7306.333333333333,4.118564449455092,True,3.618878619050077,14.545013074329814,False,False
139,2016-05-02,PM,False,True,3.083333333333333,0.0141387518606697,5.28437421933189,1.9624761148719665,13.539472317062948,3.865159571629759,3.083333,5.284,state_transition__AZ_I10_W::139__2016-05-02__438,14.499840016755975,78.79054749513305,1.1140000000000043,0.0880729036555315,0.0141387518606697,False,True,3762.5,2.120913190529876,True,3.7613809211684597,15.132291412772805,False,True
139,2016-05-03,PM,False,True,4.25,0.0141387518606697,6.1675269490391225,2.381617668212148,21.79923342758693,3.865159571629759,4.25,6.168,state_transition__AZ_I10_W::139__2016-05-03__439,13.2618107882455,78.79054749513305,1.1140000000000043,0.1027921158173187,0.0141387518606697,False,True,5007.333333333333,2.8226230740323186,True,4.191710601977697,16.9057596036123,False,False
139,2016-05-04,MD,False,True,0.8333333333333334,0.0141387518606697,2.43938234265174,0.962481322876746,2.4866188408041783,3.865159571629759,0.833333,2.439,state_transition__AZ_I10_W::139__2016-05-04__440,15.747157623316008,78.79054749513305,1.1140000000000043,0.040656372377529,0.0141387518606697,True,True,1048.6666666666663,0.5911311537016158,True,3.396250423758893,13.627521113304834,True,True
139,2016-05-05,PM,False,True,4.666666666666667,0.0141387518606697,7.200404233089186,2.649082219270974,21.2840319370971,3.865159571629759,4.666667,7.2,state_transition__AZ_I10_W::139__2016-05-05__442,12.465620193324911,78.79054749513305,1.1140000000000043,0.1200067372181531,0.0141387518606697,False,True,5360.0,3.0214205186020293,True,4.5136223056083935,18.232417261932344,False,False
139,2016-05-06,MD,False,True,5.166666666666667,0.0141387518606697,5.576892976215132,2.3563940780802,14.315883331403557,3.865159571629759,5.166667,5.577,state_transition__AZ_I10_W::139__2016-05-06__443,14.044529345206076,78.79054749513305,1.1140000000000043,0.0929482162702522,0.0141387518606697,False,True,6227.5,3.5104284103720405,True,3.910823333787445,15.74817122994853,False,True
139,2016-05-09,PM,False,True,4.166666666666667,0.0141387518606697,6.447295953735144,3.05015793801639,22.07519582098749,3.865159571629759,4.166667,6.447,state_transition__AZ_I10_W::139__2016-05-09__444,10.499419516405904,78.79054749513305,1.1140000000000043,0.1074549325622524,0.0141387518606697,False,True,4437.666666666666,2.5015031942878614,True,5.517741116645975,22.370576563075545,False,True
139,2016-05-10,PM,False,True,5.416666666666667,0.0141387518606697,5.9815482840999,2.380015079879976,28.83699839433925,3.865159571629759,5.416667,5.982,state_transition__AZ_I10_W::139__2016-05-10__445,13.057548414624817,78.79054749513305,1.1140000000000043,0.099692471401665,0.0141387518606697,False,True,6341.833333333333,3.574877865464111,True,4.270553094098464,17.23068409313335,False,False
139,2016-05-11,AM,False,True,1.5,0.0141387518606697,2.06994425999427,0.850214413762344,2.245291828008769,3.865159571629759,1.5,2.07,state_transition__AZ_I10_W::139__2016-05-11__446,34.23072801035215,78.79054749513305,1.1140000000000043,0.0344990709999045,0.0141387518606697,False,True,2348.1666666666665,1.3236565201052235,True,1.1043064531861964,4.181996186106247,False,True
139,2016-05-11,PM,False,True,4.833333333333333,0.0141387518606697,7.401382487466845,2.704937200367922,24.715434137046035,3.865159571629759,4.833333,7.401,state_transition__AZ_I10_W::139__2016-05-11__447,12.123064306327722,78.79054749513305,1.1140000000000043,0.1233563747911141,0.0141387518606697,False,True,5486.5,3.092728297632469,True,4.665132402984446,18.85681839034658,False,False
139,2016-05-12,PM,False,True,6.0,0.0141387518606697,5.167454276443572,1.678606971133122,19.634576657649934,3.865159571629759,6.0,5.167,state_transition__AZ_I10_W::139__2016-05-12__448,17.3495600861316,78.79054749513305,1.1140000000000043,0.0861242379407262,0.0141387518606697,False,True,7812.5,4.403889515219842,True,3.0042221384442063,12.011900055962176,False,False
139,2016-05-13,AM,False,True,0.75,0.0141387518606697,0.83015182858956,0.432495072524454,3.619427336654669,3.865159571629759,0.75,0.83,state_transition__AZ_I10_W::139__2016-05-13__449,39.22450110933211,78.79054749513305,1.1140000000000043,0.013835863809826,0.0141387518606697,True,True,1206.0,0.6798196166854565,True,0.8557118578471821,3.157491888797977,True,False
139,2016-05-13,PM,False,True,5.333333333333333,0.0141387518606697,6.273873217953455,2.334944746011126,23.84540301066851,3.865159571629759,5.333333,6.274,state_transition__AZ_I10_W::139__2016-05-13__450,14.075071796607045,78.79054749513305,1.1140000000000043,0.1045645536325576,0.0141387518606697,False,True,6433.833333333333,3.62673806839534,True,3.9004961353045555,15.705610935303163,False,False
139,2016-05-16,PM,False,True,4.583333333333333,0.0141387518606697,6.602658236581283,1.831816206752484,28.42229299387215,3.865159571629759,4.583333,6.603,state_transition__AZ_I10_W::139__2016-05-16__451,15.917440442893612,78.79054749513305,1.1140000000000043,0.1100443039430214,0.0141387518606697,False,True,5790.166666666666,3.2639045471627206,True,3.3508424768800618,13.440386567415505,False,False
139,2016-05-17,AM,False,True,0.5833333333333334,0.0141387518606697,0.4149503186869679,0.361143381188628,0.4749051292448475,3.865159571629759,0.583333,0.415,state_transition__AZ_I10_W::139__2016-05-17__452,41.2918285070797,78.79054749513305,1.1140000000000043,0.0069158386447828,0.0141387518606697,True,True,946.8333333333331,0.533727921833897,True,0.7703971008803887,2.8058939990003586,True,True
139,2016-05-17,AM,False,True,1.5,0.0141387518606697,1.281080045702478,0.8829453250446719,1.327794586396978,3.865159571629759,1.5,1.281,state_transition__AZ_I10_W::139__2016-05-17__453,19.3191488396097,78.79054749513305,1.1140000000000043,0.0213513340950413,0.0141387518606697,True,True,2023.5,1.140642615558061,True,2.6114546413352344,10.393232570120807,True,True
139,2016-05-17,MD,False,True,3.75,0.0141387518606697,3.7534206559408383,1.758459762178146,13.047828513557834,3.865159571629759,3.75,3.753,state_transition__AZ_I10_W::139__2016-05-17__454,16.722756021057435,78.79054749513305,1.1140000000000043,0.0625570109323473,0.0141387518606697,False,True,4821.166666666666,2.717681322810973,True,3.148623711618058,12.60700564163646,False,False
139,2016-05-18,PM,False,True,5.25,0.0141387518606697,5.323724235047514,2.283232267537446,21.17755381384933,3.865159571629759,5.25,5.324,state_transition__AZ_I10_W::139__2016-05-18__455,14.342615388561644,78.79054749513305,1.1140000000000043,0.0887287372507919,0.0141387518606697,False,True,6379.666666666666,3.5962044344231487,True,3.8119128009866627,15.34054263381892,False,False
139,2016-05-19,AM,False,True,0.5833333333333334,0.0141387518606697,0.434722665896496,0.375887206335948,0.4803099599566868,3.865159571629759,0.583333,0.435,state_transition__AZ_I10_W::139__2016-05-19__456,40.96849016049633,78.79054749513305,1.1140000000000043,0.0072453777649416,0.0141387518606697,True,True,945.5,0.5329763246899661,True,0.783172650131136,2.858544399907163,True,True
139,2016-05-19,PM,False,True,5.833333333333333,0.0141387518606697,5.6075201943199495,2.066019157731822,18.965105088040502,3.865159571629759,5.833333,5.608,state_transition__AZ_I10_W::139__2016-05-19__457,15.353892143041575,78.79054749513305,1.1140000000000043,0.0934586699053325,0.0141387518606697,False,True,7273.0,4.099774520856821,True,3.5049684622170654,14.075568253844754,False,False
139,2016-05-20,MD,False,True,5.166666666666667,0.0141387518606697,7.513466065482433,1.869790026679914,15.037446538334738,3.865159571629759,5.166667,7.513,state_transition__AZ_I10_W::139__2016-05-20__458,16.69399808344656,78.79054749513305,1.1140000000000043,0.1252244344247072,0.0141387518606697,False,True,6638.5,3.742108229988726,True,3.1555090607308687,12.635381438563673,False,False
139,2016-05-23,MD,False,True,2.6666666666666665,0.0141387518606697,3.909088304068957,1.106624949480864,11.841463858453894,3.865159571629759,2.666667,3.909,state_transition__AZ_I10_W::139__2016-05-23__460,19.882885565025187,78.79054749513305,1.1140000000000043,0.0651514717344826,0.0141387518606697,False,True,3630.0,2.0462232243517477,True,2.513359980868445,9.988966334750044,False,False
139,2016-05-24,PM,False,True,4.25,0.0141387518606697,5.613586129562107,2.3620663315216857,17.431627974007373,3.865159571629759,4.25,5.614,state_transition__AZ_I10_W::139__2016-05-24__461,13.826714848448027,78.79054749513305,1.1140000000000043,0.0935597688260351,0.0141387518606697,False,True,5091.333333333333,2.8699736940999623,True,3.9857949763648586,16.05714323270697,False,False
139,2016-05-25,PM,False,True,4.916666666666667,0.0141387518606697,6.162353626288572,2.338533853982676,18.139267806442323,3.865159571629759,4.916667,6.162,state_transition__AZ_I10_W::139__2016-05-25__462,14.009128923627976,78.79054749513305,1.1140000000000043,0.1027058937714762,0.0141387518606697,False,True,5920.333333333333,3.33727921833897,True,3.9228494820397275,15.797733210762024,False,False
139,2016-05-26,PM,False,True,5.333333333333333,0.0141387518606697,6.233950828209462,2.223392914130442,18.049949173974955,3.865159571629759,5.333333,6.234,state_transition__AZ_I10_W::139__2016-05-26__463,14.281873258971231,78.79054749513305,1.1140000000000043,0.1038991804701577,0.0141387518606697,False,True,6470.333333333333,3.647313040210447,True,3.831733224405777,15.422226263906131,False,False
139,2016-05-27,MD,False,True,4.833333333333333,0.0141387518606697,3.800204872332024,1.9827262588332,11.32489444601992,3.865159571629759,4.833333,3.8,state_transition__AZ_I10_W::139__2016-05-27__464,13.581913380959444,78.79054749513305,1.1140000000000043,0.0633367478722004,0.0141387518606697,True,True,5749.333333333333,3.2408868846298384,True,4.072925534362577,16.416224374329527,True,True
139,2016-05-31,MD,False,True,3.1666666666666665,0.0141387518606697,3.835568044275528,1.669864016700186,8.899325795338358,3.865159571629759,3.166667,3.836,state_transition__AZ_I10_W::139__2016-05-31__465,18.059799100926963,78.79054749513305,1.1140000000000043,0.0639261340712588,0.0141387518606697,False,True,4179.333333333333,2.3558812476512587,True,2.8527127363705103,11.387501793017528,False,True
139,2016-06-01,PM,False,True,4.416666666666667,0.0141387518606697,5.038472030638098,1.446786153047592,14.586042897281516,3.865159571629759,4.416667,5.038,state_transition__AZ_I10_W::139__2016-06-01__466,16.70369889665551,78.79054749513305,1.1140000000000043,0.0839745338439683,0.0141387518606697,False,True,5676.0,3.1995490417136416,True,3.153183800459711,12.625798611000937,False,False
139,2016-06-02,PM,False,True,5.666666666666667,0.0141387518606697,6.369070448015682,2.2488668199871023,21.941309138918346,3.865159571629759,5.666667,6.369,state_transition__AZ_I10_W::139__2016-06-02__467,14.53351876335604,78.79054749513305,1.1140000000000043,0.1061511741335947,0.0141387518606697,False,True,6921.0,3.901352874859076,True,3.7506987784673274,15.088268327368048,False,False
139,2016-06-03,MD,False,True,0.9166666666666666,0.0141387518606697,0.963566315559354,0.43391671485933,1.1196447074031983,3.865159571629759,0.916667,0.964,state_transition__AZ_I10_W::139__2016-06-03__468,34.13636862498063,78.79054749513305,1.1140000000000043,0.0160594385926559,0.0141387518606697,True,True,1434.1666666666663,0.8084366779406238,True,1.1097038964918446,4.204240048059776,True,True
139,2016-06-03,PM,False,True,5.166666666666667,0.0141387518606697,6.7878817008103685,2.57532239847063,32.43738598462981,3.865159571629759,5.166667,6.788,state_transition__AZ_I10_W::139__2016-06-03__469,12.82539497173484,78.79054749513305,1.1140000000000043,0.1131313616801728,0.0141387518606697,False,True,6004.833333333333,3.384911687335588,True,4.363210295051392,17.612541552356763,False,False
139,2016-06-06,MD,False,True,3.4166666666666665,0.0141387518606697,2.45316875050059,0.941429907989514,5.6823199486190905,3.865159571629759,3.416667,2.453,state_transition__AZ_I10_W::139__2016-06-06__470,24.521135990595923,78.79054749513305,1.1140000000000043,0.0408861458416765,0.0141387518606697,False,True,4941.833333333333,2.785700864336716,True,1.877486613625477,7.368414603141014,False,True
139,2016-06-07,AM,False,True,0.5,0.0141387518606697,0.421723815105312,0.37815821325507,0.5426974551432712,3.865159571629759,0.5,0.422,state_transition__AZ_I10_W::139__2016-06-07__471,38.07443815545757,78.79054749513305,1.1140000000000043,0.0070287302517552,0.0141387518606697,True,True,799.5,0.4506764374295378,True,0.9071833932284374,3.369615604179794,True,True
139,2016-06-07,PM,False,True,4.083333333333333,0.0141387518606697,6.135829599063846,2.271861277369998,21.715888963931693,3.865159571629759,4.083333,6.136,state_transition__AZ_I10_W::139__2016-06-07__472,14.523164353039569,78.79054749513305,1.1140000000000043,0.1022638266510641,0.0141387518606697,False,True,4985.833333333333,2.8105035700864334,True,3.7539776906421016,15.101781330774141,False,False
139,2016-06-08,AM,False,True,1.3333333333333333,0.0141387518606697,0.419678527350018,0.37715532732225,0.526974849551623,3.865159571629759,1.333333,0.42,state_transition__AZ_I10_W::139__2016-06-08__473,48.93660756766388,78.79054749513305,1.1140000000000043,0.0069946421225003,0.0141387518606697,True,True,2226.333333333333,1.2549793310785418,True,0.5175235509909855,1.763755338729041,True,True
139,2016-06-08,PM,False,True,6.833333333333333,0.0141387518606697,6.212817155183922,2.0252627686457343,19.289269547725517,3.865159571629759,6.833333,6.213,state_transition__AZ_I10_W::139__2016-06-08__474,14.673795797277132,78.79054749513305,1.1140000000000043,0.1035469525863987,0.0141387518606697,False,True,8376.5,4.721815107102593,True,3.7067335060082245,14.907079309540636,False,False
139,2016-06-09,AM,False,True,0.5,0.0141387518606697,0.418130099334084,0.37759828312533,0.5173307943751998,3.865159571629759,0.5,0.418,state_transition__AZ_I10_W::139__2016-06-09__475,46.10582852443556,78.79054749513305,1.1140000000000043,0.0069688349889014,0.0141387518606697,True,True,827.0,0.4661781285231116,True,0.6013831386860335,2.1093562068690455,True,True
139,2016-06-09,MD,False,True,4.5,0.0141387518606697,4.951832033055192,1.899794666846616,14.39045031796974,3.865159571629759,4.5,4.952,state_transition__AZ_I10_W::139__2016-06-09__476,15.1789523016609,78.79054749513305,1.1140000000000043,0.0825305338842532,0.0141387518606697,False,True,5586.833333333333,3.1492859827132653,True,3.5551408635896404,14.282337997741962,False,False
139,2016-06-13,PM,False,True,4.666666666666667,0.0141387518606697,3.016609520347902,1.514861888763372,13.185836105161233,3.865159571629759,4.666667,3.017,state_transition__AZ_I10_W::139__2016-06-13__478,15.097579875761696,78.79054749513305,1.1140000000000043,0.0502768253391317,0.0141387518606697,True,True,5782.166666666666,3.259394964299135,True,3.5788745157191664,14.38014876697594,True,True
139,2016-06-14,AM,False,True,1.0,0.0141387518606697,0.451374946077216,0.416324666452392,0.5489500464642366,3.865159571629759,1.0,0.451,state_transition__AZ_I10_W::139__2016-06-14__479,47.21020188764789,78.79054749513305,1.1140000000000043,0.0075229157679536,0.0141387518606697,True,True,1660.3333333333333,0.9359263434798948,True,0.5674705708071759,1.96959624355501,True,True
139,2016-06-14,MD,False,True,3.0,0.0141387518606697,2.13154915147707,1.190274920934672,7.904227294815003,3.865159571629759,3.0,2.132,state_transition__AZ_I10_W::139__2016-06-14__480,24.591454712863005,78.79054749513305,1.1140000000000043,0.0355258191912845,0.0141387518606697,False,True,4342.5,2.4478579481397973,True,1.8696922151281388,7.336292445599469,False,False
139,2016-06-15,AM,False,True,1.4166666666666667,0.0141387518606697,0.522457762033992,0.375647456051232,0.5799264375013086,3.865159571629759,1.416667,0.522,state_transition__AZ_I10_W::139__2016-06-15__481,33.509384733055384,78.79054749513305,1.1140000000000043,0.0087076293672332,0.0141387518606697,True,True,2207.833333333333,1.244550920706501,True,1.1463399809141928,4.3552241266800635,True,True
139,2016-06-15,PM,False,True,5.833333333333333,0.0141387518606697,5.0274788099284615,1.70517472821261,18.524636674551704,3.865159571629759,5.833333,5.027,state_transition__AZ_I10_W::139__2016-06-15__482,16.900993403007146,78.79054749513305,1.1140000000000043,0.0837913134988077,0.0141387518606697,False,True,7527.333333333333,4.243141676061631,True,3.106472006268137,12.433290669229377,False,False
139,2016-06-16,AM,False,True,0.6666666666666666,0.0141387518606697,0.388781706876102,0.3559579024101479,0.4489864229286217,3.865159571629759,0.666667,0.389,state_transition__AZ_I10_W::139__2016-06-16__483,42.47321636245235,78.79054749513305,1.1140000000000043,0.0064796951146017,0.0141387518606697,True,True,1087.5,0.613021420518602,True,0.725372520053392,2.620339375502386,True,True
139,2016-06-16,PM,False,True,4.833333333333333,0.0141387518606697,5.412037089073026,2.478295818317358,23.31735503936942,3.865159571629759,4.833333,5.412,state_transition__AZ_I10_W::139__2016-06-16__484,12.201227105920038,78.79054749513305,1.1140000000000043,0.0902006181512171,0.0141387518606697,False,True,5501.5,3.101183765501691,True,4.629812408443302,18.71125816149704,False,False
139,2016-06-17,MD,False,True,5.25,0.0141387518606697,3.572913776337522,1.624268148601458,13.428280572711287,3.865159571629759,5.25,3.573,state_transition__AZ_I10_W::139__2016-06-17__485,20.12876858264288,78.79054749513305,1.1140000000000043,0.0595485629389587,0.0141387518606697,False,True,7173.833333333333,4.043874483276963,True,2.4722953091061,9.819731228770756,False,False
139,2016-06-20,MD,False,True,2.9166666666666665,0.0141387518606697,2.037157478499396,1.262877943236192,11.256262389823933,3.865159571629759,2.916667,2.037,state_transition__AZ_I10_W::139__2016-06-20__486,20.04505004783543,78.79054749513305,1.1140000000000043,0.0339526246416566,0.0141387518606697,True,True,3980.333333333333,2.243705373919579,True,2.486163943787139,9.87688643686829,True,False
139,2016-06-21,MD,False,True,3.5,0.0141387518606697,5.645299284495102,1.613674311261594,12.39866163396181,3.865159571629759,3.5,5.645,state_transition__AZ_I10_W::139__2016-06-21__487,10.666965774874576,78.79054749513305,1.1140000000000043,0.0940883214082517,0.0141387518606697,False,True,3754.833333333333,2.1165915069522736,True,5.417749178898743,21.958491297189063,False,True
139,2016-06-22,AM,False,True,0.6666666666666666,0.0141387518606697,0.398622984266016,0.35476017731088,0.4670709876223872,3.865159571629759,0.666667,0.399,state_transition__AZ_I10_W::139__2016-06-22__489,20.653920218980883,78.79054749513305,1.1140000000000043,0.0066437164044336,0.0141387518606697,True,True,918.1666666666666,0.5175685832393837,True,2.387864400633348,9.471775842057648,True,True
139,2016-06-23,MD,False,True,2.833333333333333,0.0141387518606697,3.48328665313575,1.407739535875242,8.071921682768968,3.865159571629759,2.833333,3.483,state_transition__AZ_I10_W::139__2016-06-23__491,6.016529566579573,78.79054749513305,1.1140000000000043,0.0580547775522625,0.0141387518606697,True,True,2246.0,1.266065388951522,True,10.261069309236753,41.9187091772445,True,True
139,2016-06-27,MD,False,True,2.6666666666666665,0.0141387518606697,2.321971729200138,0.737622286860846,5.208933536699741,3.865159571629759,2.666667,2.322,state_transition__AZ_I10_W::139__2016-06-27__495,12.989689882542452,78.79054749513305,1.1140000000000043,0.0386995288200023,0.0141387518606697,True,True,3115.5,1.7562006764374296,True,4.2972942683752,17.340889417284604,True,True
139,2016-07-01,MD,False,True,1.0,0.0141387518606697,2.096762231357124,0.5452664792243941,2.105172408613159,3.865159571629759,1.0,2.097,state_transition__AZ_I10_W::139__2016-07-01__501,9.620700338104369,78.79054749513305,1.1140000000000043,0.0349460371892854,0.0141387518606697,True,True,1022.0,0.5760992108229989,True,6.099194055469657,24.766851645786062,True,True
139,2016-07-01,PM,False,True,4.666666666666667,0.0141387518606697,4.9890807949532405,1.033507777290858,11.396516502342438,3.865159571629759,4.666667,4.989,state_transition__AZ_I10_W::139__2016-07-01__502,13.328218022229876,78.79054749513305,1.1140000000000043,0.083151346582554,0.0141387518606697,False,True,5509.333333333333,3.1055993987222847,True,4.16659885557877,16.80226945305802,False,True
139,2016-07-06,MD,False,True,2.333333333333333,0.0141387518606697,1.624283353968282,0.448447162426008,10.504935109829477,3.865159571629759,2.333333,1.624,state_transition__AZ_I10_W::139__2016-07-06__503,7.057296224218476,78.79054749513305,1.1140000000000043,0.0270713892328047,0.0141387518606697,True,True,2028.8333333333333,1.1436490041337843,True,8.622724122573034,35.16678570150562,True,True
139,2016-07-07,PM,False,True,3.75,0.0141387518606697,2.8848008496433017,0.923507658961866,11.238763857396934,3.865159571629759,3.75,2.885,state_transition__AZ_I10_W::139__2016-07-07__505,10.542847608561242,78.79054749513305,1.1140000000000043,0.0480800141607217,0.0141387518606697,True,True,4001.5,2.2556369785794814,True,5.4915180200885985,22.2625063330083,True,True
139,2016-07-08,MD,False,True,3.0,0.0141387518606697,1.77212648939037,0.8517564931770061,5.698237259962953,3.865159571629759,3.0,1.772,state_transition__AZ_I10_W::139__2016-07-08__506,14.818414079255357,78.79054749513305,1.1140000000000043,0.0295354414898395,0.0141387518606697,True,True,3691.1666666666665,2.0807027433295757,True,3.6622790355047576,14.723874216110278,True,True
139,2016-07-12,MD,False,True,3.1666666666666665,0.0141387518606697,1.63122394992138,0.7307119978412401,4.508811765039463,3.865159571629759,3.166667,1.631,state_transition__AZ_I10_W::139__2016-07-12__508,15.28350705369608,78.79054749513305,1.1140000000000043,0.027187065832023,0.0141387518606697,True,True,3941.5,2.221815107102593,True,3.525016672098907,14.15819063406696,True,True
139,2016-07-12,PM,False,True,1.6666666666666667,0.0141387518606697,2.4487749034665782,0.578131272175614,13.304859771320084,3.865159571629759,1.666667,2.449,state_transition__AZ_I10_W::139__2016-07-12__509,7.472109661769819,78.79054749513305,1.1140000000000043,0.0408129150577763,0.0141387518606697,True,True,1495.6666666666663,0.8431040962044344,True,8.096939750033263,32.999931074638404,True,True
139,2016-07-13,MD,False,True,3.333333333333333,0.0141387518606697,2.608451679541698,0.97916913655059,11.916516197317522,3.865159571629759,3.333333,2.608,state_transition__AZ_I10_W::139__2016-07-13__510,10.026078565145976,78.79054749513305,1.1140000000000043,0.0434741946590283,0.0141387518606697,True,True,3474.5,1.958568207440812,True,5.818289314498322,23.6091912635604,True,True
139,2016-07-18,MD,False,True,2.75,0.0141387518606697,2.7168585429868743,0.851026171067328,7.6922174649888735,3.865159571629759,2.75,2.717,state_transition__AZ_I10_W::139__2016-07-18__512,15.542992159758162,78.79054749513305,1.1140000000000043,0.0452809757164479,0.0141387518606697,True,True,3444.1666666666665,1.9414693724163847,True,3.452005179528166,13.857296771955404,True,True
139,2016-07-19,PM,False,True,5.083333333333333,0.0141387518606697,3.8187793804760704,0.89994973262016,19.38660683659373,3.865159571629759,5.083333,3.819,state_transition__AZ_I10_W::139__2016-07-19__513,15.969161220135176,78.79054749513305,1.1140000000000043,0.0636463230079345,0.0141387518606697,False,True,6429.333333333333,3.624201428034573,True,3.337242250265028,13.384337518591789,False,False
139,2016-07-20,PM,False,True,4.916666666666667,0.0141387518606697,3.344391384833136,1.002286751280702,14.615080015100206,3.865159571629759,4.916667,3.344,state_transition__AZ_I10_W::139__2016-07-20__514,16.679285133907502,78.79054749513305,1.1140000000000043,0.0557398564138856,0.0141387518606697,False,True,6315.333333333333,3.5599398722284854,True,3.159040879371051,12.649936716280976,False,False
139,2016-07-21,PM,False,True,4.916666666666667,0.0141387518606697,2.822586997147782,1.151322169296594,17.043129702554385,3.865159571629759,4.916667,2.823,state_transition__AZ_I10_W::139__2016-07-21__515,14.450482955262224,78.79054749513305,1.1140000000000043,0.0470431166191297,0.0141387518606697,True,True,5991.833333333333,3.377583615182262,True,3.7771258305139703,15.19717909572185,True,False
139,2016-07-22,MD,False,True,4.416666666666667,0.0141387518606697,3.2443779931153323,1.007172347883822,12.966228569114351,3.865159571629759,4.416667,3.244,state_transition__AZ_I10_W::139__2016-07-22__516,15.697079193270698,78.79054749513305,1.1140000000000043,0.0540729665519222,0.0141387518606697,True,True,5551.5,3.1293686583990983,True,3.409791903444658,13.6833280551696,True,True
139,2016-07-25,MD,False,True,0.5,0.0141387518606697,0.619874926288038,0.183411261988602,0.8707075859241958,3.865159571629759,0.5,0.62,state_transition__AZ_I10_W::139__2016-07-25__518,17.836888844038608,78.79054749513305,1.1140000000000043,0.0103312487714673,0.0141387518606697,True,True,657.1666666666666,0.3704434423149191,True,2.898965157668147,11.578116574146298,True,True
139,2016-07-25,PM,False,True,3.333333333333333,0.0141387518606697,2.22184912128231,0.759080043621858,7.983898341808613,3.865159571629759,3.333333,2.222,state_transition__AZ_I10_W::139__2016-07-25__519,16.56573546439448,78.79054749513305,1.1140000000000043,0.0370308186880385,0.0141387518606697,True,True,4271.333333333333,2.4077414505824875,True,3.186509329828629,12.763139280060813,True,True
139,2016-07-26,MD,False,True,3.083333333333333,0.0141387518606697,1.719387892483128,0.725597213521068,7.872714988814751,3.865159571629759,3.083333,1.719,state_transition__AZ_I10_W::139__2016-07-26__520,17.957523426227528,78.79054749513305,1.1140000000000043,0.0286564648747188,0.0141387518606697,True,True,4061.6666666666665,2.289552799699361,True,2.873791708899683,11.474372136717202,True,True
139,2016-07-28,MD,False,True,4.333333333333333,0.0141387518606697,2.755974727191324,0.7857316956678541,12.200242872682752,3.865159571629759,4.333333,2.756,state_transition__AZ_I10_W::139__2016-07-28__521,14.601799134808424,78.79054749513305,1.1140000000000043,0.0459329121198554,0.0141387518606697,True,True,5302.0,2.988726042841037,True,3.729192999854996,14.999639036875038,True,True
139,2016-07-29,PM,False,True,0.5,0.0141387518606697,0.544483102188504,0.17884530652146,0.8335758658532361,3.865159571629759,0.5,0.544,state_transition__AZ_I10_W::139__2016-07-29__523,15.953264687058658,78.79054749513305,1.1140000000000043,0.0090747183698084,0.0141387518606697,True,True,632.1666666666666,0.3563509958662157,True,3.3414129332767937,13.401525674522683,True,True
139,2016-08-01,PM,False,True,3.583333333333333,0.0141387518606697,3.87366218211183,1.0014970528319882,12.982399124194488,3.865159571629759,3.583333,3.874,state_transition__AZ_I10_W::139__2016-08-01__524,16.72560327026207,78.79054749513305,1.1140000000000043,0.0645610363685305,0.0141387518606697,False,True,4607.166666666666,2.597049981210071,True,3.147943299128649,12.604201535946263,False,False
139,2016-08-02,PM,False,True,5.0,0.0141387518606697,2.30333251491837,1.020747986951808,24.25628364815525,3.865159571629759,5.0,2.303,state_transition__AZ_I10_W::139__2016-08-02__525,11.508220871584324,78.79054749513305,1.1140000000000043,0.0383888752486395,0.0141387518606697,True,True,5549.5,3.128241262683202,True,4.959696888097333,20.070773104128683,True,False
139,2016-08-03,PM,False,True,1.6666666666666667,0.0141387518606697,3.490907961276492,1.420445662726488,17.374498605995203,3.865159571629759,1.666667,3.491,state_transition__AZ_I10_W::139__2016-08-03__527,11.343982560125363,78.79054749513305,1.1140000000000043,0.0581817993546082,0.0141387518606697,True,True,1838.1666666666663,1.0361706125516723,True,5.043785498168579,20.417317815831627,True,True
139,2016-08-04,PM,False,True,5.5,0.0141387518606697,4.739980993673496,1.59077312239866,26.74391285481585,3.865159571629759,5.5,4.74,state_transition__AZ_I10_W::139__2016-08-04__528,12.73206810112196,78.79054749513305,1.1140000000000043,0.0789996832278916,0.0141387518606697,False,True,6373.0,3.592446448703495,True,4.401411181720532,17.769974470398083,False,False
139,2016-08-05,MD,False,True,1.4166666666666667,0.0141387518606697,0.713785435123152,0.32989301147097,1.28019936513242,3.865159571629759,1.416667,0.714,state_transition__AZ_I10_W::139__2016-08-05__529,19.68750019102948,78.79054749513305,1.1140000000000043,0.0118964239187192,0.0141387518606697,True,True,1922.5,1.0837091319052987,True,2.5467224744650103,10.126459340227452,True,True
139,2016-08-05,MD,False,True,2.9166666666666665,0.0141387518606697,1.8957846732414,0.794287633573812,7.166928973327538,3.865159571629759,2.916667,1.896,state_transition__AZ_I10_W::139__2016-08-05__530,18.44341065759115,78.79054749513305,1.1140000000000043,0.03159641122069,0.0141387518606697,True,True,3876.1666666666665,2.184986847049981,True,2.7757334337617436,11.070255852014972,True,True
139,2016-11-01,AM,True,True,0.6666666666666666,0.0141387518606697,0.8157484234089599,0.405836439588036,0.8859805024563078,3.865159571629759,0.666667,0.816,state_transition__AZ_I10_W::139__2016-11-01__664,33.03462391553521,78.79054749513305,1.1140000000000043,0.013595807056816,0.0141387518606697,True,True,1035.8333333333333,0.5838970311912814,True,1.1750065349043757,4.473364296670125,True,True
78,2016-01-04,PM,False,True,6.166666666666667,0.0161415576094969,8.365752636320526,1.684109364545154,36.31734750115308,3.865159571629759,6.166667,8.366,state_transition__AZ_I10_W::78__2016-01-04__862,18.09560794701037,64.429965506435,1.0400000000000205,0.1394292106053421,0.0161415576094969,False,True,7396.8,4.830491906659352,True,2.479857114614531,11.357318767127024,False,False
78,2016-01-05,MD,False,True,1.5,0.0161415576094969,2.37743945932524,0.8097488879227199,5.906037929288297,3.865159571629759,1.5,2.377,state_transition__AZ_I10_W::78__2016-01-05__863,17.418739481982875,64.429965506435,1.0400000000000205,0.039623990988754,0.0161415576094969,True,True,1778.4,1.1613869249949968,True,2.613855315828144,11.948843518830566,True,True
78,2016-01-06,PM,False,True,3.6666666666666665,0.0161415576094969,8.611081148391971,2.648306588365434,20.8865073837462,3.865159571629759,3.666667,8.611,state_transition__AZ_I10_W::78__2016-01-06__865,13.72632024899263,64.429965506435,1.0400000000000205,0.1435180191398662,0.0161415576094969,False,True,4013.2000000000007,2.620826589850384,True,3.577517336423357,16.202855380900317,False,False
78,2016-01-07,AM,False,True,0.5833333333333334,0.0161415576094969,0.8159005601011801,0.390859614929046,2.5811280267613927,3.865159571629759,0.583333,0.816,state_transition__AZ_I10_W::78__2016-01-07__866,15.8463005006583,64.429965506435,1.0400000000000205,0.013598342668353,0.0161415576094969,True,True,671.0,0.4381976083398801,True,2.9693341769152966,13.518077606572,True,True
78,2016-01-07,MD,False,True,0.5,0.0161415576094969,0.973456242564534,0.4312494057248039,2.3949322380897247,3.865159571629759,0.5,0.973,state_transition__AZ_I10_W::78__2016-01-07__867,19.340303567455354,64.429965506435,1.0400000000000205,0.0162242707094089,0.0161415576094969,True,True,611.5999999999999,0.3994063446507759,True,2.2579295301409004,10.37763651682085,True,True
78,2016-01-07,MD,False,True,0.5,0.0161415576094969,0.468087996956808,0.25922234339076,1.597747137881152,3.865159571629759,0.5,0.468,state_transition__AZ_I10_W::78__2016-01-07__868,28.925748356378516,64.429965506435,1.0400000000000205,0.0078014666159468,0.0161415576094969,True,True,676.0,0.4414628662261683,True,1.1887541012532195,5.657843830260027,True,True
78,2016-01-08,MD,False,True,4.75,0.0161415576094969,7.996491706635108,2.361563265533874,21.31758327201469,3.865159571629759,4.75,7.996,state_transition__AZ_I10_W::78__2016-01-08__870,13.813222482722932,64.429965506435,1.0400000000000205,0.1332748617772518,0.0161415576094969,False,True,5210.8,3.40292115877414,True,3.5489173125717683,16.07660277560932,False,False
78,2016-01-11,AM,False,True,1.75,0.0161415576094969,2.88681283324113,0.97473229996719,5.5752415623593325,3.865159571629759,1.75,2.887,state_transition__AZ_I10_W::78__2016-01-11__871,18.986692215175072,64.429965506435,1.0400000000000205,0.0481135472206855,0.0161415576094969,False,True,2129.2,1.3904774182969788,True,2.3180189750230955,10.642896748988305,False,True
78,2016-01-11,PM,False,True,2.833333333333333,0.0161415576094969,6.281404094559546,1.9181019234708605,15.0000430549831,3.865159571629759,2.833333,6.281,state_transition__AZ_I10_W::78__2016-01-11__873,11.596880612524568,64.429965506435,1.0400000000000205,0.1046900682426591,0.0161415576094969,False,True,2907.6000000000004,1.8988127660343304,True,4.412263842303259,19.887779619837403,False,True
78,2016-01-12,PM,False,True,5.0,0.0161415576094969,17.09653672451705,4.1410657332070615,39.74383905125622,3.865159571629759,5.0,17.097,state_transition__AZ_I10_W::78__2016-01-12__874,10.44836915098104,64.429965506435,1.0400000000000205,0.2849422787419509,0.0161415576094969,False,True,4913.799999999999,3.208964840328618,True,5.0037304473053865,22.498763450188093,False,False
78,2016-01-13,PM,False,True,4.916666666666667,0.0161415576094969,11.194945536048744,2.466611842823718,26.31750278905736,3.865159571629759,4.916667,11.195,state_transition__AZ_I10_W::78__2016-01-13__875,13.114121189656077,64.429965506435,1.0400000000000205,0.1865824256008124,0.0161415576094969,False,True,5291.8,3.4558183365320088,True,3.789736172207749,17.13967910694467,False,False
78,2016-01-14,PM,False,True,5.25,0.0161415576094969,17.507515035999553,4.221721808793828,38.244024107008784,3.865159571629759,5.25,17.508,state_transition__AZ_I10_W::78__2016-01-14__876,10.852683815739828,64.429965506435,1.0400000000000205,0.2917919172666592,0.0161415576094969,False,True,5243.0,3.4239494195618354,True,4.781236385324358,21.516580528500707,False,False
78,2016-01-15,MD,False,True,2.083333333333333,0.0161415576094969,3.266681058239334,1.394954441567388,7.383586101011462,3.865159571629759,2.083333,3.267,state_transition__AZ_I10_W::78__2016-01-15__877,22.587730489718894,64.429965506435,1.0400000000000205,0.0544446843039889,0.0161415576094969,False,True,2658.2,1.7359417026662731,True,1.794068281467718,8.329956716187638,False,True
78,2016-01-18,PM,False,True,2.083333333333333,0.0161415576094969,2.439510433534794,0.683020183353474,8.418396988610242,3.865159571629759,2.083333,2.44,state_transition__AZ_I10_W::78__2016-01-18__879,33.90624119572742,64.429965506435,1.0400000000000205,0.0406585072255799,0.0161415576094969,False,True,2907.4,1.8986821557188789,True,0.871875684904479,4.259008436551333,False,False
78,2016-01-20,PM,False,True,7.083333333333333,0.0161415576094969,14.306294817046115,2.0944640751204537,29.63962583132288,3.865159571629759,7.083333,14.306,state_transition__AZ_I10_W::78__2016-01-20__881,12.269083625587898,64.429965506435,1.0400000000000205,0.2384382469507686,0.0161415576094969,False,True,7432.8,4.854001763440628,True,4.11746095569471,18.586394954049112,False,False
78,2016-01-21,PM,False,True,4.916666666666667,0.0161415576094969,13.61601832794225,2.55493616846907,26.99200043963197,3.865159571629759,4.916667,13.616,state_transition__AZ_I10_W::78__2016-01-21__882,13.44066219266601,64.429965506435,1.0400000000000205,0.2269336387990375,0.0161415576094969,False,True,5340.2,3.4874260328712787,True,3.674134942650738,16.62936637146753,False,False
78,2016-01-22,MD,False,True,4.916666666666667,0.0161415576094969,8.6212005645795,1.626444479204766,16.780048599524395,3.865159571629759,4.916667,8.621,state_transition__AZ_I10_W::78__2016-01-22__883,15.67624185878454,64.429965506435,1.0400000000000205,0.143686676076325,0.0161415576094969,False,True,5635.399999999999,3.680206858477735,True,3.012052426947155,13.706654035318401,False,False
78,2016-01-25,PM,False,True,4.5,0.0161415576094969,12.910510102149315,3.061118901630768,31.3714333451661,3.865159571629759,4.5,12.911,state_transition__AZ_I10_W::78__2016-01-25__884,11.594677323027147,64.429965506435,1.0400000000000205,0.2151751683691553,0.0161415576094969,False,True,4617.6,3.0155309631449043,True,4.413286325785506,19.892293294517206,False,False
78,2016-01-26,PM,False,True,4.333333333333333,0.0161415576094969,10.923353233325884,2.705604710773674,21.460710826346432,3.865159571629759,4.333333,10.923,state_transition__AZ_I10_W::78__2016-01-26__885,10.9943148112749,64.429965506435,1.0400000000000205,0.1820558872220981,0.0161415576094969,False,True,4351.0,2.841427412648016,True,4.707167198154089,21.18960779936734,False,False
78,2016-01-27,PM,False,True,4.75,0.0161415576094969,8.196859165491846,2.260076047045212,24.29688591845336,3.865159571629759,4.75,8.197,state_transition__AZ_I10_W::78__2016-01-27__886,13.460708273965016,64.429965506435,1.0400000000000205,0.1366143194248641,0.0161415576094969,False,True,5162.0,3.3710522418039663,True,3.6672210043617812,16.598845322732345,False,False
78,2016-01-28,MD,False,True,1.3333333333333333,0.0161415576094969,0.678546539253102,0.35377206525501,9.3023291462846,3.865159571629759,1.333333,0.679,state_transition__AZ_I10_W::78__2016-01-28__887,18.1819621088514,64.429965506435,1.0400000000000205,0.0113091089875517,0.0161415576094969,True,True,1601.6,1.045927406135845,True,2.463479375978518,11.285020499744396,True,True
78,2016-01-28,PM,False,True,3.083333333333333,0.0161415576094969,3.82447069293447,0.8714923894509721,10.76760573785103,3.865159571629759,3.083333,3.824,state_transition__AZ_I10_W::78__2016-01-28__888,18.717534476671428,64.429965506435,1.0400000000000205,0.0637411782155745,0.0161415576094969,False,True,3735.8,2.439670082319112,True,2.36527895227887,10.85152228320105,False,True
78,2016-02-01,PM,False,True,3.9166666666666665,0.0161415576094969,6.081475390782348,1.786868617977054,16.79447673665594,3.865159571629759,3.916667,6.081,state_transition__AZ_I10_W::78__2016-02-01__890,14.468138655562766,64.429965506435,1.0400000000000205,0.1013579231797058,0.0161415576094969,False,True,4368.0,2.852529289461396,True,3.344431756930915,15.173917019890917,False,False
78,2016-02-02,PM,False,True,4.833333333333333,0.0161415576094969,12.776014479938388,2.739033218585496,34.35922438340286,3.865159571629759,4.833333,12.776,state_transition__AZ_I10_W::78__2016-02-02__891,11.91459091868957,64.429965506435,1.0400000000000205,0.2129335746656398,0.0161415576094969,False,True,5013.8,3.2742699980543835,True,4.268782453769564,19.2543920671853,False,False
78,2016-02-03,PM,False,True,4.916666666666667,0.0161415576094969,10.24105983843261,2.703028292229552,26.52826564532079,3.865159571629759,4.916667,10.241,state_transition__AZ_I10_W::78__2016-02-03__892,11.632711237503434,64.429965506435,1.0400000000000205,0.1706843306405435,0.0161415576094969,False,True,5051.8,3.2990859579901737,True,4.395690242826583,19.81461673983988,False,False
78,2016-02-04,PM,False,True,4.75,0.0161415576094969,14.166523608276892,2.527173920513676,27.12061455453105,3.865159571629759,4.75,14.167,state_transition__AZ_I10_W::78__2016-02-04__893,12.642195512669735,64.429965506435,1.0400000000000205,0.2361087268046149,0.0161415576094969,False,True,5042.2,3.2928166628485003,True,3.9673580683860585,17.92377730440102,False,False
78,2016-02-08,PM,False,True,3.75,0.0161415576094969,5.700094439683914,1.84301706043179,15.14479438387392,3.865159571629759,3.75,5.7,state_transition__AZ_I10_W::78__2016-02-08__894,13.111346255353231,64.429965506435,1.0400000000000205,0.0950015739947319,0.0161415576094969,False,True,4035.8,2.635585555496406,True,3.7907432217021757,17.144124649472474,False,True
78,2016-02-09,PM,False,True,4.666666666666667,0.0161415576094969,13.721127534684117,2.477587393141332,22.53932395566375,3.865159571629759,4.666667,13.721,state_transition__AZ_I10_W::78__2016-02-09__895,12.932856819605066,64.429965506435,1.0400000000000205,0.2286854589114019,0.0161415576094969,False,True,4996.599999999999,3.2630375109255514,True,3.856426580077335,17.43407878245358,False,False
78,2016-02-10,PM,False,True,4.833333333333333,0.0161415576094969,11.765197475742054,2.345218352866374,23.71538403751069,3.865159571629759,4.833333,11.765,state_transition__AZ_I10_W::78__2016-02-10__896,13.76988217362799,64.429965506435,1.0400000000000205,0.1960866245957009,0.0161415576094969,False,True,5296.199999999999,3.4586917634719416,True,3.5631357333668565,16.139368900484563,False,False
78,2016-02-11,PM,False,True,5.416666666666667,0.0161415576094969,18.676840903589728,2.9620561617167698,29.57045370695015,3.865159571629759,5.416667,18.677,state_transition__AZ_I10_W::78__2016-02-11__897,11.76193156232994,64.429965506435,1.0400000000000205,0.3112806817264955,0.0161415576094969,False,True,5590.199999999999,3.650688927185689,True,4.336757612893159,19.55446317827801,False,False
78,2016-02-12,PM,False,True,6.333333333333333,0.0161415576094969,21.05350654343062,2.054432204919732,25.61086421281717,3.865159571629759,6.333333,21.054,state_transition__AZ_I10_W::78__2016-02-12__898,14.211843683507954,64.429965506435,1.0400000000000205,0.3508917757238436,0.0161415576094969,False,True,7018.8,4.583638410455962,True,3.422210620228673,15.517265828929379,False,False
78,2016-02-15,PM,False,True,3.8333333333333335,0.0161415576094969,5.003781738376507,1.067323708183164,13.180609476027898,3.865159571629759,3.833333,5.004,state_transition__AZ_I10_W::78__2016-02-15__899,18.92030399216504,64.429965506435,1.0400000000000205,0.0833963623062751,0.0161415576094969,False,True,4659.2,3.042697908758822,True,2.329550804549946,10.693803123370778,False,False
78,2016-02-16,PM,False,True,4.75,0.0161415576094969,14.1309191865365,3.373105009508832,32.33106719036927,3.865159571629759,4.75,14.131,state_transition__AZ_I10_W::78__2016-02-16__900,11.580889147901503,64.429965506435,1.0400000000000205,0.2355153197756083,0.0161415576094969,False,True,4871.799999999999,3.181536674083797,True,4.419693858158805,19.920578853292024,False,False
78,2016-02-17,PM,False,True,4.333333333333333,0.0161415576094969,11.02663805451861,2.790711315860358,24.22469282397616,3.865159571629759,4.333333,11.027,state_transition__AZ_I10_W::78__2016-02-17__901,12.067596416476665,64.429965506435,1.0400000000000205,0.1837773009086435,0.0161415576094969,False,True,4517.799999999999,2.9503564157345905,True,4.202378840319604,18.961258423580723,False,False
78,2016-02-18,PM,False,True,5.416666666666667,0.0161415576094969,12.854419164789675,2.657292939088404,23.88856440212459,3.865159571629759,5.416667,12.854,state_transition__AZ_I10_W::78__2016-02-18__902,13.278514584272104,64.429965506435,1.0400000000000205,0.2142403194131613,0.0161415576094969,False,True,5857.0,3.82492308799803,True,3.730827360075719,16.879630687234915,False,False
78,2016-02-19,PM,False,True,6.083333333333333,0.0161415576094969,10.986218407837193,1.646868667966644,20.266734930087317,3.865159571629759,6.083333,10.986,state_transition__AZ_I10_W::78__2016-02-19__903,15.913948706899903,64.429965506435,1.0400000000000205,0.1831036401306199,0.0161415576094969,False,True,7007.4,4.576193622475225,True,2.95259496398957,13.444183638743144,False,False
78,2016-02-22,PM,False,True,4.5,0.0161415576094969,11.662421369928852,2.422862524225464,27.41225676538564,3.865159571629759,4.5,11.662,state_transition__AZ_I10_W::78__2016-02-22__904,11.54114474202034,64.429965506435,1.0400000000000205,0.1943736894988142,0.0161415576094969,False,True,4609.0,3.0099147195804883,True,4.438249236189947,20.00249014227373,False,False
78,2016-02-23,MD,False,True,0.6666666666666666,0.0161415576094969,0.863883359713116,0.294877858922958,3.1403370130744594,3.865159571629759,0.666667,0.864,state_transition__AZ_I10_W::78__2016-02-23__905,22.177193140641347,64.429965506435,1.0400000000000205,0.0143980559952186,0.0161415576094969,True,True,846.6,0.5528734653063228,True,1.8452079710309843,8.555708941942397,True,True
78,2016-02-23,PM,False,True,4.583333333333333,0.0161415576094969,9.95732233290408,2.2518711210335223,21.473030514148608,3.865159571629759,4.583333,9.957,state_transition__AZ_I10_W::78__2016-02-23__906,12.314735189039103,64.429965506435,1.0400000000000205,0.165955372215068,0.0161415576094969,False,True,4816.4,3.145357616703724,True,4.098606975727031,18.50316550978794,False,False
78,2016-02-24,PM,False,True,5.333333333333333,0.0161415576094969,19.064293428676475,3.3224004718944657,32.70888494067444,3.865159571629759,5.333333,19.064,state_transition__AZ_I10_W::78__2016-02-24__907,10.850627213266574,64.429965506435,1.0400000000000205,0.3177382238112746,0.0161415576094969,False,True,5325.799999999999,3.478022090158768,True,4.782326175654537,21.521391324083254,False,False
78,2016-02-25,PM,False,True,4.666666666666667,0.0161415576094969,13.404061586953247,2.151245394314946,23.56030379132081,3.865159571629759,4.666667,13.404,state_transition__AZ_I10_W::78__2016-02-25__908,13.107646258603008,64.429965506435,1.0400000000000205,0.2234010264492208,0.0161415576094969,False,True,5021.8,3.2794944106724446,True,3.7920866482713507,17.150055102721588,False,False
78,2016-02-26,PM,False,True,5.916666666666667,0.0161415576094969,11.903637690971417,2.780352751392828,26.80953145482272,3.865159571629759,5.916667,11.904,state_transition__AZ_I10_W::78__2016-02-26__909,11.932350462566813,64.429965506435,1.0400000000000205,0.1983939615161903,0.0161415576094969,False,True,6141.200000000002,4.010520346254654,True,4.2609875409718985,19.21998202424868,False,False
78,2016-02-29,PM,False,True,4.333333333333333,0.0161415576094969,9.011979308075803,2.705360181610188,20.470313732172105,3.865159571629759,4.333333,9.012,state_transition__AZ_I10_W::78__2016-02-29__910,11.20731126765477,64.429965506435,1.0400000000000205,0.1501996551345967,0.0161415576094969,False,True,4385.6,2.8640229972211304,True,4.5993005048679105,20.71343857929346,False,True
78,2016-03-01,PM,False,True,4.666666666666667,0.0161415576094969,12.470219187108606,2.439320446400922,26.59482435344872,3.865159571629759,4.666667,12.47,state_transition__AZ_I10_W::78__2016-03-01__911,12.505766052691309,64.429965506435,1.0400000000000205,0.2078369864518101,0.0161415576094969,False,True,4933.199999999999,3.2216340409274165,True,4.021204874351096,18.16147988727168,False,False
78,2016-03-02,PM,False,True,4.666666666666667,0.0161415576094969,13.62090583671669,2.907977796016476,24.819713336853457,3.865159571629759,4.666667,13.621,state_transition__AZ_I10_W::78__2016-03-02__912,9.505348430080716,64.429965506435,1.0400000000000205,0.2270150972786115,0.0161415576094969,False,True,4399.599999999999,2.873165719302737,True,5.596231704112311,25.114314671342456,False,True
78,2016-03-03,PM,False,True,5.083333333333333,0.0161415576094969,12.53959814648388,2.469044260701834,22.32988308882385,3.865159571629759,5.083333,12.54,state_transition__AZ_I10_W::78__2016-03-03__913,12.437767771674078,64.429965506435,1.0400000000000205,0.208993302441398,0.0161415576094969,False,True,5362.4,3.501923777886398,True,4.048483958148583,18.281901304304622,False,False
78,2016-03-04,MD,False,True,0.6666666666666666,0.0161415576094969,0.491410572591198,0.296501285717424,4.749269554895912,3.865159571629759,0.666667,0.491,state_transition__AZ_I10_W::78__2016-03-04__914,30.283261164257627,64.429965506435,1.0400000000000205,0.0081901762098533,0.0161415576094969,True,True,910.0,0.5942769353044575,True,1.09205080454992,5.230954565678452,True,True
78,2016-03-04,PM,False,True,6.5,0.0161415576094969,9.762780674704524,2.339538063039912,25.44730620315983,3.865159571629759,6.5,9.763,state_transition__AZ_I10_W::78__2016-03-04__915,13.522214631115792,64.429965506435,1.0400000000000205,0.1627130112450754,0.0161415576094969,False,True,7075.6,4.620731740044197,True,3.6461352638184406,16.505763943083807,False,False
78,2016-03-07,PM,False,True,5.416666666666667,0.0161415576094969,5.363996662007383,1.61060380507128,16.973388595470258,3.865159571629759,5.416667,5.364,state_transition__AZ_I10_W::78__2016-03-07__916,12.911398176519018,64.429965506435,1.0400000000000205,0.0893999443667897,0.0161415576094969,False,True,5796.0,3.7850869417853135,True,3.8644455595534253,17.469477950506207,False,True
78,2016-03-08,PM,False,True,4.916666666666667,0.0161415576094969,22.98201321009732,2.662620642370416,27.687220747783048,3.865159571629759,4.916667,22.982,state_transition__AZ_I10_W::78__2016-03-08__917,11.86134386412762,64.429965506435,1.0400000000000205,0.383033553501622,0.0161415576094969,False,True,5091.199999999999,3.324816190134124,True,4.292293239676144,19.3581786230479,False,False
78,2016-03-11,PM,False,True,7.0,0.0161415576094969,5.432584666034316,1.019079947723994,16.894349782833675,3.865159571629759,7.0,5.433,state_transition__AZ_I10_W::78__2016-03-11__920,18.43205059672766,64.429965506435,1.0400000000000205,0.0905430777672386,0.0161415576094969,False,True,8442.8,5.5135838564708495,True,2.4169139169906404,11.079460863000795,False,False
78,2016-03-14,PM,False,True,4.25,0.0161415576094969,14.220365483232817,2.59298345077869,27.69427552061062,3.865159571629759,4.25,14.22,state_transition__AZ_I10_W::78__2016-03-14__921,10.96626108194218,64.429965506435,1.0400000000000205,0.2370060913872136,0.0161415576094969,False,True,4262.799999999999,2.783828263533891,True,4.721686590552487,21.253702540233725,False,False
78,2016-03-15,PM,False,True,5.5,0.0161415576094969,10.0764201012102,2.212999873654938,22.46982129312501,3.865159571629759,5.5,10.076,state_transition__AZ_I10_W::78__2016-03-15__922,12.41587713813052,64.429965506435,1.0400000000000205,0.16794033502017,0.0161415576094969,False,True,5797.999999999998,3.786393044939828,True,4.057329472070802,18.32094914509011,False,False
78,2016-03-16,PM,False,True,5.0,0.0161415576094969,9.870965190046933,2.92806062824524,27.219896646975048,3.865159571629759,5.0,9.871,state_transition__AZ_I10_W::78__2016-03-16__923,11.614547038920582,64.429965506435,1.0400000000000205,0.1645160865007822,0.0161415576094969,False,True,5134.199999999999,3.352897407956203,True,4.404079385995423,19.85164996704002,False,False
78,2016-03-17,PM,False,True,5.416666666666667,0.0161415576094969,16.741724461106077,3.947494284238512,35.484354847620466,3.865159571629759,5.416667,16.742,state_transition__AZ_I10_W::78__2016-03-17__924,10.657870239343568,64.429965506435,1.0400000000000205,0.2790287410184346,0.0161415576094969,False,True,5368.4,3.505842087349944,True,4.886334815747799,21.980529465110326,False,False
78,2016-03-18,MD,False,True,2.75,0.0161415576094969,5.3840476062322375,1.958082413840028,20.76153632898654,3.865159571629759,2.75,5.384,state_transition__AZ_I10_W::78__2016-03-18__925,13.510825471086902,64.429965506435,1.0400000000000205,0.0897341267705373,0.0161415576094969,False,True,2992.6000000000004,1.9543221501012304,True,3.650025236720754,16.522935929232382,False,False
78,2016-03-18,PM,False,True,4.666666666666667,0.0161415576094969,7.499334371258172,1.480224270872958,19.18018152922487,3.865159571629759,4.666667,7.499,state_transition__AZ_I10_W::78__2016-03-18__926,13.516993088928972,64.429965506435,1.0400000000000205,0.1249889061876362,0.0161415576094969,False,True,5079.2,3.316979571207033,True,3.647917870229607,16.51363312196233,False,False
78,2016-03-21,PM,False,True,3.75,0.0161415576094969,7.74642909076254,2.238165268034238,17.41302450353297,3.865159571629759,3.75,7.746,state_transition__AZ_I10_W::78__2016-03-21__927,12.2882560868403,64.429965506435,1.0400000000000205,0.129107151512709,0.0161415576094969,False,True,3937.4,2.571325280294253,True,4.109525715477424,18.551365446512985,False,True
78,2016-03-22,PM,False,True,5.833333333333333,0.0161415576094969,12.66384103820397,2.374219482168948,29.33773441213164,3.865159571629759,5.833333,12.664,state_transition__AZ_I10_W::78__2016-03-22__928,11.375782749023228,64.429965506435,1.0400000000000205,0.2110640173033995,0.0161415576094969,False,True,5939.800000000001,3.878995758594964,True,4.516843366108092,20.349437883095074,False,False
78,2016-03-23,PM,False,True,6.0,0.0161415576094969,7.527898198422587,1.779375138267822,20.61500241211812,3.865159571629759,6.0,7.528,state_transition__AZ_I10_W::78__2016-03-23__929,13.024201358261609,64.429965506435,1.0400000000000205,0.1254649699737098,0.0161415576094969,False,True,6441.199999999999,4.206435819431945,True,3.8225872618205825,17.28469771503363,False,False
78,2016-03-24,PM,False,True,6.5,0.0161415576094969,12.515520384260896,2.913765927946026,29.74231718768083,3.865159571629759,6.5,12.516,state_transition__AZ_I10_W::78__2016-03-24__930,11.797870341354264,64.429965506435,1.0400000000000205,0.2085920064043483,0.0161415576094969,False,True,6716.4000000000015,4.386155613493251,True,4.320596709243822,19.483122112264454,False,False
78,2016-03-25,PM,False,True,5.083333333333333,0.0161415576094969,2.2985305678712944,0.894113522578596,10.760291182571692,3.865159571629759,5.083333,2.299,state_transition__AZ_I10_W::78__2016-03-25__931,17.56531869119389,64.429965506435,1.0400000000000205,0.0383088427978549,0.0161415576094969,True,True,6042.4000000000015,3.9459988504215984,True,2.5839613036893607,11.816878701783308,True,True
78,2016-03-28,MD,False,True,5.25,0.0161415576094969,15.281506543430506,2.565868012931694,25.41161781692809,3.865159571629759,5.25,15.282,state_transition__AZ_I10_W::78__2016-03-28__932,11.392429128849711,64.429965506435,1.0400000000000205,0.2546917757238418,0.0161415576094969,False,True,5349.0,3.493172886751146,True,4.508828306352727,20.314056018348076,False,False
78,2016-03-29,PM,False,True,6.0,0.0161415576094969,12.729740670414577,2.9836448689475943,24.90480175534822,3.865159571629759,6.0,12.73,state_transition__AZ_I10_W::78__2016-03-29__933,9.566585593451014,64.429965506435,1.0400000000000205,0.2121623445069096,0.0161415576094969,False,True,5673.0,3.704761597782624,True,5.5542099040438515,24.928812667386403,False,True
78,2016-03-30,PM,False,True,6.166666666666667,0.0161415576094969,11.605310464999055,2.520525872066442,26.756559040788392,3.865159571629759,6.166667,11.605,state_transition__AZ_I10_W::78__2016-03-30__934,11.33128277450514,64.429965506435,1.0400000000000205,0.1934218410833176,0.0161415576094969,False,True,6269.200000000001,4.094110948143632,True,4.538385265087218,20.44453293906927,False,False
78,2016-03-31,MD,False,True,1.0833333333333333,0.0161415576094969,1.03724137654842,0.436167271814052,1.961701002988912,3.865159571629759,1.083333,1.037,state_transition__AZ_I10_W::78__2016-03-31__935,23.18051039501449,64.429965506435,1.0400000000000205,0.017287356275807,0.0161415576094969,True,True,1391.4,0.908655964596288,True,1.7234231119895116,8.018099049769905,True,True
78,2016-03-31,PM,False,True,4.5,0.0161415576094969,14.79548537940933,2.413569310274508,22.31557447959881,3.865159571629759,4.5,14.795,state_transition__AZ_I10_W::78__2016-03-31__936,11.693804024731866,64.429965506435,1.0400000000000205,0.2465914229901555,0.0161415576094969,False,True,4633.400000000001,3.025849178065575,True,4.367665749453139,19.690904769573073,False,False
78,2016-04-01,PM,False,True,4.5,0.0161415576094969,12.464970202578318,1.483105726190292,21.80875948825681,3.865159571629759,4.5,12.465,state_transition__AZ_I10_W::78__2016-04-01__937,13.582038204063062,64.429965506435,1.0400000000000205,0.2077495033763053,0.0161415576094969,False,True,4906.4,3.204132258656912,True,3.6258096268462126,16.416037982180445,False,False
78,2016-04-01,PM,False,True,0.6666666666666666,0.0161415576094969,0.99337924304253,0.390913311437898,6.351612985793922,3.865159571629759,0.666667,0.993,state_transition__AZ_I10_W::78__2016-04-01__938,21.898013993857692,64.429965506435,1.0400000000000205,0.0165563207173755,0.0161415576094969,True,True,843.8,0.5510449208900012,True,1.8810800260987124,8.71406336965003,True,True
78,2016-04-04,PM,False,True,4.583333333333333,0.0161415576094969,10.933240158652405,2.761324840347936,19.253959358492825,3.865159571629759,4.583333,10.933,state_transition__AZ_I10_W::78__2016-04-04__939,11.74468175913131,64.429965506435,1.0400000000000205,0.1822206693108734,0.0161415576094969,False,True,4727.4,3.087236026327793,True,4.344549610900802,19.588860354098287,False,True
78,2016-04-05,PM,False,True,4.5,0.0161415576094969,14.249117784648282,2.862270699751386,27.68236422882838,3.865159571629759,4.5,14.249,state_transition__AZ_I10_W::78__2016-04-05__940,10.938525614410976,64.429965506435,1.0400000000000205,0.2374852964108047,0.0161415576094969,False,True,4508.799999999999,2.9444789515392715,True,4.736114476860651,21.317393334503713,False,False
78,2016-04-06,PM,False,True,4.083333333333333,0.0161415576094969,14.254771849552926,2.481818502390126,24.076059004457463,3.865159571629759,4.083333,14.255,state_transition__AZ_I10_W::78__2016-04-06__941,12.007450044875508,64.429965506435,1.0400000000000205,0.2375795308258821,0.0161415576094969,False,True,4248.799999999999,2.774685541452284,True,4.2282801936884296,19.075597955615606,False,False
78,2016-04-07,PM,False,True,5.75,0.0161415576094969,6.982762997819322,1.368007078627554,18.37099095580287,3.865159571629759,5.75,6.983,state_transition__AZ_I10_W::78__2016-04-07__942,15.09174697940127,64.429965506435,1.0400000000000205,0.1163793832969887,0.0161415576094969,False,True,6506.800000000003,4.24927600290005,True,3.166216732063151,14.387200501460251,False,False
78,2016-04-08,PM,False,True,5.166666666666667,0.0161415576094969,8.05478696671078,1.91938021981821,21.525082561261915,3.865159571629759,5.166667,8.055,state_transition__AZ_I10_W::78__2016-04-08__943,13.24980593104388,64.429965506435,1.0400000000000205,0.1342464494451797,0.0161415576094969,False,True,5582.199999999999,3.645464514567628,True,3.7410094844355295,16.924578891980964,False,False
78,2016-04-11,PM,False,True,4.166666666666667,0.0161415576094969,7.087784662039747,1.718787262611834,16.582553056572298,3.865159571629759,4.166667,7.088,state_transition__AZ_I10_W::78__2016-04-11__944,14.274264128518618,64.429965506435,1.0400000000000205,0.1181297443673291,0.0161415576094969,False,True,4624.8,3.020232934501159,True,3.4030103518354085,15.432507721051035,False,False
78,2016-04-12,PM,False,True,4.916666666666667,0.0161415576094969,18.46915481573588,3.934952587721813,34.05553228229935,3.865159571629759,4.916667,18.469,state_transition__AZ_I10_W::78__2016-04-12__945,10.453917459881186,64.429965506435,1.0400000000000205,0.3078192469289313,0.0161415576094969,False,True,4832.999999999999,3.1561982728862,True,5.000560751048773,22.48477106988606,False,False
78,2016-04-13,PM,False,True,4.75,0.0161415576094969,10.66191816570644,2.301683959785192,21.273246643229506,3.865159571629759,4.75,10.662,state_transition__AZ_I10_W::78__2016-04-13__946,12.359729756965626,64.429965506435,1.0400000000000205,0.1776986360951073,0.0161415576094969,False,True,4998.599999999999,3.2643436140800666,True,4.080160618154932,18.421735483236496,False,False
78,2016-04-14,PM,False,True,5.25,0.0161415576094969,10.55204526396913,2.2861134779072096,22.52198915019216,3.865159571629759,5.25,10.552,state_transition__AZ_I10_W::78__2016-04-14__947,12.139219961983262,64.429965506435,1.0400000000000205,0.1758674210661522,0.0161415576094969,False,True,5486.199999999999,3.582771563150894,True,4.1718697789116295,18.826578518846098,False,False
78,2016-04-15,AM,False,True,0.5,0.0161415576094969,0.75779664721164,0.315542633300112,0.9910914477684136,3.865159571629759,0.5,0.758,state_transition__AZ_I10_W::78__2016-04-15__948,23.413776816293137,64.429965506435,1.0400000000000205,0.012629944120194,0.0161415576094969,True,True,643.8,0.4204346054384721,True,1.6966041263446343,7.899708700639493,True,True
78,2016-04-15,PM,False,True,3.6666666666666665,0.0161415576094969,7.022078873308662,2.0683069000593,19.252590597335715,3.865159571629759,3.666667,7.022,state_transition__AZ_I10_W::78__2016-04-15__949,10.26273364606254,64.429965506435,1.0400000000000205,0.1170346478884777,0.0161415576094969,False,True,3575.8,2.335181829957889,True,5.111757883085869,22.975642255638274,False,True
78,2016-04-18,PM,False,True,4.416666666666667,0.0161415576094969,16.032169069310434,2.53746630884814,17.683799190837153,3.865159571629759,4.416667,16.032,state_transition__AZ_I10_W::78__2016-04-18__950,11.63362028541406,64.429965506435,1.0400000000000205,0.2672028178218406,0.0161415576094969,False,True,4538.199999999999,2.963678667910646,True,4.395271086977886,19.81276640858857,False,True
78,2016-04-19,PM,False,True,4.083333333333333,0.0161415576094969,8.714458838659896,1.717148668107432,13.104436407099358,3.865159571629759,4.083333,8.714,state_transition__AZ_I10_W::78__2016-04-19__951,12.598555881480904,64.429965506435,1.0400000000000205,0.1452409806443316,0.0161415576094969,False,True,4328.799999999999,2.8269296676328954,True,3.9844551660358403,17.999251126814627,False,True
78,2016-04-20,PM,False,True,4.583333333333333,0.0161415576094969,12.68354416098531,2.648401199018712,23.67448706671988,3.865159571629759,4.583333,12.684,state_transition__AZ_I10_W::78__2016-04-20__952,11.999391519004956,64.429965506435,1.0400000000000205,0.2113924026830885,0.0161415576094969,False,True,4767.799999999999,3.113619310049002,True,4.231770231898924,19.091004460831353,False,False
78,2016-04-21,PM,False,True,4.583333333333333,0.0161415576094969,8.899524976610099,2.018234970615144,19.39538362045278,3.865159571629759,4.583333,8.9,state_transition__AZ_I10_W::78__2016-04-21__953,12.395478873685036,64.429965506435,1.0400000000000205,0.148325416276835,0.0161415576094969,False,True,4828.6,3.153324845946268,True,4.065600073489214,18.357459078851576,False,False
78,2016-04-21,NT,False,True,1.0833333333333333,0.0161415576094969,1.121219626902738,0.563361800158218,1.6938836246506543,3.865159571629759,1.083333,1.121,state_transition__AZ_I10_W::78__2016-04-21__954,7.967910442068741,64.429965506435,1.0400000000000205,0.0186869937817123,0.0161415576094969,True,True,939.5999999999996,0.6136072619912836,True,6.862919867373125,30.706012130506203,True,True
78,2016-04-22,PM,False,True,6.083333333333333,0.0161415576094969,8.131389373534015,1.51819985306715,16.972581241938176,3.865159571629759,6.083333,8.131,state_transition__AZ_I10_W::78__2016-04-22__955,14.458766655759026,64.429965506435,1.0400000000000205,0.1355231562255669,0.0161415576094969,False,True,6782.8,4.429518238223158,True,3.347227343526704,15.186257921872905,False,False
78,2016-04-25,PM,False,True,3.333333333333333,0.0161415576094969,4.878067984871736,1.388257447084128,10.320500980951635,3.865159571629759,3.333333,4.878,state_transition__AZ_I10_W::78__2016-04-25__956,12.662942784812238,64.429965506435,1.0400000000000205,0.0813011330811956,0.0161415576094969,False,True,3540.6000000000004,2.31219441443842,True,3.9592710497061616,17.888077782516984,False,True
78,2016-04-26,PM,False,True,5.25,0.0161415576094969,7.587870179793984,1.763655278480898,21.16228373247141,3.865159571629759,5.25,7.588,state_transition__AZ_I10_W::78__2016-04-26__957,13.166722378746591,64.429965506435,1.0400000000000205,0.1264645029965664,0.0161415576094969,False,True,5659.0,3.695618875701016,True,3.770726996709112,17.055764563950213,False,False
78,2016-04-27,PM,False,True,3.1666666666666665,0.0161415576094969,11.667835888961749,1.706412624716982,18.721781322885267,3.865159571629759,3.166667,11.668,state_transition__AZ_I10_W::78__2016-04-27__958,11.867927901844736,64.429965506435,1.0400000000000205,0.1944639314826958,0.0161415576094969,False,True,3279.7999999999997,2.1418785630896253,True,4.2893746831837,19.34529487991636,False,True
78,2016-04-28,PM,False,True,5.083333333333333,0.0161415576094969,9.744487950512514,2.0102674226342043,21.929078651921632,3.865159571629759,5.083333,9.744,state_transition__AZ_I10_W::78__2016-04-28__959,12.660390429842725,64.429965506435,1.0400000000000205,0.1624081325085419,0.0161415576094969,False,True,5399.0,3.5258254656140284,True,3.960264494915919,17.892463269976588,False,False
78,2016-04-29,PM,False,True,4.916666666666667,0.0161415576094969,6.805069414667628,1.37012848916763,16.96842224644948,3.865159571629759,4.916667,6.805,state_transition__AZ_I10_W::78__2016-04-29__960,14.4543352781747,64.429965506435,1.0400000000000205,0.1134178235777938,0.0161415576094969,False,True,5481.399999999999,3.5796369155800574,True,3.3485504474983294,15.192098662578413,False,False
78,2016-05-02,PM,False,True,3.583333333333333,0.0161415576094969,9.707601463003572,2.1486449447946963,13.539472317062948,3.865159571629759,3.583333,9.708,state_transition__AZ_I10_W::78__2016-05-02__961,11.328891814460988,64.429965506435,1.0400000000000205,0.1617933577167262,0.0161415576094969,False,True,3642.6,2.3788056753187,True,4.539547490590569,20.449663494151853,False,True
78,2016-05-03,PM,False,True,4.416666666666667,0.0161415576094969,10.127361088884948,2.410529052837006,21.79923342758693,3.865159571629759,4.416667,10.127,state_transition__AZ_I10_W::78__2016-05-03__962,11.111660442875506,64.429965506435,1.0400000000000205,0.1687893514814158,0.0161415576094969,False,True,4454.2,2.9088223354210045,True,4.6472289029098075,20.925014805649553,False,False
78,2016-05-05,PM,False,True,4.916666666666667,0.0161415576094969,9.667735114858962,2.210000408674632,21.2840319370971,3.865159571629759,4.916667,9.668,state_transition__AZ_I10_W::78__2016-05-05__964,11.017349782114165,64.429965506435,1.0400000000000205,0.1611289185809827,0.0161415576094969,False,True,4941.0,3.2267278432300266,True,4.695300580477362,21.13722352845017,False,False
78,2016-05-06,PM,False,True,6.333333333333333,0.0161415576094969,5.832958481043798,0.971854479762756,14.315883331403557,3.865159571629759,6.333333,5.833,state_transition__AZ_I10_W::78__2016-05-06__965,15.221542797050857,64.429965506435,1.0400000000000205,0.0972159746840633,0.0161415576094969,False,True,7187.8,4.694004127012505,True,3.1309595904689576,14.231560561980503,False,False
78,2016-05-09,PM,False,True,4.75,0.0161415576094969,9.403724894185329,2.543289795706464,22.07519582098749,3.865159571629759,4.75,9.404,state_transition__AZ_I10_W::78__2016-05-09__966,11.1039828832936,64.429965506435,1.0400000000000205,0.1567287482364221,0.0161415576094969,False,True,4789.0,3.1274640034868644,True,4.651111747782993,20.942155325661865,False,False
78,2016-05-10,PM,False,True,4.416666666666667,0.0161415576094969,14.87630573000904,3.462101839243866,28.83699839433925,3.865159571629759,4.416667,14.876,state_transition__AZ_I10_W::78__2016-05-10__967,9.90895634180131,64.429965506435,1.0400000000000205,0.247938428833484,0.0161415576094969,False,True,4241.8,2.770114180411481,True,5.328839768803723,23.933933541533126,False,False
78,2016-05-11,PM,False,True,4.666666666666667,0.0161415576094969,12.311469316813415,3.306904196642742,24.715434137046035,3.865159571629759,4.666667,12.311,state_transition__AZ_I10_W::78__2016-05-11__968,10.274131705224718,64.429965506435,1.0400000000000205,0.2051911552802236,0.0161415576094969,False,True,4553.2,2.973474441569512,True,5.105012489267813,22.945865233504914,False,False
78,2016-05-12,PM,False,True,4.75,0.0161415576094969,8.92709737235454,2.2238852363861463,19.634576657649934,3.865159571629759,4.75,8.927,state_transition__AZ_I10_W::78__2016-05-12__969,12.298580722247172,64.429965506435,1.0400000000000205,0.148784956205909,0.0161415576094969,False,True,4989.0,3.2580743189383936,True,4.105262727924261,18.53254681588168,False,False
78,2016-05-13,AM,False,True,1.3333333333333333,0.0161415576094969,2.869709956202634,0.744930394879686,3.619427336654669,3.865159571629759,1.333333,2.87,state_transition__AZ_I10_W::78__2016-05-13__970,20.14150994438307,64.429965506435,1.0400000000000205,0.0478284992700439,0.0161415576094969,False,True,1649.7999999999995,1.0774044921596635,True,2.1295860902122725,9.811074273828234,False,True
78,2016-05-13,PM,False,True,4.583333333333333,0.0161415576094969,11.678977517685857,2.471315649125196,23.84540301066851,3.865159571629759,4.583333,11.679,state_transition__AZ_I10_W::78__2016-05-13__971,12.355688030097827,64.429965506435,1.0400000000000205,0.1946496252947643,0.0161415576094969,False,True,4822.6,3.1494065364827217,True,4.08181210698909,18.429025853657276,False,False
78,2016-05-16,PM,False,True,4.5,0.0161415576094969,13.93286708764816,2.5435826736984537,28.42229299387215,3.865159571629759,4.5,13.933,state_transition__AZ_I10_W::78__2016-05-16__972,12.678171047349151,64.429965506435,1.0400000000000205,0.2322144514608027,0.0161415576094969,False,True,4782.0,3.122892642446061,True,3.953352113028198,17.86194909185493,False,False
78,2016-05-17,PM,False,True,4.333333333333333,0.0161415576094969,6.694615509194166,1.91990536342575,13.047828513557834,3.865159571629759,4.333333,6.695,state_transition__AZ_I10_W::78__2016-05-17__973,12.430527525064422,64.429965506435,1.0400000000000205,0.1115769251532361,0.0161415576094969,False,True,4570.2,2.984576318382892,True,4.0514061312940415,18.2948010128727,False,True
78,2016-05-18,PM,False,True,4.583333333333333,0.0161415576094969,10.777498482525804,2.758783919944092,21.17755381384933,3.865159571629759,4.583333,10.777,state_transition__AZ_I10_W::78__2016-05-18__974,11.361500760909315,64.429965506435,1.0400000000000205,0.1796249747087634,0.0161415576094969,False,True,4664.6,3.046224387276013,True,4.523738715318633,20.379876871773526,False,False
78,2016-05-19,PM,False,True,4.333333333333333,0.0161415576094969,10.948173210097083,2.612599574867328,18.965105088040502,3.865159571629759,4.333333,10.948,state_transition__AZ_I10_W::78__2016-05-19__975,11.441764286844784,64.429965506435,1.0400000000000205,0.1824695535016181,0.0161415576094969,False,True,4422.799999999999,2.8883165158951143,True,4.485210922897771,20.209798895807975,False,True
78,2016-05-20,MD,False,True,4.25,0.0161415576094969,9.83387963389086,1.589071709112684,15.037446538334738,3.865159571629759,4.25,9.834,state_transition__AZ_I10_W::78__2016-05-20__976,12.7067005439226,64.429965506435,1.0400000000000205,0.163897993898181,0.0161415576094969,False,True,4520.2,2.951923739520009,True,3.9423014255718027,17.813166682131552,False,True
78,2016-05-23,PM,False,True,4.166666666666667,0.0161415576094969,6.5646667165905,1.469022782470218,11.841463858453894,3.865159571629759,4.166667,6.565,state_transition__AZ_I10_W::78__2016-05-23__977,14.25506957923657,64.429965506435,1.0400000000000205,0.109411111943175,0.0161415576094969,False,True,4622.6,3.0187962210311925,True,3.408896611795116,15.458492162853934,False,True
78,2016-05-24,PM,False,True,4.166666666666667,0.0161415576094969,7.201689693613494,1.94910322420632,17.431627974007373,3.865159571629759,4.166667,7.202,state_transition__AZ_I10_W::78__2016-05-24__978,12.179722847731524,64.429965506435,1.0400000000000205,0.1200281615602249,0.0161415576094969,False,True,4359.799999999999,2.8471742665278827,True,4.154775831255009,18.751118601835,False,True
78,2016-05-25,PM,False,True,5.083333333333333,0.0161415576094969,8.490667853500769,1.882215005597076,18.139267806442323,3.865159571629759,5.083333,8.491,state_transition__AZ_I10_W::78__2016-05-25__979,12.70229255900531,64.429965506435,1.0400000000000205,0.1415111308916795,0.0161415576094969,False,True,5405.799999999999,3.53026621633938,True,3.9440055832797,17.820689555244012,False,False
78,2016-05-25,NT,False,True,0.5,0.0161415576094969,0.763087429448394,0.21755609775075,1.0224826503137212,3.865159571629759,0.5,0.763,state_transition__AZ_I10_W::78__2016-05-25__980,14.556088392661495,64.429965506435,1.0400000000000205,0.0127181238241399,0.0161415576094969,True,True,558.8,0.3649252213715723,True,3.3183725143362426,15.05888049801386,True,True
78,2016-05-26,PM,False,True,4.916666666666667,0.0161415576094969,11.167281191317748,1.798770712709514,18.049949173974955,3.865159571629759,4.916667,11.167,state_transition__AZ_I10_W::78__2016-05-26__981,13.40509125736008,64.429965506435,1.0400000000000205,0.1861213531886291,0.0161415576094969,False,True,5335.0,3.484030164669539,True,3.6864543391596936,16.68374939971043,False,False
78,2016-05-27,PM,False,True,4.833333333333333,0.0161415576094969,4.223163129613188,1.1661902273985238,11.32489444601992,3.865159571629759,4.833333,4.223,state_transition__AZ_I10_W::78__2016-05-27__982,14.098260495961023,64.429965506435,1.0400000000000205,0.0703860521602198,0.0161415576094969,False,True,5341.200000000001,3.488079084448537,True,3.4575844994927816,15.673421097873144,False,True
78,2016-05-31,PM,False,True,3.333333333333333,0.0161415576094969,9.88909722860729,2.388645174918318,16.733053015123733,3.865159571629759,3.333333,9.889,state_transition__AZ_I10_W::78__2016-05-31__983,11.407372627113483,64.429965506435,1.0400000000000205,0.1648182871434548,0.0161415576094969,False,True,3397.999999999999,2.219069259521479,True,4.5016530916096045,20.282381584804153,False,True
78,2016-06-01,PM,False,True,3.9166666666666665,0.0161415576094969,5.097451164846624,1.743588136405332,14.586042897281516,3.865159571629759,3.916667,5.097,state_transition__AZ_I10_W::78__2016-06-01__984,14.112771599120013,64.429965506435,1.0400000000000205,0.0849575194141104,0.0161415576094969,False,True,4329.800000000001,2.8275827192101546,True,3.4530334959312867,15.653331042728125,False,True
78,2016-06-02,PM,False,True,5.75,0.0161415576094969,11.718815513530105,2.058882433509318,21.941309138918346,3.865159571629759,5.75,11.719,state_transition__AZ_I10_W::78__2016-06-02__985,12.394958851620524,64.429965506435,1.0400000000000205,0.1953135918921684,0.0161415576094969,False,True,6057.599999999999,3.9559252343959135,True,4.065811275457835,18.358391413695752,False,False
78,2016-06-03,PM,False,True,5.333333333333333,0.0161415576094969,27.60889784777857,3.30046354350783,32.43738598462981,3.865159571629759,5.333333,27.609,state_transition__AZ_I10_W::78__2016-06-03__986,12.494556152236074,64.429965506435,1.0400000000000205,0.4601482974629762,0.0161415576094969,False,True,5636.0,3.68059868942409,True,4.025681545703785,18.181241808598795,False,False
78,2016-06-03,PM,False,True,1.0833333333333333,0.0161415576094969,1.117770535017198,0.452825795044656,5.8767576552611605,3.865159571629759,1.083333,1.118,state_transition__AZ_I10_W::78__2016-06-03__987,19.55865727583697,64.429965506435,1.0400000000000205,0.0186295089169533,0.0161415576094969,True,True,1329.4,0.868166766806314,True,2.221909602288986,10.218629316082255,True,True
78,2016-06-06,AM,False,True,0.5833333333333334,0.0161415576094969,0.7112750180381401,0.275235804547926,1.115681965294078,3.865159571629759,0.583333,0.711,state_transition__AZ_I10_W::78__2016-06-06__988,18.39979438126463,64.429965506435,1.0400000000000205,0.011854583633969,0.0161415576094969,True,True,703.1999999999999,0.4592258691275763,True,2.422848789272848,11.105659900161966,True,True
78,2016-06-06,MD,False,True,1.4166666666666667,0.0161415576094969,3.318028960341162,1.09636442143737,5.6823199486190905,3.865159571629759,1.416667,3.318,state_transition__AZ_I10_W::78__2016-06-06__989,22.176009139901836,64.429965506435,1.0400000000000205,0.0553004826723527,0.0161415576094969,False,True,1799.0,1.1748397874865044,True,1.845358197546045,8.556372105337246,False,True
78,2016-06-06,PM,False,True,3.583333333333333,0.0161415576094969,4.039683339010392,1.099402333478826,6.86210052089409,3.865159571629759,3.583333,4.04,state_transition__AZ_I10_W::78__2016-06-06__990,18.07130989118333,64.429965506435,1.0400000000000205,0.0673280556501732,0.0161415576094969,False,True,4296.4,2.8057707965297483,True,2.4844936470626156,11.377786382962748,False,True
78,2016-06-07,MD,False,True,4.166666666666667,0.0161415576094969,10.837280821645638,3.252381897834024,21.715888963931693,3.865159571629759,4.166667,10.837,state_transition__AZ_I10_W::78__2016-06-07__991,11.592280712439056,64.429965506435,1.0400000000000205,0.1806213470274273,0.0161415576094969,False,True,4275.2,2.7919261030918863,True,4.414398965371204,19.8972049563806,False,False
78,2016-06-08,MD,False,True,1.0,0.0161415576094969,1.296501791583372,0.557255392891992,8.745190840062714,3.865159571629759,1.0,1.297,state_transition__AZ_I10_W::78__2016-06-08__992,18.131654703006816,64.429965506435,1.0400000000000205,0.0216083631930562,0.0161415576094969,True,True,1200.1999999999998,0.7837925030246261,True,2.473001598465249,11.327055618433413,True,True
78,2016-06-08,PM,False,True,5.0,0.0161415576094969,11.259790670878536,2.4236578129226096,19.289269547725517,3.865159571629759,5.0,11.26,state_transition__AZ_I10_W::78__2016-06-08__993,11.846970135292166,64.429965506435,1.0400000000000205,0.1876631778479756,0.0161415576094969,False,True,5175.0,3.379541912308316,True,4.298676063349156,19.386355107165976,False,True
78,2016-06-09,PM,False,True,4.083333333333333,0.0161415576094969,6.084168674949594,1.557166858235448,14.39045031796974,3.865159571629759,4.083333,6.084,state_transition__AZ_I10_W::78__2016-06-09__994,12.578790899928435,64.429965506435,1.0400000000000205,0.1014028112491599,0.0161415576094969,False,True,4326.199999999999,2.8252317335320254,True,3.992237705624497,18.033606549171854,False,True
78,2016-06-13,PM,False,True,4.75,0.0161415576094969,5.020567283803686,1.6311465857128862,13.185836105161233,3.865159571629759,4.75,5.021,state_transition__AZ_I10_W::78__2016-06-13__995,10.407052663050475,64.429965506435,1.0400000000000205,0.0836761213967281,0.0161415576094969,True,True,4660.2,3.04335096033608,True,5.0274404567415045,22.603429462996946,True,True
78,2016-06-14,PM,False,True,4.25,0.0161415576094969,5.976812665879296,2.125826799880146,11.376072893278051,3.865159571629759,4.25,5.977,state_transition__AZ_I10_W::78__2016-06-14__996,13.47476206231519,64.429965506435,1.0400000000000205,0.0996135444313216,0.0161415576094969,False,True,4620.4,3.0173595075612254,True,3.662386087827858,16.57750195560999,False,True
78,2016-06-15,MD,False,True,1.0,0.0161415576094969,0.5349536188165019,0.458837806416384,3.262051267714712,3.865159571629759,1.0,0.535,state_transition__AZ_I10_W::78__2016-06-15__997,41.53264291557012,64.429965506435,1.0400000000000205,0.0089158936469417,0.0161415576094969,False,True,1445.1999999999998,0.9437901394527493,True,0.5339392233550192,2.767213922153697,False,False
78,2016-06-15,PM,False,True,3.9166666666666665,0.0161415576094969,6.23787017979396,2.50551119817258,18.524636674551704,3.865159571629759,3.916667,6.238,state_transition__AZ_I10_W::78__2016-06-15__998,9.70097843527023,64.429965506435,1.0400000000000205,0.103964502996566,0.0161415576094969,False,True,3726.4,2.43353139749289,True,5.463847406402427,24.529914372509705,False,True
78,2016-06-16,PM,False,True,5.416666666666667,0.0161415576094969,13.18868973291178,2.886022696440762,23.31735503936942,3.865159571629759,5.416667,13.189,state_transition__AZ_I10_W::78__2016-06-16__999,10.040462536493656,64.429965506435,1.0400000000000205,0.2198114955485297,0.0161415576094969,False,True,5232.4,3.417027072842904,True,5.246359671281467,23.56983149564402,False,True
78,2016-06-17,PM,False,True,8.666666666666666,0.0161415576094969,2.7457922577159657,1.897527586640808,13.428280572711287,3.865159571629759,8.666667,2.746,state_transition__AZ_I10_W::78__2016-06-17__1000,9.334457873321844,64.429965506435,1.0400000000000205,0.0457632042952661,0.0161415576094969,True,True,8103.8,5.292199371780508,True,5.71641538836078,25.644856300558526,True,True
78,2016-06-20,MD,False,True,1.6666666666666667,0.0161415576094969,14.239306944921738,2.6470004018508,12.126728471067183,3.865159571629759,1.666667,14.239,state_transition__AZ_I10_W::78__2016-06-20__1001,13.196150656791112,64.429965506435,1.0400000000000205,0.2373217824153623,0.0161415576094969,False,True,1798.0,1.1741867359092466,True,3.76015822549388,17.009109536402967,False,True
78,2016-06-20,PM,False,True,3.75,0.0161415576094969,8.608417935835433,1.572264742438344,11.603422428896708,3.865159571629759,3.75,8.608,state_transition__AZ_I10_W::78__2016-06-20__1002,14.45109313153066,64.429965506435,1.0400000000000205,0.1434736322639239,0.0161415576094969,False,True,4180.4,2.730016813567861,True,3.3495189894126574,15.196374216355995,False,True
78,2016-06-21,PM,False,True,4.083333333333333,0.0161415576094969,10.732973628069912,2.438004905631072,12.39866163396181,3.865159571629759,4.083333,10.733,state_transition__AZ_I10_W::78__2016-06-21__1003,9.348770580522908,64.429965506435,1.0400000000000205,0.1788828938011652,0.0161415576094969,False,True,3820.8,2.495179466386012,True,5.706180979232949,25.599677288725957,False,True
78,2016-06-22,PM,False,True,0.75,0.0161415576094969,5.271714801670524,0.941782729946946,1.7120995103923224,3.865159571629759,0.75,5.272,state_transition__AZ_I10_W::78__2016-06-22__1005,7.598201814088584,64.429965506435,1.0400000000000205,0.0878619133611754,0.0161415576094969,True,True,635.1999999999999,0.4148183618740564,True,7.243975957482752,32.38815492828819,True,True
78,2016-06-24,PM,False,True,3.5,0.0161415576094969,3.647172585737826,0.82355501684622,8.340209921257243,3.865159571629759,3.5,3.647,state_transition__AZ_I10_W::78__2016-06-24__1007,7.1604084113556805,64.429965506435,1.0400000000000205,0.0607862097622971,0.0161415576094969,True,True,2875.2,1.8776538949311825,True,7.746093256255274,34.60471311931185,True,True
78,2016-06-27,MD,False,True,0.5833333333333334,0.0161415576094969,0.503588623340208,0.304663180099044,2.7609500874967967,3.865159571629759,0.583333,0.504,state_transition__AZ_I10_W::78__2016-06-27__1008,16.722141414137237,64.429965506435,1.0400000000000205,0.0083931437223368,0.0161415576094969,True,True,682.8,0.4459036169515203,True,2.7630860376238524,12.60761106091142,True,True
78,2016-06-27,PM,False,True,3.333333333333333,0.0161415576094969,4.864770190352478,1.179771090474564,8.62404832493249,3.865159571629759,3.333333,4.865,state_transition__AZ_I10_W::78__2016-06-27__1009,10.953862664226376,64.429965506435,1.0400000000000205,0.0810795031725413,0.0161415576094969,False,True,3341.8,2.1823677608795995,True,4.728127170580275,21.282133985337165,False,True
78,2016-07-01,PM,False,True,4.333333333333333,0.0161415576094969,5.7087270548776265,0.84137597143548,11.396516502342438,3.865159571629759,4.333333,5.709,state_transition__AZ_I10_W::78__2016-07-01__1014,13.061798160222777,64.429965506435,1.0400000000000205,0.0951454509146271,0.0161415576094969,False,True,4656.999999999999,3.041261195288855,True,3.8087967170012753,17.22382041573994,False,True
78,2016-07-08,PM,False,True,1.0833333333333333,0.0161415576094969,0.6980108131542959,0.393290830694586,0.7963043430584255,3.865159571629759,1.083333,0.698,state_transition__AZ_I10_W::78__2016-07-08__1021,19.22235904428375,64.429965506435,1.0400000000000205,0.0116335135525716,0.0161415576094969,True,True,1322.8,0.8638566263964135,True,2.2777262116949615,10.465027444719592,True,True
78,2016-07-12,PM,False,True,4.833333333333333,0.0161415576094969,8.861633974684565,1.719755278538856,13.304859771320084,3.865159571629759,4.833333,8.862,state_transition__AZ_I10_W::78__2016-07-12__1023,9.487190012899896,64.429965506435,1.0400000000000205,0.1476938995780761,0.0161415576094969,False,True,4552.8,2.9732132209386086,True,5.608796543435967,25.16978118801064,False,True
78,2016-07-13,PM,False,True,4.666666666666667,0.0161415576094969,6.971366079664493,1.700983990388418,12.595789805763234,3.865159571629759,4.666667,6.971,state_transition__AZ_I10_W::78__2016-07-13__1024,9.089095541635006,64.429965506435,1.0400000000000205,0.1161894346610749,0.0161415576094969,False,True,4310.599999999999,2.8150441289268064,True,5.8968761188914085,26.441486313891318,False,True
78,2016-07-18,PM,False,True,0.5833333333333334,0.0161415576094969,0.535156269723222,0.229880819411418,0.664920448419169,3.865159571629759,0.583333,0.535,state_transition__AZ_I10_W::78__2016-07-18__1029,9.317633578790913,64.429965506435,1.0400000000000205,0.0089192711620537,0.0161415576094969,True,True,545.0,0.3559131096054168,True,5.7284859290585315,25.69814077396562,True,True
78,2016-07-19,PM,False,True,4.5,0.0161415576094969,10.225121960271624,2.06877212131545,19.38660683659373,3.865159571629759,4.5,10.225,state_transition__AZ_I10_W::78__2016-07-19__1030,14.190621931255334,64.429965506435,1.0400000000000205,0.1704186993378604,0.0161415576094969,False,True,4984.4,3.2550702816830084,True,3.4287768182842466,15.546251805153549,False,False
78,2016-07-20,PM,False,True,4.083333333333333,0.0161415576094969,6.609954875143968,1.502437023876612,14.615080015100206,3.865159571629759,4.083333,6.61,state_transition__AZ_I10_W::78__2016-07-20__1031,14.76332658255276,64.429965506435,1.0400000000000205,0.1101659145857328,0.0161415576094969,False,True,4586.0,2.9948945333035626,True,3.2581962160508042,14.793236858178819,False,True
78,2016-07-21,PM,False,True,5.083333333333333,0.0161415576094969,10.87109571243135,1.736192962982256,17.043129702554385,3.865159571629759,5.083333,10.871,state_transition__AZ_I10_W::78__2016-07-21__1032,14.055593824917828,64.429965506435,1.0400000000000205,0.1811849285405225,0.0161415576094969,False,True,5611.399999999999,3.6645336206235513,True,3.471020147571063,15.732731732803328,False,False
78,2016-07-22,PM,False,True,4.5,0.0161415576094969,5.839914951838728,1.212819750788412,12.966228569114351,3.865159571629759,4.5,5.84,state_transition__AZ_I10_W::78__2016-07-22__1033,15.55955104674678,64.429965506435,1.0400000000000205,0.0973319158639788,0.0161415576094969,False,True,5145.0,3.359950364990586,True,3.0419050319552077,13.838436063772214,False,True
78,2016-07-25,MD,False,True,1.6666666666666667,0.0161415576094969,1.229139856427328,0.605842655733738,7.304770203437927,3.865159571629759,1.666667,1.229,state_transition__AZ_I10_W::78__2016-07-25__1034,17.164887634593853,64.429965506435,1.0400000000000205,0.0204856642737888,0.0161415576094969,True,True,1967.0,1.2845524524657888,True,2.6668347394762346,12.182717109184779,True,True
78,2016-07-25,PM,False,True,2.583333333333333,0.0161415576094969,4.604172431910132,1.9477373857509657,9.569015516578732,3.865159571629759,2.583333,4.604,state_transition__AZ_I10_W::78__2016-07-25__1035,11.04483483427374,64.429965506435,1.0400000000000205,0.0767362071985022,0.0161415576094969,True,True,2598.7999999999997,1.6971504389771688,True,4.6812062389263,21.075005141853126,True,True
78,2016-07-26,PM,False,True,0.9166666666666666,0.0161415576094969,1.127146024159608,0.468510962359398,5.107883062041639,3.865159571629759,0.916667,1.127,state_transition__AZ_I10_W::78__2016-07-26__1037,20.789752985793285,64.429965506435,1.0400000000000205,0.0187857670693268,0.0161415576094969,True,True,1144.1999999999998,0.7472216146981979,True,2.0329852066274996,9.384637104080461,True,True
78,2016-07-28,PM,False,True,4.333333333333333,0.0161415576094969,9.85932065702764,1.644271215735276,12.200242872682752,3.865159571629759,4.333333,9.859,state_transition__AZ_I10_W::78__2016-07-28__1038,14.515397877421272,64.429965506435,1.0400000000000205,0.1643220109504607,0.0161415576094969,False,True,4838.199999999999,3.15959414108794,True,3.3303897381557346,15.111929608163175,False,True
78,2016-07-29,PM,False,True,1.6666666666666667,0.0161415576094969,0.904980016863696,0.465470756881554,1.068885472824464,3.865159571629759,1.666667,0.905,state_transition__AZ_I10_W::78__2016-07-29__1040,12.65731614879498,64.429965506435,1.0400000000000205,0.0150830002810616,0.0161415576094969,True,True,1770.0000000000002,1.1559012917460327,True,3.961461619723505,17.897747885353155,True,True
78,2016-08-01,PM,False,True,4.25,0.0161415576094969,10.85480572871718,1.871160574506528,12.982399124194488,3.865159571629759,4.25,10.855,state_transition__AZ_I10_W::78__2016-08-01__1041,12.160131508629611,64.429965506435,1.0400000000000205,0.180913428811953,0.0161415576094969,False,True,4444.2,2.902291819648428,True,4.163029994119691,18.787555968865533,False,True
78,2016-08-04,PM,False,True,5.333333333333333,0.0161415576094969,12.972633303993833,2.493015618732192,26.74391285481585,3.865159571629759,5.333333,12.973,state_transition__AZ_I10_W::78__2016-08-04__1044,11.87294616663975,64.429965506435,1.0400000000000205,0.2162105550665639,0.0161415576094969,False,True,5524.8,3.60797935403304,True,4.287152372544687,19.335484660547404,False,False
78,2016-08-05,PM,False,True,4.0,0.0161415576094969,4.702232349881903,1.079038225553274,7.2560658058483956,3.865159571629759,4.0,4.702,state_transition__AZ_I10_W::78__2016-08-05__1046,17.3879103046002,64.429965506435,1.0400000000000205,0.0783705391646984,0.0161415576094969,False,True,4739.8,3.0953338658857885,True,2.6202069051690233,11.976882121392084,False,True
78,2016-08-15,PM,False,True,6.333333333333333,0.0161415576094969,9.773375591049438,1.84477866741522,18.921386796763876,3.865159571629759,6.333333,9.773,state_transition__AZ_I10_W::78__2016-08-15__1055,15.683005923210615,64.429965506435,1.0400000000000205,0.1628895931841573,0.0161415576094969,False,True,7260.199999999999,4.741285061205957,True,3.0103356215758574,13.69907533006876,False,False
78,2016-08-16,PM,False,True,4.25,0.0161415576094969,9.98048015046852,2.0173613365716903,13.617425228185114,3.865159571629759,4.25,9.98,state_transition__AZ_I10_W::78__2016-08-16__1056,14.508770646518109,64.429965506435,1.0400000000000205,0.166341335841142,0.0161415576094969,False,True,4744.4,3.0983379031411733,True,3.332353356731786,15.12059785131957,False,True
78,2016-08-17,PM,False,True,4.833333333333333,0.0161415576094969,12.601431355460528,2.759866173183654,28.461486561288343,3.865159571629759,4.833333,12.601,state_transition__AZ_I10_W::78__2016-08-17__1057,13.02323368724369,64.429965506435,1.0400000000000205,0.2100238559243421,0.0161415576094969,False,True,5188.599999999999,3.3884234137590195,True,3.8229432555827336,17.286269222112512,False,False
78,2016-08-19,PM,False,True,5.0,0.0161415576094969,6.943097626144416,1.6789849541106658,12.92923476484164,3.865159571629759,5.0,6.943,state_transition__AZ_I10_W::78__2016-08-19__1060,13.456090473669462,64.429965506435,1.0400000000000205,0.1157182937690736,0.0161415576094969,False,True,5433.0,3.5480292192407883,True,3.668811867893034,16.60586806741694,False,True
78,2016-08-22,MD,False,True,0.5,0.0161415576094969,0.494494918809858,0.327222914406678,4.308264251975745,3.865159571629759,0.5,0.494,state_transition__AZ_I10_W::78__2016-08-22__1061,25.32851011691981,64.429965506435,1.0400000000000205,0.0082415819801643,0.0161415576094969,True,True,656.1999999999999,0.428532444996467,True,1.4951334884006715,7.010332067177265,True,True
78,2016-08-22,PM,False,True,4.083333333333333,0.0161415576094969,8.546080858004682,2.119925813481558,13.753411215197689,3.865159571629759,4.083333,8.546,state_transition__AZ_I10_W::78__2016-08-22__1062,12.727197973372622,64.429965506435,1.0400000000000205,0.1424346809667447,0.0161415576094969,False,True,4345.6,2.837900934130825,True,3.9343924834895927,17.778253265689802,False,True
78,2016-08-23,PM,False,True,5.166666666666667,0.0161415576094969,16.779769091693083,2.899988962158186,22.361753490913205,3.865159571629759,5.166667,16.78,state_transition__AZ_I10_W::78__2016-08-23__1063,11.572473391022662,64.429965506435,1.0400000000000205,0.2796628181948847,0.0161415576094969,False,True,5297.599999999999,3.459606035680103,True,4.423612266344007,19.937876364809583,False,False
78,2016-08-24,PM,False,True,5.666666666666667,0.0161415576094969,9.749284321208172,2.064467083384542,13.00279522819318,3.865159571629759,5.666667,9.749,state_transition__AZ_I10_W::78__2016-08-24__1064,13.276623221874065,64.429965506435,1.0400000000000205,0.1624880720201362,0.0161415576094969,False,True,6126.999999999998,4.001247013857593,True,3.731496816347874,16.882585950451713,False,True
78,2016-08-25,PM,False,True,5.416666666666667,0.0161415576094969,9.924276162181323,2.572595738794098,22.493823242722343,3.865159571629759,5.416667,9.924,state_transition__AZ_I10_W::78__2016-08-25__1065,12.090204526180834,64.429965506435,1.0400000000000205,0.1654046027030221,0.0161415576094969,False,True,5651.399999999999,3.690655683713857,True,4.192709554088658,18.918574103305463,False,False
78,2016-08-26,PM,False,True,6.083333333333333,0.0161415576094969,5.799134123579634,1.4405461229196,16.191998575261994,3.865159571629759,6.083333,5.799,state_transition__AZ_I10_W::78__2016-08-26__1066,14.80211147116813,64.429965506435,1.0400000000000205,0.0966522353929939,0.0161415576094969,False,True,6838.4,4.465827905918683,True,3.247121330654647,14.744347628511747,False,False
78,2016-08-29,PM,False,True,4.583333333333333,0.0161415576094969,10.772814954645366,1.87775719328109,4.872016217762381,3.865159571629759,4.583333,10.773,state_transition__AZ_I10_W::78__2016-08-29__1067,13.895998008303112,64.429965506435,1.0400000000000205,0.1795469159107561,0.0161415576094969,False,True,5038.8,3.2905962874858243,True,3.5220080506062854,15.957813908605926,False,True
78,2016-09-27,PM,False,True,4.833333333333333,0.0161415576094969,23.553358395282523,3.111597052117578,22.54402667370188,3.865159571629759,4.833333,23.553,state_transition__AZ_I10_W::78__2016-09-27__1091,11.044445465087618,64.429965506435,1.0400000000000205,0.3925559732547087,0.0161415576094969,False,True,4862.199999999999,3.1752673789421237,True,4.681405417688078,21.07588440117555,False,False
78,2016-09-28,PM,False,True,5.083333333333333,0.0161415576094969,11.619358395282283,2.572164658877232,22.867290176256763,3.865159571629759,5.083333,11.619,state_transition__AZ_I10_W::78__2016-09-28__1092,11.49803248763629,64.429965506435,1.0400000000000205,0.1936559732547047,0.0161415576094969,False,True,5198.6,3.394953929531596,True,4.458521997343649,20.091982686943577,False,False
78,2016-09-29,PM,False,True,5.25,0.0161415576094969,15.900533596112052,2.650939673166576,24.18001107836007,3.865159571629759,5.25,15.901,state_transition__AZ_I10_W::78__2016-09-29__1093,12.194791814122564,64.429965506435,1.0400000000000205,0.2650088932685342,0.0161415576094969,False,True,5496.0,3.58917146860802,True,4.148445065311053,18.7231719225574,False,False
78,2016-09-29,NT,False,True,0.6666666666666666,0.0161415576094969,1.088340796655046,0.395436862422606,1.3352665871857443,3.865159571629759,0.666667,1.088,state_transition__AZ_I10_W::78__2016-09-29__1094,11.86427986218851,64.429965506435,1.0400000000000205,0.0181390132775841,0.0161415576094969,True,True,690.3999999999999,0.4508668089386784,True,4.29099137730284,19.352431651744208,True,True
78,2016-09-30,PM,False,True,5.0,0.0161415576094969,12.414490670414574,1.9946004633602816,22.997067021299475,3.865159571629759,5.0,12.414,state_transition__AZ_I10_W::78__2016-09-30__1095,13.864601280307063,64.429965506435,1.0400000000000205,0.2069081778402429,0.0161415576094969,False,True,5492.399999999999,3.5868204829298915,True,3.53217690087008,16.0027035158762,False,False
78,2016-09-30,NT,False,True,1.1666666666666667,0.0161415576094969,1.2418833996648242,0.3423019412857619,4.741128728492628,3.865159571629759,1.166667,1.242,state_transition__AZ_I10_W::78__2016-09-30__1096,12.325287726616528,64.429965506435,1.0400000000000205,0.0206980566610804,0.0161415576094969,True,True,1226.4,0.8009024543487766,True,4.094268678000729,18.48401442819039,True,True
78,2016-10-03,PM,False,True,5.75,0.0161415576094969,13.272455695972836,3.795400000246278,29.007726604364965,3.865159571629759,5.75,13.272,state_transition__AZ_I10_W::78__2016-10-03__1097,10.162848438769627,64.429965506435,1.0400000000000205,0.2212075949328806,0.0161415576094969,False,True,5583.8,3.646509397091241,True,5.171517424823957,23.239446155753228,False,False
78,2016-10-04,PM,False,True,4.833333333333333,0.0161415576094969,14.176614099966612,3.2482926003100383,24.13513372636212,3.865159571629759,4.833333,14.177,state_transition__AZ_I10_W::78__2016-10-04__1098,10.801816511131308,64.429965506435,1.0400000000000205,0.2362769016661102,0.0161415576094969,False,True,4817.4,3.146010668280981,True,4.808312688553814,21.636106786314578,False,False
78,2016-10-05,PM,False,True,6.083333333333333,0.0161415576094969,10.2475065434304,2.8183812179851984,25.095654833959404,3.865159571629759,6.083333,10.248,state_transition__AZ_I10_W::78__2016-10-05__1099,11.770274624849677,64.429965506435,1.0400000000000205,0.17079177572384,0.0161415576094969,False,True,6280.0,4.101163905178014,True,4.332997119381649,19.537862768940183,False,False
78,2016-10-06,PM,False,True,4.666666666666667,0.0161415576094969,9.054168270418128,2.684256321602688,23.15268586191154,3.865159571629759,4.666667,9.054,state_transition__AZ_I10_W::78__2016-10-06__1100,12.005118526937787,64.429965506435,1.0400000000000205,0.1509028045069688,0.0161415576094969,False,True,4855.4,3.170826628216772,True,4.229289460773687,19.08005328752754,False,False
78,2016-10-07,PM,False,True,6.333333333333333,0.0161415576094969,10.351761320500469,2.166583520657832,21.58602694256496,3.865159571629759,6.333333,10.352,state_transition__AZ_I10_W::78__2016-10-07__1101,13.650695780668675,64.429965506435,1.0400000000000205,0.1725293553416745,0.0161415576094969,False,True,6918.0,4.517810811468392,True,3.6027021075690095,16.314031615832715,False,False
78,2016-10-10,PM,False,True,2.5,0.0161415576094969,1.496374558941996,0.58923103309281,1.1561197661406355,3.865159571629759,2.5,1.496,state_transition__AZ_I10_W::78__2016-10-10__1102,24.10377252647107,64.429965506435,1.0400000000000205,0.0249395759823666,0.0161415576094969,True,True,3242.2,2.117323823784738,True,1.6203129193397128,7.562927035870658,True,True
78,2016-10-11,PM,False,True,4.75,0.0161415576094969,8.003842893948528,1.899380352634266,8.142946436441052,3.865159571629759,4.75,8.004,state_transition__AZ_I10_W::78__2016-10-11__1103,13.24407772654572,64.429965506435,1.0400000000000205,0.1333973815658088,0.0161415576094969,False,True,5131.2,3.3509382532244305,True,3.743046394553982,16.933570675013478,False,True
78,2016-10-12,PM,False,True,5.333333333333333,0.0161415576094969,12.372614415150563,2.667315804434238,19.724511741192234,3.865159571629759,5.333333,12.373,state_transition__AZ_I10_W::78__2016-10-12__1104,12.47036522598394,64.429965506435,1.0400000000000205,0.2062102402525094,0.0161415576094969,False,True,5631.8,3.677855872799608,True,4.035369611528715,18.22400902994711,False,False
78,2016-10-13,PM,False,True,5.083333333333333,0.0161415576094969,12.99321890514282,3.319852217328354,17.819212034362497,3.865159571629759,5.083333,12.993,state_transition__AZ_I10_W::78__2016-10-13__1106,11.443479779621375,64.429965506435,1.0400000000000205,0.216553648419047,0.0161415576094969,False,True,5188.599999999999,3.3884234137590195,True,4.484393357729761,20.20618981726343,False,True
78,2016-10-18,PM,False,True,3.6666666666666665,0.0161415576094969,9.535506543430392,3.00958840760916,12.604769332614596,3.865159571629759,3.666667,9.536,state_transition__AZ_I10_W::78__2016-10-18__1109,11.580218146400716,64.429965506435,1.0400000000000205,0.1589251090571732,0.0161415576094969,False,True,3760.6,2.4558657614351023,True,4.42000607004713,19.92195708865674,False,True
78,2016-10-19,PM,False,True,5.25,0.0161415576094969,10.580233816157683,2.289435086311512,20.86989971974228,3.865159571629759,5.25,10.58,state_transition__AZ_I10_W::78__2016-10-19__1110,14.867453350419046,64.429965506435,1.0400000000000205,0.1763372302692947,0.0161415576094969,False,True,5910.599999999999,3.859926652539039,True,3.228593867618254,14.662559568127053,False,False
78,2016-10-20,PM,True,True,5.166666666666667,0.0161415576094969,17.33475564090347,3.20862700822953,15.764707684446028,3.865159571629759,5.166667,17.335,state_transition__AZ_I10_W::78__2016-10-20__1111,10.591009041583757,64.429965506435,1.0400000000000205,0.2889125940150578,0.0161415576094969,False,True,5106.999999999998,3.335134405054794,True,4.92329643379837,22.14369368479318,False,True
78,2016-10-25,PM,True,True,5.166666666666667,0.0161415576094969,14.672458924382868,2.191363537364226,13.112592251021924,3.865159571629759,5.166667,14.672,state_transition__AZ_I10_W::78__2016-10-25__1114,14.453510365776264,64.429965506435,1.0400000000000205,0.2445409820730478,0.0161415576094969,False,True,5760.000000000001,3.761577085004039,True,3.3487968362959943,15.193186326972723,False,True
78,2016-10-26,MD,True,True,6.25,0.0161415576094969,12.142326215561583,3.058821716217732,16.454596594574102,3.865159571629759,6.25,12.142,state_transition__AZ_I10_W::78__2016-10-26__1115,12.565230995336766,64.429965506435,1.0400000000000205,0.2023721035926931,0.0161415576094969,False,True,6619.0,4.322548389868356,True,3.997591132178234,18.057238838891287,False,True
78,2016-10-27,PM,True,True,5.75,0.0161415576094969,9.496037567961414,1.861193813199036,22.414760903745638,3.865159571629759,5.75,9.496,state_transition__AZ_I10_W::78__2016-10-27__1116,14.836041233388134,64.429965506435,1.0400000000000205,0.1582672927993569,0.0161415576094969,False,True,6468.8,4.224460042964258,True,3.2374802946739876,14.701788016793273,False,False
78,2016-10-28,MD,True,True,4.5,0.0161415576094969,4.221365613099162,1.344166390189458,12.899007114235715,3.865159571629759,4.5,4.221,state_transition__AZ_I10_W::78__2016-10-28__1117,18.36242448005842,64.429965506435,1.0400000000000205,0.0703560935516527,0.0161415576094969,False,True,5421.4,3.5404538209445997,True,2.4297506079744706,11.136127447911145,False,False
78,2016-11-01,PM,True,True,4.666666666666667,0.0161415576094969,12.237339876763777,2.6326597252087742,22.52097045067595,3.865159571629759,4.666667,12.237,state_transition__AZ_I10_W::78__2016-11-01__1120,12.58524831377452,64.429965506435,1.0400000000000205,0.2039556646127296,0.0161415576094969,False,True,4945.2,3.2294706598545084,True,3.989692384841402,18.02237042636879,False,False
78,2016-11-02,PM,True,True,5.166666666666667,0.0161415576094969,19.99790654343059,3.042271399347552,32.55068691430205,3.865159571629759,5.166667,19.998,state_transition__AZ_I10_W::78__2016-11-02__1121,13.135164254073086,64.429965506435,1.0400000000000205,0.3332984423905099,0.0161415576094969,False,True,5564.199999999999,3.633709586176991,True,3.7821132958848858,17.106028505792494,False,False
78,2016-11-04,PM,True,True,5.416666666666667,0.0161415576094969,8.317097819185571,1.706738789712024,15.974193499172618,3.865159571629759,5.416667,8.317,state_transition__AZ_I10_W::78__2016-11-04__1123,16.918621297714523,64.429965506435,1.0400000000000205,0.1386182969864262,0.0161415576094969,False,True,6363.799999999999,4.155889627352204,True,2.719750337174218,12.416308944791933,False,False
78,2016-11-07,PM,True,True,4.916666666666667,0.0161415576094969,9.847861777507152,1.976168140837764,5.310857967855734,3.865159571629759,4.916667,9.848,state_transition__AZ_I10_W::78__2016-11-07__1124,15.71648694511694,64.429965506435,1.0400000000000205,0.1641310296251192,0.0161415576094969,False,True,5640.200000000001,3.683341506048573,True,3.001859473948712,13.661658028380081,False,True
78,2016-11-09,PM,True,True,5.916666666666667,0.0161415576094969,10.551921442063128,2.105038111733238,11.363169543266324,3.865159571629759,5.916667,10.552,state_transition__AZ_I10_W::78__2016-11-09__1126,13.98288353406359,64.429965506435,1.0400000000000205,0.1758653573677188,0.0161415576094969,False,True,6519.199999999999,4.257373842458042,True,3.4941053949466894,15.834639781554769,False,True
78,2016-11-28,MD,True,True,0.5833333333333334,0.0161415576094969,1.323008737583982,0.456543447005016,2.1500158135191487,3.865159571629759,0.583333,1.323,state_transition__AZ_I10_W::78__2016-11-28__1140,24.61829102920375,64.429965506435,1.0400000000000205,0.0220501456263997,0.0161415576094969,True,True,760.3999999999999,0.4965804193467136,True,1.5662072635564699,7.324081780389059,True,True
78,2016-11-28,PM,True,True,5.333333333333333,0.0161415576094969,15.63266433988242,4.073852234233848,7.330887297757458,3.865159571629759,5.333333,15.633,state_transition__AZ_I10_W::78__2016-11-28__1141,10.254680568157822,64.429965506435,1.0400000000000205,0.260544405664707,0.0161415576094969,False,True,5199.4,3.395476370793402,True,5.1165327502690126,22.99672053952078,False,True
78,2016-11-29,PM,True,True,5.583333333333333,0.0161415576094969,16.000538801495033,4.482313522699974,14.214933175730469,3.865159571629759,5.583333,16.001,state_transition__AZ_I10_W::78__2016-11-29__1142,10.024313839198545,64.429965506435,1.0400000000000205,0.2666756466915839,0.0161415576094969,False,True,5389.599999999999,3.519686780787806,True,5.25637150685497,23.614027973642052,False,True
84,2016-01-04,MD,False,True,0.9166666666666666,0.0166805341116476,1.135458665166966,0.5118504890022659,2.502660474724701,3.865159571629759,0.916667,1.135,state_transition__AZ_I10_W::84__2016-01-04__1166,46.31180576039073,68.46303555727066,1.141999999999996,0.0189243110861161,0.0166805341116476,False,True,1487.8000000000002,0.8694199264559839,True,0.47870430207817866,2.0827838410106994,False,False
84,2016-01-04,PM,False,True,3.8333333333333335,0.0166805341116476,10.751774700797148,3.194324466710952,36.31734750115308,3.865159571629759,3.833333,10.752,state_transition__AZ_I10_W::84__2016-01-04__1167,11.261327699714752,68.46303555727066,1.141999999999996,0.1791962450132858,0.0166805341116476,False,True,4159.4,2.430612476207164,True,5.083708056128927,20.595544116708687,False,False
84,2016-01-05,PM,False,True,7.25,0.0166805341116476,13.223102912650685,3.3524402974165017,36.37832866646088,3.865159571629759,7.25,13.223,state_transition__AZ_I10_W::84__2016-01-05__1168,11.106005821569976,68.46303555727066,1.141999999999996,0.2203850485441781,0.0166805341116476,False,True,7818.8,4.569041888005139,True,5.168802752782418,20.937636719454908,False,False
84,2016-01-06,PM,False,True,4.166666666666667,0.0166805341116476,7.828281747816048,2.282498306636682,20.8865073837462,3.865159571629759,4.166667,7.828,state_transition__AZ_I10_W::84__2016-01-06__1169,15.094146237086418,68.46303555727066,1.141999999999996,0.1304713624636008,0.0166805341116476,False,True,5086.799999999999,2.972553624073328,True,3.5386761125400983,14.384299236659341,False,False
84,2016-01-07,AM,False,True,0.5,0.0166805341116476,1.053990988600782,0.379549602897366,2.5811280267613927,3.865159571629759,0.5,1.054,state_transition__AZ_I10_W::84__2016-01-07__1170,16.70105190326568,68.46303555727066,1.141999999999996,0.0175665164766797,0.0166805341116476,True,True,632.8,0.36978688631627,True,3.1019035412674048,12.628412306087585,True,True
84,2016-01-07,AM,False,True,0.9166666666666666,0.0166805341116476,0.621547448871264,0.481779683240664,2.9781431752400938,3.865159571629759,0.916667,0.622,state_transition__AZ_I10_W::84__2016-01-07__1171,12.618266057944428,68.46303555727066,1.141999999999996,0.0103591241478544,0.0166805341116476,True,True,1043.8,0.6099613652606236,True,4.429391066789842,17.965098146432194,True,True
84,2016-01-07,PM,False,True,3.75,0.0166805341116476,9.021138921043043,2.864963499401766,26.3393855765108,3.865159571629759,3.75,9.021,state_transition__AZ_I10_W::84__2016-01-07__1172,11.445128876513763,68.46303555727066,1.141999999999996,0.1503523153507174,0.0166805341116476,False,True,4097.799999999999,2.3946155226719514,True,4.985994378699269,20.20272144325898,False,False
84,2016-01-08,MD,False,True,0.5833333333333334,0.0166805341116476,0.854348588938554,0.43376581550637,3.292989744430928,3.865159571629759,0.583333,0.854,state_transition__AZ_I10_W::84__2016-01-08__1173,34.80247145023467,68.46303555727066,1.141999999999996,0.0142391431489759,0.0166805341116476,True,True,899.4000000000001,0.5255788962592498,True,0.9679936471309345,4.049795560045037,True,True
84,2016-01-08,MD,False,True,4.583333333333333,0.0166805341116476,7.978865467526922,2.8109305989648603,21.31758327201469,3.865159571629759,4.583333,7.979,state_transition__AZ_I10_W::84__2016-01-08__1174,12.958382248860454,68.46303555727066,1.141999999999996,0.1329810911254487,0.0166805341116476,False,True,5275.799999999999,3.082998822420002,True,4.286865034935337,17.392123529756155,False,False
84,2016-01-11,AM,False,True,1.1666666666666667,0.0166805341116476,2.741260136551242,1.236642972836148,5.5752415623593325,3.865159571629759,1.166667,2.741,state_transition__AZ_I10_W::84__2016-01-11__1175,18.947467833989,68.46303555727066,1.141999999999996,0.0456876689425207,0.0166805341116476,False,True,1539.4,0.899573218703012,True,2.6154823125784747,10.672930816673492,False,True
84,2016-01-11,PM,False,True,2.5,0.0166805341116476,8.397462288276474,2.801239480377018,15.0000430549831,3.865159571629759,2.5,8.397,state_transition__AZ_I10_W::84__2016-01-11__1177,11.774109808911534,68.46303555727066,1.141999999999996,0.1399577048046079,0.0166805341116476,False,True,2765.4,1.6160060926343442,True,4.818716191940692,19.530239695965964,False,True
84,2016-01-12,PM,False,True,5.416666666666667,0.0166805341116476,10.491675889809036,3.524515959123612,39.74383905125622,3.865159571629759,5.416667,10.492,state_transition__AZ_I10_W::84__2016-01-12__1178,11.406687084959684,68.46303555727066,1.141999999999996,0.1748612648301506,0.0166805341116476,False,True,5910.4000000000015,3.453837567768146,True,5.0061706430082165,20.283832852578055,False,False
84,2016-01-13,PM,False,True,4.916666666666667,0.0166805341116476,9.421928516681389,2.8447081021874343,26.31750278905736,3.865159571629759,4.916667,9.422,state_transition__AZ_I10_W::84__2016-01-13__1180,12.715612542680944,68.46303555727066,1.141999999999996,0.1570321419446898,0.0166805341116476,False,True,5616.199999999999,3.2819170526697774,True,4.3878190914202895,17.797972981001706,False,False
84,2016-01-14,PM,False,True,6.083333333333333,0.0166805341116476,10.864573848992706,3.1402500992575804,38.244024107008784,3.865159571629759,6.083333,10.865,state_transition__AZ_I10_W::84__2016-01-14__1181,12.93354471845108,68.46303555727066,1.141999999999996,0.1810762308165451,0.0166805341116476,False,True,6997.0,4.088809803342195,True,4.29701950843194,17.43294593590581,False,False
84,2016-01-15,MD,False,True,2.25,0.0166805341116476,2.92881527006199,1.722819241483326,7.383586101011462,3.865159571629759,2.25,2.929,state_transition__AZ_I10_W::84__2016-01-15__1182,23.53853918454768,68.46303555727066,1.141999999999996,0.0488135878343665,0.0166805341116476,False,True,3164.2000000000007,1.8490513048071144,True,1.9101387430679533,7.83735084502479,False,True
84,2016-01-15,PM,False,True,6.166666666666667,0.0166805341116476,8.389343501890446,2.922578462635782,27.2202014095352,3.865159571629759,6.166667,8.389,state_transition__AZ_I10_W::84__2016-01-15__1183,13.561771899300124,68.46303555727066,1.141999999999996,0.1398223916981741,0.0166805341116476,False,True,7228.200000000001,4.223915252325005,True,4.05160509121937,16.446345594905008,False,False
84,2016-01-18,PM,False,True,3.25,0.0166805341116476,3.293124125246826,0.83825408565573,8.418396988610242,3.865159571629759,3.25,3.293,state_transition__AZ_I10_W::84__2016-01-18__1184,39.23518398246629,68.46303555727066,1.141999999999996,0.0548854020874471,0.0166805341116476,False,True,5127.599999999999,2.9963957621291173,True,0.7455596620954872,3.155579776071532,False,False
84,2016-01-19,PM,False,True,5.25,0.0166805341116476,8.664709207426517,2.413880559257136,27.045776403711788,3.865159571629759,5.25,8.665,state_transition__AZ_I10_W::84__2016-01-19__1185,14.969453701624651,68.46303555727066,1.141999999999996,0.1444118201237753,0.0166805341116476,False,True,6389.799999999999,3.733982689923675,True,3.5764893015453487,14.536313554280273,False,False
84,2016-01-20,PM,False,True,4.833333333333333,0.0166805341116476,11.297956057390314,3.032989549522758,29.63962583132288,3.865159571629759,4.833333,11.298,state_transition__AZ_I10_W::84__2016-01-20__1186,12.767571824629991,68.46303555727066,1.141999999999996,0.1882992676231719,0.0166805341116476,False,True,5530.199999999999,3.2316615655913967,True,4.365889279890233,17.70981206617291,False,False
84,2016-01-20,NT,False,True,1.1666666666666667,0.0166805341116476,4.939961074211029,1.853575186042644,4.964537111728278,3.865159571629759,1.166667,4.94,state_transition__AZ_I10_W::84__2016-01-20__1187,11.29990580593372,68.46303555727066,1.141999999999996,0.0823326845701838,0.0166805341116476,True,True,1267.8,0.7408593781159404,True,5.062935313558169,20.512034781207507,True,True
84,2016-01-21,PM,False,True,4.916666666666667,0.0166805341116476,7.724472203946606,2.756745488767716,26.99200043963197,3.865159571629759,4.916667,7.724,state_transition__AZ_I10_W::84__2016-01-21__1188,13.856579448678003,68.46303555727066,1.141999999999996,0.1287412033991101,0.0166805341116476,False,True,5811.6,3.396102194240889,True,3.9441112745431655,16.014205391437006,False,False
84,2016-01-22,PM,False,True,6.0,0.0166805341116476,7.630026880817418,1.823966103009018,16.780048599524395,3.865159571629759,6.0,7.63,state_transition__AZ_I10_W::84__2016-01-22__1189,19.09252503542012,68.46303555727066,1.141999999999996,0.1271671146802903,0.0166805341116476,False,True,7935.999999999998,4.637529598302652,True,2.58800703419184,10.56247634813318,False,False
84,2016-01-25,PM,False,True,4.333333333333333,0.0166805341116476,11.282320942156211,3.55166445712425,31.3714333451661,3.865159571629759,4.333333,11.282,state_transition__AZ_I10_W::84__2016-01-25__1190,11.452730775180957,68.46303555727066,1.141999999999996,0.1880386823692702,0.0166805341116476,False,True,4736.6,2.7679086057611326,True,4.9820205449719825,20.186746074920997,False,False
84,2016-01-26,PM,False,True,6.0,0.0166805341116476,8.53513108694166,2.837803775426922,21.460710826346432,3.865159571629759,6.0,8.535,state_transition__AZ_I10_W::84__2016-01-26__1191,11.488340014236154,68.46303555727066,1.141999999999996,0.142252184782361,0.0166805341116476,False,True,6567.199999999999,3.837649241176056,True,4.963476105313614,20.112194829324178,False,False
84,2016-01-27,PM,False,True,4.583333333333333,0.0166805341116476,9.80883415764692,2.817936865917906,24.29688591845336,3.865159571629759,4.583333,9.809,state_transition__AZ_I10_W::84__2016-01-27__1192,13.4765679961748,68.46303555727066,1.141999999999996,0.1634805692941153,0.0166805341116476,False,True,5359.0,3.131618084337691,True,4.0835484884231805,16.57476252709651,False,False
84,2016-01-28,MD,False,True,4.833333333333333,0.0166805341116476,4.605489876991465,1.516254570004092,10.76760573785103,3.865159571629759,4.833333,4.605,state_transition__AZ_I10_W::84__2016-01-28__1193,22.173472746946658,68.46303555727066,1.141999999999996,0.0767581646165244,0.0166805341116476,False,True,6685.4,3.906721317602389,True,2.089346960531084,8.557792987208009,False,False
84,2016-02-01,PM,False,True,3.583333333333333,0.0166805341116476,6.5640501721461,2.357939781541302,16.79447673665594,3.865159571629759,3.583333,6.564,state_transition__AZ_I10_W::84__2016-02-01__1195,15.28669338904079,68.46303555727066,1.141999999999996,0.109400836202435,0.0166805341116476,False,True,4395.0,2.568289136156774,True,3.4814976668756006,14.154433874097425,False,False
84,2016-02-02,PM,False,True,5.333333333333333,0.0166805341116476,9.023789142638082,2.9007253096887182,34.35922438340286,3.865159571629759,5.333333,9.024,state_transition__AZ_I10_W::84__2016-02-02__1196,13.51979408830426,68.46303555727066,1.141999999999996,0.1503964857106347,0.0166805341116476,False,True,6243.8,3.648665235116193,True,4.0672924789013685,16.509411091269325,False,False
84,2016-02-03,PM,False,True,5.166666666666667,0.0166805341116476,7.681600505269265,3.11111296695957,26.52826564532079,3.865159571629759,5.166667,7.682,state_transition__AZ_I10_W::84__2016-02-03__1197,12.028270435285584,68.46303555727066,1.141999999999996,0.1280266750878211,0.0166805341116476,False,True,5767.199999999999,3.370156338121353,True,4.695747554553924,19.035888545140512,False,False
84,2016-02-04,PM,False,True,5.5,0.0166805341116476,7.851347365065816,2.686211703827034,27.12061455453105,3.865159571629759,5.5,7.851,state_transition__AZ_I10_W::84__2016-02-04__1198,15.348903175794575,68.46303555727066,1.141999999999996,0.1308557894177636,0.0166805341116476,False,True,6755.8,3.9478606930712026,True,3.463330585329255,14.081399660980724,False,False
84,2016-02-08,PM,False,True,4.083333333333333,0.0166805341116476,5.643041418834642,2.197013261576832,15.14479438387392,3.865159571629759,4.083333,5.643,state_transition__AZ_I10_W::84__2016-02-08__1199,15.32310641325664,68.46303555727066,1.141999999999996,0.0940506903139107,0.0166805341116476,False,True,5012.599999999999,2.9291936573150044,True,3.4708460942765487,14.111613059909814,False,False
84,2016-02-09,PM,False,True,4.5,0.0166805341116476,8.299567904377428,2.839849878829422,22.53932395566375,3.865159571629759,4.5,8.3,state_transition__AZ_I10_W::84__2016-02-09__1200,12.816339950266167,68.46303555727066,1.141999999999996,0.1383261317396238,0.0166805341116476,False,True,5156.799999999999,3.0134592530906144,True,4.34546808780848,17.62771601289153,False,False
84,2016-02-10,PM,False,True,5.0,0.0166805341116476,10.754362492550245,2.618831829880302,23.71538403751069,3.865159571629759,5.0,10.754,state_transition__AZ_I10_W::84__2016-02-10__1201,14.911530292152207,68.46303555727066,1.141999999999996,0.1792393748758374,0.0166805341116476,False,True,6076.800000000001,3.551076091603524,True,3.5942697743436938,14.607793546064164,False,False
84,2016-02-11,PM,False,True,5.833333333333333,0.0166805341116476,8.22469592077437,2.9572801280512264,29.57045370695015,3.865159571629759,5.833333,8.225,state_transition__AZ_I10_W::84__2016-02-11__1202,12.993547562512688,68.46303555727066,1.141999999999996,0.1370782653462395,0.0166805341116476,False,True,6722.0,3.928109117917141,True,4.272554583884221,17.3345935115638,False,False
84,2016-02-12,MD,False,True,1.1666666666666667,0.0166805341116476,1.32670100917761,0.412300439585544,1.8275081801394129,3.865159571629759,1.166667,1.327,state_transition__AZ_I10_W::84__2016-02-12__1203,54.01856200617319,68.46303555727066,1.141999999999996,0.0221116834862935,0.0166805341116476,False,True,1937.6,1.1322678111984903,True,0.2676208231159558,1.234198681715104,False,False
84,2016-02-12,PM,False,True,6.25,0.0166805341116476,10.033082544048431,2.7922551148741617,25.61086421281717,3.865159571629759,6.25,10.033,state_transition__AZ_I10_W::84__2016-02-12__1204,14.399329694438055,68.46303555727066,1.141999999999996,0.1672180424008072,0.0166805341116476,False,True,7497.199999999999,4.381109740977148,True,3.7577227925910988,15.264897580016736,False,False
84,2016-02-15,PM,False,True,4.666666666666667,0.0166805341116476,6.458251829210725,1.5681018297817322,13.180609476027898,3.865159571629759,4.666667,6.458,state_transition__AZ_I10_W::84__2016-02-15__1205,23.02916887897493,68.46303555727066,1.141999999999996,0.1076375304868454,0.0166805341116476,False,True,6523.6,3.812170877959575,True,1.9745250041826827,8.09619263554819,False,False
84,2016-02-16,PM,False,True,5.25,0.0166805341116476,10.872928409574865,3.05447232771054,32.33106719036927,3.865159571629759,5.25,10.873,state_transition__AZ_I10_W::84__2016-02-16__1206,13.521802672341092,68.46303555727066,1.141999999999996,0.1812154734929144,0.0166805341116476,False,True,6146.600000000002,3.591864847395048,True,4.066539638894346,16.506384568964393,False,False
84,2016-02-17,PM,False,True,4.416666666666667,0.0166805341116476,8.745562735636481,2.8672088918895,24.22469282397616,3.865159571629759,4.416667,8.746,state_transition__AZ_I10_W::84__2016-02-17__1207,12.956155811817563,68.46303555727066,1.141999999999996,0.1457593789272747,0.0166805341116476,False,True,5083.6,2.9706836524611098,True,4.287773693709215,17.39577646533485,False,False
84,2016-02-18,PM,False,True,6.166666666666667,0.0166805341116476,8.462429402378346,2.559496829543118,23.88856440212459,3.865159571629759,6.166667,8.462,state_transition__AZ_I10_W::84__2016-02-18__1208,15.114538021525563,68.46303555727066,1.141999999999996,0.1410404900396391,0.0166805341116476,False,True,7532.199999999999,4.401562555485791,True,3.532551633464978,14.359677972706734,False,False
84,2016-02-19,PM,False,True,5.916666666666667,0.0166805341116476,6.281160441564023,2.3611767141550324,20.266734930087317,3.865159571629759,5.916667,6.281,state_transition__AZ_I10_W::84__2016-02-19__1209,15.524330051785771,68.46303555727066,1.141999999999996,0.1046860073594004,0.0166805341116476,False,True,7297.599999999999,4.264470261664999,True,3.412884987880543,13.878601291552494,False,False
84,2016-02-22,PM,False,True,5.25,0.0166805341116476,9.505058700235333,3.121078594164186,27.41225676538564,3.865159571629759,5.25,9.505,state_transition__AZ_I10_W::84__2016-02-22__1210,13.213118122545309,68.46303555727066,1.141999999999996,0.1584176450039222,0.0166805341116476,False,True,6090.599999999999,3.5591403441812166,True,4.184923455106982,16.982304096313086,False,False
84,2016-02-23,MD,False,True,0.5833333333333334,0.0166805341116476,1.947911766858012,0.387023277154482,3.1403370130744594,3.865159571629759,0.583333,1.948,state_transition__AZ_I10_W::84__2016-02-23__1211,23.41768194548044,68.46303555727066,1.141999999999996,0.0324651961143002,0.0166805341116476,False,True,819.1999999999999,0.4787127327280157,True,1.925162087115228,7.897746792941636,False,True
84,2016-02-23,MD,False,True,0.5833333333333334,0.0166805341116476,0.668607929236578,0.310143721368834,2.155546447070174,3.865159571629759,0.583333,0.669,state_transition__AZ_I10_W::84__2016-02-23__1212,72.24148687463831,68.46303555727066,1.141999999999996,0.0111434654872763,0.0166805341116476,False,True,1004.2,0.5868204665594158,False,-0.052346585444390394,-0.05211512975648758,False,False
84,2016-02-23,PM,False,True,4.5,0.0166805341116476,8.113053032666189,2.800691271149886,21.473030514148608,3.865159571629759,4.5,8.113,state_transition__AZ_I10_W::84__2016-02-23__1213,12.50178272972063,68.46303555727066,1.141999999999996,0.1352175505444365,0.0166805341116476,False,True,5104.6,2.982955341166296,True,4.479986287882049,18.168498023870306,False,False
84,2016-02-24,PM,False,True,6.666666666666667,0.0166805341116476,9.219120869298967,2.809206470119074,32.70888494067444,3.865159571629759,6.666667,9.219,state_transition__AZ_I10_W::84__2016-02-24__1214,13.609272464226787,68.46303555727066,1.141999999999996,0.1536520144883161,0.0166805341116476,False,True,7825.0,4.572664958003813,True,4.033970524864819,16.375452167467405,False,False
84,2016-02-25,MD,False,True,0.75,0.0166805341116476,0.6134907855201359,0.315819510888666,1.3622207578454653,3.865159571629759,0.75,0.613,state_transition__AZ_I10_W::84__2016-02-25__1215,68.25609517067109,68.46303555727066,1.141999999999996,0.0102248464253356,0.0166805341116476,False,True,1283.0,0.7497417432739798,True,0.0030343454331400004,0.17052397152087118,False,False
84,2016-02-25,PM,False,True,5.083333333333333,0.0166805341116476,9.273878002445317,2.594462942577486,23.56030379132081,3.865159571629759,5.083333,9.274,state_transition__AZ_I10_W::84__2016-02-25__1216,14.236330678549669,68.46303555727066,1.141999999999996,0.1545646333740886,0.0166805341116476,False,True,6071.4000000000015,3.547920514507905,True,3.8122059156210986,15.483927367959584,False,False
84,2016-02-26,PM,False,True,7.666666666666667,0.0166805341116476,10.530748937534256,2.6729327189726937,26.80953145482272,3.865159571629759,7.666667,10.531,state_transition__AZ_I10_W::84__2016-02-26__1217,14.94371230736381,68.46303555727066,1.141999999999996,0.1755124822922376,0.0166805341116476,False,True,9325.2,5.449331024457145,True,3.5843739978684748,14.56801113818524,False,False
84,2016-02-29,PM,False,True,5.416666666666667,0.0166805341116476,7.286477983696248,2.590873382697678,20.470313732172105,3.865159571629759,5.416667,7.286,state_transition__AZ_I10_W::84__2016-02-29__1218,14.99620504339192,68.46303555727066,1.141999999999996,0.1214412997282708,0.0166805341116476,False,True,6596.999999999998,3.855063351814843,True,3.5683239365472588,14.503487642978847,False,False
84,2016-03-01,PM,False,True,5.416666666666667,0.0166805341116476,8.465923334905806,2.301994070454918,26.59482435344872,3.865159571629759,5.416667,8.466,state_transition__AZ_I10_W::84__2016-03-01__1219,14.777781886388542,68.46303555727066,1.141999999999996,0.1410987222484301,0.0166805341116476,False,True,6561.199999999999,3.834143044403145,True,3.635858393502584,14.774985621859669,False,False
84,2016-03-02,MD,False,True,0.75,0.0166805341116476,0.7222052712307799,0.3560711047767,1.711083710646884,3.865159571629759,0.75,0.722,state_transition__AZ_I10_W::84__2016-03-02__1220,44.31157066886913,68.46303555727066,1.141999999999996,0.012036754520513,0.0166805341116476,False,True,1208.6,0.7062649032898923,True,0.5454909331845477,2.351275455204519,False,True
84,2016-03-03,PM,False,True,6.0,0.0166805341116476,8.289492277625437,2.716571042967618,22.32988308882385,3.865159571629759,6.0,8.289,state_transition__AZ_I10_W::84__2016-03-03__1222,14.208012811707222,68.46303555727066,1.141999999999996,0.1381582046270906,0.0166805341116476,False,True,7160.8,4.184528975242646,True,3.821798739750051,15.522491864961356,False,False
84,2016-03-04,MD,False,True,0.5833333333333334,0.0166805341116476,1.793766526367244,0.620969978088174,4.749269554895912,3.865159571629759,0.583333,1.794,state_transition__AZ_I10_W::84__2016-03-04__1223,22.013550400869644,68.46303555727066,1.141999999999996,0.0298961087727874,0.0166805341116476,True,True,805.2,0.4705316069245585,True,2.1117962550626297,8.648042296485002,True,True
84,2016-03-04,PM,False,True,6.166666666666667,0.0166805341116476,8.949801822742925,2.822810783172396,25.44730620315983,3.865159571629759,6.166667,8.95,state_transition__AZ_I10_W::84__2016-03-04__1224,13.470451503492496,68.46303555727066,1.141999999999996,0.1491633637123821,0.0166805341116476,False,True,7209.0,4.212695422651692,True,4.085857139794596,16.58404362906338,False,False
84,2016-03-07,MD,False,True,1.0833333333333333,0.0166805341116476,4.46521107882168,1.271173394943198,5.56950097225238,3.865159571629759,1.083333,4.465,state_transition__AZ_I10_W::84__2016-03-07__1225,31.36088408894152,68.46303555727066,1.141999999999996,0.074420184647028,0.0166805341116476,False,True,1634.2,0.9549711277149944,True,1.1840553373963292,4.918393826252071,False,False
84,2016-03-07,MD,False,True,5.166666666666667,0.0166805341116476,6.659571840194364,1.977516440268492,16.973388595470258,3.865159571629759,5.166667,6.66,state_transition__AZ_I10_W::84__2016-03-07__1226,15.519257525472618,68.46303555727066,1.141999999999996,0.1109928640032394,0.0166805341116476,False,True,6371.8,3.723464099604945,True,3.4143276275016703,13.884400904950562,False,False
84,2016-03-08,PM,False,True,5.5,0.0166805341116476,9.95177932599216,2.657320828832796,27.687220747783048,3.865159571629759,5.5,9.952,state_transition__AZ_I10_W::84__2016-03-08__1227,14.824660766649808,68.46303555727066,1.141999999999996,0.165862988766536,0.0166805341116476,False,True,6670.000000000001,3.8977220792185854,True,3.6211961452814467,14.716041329755258,False,False
84,2016-03-11,PM,False,True,6.916666666666667,0.0166805341116476,4.3980477061064525,2.057111062857918,16.894349782833675,3.865159571629759,6.916667,4.398,state_transition__AZ_I10_W::84__2016-03-11__1230,19.019519394629704,68.46303555727066,1.141999999999996,0.0733007951017742,0.0166805341116476,False,True,9137.399999999998,5.339587065465052,True,2.6017826449924,10.617856233584465,False,False
84,2016-03-14,PM,False,True,4.416666666666667,0.0166805341116476,9.254281005716315,3.002733406093098,27.69427552061062,3.865159571629759,4.416667,9.254,state_transition__AZ_I10_W::84__2016-03-14__1231,12.797019732300296,68.46303555727066,1.141999999999996,0.1542380167619386,0.0166805341116476,False,True,5058.199999999999,2.9558407527891224,True,4.3535396299386315,17.660164743118788,False,False
84,2016-03-15,PM,False,True,5.25,0.0166805341116476,8.233733429491584,2.7548762886069658,22.46982129312501,3.865159571629759,5.25,8.234,state_transition__AZ_I10_W::84__2016-03-15__1232,14.083380551119342,68.46303555727066,1.141999999999996,0.1372288904915264,0.0166805341116476,False,True,6244.6,3.649132728019248,True,3.864477084960858,15.694064792161718,False,False
84,2016-03-15,PM,False,True,0.5833333333333334,0.0166805341116476,2.14058818936968,0.51828210960117,7.924537274531163,3.865159571629759,0.583333,2.141,state_transition__AZ_I10_W::84__2016-03-15__1233,19.97160223305978,68.46303555727066,1.141999999999996,0.035676469822828,0.0166805341116476,True,True,782.4000000000001,0.4572080591874995,True,2.4300394076993244,9.927424357566503,True,True
84,2016-03-16,PM,False,True,4.75,0.0166805341116476,8.228164695972113,3.306897326467266,27.219896646975048,3.865159571629759,4.75,8.228,state_transition__AZ_I10_W::84__2016-03-16__1234,11.164816000292468,68.46303555727066,1.141999999999996,0.1371360782662019,0.0166805341116476,False,True,5134.6,3.000486325030847,True,5.136304472004617,20.80698907755395,False,False
84,2016-03-17,PM,False,True,6.0,0.0166805341116476,10.208346021711565,3.610337918766186,35.484354847620466,3.865159571629759,6.0,10.208,state_transition__AZ_I10_W::84__2016-03-17__1235,11.696470690295662,68.46303555727066,1.141999999999996,0.1701391003618594,0.0166805341116476,False,True,6618.199999999999,3.867451913745793,True,4.857345331272901,19.685534248220055,False,False
84,2016-03-18,PM,False,True,7.166666666666667,0.0166805341116476,6.342469147056852,2.919776448096276,20.76153632898654,3.865159571629759,7.166667,6.342,state_transition__AZ_I10_W::84__2016-03-18__1236,14.017405867828804,68.46303555727066,1.141999999999996,0.1057078191176142,0.0166805341116476,False,True,8508.999999999998,4.972371390115582,True,3.887376274161658,15.786122741041645,False,False
84,2016-03-21,PM,False,True,4.083333333333333,0.0166805341116476,6.843903164798082,2.004396755681262,17.41302450353297,3.865159571629759,4.083333,6.844,state_transition__AZ_I10_W::84__2016-03-21__1237,15.20282612147642,68.46303555727066,1.141999999999996,0.1140650527466347,0.0166805341116476,False,True,4998.200000000001,2.9207787850600204,True,3.5062246973892917,14.253840001145019,False,False
84,2016-03-22,PM,False,True,5.75,0.0166805341116476,9.850199981770857,3.395636142148722,29.33773441213164,3.865159571629759,5.75,9.85,state_transition__AZ_I10_W::84__2016-03-22__1238,11.897874077413764,68.46303555727066,1.141999999999996,0.1641699996961809,0.0166805341116476,False,True,6388.799999999999,3.733398323794857,True,4.758179988070797,19.28687567497937,False,False
84,2016-03-23,MD,False,True,0.5833333333333334,0.0166805341116476,1.510060545436344,0.410901807870522,2.047501202230764,3.865159571629759,0.583333,1.51,state_transition__AZ_I10_W::84__2016-03-23__1239,50.76506747571016,68.46303555727066,1.141999999999996,0.0251676757572724,0.0166805341116476,False,True,960.2,0.5611083568914071,True,0.34891500195393815,1.5610126703711278,False,False
84,2016-03-23,PM,False,True,6.916666666666667,0.0166805341116476,9.41430252887046,2.450932951467078,20.61500241211812,3.865159571629759,6.916667,9.414,state_transition__AZ_I10_W::84__2016-03-23__1240,15.741945642886678,68.46303555727066,1.141999999999996,0.156905042147841,0.0166805341116476,False,True,8573.8,5.010238315263014,True,3.3518700623293194,13.63331274233562,False,False
84,2016-03-24,MD,False,True,0.5,0.0166805341116476,1.18990968145719,0.416684805409884,1.9320841865825304,3.865159571629759,0.5,1.19,state_transition__AZ_I10_W::84__2016-03-24__1241,60.60135282151195,68.46303555727066,1.141999999999996,0.0198318280242865,0.0166805341116476,False,True,843.1999999999999,0.4927375198196568,True,0.12983578181993022,0.6802835113210091,False,False
84,2016-03-24,PM,False,True,6.333333333333333,0.0166805341116476,10.75375391821338,3.435732386062236,29.74231718768083,3.865159571629759,6.333333,10.754,state_transition__AZ_I10_W::84__2016-03-24__1242,12.036861542030058,68.46303555727066,1.141999999999996,0.179229231970223,0.0166805341116476,False,True,7071.599999999999,4.132403516552046,True,4.691681717021286,19.01954330861482,False,False
84,2016-03-25,PM,False,True,6.5,0.0166805341116476,5.028862036995204,1.66748101012716,10.760291182571692,3.865159571629759,6.5,5.029,state_transition__AZ_I10_W::84__2016-03-25__1243,22.7664203496004,68.46303555727066,1.141999999999996,0.0838143672832534,0.0166805341116476,False,True,9057.6,5.292954648385345,True,2.0088637661610007,8.234239269735982,False,False
84,2016-03-28,MD,False,True,0.5,0.0166805341116476,0.704192603091348,0.247704591590418,1.6451152815110408,3.865159571629759,0.5,0.704,state_transition__AZ_I10_W::84__2016-03-28__1244,40.675346368761126,68.46303555727066,1.141999999999996,0.0117365433848558,0.0166805341116476,False,True,794.0,0.4639867062817926,True,0.6837264418460249,2.9070015675204957,False,True
84,2016-03-28,PM,False,True,5.333333333333333,0.0166805341116476,10.760284836417984,3.169287744461502,25.41161781692809,3.865159571629759,5.333333,10.76,state_transition__AZ_I10_W::84__2016-03-28__1245,12.719962595486406,68.46303555727066,1.141999999999996,0.1793380806069664,0.0166805341116476,False,True,6093.0,3.560542822890381,True,4.385976246614335,17.79056448668985,False,False
84,2016-03-29,PM,False,True,5.833333333333333,0.0166805341116476,10.503103771106485,4.093557699163458,24.90480175534822,3.865159571629759,5.833333,10.503,state_transition__AZ_I10_W::84__2016-03-29__1246,9.842352288971842,68.46303555727066,1.141999999999996,0.1750517295184414,0.0166805341116476,False,True,5953.6,3.4790821845330995,True,5.960918354856576,24.122052419211894,False,False
84,2016-03-30,PM,False,True,7.0,0.0166805341116476,8.20278637435374,2.7778263186926697,26.756559040788392,3.865159571629759,7.0,8.203,state_transition__AZ_I10_W::84__2016-03-30__1247,14.181022334922298,68.46303555727066,1.141999999999996,0.136713106239229,0.0166805341116476,False,True,8348.2,4.878405316601589,True,3.8309775634772634,15.559392022344571,False,False
84,2016-03-31,MD,False,True,0.5833333333333334,0.0166805341116476,0.8034741637745281,0.306861357725184,1.961701002988912,3.865159571629759,0.583333,0.803,state_transition__AZ_I10_W::84__2016-03-31__1248,31.10919042805474,68.46303555727066,1.141999999999996,0.0133912360629088,0.0166805341116476,True,True,878.3999999999999,0.5133072075540637,True,1.2017325027857673,4.989458507778263,True,True
84,2016-03-31,PM,False,True,4.916666666666667,0.0166805341116476,9.396274060961556,2.836856411073204,22.31557447959881,3.865159571629759,4.916667,9.396,state_transition__AZ_I10_W::84__2016-03-31__1249,13.39751947863477,68.46303555727066,1.141999999999996,0.1566045676826926,0.0166805341116476,False,True,5735.4,3.3515734952249288,True,4.113547530003357,16.695362877266902,False,False
84,2016-04-01,PM,False,True,4.75,0.0166805341116476,8.233971562642932,2.51385437266431,21.80875948825681,3.865159571629759,4.75,8.234,state_transition__AZ_I10_W::84__2016-04-01__1250,15.905632852883262,68.46303555727066,1.141999999999996,0.1372328593773822,0.0166805341116476,False,True,5909.8,3.453486948090854,True,3.3070757639343387,13.453233386879091,False,False
84,2016-04-04,PM,False,True,5.166666666666667,0.0166805341116476,7.621588324470726,2.3460191167281184,19.253959358492825,3.865159571629759,5.166667,7.622,state_transition__AZ_I10_W::84__2016-04-04__1251,13.808085570843955,68.46303555727066,1.141999999999996,0.1270264720745121,0.0166805341116476,False,True,6098.8,3.563932146437528,True,3.9614778729819053,16.084021550309384,False,False
84,2016-04-05,PM,False,True,5.0,0.0166805341116476,8.999969912284884,2.6384814436089243,27.68236422882838,3.865159571629759,5.0,9.0,state_transition__AZ_I10_W::84__2016-04-05__1252,12.558703900951896,68.46303555727066,1.141999999999996,0.1499994985380814,0.0166805341116476,False,True,5682.4,3.3206020903975544,True,4.4551449824917295,18.06863249580817,False,False
84,2016-04-06,PM,False,True,4.916666666666667,0.0166805341116476,9.513174178013214,2.553513259412682,24.076059004457463,3.865159571629759,4.916667,9.513,state_transition__AZ_I10_W::84__2016-04-06__1253,14.681272210025169,68.46303555727066,1.141999999999996,0.1585529029668869,0.0166805341116476,False,True,5941.0,3.4717191713099878,True,3.6663384150824183,14.897519579016429,False,False
84,2016-04-06,PM,False,True,1.25,0.0166805341116476,3.71271337866228,1.850715717254394,4.1647351840310325,3.865159571629759,1.25,3.713,state_transition__AZ_I10_W::84__2016-04-06__1254,12.026424707278451,68.46303555727066,1.141999999999996,0.061878556311038,0.0166805341116476,True,True,1395.1999999999998,0.8153076229274018,True,4.696621824070493,19.039403231086723,True,True
84,2016-04-07,PM,False,True,5.25,0.0166805341116476,7.256208959142119,2.103806154487866,18.37099095580287,3.865159571629759,5.25,7.256,state_transition__AZ_I10_W::84__2016-04-07__1255,17.73686231071561,68.46303555727066,1.141999999999996,0.120936815985702,0.0166805341116476,False,True,6780.799999999999,3.9624698462916617,True,2.8623089530823655,11.665208493165059,False,False
84,2016-04-07,PM,False,True,0.75,0.0166805341116476,3.701976381418692,1.094667579377334,7.780755216279987,3.865159571629759,0.75,3.702,state_transition__AZ_I10_W::84__2016-04-07__1256,17.68795615474123,68.46303555727066,1.141999999999996,0.0616996063569782,0.0166805341116476,False,True,967.8,0.5655495394704269,True,2.872990310195277,11.708149045271346,False,True
84,2016-04-08,MD,False,True,0.5,0.0166805341116476,1.00013264296233,0.348012689374692,1.424466983848392,3.865159571629759,0.5,1.0,state_transition__AZ_I10_W::84__2016-04-08__1257,73.06898341928047,68.46303555727066,1.141999999999996,0.0166688773827055,0.0166805341116476,False,True,861.8,0.5036067298156787,False,-0.06308805747675338,-0.09529735226137231,False,False
84,2016-04-08,PM,False,True,5.916666666666667,0.0166805341116476,8.139941203039879,2.462609803939344,21.525082561261915,3.865159571629759,5.916667,8.14,state_transition__AZ_I10_W::84__2016-04-08__1258,16.226172802408204,68.46303555727066,1.141999999999996,0.1356656867173313,0.0166805341116476,False,True,7413.4,4.332139859382168,True,3.221975194071461,13.111117173008273,False,False
84,2016-04-11,PM,False,True,4.25,0.0166805341116476,5.1985388906539205,2.0338462013464382,16.582553056572298,3.865159571629759,4.25,5.199,state_transition__AZ_I10_W::84__2016-04-11__1259,15.684988033527592,68.46303555727066,1.141999999999996,0.086642314844232,0.0166805341116476,False,True,5261.4,3.074583950165017,True,3.3676762271700293,13.696855739519247,False,False
84,2016-04-12,PM,False,True,4.833333333333333,0.0166805341116476,10.33098262511577,3.683688537507336,34.05553228229935,3.865159571629759,4.833333,10.331,state_transition__AZ_I10_W::84__2016-04-12__1260,9.987469142144334,68.46303555727066,1.141999999999996,0.1721830437519295,0.0166805341116476,False,True,4967.0,2.9025465618408868,True,5.859764869777658,23.715401237077636,False,False
84,2016-04-13,PM,False,True,5.333333333333333,0.0166805341116476,10.00774034387349,2.3739300698682,21.273246643229506,3.865159571629759,5.333333,10.008,state_transition__AZ_I10_W::84__2016-04-13__1261,14.420683935016784,68.46303555727066,1.141999999999996,0.1667956723978915,0.0166805341116476,False,True,6401.199999999999,3.7406444637922047,True,3.750676294290243,15.236569669597095,False,False
84,2016-04-14,PM,False,True,5.833333333333333,0.0166805341116476,8.019506972490875,2.707734751233822,22.52198915019216,3.865159571629759,5.833333,8.02,state_transition__AZ_I10_W::84__2016-04-14__1262,13.91936893957469,68.46303555727066,1.141999999999996,0.1336584495415146,0.0166805341116476,False,True,6907.200000000001,4.036333724974305,True,3.921804913169915,15.924530693482017,False,False
84,2016-04-14,NT,False,True,0.5,0.0166805341116476,1.182453614032152,0.299471632990104,1.3351553896937831,3.865159571629759,0.5,1.182,state_transition__AZ_I10_W::84__2016-04-14__1263,14.959315664543356,68.46303555727066,1.141999999999996,0.0197075602338692,0.0166805341116476,True,True,608.4,0.3555283527731016,True,3.5795913855311485,14.548784366520913,True,True
84,2016-04-15,PM,False,True,6.5,0.0166805341116476,7.601700819208212,2.197985312160792,19.252590597335715,3.865159571629759,6.5,7.602,state_transition__AZ_I10_W::84__2016-04-15__1264,17.676514189860036,68.46303555727066,1.141999999999996,0.1266950136534702,0.0166805341116476,False,True,8385.800000000001,4.90037748304516,True,2.8754978260373423,11.718229610272152,False,False
84,2016-04-18,PM,False,True,5.166666666666667,0.0166805341116476,9.37559578299996,2.1014383756442943,17.683799190837153,3.865159571629759,5.166667,9.376,state_transition__AZ_I10_W::84__2016-04-18__1265,15.845904692718598,68.46303555727066,1.141999999999996,0.156259929716666,0.0166805341116476,False,True,6419.6,3.751396800562464,True,3.3233136129355603,13.518511814869115,False,False
84,2016-04-19,PM,False,True,4.666666666666667,0.0166805341116476,6.384330472830132,1.903742539319112,13.104436407099358,3.865159571629759,4.666667,6.384,state_transition__AZ_I10_W::84__2016-04-19__1266,16.039498766212542,68.46303555727066,1.141999999999996,0.1064055078805022,0.0166805341116476,False,True,5823.4,3.402997714560946,True,3.2711218964217488,13.308693802159036,False,True
84,2016-04-20,PM,False,True,5.666666666666667,0.0166805341116476,8.229708523476546,2.341766552969088,23.67448706671988,3.865159571629759,5.666667,8.23,state_transition__AZ_I10_W::84__2016-04-20__1267,15.228740754693154,68.46303555727066,1.141999999999996,0.1371618087246091,0.0166805341116476,False,True,6940.599999999999,4.055851553676838,True,3.498555072940923,14.223007036309243,False,False
84,2016-04-21,PM,False,True,5.25,0.0166805341116476,9.185115832088982,2.535710303370072,19.39538362045278,3.865159571629759,5.25,9.185,state_transition__AZ_I10_W::84__2016-04-21__1268,14.592655013625023,68.46303555727066,1.141999999999996,0.1530852638681497,0.0166805341116476,False,True,6329.4,3.698686975743045,True,3.6946808627767176,15.011460189668384,False,False
84,2016-04-22,PM,False,True,6.0,0.0166805341116476,7.675624409757563,2.5561171856608143,16.972581241938176,3.865159571629759,6.0,7.676,state_transition__AZ_I10_W::84__2016-04-22__1273,15.152626150470894,68.46303555727066,1.141999999999996,0.1279270734959594,0.0166805341116476,False,True,7335.4,4.286559301334335,True,3.5211563742898293,14.313867434288955,False,False
84,2016-04-25,PM,False,True,5.666666666666667,0.0166805341116476,6.177622552532112,1.6704361870230782,10.320500980951635,3.865159571629759,5.666667,6.178,state_transition__AZ_I10_W::84__2016-04-25__1274,19.07222623319378,68.46303555727066,1.141999999999996,0.1029603758755352,0.0166805341116476,False,True,7492.6,4.378421656784584,True,2.591826679252382,10.57783185642823,False,True
84,2016-04-26,PM,False,True,5.25,0.0166805341116476,7.360406194609903,2.538254901999468,21.16228373247141,3.865159571629759,5.25,7.36,state_transition__AZ_I10_W::84__2016-04-26__1275,14.014268540888333,68.46303555727066,1.141999999999996,0.1226734365768317,0.0166805341116476,False,True,6232.8,3.6422372076991913,True,3.88847058083995,15.7905220072063,False,False
84,2016-04-27,PM,False,True,5.333333333333333,0.0166805341116476,6.97345188508839,2.479951891114038,18.721781322885267,3.865159571629759,5.333333,6.973,state_transition__AZ_I10_W::84__2016-04-27__1277,13.349465486613434,68.46303555727066,1.141999999999996,0.1162241980848065,0.0166805341116476,False,True,6212.599999999999,3.630433011897059,True,4.131957731941359,16.769374468420462,False,False
84,2016-04-28,PM,False,True,5.0,0.0166805341116476,10.260845226028373,2.878591865600796,21.929078651921632,3.865159571629759,5.0,10.261,state_transition__AZ_I10_W::84__2016-04-28__1278,12.36384738359194,68.46303555727066,1.141999999999996,0.1710140871004729,0.0166805341116476,False,True,5645.799999999999,3.299214290082802,True,4.5411321877458874,18.414313108174053,False,False
84,2016-04-29,MD,False,True,0.9166666666666666,0.0166805341116476,1.066725954794682,0.507700163361744,2.034654532239609,3.865159571629759,0.916667,1.067,state_transition__AZ_I10_W::84__2016-04-29__1279,38.61312296061798,68.46303555727066,1.141999999999996,0.0177787659132447,0.0166805341116476,False,True,1442.0,0.842655957756102,True,0.7736941958400906,3.268684543515905,False,True
84,2016-04-29,PM,False,True,4.5,0.0166805341116476,8.805472301127192,2.524919092961448,16.96842224644948,3.865159571629759,4.5,8.805,state_transition__AZ_I10_W::84__2016-04-29__1280,14.812446884541636,68.46303555727066,1.141999999999996,0.1467578716854532,0.0166805341116476,False,True,5455.599999999999,3.188067852381546,True,3.625007325694618,14.731362808981935,False,False
84,2016-05-02,PM,False,True,4.0,0.0166805341116476,6.677634632206932,2.667673746055326,13.539472317062948,3.865159571629759,4.0,6.678,state_transition__AZ_I10_W::84__2016-05-02__1281,12.858923625238482,68.46303555727066,1.141999999999996,0.1112939105367822,0.0166805341116476,False,True,4590.0,2.6822405312763578,True,4.327763253884008,17.556540099978008,False,True
84,2016-05-03,PM,False,True,4.75,0.0166805341116476,8.927904371812168,2.56017469203147,21.79923342758693,3.865159571629759,4.75,8.928,state_transition__AZ_I10_W::84__2016-05-03__1282,13.336717848089208,68.46303555727066,1.141999999999996,0.1487984061968695,0.0166805341116476,False,True,5531.0,3.2321290584944524,True,4.136863807743833,16.789097580512546,False,False
84,2016-05-05,PM,False,True,5.333333333333333,0.0166805341116476,8.582589681273731,2.868875524378122,21.2840319370971,3.865159571629759,5.333333,8.583,state_transition__AZ_I10_W::84__2016-05-05__1284,13.18919219511702,68.46303555727066,1.141999999999996,0.1430431613545622,0.0166805341116476,False,True,6182.8,3.613018901258272,True,4.194330703705799,17.02012255368364,False,False
84,2016-05-09,PM,False,True,4.583333333333333,0.0166805341116476,9.329229718006989,2.67020365685475,22.07519582098749,3.865159571629759,4.583333,9.329,state_transition__AZ_I10_W::84__2016-05-09__1286,11.303836287995336,68.46303555727066,1.141999999999996,0.1554871619667831,0.0166805341116476,False,True,4981.4,2.910961434095871,True,5.0608268675201975,20.50355853273086,False,False
84,2016-05-10,PM,False,True,5.583333333333333,0.0166805341116476,11.81127539131763,2.848195077002442,28.83699839433925,3.865159571629759,5.583333,11.811,state_transition__AZ_I10_W::84__2016-05-10__1287,12.948980122458456,68.46303555727066,1.141999999999996,0.1968545898552938,0.0166805341116476,False,True,6425.0,3.754552377658083,True,4.2907043794911885,17.407558232782346,False,False
84,2016-05-11,PM,False,True,5.166666666666667,0.0166805341116476,9.2647248540275,3.0975055841916603,24.715434137046035,3.865159571629759,5.166667,9.265,state_transition__AZ_I10_W::84__2016-05-11__1288,12.16263015175536,68.46303555727066,1.141999999999996,0.1544120809004583,0.0166805341116476,False,True,5794.200000000001,3.38593422359945,True,4.632817841940623,18.7829022836627,False,False
84,2016-05-12,MD,False,True,1.1666666666666667,0.0166805341116476,2.395272658442472,0.549654876356634,2.732707303375486,3.865159571629759,1.166667,2.395,state_transition__AZ_I10_W::84__2016-05-12__1289,35.86542384038555,68.46303555727066,1.141999999999996,0.0399212109740412,0.0166805341116476,False,True,1809.6,1.057468946709738,True,0.9096430756624236,3.8152180875302095,False,True
84,2016-05-12,PM,False,True,4.5,0.0166805341116476,6.927872563876782,2.9019953172634563,19.634576657649934,3.865159571629759,4.5,6.928,state_transition__AZ_I10_W::84__2016-05-12__1290,13.366935798534858,68.46303555727066,1.141999999999996,0.1154645427312797,0.0166805341116476,False,True,5244.6,3.064766599200869,True,4.125249280594583,16.74240555411832,False,False
84,2016-05-13,AM,False,True,1.0833333333333333,0.0166805341116476,1.66804662646992,0.77917696455996,3.619427336654669,3.865159571629759,1.083333,1.668,state_transition__AZ_I10_W::84__2016-05-13__1291,23.49855310091301,68.46303555727066,1.141999999999996,0.027800777107832,0.0166805341116476,True,True,1522.7999999999995,0.8898727409646269,True,1.9150921681132247,7.857264307706787,True,True
84,2016-05-13,PM,False,True,5.416666666666667,0.0166805341116476,9.097758652924062,2.5795683823640583,23.84540301066851,3.865159571629759,5.416667,9.098,state_transition__AZ_I10_W::84__2016-05-13__1292,15.1561448216362,68.46303555727066,1.141999999999996,0.1516293108820677,0.0166805341116476,False,True,6622.8,3.870139997938358,True,3.5201065433167145,14.309646966690378,False,False
84,2016-05-16,PM,False,True,4.666666666666667,0.0166805341116476,11.346203247418746,2.748007133907318,28.42229299387215,3.865159571629759,4.666667,11.346,state_transition__AZ_I10_W::84__2016-05-16__1293,13.041604448278765,68.46303555727066,1.141999999999996,0.1891033874569791,0.0166805341116476,False,True,5385.599999999999,3.1471622233642598,True,4.253122731008196,17.256474740500895,False,False
84,2016-05-17,PM,False,True,4.75,0.0166805341116476,4.91759603384127,2.1325039413048543,13.047828513557834,3.865159571629759,4.75,4.918,state_transition__AZ_I10_W::84__2016-05-17__1294,16.01664602702595,68.46303555727066,1.141999999999996,0.0819599338973545,0.0166805341116476,False,True,5924.4,3.4620186935716024,True,3.277217170620514,13.333197658416942,False,True
84,2016-05-18,PM,False,True,5.75,0.0166805341116476,8.001157749219473,2.529138480868728,21.17755381384933,3.865159571629759,5.75,8.001,state_transition__AZ_I10_W::84__2016-05-18__1295,13.638823253823132,68.46303555727066,1.141999999999996,0.1333526291536579,0.0166805341116476,False,True,6754.8,3.947276326942384,True,4.023061783789251,16.331597499973583,False,False
84,2016-05-19,PM,False,True,6.166666666666667,0.0166805341116476,8.45744195798495,2.211058306027044,18.965105088040502,3.865159571629759,6.166667,8.457,state_transition__AZ_I10_W::84__2016-05-19__1296,16.643200167861483,68.46303555727066,1.141999999999996,0.1409573659664158,0.0166805341116476,False,True,7795.200000000001,4.555250847365025,True,3.116164643175362,12.685743933810377,False,False
84,2016-05-20,MD,False,True,0.6666666666666666,0.0166805341116476,1.316599280052252,0.4821666339514079,2.528521036500864,3.865159571629759,0.666667,1.317,state_transition__AZ_I10_W::84__2016-05-20__1297,49.48394041524119,68.46303555727066,1.141999999999996,0.0219433213342042,0.0166805341116476,False,True,1093.1999999999998,0.6388290520242514,True,0.38385962144678326,1.7014949366510332,False,False
84,2016-05-20,MD,False,True,4.666666666666667,0.0166805341116476,12.047891004710712,2.446861843811766,15.037446538334738,3.865159571629759,4.666667,12.048,state_transition__AZ_I10_W::84__2016-05-20__1298,14.755867054275017,68.46303555727066,1.141999999999996,0.2007981834118452,0.0166805341116476,False,True,5649.599999999999,3.301434881372312,True,3.642744623378852,14.802669230758047,False,False
84,2016-05-23,PM,False,True,4.5,0.0166805341116476,5.52476767240224,1.929434935497228,11.841463858453894,3.865159571629759,4.5,5.525,state_transition__AZ_I10_W::84__2016-05-23__1299,16.69934932981315,68.46303555727066,1.141999999999996,0.092079461206704,0.0166805341116476,False,True,5695.000000000001,3.327965103620667,True,3.1023218335347775,12.630093899607292,False,True
84,2016-05-24,PM,False,True,4.666666666666667,0.0166805341116476,7.541457726028385,2.48199062290452,17.431627974007373,3.865159571629759,4.666667,7.541,state_transition__AZ_I10_W::84__2016-05-24__1300,15.351892596754285,68.46303555727066,1.141999999999996,0.1256909621004731,0.0166805341116476,False,True,5732.6,3.349937270064238,True,3.4624612943766495,14.077904989559173,False,False
84,2016-05-25,PM,False,True,5.666666666666667,0.0166805341116476,7.6594701736613935,2.354108237793966,18.139267806442323,3.865159571629759,5.666667,7.659,state_transition__AZ_I10_W::84__2016-05-25__1301,15.243153815989942,68.46303555727066,1.141999999999996,0.1276578362276899,0.0166805341116476,False,True,6943.0,4.057254032386003,True,3.4943007077920702,14.205903892352692,False,False
84,2016-05-26,PM,False,True,5.333333333333333,0.0166805341116476,6.649545532125564,2.4316901144807703,18.049949173974955,3.865159571629759,5.333333,6.65,state_transition__AZ_I10_W::84__2016-05-26__1302,15.263677214500891,68.46303555727066,1.141999999999996,0.1108257588687594,0.0166805341116476,False,True,6537.8,3.820468876988796,True,3.4882565940714008,14.181605708384568,False,False
84,2016-05-27,MD,False,True,5.0,0.0166805341116476,4.679170447981584,2.050149525364104,11.32489444601992,3.865159571629759,5.0,4.679,state_transition__AZ_I10_W::84__2016-05-27__1303,15.109222031345652,68.46303555727066,1.141999999999996,0.0779861741330264,0.0166805341116476,False,True,6106.399999999999,3.5683733290165467,True,3.534146647627555,14.366090153109878,False,True
84,2016-05-31,PM,False,True,5.166666666666667,0.0166805341116476,5.562668761381926,2.351496550613076,16.733053015123733,3.865159571629759,5.166667,5.563,state_transition__AZ_I10_W::84__2016-05-31__1304,14.31322849089147,68.46303555727066,1.141999999999996,0.0927111460230321,0.0166805341116476,False,True,6183.599999999999,3.6134863941613258,True,3.7863478717663543,15.379974408820242,False,False
84,2016-06-01,PM,False,True,4.833333333333333,0.0166805341116476,5.989203363583716,1.903244824237794,14.586042897281516,3.865159571629759,4.833333,5.989,state_transition__AZ_I10_W::84__2016-06-01__1305,17.387514809814636,68.46303555727066,1.141999999999996,0.0998200560597286,0.0166805341116476,False,True,6201.4,3.623888111254293,True,2.9399266384539318,11.977242462990686,False,False
84,2016-06-02,PM,False,True,5.666666666666667,0.0166805341116476,8.291345373325175,2.618395755845634,21.941309138918346,3.865159571629759,5.666667,8.291,state_transition__AZ_I10_W::84__2016-06-02__1306,13.821872052689994,68.46303555727066,1.141999999999996,0.1381890895554196,0.0166805341116476,False,True,6691.599999999999,3.910344387601062,True,3.956528268806632,16.064123448060098,False,False
84,2016-06-03,MD,False,True,5.333333333333333,0.0166805341116476,10.235397838358574,3.318241456292808,32.43738598462981,3.865159571629759,5.333333,10.235,state_transition__AZ_I10_W::84__2016-06-03__1307,12.049181324088048,68.46303555727066,1.141999999999996,0.1705899639726429,0.0166805341116476,False,True,5957.6,3.4814196490483726,True,4.685861360679652,18.996144660659972,False,False
84,2016-06-06,MD,False,True,1.75,0.0166805341116476,2.9406933128520603,0.950648634545328,5.6823199486190905,3.865159571629759,1.75,2.941,state_transition__AZ_I10_W::84__2016-06-06__1308,24.509155614373896,68.46303555727066,1.141999999999996,0.049011555214201,0.0166805341116476,False,True,2487.8,1.4537860552743622,True,1.7948579019101774,7.373905712139192,False,True
84,2016-06-06,PM,False,True,3.25,0.0166805341116476,3.8526813778555975,1.264921931858106,6.86210052089409,3.865159571629759,3.25,3.853,state_transition__AZ_I10_W::84__2016-06-06__1309,18.909433887804745,68.46303555727066,1.141999999999996,0.0642113562975933,0.0166805341116476,False,True,4285.6,2.504359481664044,True,2.6227560737361153,10.70217235561809,False,True
84,2016-06-07,PM,False,True,4.166666666666667,0.0166805341116476,8.958949742940042,2.62896018253788,21.715888963931693,3.865159571629759,4.166667,8.959,state_transition__AZ_I10_W::84__2016-06-07__1310,12.25030258701738,68.46303555727066,1.141999999999996,0.1493158290490007,0.0166805341116476,False,True,4686.799999999999,2.7388071725459766,True,4.592499180287802,18.62081561496909,False,False
84,2016-06-08,PM,False,True,6.416666666666667,0.0166805341116476,9.32554469958321,2.474708920776492,19.289269547725517,3.865159571629759,6.416667,9.326,state_transition__AZ_I10_W::84__2016-06-08__1311,15.433966176320126,68.46303555727066,1.141999999999996,0.1554257449930535,0.0166805341116476,False,True,7897.599999999999,4.615089938956027,True,3.43872673017134,13.982488716120836,False,False
84,2016-06-09,PM,False,True,4.75,0.0166805341116476,7.586280452090928,2.172841423933632,14.39045031796974,3.865159571629759,4.75,7.586,state_transition__AZ_I10_W::84__2016-06-09__1312,15.50646446691304,68.46303555727066,1.141999999999996,0.1264380075348488,0.0166805341116476,False,True,5856.200000000001,3.4221649235861893,True,3.4179701984037907,13.89904455031977,False,False
84,2016-06-13,PM,False,True,5.25,0.0166805341116476,4.10705753864346,1.8924631776973495,13.185836105161233,3.865159571629759,5.25,4.107,state_transition__AZ_I10_W::84__2016-06-13__1314,15.357293279397052,68.46303555727066,1.141999999999996,0.068450958977391,0.0166805341116476,False,True,6450.000000000001,3.769161530878543,True,3.4608916928565003,14.071594971539024,False,True
84,2016-06-14,PM,False,True,4.416666666666667,0.0166805341116476,5.100595153013957,1.60159273235691,11.376072893278051,3.865159571629759,4.416667,5.101,state_transition__AZ_I10_W::84__2016-06-14__1315,19.316653670141637,68.46303555727066,1.141999999999996,0.0850099192168993,0.0166805341116476,False,True,5863.199999999999,3.426255486487917,True,2.5463661984047086,10.395074354176332,False,False
84,2016-06-15,PM,False,True,6.5,0.0166805341116476,8.659431298496838,1.836248027800524,18.524636674551704,3.865159571629759,6.5,8.659,state_transition__AZ_I10_W::84__2016-06-15__1316,17.15212189059065,68.46303555727066,1.141999999999996,0.1443238549749473,0.0166805341116476,False,True,8301.6,4.8511738549986525,True,2.9940089669712147,12.194661000839062,False,False
84,2016-06-16,PM,False,True,5.416666666666667,0.0166805341116476,11.63871116317764,2.86484576093337,23.31735503936942,3.865159571629759,5.416667,11.639,state_transition__AZ_I10_W::84__2016-06-16__1317,13.31287018632218,68.46303555727066,1.141999999999996,0.193978519386294,0.0166805341116476,False,True,6302.799999999999,3.683142836716476,True,4.146067084819613,16.826096043783046,False,False
84,2016-06-17,MD,False,True,0.5,0.0166805341116476,1.247622042959088,0.27978924137943,1.5218346802075349,3.865159571629759,0.5,1.248,state_transition__AZ_I10_W::84__2016-06-17__1318,26.156224542922477,68.46303555727066,1.141999999999996,0.0207937007159848,0.0166805341116476,True,True,722.8,0.422379837909924,True,1.6188120799815116,6.666176843072196,True,True
84,2016-06-17,MD,False,True,0.5,0.0166805341116476,0.780642417144324,0.332046461635986,1.452423870854334,3.865159571629759,0.5,0.781,state_transition__AZ_I10_W::84__2016-06-17__1319,74.19123038038511,68.46303555727066,1.141999999999996,0.0130107069524054,0.0166805341116476,False,True,863.2,0.5044248423960245,False,-0.07727275743122235,-0.15232183342684294,False,False
84,2016-06-17,MD,False,True,4.333333333333333,0.0166805341116476,3.824595008806782,2.3414976638997778,13.428280572711287,3.865159571629759,4.333333,3.825,state_transition__AZ_I10_W::84__2016-06-17__1320,14.509151740283992,68.46303555727066,1.141999999999996,0.0637432501467797,0.0166805341116476,False,True,5213.0,3.046300629530208,True,3.721704544448449,15.12009917614379,False,True
84,2016-06-20,MD,False,True,5.0,0.0166805341116476,7.906767953301108,1.26476567522448,12.126728471067183,3.865159571629759,5.0,7.907,state_transition__AZ_I10_W::84__2016-06-20__1321,18.786649502103067,68.46303555727066,1.141999999999996,0.1317794658883518,0.0166805341116476,False,True,6579.599999999999,3.844895381173404,True,2.646438851303968,10.797380439518273,False,False
84,2016-06-21,PM,False,True,4.75,0.0166805341116476,7.967738016778002,2.167601694154038,12.39866163396181,3.865159571629759,4.75,7.968,state_transition__AZ_I10_W::84__2016-06-21__1322,9.36749424929915,68.46303555727066,1.141999999999996,0.1327956336129667,0.0166805341116476,False,True,4734.8,2.766856746729259,True,6.313824165139889,25.540783220447175,False,True
84,2016-06-27,PM,False,True,4.5,0.0166805341116476,4.203587385596808,1.246060221707598,8.62404832493249,3.865159571629759,4.5,4.204,state_transition__AZ_I10_W::84__2016-06-27__1326,13.405588770802089,68.46303555727066,1.141999999999996,0.0700597897599468,0.0166805341116476,False,True,5250.599999999999,3.0682727959737788,True,4.110469006279814,16.682986780581448,False,True
84,2016-07-01,PM,False,True,5.333333333333333,0.0166805341116476,6.573557002292471,1.706118239198346,11.396516502342438,3.865159571629759,5.333333,6.574,state_transition__AZ_I10_W::84__2016-07-01__1332,14.956822084200054,68.46303555727066,1.141999999999996,0.1095592833715412,0.0166805341116476,False,True,6489.200000000001,3.792068683128223,True,3.5803550272840763,14.551854313357767,False,True
84,2016-07-05,PM,False,True,1.3333333333333333,0.0166805341116476,2.944643690218722,1.015589237251878,5.777570866172981,3.865159571629759,1.333333,2.945,state_transition__AZ_I10_W::84__2016-07-05__1334,3.528471587763736,68.46303555727066,1.141999999999996,0.0490773948369787,0.0166805341116476,True,True,738.1999999999999,0.431379076293727,True,18.418340899915727,74.20263639851738,True,True
84,2016-07-07,PM,False,True,4.833333333333333,0.0166805341116476,6.07045798179114,1.735043015132412,11.238763857396934,3.865159571629759,4.833333,6.07,state_transition__AZ_I10_W::84__2016-07-07__1336,11.222861174691207,68.46303555727066,1.141999999999996,0.101174299696519,0.0166805341116476,False,True,5236.6,3.060091670170322,True,5.104562908601841,20.67938354552055,False,True
84,2016-07-08,PM,False,True,3.583333333333333,0.0166805341116476,2.722432743182808,1.356548210248074,5.698237259962953,3.865159571629759,3.583333,2.722,state_transition__AZ_I10_W::84__2016-07-08__1337,16.745319361587427,68.46303555727066,1.141999999999996,0.0453738790530468,0.0166805341116476,True,True,4539.199999999999,2.652554731932384,True,3.0910576641166783,12.58481036037919,True,True
84,2016-07-12,PM,False,True,4.833333333333333,0.0166805341116476,5.992227668779434,1.9111697637183904,13.304859771320084,3.865159571629759,4.833333,5.992,state_transition__AZ_I10_W::84__2016-07-12__1339,9.229994435294763,68.46303555727066,1.141999999999996,0.0998704611463239,0.0166805341116476,True,True,4783.4,2.795256940589832,True,6.422791063840055,25.97884542003778,True,True
84,2016-07-13,PM,False,True,5.25,0.0166805341116476,5.748684446465544,2.061564322472118,12.595789805763234,3.865159571629759,5.25,5.749,state_transition__AZ_I10_W::84__2016-07-13__1340,8.931894937675084,68.46303555727066,1.141999999999996,0.0958114074410924,0.0166805341116476,True,True,5112.6,2.987630270196843,True,6.670552410699954,26.974880747037602,True,True
84,2016-07-19,PM,False,True,5.5,0.0166805341116476,8.618717502850656,2.001639823295886,19.38660683659373,3.865159571629759,5.5,8.619,state_transition__AZ_I10_W::84__2016-07-19__1343,15.029653363122687,68.46303555727066,1.141999999999996,0.1436452917141776,0.0166805341116476,False,True,6704.0,3.9175905275984095,True,3.5581553327521527,14.462608431049487,False,False
84,2016-07-20,PM,False,True,4.916666666666667,0.0166805341116476,6.501274219212259,1.8785251963368,14.615080015100206,3.865159571629759,4.916667,6.501,state_transition__AZ_I10_W::84__2016-07-20__1344,17.01392874776398,68.46303555727066,1.141999999999996,0.1083545703202043,0.0166805341116476,False,True,6262.199999999999,3.65941757188645,True,3.0264564776523963,12.325104539838456,False,False
84,2016-07-21,PM,False,True,5.583333333333333,0.0166805341116476,8.49958767908616,2.280383716754538,17.043129702554385,3.865159571629759,5.583333,8.5,state_transition__AZ_I10_W::84__2016-07-21__1345,14.591115684809042,68.46303555727066,1.141999999999996,0.141659794651436,0.0166805341116476,False,True,6731.0,3.9333684130765065,True,3.695176228483049,15.013451629211087,False,False
84,2016-07-22,MD,False,True,5.25,0.0166805341116476,6.338688421137372,1.823572486104744,12.966228569114351,3.865159571629759,5.25,6.339,state_transition__AZ_I10_W::84__2016-07-22__1346,18.74077599799464,68.46303555727066,1.141999999999996,0.1056448070189562,0.0166805341116476,False,True,6903.200000000001,4.033996260459032,True,2.655366608433234,10.83327127400204,False,False
84,2016-07-22,NT,False,True,1.5,0.0166805341116476,11.068366919709366,3.72902775277521,10.880759352415426,3.865159571629759,1.5,11.068,state_transition__AZ_I10_W::84__2016-07-22__1347,8.662841980836864,68.46303555727066,1.141999999999996,0.1844727819951561,0.0166805341116476,False,True,1438.6,0.8406691129181194,True,6.908812403883683,27.93271930107132,False,True
84,2016-07-25,PM,False,True,5.5,0.0166805341116476,6.224745768945384,1.893752455286586,9.569015516578732,3.865159571629759,5.5,6.225,state_transition__AZ_I10_W::84__2016-07-25__1348,15.186366323607569,68.46303555727066,1.141999999999996,0.1037457628157564,0.0166805341116476,False,True,6729.599999999999,3.93255030049616,True,3.5111096870840157,14.273478344129678,False,True
84,2016-07-26,PM,False,True,0.75,0.0166805341116476,3.177924071132874,0.6877096130306399,5.107883062041639,3.865159571629759,0.75,3.178,state_transition__AZ_I10_W::84__2016-07-26__1350,17.032217386509064,68.46303555727066,1.141999999999996,0.0529654011855479,0.0166805341116476,False,True,955.6,0.5584202726988425,True,3.022132106769107,12.307719963021306,False,True
84,2016-07-28,PM,False,True,4.833333333333333,0.0166805341116476,6.397063321859496,2.128967801924526,12.200242872682752,3.865159571629759,4.833333,6.397,state_transition__AZ_I10_W::84__2016-07-28__1351,15.199760001434486,68.46303555727066,1.141999999999996,0.1066177220309916,0.0166805341116476,False,True,5915.800000000001,3.456993144863765,True,3.5071338681269792,14.257494994889964,False,True
84,2016-07-29,AM,False,True,0.5833333333333334,0.0166805341116476,1.558513370537796,0.479720211174414,1.591169184526711,3.865159571629759,0.583333,1.559,state_transition__AZ_I10_W::84__2016-07-29__1352,21.210157760725323,68.46303555727066,1.141999999999996,0.0259752228422966,0.0166805341116476,True,True,796.5999999999999,0.4655060582167203,True,2.2296955511145695,9.122013984903965,True,True
84,2016-08-01,PM,False,True,5.166666666666667,0.0166805341116476,9.375641569774722,2.027458753809396,12.982399124194488,3.865159571629759,5.166667,9.376,state_transition__AZ_I10_W::84__2016-08-01__1354,14.673199306789746,68.46303555727066,1.141999999999996,0.1562606928295787,0.0166805341116476,False,True,6241.799999999997,3.647496502858554,True,3.668906199703441,14.90784243295261,False,True
84,2016-08-02,PM,False,True,5.416666666666667,0.0166805341116476,7.557715975899978,2.560984492204836,24.25628364815525,3.865159571629759,5.416667,7.558,state_transition__AZ_I10_W::84__2016-08-02__1355,11.08005748326095,68.46303555727066,1.141999999999996,0.1259619329316663,0.0166805341116476,False,True,5835.599999999999,3.41012698133253,True,5.183251393618618,20.995722279944392,False,False
84,2016-08-04,PM,False,True,5.916666666666667,0.0166805341116476,9.891105102571585,2.64714760125258,26.74391285481585,3.865159571629759,5.916667,9.891,state_transition__AZ_I10_W::84__2016-08-04__1357,13.934411919616942,68.46303555727066,1.141999999999996,0.1648517517095264,0.0166805341116476,False,True,7008.8,4.095705323662252,True,3.9164906501805805,15.903166611709663,False,False
84,2016-08-05,MD,False,True,4.583333333333333,0.0166805341116476,3.989247806780977,1.448264717500476,7.2560658058483956,3.865159571629759,4.583333,3.989,state_transition__AZ_I10_W::84__2016-08-05__1358,18.860219354151976,68.46303555727066,1.141999999999996,0.0664874634463496,0.0166805341116476,False,True,6038.8,3.528870178708425,True,2.6322115947005447,10.740184874661608,False,True
84,2016-08-15,PM,False,True,6.416666666666667,0.0166805341116476,6.911330819750622,2.4217395964731003,18.921386796763876,3.865159571629759,6.416667,6.911,state_transition__AZ_I10_W::84__2016-08-15__1365,15.32341167885033,68.46303555727066,1.141999999999996,0.1151888469958437,0.0166805341116476,False,True,7877.000000000001,4.603051996702369,True,3.4707570116681112,14.111254935342975,False,False
84,2016-08-16,PM,False,True,4.25,0.0166805341116476,7.398634724625024,2.216707063070412,13.617425228185114,3.865159571629759,4.25,7.399,state_transition__AZ_I10_W::84__2016-08-16__1366,13.811239201498042,68.46303555727066,1.141999999999996,0.1233105787437504,0.0166805341116476,False,True,5017.199999999999,2.931881741507569,True,3.9603447890891808,16.07946639430982,False,True
84,2016-08-17,PM,False,True,5.166666666666667,0.0166805341116476,9.25075993685712,2.504069824342428,28.461486561288343,3.865159571629759,5.166667,9.251,state_transition__AZ_I10_W::84__2016-08-17__1367,12.272386146610431,68.46303555727066,1.141999999999996,0.154179332280952,0.0166805341116476,False,True,5815.999999999998,3.398673405207689,True,4.582434253875023,18.580353200642413,False,False
84,2016-08-19,PM,False,True,5.5,0.0166805341116476,6.562861445601162,2.324271029542896,12.92923476484164,3.865159571629759,5.5,6.563,state_transition__AZ_I10_W::84__2016-08-19__1370,14.756716010404489,68.46303555727066,1.141999999999996,0.1093810240933527,0.0166805341116476,False,True,6658.599999999999,3.891060305350056,True,3.6424774777026765,14.801595267711356,False,True
84,2016-08-22,MD,False,True,1.0,0.0166805341116476,2.945440751948304,0.794702273548248,4.308264251975745,3.865159571629759,1.0,2.945,state_transition__AZ_I10_W::84__2016-08-22__1371,25.63125760928955,68.46303555727066,1.141999999999996,0.0490906791991384,0.0166805341116476,False,True,1438.2,0.8404353664665922,True,1.6724663549826135,6.881874545813054,False,True
84,2016-08-22,PM,False,True,3.25,0.0166805341116476,6.512367129125292,2.59603026484212,13.753411215197689,3.865159571629759,3.25,6.512,state_transition__AZ_I10_W::84__2016-08-22__1372,11.050316257897665,68.46303555727066,1.141999999999996,0.1085394521520882,0.0166805341116476,False,True,3497.2,2.0436452257036337,True,5.1998954619847515,21.062633766694756,False,True
84,2016-08-23,PM,False,True,6.166666666666667,0.0166805341116476,8.841010518898775,2.628824405006214,22.361753490913205,3.865159571629759,6.166667,8.841,state_transition__AZ_I10_W::84__2016-08-23__1373,13.712745425563169,68.46303555727066,1.141999999999996,0.1473501753149796,0.0166805341116476,False,True,7259.6,4.242264348769901,True,3.9959791587557003,16.2227215529254,False,False
84,2016-08-24,PM,False,True,6.75,0.0166805341116476,7.05416588869905,2.1162766666483863,13.00279522819318,3.865159571629759,6.75,7.054,state_transition__AZ_I10_W::84__2016-08-24__1374,14.156854028274038,68.46303555727066,1.141999999999996,0.1175694314783175,0.0166805341116476,False,True,8044.8,4.701108633118093,True,3.839226335138786,15.592553240118699,False,True
84,2016-08-25,PM,False,True,5.666666666666667,0.0166805341116476,8.21247256868572,2.963918094985926,22.493823242722343,3.865159571629759,5.666667,8.212,state_transition__AZ_I10_W::84__2016-08-25__1375,11.410982938951996,68.46303555727066,1.141999999999996,0.1368745428114287,0.0166805341116476,False,True,6184.199999999999,3.6138370138386167,True,5.003909207106992,20.274741563416473,False,False
84,2016-08-26,PM,False,True,6.75,0.0166805341116476,6.56017597162872,2.16737674037148,16.191998575261994,3.865159571629759,6.75,6.56,state_transition__AZ_I10_W::84__2016-08-26__1376,15.19412826613148,68.46303555727066,1.141999999999996,0.109336266193812,0.0166805341116476,False,True,8260.6,4.8272148437170985,True,3.508804755086902,14.264212194568598,False,False
84,2016-08-29,PM,False,True,5.166666666666667,0.0166805341116476,7.180511268634116,1.87091184999792,4.872016217762381,3.865159571629759,5.166667,7.181,state_transition__AZ_I10_W::84__2016-08-29__1377,15.551666921464882,68.46303555727066,1.141999999999996,0.1196751878105686,0.0166805341116476,False,True,6376.599999999999,3.726269057023272,True,3.405126513629257,13.847411138060675,False,True
84,2016-09-27,PM,False,True,5.166666666666667,0.0166805341116476,7.777411046456741,2.625708903926574,22.54402667370188,3.865159571629759,5.166667,7.777,state_transition__AZ_I10_W::84__2016-09-27__1399,12.506764331169729,68.46303555727066,1.141999999999996,0.1296235174409457,0.0166805341116476,False,True,5861.800000000001,3.4254373739075725,True,4.477803209042885,18.159721741076428,False,False
84,2016-09-28,MD,False,True,0.8333333333333334,0.0166805341116476,2.872381087936962,0.77698713121074,3.281142609709578,3.865159571629759,0.833333,2.872,state_transition__AZ_I10_W::84__2016-09-28__1400,35.20194134204685,68.46303555727066,1.141999999999996,0.0478730181322827,0.0166805341116476,False,True,1287.8,0.752546700692308,True,0.9456515103928164,3.9599770401109735,False,True
84,2016-09-28,PM,False,True,5.75,0.0166805341116476,8.232774790907946,2.57668610781618,22.867290176256763,3.865159571629759,5.75,8.233,state_transition__AZ_I10_W::84__2016-09-28__1401,14.052719976818793,68.46303555727066,1.141999999999996,0.1372129131817991,0.0166805341116476,False,True,6833.599999999999,3.993324377893272,True,3.8750923375505675,15.736739594823156,False,False
84,2016-09-29,PM,False,True,5.5,0.0166805341116476,6.391282378385569,2.925129175688562,24.18001107836007,3.865159571629759,5.5,6.391,state_transition__AZ_I10_W::84__2016-09-29__1402,13.025707663062969,68.46303555727066,1.141999999999996,0.1065213729730928,0.0166805341116476,False,True,6344.200000000001,3.707335594449558,True,4.25953474276181,17.28225192610584,False,False
84,2016-09-30,MD,False,True,6.583333333333333,0.0166805341116476,6.641674401713808,2.112362858172402,22.997067021299475,3.865159571629759,6.583333,6.642,state_transition__AZ_I10_W::84__2016-09-30__1403,17.547224064216344,68.46303555727066,1.141999999999996,0.1106945733618968,0.0166805341116476,False,True,8472.600000000002,4.951100463026596,True,2.904059105841393,11.833049956664796,False,False
84,2016-09-30,NT,False,True,0.75,0.0166805341116476,4.678098604138794,1.704063467370066,4.741128728492628,3.865159571629759,0.75,4.678,state_transition__AZ_I10_W::84__2016-09-30__1404,9.066874227563927,68.46303555727066,1.141999999999996,0.0779683100689799,0.0166805341116476,True,True,735.8,0.4299765975845629,True,6.556347889876661,26.515762572694573,True,True
84,2016-10-03,PM,False,True,5.666666666666667,0.0166805341116476,9.258091431310088,3.827114954128128,29.007726604364965,3.865159571629759,5.666667,9.258,state_transition__AZ_I10_W::84__2016-10-03__1405,9.999286854637598,68.46303555727066,1.141999999999996,0.1543015238551681,0.0166805341116476,False,True,5826.6,3.4048676861731653,True,5.851656635353572,23.682804998687985,False,False
84,2016-10-04,PM,False,True,5.583333333333333,0.0166805341116476,8.429969958313638,2.774210681237814,24.13513372636212,3.865159571629759,5.583333,8.43,state_transition__AZ_I10_W::84__2016-10-04__1406,12.777710722146471,68.46303555727066,1.141999999999996,0.1404994993052273,0.0166805341116476,False,True,6390.399999999999,3.734333309600966,True,4.3616308772144325,17.69269269079235,False,False
84,2016-10-05,PM,False,True,6.25,0.0166805341116476,8.052918880463249,3.082142149190874,25.095654833959404,3.865159571629759,6.25,8.053,state_transition__AZ_I10_W::84__2016-10-05__1407,12.707601501050288,68.46303555727066,1.141999999999996,0.1342153146743875,0.0166805341116476,False,True,7137.4,4.170854807828295,True,4.391216169035368,17.811629708962144,False,False
84,2016-10-06,MD,False,True,0.9166666666666666,0.0166805341116476,1.276147895306508,0.551603171391744,5.832246940770228,3.865159571629759,0.916667,1.276,state_transition__AZ_I10_W::84__2016-10-06__1408,54.27349273261106,68.46303555727066,1.141999999999996,0.0212691315884418,0.0166805341116476,False,True,1523.4,0.890223360641918,True,0.2616627099510776,1.2102462320303795,False,False
84,2016-10-06,PM,False,True,5.5,0.0166805341116476,8.268685366236433,2.5453401276225422,23.15268586191154,3.865159571629759,5.5,8.269,state_transition__AZ_I10_W::84__2016-10-06__1409,15.3539008327463,68.46303555727066,1.141999999999996,0.1378114227706072,0.0166805341116476,False,True,6756.599999999999,3.948328185974256,True,3.4618775113740035,14.07555810009757,False,False
84,2016-10-07,PM,False,True,8.25,0.0166805341116476,9.16410473027178,2.238301348891122,21.58602694256496,3.865159571629759,8.25,9.164,state_transition__AZ_I10_W::84__2016-10-07__1410,16.41999317216294,68.46303555727066,1.141999999999996,0.152735078837863,0.0166805341116476,False,True,10380.0,6.06572041713477,True,3.1721294936361746,12.910730473622632,False,False
84,2016-10-11,PM,False,True,5.333333333333333,0.0166805341116476,6.533394413540382,2.204087841801006,8.142946436441052,3.865159571629759,5.333333,6.533,state_transition__AZ_I10_W::84__2016-10-11__1412,14.578964515449105,68.46303555727066,1.141999999999996,0.1088899068923397,0.0166805341116476,False,True,6427.6,3.756071729593011,True,3.699090223321772,15.029186436833308,False,True
84,2016-10-12,PM,False,True,5.166666666666667,0.0166805341116476,6.322370755948063,3.0283625318480576,19.724511741192234,3.865159571629759,5.166667,6.322,state_transition__AZ_I10_W::84__2016-10-12__1413,12.458235761478257,68.46303555727066,1.141999999999996,0.1053728459324677,0.0166805341116476,False,True,5852.4,3.4199443322966787,True,4.499144138682739,18.245515268201274,False,False
84,2016-10-13,PM,False,True,4.75,0.0166805341116476,7.226722881449886,3.410482445034006,17.819212034362497,3.865159571629759,4.75,7.227,state_transition__AZ_I10_W::84__2016-10-13__1415,11.302123912656407,68.46303555727066,1.141999999999996,0.1204453813574981,0.0166805341116476,False,True,5162.199999999999,3.0166148301862337,True,5.061745264391257,20.507250616824585,False,True
84,2016-10-14,PM,False,True,0.75,0.0166805341116476,1.10199515749128,0.4941020597860259,3.386118153902673,3.865159571629759,0.75,1.102,state_transition__AZ_I10_W::84__2016-10-14__1417,30.69152370078464,68.46303555727066,1.141999999999996,0.018366585958188,0.0166805341116476,True,True,1126.0,0.6579962610494944,True,1.2317061833352563,5.109956903052085,True,True
84,2016-10-18,PM,False,True,5.083333333333333,0.0166805341116476,8.199837193970351,2.5571349746916963,12.604769332614596,3.865159571629759,5.083333,8.2,state_transition__AZ_I10_W::84__2016-10-18__1419,13.473014343787504,68.46303555727066,1.141999999999996,0.1366639532328392,0.0166805341116476,False,True,5943.0,3.4728879035676243,True,4.0848895484536625,16.580153776308364,False,True
84,2016-10-19,PM,False,True,5.166666666666667,0.0166805341116476,7.5301311226239,2.408539890854226,20.86989971974228,3.865159571629759,5.166667,7.53,state_transition__AZ_I10_W::84__2016-10-19__1420,13.695613496628454,68.46303555727066,1.141999999999996,0.125502185377065,0.0166805341116476,False,True,6079.4,3.552595443538451,True,4.002229701273793,16.247849609580886,False,False
84,2016-10-20,PM,True,True,5.833333333333333,0.0166805341116476,10.78403076918558,2.9724279724729623,15.764707684446028,3.865159571629759,5.833333,10.784,state_transition__AZ_I10_W::84__2016-10-20__1421,12.326984523239268,68.46303555727066,1.141999999999996,0.179733846153093,0.0166805341116476,False,True,6578.6,3.844311015044586,True,4.557704988114761,18.48093808759043,False,True
84,2016-10-25,PM,True,True,5.25,0.0166805341116476,9.779177192817803,2.354340258115824,13.112592251021924,3.865159571629759,5.25,9.779,state_transition__AZ_I10_W::84__2016-10-25__1424,13.58233431093427,68.46303555727066,1.141999999999996,0.1629862865469634,0.0166805341116476,False,True,6157.400000000002,3.598176001586286,True,4.043956163589759,16.415595834180365,False,True
84,2016-10-26,PM,True,True,6.0,0.0166805341116476,9.305060119199725,3.258386104391874,16.454596594574102,3.865159571629759,6.0,9.305,state_transition__AZ_I10_W::84__2016-10-26__1425,11.279649524674223,68.46303555727066,1.141999999999996,0.1550843353199954,0.0166805341116476,False,True,6515.0,3.8071453292517368,True,5.073824781078666,20.5558119663096,False,True
84,2016-10-27,PM,True,True,6.75,0.0166805341116476,8.0942016302259,2.1740318755637458,22.414760903745638,3.865159571629759,6.75,8.094,state_transition__AZ_I10_W::84__2016-10-27__1426,17.056701966576366,68.46303555727066,1.141999999999996,0.134903360503765,0.0166805341116476,False,True,8604.599999999999,5.02823679203062,True,3.016357216165021,12.28450409370138,False,False
84,2016-10-28,PM,True,True,6.666666666666667,0.0166805341116476,4.813935000528024,1.64426875880076,12.899007114235715,3.865159571629759,6.666667,4.814,state_transition__AZ_I10_W::84__2016-10-28__1427,23.343657684496595,68.46303555727066,1.141999999999996,0.0802322500088004,0.0166805341116476,False,True,9354.2,5.466277642192878,True,1.9344406053460064,7.935047736196893,False,False
84,2016-11-01,PM,True,True,5.333333333333333,0.0166805341116476,8.738302152435306,2.636953754896758,22.52097045067595,3.865159571629759,5.333333,8.738,state_transition__AZ_I10_W::84__2016-11-01__1429,13.844633374781214,68.46303555727066,1.141999999999996,0.1456383692072551,0.0166805341116476,False,True,6302.0,3.6826753438134223,True,3.9483781017484714,16.03135863460649,False,False
84,2016-11-02,PM,True,True,5.5,0.0166805341116476,10.602929752477536,2.645426514878586,32.55068691430205,3.865159571629759,5.5,10.603,state_transition__AZ_I10_W::84__2016-11-02__1430,13.57370328517422,68.46303555727066,1.141999999999996,0.1767154958746256,0.0166805341116476,False,True,6449.0,3.768577164749724,True,4.04716396149739,16.428491631197822,False,False
84,2016-11-03,PM,True,True,7.083333333333333,0.0166805341116476,11.223102971351633,3.6182771947939742,31.81677348830222,3.865159571629759,7.083333,11.223,state_transition__AZ_I10_W::84__2016-11-03__1431,10.539434235263686,68.46303555727066,1.141999999999996,0.1870517161891939,0.0166805341116476,False,True,7462.0,4.360540053242741,True,5.500465695711266,22.27096821769163,False,False
84,2016-11-04,PM,True,True,6.333333333333333,0.0166805341116476,5.886998536051697,2.027276150573442,15.974193499172618,3.865159571629759,6.333333,5.887,state_transition__AZ_I10_W::84__2016-11-04__1432,18.9765588637034,68.46303555727066,1.141999999999996,0.0981166422675283,0.0166805341116476,False,True,8360.8,4.8857683298247,True,2.609938509340071,10.650643950940122,False,False
84,2016-11-07,PM,True,True,4.666666666666667,0.0166805341116476,7.263770177424294,2.374160366932224,5.310857967855734,3.865159571629759,4.666667,7.264,state_transition__AZ_I10_W::84__2016-11-07__1433,15.306328707255256,68.46303555727066,1.141999999999996,0.1210628362904049,0.0166805341116476,False,True,5726.4,3.3463142000655632,True,3.475747628969616,14.131317916105848,False,True
84,2016-11-08,PM,True,True,6.0,0.0166805341116476,9.431393033686955,2.529018811520718,26.454435718068243,3.865159571629759,6.0,9.431,state_transition__AZ_I10_W::84__2016-11-08__1434,13.438550058914874,68.46303555727066,1.141999999999996,0.1571898838947826,0.0166805341116476,False,True,7007.599999999999,4.09500408430767,True,4.0979323065689215,16.632587491288366,False,False
84,2016-11-09,PM,True,True,5.833333333333333,0.0166805341116476,7.464638635603884,2.493993119934912,11.363169543266324,3.865159571629759,5.833333,7.465,state_transition__AZ_I10_W::84__2016-11-09__1435,13.783640560528571,68.46303555727066,1.141999999999996,0.1244106439267314,0.0166805341116476,False,True,6880.999999999998,4.021023332399262,True,3.970278430181728,16.119401023255435,False,True
84,2016-11-28,PM,True,True,5.416666666666667,0.0166805341116476,9.995316412684854,3.667587747186564,7.330887297757458,3.865159571629759,5.416667,9.995,state_transition__AZ_I10_W::84__2016-11-28__1449,11.09639584854723,68.46303555727066,1.141999999999996,0.1665886068780809,0.0166805341116476,False,True,5839.4000000000015,3.412347572622041,True,5.174145931305648,20.959117045724735,False,True
84,2016-11-29,PM,True,True,5.5,0.0166805341116476,10.39087516050831,4.046204214072738,14.214933175730469,3.865159571629759,5.5,10.391,state_transition__AZ_I10_W::84__2016-11-29__1450,9.987078309997935,68.46303555727066,1.141999999999996,0.1731812526751385,0.0166805341116476,False,True,5652.0,3.302837360081476,True,5.860033350882463,23.716480568734518,False,True
