sensor_uid,date,H_h,V_veh,D_veh,O_H_CO2,O_H_NOx,O_H_CO,O_H_HC,S_H_CO2,S_H_NOx,S_H_CO,S_H_HC,M_H_CO2,M_H_NOx,M_H_CO,M_H_HC,period_model_pass,complete_observations,all_episodes_valid,sample,corridor,holdout,n_parts
AZ_I10_W::137,2016-01-01,14,12768.2,4549.349999999999,4850667.74963337,5123.395668717621,35876.87610683823,1588.6461585149655,4573100.339969209,4784.273614772942,41781.80842602804,1672.3576184683247,1206906.967260186,1776.4592293436715,7911.408323276646,320.2452258199829,False,True,False,AZ,AZ_I10_W,False,3
AZ_I10_W::137,2016-02-01,14,12931.897058823528,4656.882352941177,4783855.754608455,5117.628557697348,35404.01344152153,1565.3758224506157,5067683.527989114,5635.500133482206,35579.457236095084,1600.6457411759452,1256725.5223483888,1849.7876915862175,8237.974448148025,333.46426826238803,False,True,False,AZ,AZ_I10_W,False,3
AZ_I10_W::137,2016-03-01,14,12997.837500000001,5716.1875,4836502.99324663,5159.5907150173625,36820.46592786206,1603.4817699831137,4202729.630420748,3921.6599776749085,35465.46522124751,1496.3890979097673,1275711.432201527,1877.733254666908,8362.429181869615,338.5020608621927,False,True,False,AZ,AZ_I10_W,False,3
AZ_I10_W::137,2016-04-01,14,12605.333333333332,3623.5,4652066.5106754955,6022.162441660997,33318.31541860416,1374.8577658336076,4266952.141383119,5279.003984675877,29671.852984531775,1292.956829950536,5099416.709779188,6719.968098880657,35638.77658256018,1470.08915164251,True,True,True,AZ,AZ_I10_W,False,3
AZ_I10_W::137,2016-05-01,14,12194.815789473681,0.0,4537310.335799516,6177.360000252082,37906.393516690325,1426.4684242838869,4094165.3828106318,5186.603976885082,29233.383763101883,1233.3634772695968,4451234.883039562,6551.820069365328,29178.33574403979,1181.1073752708583,True,True,True,AZ,AZ_I10_W,False,3
AZ_I10_W::137,2016-06-01,14,12083.479166666666,3160.833333333333,4335803.735868052,5771.45663243314,31585.260216770672,1283.9677752710597,4584348.462121485,6211.725467547988,33010.324669647816,1325.720724749961,4786079.725986505,6482.040531412922,32956.528011967835,1353.7104685229563,True,True,True,AZ,AZ_I10_W,False,3
AZ_I10_W::137,2016-08-01,14,11807.430555555555,3467.4444444444443,4428978.088921696,5867.175840456456,37014.13370054033,1409.9978520693528,3912611.8469687332,4792.381506787226,27359.447602037693,1194.0422893003495,4765083.323528968,6308.220534732986,33221.05119894556,1369.4133864658497,True,True,True,AZ,AZ_I10_W,False,3
AZ_I10_W::137,2016-09-01,14,11709.131578947368,3610.4210526315783,4317385.311522856,5480.877588998055,33985.3113505,1351.5599809650764,4058028.1085538436,4943.160637291732,28483.874186677916,1243.4340420568205,4768620.698842881,6240.003253576946,33450.85090028332,1381.2818136126843,True,True,True,AZ,AZ_I10_W,False,3
AZ_I10_W::137,2016-10-01,14,11778.888888888887,0.0,4315233.200262234,5464.617389807223,31582.12221585356,1301.059471564975,4088159.3692840985,5012.624353641408,28558.58943725773,1246.5771364074885,4299417.228665836,6328.358045691906,28183.154270227235,1140.823508885743,True,True,True,AZ,AZ_I10_W,False,3
AZ_I10_W::137,2016-11-01,14,12031.153846153846,4334.788461538462,4533272.629043554,5543.404014971732,33416.568630658665,1393.2215542974177,4298478.600354076,5048.877964983942,30210.749162869048,1322.0891256528353,5104771.5320999315,6292.229205863443,36899.69532963139,1536.3560023058278,True,True,True,AZ,AZ_I10_W,False,3
AZ_I10_W::137,2016-12-01,14,11764.75,4359.055555555555,4892405.754157235,5582.0291140429845,36504.582156988705,1548.5210399938,4157332.289841409,4152.580740903114,34994.694206156986,1440.780922094375,5015331.069411793,6143.6192255736805,36361.13244445724,1515.148419257315,True,True,True,AZ,AZ_I10_W,False,3
AZ_I10_W::139,2016-01-01,14,18490.43333333333,6725.71111111111,6123310.771359628,6823.925199254376,46483.42115804648,1996.2102518818065,5254363.710897242,5096.479382772606,43378.72189898462,1837.1958455104173,1907621.9840802369,2807.849131413341,12504.672565424304,506.1755790985002,False,True,False,AZ,AZ_I10_W,False,3
AZ_I10_W::139,2016-02-01,14,19351.34259259259,6823.916666666666,6532426.734443773,7063.154773333286,48311.87018016087,2121.05419621032,5757708.797564617,5560.20952633679,47750.36789131866,2019.073381767706,2049097.85710523,3016.0889768881266,13432.062521531392,543.7153183940817,False,True,False,AZ,AZ_I10_W,False,3
AZ_I10_W::139,2016-03-01,14,19275.043859649122,9372.798245614034,6395425.749987293,6622.6469649344235,49899.5018995523,2156.904696549888,6031564.646016506,5870.088326442432,50333.66328407888,2116.466347211632,2060154.619662328,3032.363543548229,13504.540819938513,546.6491612817185,False,True,False,AZ,AZ_I10_W,False,3
AZ_I10_W::139,2016-04-01,14,19359.33333333333,6422.898148148148,6255001.977846544,7032.942402255367,45920.378707846496,2002.285178276713,5577527.6482667895,5736.2412100192705,45998.291882430465,1935.7037461259474,2069687.0216216864,3046.394387596597,13567.026766451268,549.1785246053985,False,True,False,AZ,AZ_I10_W,False,3
AZ_I10_W::139,2016-05-01,14,18608.69444444444,0.0,6197414.170995705,7163.766232206748,45305.92129404213,1948.566757656519,5297931.35056385,5432.397539136329,43816.304905341465,1842.3373149499384,6191657.475106947,9113.566633522672,40586.997848425715,1642.917639970957,True,True,True,AZ,AZ_I10_W,False,3
AZ_I10_W::139,2016-06-01,14,19029.595238095237,7246.273809523808,5993967.90590098,6813.991609943343,44875.98102489729,1926.229751644965,5300840.940451095,5461.134394882697,43821.870408864124,1839.652374310037,2004990.982280381,2951.167597705122,13142.937090931566,532.0118346362881,False,True,False,AZ,AZ_I10_W,False,3
AZ_I10_W::141,2016-01-01,14,9389.8,1466.08,3121354.642739227,4399.444742480064,21238.91729314309,865.2595742716683,3110836.9268992366,4439.007796661287,23299.5013397921,907.3308005017132,3215874.70797123,4640.621082598577,21341.71509674897,867.1351753623251,True,True,True,AZ,AZ_I10_W,False,3
AZ_I10_W::141,2016-02-01,14,9923.63076923077,2464.907692307692,3267919.699644084,4422.636740488859,23212.43059056319,942.7301849470565,3014222.505053502,3899.2849373797185,21125.06395682965,892.0871335674366,3553051.0234772903,4903.744700156715,24208.07246866943,991.3121835832328,True,True,True,AZ,AZ_I10_W,False,3
AZ_I10_W::141,2016-03-01,14,10047.74736842105,2724.557894736842,3351298.13978927,4219.415906100623,24014.798931287245,1004.2698453969209,3017941.0976628447,3710.9532441040083,27118.599479107746,1044.339723870215,3650195.097584503,4956.794992692854,25097.941603721494,1030.4766876461513,True,True,True,AZ,AZ_I10_W,False,3
AZ_I10_W::141,2016-04-01,14,9912.492307692308,0.0,3354090.610331424,4915.494093264515,21940.60148446308,892.5830386759151,3396022.960977656,4998.642393942866,22261.3051779037,901.1134822570623,3316482.05377665,4881.565284819564,21739.90575579286,880.0077993175248,True,True,True,AZ,AZ_I10_W,False,3
AZ_I10_W::141,2016-05-01,14,9585.65,0.0,3189765.296445706,4576.501198666414,21602.097727131782,873.929141348583,3060907.7809662945,4304.681825235231,19635.29993995966,836.5084967761661,3207128.460933476,4720.60656593078,21023.080890191442,850.9915064430309,True,True,True,AZ,AZ_I10_W,False,3
AZ_I10_W::141,2016-06-01,14,9764.85,1491.4666666666665,3233445.872441401,4567.659186181045,22029.45608311095,895.320374361292,3029507.7566497284,4145.078734927546,19186.944943899543,841.9137556301549,3344262.9583968204,4825.678756186168,22194.340335364643,901.7854782601382,True,True,True,AZ,AZ_I10_W,False,3
AZ_I10_W::141,2016-08-01,14,9445.317647058824,2393.2,2993368.3491683034,4096.927239275388,21143.392465574845,860.468858002321,2864710.2881682157,3887.950116256978,21220.959308809433,863.651535007496,3378667.637935258,4669.626050781721,23001.492607300606,941.6826672317975,True,True,True,AZ,AZ_I10_W,False,3
AZ_I10_W::141,2016-09-01,14,9698.471428571429,2074.6857142857143,3150446.6647848776,4325.943279476338,22032.570445284076,896.3501967034173,3161465.763756745,4314.673348767881,19999.249660717447,879.9127135730921,3414679.8392599146,4727.5860999187125,23223.61817700941,950.5009366607131,True,True,True,AZ,AZ_I10_W,False,3
AZ_I10_W::141,2016-10-01,14,9854.966666666667,0.0,3245102.7601450705,4372.554594523852,22747.54718501602,933.8371839528195,3065372.423268743,3987.1075395148528,21211.08039566119,901.1586526398146,3297235.3547456227,4853.235863368227,21613.741520238447,874.9008079381703,True,True,True,AZ,AZ_I10_W,False,3
AZ_I10_W::141,2016-11-01,14,9929.461538461539,2580.1692307692306,3226379.4728585933,4314.627675074086,23026.0511540317,940.6274545815895,3027494.607002333,3887.477416235504,21416.925221675607,902.343094331376,3489516.444299102,4899.579495717801,23540.163686061638,961.1528442524215,True,True,True,AZ,AZ_I10_W,False,3
AZ_I10_W::141,2016-12-01,14,9821.0,2118.3777777777777,3222616.0186189143,4492.8650850172235,22063.820591859778,901.7919725357007,3168333.3375948546,4384.385238760887,22309.79530638524,897.6080387479537,3453525.2984427456,4857.507439442493,23273.555242028997,949.9797074094818,True,True,True,AZ,AZ_I10_W,False,3
AZ_I10_W::78,2016-01-01,14,17020.292307692307,5257.753846153846,5374582.298189261,5908.351643511785,39537.55982966543,1729.8333557224805,5418958.671258374,5966.821472334216,38274.51095447257,1720.7727356283908,1542119.2880210304,2269.8618172474808,10108.762068406288,409.1917215083739,False,True,False,AZ,AZ_I10_W,False,3
AZ_I10_W::78,2016-02-01,14,17366.484210526316,4936.5684210526315,5646023.328146502,6169.291298842414,41909.46788327815,1828.5921999838663,5708945.243839178,6257.156323166586,40434.45988414708,1817.3385346053387,1623500.7336870546,2389.648034555457,10642.22642321407,430.7857798342085,False,True,False,AZ,AZ_I10_W,False,3
AZ_I10_W::78,2016-03-01,14,17309.5,5252.880000000001,5782919.163991076,6398.85418992586,43621.77458295577,1871.8195889601602,5126067.4890894685,5134.0784755070335,42979.30291976099,1771.7862271241042,1643954.23084391,2419.753755031273,10776.301353624158,436.2129875589888,False,True,False,AZ,AZ_I10_W,False,3
AZ_I10_W::78,2016-04-01,14,17220.855555555554,4688.744444444445,5608449.409164568,6522.716435111176,41348.360404333216,1767.203106547773,5739173.801194094,6744.966889686692,40390.86740017275,1764.9935715449687,6128536.65934162,8139.697725057247,42652.21815277413,1757.3076903482306,True,True,True,AZ,AZ_I10_W,False,3
AZ_I10_W::78,2016-05-01,14,16861.084210526315,0.0,5404138.871525417,6247.010879696997,39621.92133084245,1699.5557677552495,5606493.384586988,6616.869422586749,39337.77732461433,1719.8169598831369,5634325.016568322,8293.223047279791,36933.62209459749,1495.0329530122888,True,True,True,AZ,AZ_I10_W,False,3
AZ_I10_W::78,2016-06-01,14,16869.47142857143,5381.057142857142,5347923.1131057935,6055.284546855807,40837.66162259105,1723.7421262621392,4705493.277175968,4805.141311478554,39377.8960015697,1616.4319214704424,5988607.570960389,7957.301306669379,41668.65190070293,1716.670269978545,True,True,True,AZ,AZ_I10_W,False,3
AZ_I10_W::78,2016-08-01,14,16918.109999999997,5652.459999999999,5518721.845147178,6210.88794819847,41812.12656265991,1776.6048787129412,5263400.323898606,5915.04592237192,47493.91216079226,1859.696933187564,1587053.2123896931,2336.000539469417,10403.308900010654,421.1146576971401,False,True,False,AZ,AZ_I10_W,False,3
AZ_I10_W::78,2016-09-01,14,16501.628571428573,5732.047619047618,5678439.151586662,6312.518284653187,43031.02488731919,1830.5342315240803,4918586.422706298,4847.5611272248825,41342.667806375524,1709.379612105086,1544437.1202436078,2273.2734592013053,10123.955714341802,409.80674381222,False,True,False,AZ,AZ_I10_W,False,3
AZ_I10_W::78,2016-10-01,14,16807.955555555556,0.0,5729309.019603495,6338.863586902664,42975.101353031554,1845.6651210036755,5013752.153193483,4954.80237173461,42241.437463516726,1743.2302530948316,5616571.466081249,8267.09140708554,36817.245612481405,1490.3221592733596,True,True,True,AZ,AZ_I10_W,False,3
AZ_I10_W::78,2016-11-01,14,17122.233333333334,5003.016666666666,5874501.214322011,6325.60565734281,45322.49135486965,1935.7989285562676,5282260.492068401,5166.881171637217,44476.90797567993,1840.9266218744751,1599876.1026184333,2354.87468827429,10487.364360154706,424.5171315317969,False,True,False,AZ,AZ_I10_W,False,3
AZ_I10_W::78,2016-12-01,14,16739.324999999997,6125.875,5854332.329881609,6163.32598841826,45041.13253758283,1939.8965337342643,5024633.034713421,4534.942999541579,42796.96708912329,1809.4092679495247,1562489.0012869835,2299.844215321238,10242.287786167994,414.59669770098975,False,True,False,AZ,AZ_I10_W,False,3
AZ_I10_W::84,2016-01-01,14,18312.253333333334,5718.066666666666,6411317.635334196,7112.100062572722,48671.79181689535,2083.2832243576763,5331583.261958975,4987.868607408052,44847.170278050464,1894.701177060219,1777588.7265109378,2616.451793592849,11652.29021604414,471.6720663472885,False,True,False,AZ,AZ_I10_W,False,3
AZ_I10_W::84,2016-02-01,14,19038.747368421053,7082.042105263158,6865430.965427777,7477.244176288213,52339.31032295685,2241.1533728930126,6262571.663418,6301.786383762728,52455.54249811084,2160.841115528712,1896284.9687860264,2791.162057762313,12430.357179406326,503.1673728974367,False,True,False,AZ,AZ_I10_W,False,3
AZ_I10_W::84,2016-03-01,14,19119.410526315787,7677.757894736841,6961834.5408394225,7356.038887745297,53627.96815706216,2310.5128984848498,6619744.620918019,6673.049734531014,55747.438768704895,2289.0970011874483,1935506.327445608,2848.892393627704,12687.457512544708,513.5745154540977,False,True,False,AZ,AZ_I10_W,False,3
AZ_I10_W::84,2016-04-01,14,18982.9375,6435.087500000001,6894912.76820994,7807.442915111624,51244.21323665705,2191.051662784425,6073609.778155312,6219.992009002655,50774.07277715353,2083.704242324532,1922221.884321821,2829.338880196992,12600.376522252467,510.04957144144726,False,True,False,AZ,AZ_I10_W,False,3
AZ_I10_W::84,2016-05-01,14,18487.655555555557,0.0,6816022.160569401,7913.536493777569,50906.12146543992,2144.2202091553017,5823034.356241329,5976.481175762384,48702.424039637415,1997.0068728765023,6326739.72128294,9312.39563148974,41472.47687515609,1678.7608703146389,True,True,True,AZ,AZ_I10_W,False,3
AZ_I10_W::84,2016-06-01,14,18395.846153846152,7704.138461538462,6661247.953616146,7380.886251418224,51446.78689448535,2164.022323302339,6024543.933573234,6123.028678724071,50702.66244516585,2078.0396663978836,1817421.0646616116,2675.0814366835143,11913.395587153387,482.2413284959346,False,True,False,AZ,AZ_I10_W,False,3
AZ_I10_W::84,2016-08-01,14,18209.809999999998,6895.96,6570343.868654335,7312.309718893356,49598.718387541885,2114.235855125693,5891587.267919072,5987.284932652992,49343.681980071284,2027.355757582663,1822681.1613757,2682.823829103533,11947.876101438223,483.6370623061904,False,True,False,AZ,AZ_I10_W,False,3
AZ_I10_W::84,2016-09-01,14,18099.388235294115,7370.776470588235,6777363.823463878,7434.831354823718,51809.276685890036,2197.0291162590465,6094306.718234861,6098.534163931836,51320.770812805844,2111.476036807693,1783753.683201515,2625.5260590570238,11692.70218730419,473.3078991008488,False,True,False,AZ,AZ_I10_W,False,3
AZ_I10_W::84,2016-10-01,14,18437.85882352941,0.0,6858575.661969904,7649.879059198889,52035.035063442745,2206.987631315361,6092443.729040991,6140.68835299692,51268.12529091106,2106.044907296493,6309698.568522754,9287.312577103032,41360.77023873554,1674.2391068631382,True,True,True,AZ,AZ_I10_W,False,3
AZ_I10_W::84,2016-11-01,14,18522.75,6758.55,6953891.678922186,7436.126087470987,52759.434169891945,2274.033747335328,6434544.661012154,6424.095179880871,54176.307946405585,2230.528029452186,1858503.011415116,2735.55039199607,12182.69228051817,493.1421664826992,False,True,False,AZ,AZ_I10_W,False,3
AZ_I10_W::84,2016-12-01,14,18488.78,7488.26,6992941.000557035,7532.8383288400755,53692.606890712996,2291.449966002799,6457086.26055166,6476.426053534798,54495.45484491538,2238.2383090416088,1843186.6409893848,2713.0060631116294,12082.29178258783,489.078063251225,False,True,False,AZ,AZ_I10_W,False,3
PeMS::D12_I405_N::L405N-001,2025-10-01,14,16121.537796442688,4233.641304347826,4523940.763840552,5650.5064995332405,32384.70146133848,1385.2307856486927,4424115.421529289,5431.954949665649,31032.976262214783,1351.655883222404,1459918.6905942208,2148.869881731593,9569.928083433048,387.3803063789664,False,True,False,PeMS,D12_I405_N,False,3
PeMS::D12_I405_N::L405N-002,2025-10-01,14,17640.06324110672,1843.743478260869,4765000.265614629,6494.198153557517,31461.82004493117,1354.3907500727537,4829216.108546052,6586.874653139239,30541.01248446177,1344.5599402265389,4814362.6132752765,6944.56031938367,32341.2913168743,1306.3633029814544,True,True,True,PeMS,D12_I405_N,False,3
PeMS::D12_I405_N::L405N-016,2025-10-01,14,15057.584012775842,5812.472822299651,2576811.600581824,3127.327307721356,19533.105416976883,811.9248225599068,2780757.155743993,3511.6086554196368,19880.719151253834,839.5808901268933,702623.099104361,1034.198428721898,4605.771932031872,186.43665099540692,False,True,False,PeMS,D12_I405_N,False,3
PeMS::D12_I405_N::L405N-017,2025-10-01,14,14839.110177865616,0.0,2825657.542639277,3792.193698258904,18135.864380053456,802.2888896724112,2921733.535254229,3972.3884157234506,18450.407396908115,815.0195160472326,2987413.0509777754,4397.205112104647,19582.822137669937,792.6913946812062,True,True,True,PeMS,D12_I405_N,False,3
PeMS::D12_I405_N::L405N-027,2025-10-01,14,14407.062252964426,4174.755434782608,975669.4375600272,1219.855802299063,7009.864658822404,298.54268373836817,954793.89115665,1173.922061559431,6683.252510643888,291.3220111602945,310516.4742611352,457.0525082117052,2035.4697467368776,82.3936070617981,False,True,False,PeMS,D12_I405_N,False,3
PeMS::D12_I405_N::L405N-063,2025-10-01,14,13519.518774703556,4284.913043478261,854182.6213552752,1080.829492932692,6195.464992176177,259.23519706252625,875216.5044679712,1119.4320170497228,6182.682164413507,261.39778319412187,246317.3517074414,362.5571354364741,1614.637415582677,65.35877085870224,False,True,False,PeMS,D12_I405_N,False,3
PeMS::D12_I405_N::L405N-065,2025-10-01,14,14976.430476190479,1940.9333333333332,1226674.8297046875,1658.4432733578033,8673.1840758273,358.1320477061326,1187963.1071422012,1601.6202235823337,8958.583409259116,363.11108005546873,1307638.0859986818,1874.8578125484967,8847.038058804548,357.1415149248264,True,True,True,PeMS,D12_I405_N,False,3
PeMS::D12_I405_N::L405N-071,2025-10-01,14,14720.548089591568,5117.057971014492,1152950.8525668753,1421.6500389092128,8426.116024538525,355.7374499970028,1222129.4515405332,1544.369850953551,8732.623454665325,368.79005351293324,315595.7649514707,464.5287703181785,2068.765057588455,83.74136512290568,False,True,False,PeMS,D12_I405_N,False,3
PeMS::D12_I405_N::L405N-074,2025-10-01,14,17049.161264822134,4509.691304347826,2878706.8619089834,3703.822569745129,20570.90470404439,863.3654598772358,2812196.8873783057,3566.6101956925704,20084.94524845638,846.6444225651178,782323.243233312,1151.509920376725,5128.215169773327,207.5845864592336,False,True,False,PeMS,D12_I405_N,False,3
PeMS::D12_I405_N::L405N-076,2025-10-01,14,21816.617391304346,2529.2347826086952,2739710.705095189,3544.009012939179,17924.31513262405,799.8080225140684,2866010.553667873,3777.627750029307,17843.989452857873,813.8928499439698,2861879.718457449,4122.333316360301,19257.370697864968,777.7523442014032,True,True,True,PeMS,D12_I405_N,False,3
PeMS::D12_I405_N::L405N-080,2025-10-01,14,19756.992094861656,923.1826086956522,4633032.643567229,6301.297200115041,29913.664202047235,1305.3188830390627,4684397.258201132,6386.261918269067,29618.54772515288,1304.6129611896497,4726525.927582256,6912.572309377494,31228.31740690041,1263.21754791745,True,True,True,PeMS,D12_I405_N,False,3
PeMS::D12_I405_N::L405N-086,2025-10-01,14,18711.4953886693,3500.2608695652175,537886.8169058969,684.9606182278969,3714.5009218683517,161.44055931608187,546191.7193467757,712.2155470703593,4076.4147180872988,170.06200566831097,172292.93282706503,253.5998042716957,1129.3991830241318,45.71685364087861,False,True,False,PeMS,D12_I405_N,False,3
PeMS::D12_I405_N::L405N-087,2025-10-01,14,17481.900856389988,3095.9130434782605,385235.21596108435,512.7269924289146,2639.5508618978383,111.84467626876653,378975.4529187659,510.17005252913,2907.3014517598795,116.96371610694442,281784.8106930993,414.7620663595858,1847.13052220679,74.76983958250584,False,True,False,PeMS,D12_I405_N,False,3
PeMS::D12_I405_N::L405N-091,2025-10-01,14,17460.142539525692,5853.282608695652,1227996.2473419907,1474.3923303114334,8979.10691369439,385.592369536582,1278606.9547848369,1561.2694898415286,9044.0069172974,392.6947593251459,395039.4582758384,581.4627893002701,2589.527232012745,104.82125296744316,False,True,False,PeMS,D12_I405_N,False,3
PeMS::D12_I405_N::L405N-095,2025-10-01,14,16224.07818181818,3971.018181818181,1066626.898198109,1372.3603709261838,7463.162393511539,317.85724758453864,1049684.545048794,1338.8321739500782,7469.950697347154,314.6384472575116,785368.2968928888,1155.9919673150087,5148.175832459605,208.3925724294023,False,True,False,PeMS,D12_I405_N,False,3
PeMS::D12_I405_N::L405N-100,2025-10-01,14,15397.036890645586,4273.434782608696,920846.5833567509,1221.4405443914864,6848.518226680197,281.0884557826565,948183.0352633734,1279.3064030882385,7114.748530506155,288.94103452519744,255454.556768612,376.0062849580568,1674.5328028274223,67.78327115371731,False,True,False,PeMS,D12_I405_N,False,3
PeMS::D12_I405_N::L405N-110,2025-10-01,14,55982.266798418976,21608.826086956524,79565758.5082488,86288.29684854153,600532.6572460101,26079.94794857748,68814369.52033433,65202.73467852026,573429.1102240265,24288.850391723117,22394377.974830944,32962.52363934086,146797.61830100205,5942.208327729132,False,True,False,PeMS,D12_I405_N,False,3
PeMS::D12_I405_N::L405N-116,2025-10-01,14,52545.31225296442,19745.978260869564,1192745.1751523921,1413.4737840008167,8885.720259853411,377.7019250019366,1249789.5700519804,1522.7137928844134,8766.687243923861,382.84714589237933,314491.06724010594,462.9027539820197,2061.5236422138823,83.44824048477226,False,True,False,PeMS,D12_I405_N,False,3
PeMS::D12_I405_N::L405N-126,2025-10-01,14,80145.60869565218,5643.608695652173,15396755.504012818,20183.18818920369,100024.71893008293,4454.210025010109,15692303.299812643,20683.692295334902,97701.41781737236,4456.317663772894,11866141.428215604,17465.900047544033,77783.8662026089,3148.606515974763,False,True,False,PeMS,D12_I405_N,False,3
PeMS::D12_I405_N::L405N-134,2025-10-01,14,46140.75909090909,4964.363636363636,21499492.892108615,28130.336219818902,156550.45783181183,6548.386036553529,20886290.93092303,27185.572577480885,160216.4096065765,6599.069579854409,16345050.276096297,24058.453720731504,107143.60783933253,4337.057004973766,False,True,False,PeMS,D12_I405_N,False,3
PeMS::D12_I405_S::L405S-001,2025-10-01,14,18767.23399209486,0.0,2991509.6079404955,3976.9626724156583,18697.902846997633,845.4229945318068,2940493.6388608525,3875.802325546032,18307.726540252374,835.0446389360766,3319733.9878547983,4886.351841251048,21761.222542447103,880.8706797146547,True,True,True,PeMS,D12_I405_S,False,3
PeMS::D12_I405_S::L405S-004,2025-10-01,14,14443.464920948616,3101.296442687747,529206.041680742,689.1838603426083,3681.2473736986276,155.84807254347783,503050.1295752483,634.9661255238523,3638.5627013185454,152.3808619147453,388207.63497758284,571.4069557682271,2544.743876566821,103.00847132456414,False,True,False,PeMS,D12_I405_S,False,3
PeMS::D12_I405_S::L405S-005,2025-10-01,14,15514.521739130436,2690.664596273292,354523.930868297,468.65708616299116,2450.574101002192,102.82450234766071,362467.0577930481,483.16331373222505,2654.027471330779,106.44562054626107,248633.47969569557,365.96626890963296,1629.8198900741822,65.97334095461464,False,True,False,PeMS,D12_I405_S,False,3
PeMS::D12_I405_S::L405S-020,2025-10-01,14,16641.340909090908,3580.590909090909,720198.7476694348,947.18023554838,4950.0655829237985,210.815894703087,734485.6993952203,968.1100289334815,4572.96120438573,208.58006205134888,325798.5111925788,479.54630125994856,2135.6451848242937,86.44860011499868,False,True,False,PeMS,D12_I405_S,False,3
PeMS::D12_I405_S::L405S-024,2025-10-01,14,19173.01195652174,1396.6916666666668,5081815.417808961,7110.16469107081,33630.23418482901,1412.0260489938182,4859895.531828216,6646.417299197994,30772.88879845488,1350.9576991444897,3630360.1050921213,5343.565734128072,23797.411010989334,963.2933798553903,False,True,False,PeMS,D12_I405_S,False,3
PeMS::D12_I405_S::L405S-041,2025-10-01,14,14775.220849802372,0.0,551696.6353788858,812.048158062699,3616.432311239855,146.38925648272246,551696.6353788858,812.0481580626989,3616.432311239855,146.38925648272246,543039.3153018624,799.3053563643018,3559.6826230098536,144.09209067104766,True,True,True,PeMS,D12_I405_S,False,3
PeMS::D12_I405_S::L405S-108,2025-10-01,14,47795.88411671023,5869.949685534591,34052642.98613219,44242.3650817396,226750.44359133142,9982.992217088322,35457111.30730436,46735.26670686256,220758.54514444558,10069.149723035787,27515229.73990013,40499.95993470766,180365.36658271396,7300.994360440553,False,True,False,PeMS,D12_I405_S,False,3
PeMS::D12_I405_S::L405S-110,2025-10-01,14,64248.75839920949,0.0,79704869.77362564,105568.28183888386,497341.2605876102,22572.76952619264,78936285.69065303,104044.24468278079,491463.036487833,22416.413799501348,90620996.92516726,133386.01128924688,594030.6326716542,24045.71554526109,True,True,True,PeMS,D12_I405_S,False,3
PeMS::D12_I405_S::L405S-112,2025-10-01,14,41396.81818181818,4614.545454545454,12546630.56423723,16841.276405571214,83544.17397836136,3601.2647952602038,12231034.990318451,16121.467917092952,76151.31042886939,3473.382857329249,9289970.20548803,13674.006165803457,60896.779619671855,2465.0355719390423,False,True,False,PeMS,D12_I405_S,False,3
PeMS::D12_I405_S::L405S-114,2025-10-01,14,35579.53754940711,7297.385375494073,5905660.529785355,7276.620910991749,40546.224770936984,1794.866516904912,5883994.665332743,7192.644192835669,41550.68501308505,1805.2558852988177,5197978.288713436,7650.959647598368,34073.32115323963,1379.2510740536152,False,True,False,PeMS,D12_I405_S,False,3
PeMS::D12_I405_S::L405S-115,2025-10-01,14,41797.96666666667,9320.404166666667,592001.260328524,710.8375770759404,4134.2912707959285,181.0987344295704,559251.029288169,651.4194637455998,3911.464413840524,175.48441612540262,186939.5153839129,275.1582652527624,1225.409147579108,49.603232844618496,False,True,False,PeMS,D12_I405_S,False,3
PeMS::D12_I405_S::L405S-117,2025-10-01,14,48995.60177865612,10251.014822134386,12814647.69614416,16890.015127491948,88756.69456337503,3740.685928745209,11902158.533083888,15026.807947093033,86027.82002006483,3604.167575412232,9192721.82842034,13530.865243042219,60259.30577899544,2439.2313224653913,False,True,False,PeMS,D12_I405_S,False,3
PeMS::D12_I405_S::L405S-132,2025-10-01,14,50023.875494071144,10981.44071146245,17376925.999298025,21420.575548009452,120847.30797417893,5259.140014657041,17289592.673501477,21391.977013741594,121119.81936124599,5247.931529660719,13594218.543783695,20009.47517325355,89111.60234651828,3607.140985591544,False,True,False,PeMS,D12_I405_S,False,3
PeMS::D12_I5_N::L5N-006,2025-10-01,14,14156.238339920948,0.0,411812.56604029756,553.7044624225202,2587.2959072532376,115.62603978281508,395412.9710453292,521.1854541954596,2461.869819643973,112.28981327267991,466477.2939303726,686.6129010449436,3057.8101261592246,123.77683648123454,True,True,True,PeMS,D12_I5_N,False,3
PeMS::D12_I5_N::L5N-007,2025-10-01,14,15461.418164251205,0.0,4776214.609816091,6599.425645016202,30387.29419028126,1319.5240721274026,4643171.491507205,6335.612406935145,29369.76431726062,1292.4586489612,5260250.601197131,7742.618928094,34481.52303180826,1395.7746432388565,True,True,True,PeMS,D12_I5_N,False,3
PeMS::D12_I5_N::L5N-010,2025-10-01,14,13673.291060985797,2516.5158730158723,939244.0308514875,1209.2394753518604,6577.993853995316,281.4646116718937,1003482.3575462948,1322.6688211878122,6247.753896533658,284.97003083488784,1044818.962106645,1482.4990730418658,7004.7434999462275,285.48014986003585,True,True,True,PeMS,D12_I5_N,False,3
PeMS::D12_I5_N::L5N-018,2025-10-01,14,12925.054347826086,0.0,1058605.5303027858,1558.1727635641537,6939.276042557343,280.8943657651565,1058605.5303027858,1558.1727635641537,6939.276042557342,280.89436576515646,1029388.4001656044,1515.1677582943967,6747.754531107055,273.14178276380545,True,True,True,PeMS,D12_I5_N,False,3
PeMS::D12_I5_N::L5N-021,2025-10-01,14,13889.01818181818,0.0,1225673.0035836247,1670.889277277755,7749.531694306538,341.36141213853887,1142410.917288283,1505.78761043347,7112.733179866767,324.4231170359518,1298983.2003901708,1911.987218313926,8514.978189820871,344.6770792032675,True,True,True,PeMS,D12_I5_N,False,3
PeMS::D12_I5_N::L5N-025,2025-10-01,14,16961.736363636363,0.0,1454200.8250007438,1990.4344320410123,9211.563937934658,404.0385476502399,1456141.8850140735,1994.2833896867376,9226.409399872065,404.43342422348576,1550276.2952211946,2281.8682030896716,10162.232150531096,411.3561324229632,True,True,True,PeMS,D12_I5_N,False,3
PeMS::D12_I5_N::L5N-028,2025-10-01,14,13880.875208855472,6988.1150793650795,304178.06130066887,356.65907035258545,2384.3132392063667,98.56743512966315,340756.4510433873,424.41025557849053,2337.5943489493247,102.6697779067007,361867.99143246165,476.65971671803146,2536.8789955043944,104.69620661583242,True,True,True,PeMS,D12_I5_N,False,3
PeMS::D12_I5_N::L5N-034,2025-10-01,14,16299.082389832387,0.0,909961.3343473607,1199.9495904717667,5666.65918109395,258.3453320613603,909135.7971622676,1198.3126201367052,5660.345372775271,258.1773901674992,955005.3803044675,1405.682598523765,6260.165629556713,253.4047130154404,True,True,True,PeMS,D12_I5_N,False,3
PeMS::D12_I5_N::L5N-035,2025-10-01,14,15019.35366083192,4821.635177865613,977121.088753687,1188.0866004534998,7097.0579304139355,303.5250256995061,1013809.6114194567,1255.1072027933965,7021.012974684178,307.27065971532227,1091205.7355759775,1490.2826285580613,7479.040301989082,306.7936005198542,True,True,True,PeMS,D12_I5_N,False,3
PeMS::D12_I5_N::L5N-038,2025-10-01,14,16435.931374181375,7682.787906537907,789179.3969592644,973.1707920371405,6147.659962217414,252.59016312245757,874102.6896580663,1141.3419967811028,6388.5698369268175,269.16946387893626,892675.8338831684,1174.7272771784328,6330.04154239297,261.68920939985514,True,True,True,PeMS,D12_I5_N,False,3
PeMS::D12_I5_N::L5N-042,2025-10-01,14,13535.94293478261,942.4293478260868,292461.68327089236,382.6996336862876,1965.9527127915276,86.32067212848925,302273.2216914986,398.41992517829783,1881.974988836529,85.83988413768728,303341.24536618113,442.34617492497864,2000.0992804459743,81.10673023285271,True,True,True,PeMS,D12_I5_N,False,3
PeMS::D12_I5_N::L5N-043,2025-10-01,14,13886.2453886693,4372.434782608695,247442.4029435511,304.19385673179113,1789.2295497648133,76.15426968478131,254541.18402605384,317.8712366199669,1763.815521487185,76.643195898781,263516.4458542849,361.7356459770803,1800.9277845433326,73.81316874674268,True,True,True,PeMS,D12_I5_N,False,3
PeMS::D12_I5_N::L5N-045,2025-10-01,14,13800.521442495126,4817.614522417154,1085845.683014505,1377.76344487699,8022.338934061424,330.8776466239857,1113630.6169545455,1425.406669096682,7886.493195698977,332.6666375136258,1171340.7431419864,1592.2541320591015,8049.3013183689,330.4356982672439,True,True,True,PeMS,D12_I5_N,False,3
PeMS::D12_I5_N::L5N-050,2025-10-01,14,14733.208333333332,0.0,2875878.612758592,4174.169235572652,18725.78801579504,770.228421501925,2991077.4594108406,4402.598793935635,19606.8427392272,793.6637225722349,2726772.704393135,4013.565807841852,17874.29591047243,723.5321065885373,True,True,True,PeMS,D12_I5_N,False,3
PeMS::D12_I5_N::L5N-051,2025-10-01,14,18624.112026862025,0.0,2339352.4197103847,3163.9260466265123,14864.600939491324,657.1639590626905,2223275.2398984376,2930.4519592382094,13842.272799999315,631.3681639779813,2561610.224948591,3770.4613939062815,16791.63763604316,679.7072742182527,True,True,True,PeMS,D12_I5_N,False,3
PeMS::D12_I5_N::L5N-056,2025-10-01,14,14750.55652173913,0.0,1743935.5086165834,2417.466883533031,11112.023562305863,480.8489139488902,1686517.041711917,2303.6109256126706,10672.880177204952,469.16807600640186,1826099.2705481537,2687.854980427561,11970.28218416903,484.5440362267194,True,True,True,PeMS,D12_I5_N,False,3
PeMS::D12_I5_N::L5N-057,2025-10-01,14,11119.91304347826,0.0,1479229.9277224082,2118.2581418634763,9570.24030131504,399.65689188257886,1426355.3043273387,2013.4122408693024,9165.848781384724,388.9004237906433,1485188.0820224988,2186.0641683173835,9735.57173210934,394.0853815701828,True,True,True,PeMS,D12_I5_N,False,3
PeMS::D12_I5_N::L5N-061,2025-10-01,14,16582.17391304348,0.0,876185.8243313485,1223.661644893714,5602.312396842611,240.48728297118066,829909.567794302,1131.899746657355,5248.385985341276,231.0731435429765,898609.8835555131,1322.6734657481616,5890.486926493252,238.44052018076133,True,True,True,PeMS,D12_I5_N,False,3
PeMS::D12_I5_N::L5N-062,2025-10-01,14,13943.29813664596,0.0,1112479.9587692597,1637.4711090630997,7292.4288648904585,295.18960887683954,1112479.9587692597,1637.4711090630997,7292.428864890457,295.18960887683954,1029416.4682262524,1515.2090719720375,6747.938520341233,273.1492304483945,True,True,True,PeMS,D12_I5_N,False,3
PeMS::D12_I5_N::L5N-070,2025-10-01,14,18240.122529644268,0.0,2000007.8268870527,2684.3919730927473,12715.695802532733,565.3693969920579,2068248.7309777827,2815.5536856425824,13068.371338802506,576.5076816773551,2096954.7699038326,3086.5300769357705,13745.769864774833,556.4138513067116,True,True,True,PeMS,D12_I5_N,False,3
PeMS::D12_I5_N::L5N-072,2025-10-01,14,16625.46393280632,1444.6956521739132,1576586.6524242025,2077.0249861522407,10951.82521909413,466.3294046580053,1507400.8253634935,1965.7542165216546,11236.702626652772,469.04395864350676,1805517.0725700988,2621.585881128735,11936.592679178084,484.43771693245844,True,True,True,PeMS,D12_I5_N,False,3
PeMS::D12_I5_N::L5N-073,2025-10-01,14,16648.295454545456,0.0,680458.7567556645,958.086935151785,4367.464732898479,185.8241754176267,680649.0815519504,958.4643331069261,4368.920359978325,185.86289385128927,716369.4877465796,1054.431884684995,4695.881026161909,190.08416936621404,True,True,True,PeMS,D12_I5_N,False,3
PeMS::D12_I5_N::L5N-074,2025-10-01,14,14558.682352941174,0.0,2311675.730706674,3213.3331592608893,14748.500609490568,636.3167562677721,2384226.1352267927,3357.194468164565,15303.374885118708,651.0759367813953,2415668.508402165,3555.6482257515686,15834.973582955656,640.9825512364434,True,True,True,PeMS,D12_I5_N,False,3
PeMS::D12_I5_N::L5N-079,2025-10-01,14,14655.941176470587,0.0,1737699.381298215,2422.1679166410436,11100.833730572687,477.51257159239947,1781258.1789194029,2508.5413239501195,11433.976687350927,486.37388892480965,1815564.9394135706,2672.349386146773,11901.228481374117,481.74881725411257,True,True,True,PeMS,D12_I5_N,False,3
PeMS::D12_I5_N::L5N-080,2025-10-01,14,15554.493577075096,0.0,1390829.7672906574,1872.8937817960577,8744.260063211299,390.16312907281974,1331160.1337868534,1754.573951128822,8287.899483467889,378.02432849838357,1632387.6972322378,2402.7288509223727,10700.48144971344,433.14388010588226,True,True,True,PeMS,D12_I5_N,False,3
PeMS::D12_I5_N::L5N-086,2025-10-01,14,16932.484472049688,0.0,2947336.3344953954,4100.176164760158,18810.961297017817,810.8967499797247,2813197.5738783097,3834.190360756272,17785.051819002118,783.608436497306,3011327.2389200716,4432.404660234518,19739.58227798181,799.0368750915711,True,True,True,PeMS,D12_I5_N,False,3
PeMS::D12_I5_N::L5N-090,2025-10-01,14,19992.791304347826,0.0,2286829.5401908043,3358.1789453230717,14973.672359055294,607.74455130253,2302151.9635926327,3388.562013491246,15090.860107934071,610.8616450581003,2171107.86729268,3195.676811368731,14231.851599152953,576.0899125630743,True,True,True,PeMS,D12_I5_N,False,3
PeMS::D12_I5_N::L5N-095,2025-10-01,14,9636.286956521739,0.0,646965.5639814141,888.7905099427642,4105.139745640274,179.35973647463533,684624.9783073012,963.4659397119474,4393.163504885641,187.02092179468357,703691.5601997678,1035.7711079967876,4612.775812391007,186.72016047381783,True,True,True,PeMS,D12_I5_N,False,3
PeMS::D12_I5_N::L5N-101,2025-10-01,14,13465.046881985118,0.0,1494061.719298521,2041.929548825694,9457.506236199484,415.48485610880743,1499717.6091580093,2053.144699500359,9500.763166461616,416.63545340669316,1587484.773914521,2336.6357594777583,10406.137833418237,421.22916985236225,True,True,True,PeMS,D12_I5_N,False,3
PeMS::D12_I5_N::L5N-106,2025-10-01,14,19693.130434782608,0.0,538684.8520654398,785.1486949534021,3514.5676314167918,143.87527546303528,553845.7323549993,815.2114368087305,3630.5198790189615,146.9595059427839,512848.623129533,754.8673547579642,3361.779305010233,136.08117906421717,True,True,True,PeMS,D12_I5_N,False,3
PeMS::D12_I5_N::L5N-114,2025-10-01,14,14441.946842105262,0.0,729117.89706115,997.5998960864417,4617.751505475623,202.6257032736344,725292.6168005257,990.0146892380885,4588.495299011606,201.84751323795928,801433.438487066,1179.6384204633205,5253.48460800783,212.65535741384605,True,True,True,PeMS,D12_I5_N,False,3
PeMS::D12_I5_N::L5N-115,2025-10-01,14,13949.791304347824,0.0,1484391.725002674,2184.8920019316583,9730.351523985722,393.87407320875536,1484391.725002674,2184.8920019316574,9730.35152398572,393.87407320875536,1431941.838509521,2107.6904549472147,9386.536731451351,379.9568234124741,True,True,True,PeMS,D12_I5_N,False,3
PeMS::D12_I5_N::L5N-116,2025-10-01,14,14470.32608695652,0.0,2667893.4029974574,3783.407557713792,17181.41162003767,725.2936314455254,2632833.92113127,3713.887573860969,16913.27245895271,718.1613594065228,2669372.993542653,3929.078561626449,17498.034473182805,708.3014518140077,True,True,True,PeMS,D12_I5_N,False,3
PeMS::D12_I5_N::L5N-117,2025-10-01,14,13157.635,0.0,2554970.2529438976,3583.803118108188,16369.765017398637,699.3757126596669,2592393.223991256,3658.00970087706,16655.98042982956,706.9887975031966,2660008.7500140793,3915.295231764728,17436.650823736047,705.8167082796746,True,True,True,PeMS,D12_I5_N,False,3
PeMS::D12_I5_N::L5N-119,2025-10-01,14,13459.38260869565,0.0,1077957.0255052908,1492.6737783848353,6865.103522283394,297.4155436947408,1126262.7233372275,1588.4598868645032,7234.55134646162,307.24253940694786,1177048.0478635826,1732.5095676222395,7715.679812424983,312.32234804704814,True,True,True,PeMS,D12_I5_N,False,3
PeMS::D12_I5_N::L5N-122,2025-10-01,14,12940.17,0.0,1555817.725412873,2160.6493127410367,9921.830052733647,428.5008676161705,1608324.873010941,2264.766540346044,10323.411073287414,439.1825788317219,1656037.4681331452,2437.539200790643,10855.508307147009,439.41919910577604,True,True,True,PeMS,D12_I5_N,False,3
PeMS::D12_I5_N::L5N-125,2025-10-01,14,11484.513043478262,0.0,805070.1523247462,1115.700687837953,5129.114799030126,222.01517964104536,836880.5876011527,1178.7780874186883,5372.404858515836,228.4864868593424,863226.0938089257,1270.5916884698554,5658.542280962116,229.05165256697467,True,True,True,PeMS,D12_I5_N,False,3
PeMS::D12_I5_N::L5N-128,2025-10-01,14,14865.386452241713,5504.781676413255,1216528.5864857526,1524.7943523974498,8930.206492908084,372.13733047387575,1264163.8226289307,1614.3609234652063,8976.953369375695,378.43508369233535,1336657.9930667223,1800.985552993959,9230.339245116194,379.45223221048565,True,True,True,PeMS,D12_I5_N,False,3
PeMS::D12_I5_N::L5N-129,2025-10-01,14,16634.817391304347,0.0,2477050.832095999,3498.053528069491,15920.897464993936,675.1939815041809,2282241.2692141323,3111.762660520066,14430.970347364482,635.5631962126088,2588528.6546098273,3810.082917444004,16968.090912267828,686.8499114052358,True,True,True,PeMS,D12_I5_N,False,3
PeMS::D12_I5_N::L5N-130,2025-10-01,14,12771.695454545456,0.0,272964.44760717766,386.8804058173772,1757.4442013161786,74.2344702624959,272318.4936291926,385.59953377566865,1752.503867103098,74.10306160354169,280356.8368982181,412.6602165103498,1837.7699964390995,74.39093565468706,True,True,True,PeMS,D12_I5_N,False,3
PeMS::D12_I5_N::L5N-131,2025-10-01,14,18056.818084693085,7086.906565656565,1302350.9987484913,1581.7126937971384,9705.906978204413,407.8684091436579,1351134.421198853,1668.1119260286941,9397.351289621583,410.60803242134114,1433522.013031493,1900.4422853425365,9986.626984650764,411.57305635022396,True,True,True,PeMS,D12_I5_N,False,3
PeMS::D12_I5_N::L5N-132,2025-10-01,14,15082.712525086663,6367.710317460318,788864.8125515131,938.4073927176001,5978.625889496116,250.94542424090224,761496.3707499941,916.1859829419382,6896.449528233126,267.1128635149558,882651.8809473742,1166.220893513195,6160.034724400053,253.9989999122484,True,True,True,PeMS,D12_I5_N,False,3
PeMS::D12_I5_N::L5N-133,2025-10-01,14,14589.271446608947,5237.81764069264,1465520.366646831,1803.3821419935152,10876.483216353918,456.79315440210286,1603104.2854410661,2092.756675353338,11757.358692302761,494.5578833887806,1675846.1314459387,2288.1739621423844,11502.579639213507,471.9530087060118,True,True,True,PeMS,D12_I5_N,False,3
PeMS::D12_I5_N::L5N-134,2025-10-01,14,14526.793206793205,5426.674242424242,422196.03320476454,458.0289506428788,3153.479230084546,137.31019896036412,364934.2855690572,346.61388455362624,3036.2775771725956,128.6532346748449,418631.64457267534,563.4317238069643,2892.631497577381,118.9345854061618,True,True,True,PeMS,D12_I5_N,False,3
PeMS::D12_I5_N::L5N-135,2025-10-01,14,13533.719038208168,5014.931818181818,168460.881530015,207.8106246003128,1249.7798775833767,52.29859170172384,170130.7903285892,209.833164868453,1185.1245805118633,51.752751227884495,195243.9089546997,262.7460768406857,1349.1686029355676,55.47396514290531,True,True,True,PeMS,D12_I5_N,False,3
PeMS::D12_I5_N::L5N-138,2025-10-01,14,11881.073562152133,3140.0454545454545,650852.3919355869,814.3025005547292,4583.183785824472,197.0430013748741,679181.3935017355,885.271523469955,5100.353938514848,212.16425713416666,736001.8062334114,1024.9945752584113,4988.72324292155,203.97706128754317,True,True,True,PeMS,D12_I5_N,False,3
PeMS::D12_I5_N::L5N-140,2025-10-01,14,14205.65919877861,555.7708708708708,1406375.2270989986,1875.0978230944286,8954.443201274411,398.8155333358112,1377952.1755718973,1816.2495493925808,8579.23012739083,391.31238432720386,1513437.5463990418,2218.7659312349388,9951.265805390822,403.1644268831709,True,True,True,PeMS,D12_I5_N,False,3
PeMS::D12_I5_N::L5N-142,2025-10-01,14,13200.73418972332,0.0,600958.5216569299,855.5840639982906,3877.377360499673,162.9708095847907,592963.6139452455,839.7308389808056,3816.231338577706,161.3443777697374,592117.900071919,871.5446484083398,3881.3981608080194,157.11478661114293,True,True,True,PeMS,D12_I5_N,False,3
PeMS::D12_I5_N::L5N-144,2025-10-01,14,13590.89097496706,0.0,818271.1180945968,1106.8957442562837,5155.254229533543,228.9388290297888,833030.1715975064,1136.161697618669,5268.133257232322,231.9413144921443,909654.2199755341,1338.9297422446527,5962.883770200913,241.37106587053455,True,True,True,PeMS,D12_I5_N,False,3
PeMS::D12_I5_N::L5N-145,2025-10-01,14,16786.686053077356,0.0,1372535.4618661003,1919.6931617754417,8782.036769630986,376.37652922127273,1409076.4217177972,1992.150791028274,9061.506453674509,383.8101834670282,1452382.6569306967,2137.777513456843,9520.52855135027,385.38066691392885,True,True,True,PeMS,D12_I5_N,False,3
PeMS::D12_I5_N::L5N-146,2025-10-01,14,15750.163636363637,5958.534782608695,1022000.1576145857,1243.7912027425837,7627.398296923378,319.32959963104696,1100366.585526512,1394.092321770928,7879.929401255344,331.716308640771,1133470.9114991722,1516.7210461094558,7856.754417914006,323.33340005625297,True,True,True,PeMS,D12_I5_N,False,3
PeMS::D12_I5_N::L5N-147,2025-10-01,14,15330.145224171541,0.0,1818631.3879931588,2486.2956404782713,11513.716508556903,505.65047846291037,1812199.5367514435,2473.5418240877607,11464.524931717315,504.34202464874966,1947203.276583123,2866.1092577391723,12764.132304615516,516.6782278524543,True,True,True,PeMS,D12_I5_N,False,3
PeMS::D12_I5_N::L5N-148,2025-10-01,14,16933.005731225297,0.0,2891712.6737818266,3898.559112669818,18190.216285494345,810.6448287154396,2760772.3000530717,3638.9154390396934,17188.768457549108,784.0071741748908,3086515.3530925564,4543.074846903399,20232.448661565653,818.9875715870991,True,True,True,PeMS,D12_I5_N,False,3
PeMS::D12_I5_N::L5N-152,2025-10-01,14,15640.46686159844,0.0,1749554.8662586545,2402.0654653262986,11098.224666669017,485.2080080495268,1719937.2202790114,2343.3361812449725,10871.705325150968,479.18278756600876,1832824.153377809,2697.7534071440095,12014.364533044993,486.3284418841703,True,True,True,PeMS,D12_I5_N,False,3
PeMS::D12_I5_N::L5N-157,2025-10-01,14,15647.796428571428,4935.212400793651,394275.3080128782,497.2751478793567,2799.585237379122,119.85403392173211,387340.30994007894,481.28266708173453,2667.182644491834,116.97927222215102,431905.460414321,595.8744794768037,2968.1533336135253,121.70949926145252,True,True,True,PeMS,D12_I5_N,False,3
PeMS::D12_I5_N::L5N-159,2025-10-01,14,19888.53162055336,3883.478260869566,2722373.2215903066,3495.39977484902,18557.984532039627,806.6532499044695,2711158.5361878634,3535.1797371344383,20241.259066649185,844.2991038442244,3029192.8714208556,4295.105076056579,20418.952474347054,832.9487134272524,True,True,True,PeMS,D12_I5_N,False,3
PeMS::D12_I5_N::L5N-161,2025-10-01,14,13626.275108225105,8710.733982683982,830195.6856625802,935.9401021138299,6768.724908982441,276.7940907343079,795998.3348105835,866.843081131618,6548.524419856948,269.55572256405515,946033.9775444604,1197.0038101113282,6774.207262596994,281.200074117982,True,True,True,PeMS,D12_I5_N,False,3
PeMS::D12_I5_N::L5N-162,2025-10-01,14,13436.700072150072,4997.76515151515,890720.1747951177,1089.0311742145645,6595.457727451306,279.40421516188485,984711.7951876136,1285.1912563162398,7247.510243438262,304.348342159382,1041113.2913100913,1411.5111053172122,7240.180503035632,297.8135442682758,True,True,True,PeMS,D12_I5_N,False,3
PeMS::D12_I5_N::L5N-163,2025-10-01,14,15596.99531024531,7599.404401154401,4563968.462431509,4974.765923281177,35025.13214733435,1503.629084848808,4285312.23830933,4432.201473468257,35165.83851960809,1481.7859801510695,4675926.206931088,6129.698024062069,32865.414591587854,1357.321987536507,True,True,True,PeMS,D12_I5_N,False,3
PeMS::D12_I5_N::L5N-165,2025-10-01,14,13174.116110080397,4288.503710575139,871906.0962058008,1095.530630590902,6374.142762069824,267.1734830242169,914740.079922531,1193.3274952557977,6779.907442297812,283.7706181353134,986794.628478722,1356.3192074729664,6744.717199752977,276.4177910772494,True,True,True,PeMS,D12_I5_N,False,3
PeMS::D12_I5_N::L5N-166,2025-10-01,14,18900.643216783217,949.1455710955712,1178783.9994999124,1570.4500122371114,7639.722967813685,336.92704312121856,1247024.765382254,1700.5007037367566,7885.609542520721,347.2470401784773,1239942.385405517,1813.926810063917,8166.3063754047735,331.00051174030136,True,True,True,PeMS,D12_I5_N,False,3
PeMS::D12_I5_N::L5N-167,2025-10-01,14,13982.956521739132,0.0,1421748.4078720685,1954.4949839808778,9024.13336832637,393.9945385257933,1398984.4753173508,1909.356033277873,8850.03205668938,389.36359274406635,1475757.449107764,2172.183119210538,9673.752892911838,391.5830220268779,True,True,True,PeMS,D12_I5_N,False,3
PeMS::D12_I5_N::L5N-171,2025-10-01,14,13403.919762845848,0.0,1080024.8573618163,1519.454086088681,6929.429756946127,295.08843941773546,1085632.2790947696,1530.573128572502,6972.315997109698,296.22917667647425,1135594.311223383,1671.493370812607,7443.945995334929,301.32285793592604,True,True,True,PeMS,D12_I5_N,False,3
PeMS::D12_I5_N::L5N-173,2025-10-01,14,15320.627272727272,0.0,1888060.2823783513,2607.6553258871136,12009.826773785946,521.7508961092585,1987606.6407928467,2805.0473254607687,12771.169372521501,542.0019571892275,2020618.8961925493,2974.1704907679423,13245.379790786761,536.1586039860905,True,True,True,PeMS,D12_I5_N,False,3
PeMS::D12_I5_N::L5N-174,2025-10-01,14,14948.482608695653,0.0,2384375.724452465,3505.96018238537,15622.086137450102,633.1187365275133,2391475.19217029,3520.037825717082,15676.383725910564,634.5630058777822,2247277.9840935674,3307.7924181733706,14731.155118306127,596.3011773227848,True,True,True,PeMS,D12_I5_N,False,3
PeMS::D12_I5_N::L5N-178,2025-10-01,14,13504.80788497217,6461.291496598639,654988.6560505531,713.5526084845499,5040.25370999889,214.9961098678186,533621.3284423577,478.51981299091875,4954.409070548744,201.25079524622004,671849.9328962079,892.6522162626892,4688.184529991584,193.22730619577857,True,True,True,PeMS,D12_I5_N,False,3
PeMS::D12_I5_N::L5N-182,2025-10-01,14,13656.065217391304,0.0,1294212.8659157706,1789.306548024358,8236.319565278274,357.42387688265654,1349285.938015152,1898.5117866438954,8657.525087010228,368.62758302228474,1384306.7215100066,2037.5758185003351,9074.283284140716,367.31714262986895,True,True,True,PeMS,D12_I5_N,False,3
PeMS::D12_I5_N::L5N-185,2025-10-01,14,14254.145454545454,0.0,1972965.1226741602,2650.7553565395456,12391.267028448725,554.19902697288,1897409.9233796205,2500.9357940314358,11813.411718670652,538.8285706328102,2101734.2915314455,3093.5651057636305,13777.100156348024,557.6820675192844,True,True,True,PeMS,D12_I5_N,False,3
PeMS::D12_I5_N::L5N-186,2025-10-01,14,12880.130434782608,0.0,3373609.215378551,4811.7366128542,21785.165464313002,913.813530151881,3674809.4987726323,5408.991270465582,24088.781690476666,975.0877488522742,3490578.593118565,5137.819836744828,22881.127778506023,926.2032286823878,True,True,True,PeMS,D12_I5_N,False,3
PeMS::D12_I5_N::L5N-187,2025-10-01,14,15687.1500402754,0.0,582771.7723902646,857.7879834547932,3820.1332627364623,154.6348500036442,582771.7723902647,857.7879834547934,3820.1332627364627,154.63485000364423,572611.3909829238,842.8328097634052,3753.530841659898,151.93885625559457,True,True,True,PeMS,D12_I5_N,False,3
PeMS::D12_I5_N::L5N-188,2025-10-01,14,13396.781578947368,0.0,248994.75387234794,347.6542769541721,1591.8823317610477,68.3522000662055,253993.42385734184,357.5662162682985,1630.1127648699144,69.3690968447217,254701.64801880316,374.89807054407606,1669.597402907222,67.58349151937504,True,True,True,PeMS,D12_I5_N,False,3
PeMS::D12_I5_N::L5N-190,2025-10-01,14,15055.109683794466,0.0,242229.09118583708,328.4547750758783,1527.7665697017678,67.67656446461969,244728.857629815,333.41160026469475,1546.8850860493526,68.18510062554952,258324.73396389614,380.2309293645673,1693.34713099689,68.54485474630667,True,True,True,PeMS,D12_I5_N,False,3
PeMS::D12_I5_N::L5N-191,2025-10-01,14,13977.3639657444,0.0,1276675.1401806157,1793.9041192102586,8186.4064332177,349.0858700687,1298797.6988011831,1837.771279710661,8355.602439371252,353.5863389256811,1303142.8851527888,1918.1099026534553,8542.245382360068,345.7808255750102,True,True,True,PeMS,D12_I5_N,False,3
PeMS::D12_I5_N::L5N-192,2025-10-01,14,14649.047435897435,0.0,348898.16274233174,474.97490287961006,2204.5625279265855,97.25110502276215,353502.9598195398,484.10582556908,2239.78057336039,98.18787486905944,379599.2683238998,558.7362091354316,2488.3150834276375,100.72429499802577,True,True,True,PeMS,D12_I5_N,False,3
PeMS::D12_I5_N::L5N-209,2025-10-01,14,13668.801242236024,0.0,2496786.276981457,3551.8585551719857,16103.217659231834,677.4313427862107,2448059.9298785636,3455.2383348068024,15730.552658511875,667.5187729333213,2481785.7604367863,3652.96691375482,16268.379464476358,658.5263511172998,True,True,True,PeMS,D12_I5_N,False,3
PeMS::D12_I5_N::L5N-225,2025-10-01,14,15229.418826210824,0.0,1431519.5143025774,1933.0320479292434,9093.892819076633,402.59838427643035,1365274.1351670236,1799.5388931152859,8500.295728849294,387.7120603773768,1525695.762391737,2245.687854817922,10001.1040459689,404.8338415585605,True,True,True,PeMS,D12_I5_N,False,3
PeMS::D12_I5_N::L5N-230,2025-10-01,14,14769.693393562959,9002.69339356296,215137.93471466447,248.81621966116273,1742.8309123164458,71.09508637487068,196637.95274709997,211.75920357401415,1638.4868282067887,67.15699412907693,243983.41418067168,304.7461706305128,1757.7549468739467,72.9436734733484,True,True,True,PeMS,D12_I5_N,False,3
PeMS::D12_I5_N::L5N-233,2025-10-01,14,14331.47818181818,4930.48,428748.7368671921,529.9194114979648,3227.2805021494305,133.4236638248481,394833.88877566776,461.9329302952067,2969.1017851578436,126.0807743528876,490784.4356217102,662.237861649515,3423.8841450172595,140.95263401084327,False,False,True,PeMS,D12_I5_N,False,3
PeMS::D12_I5_N::L5N-235,2025-10-01,14,14233.526021080368,0.0,1351095.144384782,1844.6391644812015,8548.45808624166,375.9571630246877,1346732.3551394108,1835.98812283007,8515.090945999564,375.06962567129534,1433170.8139960645,2109.499397065316,9394.592801353256,380.28292438205324,True,True,True,PeMS,D12_I5_N,False,3
PeMS::D12_I5_N::L5N-238,2025-10-01,14,11249.69649122807,0.0,306810.8476210373,451.59815686244787,2011.1789552850905,81.41034217696884,306810.84762103733,451.5981568624478,2011.1789552850905,81.41034217696884,295793.0135382116,435.38088943855905,1938.955837321635,78.48682871684565,True,True,True,PeMS,D12_I5_N,False,3
PeMS::D12_I5_N::L5N-242,2025-10-01,14,10725.095708639186,3385.1312817617163,372784.60163468245,462.30917563616936,2681.737230865452,114.05490642617379,398600.6093831697,508.82666286678125,2835.8368809451063,119.40907690021561,409569.60906099377,565.4353854163899,2790.0566764301702,114.24621393328964,True,True,True,PeMS,D12_I5_N,False,3
PeMS::D12_I5_N::L5N-248,2025-10-01,14,11603.799407114624,4026.7977602108035,93566.60100381507,113.52791353608055,681.5577739271093,29.073165957277585,104848.19586678653,134.22305467247142,741.693997664244,31.308630372919907,107246.15092825398,146.39353115185614,735.2673464426354,30.163497866445628,True,True,True,PeMS,D12_I5_N,False,3
PeMS::D12_I5_N::L5N-252,2025-10-01,14,94587.28021978021,0.0,3431228.392998051,4826.350335710472,22012.71897321949,937.6070164522839,3488094.280183616,4939.110574837955,22447.63616174175,949.1754411852756,3480766.146921469,5123.376792597986,22816.80611111882,923.5995573692883,True,True,True,PeMS,D12_I5_N,False,3
PeMS::D12_I5_S::L5S-002,2025-10-01,14,17365.510671936758,0.0,409352.04476895224,539.5582517557036,2548.6555030353406,116.24824686043473,409352.0447689523,539.5582517557035,2548.655503035341,116.24824686043473,398166.34449955646,524.8146173726751,2479.0125223510977,113.07171931442605,True,True,True,PeMS,D12_I5_S,False,3
PeMS::D12_I5_S::L5S-005,2025-10-01,14,12188.339130434782,0.0,1951037.801257033,2871.7533354783013,12789.268036899708,517.6956950255009,1951037.8012570327,2871.7533354783013,12789.268036899708,517.6956950255009,1922799.4839443623,2830.1890552379546,12604.162751502323,510.2028338937921,True,True,True,PeMS,D12_I5_S,False,3
PeMS::D12_I5_S::L5S-009,2025-10-01,14,15301.443262411347,0.0,4127324.8470541025,6075.0534348917,27055.069722545555,1095.1598702572758,4127324.8470541025,6075.053434891701,27055.06972254556,1095.159870257276,3835226.6106922864,5645.110927361133,25140.333557244165,1017.6534275878283,True,True,True,PeMS,D12_I5_S,False,3
PeMS::D12_I5_S::L5S-010,2025-10-01,14,15054.366459627327,0.0,962364.4264228976,1416.5144569444085,6308.40498875512,255.35738994079304,962364.4264228977,1416.5144569444085,6308.40498875512,255.35738994079304,947512.6032779246,1394.6539001540527,6211.049649501665,251.41655142885907,True,True,True,PeMS,D12_I5_S,False,3
PeMS::D12_I5_S::L5S-013,2025-10-01,14,13478.999999999998,0.0,979855.5404036457,1432.1845756439939,6401.510792864414,261.21920372781415,999572.0695975315,1471.280783523626,6552.305194725052,265.2302056705254,955321.4944588866,1406.1478903170657,6262.237792714452,253.48859193197077,True,True,True,PeMS,D12_I5_S,False,3
PeMS::D12_I5_S::L5S-017,2025-10-01,14,15700.51304347826,0.0,942354.0111306896,1380.7155717079102,6163.6621739142565,250.81651506375357,954771.396155786,1405.3381947613198,6258.631837647634,253.34262678297546,899872.4838651377,1324.5319006017583,5898.763410820136,238.77554328713552,True,True,True,PeMS,D12_I5_S,False,3
PeMS::D12_I5_S::L5S-022,2025-10-01,14,14758.69267812388,0.0,123836.41314179369,172.58435867278527,813.3873192328936,34.4861764690468,123489.2200096138,171.31673129462015,787.1369801107055,34.0329553409727,123132.0648222283,181.23939865734056,807.1442695440245,32.672324358348334,True,True,True,PeMS,D12_I5_S,False,3
PeMS::D12_I5_S::L5S-028,2025-10-01,14,15637.731746031746,3521.4175324675325,815533.5122933539,1096.7660582547876,5698.416412841994,237.58500705609222,828664.8527939057,1138.9383365237077,6297.517975501516,250.69628155766048,602892.4577532611,844.3004428071674,4100.167365339827,167.65963680568865,False,True,False,PeMS,D12_I5_S,False,3
PeMS::D12_I5_S::L5S-033,2025-10-01,14,14639.65545356999,4295.219516170104,1780877.7852581046,2246.315408240884,12801.540214515077,541.6817268315286,1716570.8953380124,2111.199542512781,12009.59425314849,523.5917320351335,1446110.1748188883,1952.0526812495964,9976.053212157025,409.9887369781707,False,True,False,PeMS,D12_I5_S,False,3
PeMS::D12_I5_S::L5S-035,2025-10-01,14,18845.13436285936,3600.515151515152,1068631.3488443245,1488.3803828239527,7284.651392205689,303.1243070324049,1077067.9540816466,1493.1794014393254,6863.156155888466,296.9598295914267,1058360.9830766993,1474.5451286737184,7223.853279933422,295.677174506097,True,True,True,PeMS,D12_I5_S,False,3
PeMS::D12_I5_S::L5S-036,2025-10-01,14,20999.129836829838,7039.270512820513,1769004.0974561335,2133.7179740554757,12742.117941798999,548.2070881493573,1703239.3137812372,2007.9883783238663,11792.165917239676,529.7752061227312,0.0,0.0,0.0,0.0,False,True,False,PeMS,D12_I5_S,False,3
PeMS::D12_I5_S::L5S-041,2025-10-01,14,13229.217391304348,865.304347826087,97186.37766123858,135.21980280460815,640.9071239995708,27.136639527074117,104534.28192100076,149.27966444848397,675.4257069048069,28.293065788909605,97284.40475277828,142.28303906672676,640.840697228277,25.976236727732008,True,True,True,PeMS,D12_I5_S,False,3
PeMS::D12_I5_S::L5S-045,2025-10-01,14,14619.87641025641,0.0,1072634.4884558057,1483.051152527591,6826.3885724960965,296.21990477085893,1048463.0067254577,1435.12115099459,6641.5221543872,291.3026163766774,1134240.2226736487,1669.5002734432337,7435.069795500618,300.9635589964441,True,True,True,PeMS,D12_I5_S,False,3
PeMS::D12_I5_S::L5S-048,2025-10-01,14,10337.286956521737,0.0,971022.8246217702,1384.96674394491,6270.423388364557,263.0210093108037,1057699.3358069167,1556.838926226698,6933.335837660356,280.6539127154693,987756.4459010265,1453.8892410638477,6474.852477827211,262.095003719143,True,True,True,PeMS,D12_I5_S,False,3
PeMS::D12_I5_S::L5S-049,2025-10-01,14,13450.631752305666,1066.3333333333333,519843.2179280232,683.6696720985491,3398.157305542667,150.17049179273974,526540.6500706113,694.0220679507363,3278.280254180013,149.52759673158639,593720.3814709034,865.828564292102,3919.654625633434,158.9798344875177,True,True,True,PeMS,D12_I5_S,False,3
PeMS::D12_I5_S::L5S-051,2025-10-01,14,16083.373913043477,0.0,6060875.542881805,8895.638255584752,39675.31650550982,1611.2963044259836,6110638.411271984,8994.313809894407,40055.908946500575,1621.419737400677,5726836.486160439,8429.391665437777,37540.04498416877,1519.580293672457,True,True,True,PeMS,D12_I5_S,False,3
PeMS::D12_I5_S::L5S-052,2025-10-01,14,13685.888198757762,0.0,2531647.691690746,3680.3640625992384,16496.848822959764,677.3294029702805,2621656.9662676863,3858.8448324827214,17185.250650090093,695.6403019951501,2429868.6125037484,3576.5495103353874,15928.056831978314,644.7504601706358,True,True,True,PeMS,D12_I5_S,False,3
PeMS::D12_I5_S::L5S-053,2025-10-01,14,14656.086956521738,0.0,1848862.0499848025,2633.030125964849,11930.562516444694,501.2854902381996,1809439.0598303832,2554.8576746597873,11629.050715790807,493.2655345684209,1890673.1207367938,2782.901918802833,12393.570896312402,501.67830406732315,True,True,True,PeMS,D12_I5_S,False,3
PeMS::D12_I5_S::L5S-054,2025-10-01,14,14471.242236024846,0.0,1574963.7529624023,2318.205935278723,10324.061159686386,417.90679514488113,1574963.7529624023,2318.205935278723,10324.061159686386,417.90679514488113,1551563.9538101011,2283.763521491636,10170.672894643247,411.69780458723915,True,True,True,PeMS,D12_I5_S,False,3
PeMS::D12_I5_S::L5S-055,2025-10-01,14,9838.8,0.0,175896.48133686246,246.91914899691665,1127.3861092050395,48.1250345465763,166024.92863988015,227.34469587990225,1051.8872792771624,46.11683033092503,185239.5832893976,272.65611708353396,1214.2659051533199,49.15216648055357,True,True,True,PeMS,D12_I5_S,False,3
PeMS::D12_I5_S::L5S-058,2025-10-01,14,19370.217391304344,0.0,3014091.4595851926,4436.473346094906,19757.702049406325,799.7703437806512,3014091.4595851926,4436.473346094906,19757.702049406325,799.770343780651,2913156.323151262,4287.905842925904,19096.06109433981,772.9878357354503,True,True,True,PeMS,D12_I5_S,False,3
PeMS::D12_I5_S::L5S-061,2025-10-01,14,17448.702916131486,5832.357142857142,725897.0661981169,926.2410754654908,5354.602413703967,221.4560531429311,685091.6082167822,839.9561641143003,4816.087820533647,209.5963250940381,569621.9432473405,737.6789557361025,4017.4509796104653,166.1436942558127,False,True,False,PeMS,D12_I5_S,False,3
PeMS::D12_I5_S::L5S-062,2025-10-01,14,13801.455335968378,1852.295652173913,753063.3104118125,1046.770739342292,5128.517429736866,211.3227821695885,761382.5825112584,1081.5773055045538,5803.9851947376155,224.92635294221836,745046.6770368349,1066.0942002156985,4969.823723398803,202.24081325778945,True,True,True,PeMS,D12_I5_S,False,3
PeMS::D12_I5_S::L5S-063,2025-10-01,14,13587.126144688644,0.0,1577101.5969023546,2293.899618392068,10279.35444499884,421.8001047103665,1630825.239810533,2400.429053189375,10690.239368934916,432.7292917876261,1571445.0253655422,2313.0266826233346,10300.995512082794,416.97312275386537,True,True,True,PeMS,D12_I5_S,False,3
PeMS::D12_I5_S::L5S-065,2025-10-01,14,16472.71304347826,0.0,1058968.3203481878,1410.752295988127,6709.703700012215,300.62753990266003,1039777.0179210808,1370.5080435640914,6473.727082882849,295.2770286693439,1155580.7156973898,1700.91157258987,7574.959081676605,306.62612553461906,True,True,True,PeMS,D12_I5_S,False,3
PeMS::D12_I5_S::L5S-066,2025-10-01,14,15393.534113060428,3609.298245614035,1980800.1808369765,2524.743532646202,13831.825196510741,590.2216685636165,1837154.681958204,2224.751197023525,13156.764148817749,568.6645568122931,1971489.6942741915,2671.52233032127,13571.483100881756,557.4097770540943,True,True,True,PeMS,D12_I5_S,False,3
PeMS::D12_I5_S::L5S-067,2025-10-01,14,19367.669565217388,1410.747826086956,1695631.9515970044,2116.2881348390724,13074.122263224306,541.7542439600994,1748064.6774956502,2180.0183714938557,11967.176351265101,526.0198499154778,1611190.9142849836,2099.6476890074423,10151.799318485562,462.22017878256173,True,True,True,PeMS,D12_I5_S,False,3
PeMS::D12_I5_S::L5S-068,2025-10-01,14,11894.086561264823,1816.2086956521737,631076.8625176031,854.2921448015613,4317.431187013579,180.37033505564477,571514.0927662756,734.7952546931676,4054.5490803616062,170.32916535874358,663340.2475859044,943.4050934206721,4441.051618390062,180.92143701517952,True,True,True,PeMS,D12_I5_S,False,3
PeMS::D12_I5_S::L5S-069,2025-10-01,14,15957.815217391306,0.0,1060874.338283572,1491.0474777486124,6803.428086347452,290.033471864905,998895.6028632701,1368.1488935058915,6329.407215641598,277.42492267589705,1120874.3701006332,1649.8269325764716,7347.455157287128,297.41701349489745,True,True,True,PeMS,D12_I5_S,False,3
PeMS::D12_I5_S::L5S-071,2025-10-01,14,11751.747826086956,0.0,1175320.5279008062,1707.02085231644,7655.275588465844,314.64395742785774,1220224.1497510723,1796.0609321977815,7998.703923732221,323.7788570192139,1156237.9287397182,1701.8789314720048,7579.267185676574,306.80051291066513,True,True,True,PeMS,D12_I5_S,False,3
PeMS::D12_I5_S::L5S-077,2025-10-01,14,10382.46956521739,0.0,779652.3873185808,1097.5018866661098,5003.595967776059,212.9428953065023,731431.0223692209,1001.8830031516419,4634.793131691849,203.1330557252006,812768.9064715762,1196.323216612709,5327.789851240017,215.66315304594474,True,True,True,PeMS,D12_I5_S,False,3
PeMS::D12_I5_S::L5S-079,2025-10-01,14,15429.856113741333,0.0,2202985.5765721677,3125.421922386477,14190.180454462818,598.7448140891071,2255102.0550436648,3228.764486193694,14588.773590248056,609.3470501287682,2178216.2776218704,3206.1397562997054,14278.448013101319,577.9760848471408,True,True,True,PeMS,D12_I5_S,False,3
PeMS::D12_I5_S::L5S-083,2025-10-01,14,15132.414031620552,1496.2173913043482,178378.54026537965,251.14231865456986,1197.2166161684067,49.46342191567589,186177.34674615532,265.6777568700577,1202.5343275198984,50.413682181084305,174526.2895002556,253.21153119291958,1156.6715574348505,46.964863058560915,True,True,True,PeMS,D12_I5_S,False,3
PeMS::D12_I5_S::L5S-084,2025-10-01,14,16363.899206349206,2346.468253968253,1295026.1362799956,1764.1565009106112,8851.916145388903,370.62221294275514,1364319.530269193,1889.380672603948,8689.210202716306,376.40383377546453,1338085.3271817642,1910.7484877211136,8973.36284298927,365.5362329024359,True,True,True,PeMS,D12_I5_S,False,3
PeMS::D12_I5_S::L5S-085,2025-10-01,14,16828.805533596835,0.0,2076384.793499336,2853.9746917837083,13178.269479134218,575.4625618061293,2066371.719282019,2834.1196134753095,13101.688275488359,573.4255673765709,2395190.8617898608,3525.5069594348724,15700.740350200795,635.5489356044894,True,True,True,PeMS,D12_I5_S,False,3
PeMS::D12_I5_S::L5S-086,2025-10-01,14,18833.282114624504,8538.32608695652,1626049.0522606329,1876.5910188945095,12354.688329994133,525.9267909985059,1513264.1793852504,1659.8717117051724,11580.609007718776,500.53747005316234,462958.6214819428,452.0401285373499,3823.141015673155,163.74700525133582,False,True,False,PeMS,D12_I5_S,False,3
PeMS::D12_I5_S::L5S-091,2025-10-01,14,14008.737835081583,2469.004807692308,450148.61177192954,601.2267704291719,3077.9549605750067,130.59353720220057,416213.85172710323,542.8075373203137,3099.4426028349085,129.43940425368308,476793.9469477577,669.0114152934724,3217.697175359781,131.3948817691912,True,True,True,PeMS,D12_I5_S,False,3
PeMS::D12_I5_S::L5S-093,2025-10-01,14,19146.364389866405,2979.3639520202014,2535747.7961422815,3390.4754548551055,17252.20286944786,733.2031779308483,2498529.3603444477,3293.2585798823748,15556.0249059741,709.5351338315701,1925956.4664459564,2834.8358514318365,12624.857120096658,511.0405194831195,False,True,False,PeMS,D12_I5_S,False,3
PeMS::D12_I5_S::L5S-095,2025-10-01,14,13454.138339920948,0.0,850024.258852995,1193.2006154368514,5448.031376699927,232.5706140399464,899539.7634606408,1291.3856683114577,5826.731949539744,242.64372494210176,868381.4727204579,1278.1799456401206,5692.336358498126,230.4196001623549,True,True,True,PeMS,D12_I5_S,False,3
PeMS::D12_I5_S::L5S-096,2025-10-01,14,11820.038919413919,582.1547619047619,1058105.0324640402,1475.44671193148,6892.009566233321,293.3557324169932,1016213.5432500967,1388.9756895695168,6432.952904012096,282.58515189505454,1066628.7158361296,1564.2507263426144,7011.5671605730295,284.0452590297974,True,True,True,PeMS,D12_I5_S,False,3
PeMS::D12_I5_S::L5S-101,2025-10-01,14,10424.934782608696,0.0,167350.33021385132,244.04878609207913,1092.131749172777,44.68110531092132,171804.20092161995,252.88043457075375,1126.1954914642374,45.587171682226895,159447.63536060273,234.69267401478456,1045.1968409647159,42.308434185640465,True,True,True,PeMS,D12_I5_S,False,3
PeMS::D12_I5_S::L5S-107,2025-10-01,14,12793.832915622388,6092.658730158731,2268987.8480603443,2667.5838110827794,17494.66683894255,722.1897828724827,2266190.631375649,2656.461475998231,15765.872547482772,707.8317341027889,633960.3134632799,673.7315386666343,4885.623801133701,206.8315946061452,False,True,False,PeMS,D12_I5_S,False,3
PeMS::D12_I5_S::L5S-121,2025-10-01,14,12522.333333333332,0.0,996453.3012987893,1412.11892446973,6415.136308705876,271.0141952852807,918803.1537089314,1258.1452568833163,5821.258580782347,255.21755634482662,1044490.4205795352,1537.396583111745,6846.749941061723,277.1490095584078,True,True,True,PeMS,D12_I5_S,False,3
PeMS::D12_I5_S::L5S-122,2025-10-01,14,14690.408695652173,0.0,3156510.159235683,4504.442013543864,20388.271711152465,854.7228098570939,3211135.432881324,4612.759305747305,20806.05241610649,865.8354188035888,3270689.3898913627,4814.1625747499365,21439.729791915957,867.8570019614259,True,True,True,PeMS,D12_I5_S,False,3
PeMS::D12_I5_S::L5S-123,2025-10-01,14,13952.547826086957,0.0,1160139.021772193,1627.808511878533,7434.124800028193,317.50524876465107,1093106.8176651355,1494.8893271362135,6921.454389109297,303.86865490709715,1238113.5089908505,1822.3924707427052,8115.970647205493,328.5256867624567,True,True,True,PeMS,D12_I5_S,False,3
PeMS::D12_I5_S::L5S-125,2025-10-01,14,12636.4,0.0,1681173.602504693,2372.167742608859,10801.315523175901,458.4914072690667,1561486.2964557924,2134.8379493259704,9885.93251897292,434.14300333046236,1772956.7530182814,2609.6339424375237,11621.927118773943,470.4430011107895,True,True,True,PeMS,D12_I5_S,False,3
PeMS::D12_I5_S::L5S-130,2025-10-01,14,14002.564705882352,0.0,1468092.6117286002,2115.474340044094,9526.343575401526,395.0528489191955,1556989.6931151967,2291.7497250069164,10206.239214386771,413.1374906244696,1480217.5168791506,2178.7479405024096,9702.989129213489,392.76647315390437,True,True,True,PeMS,D12_I5_S,False,3
PeMS::D12_I5_S::L5S-132,2025-10-01,14,11976.13725490196,0.0,382521.5755322001,551.9701780959942,2483.7985598520295,102.84057204269011,404179.70688977937,594.9164186596163,2649.442570081683,107.24656085017683,385424.83196442184,567.3109183516915,2526.502295800791,102.27007192549087,True,True,True,PeMS,D12_I5_S,False,3
PeMS::D12_I5_S::L5S-135,2025-10-01,14,17605.750988142292,1213.8347826086956,1060808.7119019816,1408.78469557309,6894.111665204883,303.9838555355654,1052458.9408976552,1387.223817376833,6552.685654597227,298.8784551961808,1161662.9358597207,1695.8023099603615,7663.157115013931,310.7473948921425,True,True,True,PeMS,D12_I5_S,False,3
PeMS::D12_I5_S::L5S-136,2025-10-01,14,13995.921212121211,2478.166666666667,790023.619511166,1011.4560139967746,5535.071905566789,234.13938099334007,679129.1773089366,797.1931825884681,4719.144210875259,211.90665558759875,772215.8829701118,1084.8512550899047,5207.671239845383,212.61079919364354,True,True,True,PeMS,D12_I5_S,False,3
PeMS::D12_I5_S::L5S-137,2025-10-01,14,18751.975815850816,5943.768162393163,920263.4616506408,1128.1484829958642,6578.961090654704,282.23064153376055,867099.3658839394,1025.9229056063602,5984.817827761681,268.98696626049536,970929.8846826546,1273.6445312911171,6927.149715413081,285.7004535659479,True,True,True,PeMS,D12_I5_S,False,3
PeMS::D12_I5_S::L5S-142,2025-10-01,14,21455.001976284584,8733.991304347825,1333744.1685437476,1622.4998870841368,10026.41633938481,420.87976624896237,1388224.271370848,1715.1679604548474,9644.269811878017,421.57779596819654,0.0,0.0,0.0,0.0,False,True,False,PeMS,D12_I5_S,False,3
PeMS::D12_I5_S::L5S-146,2025-10-01,14,13886.390943597464,0.0,935127.4230397047,1253.4980314958266,5866.931532518934,263.0232027106787,903651.4142065492,1191.083771234249,5626.199206951831,256.6199290240637,966456.0546203128,1422.5369681002117,6335.226063001023,256.44307792801806,True,True,True,PeMS,D12_I5_S,False,3
PeMS::D12_I5_S::L5S-147,2025-10-01,14,10391.992490118577,0.0,424715.3811443921,625.1430964815345,2784.0561804338186,112.69557375459591,424715.38114439213,625.1430964815345,2784.0561804338186,112.69557375459593,419859.6111746257,617.9958369061394,2752.226072565658,111.40712552065472,True,True,True,PeMS,D12_I5_S,False,3
PeMS::D12_I5_S::L5S-149,2025-10-01,14,15872.193469785572,1237.7719298245613,2133171.5065354845,3010.6612684303536,14189.349193413618,589.0510784487672,2213926.1455862424,3161.576896440374,14304.78599960091,599.2185133222522,2071283.820951668,3019.6513534963547,13677.4841514381,554.7899488173044,True,True,True,PeMS,D12_I5_S,False,3
PeMS::D12_I5_S::L5S-152,2025-10-01,14,10102.504347826087,0.0,875254.7591021312,1211.7196402269624,5573.597179703789,241.52101791472984,849333.5701871656,1160.3201175046274,5375.348789253761,236.2477805171683,939923.2479427757,1383.4830471424907,6161.300587978636,249.40276339128548,True,True,True,PeMS,D12_I5_S,False,3
PeMS::D12_I5_S::L5S-154,2025-10-01,14,14361.935317460317,0.0,690721.0035816072,970.0632335982677,4428.042537110924,188.9262667682304,719954.3663732228,1028.030516657201,4651.622834291407,194.87331118949263,675592.8442640702,994.4123085111971,4428.5856294213045,179.26434169558462,True,True,True,PeMS,D12_I5_S,False,3
PeMS::D12_I5_S::L5S-156,2025-10-01,14,16057.05036075036,1391.4785714285713,1273551.1789397437,1766.6077820380706,8411.6329843052,356.96619975313126,1152703.6906796135,1519.3542968289867,7176.816733083454,327.3460702185828,1271968.5041809508,1850.4263948624814,8412.809425607575,341.3956911861166,True,True,True,PeMS,D12_I5_S,False,3
PeMS::D12_I5_S::L5S-158,2025-10-01,14,14353.356432748536,2576.2147660818714,1278748.696315221,1711.900746947248,8706.03185530256,368.7855214493152,1293690.879962306,1775.0270050694103,9915.440913757171,393.5826720965087,1313475.8861393756,1854.936575071304,8879.370152923073,362.4992443312925,True,True,True,PeMS,D12_I5_S,False,3
PeMS::D12_I5_S::L5S-161,2025-10-01,14,17046.78,1908.06,2396808.5217959653,3025.6257470453565,16455.043716187585,720.4006637161697,2289670.0280214557,2813.080897243528,16045.086843052568,699.1080628754448,2848392.2296794136,4107.618569757624,18963.52294014315,770.9526036064857,True,True,True,PeMS,D12_I5_S,False,3
PeMS::D12_I5_S::L5S-165,2025-10-01,14,14478.130219780218,0.0,917414.5306954932,1262.9612476447453,5904.323391280808,255.58741343909406,906368.5371813315,1239.0503577109107,5738.0537088815645,252.01409336102762,955931.1888859752,1407.0453060429354,6266.234406948998,253.65037054024867,True,True,True,PeMS,D12_I5_S,False,3
PeMS::D12_I5_S::L5S-173,2025-10-01,14,13953.171645021645,2492.9122139765,1259326.8895713047,1691.42578488261,8619.7087499127,363.76658472377477,1230441.0120778624,1621.818212096552,7660.814930978619,349.4220008109735,1314671.8749470962,1874.5545282583198,8853.129273559283,359.9673619475558,True,True,True,PeMS,D12_I5_S,False,3
PeMS::D12_I5_S::L5S-174,2025-10-01,14,16520.97216261999,5930.831846414455,424223.0800437545,536.3409555559274,3105.896307157367,129.75660732015288,408261.4914081225,501.8169763658871,2858.938588584257,124.60056895850552,324307.0978419433,408.80018983016043,2318.767942596572,96.25726611172058,False,True,False,PeMS,D12_I5_S,False,3
PeMS::D12_I5_S::L5S-178,2025-10-01,14,13038.728260869564,0.0,1009198.5432778656,1419.3726396198983,6474.071773805397,275.7900813880907,946075.6945321895,1294.2053755316115,5991.30058589797,262.9487812556673,1069711.672068996,1574.5200120084742,7012.078027127993,283.84131111752515,True,True,True,PeMS,D12_I5_S,False,3
PeMS::D12_I5_S::L5S-179,2025-10-01,14,10199.02608695652,0.0,799642.7483511034,1132.0645325427936,5145.626214646984,217.6246480812639,738179.4385856336,1010.1879937295528,4675.547381738948,205.12095372154806,837959.3214395209,1233.401256904737,5492.915800505689,222.34727232667257,True,True,True,PeMS,D12_I5_S,False,3
PeMS::D12_I5_S::L5S-181,2025-10-01,14,13253.124269005846,3312.842105263158,1665574.1319217503,2029.6504947553199,12063.157183531068,510.77674624745947,1459525.9025615342,1620.4464624257016,10257.200591065339,461.4008377932148,1614058.6140352238,2221.6778716996428,11064.062917589688,452.2355107859355,True,True,True,PeMS,D12_I5_S,False,3
PeMS::D12_I5_S::L5S-185,2025-10-01,14,17903.57470355731,8703.225296442688,959078.7501807488,1034.341424169285,7394.066209171982,317.8741201005457,902104.5158373321,918.7982529900919,7053.314004575319,304.77032813753806,247137.0120426862,249.190741460717,2013.7825023948208,86.00607582278121,False,True,False,PeMS,D12_I5_S,False,3
PeMS::D12_I5_S::L5S-187,2025-10-01,14,16050.279999999997,3686.94,512070.27141578734,593.6214426933822,4266.540392687877,172.94830135174186,410352.3344799271,390.37495293285724,3869.3458898266517,152.44170833222995,300740.8365131933,379.230423458432,2189.401143955057,91.11066070151496,False,False,False,PeMS,D12_I5_S,False,3
PeMS::D12_I5_S::L5S-190,2025-10-01,14,13580.91304347826,0.0,2554311.886062494,3482.485453788143,16150.809228873455,711.3586592667335,2559458.1435702974,3492.690046662916,16190.168429221489,712.4055802870869,2795684.5327565963,4114.9978625304775,18326.02054814234,741.8174298442502,True,True,True,PeMS,D12_I5_S,False,3
PeMS::D12_I5_S::L5S-196,2025-10-01,14,18849.196491228067,2456.6631578947367,605994.5371423454,845.5255104614927,4097.394307840785,169.4472969283525,647383.6200466712,923.8703728961232,4181.597855354277,175.2951486508699,595139.07068492,852.9251773895849,3980.478381886808,162.02946448753104,True,True,True,PeMS,D12_I5_S,False,3
PeMS::D12_I5_S::L5S-197,2025-10-01,14,16658.476923076923,2385.876923076923,801112.9853118141,990.8365067802415,5849.506350372065,249.62756858155882,806672.1236256154,992.920759539166,5636.710264369178,245.861820583325,750228.1697832986,946.4327016352617,4834.639827764814,219.6139489500527,True,True,True,PeMS,D12_I5_S,False,3
PeMS::D12_I5_S::L5S-199,2025-10-01,14,16613.565217391304,0.0,1136079.2852627109,1571.727156448947,7232.203777534656,313.6251080980912,1110148.2392815398,1520.308087998982,7033.879999049145,308.3498654433513,1225667.00808352,1804.0723333918904,8034.382460588706,325.2230854834325,True,True,True,PeMS,D12_I5_S,False,3
PeMS::D12_I5_S::L5S-205,2025-10-01,14,13118.904545454545,0.0,231690.40207818063,335.07115506580175,1506.015699826638,62.19924520885312,243346.68959998712,358.1845862166874,1595.1643977278636,64.57052422226413,221351.8807622288,325.810192649149,1450.9859992031272,58.734339069480285,False,False,True,PeMS,D12_I5_S,False,3
PeMS::D12_I5_S::L5S-220,2025-10-01,14,12609.269762845848,1427.407608695652,108957.39488744226,151.48288208961606,732.3990814446032,30.446799620916167,117022.19701056104,166.91595454851876,755.6922708645299,31.696892232143504,113654.96037266211,164.00334728992746,754.2691512948578,30.646873302972722,True,True,True,PeMS,D12_I5_S,False,3
PeMS::D12_I5_S::L5S-223,2025-10-01,14,14005.156962181802,1704.5250472996215,902614.3227931542,1248.6005592054603,6026.796401405786,254.58839710102683,919296.7168866198,1274.804021072815,5858.572214713047,253.41825960754602,890027.6297711525,1279.9708873613965,5918.845700516153,240.6394970592939,True,True,True,PeMS,D12_I5_S,False,3
PeMS::D12_I5_S::L5S-226,2025-10-01,14,17136.787747035574,0.0,1142723.5009792843,1508.1432981203511,7118.836767802346,324.2764004674526,1139799.9586069486,1502.3461611491452,7096.4771618587565,323.68165409907687,1298116.8963172901,1910.7120961152525,8509.299471047512,344.44721082817784,True,True,True,PeMS,D12_I5_S,False,3
PeMS::D12_I5_S::L5S-239,2025-10-01,14,13877.110556110554,0.0,299137.238053911,435.198155304802,1949.957999013151,79.99270544545817,286579.5949377393,410.29741233324864,1853.9156244217006,77.43806053612703,288215.6711250775,424.2277183749543,1889.2855218277464,76.47622823309987,True,True,True,PeMS,D12_I5_S,False,3
PeMS::D12_I5_S::L5S-240,2025-10-01,14,13842.111989459814,1832.0797101449275,945882.8934235012,1277.6586260105346,6428.378398271825,271.085288054177,917916.1328663989,1243.7272435564169,6913.149744901618,279.3696940366901,1002251.4425708903,1434.1668396581613,6685.403437176717,272.05296719472074,True,True,True,PeMS,D12_I5_S,False,3
PeMS::D12_I5_S::L5S-249,2025-10-01,14,15338.506487956487,0.0,448883.66299664904,648.9603902292431,2917.335948831749,120.53279465481623,437290.8520795527,625.9728278105687,2828.672727686868,118.17442890734088,438270.4621595777,645.0949647092835,2872.9112319624996,116.29232984141404,True,True,True,PeMS,D12_I5_S,False,3
PeMS::D12_I5_S::L5S-252,2025-10-01,14,17281.33095238095,2467.7559163059163,6242133.93693556,8271.482764879522,44575.43380115792,1856.9662001763008,5894143.29894722,7678.792533370657,44601.169163770755,1848.7218683186798,6818570.897126542,9727.008779179003,45759.571888328144,1864.420646569164,True,True,True,PeMS,D12_I5_S,False,3
PeMS::D12_I5_S::L5S-260,2025-10-01,14,17588.51748251748,4131.2425213675215,1008869.0020090679,1284.447600953645,7079.379483157633,304.62625119502627,966339.6414856238,1195.4693583549338,6699.859769005259,293.09067923859294,1106955.9102786072,1488.6472522108788,7652.121819098786,314.66722271026543,True,True,True,PeMS,D12_I5_S,False,3
PeMS::D12_I5_S::L5S-262,2025-10-01,14,21217.161264822138,8686.347826086956,718022.8740623362,901.0324757920425,5553.729679942051,229.03076045883944,773624.0138963235,1009.740650090931,5689.560678487309,239.01073388871492,0.0,0.0,0.0,0.0,False,True,False,PeMS,D12_I5_S,False,3
PeMS::D12_I5_S::L5S-264,2025-10-01,14,9978.488801054018,3528.68115942029,354566.9707399743,421.537245512969,2629.7116650283588,111.31164809360885,343196.5997899482,400.0712947829231,2398.7844503726224,107.62887749969289,381514.13989342324,504.516887901505,2692.7574292405507,110.36110667920904,True,True,True,PeMS,D12_I5_S,False,3
PeMS::D12_I5_S::L5S-267,2025-10-01,14,11919.664426877469,2129.4695652173914,384642.47055043495,501.76801570567727,2643.222337423501,112.50339982015119,371571.54784076236,473.9484666966331,2662.4486153612697,111.57027030052197,414316.0089321034,582.6472292180032,2792.395560187447,113.98347569912929,True,True,True,PeMS,D12_I5_S,False,3
PeMS::D12_I5_S::L5S-272,2025-10-01,14,21887.828853754938,10320.817786561265,333760.74831486813,369.1576251859119,2579.024338773066,109.41991142863633,345698.3798410167,389.9139697949462,2405.9529702940868,108.3421221680108,0.0,0.0,0.0,0.0,False,True,False,PeMS,D12_I5_S,False,3
PeMS::D12_I5_S::L5S-277,2025-10-01,14,14637.725625823452,1366.9420289855072,489639.071974676,648.9897544368621,3267.784266770755,142.0769014538416,490767.5004629786,646.8702378603705,3055.5540316693623,139.36869810214256,546074.9531989396,793.323150870357,3615.498216113907,146.7610176241625,True,True,True,PeMS,D12_I5_S,False,3
PeMS::D12_I5_S::L5S-278,2025-10-01,14,13121.148550724638,0.0,484224.3877160358,673.934148431787,3091.1513278649245,133.18680182993936,499408.4355474055,704.042829560796,3207.280763631171,136.2757453631009,514824.4547620282,757.7756023979155,3374.731099346296,136.6054536475076,True,True,True,PeMS,D12_I5_S,False,3
PeMS::D12_I5_S::L5S-280,2025-10-01,14,20201.615942028984,1311.4855072463763,2997773.0392423654,4119.404651139627,19700.821602318618,841.4337415646506,2764655.181781382,3644.0333831268754,17212.94356064424,785.1098392267711,2184986.747623995,3216.1052832612186,14322.82919092226,579.7725867760839,False,True,False,PeMS,D12_I5_S,False,3
PeMS::D7_I10_E::L10E-002,2025-10-01,14,15481.95,8392.15,425682.00508218526,489.73264881563546,3402.1601247912554,140.42052094994875,430729.7991849656,515.0419220368099,3904.8958536567475,151.3356201673124,131780.52699558344,185.21583723692743,912.163258142439,36.75189070524514,False,True,False,PeMS,D7_I10_E,False,3
PeMS::D7_I10_E::L10E-028,2025-10-01,14,15200.271739130436,7243.380434782608,296181.14589249535,338.58565596995714,2276.316141888792,96.42569738194604,298336.93270764477,357.1257333929798,2711.9193082282814,104.91715781528859,82167.26882204352,120.94287878728775,538.6155122919964,21.80257159229229,False,True,False,PeMS,D7_I10_E,False,3
PeMS::D7_I10_E::L10E-069,2025-10-01,14,22986.125595238093,11935.197023809524,3980656.057073443,4203.767967590335,31609.059815029992,1357.147008977627,3764386.5751551455,3762.5168301109697,31625.693991880376,1328.046146596812,1200846.4951450163,1767.538755839725,7871.68125993573,318.6371173959309,False,True,False,PeMS,D7_I10_E,False,3
PeMS::D7_I10_E::L10E-073,2025-10-01,14,17410.57608695652,10623.521739130432,282026.75016517617,308.1259953704449,2295.477329780915,95.45460956535783,275140.12170982786,291.02741993345774,2338.6400651824456,95.2251086648515,80949.86165954547,112.8612050446241,565.3612191588855,22.76198469191852,False,True,False,PeMS,D7_I10_E,False,3
PeMS::D7_I10_E::L10E-100,2025-10-01,14,12789.309617918314,1772.130434782609,513191.4580588946,692.8044746473608,3429.322213432709,147.7851398491993,533729.9732180906,728.3719752736985,3376.2452114159146,148.55566550989434,535707.9646174584,779.5154118471917,3536.947177436259,143.48632087378883,True,True,True,PeMS,D7_I10_E,False,3
PeMS::D7_I10_E::L10E-106,2025-10-01,14,13932.343157894735,5275.623157894737,605810.3657856678,733.3131287664194,4550.899271275269,190.97926025809585,564385.209115414,676.1104687676093,5146.8806269979395,198.88505029763434,184676.26628430397,271.82696477942835,1210.573300036574,49.00269383154402,False,True,False,PeMS,D7_I10_E,False,3
PeMS::D7_I10_E::L10E-169,2025-10-01,14,16587.91304347826,9125.826086956522,2072174.1462091769,2085.239441439165,16546.1814133037,708.5863081642419,1980396.3400632322,1893.417648070384,17007.229471676845,700.950732300913,458063.9880209866,674.2292664008011,3002.659977719126,121.54441830491038,False,True,False,PeMS,D7_I10_E,False,3
PeMS::D7_I10_E::L10E-178,2025-10-01,14,15992.5,7299.7380952380945,1615921.4059977857,1816.497870955291,12611.271760567828,535.6760479585644,1463018.0872943038,1513.8861676127108,11945.087399913571,505.0698597063247,543275.1681262734,783.5603187487553,3650.074128548578,147.43577496915273,False,True,False,PeMS,D7_I10_E,False,3
PeMS::D7_I10_E::L10E-187,2025-10-01,14,15978.760869565216,8391.195652173912,1123937.9725731905,1158.1438867971003,8891.82978973466,379.9500952812572,1035275.3464226589,981.5577589428849,8885.291509200231,367.07564251979363,241572.6518853098,355.5733611952622,1583.5353847861568,64.09979439472843,False,True,False,PeMS,D7_I10_E,False,3
PeMS::D7_I10_E::L10E-214,2025-10-01,14,16125.891304347826,7837.076086956521,403760.7513946898,434.126011415926,3119.6021865379553,134.02003996504212,388759.46406652045,407.89787835412517,3269.418559988115,134.37401932803513,109168.89924963376,160.6868664198314,715.6141787193027,28.967285582983177,False,True,False,PeMS,D7_I10_E,False,3
PeMS::D7_I10_E::L10E-216,2025-10-01,14,14095.572727272725,6882.4181818181805,1111856.99624717,1123.7957181450408,8627.587300642766,374.81405037934746,1103481.462026681,1103.1399369981436,9330.299553763198,383.1892340107444,302663.5991033209,445.493777564345,1983.99328370326,80.309895685138,False,True,False,PeMS,D7_I10_E,False,3
PeMS::D7_I10_E::L10E-217,2025-10-01,14,16180.478260869566,9062.510869565218,513573.32254688285,518.9382549195079,4082.8891156374407,175.52218113039768,475211.8574665426,440.5272041292634,4051.564776387756,170.1688870817111,135206.05553729006,199.0112342856266,886.2906107530331,35.87608238442968,False,True,False,PeMS,D7_I10_E,False,3
PeMS::D7_I10_E::L10E-221,2025-10-01,14,17182.293478260868,11330.608695652172,563856.8175384619,547.6427916258427,4608.179322170997,197.25045511879193,579851.571896966,576.1200031171575,4889.351875959449,205.2437718939148,143902.53038722664,199.55199905438192,1010.9829569793478,40.68331132058006,False,True,False,PeMS,D7_I10_E,False,3
PeMS::D7_I10_E::L10E-222,2025-10-01,14,15292.684782608696,8789.923913043478,281018.30716715776,302.2692050091468,2226.296995270148,95.02564609591494,255920.13564734397,252.19263402722376,2169.633279072962,91.00489705684443,73834.6768430264,108.67804783757224,483.9944525702884,19.591570353278943,False,True,False,PeMS,D7_I10_E,False,3
PeMS::D7_I10_E::L10E-233,2025-10-01,14,20888.01818181818,13220.163636363637,2092692.7198528992,2318.8349726936076,17036.52778479409,704.1297800283108,2099330.1799913533,2304.9354748398036,18095.85138001508,717.1195359713898,535805.9676859729,788.6585149093482,3512.267231363378,142.17276705827277,False,True,False,PeMS,D7_I10_E,False,3
PeMS::D7_I10_E::L10E-258,2025-10-01,14,16008.278260869563,0.0,560189.7502262348,779.2303462638192,3575.170956596345,154.133421921827,537934.4719255801,735.1000138759423,3404.959894264444,149.60595343983942,570639.2014846883,839.9299230196917,3740.602921915729,151.41554808988238,True,True,True,PeMS,D7_I10_E,False,3
PeMS::D7_I10_E::L10E-303,2025-10-01,14,78120.26666666666,47546.84444444444,11278674.391727677,12357.935742281748,90259.66085147277,3791.7944835969893,11161984.77872238,11966.26187670642,93479.52036998142,3825.009634405167,0.0,0.0,0.0,0.0,False,True,False,PeMS,D7_I10_E,False,3
PeMS::D7_I10_E::L10E-304,2025-10-01,14,20231.57608695652,10731.576086956522,929109.6405978061,1078.723411411629,7495.416425964881,306.7819959592918,936852.852461014,1125.0720064768168,8467.007746128387,328.3504112239011,293780.52643454506,410.6423351902066,2045.9916471617792,82.39289670619522,False,True,False,PeMS,D7_I10_E,False,3
PeMS::D7_I10_E::L10E-308,2025-10-01,14,74415.69565217392,46137.043478260865,10546580.879085304,11220.212791009351,85023.3033651672,3600.30032511356,10210327.992932549,10486.119881392888,84003.70111531725,3543.1367055910814,0.0,0.0,0.0,0.0,False,True,False,PeMS,D7_I10_E,False,3
PeMS::D7_I10_E::L10E-311,2025-10-01,14,77521.65217391303,11639.217391304346,582376.4345476045,753.5753231032522,3979.8265536129766,173.18615030205135,538781.6294140031,665.7314311866362,3742.497420205452,163.60356424392685,466622.93347399903,686.8272694415567,3058.7648094354845,123.81548102451933,False,True,False,PeMS,D7_I10_E,False,3
PeMS::D7_I10_E::L10E-326,2025-10-01,14,16000.990476190476,5053.809523809523,2217898.242062911,2727.3495348460974,16378.741913155642,693.3154810217683,2013598.268555958,2410.090082902771,18365.797173055456,709.7457812193009,2422705.131623674,3273.8410471124926,16885.23093200019,694.9463523679367,True,True,True,PeMS,D7_I10_E,False,3
PeMS::D7_I10_E::L10E-331,2025-10-01,14,63836.09090909091,24199.181818181816,8833600.42873687,10283.115604168866,70647.68664335171,2940.16027524365,8076063.276278865,8611.30518531686,68043.19750770883,2778.6578520165285,2891376.968534928,4255.848578723373,18953.29502200665,767.2088200146653,False,True,False,PeMS,D7_I10_E,False,3
PeMS::D7_I10_E::L10E-333,2025-10-01,14,61568.76190476191,18548.28571428571,2621384.9378358806,3160.663127984294,19267.330136635534,826.4139301814197,2467644.0458779177,2943.341553099235,22465.000724964942,869.392383609229,827744.8355546285,1218.3664462561494,5425.958718609659,219.6369222934233,False,True,False,PeMS,D7_I10_E,False,3
PeMS::D7_I10_E::L10E-337,2025-10-01,14,73155.47826086957,24587.565217391304,10511996.664040366,12534.589595226214,76495.31072296461,3308.4767512475482,9456980.697309792,10911.365275052367,85053.2864955206,3376.0186390561375,3218422.592964336,4737.230519249397,21097.115171687037,853.9883338379992,False,True,False,PeMS,D7_I10_E,False,3
PeMS::D7_I10_E::L10E-349,2025-10-01,14,13873.535087719298,6995.184210526316,432310.9925536932,443.6575351024959,3382.437405050501,146.20955677734756,416968.74166688597,413.37793529343963,3518.024603736346,147.7374892654055,126982.92369218242,186.907518873731,832.3870742853702,33.69412570829735,False,True,False,PeMS,D7_I10_E,False,3
PeMS::D7_I10_E::L10E-351,2025-10-01,14,72709.02173913043,38080.47826086957,17575161.110475205,19381.345123725787,137770.4751511804,5846.864759412718,17040663.039042648,18063.280553236335,144504.95170281263,5888.497706864899,0.0,0.0,0.0,0.0,False,True,False,PeMS,D7_I10_E,False,3
PeMS::D7_I10_W::L10W-001,2025-10-01,14,15658.143956043956,1924.7274725274724,307113.0731270752,389.8305198698125,2178.9996992720953,93.53478309698568,294723.4251998676,363.1965858183887,2055.692706294199,89.72575663021688,358804.38122820586,516.2716863895189,2417.461322359081,97.62393202507054,True,True,True,PeMS,D7_I10_W,False,3
PeMS::D7_I10_W::L10W-068,2025-10-01,14,17377.021739130436,3768.923913043478,319034.71460930177,412.7287111972117,2266.2976456192932,95.91085447365076,312858.3857037496,399.0761375474352,2230.8887133985613,93.82086599219105,242583.7864004649,357.06166086564417,1590.1634830871467,64.36809262311243,False,True,False,PeMS,D7_I10_W,False,3
PeMS::D7_I10_W::L10W-071,2025-10-01,14,18738.293478260868,6022.61956521739,1404688.597531048,1642.6708159057025,9993.270785791097,442.1885699612194,1404566.0060881742,1644.128847622033,9783.20028778177,439.1600449171774,441294.4083101494,649.5459432800811,2892.733532598549,117.0947150658988,False,True,False,PeMS,D7_I10_W,False,3
PeMS::D7_I10_W::L10W-084,2025-10-01,14,17338.271739130432,6442.054347826086,744421.3208059417,843.3929132367579,5514.560527558914,239.15405781816773,779402.4538448278,913.1905273539792,5424.483843278942,243.5267577879379,240699.6359554918,354.2883597428222,1577.8126690500844,63.868145070320544,False,True,False,PeMS,D7_I10_W,False,3
PeMS::D7_I10_W::L10W-086,2025-10-01,14,16216.580952380951,3654.847619047618,944436.0674709613,1182.2612215898946,6656.191517306146,287.0374896387739,918944.6837522064,1129.4864958334283,6435.453680441514,280.4694992064598,803439.3377651023,1182.5909249912304,5266.63349907765,213.1876102590883,False,True,False,PeMS,D7_I10_W,False,3
PeMS::D7_I10_W::L10W-099,2025-10-01,14,16339.178571428569,4236.988095238095,503600.6700749749,620.8623906814754,3535.904874057434,153.8054729927382,499488.43622305506,612.4246321747519,3511.0893552673665,152.80658090205736,430964.5512145243,634.3413165166926,2825.0201796877536,114.35375200245214,False,True,False,PeMS,D7_I10_W,False,3
PeMS::D7_I10_W::L10W-107,2025-10-01,14,17254.402173913044,5570.923913043478,1257253.6199689927,1500.9241146866989,9189.056452619083,395.831182610077,1313006.1332048057,1594.5375916997177,9363.620291104662,405.3440026972432,432032.7470898554,635.913605411326,2832.0223215000337,114.63719110637246,False,True,False,PeMS,D7_I10_W,False,3
PeMS::D7_I10_W::L10W-109,2025-10-01,14,18476.40217391304,5866.489130434782,301042.5703947513,363.63592646492145,2200.6261541557787,94.22010395740065,311124.9698666643,380.6129528246174,2194.511034633469,95.38611214567382,103389.39600234931,152.17995398732842,677.7288973054675,27.43373049318567,False,True,False,PeMS,D7_I10_W,False,3
PeMS::D7_I10_W::L10W-116,2025-10-01,14,28211.178825522304,0.0,634578.1756241479,894.885372905402,4075.975277617911,173.12538559530338,659406.4910685793,944.1178200755451,4265.865239478504,178.17629595090207,634289.8205629017,933.6179476829499,4157.839752274112,168.3048423215311,True,True,True,PeMS,D7_I10_W,False,3
PeMS::D7_I10_W::L10W-124,2025-10-01,14,14118.965217391304,1583.2521739130434,34826.366498499214,48.52404656133814,234.7927655213621,9.78520657900976,37420.35678511758,53.399229565493265,241.7007284358695,10.132820076909487,34776.050532502544,50.28344998650179,232.95069612066857,9.411885105862796,True,True,True,PeMS,D7_I10_W,False,3
PeMS::D7_I10_W::L10W-147,2025-10-01,14,11530.478260869564,3095.159420289855,680753.2485076925,842.0876604208287,4847.21658904618,209.2918033552196,672312.2541578028,817.8667288788771,4782.3338662742535,207.21873293149008,738855.9161527164,1023.1081907842884,5079.85425368031,207.7241348150232,True,True,True,PeMS,D7_I10_W,False,3
PeMS::D7_I10_W::L10W-169,2025-10-01,14,18850.03260869565,5408.608695652174,711626.404088067,880.2620021924816,5077.387099766251,218.14414045687062,697777.9991579356,851.4247405083643,4940.953974952248,214.45239565948992,567383.0513017678,835.1371608586533,3719.2584982295557,150.55154897568354,False,True,False,PeMS,D7_I10_W,False,3
PeMS::D7_I10_W::L10W-190,2025-10-01,14,13801.489130434782,0.0,2977094.0794437286,4176.512619955338,19075.618689458308,814.8509483226009,3100086.5710497275,4420.396316328895,20016.280152877916,839.8717376268128,3171440.0697062803,4668.0764424864665,20789.13954834954,841.5218147288051,True,True,True,PeMS,D7_I10_W,False,3
PeMS::D7_I10_W::L10W-221,2025-10-01,14,20159.195652173912,5888.945652173913,928514.7630121392,1160.9268844731648,6645.657928520124,282.32295957642793,889146.2741226372,1082.2467003622953,6319.475666625917,273.907302862067,744136.0357766522,1095.30176268977,4877.893811863574,197.4518494653007,False,True,False,PeMS,D7_I10_W,False,3
PeMS::D7_I10_W::L10W-232,2025-10-01,14,16899.449675324675,4165.454545454546,988532.9313017859,1232.731588982081,7019.1710782764185,301.45355764732,961104.0493695678,1176.2283477335493,6775.039290402788,294.54818852773917,826995.6402749427,1217.263697738424,5421.047660895806,219.4381280051851,False,True,False,PeMS,D7_I10_W,False,3
PeMS::D7_I10_W::L10W-248,2025-10-01,14,16340.659090909088,4351.579545454546,823814.8187531474,1026.1298590959511,5851.303371485842,250.77484053063725,799297.0210599918,976.7542606989175,5647.086771688659,245.3053210690476,682153.3183563756,1004.068740254733,4471.590260885427,181.00512252142232,False,True,False,PeMS,D7_I10_W,False,3
PeMS::D7_I10_W::L10W-262,2025-10-01,14,20170.739130434784,6534.076086956521,1571058.9313573411,1855.9783132968596,12262.529445992915,510.12029597959264,1534510.9177816287,1837.1470794648762,13848.819398590706,537.6802530978558,535054.9278791065,787.5530514124052,3507.344082570357,141.9734833362675,False,True,False,PeMS,D7_I10_W,False,3
PeMS::D7_I10_W::L10W-291,2025-10-01,14,17413.83695652174,3663.75,499678.82479486713,644.6559930042649,3543.3267629703073,150.71099985923365,457676.3673571404,558.7316647623106,3238.374220445924,140.59426022653403,382449.80351035565,562.9319422597865,2507.0006560622164,101.48066670625005,False,True,False,PeMS,D7_I10_W,False,3
PeMS::D7_I10_W::L10W-292,2025-10-01,14,18794.297619047615,3775.773809523809,2155767.5414731996,2715.7173704844936,15367.220303207736,659.1565900504693,2075355.65247056,2543.8626843450775,14594.89505451021,635.0818233612076,1784125.888377241,2626.073911822451,11695.14203329488,473.406661419557,False,True,False,PeMS,D7_I10_W,False,3
PeMS::D7_I10_W::L10W-296,2025-10-01,14,16288.357499999998,11387.700833333332,1005037.0853451523,1019.6672962793539,8336.05791545025,350.83629380805036,970301.2825286322,938.2732557475139,8002.249262841036,339.37781993280606,0.0,0.0,0.0,0.0,False,True,False,PeMS,D7_I10_W,False,3
PeMS::D7_I10_W::L10W-297,2025-10-01,14,15824.782608695652,0.0,799623.5047706906,1118.7236643656402,5117.025276861201,219.23241045774603,752345.230651855,1024.9748501111808,4755.4353136052,209.61442711626157,812607.7795014201,1196.0860521079087,5326.733646174193,215.62039901075968,True,True,True,PeMS,D7_I10_W,False,3
PeMS::D7_I10_W::L10W-301,2025-10-01,14,18124.82608695652,5842.902173913044,758238.3929151035,895.0139910048454,5412.480326504183,237.71649111559873,743468.8330128064,867.6845571951394,5191.4512859719625,232.96112358848075,230278.8003728362,338.94982077464783,1509.5029421195366,61.10304143356192,False,True,False,PeMS,D7_I10_W,False,3
PeMS::D7_I10_W::L10W-302,2025-10-01,14,19115.108695652172,3146.010869565217,2359024.7260458097,3132.3531420901254,16694.66326368106,701.0174817493155,2344321.1054465547,3150.241253267821,18192.959902061535,728.6827380983418,2459652.599749336,3519.383244334492,16680.94922862686,673.2479032897231,True,True,True,PeMS,D7_I10_W,False,3
PeMS::D7_I10_W::L10W-312,2025-10-01,14,15576.313043478262,4613.069565217391,253478.32755703575,312.4557763657818,1813.9372089015892,77.85030564649989,248584.98989946273,302.3865985250857,1768.3956014132416,76.62233298309101,78298.57400252161,115.24850564661789,513.2557909334697,20.776037584522907,False,True,False,PeMS,D7_I10_W,False,3
PeMS::D7_I10_W::L10W-315,2025-10-01,14,18979.75,5483.108695652173,403031.5688449498,494.87841382701174,2892.0983384756255,124.3941245171708,401380.6709967543,489.38897624037736,2845.4311176441956,123.44788561808033,121630.95876670622,179.02990465416195,797.3043537394634,32.27401524192844,False,True,False,PeMS,D7_I10_W,False,3
PeMS::D7_I10_W::L10W-371,2025-10-01,14,15648.547826086955,3153.182608695652,584499.8155352159,738.3410666143193,4040.516258539585,175.81574302529265,559314.0667411829,688.0477881478328,3911.7936518941606,170.56701577282024,662245.2967653875,941.3154955656446,4525.771709759359,182.54299411571245,True,True,True,PeMS,D7_I10_W,False,3
PeMS::D7_I10_W::L10W-377,2025-10-01,14,47419.058823529405,10078.235294117645,85090.18126295447,105.21404372592147,620.1292455959424,26.460929935815756,86470.97770577094,107.11717120205455,598.274859755914,26.192521479668397,30637.86170187397,45.096195203184735,200.83456360008756,8.129565248621885,False,True,False,PeMS,D7_I10_W,False,3
PeMS::D7_I10_W::L10W-383,2025-10-01,14,85941.0,25297.043478260868,27877075.843918998,34815.958045115665,197610.6720474318,8475.978684721093,27124758.71479591,33278.24829060525,190491.10807737533,8293.286737722286,22784726.691845104,33537.08207658019,149356.39720653504,6045.78492179961,False,True,False,PeMS,D7_I10_W,False,3
PeMS::D7_I10_W::L10W-385,2025-10-01,14,87416.59090909091,5487.772727272728,37678562.987744704,49556.635461926766,246784.24578349479,10924.880192251265,38241296.123919,50405.041687625795,238093.08162718738,10859.805609583447,27977717.268910274,41180.700258240235,183397.0233596474,7423.712537718959,False,True,False,PeMS,D7_I10_W,False,3
PeMS::D7_I10_W::L10W-388,2025-10-01,14,16007.323214285716,3590.2041666666664,794850.8635752932,988.2603860742629,5628.911396433994,242.85379870530045,782086.7809697643,960.7085144167115,5481.952984317257,238.8339568994026,679574.6997256508,1000.2732440070749,4454.687131273056,180.32090217296027,False,True,False,PeMS,D7_I10_W,False,3
PeMS::D7_I10_W::L10W-395,2025-10-01,14,64423.04761904762,15895.285714285714,8507673.264757983,10481.983338533151,60381.32383621959,2612.6198636438307,8430429.019234177,10310.372708709812,59489.505058211755,2585.3419092652944,7189589.053656164,10582.432760786545,47128.5494433407,1907.7125515877776,False,True,False,PeMS,D7_I10_W,False,3
PeMS::D7_I210_E::L210E-008,2025-10-01,14,15978.599999999999,8622.417391304349,1127542.8199171857,1118.695572894581,8941.74388019624,384.21393419924607,1044286.423932604,974.7040154646894,8601.822756517311,369.0329048517959,296368.7055709932,436.2282566778219,1942.729562110159,78.63958500216182,False,True,False,PeMS,D7_I210_E,False,3
PeMS::D7_I210_E::L210E-009,2025-10-01,14,18527.130434782608,9539.380434782608,1560319.6719288672,1580.7536549089527,12222.69125735314,529.8620391179112,1469666.2794319806,1397.0742983851042,12376.116804690637,520.5616821427137,489809.40937211417,720.9556904570279,3210.754717012392,129.96786758900976,False,True,False,PeMS,D7_I210_E,False,3
PeMS::D7_I210_E::L210E-035,2025-10-01,14,13780.454545454544,0.0,1297435.2447134706,1778.2900526819183,8485.71709496333,365.4939675966079,1298975.117873175,1774.556381958927,8220.993695884352,361.3237956198221,1380705.620666096,2032.2753197846105,9050.67767081482,366.3616130122244,True,True,True,PeMS,D7_I210_E,False,3
PeMS::D7_I210_E::L210E-042,2025-10-01,14,12572.304347826086,4306.445652173913,152668.71299900045,182.58065159959807,1224.7826224724736,50.19469471207371,161286.40714784406,206.99321853357566,1494.6992180353627,56.65655187437392,182981.01058414154,257.6338801346811,1239.66460721095,50.638739878443815,True,True,True,PeMS,D7_I210_E,False,3
PeMS::D7_I210_E::L210E-046,2025-10-01,14,14250.225,938.225,1222800.08618396,1594.7647147063803,7917.718676051282,354.14418328113175,1257356.2622383067,1657.2946327171785,7828.391229457127,357.0654233489693,1449355.3010047257,2118.237075951689,9583.965535932595,387.6530045417675,True,True,True,PeMS,D7_I210_E,False,3
PeMS::D7_I210_E::L210E-051,2025-10-01,14,13373.521739130436,0.0,980237.4757971838,1355.4078572173353,6238.59080601976,270.69046802260345,956675.3634660394,1308.6861836041455,6058.384918837046,265.89714575958016,1079697.4235349193,1589.2181460277363,7077.53572967239,286.4909679013006,True,True,True,PeMS,D7_I210_E,False,3
PeMS::D7_I210_E::L210E-052,2025-10-01,14,12942.369047619046,0.0,894129.9300567682,1187.4163048788068,5585.917146716855,252.83984444566508,880769.3523625248,1160.9234106280228,5483.733831281156,250.1218557692416,1088409.232241934,1602.0411501214035,7134.642596883483,288.8025919306256,True,True,True,PeMS,D7_I210_E,False,3
PeMS::D7_I210_E::L210E-065,2025-10-01,14,14416.702380952382,2702.607142857142,398171.4432855966,498.1496192410398,2714.1962803659417,119.61015312555682,382192.61961420375,465.0601334972437,2717.558387549041,117.76918609335038,467834.83893775695,660.9472835407762,3161.785899171077,129.06986400121397,True,True,True,PeMS,D7_I210_E,False,3
PeMS::D7_I210_E::L210E-070,2025-10-01,14,19515.875,3473.8977272727266,3568038.0332850115,4480.708035376305,24504.63313228862,1073.7987524231412,3431579.217028616,4212.844572851124,24074.91942552236,1048.5279938451686,4141452.5850536274,5854.267541964811,28481.45253085468,1148.1654373466345,True,True,True,PeMS,D7_I210_E,False,3
PeMS::D7_I210_E::L210E-128,2025-10-01,14,12493.376470588233,4430.823529411764,741962.1519094183,827.6517676588237,5488.976220241528,240.18903022636692,720322.2074831002,822.1845933608788,6568.05261524355,259.82978478482454,700286.4862444636,849.039860189955,4645.465835776338,210.31456217870578,True,True,True,PeMS,D7_I210_E,False,3
PeMS::D7_I210_E::L210E-136,2025-10-01,14,21337.26695402299,0.0,3056611.0294874017,4031.8254591734267,19037.037197959784,867.6598035582097,3052141.866505377,4022.963487409786,19002.856498503756,866.7506262264938,3443303.077939988,5068.2345020511275,22571.23156080497,913.6589659970143,True,True,True,PeMS,D7_I210_E,False,3
PeMS::D7_I210_E::L210E-139,2025-10-01,14,16145.695652173914,8033.967391304348,713282.4597761624,717.8688173495442,5505.4638293408525,240.7603805532135,658644.8553714937,608.9795044987628,5600.26163421511,235.73332307447893,194539.3222938864,286.3445020487107,1275.2267203281915,51.619794142294765,False,True,False,PeMS,D7_I210_E,False,3
PeMS::D7_I210_E::L210E-141,2025-10-01,14,17566.837499999998,9235.5875,1348079.110447687,1467.5437513785428,10682.144497918183,454.01137449492177,1323093.3065617327,1397.3824526634075,11264.473532412567,458.4216871361764,414647.0289793468,610.3233816128065,2718.0570211936947,110.02399939120512,False,True,False,PeMS,D7_I210_E,False,3
PeMS::D7_I210_E::L210E-145,2025-10-01,14,18548.460869565217,6902.234782608696,1592614.3659357487,1962.567870416794,11794.429826760093,494.52475968277724,1553271.3071777534,1955.0072748998768,14133.359131862162,532.7447796353013,476696.3886822388,701.654495533955,3124.797419686745,126.48840944854985,False,True,False,PeMS,D7_I210_E,False,3
PeMS::D7_I210_E::L210E-168,2025-10-01,14,10923.565217391304,0.0,683948.1411579197,924.3117340846411,4464.906221731222,194.66004882350745,655781.5299075908,864.3717316969345,4082.9433402031027,186.22956486815426,719931.3643629903,1059.6746488421784,4719.2295203491,191.02929108007305,True,True,True,PeMS,D7_I210_E,False,3
PeMS::D7_I210_E::L210E-170,2025-10-01,14,17784.40869565217,7564.191304347827,839951.1215413676,973.2875987621851,6268.390097772164,269.0061756109126,813467.0333975131,912.7485027379877,6903.663778495116,273.8771118753557,246483.38684265944,362.8015243217442,1615.725794211978,65.4028272448317,False,True,False,PeMS,D7_I210_E,False,3
PeMS::D7_I210_E::L210E-172,2025-10-01,14,12786.097826086956,0.0,918040.8394120799,1255.4813289750878,5812.963553152724,255.20208472577212,849706.5049542196,1119.980130005987,5290.334291694615,241.30059397306118,1053438.959287452,1550.5680326170086,6905.408599546138,279.52344841493476,True,True,True,PeMS,D7_I210_E,False,3
PeMS::D7_I210_E::L210E-173,2025-10-01,14,12711.760869565216,0.0,1106423.4222242078,1524.3433530062048,7029.821594748924,306.2083808604046,1087065.107654663,1485.9574543945498,6881.76686169531,302.27025176159043,1227390.610491091,1806.6093221472036,8045.680864528018,325.6804326172297,True,True,True,PeMS,D7_I210_E,False,3
PeMS::D7_I210_E::L210E-203,2025-10-01,14,10276.108695652174,0.0,495159.5636864493,678.3857550568964,3137.9267504798727,137.49909968058998,493003.9547943218,674.1113651516011,3121.440392747364,137.06057668452786,556093.7359784193,818.5202973031628,3645.2557907831088,147.55599966396986,True,True,True,PeMS,D7_I210_E,False,3
PeMS::D7_I210_E::L210E-206,2025-10-01,14,6659.9416666666675,0.0,677156.3559547116,956.0770116636404,4351.915081792929,184.60250403814595,702195.1502649593,1005.726820602242,4543.414811496684,189.6962328396987,726886.5660735829,1069.9120843744113,4764.821634899705,192.87481041408486,True,True,True,PeMS,D7_I210_E,False,3
PeMS::D7_I210_E::L210E-220,2025-10-01,14,20401.03260869565,7483.66304347826,2770135.564898013,3351.702842771346,21587.101927932996,891.9478066781505,2934148.7190557346,3625.6547278251073,20379.93647495488,890.9320648689228,926736.5315672348,1364.0733787541758,6074.8602073029215,245.9037505609131,False,True,False,PeMS,D7_I210_E,False,3
PeMS::D7_I210_E::L210E-224,2025-10-01,14,18796.804347826088,9612.369565217392,1417489.1903827402,1783.905404095729,11377.883049339662,459.45667447093285,1519514.7978055165,1980.1332993472452,11451.35467044025,475.5649895966526,406555.4026275919,598.4132305382733,2665.015517743398,107.87693687639404,False,True,False,PeMS,D7_I210_E,False,3
PeMS::D7_I210_E::L210E-231,2025-10-01,14,15457.171428571428,7558.476190476191,1777036.033470037,1997.8182926737713,13737.715341093939,584.752060231479,1667724.3594191414,1763.641874891086,14178.67726998058,577.2849698487495,548944.5382760522,807.9973170028638,3598.392011103673,145.6590047051756,False,True,False,PeMS,D7_I210_E,False,3
PeMS::D7_I210_E::L210E-237,2025-10-01,14,18712.113636363632,7067.170454545455,2385170.6874895734,2803.3096291585043,18086.508816840487,767.5669538467678,2117599.1577146896,2254.967448433653,17867.383174975184,729.2931595599226,790263.3907588007,1163.1971081522877,5180.263712805437,209.69145501358165,False,True,False,PeMS,D7_I210_E,False,3
PeMS::D7_I210_E::L210E-243,2025-10-01,14,12801.978260869564,0.0,1965114.9372704471,2678.7156674966263,12424.328773270658,547.3286170268681,1986423.9887327575,2720.9697121865315,12587.302978206944,551.6635913000868,2212530.846653976,3256.647736211709,14503.383798886476,587.0812414223393,True,True,True,PeMS,D7_I210_E,False,3
PeMS::D7_I210_E::L210E-245,2025-10-01,14,16924.613636363636,7741.545454545455,1444280.6605393495,1504.8348719172413,10987.801743744958,480.11406251035544,1292940.54914899,1206.926734882444,10960.425244199485,461.16899065330676,396352.8816383459,583.3960311471199,2598.136867058366,105.16976165347576,False,True,False,PeMS,D7_I210_E,False,3
PeMS::D7_I210_E::L210E-260,2025-10-01,14,14932.261363636364,0.0,103091.86294354737,137.79895324966643,645.9551039054866,29.044039978112846,100210.32104848072,132.08509966846265,623.9167226959942,28.457837912553543,116044.77787083044,170.80754545129017,760.6863216675405,30.791757030649627,True,True,True,PeMS,D7_I210_E,False,3
PeMS::D7_I210_E::L210E-304,2025-10-01,14,19399.919762845846,4261.843478260869,198315.6572748308,274.21502341237516,1443.8842804445603,58.41324829920042,199499.914792993,271.8991525635091,1261.2285383068574,55.570781199966916,198243.69130689744,282.0527573688422,1332.998978987924,54.34024939510252,True,True,True,PeMS,D7_I210_E,False,3
PeMS::D7_I210_E::L210E-314,2025-10-01,14,12719.033333333331,5237.458333333332,652153.9459117951,770.271642279394,4928.494754645002,208.35439627456122,630489.5691718021,755.4640645258122,5757.248067226665,222.3338525020605,780174.8773178277,974.4115655764476,5603.580983874221,232.90646001845693,True,True,True,PeMS,D7_I210_E,False,3
PeMS::D7_I210_E::L210E-319,2025-10-01,14,18861.829545454544,7865.5,366027.0867506519,383.4744705954601,2794.9214320333003,121.89016906877482,328841.9537573233,310.11195802718873,2766.259396772737,116.64638892244619,111394.9185379032,163.96336793702812,730.2059807411007,29.557945898143824,False,True,False,PeMS,D7_I210_E,False,3
PeMS::D7_I210_W::L210W-001,2025-10-01,14,16669.123809523808,6036.567532467533,1094284.737300821,1320.7758330641113,8032.591540891026,343.2696261045026,1069169.4529333448,1291.8818447260041,8846.550035188917,356.7324373578764,354264.40960187936,454.8921750237752,2550.9776786452444,105.86917224778162,False,True,False,PeMS,D7_I210_W,False,3
PeMS::D7_I210_W::L210W-004,2025-10-01,14,13134.75,0.0,1182983.1906243046,1567.9150678704752,7383.840974986577,334.89689310628967,1169972.4672625482,1542.1159051368365,7284.333387833833,332.2500765105845,1311849.2524702237,1930.9248975078008,8599.316580662138,348.0910057655953,True,True,True,PeMS,D7_I210_W,False,3
PeMS::D7_I210_W::L210W-022,2025-10-01,14,12739.673913043478,1185.8043478260868,91371.12832582396,122.61230766178466,636.3454977049879,26.799849190121428,95248.78446936549,128.888227446571,600.1759518862411,26.6438586017119,63138.598645294216,92.9343763304985,413.8804799315724,16.753432807684263,False,True,False,PeMS,D7_I210_W,False,3
PeMS::D7_I210_W::L210W-028,2025-10-01,14,10598.321739130435,879.8260869565217,90056.37155435901,115.74969855005801,609.8780582567199,26.78295440395717,96095.38130405504,126.66128482997675,598.2968095715617,27.289272768349107,100598.29492132246,146.82377486970546,662.9445347505921,26.878894287014383,True,True,True,PeMS,D7_I210_W,False,3
PeMS::D7_I210_W::L210W-038,2025-10-01,14,13441.271739130432,0.0,712440.4163676702,963.2880331305452,4487.543906749051,199.38339835676064,723153.4352524298,984.5310424461436,4569.47837193626,201.56278495855656,793443.607852126,1167.8781035893917,5201.110386711941,210.53530575670936,True,True,True,PeMS,D7_I210_W,False,3
PeMS::D7_I210_W::L210W-052,2025-10-01,14,13752.184782608692,0.0,207744.108603706,280.22736935321836,1307.1282453924373,58.219499422341755,209612.3484192653,283.9319307128699,1321.4167696427833,58.59956193009706,224999.58175472415,331.1792826202796,1474.8970816441906,59.70223374550265,True,True,True,PeMS,D7_I210_W,False,3
PeMS::D7_I210_W::L210W-053,2025-10-01,14,13928.9,0.0,10229276.84457793,13805.930087513916,64378.96380585029,2865.7962201272408,10307475.724042282,13960.991843943164,64977.03830157114,2881.704489496812,11060558.563623842,16280.154042569126,72503.18164869634,2934.850134259981,True,True,True,PeMS,D7_I210_W,False,3
PeMS::D7_I210_W::L210W-054,2025-10-01,14,10285.445652173912,0.0,1251626.3174592222,1678.520652960774,8183.902491911202,358.6273125807808,1290593.9031486006,1747.2504514947777,8134.034909374101,360.9135119656071,1313917.8455363219,1933.969681690602,8612.876436429444,348.63989401593506,True,True,True,PeMS,D7_I210_W,False,3
PeMS::D7_I210_W::L210W-106,2025-10-01,14,6421.771739130434,0.0,164734.70806302712,226.29272901564627,1045.2416893482264,45.671846030870896,162661.69438470056,222.18211842550704,1029.3870298085994,45.250125665726046,177756.22308247664,261.641279430996,1165.2116533898131,47.16650358824462,True,True,True,PeMS,D7_I210_W,False,3
PeMS::D7_I210_W::L210W-108,2025-10-01,14,20442.920454545452,6511.204545454545,2826465.0743538993,3386.4624995146532,20697.11941222831,889.382719086603,2989570.4588604323,3669.611108232908,20979.09800307387,913.6125198936835,965630.5697948632,1421.3219281869185,6329.814918897991,256.2240406852908,False,True,False,PeMS,D7_I210_W,False,3
PeMS::D7_I210_W::L210W-112,2025-10-01,14,17458.397727272728,6373.21590909091,1234740.3280997446,1386.81854880245,9177.274784853671,399.00535133081144,1271262.7853966625,1450.042451250053,8785.168559837148,395.91132853721956,391774.0010699904,576.6563280329825,2568.1217997644776,103.95478429283916,False,True,False,PeMS,D7_I210_W,False,3
PeMS::D7_I210_W::L210W-113,2025-10-01,14,17986.032608695652,6478.717391304347,654126.0338177667,730.287326861852,4882.574102812249,212.21986757474812,674649.2107138743,765.5374787254519,4677.606816248579,210.72408087642447,204704.81930814983,301.30720545645465,1341.8626747725164,54.31714528469094,False,True,False,PeMS,D7_I210_W,False,3
PeMS::D7_I210_W::L210W-129,2025-10-01,14,17691.818181818184,11566.181818181816,1107342.3220855943,1135.880063517663,9269.82169187618,386.1685778958918,959277.6591431736,855.2764264900926,8893.290453099135,362.2957614204676,0.0,0.0,0.0,0.0,False,True,False,PeMS,D7_I210_W,False,3
PeMS::D7_I210_W::L210W-132,2025-10-01,14,18581.097826086952,5629.728260869564,42833.78359429323,51.25187310404691,314.0319975729394,13.51414217669398,44723.606974641465,54.30217830409082,319.0392268008999,13.809437976869141,14162.4942385849,20.845926225593576,92.8367122213682,3.757929391944647,False,True,False,PeMS,D7_I210_W,False,3
PeMS::D7_I210_W::L210W-141,2025-10-01,14,15468.52,2271.98,2453635.743802349,3192.2522715680916,16795.05365029749,724.1649129038311,2557584.9910751637,3455.595530376814,19377.96539749048,782.3644479424951,2726311.7134825606,3907.057672910618,18234.99672062308,742.2805625615031,True,True,True,PeMS,D7_I210_W,False,3
PeMS::D7_I210_W::L210W-143,2025-10-01,14,15064.754545454547,4411.718181818182,279032.41901324934,346.10990375592775,1975.5246090862613,85.32443254463632,279419.2543668877,345.27565430522395,1940.7463935541643,84.84253652105028,319406.139971239,443.94547073076154,2183.760426798748,89.42276437510907,True,True,True,PeMS,D7_I210_W,False,3
PeMS::D7_I210_W::L210W-150,2025-10-01,14,17468.730434782607,14583.46956521739,743021.3121463435,711.7833147529977,6483.6357955039475,267.34448983094575,700781.0351565974,632.1771499994809,6516.377377989727,263.90445319658807,0.0,0.0,0.0,0.0,False,True,False,PeMS,D7_I210_W,False,3
PeMS::D7_I210_W::L210W-154,2025-10-01,14,18130.804347826084,5684.456521739131,1154430.0712869,1359.7036635607087,8288.188315148225,361.6803203433048,1151182.0979855657,1355.8576864763725,7976.568654696951,358.31576445053946,364732.6390685513,536.8538590733981,2390.862688487177,96.77952777717776,False,True,False,PeMS,D7_I210_W,False,3
PeMS::D7_I210_W::L210W-155,2025-10-01,14,16911.195652173912,10457.82608695652,446721.930553906,473.26536470866523,3725.8947786330955,154.37837479206252,445045.47252909513,500.7362327439696,4588.475494560293,172.37759293478908,0.0,0.0,0.0,0.0,False,True,False,PeMS,D7_I210_W,False,3
PeMS::D7_I210_W::L210W-167,2025-10-01,14,5116.065217391304,0.0,269829.5608381495,397.16500666893876,1768.7625404359865,71.59758870203899,269829.56083814945,397.1650066689387,1768.762540435986,71.59758870203896,267498.9419326811,393.7345438602759,1753.4850763834206,70.97917353174925,True,True,True,PeMS,D7_I210_W,False,3
PeMS::D7_I210_W::L210W-182,2025-10-01,14,16060.217391304348,6683.060869565217,456254.32839725376,528.8392357760946,3354.301410309696,144.94123941852587,464523.7379951037,547.131349210194,3218.6103391293964,144.58385112637626,138723.0497091807,204.1879354943256,909.344895564708,36.80929482195626,False,True,False,PeMS,D7_I210_W,False,3
PeMS::D7_I210_W::L210W-202,2025-10-01,14,37478.95725108225,0.0,2815532.7527172333,3744.790065543086,17601.78496013506,795.4756970672365,2764849.5643828763,3644.289594712903,17214.153800811164,785.1650402131413,3089639.4098794227,4547.673179386822,20252.927198467394,819.8165205436668,True,True,True,PeMS,D7_I210_W,False,3
PeMS::D7_I210_W::L210W-211,2025-10-01,14,19998.16304347826,8974.510869565218,1273544.5554479046,1485.737991236212,9839.753224444652,414.95021178672783,1407408.053994795,1720.365288793268,9939.158945389017,431.8186792013,0.0,0.0,0.0,0.0,False,True,False,PeMS,D7_I210_W,False,3
PeMS::D7_I210_W::L210W-221,2025-10-01,14,10948.182608695652,3553.8434782608692,2133971.6263418104,2660.5129828751033,15515.619415891666,654.2230988768238,2131207.9224729068,2652.3748322018687,15513.994264080931,652.0805982877146,508804.7660869406,748.9151584741298,3335.27137595458,135.00816685456144,False,True,False,PeMS,D7_I210_W,False,3
PeMS::D7_I210_W::L210W-222,2025-10-01,14,16112.13043478261,5971.417391304348,1943945.1775159535,2292.8691757166894,14885.81558291131,628.7030491370194,2105792.997272764,2570.5586784108164,14901.633350643966,646.9281115464181,611092.5375945139,899.4736196255534,4005.779003159269,162.1495881684412,False,True,False,PeMS,D7_I210_W,False,3
PeMS::D7_I210_W::L210W-233,2025-10-01,14,19033.806818181816,7838.477272727272,1262657.2408813478,1436.1694745283676,9495.354821999757,407.37743712821424,1326275.2787404037,1564.6566833433465,9176.890587629674,412.31439290098564,396070.9151951917,582.9810017340048,2596.288545915338,105.09494361885416,False,True,False,PeMS,D7_I210_W,False,3
PeMS::D7_I210_W::L210W-234,2025-10-01,14,15674.191176470587,5483.941176470588,1278507.9709439643,1492.278604753437,9559.900220301912,410.07744904604357,1405903.915653808,1722.4258178068078,9894.48215273166,430.4268568660269,336925.02435067226,444.0937316289782,2097.719623964088,95.6803414192829,False,True,False,PeMS,D7_I210_W,False,3
PeMS::D7_I210_W::L210W-238,2025-10-01,14,12640.48913043478,0.0,1905044.6030677205,2558.310073594321,12597.18571905963,547.2517407741124,1977437.7595262364,2686.607062510577,12483.189111453206,551.839829958432,2100755.002151157,3092.1236792866907,13770.680806419421,557.422219198543,True,True,True,PeMS,D7_I210_W,False,3
PeMS::D7_I210_W::L210W-251,2025-10-01,14,15138.893939393938,6365.787878787878,1441022.255134011,1689.81492820652,11077.245006479603,464.2867052430753,1360162.142942849,1590.9156127274027,12721.419030710545,488.0925979790228,372185.6251457339,547.8239887206211,2439.717834479201,98.75713108386742,False,True,False,PeMS,D7_I210_W,False,3
PeMS::D7_I210_W::L210W-256,2025-10-01,14,11768.931818181816,3322.4545454545455,849372.2242530065,1060.8065856490198,6012.766697049466,257.5316524787362,839018.7094179709,1033.511303476597,6189.328846525844,259.1364277342815,198455.02699615096,292.10806953686057,1300.8945966544957,52.6588019288417,False,True,False,PeMS,D7_I210_W,False,3
PeMS::D7_I210_W::L210W-291,2025-10-01,14,17662.852272727272,7046.806818181818,726703.9346555274,809.2092746320773,5451.907236774288,236.13496334136255,749942.3304421585,850.2727012156308,5202.348890035276,234.35009034647607,222068.47479161088,326.8649550390606,1455.6833521244826,58.92448281956706,False,True,False,PeMS,D7_I210_W,False,3
PeMS::D7_I210_W::L210W-299,2025-10-01,14,13705.808695652177,4807.147826086957,825092.1871256791,983.8257066813281,6064.373758734214,259.7508896946327,814076.1915905877,962.359866896624,5622.993941142781,252.69936264174174,264236.6180525386,388.932694568492,1732.1001834308393,70.11353626555147,False,True,False,PeMS,D7_I210_W,False,3
PeMS::D7_I210_W::L210W-301,2025-10-01,14,17364.80592105263,9701.809210526315,620124.1063738475,642.6131933864747,5272.790806077661,218.33787940152334,573790.8521531157,566.4024650909872,5566.019048475151,219.17822415915344,0.0,0.0,0.0,0.0,False,True,False,PeMS,D7_I210_W,False,3
PeMS::D7_I210_W::L210W-305,2025-10-01,14,20882.913043478256,10174.597826086956,2899730.307734611,3410.4129202949434,22631.940309253972,941.5309725364481,2855494.8560512983,3425.2029523325305,25724.599912603666,999.2217145594918,0.0,0.0,0.0,0.0,False,True,False,PeMS,D7_I210_W,False,3
PeMS::D7_I405_N::L405N-069,2025-10-01,14,17870.416666666664,7656.999999999999,625058.6696976507,728.6840892584914,4795.366810838694,202.75220992360767,687765.9281777994,841.3000567708468,4851.787523686863,210.87618050332247,0.0,0.0,0.0,0.0,False,True,False,PeMS,D7_I405_N,False,3
PeMS::D7_I405_N::L405N-076,2025-10-01,14,18415.149999999998,13999.2,394563.40330828686,427.2261809383965,3618.0083492142885,141.75620451969246,348902.28776661505,331.91650862101073,3289.9133736667122,129.6136425191163,0.0,0.0,0.0,0.0,False,True,False,PeMS,D7_I405_N,False,3
PeMS::D7_I405_N::L405N-098,2025-10-01,14,14714.964912280702,13725.5,2585960.4857538133,2491.520979597567,23625.291653757162,949.2026782242779,2574227.5669922577,2448.9051989351437,24273.230633484287,956.2992944723103,0.0,0.0,0.0,0.0,False,True,False,PeMS,D7_I405_N,False,3
PeMS::D7_I405_N::L405N-115,2025-10-01,14,16565.60661764706,6076.563725490196,2292298.314560366,2713.891848881978,17161.39318407657,725.4433133081784,2437597.0682984693,2991.9913899455564,16995.283187860943,742.4888460223585,630687.3398039411,928.3154178555544,4134.225093452824,167.34894655204653,False,True,False,PeMS,D7_I405_N,False,3
PeMS::D7_I405_N::L405N-122,2025-10-01,14,15813.433333333334,8835.708333333332,2392113.6970213773,2673.256896097778,19039.131015865576,792.9869434901848,2229283.984585077,2359.018095292733,18775.514339355657,768.1648800268043,643916.3965292706,947.7874074560224,4220.943019792632,170.85919412979143,False,True,False,PeMS,D7_I405_N,False,3
PeMS::D7_I405_N::L405N-129,2025-10-01,14,18528.776315789473,8891.947368421052,847949.520269758,909.4306773231302,6680.275286804028,285.3155126903582,843027.7256236896,897.3726435665014,6613.139637462421,284.4528772454351,0.0,0.0,0.0,0.0,False,True,False,PeMS,D7_I405_N,False,3
PeMS::D7_I405_N::L405N-135,2025-10-01,14,17054.598484848484,10232.604166666666,569878.7126120252,512.4665971897647,4664.14181024778,202.0435465501206,535045.4200752667,450.2869005433272,4441.397667364385,195.74871622271772,160302.14096448728,235.9504299211844,1050.7982194721294,42.53517191067132,False,True,False,PeMS,D7_I405_N,False,3
PeMS::D7_I405_N::L405N-215,2025-10-01,14,13834.953846153845,5246.661538461539,525627.071275045,622.7627905329269,4046.23984157668,170.29670892775567,573851.0139951368,706.4162190191895,4009.2225533441233,174.8843017455185,0.0,0.0,0.0,0.0,False,True,False,PeMS,D7_I405_N,False,3
PeMS::D7_I405_N::L405N-217,2025-10-01,14,21687.523076923077,0.0,1680929.5740751054,2217.404708554842,10469.454602288619,477.1333071077071,1678211.5022030922,2212.015002187407,10448.666459602657,476.58036031611584,1920906.0170112376,2827.40204107692,12591.75086685758,509.70041426905686,True,True,True,PeMS,D7_I405_N,False,3
PeMS::D7_I405_N::L405N-241,2025-10-01,14,19781.1,8600.5625,883000.4604609347,931.7889333200343,6830.340217150939,293.6273296311046,782557.463185063,733.8205525191922,6521.405906498023,276.8963023446488,287006.44043771364,422.4478388372218,1881.358881262824,76.15536642266358,False,True,False,PeMS,D7_I405_N,False,3
PeMS::D7_I405_N::L405N-273,2025-10-01,14,17743.466666666667,8053.0999999999985,614506.4834912169,645.4170514847651,4900.718195710938,206.37609657542671,551741.2730754336,520.2660239531147,4739.040444608908,195.96599762287784,130858.1227855696,192.6114657244312,857.7894318766726,34.72238558451333,False,True,False,PeMS,D7_I405_N,False,3
PeMS::D7_I405_S::L405S-001,2025-10-01,14,15098.879999999997,4477.0,220464.22280581732,304.62330026865766,1402.6443573192882,60.90738817824007,199355.15070936747,262.765797727852,1241.1996187795896,56.61309640127007,230308.19811181055,338.99309161999014,1509.6956475418403,61.1108419399902,False,False,False,PeMS,D7_I405_S,False,3
PeMS::D7_I405_S::L405S-061,2025-10-01,14,16943.19444444444,5994.444444444445,999181.9859249975,1205.8349948912378,7660.384227342214,318.71092539176635,942787.0367320976,1129.3519274987207,8616.268717853387,332.63474015905894,1172278.5583200085,1552.5867139236743,8278.65915414673,341.8875474119158,True,True,True,PeMS,D7_I405_S,False,3
PeMS::D7_I405_S::L405S-073,2025-10-01,14,16751.155555555553,10821.511111111111,1074278.920733629,1184.6249966489495,8876.340955787873,364.2005785211709,1050069.580614825,1124.8511178657213,8801.831725517242,360.05005547061705,870192.7811197696,908.6943255252141,6751.428015240977,286.29828026199317,False,True,False,PeMS,D7_I405_S,False,3
PeMS::D7_I405_S::L405S-084,2025-10-01,14,21409.85,11311.199999999999,966280.524896401,1005.3048442838481,7803.206561555942,332.6960784305804,948384.8293059331,964.2479238859787,7856.22619956591,331.0558382268665,264475.6193649644,348.5997068784894,1646.6443769534606,75.1060791838913,False,True,False,PeMS,D7_I405_S,False,3
PeMS::D7_I405_S::L405S-087,2025-10-01,14,16348.85882352941,9184.417647058825,2722888.2817131295,2775.0583750661644,21861.082443454026,931.27107159402,2612018.1930306694,2528.4885326079966,21862.977874940058,918.8825596391151,2835325.0965160686,3274.675950830812,21114.68416887699,886.1106476219564,True,True,True,PeMS,D7_I405_S,False,3
PeMS::D7_I405_S::L405S-231,2025-10-01,14,20531.25,1856.875,1830015.466010923,2396.169056395176,12159.096511792584,534.3743982712516,1878043.4189964803,2475.4092151829427,11692.834458580239,533.328849277746,1395261.7029652074,2053.700572471687,9146.09439619583,370.22397853780865,False,True,False,PeMS,D7_I405_S,False,3
PeMS::D7_I405_S::L405S-234,2025-10-01,14,16564.073684210525,5881.7052631578945,1017207.0859304408,1233.6590159687375,7674.851530889738,321.6178816741602,1042517.4719411086,1273.785841689251,7367.096202960525,319.99482397780287,1209373.8471439353,1601.1612562791033,8542.534853067584,352.8051367130049,True,True,True,PeMS,D7_I405_S,False,3
PeMS::D7_I405_S::L405S-336,2025-10-01,14,20121.047953216374,5268.515789473684,60988.75636263024,78.75803158560042,435.1551608079165,18.276451255745418,56758.477996031594,70.10146679331109,394.52485359646073,17.242293535539105,47015.82159648588,65.52475882515374,328.5020662595902,13.22534425018005,False,True,False,PeMS,D7_I405_S,False,3
PeMS::D7_I405_S::L405S-392,2025-10-01,14,77874.35,50182.2,7951913.444081551,7161.933863816814,66054.88414014596,2835.542520973546,7588491.541248801,6513.42216396879,62510.13899337183,2756.917441248305,0.0,0.0,0.0,0.0,False,True,False,PeMS,D7_I405_S,False,3
PeMS::D7_I405_S::L405S-417,2025-10-01,14,82396.25,42243.55,25388555.11562711,26627.336093058548,196568.9184123144,8472.389764911142,24581690.19201737,24977.20059215705,205950.99199548177,8460.632038869499,7499310.476018584,11038.3150236342,49158.80753716683,1989.895196593884,False,True,False,PeMS,D7_I405_S,False,3
PeMS::D7_I405_S::L405S-425,2025-10-01,14,15622.881578947368,9573.644736842105,249755.97893947375,232.98757552352026,2023.3701645417468,87.51729552014727,239221.95558776997,214.85155523176,1939.614072448402,85.63534214153267,163544.3237407286,175.7714867238114,1254.820720611975,53.0640154053398,False,True,False,PeMS,D7_I405_S,False,3
