date,minute,flow_vph,speed_mph
2016-11-01,0,50.4,62.92362758
2016-11-01,5,448.8,62.77413938
2016-11-01,10,379.2,63.04258722
2016-11-01,15,415.2,65.52480433
2016-11-01,20,343.2,63.59418918
2016-11-01,25,410.4,63.09659708
2016-11-01,30,321.6,63.9747048
2016-11-01,35,302.4,62.48646184
2016-11-01,40,328.8,63.04907608
2016-11-01,45,261.6,62.78397672
2016-11-01,50,273.6,64.98477804
2016-11-01,55,319.2,63.07670323
2016-11-01,60,352.8,63.55451483
2016-11-01,65,290.4,64.66729484
2016-11-01,70,304.8,62.21643065
2016-11-01,75,340.8,62.79320102
2016-11-01,80,290.4,65.35847363
2016-11-01,85,314.4,64.32976537
2016-11-01,90,302.4,61.86451579
2016-11-01,95,340.8,64.3059024
2016-11-01,100,288,64.12245208
2016-11-01,105,300,63.06205418
2016-11-01,110,266.4,61.00558659
2016-11-01,115,256.8,62.12404332
2016-11-01,120,249.6,60.81408774
2016-11-01,125,225.6,63.66608212
2016-11-01,130,300,62.37140902
2016-11-01,135,336,60.67523948
2016-11-01,140,283.2,62.50917024
2016-11-01,145,292.8,63.04522795
2016-11-01,150,249.6,62.64495721
2016-11-01,155,326.4,63.52042905
2016-11-01,160,240,65.4053552
2016-11-01,165,326.4,63.09887834
2016-11-01,170,268.8,63.13657861
2016-11-01,175,249.6,61.88352518
2016-11-01,180,285.6,60.89657575
2016-11-01,185,364.8,61.82088369
2016-11-01,190,268.8,62.85983095
2016-11-01,195,276,62.69855241
2016-11-01,200,288,65.42276673
2016-11-01,205,276,64.13370018
2016-11-01,210,230.4,62.87625017
2016-11-01,215,350.4,64.40855522
2016-11-01,220,326.4,61.79653069
2016-11-01,225,348,63.51657913
2016-11-01,230,343.2,65.399127
2016-11-01,235,288,62.71809091
2016-11-01,240,360,62.72406026
2016-11-01,245,331.2,64.38456355
2016-11-01,250,384,63.8556602
2016-11-01,255,376.8,61.76696131
2016-11-01,260,537.6,64.07103637
2016-11-01,265,458.4,63.40546796
2016-11-01,270,475.2,63.58263778
2016-11-01,275,609.6,65.82025201
2016-11-01,280,576,64.84835082
2016-11-01,285,669.6,65.7736298
2016-11-01,290,597.6,64.00719281
2016-11-01,295,602.4,65.56137737
2016-11-01,300,585.6,64.67627482
2016-11-01,305,660,63.49751784
2016-11-01,310,667.2,63.44710232
2016-11-01,315,739.2,65.39086812
2016-11-01,320,859.2,64.18024432
2016-11-01,325,926.4,65.22365024
2016-11-01,330,996,65.52028111
2016-11-01,335,1044,64.58063563
2016-11-01,340,1176,64.7365708
2016-11-01,345,1058.4,65.07440211
2016-11-01,350,1123.2,64.08057119
2016-11-01,355,962.4,65.545499
2016-11-01,360,979.2,63.47831262
2016-11-01,365,1008,63.7206234
2016-11-01,370,1048.8,64.01384743
2016-11-01,375,1125.6,64.3358463
2016-11-01,380,1123.2,64.38935151
2016-11-01,385,1082.4,63.30510027
2016-11-01,390,1245.6,62.78509421
2016-11-01,395,1216.8,64.24561014
2016-11-01,400,1274.4,62.40872822
2016-11-01,405,1269.6,63.39132761
2016-11-01,410,1252.8,64.2631535
2016-11-01,415,1142.4,65.18006661
2016-11-01,420,1248,63.07926081
2016-11-01,425,1226.4,63.42785136
2016-11-01,430,1238.4,64.47643537
2016-11-01,435,1320,64.35345958
2016-11-01,440,1185.6,64.73709707
2016-11-01,445,1358.4,63.78236211
2016-11-01,450,1274.4,63.94719519
2016-11-01,455,1293.6,63.2183262
2016-11-01,460,1317.6,64.65873191
2016-11-01,465,1202.4,64.41596275
2016-11-01,470,1224,64.32908281
2016-11-01,475,1214.4,63.66572012
2016-11-01,480,1077.6,64.51934801
2016-11-01,485,1135.2,65.00796357
2016-11-01,490,1108.8,64.20776256
2016-11-01,495,1147.2,64.76528588
2016-11-01,500,1132.8,63.05521915
2016-11-01,505,1149.6,64.59520128
2016-11-01,510,1226.4,62.92594279
2016-11-01,515,1152,63.66983929
2016-11-01,520,1200,62.50711532
2016-11-01,525,1168.8,64.57550172
2016-11-01,530,1094.4,63.06691077
2016-11-01,535,1104,63.41670583
2016-11-01,540,1137.6,64.1268119
2016-11-01,545,1238.4,63.26886844
2016-11-01,550,1279.2,63.79497778
2016-11-01,555,1284,64.05081334
2016-11-01,560,1154.4,64.08497403
2016-11-01,565,1173.6,64.22770116
2016-11-01,570,1204.8,64.22847161
2016-11-01,575,1195.2,65.84850258
2016-11-01,580,1346.4,63.49266284
2016-11-01,585,1334.4,63.50341219
2016-11-01,590,1226.4,63.94098704
2016-11-01,595,1368,64.92225962
2016-11-01,600,1296,64.1045907
2016-11-01,605,1310.4,64.24489303
2016-11-01,610,1300.8,64.29845271
2016-11-01,615,1264.8,64.29609713
2016-11-01,620,1284,64.38504651
2016-11-01,625,1281.6,64.96484264
2016-11-01,630,1332,64.74084709
2016-11-01,635,1272,64.43862912
2016-11-01,640,1396.8,64.63739907
2016-11-01,645,1300.8,63.71710402
2016-11-01,650,1248,63.96454573
2016-11-01,655,1264.8,64.32698022
2016-11-01,660,1245.6,64.9221738
2016-11-01,665,950.4,65.05326622
2016-11-01,670,796.8,63.58723847
2016-11-01,675,1303.2,64.44650173
2016-11-01,680,1404,63.72261821
2016-11-01,685,1288.8,64.91406528
2016-11-01,690,1351.2,62.46616336
2016-11-01,695,1382.4,61.26986048
2016-11-01,700,1375.2,62.46740213
2016-11-01,705,1363.2,63.4270351
2016-11-01,710,1375.2,63.74317233
2016-11-01,715,1411.2,61.75257002
2016-11-01,720,1423.2,62.64572248
2016-11-01,725,1454.4,63.63956762
2016-11-01,730,1401.6,63.9478761
2016-11-01,735,1399.2,63.29108556
2016-11-01,740,1370.4,64.0720741
2016-11-01,745,1442.4,59.22017102
2016-11-01,750,1468.8,61.41342169
2016-11-01,755,1562.4,62.84646902
2016-11-01,760,1485.6,63.88251356
2016-11-01,765,1536,63.64807948
2016-11-01,770,1560,63.02398155
2016-11-01,775,1526.4,56.77032669
2016-11-01,780,1464,57.94898697
2016-11-01,785,1418.4,63.08392701
2016-11-01,790,1502.4,63.41850227
2016-11-01,795,1521.6,59.63642314
2016-11-01,800,1576.8,54.1517084
2016-11-01,805,1593.6,54.24045255
2016-11-01,810,1574.4,55.42379482
2016-11-01,815,1617.6,52.44825824
2016-11-01,820,1723.2,54.27457559
2016-11-01,825,1627.2,46.37938192
2016-11-01,830,1567.2,49.64228036
2016-11-01,835,1588.8,52.7092739
2016-11-01,840,1528.8,50.51557433
2016-11-01,845,1552.8,50.21558039
2016-11-01,850,1459.2,49.52959707
2016-11-01,855,1512,49.40167236
2016-11-01,860,1526.4,48.30057267
2016-11-01,865,1377.6,45.69940201
2016-11-01,870,1332,50.38304945
2016-11-01,875,1118.4,61.58268
2016-11-01,880,1221.6,62.8476457
2016-11-01,885,1699.2,57.52902402
2016-11-01,890,1389.6,46.40705604
2016-11-01,895,1564.8,42.72964333
2016-11-01,900,1272,37.82194434
2016-11-01,905,952.8,13.60126362
2016-11-01,910,1288.8,22.03784986
2016-11-01,915,1272,33.19986972
2016-11-01,920,1195.2,29.59491318
2016-11-01,925,1142.4,25.09022732
2016-11-01,930,1243.2,32.79395673
2016-11-01,935,1233.6,34.828076
2016-11-01,940,1075.2,28.71286673
2016-11-01,945,1072.8,21.79556968
2016-11-01,950,1185.6,23.99935491
2016-11-01,955,1000.8,18.14922718
2016-11-01,960,1010.4,13.45913601
2016-11-01,965,868.8,9.515881709
2016-11-01,970,768,4.725184578
2016-11-01,975,1240.8,22.1933883
2016-11-01,980,1312.8,37.43852123
2016-11-01,985,1233.6,32.04182086
2016-11-01,990,907.2,20.15819006
2016-11-01,995,1060.8,16.31286252
2016-11-01,1000,751.2,10.98383256
2016-11-01,1005,960,14.01898996
2016-11-01,1010,1041.6,21.01369477
2016-11-01,1015,957.6,20.99442072
2016-11-01,1020,964.8,11.03758783
2016-11-01,1025,763.2,9.959112658
2016-11-01,1030,847.2,6.328054975
2016-11-01,1035,756,7.15715445
2016-11-01,1040,724.8,6.556733006
2016-11-01,1045,763.2,8.077818658
2016-11-01,1050,924,11.46103008
2016-11-01,1055,1032,19.73069626
2016-11-01,1060,909.6,20.80176386
2016-11-01,1065,712.8,6.128525106
2016-11-01,1070,919.2,7.785639691
2016-11-01,1075,856.8,12.35294118
2016-11-01,1080,1015.2,13.10110342
2016-11-01,1085,876,19.44192847
2016-11-01,1090,998.4,11.43796798
2016-11-01,1095,1092,15.32245132
2016-11-01,1100,1034.4,14.66175157
2016-11-01,1105,900,12.50323834
2016-11-01,1110,1036.8,13.6125883
2016-11-01,1115,1101.6,24.52374358
2016-11-01,1120,1123.2,19.86136677
2016-11-01,1125,931.2,18.40561011
2016-11-01,1130,1113.6,16.99606749
2016-11-01,1135,1245.6,29.05729344
2016-11-01,1140,1269.6,35.74971842
2016-11-01,1145,1440,37.38583995
2016-11-01,1150,1334.4,49.67298617
2016-11-01,1155,1243.2,63.21180472
2016-11-01,1160,1197.6,65.8164013
2016-11-01,1165,1214.4,64.72217514
2016-11-01,1170,1154.4,64.31590742
2016-11-01,1175,931.2,64.12898847
2016-11-01,1180,1341.6,64.54271049
2016-11-01,1185,1142.4,63.4837773
2016-11-01,1190,1020,65.04002013
2016-11-01,1195,1051.2,65.36996448
2016-11-01,1200,1036.8,64.85312605
2016-11-01,1205,984,65.45425478
2016-11-01,1210,1125.6,64.8152006
2016-11-01,1215,1101.6,65.22161393
2016-11-01,1220,1068,64.72648412
2016-11-01,1225,1118.4,62.87803582
2016-11-01,1230,1020,64.63808588
2016-11-01,1235,945.6,65.08790636
2016-11-01,1240,1027.2,64.72390386
2016-11-01,1245,998.4,65.23629117
2016-11-01,1250,904.8,64.82272306
2016-11-01,1255,945.6,64.26604587
2016-11-01,1260,1092,64.9121283
2016-11-01,1265,892.8,65.04088921
2016-11-01,1270,969.6,63.96521243
2016-11-01,1275,1010.4,65.92815882
2016-11-01,1280,1094.4,65.36072611
2016-11-01,1285,1041.6,65.34554383
2016-11-01,1290,986.4,64.41753886
2016-11-01,1295,962.4,64.14372402
2016-11-01,1300,981.6,63.58732248
2016-11-01,1305,1005.6,65.24928619
2016-11-01,1310,768,64.35068218
2016-11-01,1315,796.8,63.33001705
2016-11-01,1320,727.2,63.07369037
2016-11-01,1325,859.2,65.06540397
2016-11-01,1330,775.2,64.5580485
2016-11-01,1335,840,64.15966734
2016-11-01,1340,859.2,63.90088481
2016-11-01,1345,633.6,63.99536302
2016-11-01,1350,734.4,63.89020704
2016-11-01,1355,660,65.84469922
2016-11-01,1360,828,65.55783774
2016-11-01,1365,741.6,64.08849553
2016-11-01,1370,700.8,63.29615104
2016-11-01,1375,592.8,63.38143266
2016-11-01,1380,273.6,63.84798647
2016-11-01,1385,208.8,64.8211286
2016-11-01,1390,650.4,63.96540706
2016-11-01,1395,604.8,63.18599178
2016-11-01,1400,420,63.49424498
2016-11-01,1405,540,63.12348653
2016-11-01,1410,484.8,63.85602586
2016-11-01,1415,537.6,64.84109191
2016-11-01,1420,506.4,63.45055294
2016-11-01,1425,463.2,64.23021512
2016-11-01,1430,480,64.00070929
2016-11-01,1435,367.2,62.90085516
2016-11-02,0,74.4,64.16977419
2016-11-02,5,352.8,63.46896756
2016-11-02,10,388.8,63.03736496
2016-11-02,15,336,63.47613704
2016-11-02,20,333.6,62.90046566
2016-11-02,25,364.8,63.72263515
2016-11-02,30,292.8,63.65220968
2016-11-02,35,285.6,60.62199715
2016-11-02,40,333.6,59.29001844
2016-11-02,45,283.2,60.19356598
2016-11-02,50,280.8,60.4298592
2016-11-02,55,180,61.85234067
2016-11-02,60,182.4,63.15460034
2016-11-02,65,208.8,63.94886454
2016-11-02,70,213.6,61.25785781
2016-11-02,75,283.2,62.77445011
2016-11-02,80,247.2,59.99351541
2016-11-02,85,199.2,62.61195529
2016-11-02,90,211.2,63.46419675
2016-11-02,95,249.6,59.05712347
2016-11-02,100,240,60.63918484
2016-11-02,105,288,63.01449519
2016-11-02,110,211.2,63.5633145
2016-11-02,115,218.4,63.12631764
2016-11-02,120,216,62.83746071
2016-11-02,125,211.2,61.03820249
2016-11-02,130,240,61.07903227
2016-11-02,135,288,61.96015205
2016-11-02,140,199.2,60.57944825
2016-11-02,145,194.4,61.55163663
2016-11-02,150,230.4,60.63245491
2016-11-02,155,177.6,61.65429261
2016-11-02,160,240,64.02591955
2016-11-02,165,283.2,62.70177732
2016-11-02,170,211.2,59.91696565
2016-11-02,175,254.4,60.97778839
2016-11-02,180,240,61.47440713
2016-11-02,185,208.8,63.31890495
2016-11-02,190,218.4,57.9808753
2016-11-02,195,276,61.38034536
2016-11-02,200,213.6,59.48605406
2016-11-02,205,254.4,60.71058041
2016-11-02,210,244.8,62.94349028
2016-11-02,215,321.6,63.9815268
2016-11-02,220,348,63.6112883
2016-11-02,225,256.8,64.72458985
2016-11-02,230,220.8,64.72944285
2016-11-02,235,302.4,63.61394286
2016-11-02,240,237.6,60.0672636
2016-11-02,245,259.2,61.35049816
2016-11-02,250,331.2,62.53984831
2016-11-02,255,343.2,63.82031485
2016-11-02,260,355.2,63.56519039
2016-11-02,265,408,61.62062113
2016-11-02,270,403.2,65.18155685
2016-11-02,275,513.6,65.37598595
2016-11-02,280,559.2,64.70223214
2016-11-02,285,648,66.22496475
2016-11-02,290,578.4,64.4727366
2016-11-02,295,614.4,65.27115653
2016-11-02,300,544.8,65.50260598
2016-11-02,305,518.4,64.1371779
2016-11-02,310,698.4,64.33013623
2016-11-02,315,696,66.07470571
2016-11-02,320,796.8,64.65710941
2016-11-02,325,914.4,63.96296243
2016-11-02,330,943.2,64.84084191
2016-11-02,335,1012.8,64.66136799
2016-11-02,340,1044,64.46324567
2016-11-02,345,1096.8,65.69225479
2016-11-02,350,1106.4,65.27574429
2016-11-02,355,1113.6,65.3589935
2016-11-02,360,986.4,62.88920779
2016-11-02,365,1032,64.14482497
2016-11-02,370,1065.6,63.70756191
2016-11-02,375,1053.6,64.1983182
2016-11-02,380,1195.2,63.62627944
2016-11-02,385,1176,63.98802731
2016-11-02,390,1243.2,62.92952273
2016-11-02,395,1224,64.14800149
2016-11-02,400,1240.8,64.41844811
2016-11-02,405,1312.8,64.57776566
2016-11-02,410,1260,64.60071679
2016-11-02,415,1245.6,63.75664014
2016-11-02,420,1257.6,64.54993476
2016-11-02,425,1164,64.68391802
2016-11-02,430,1356,63.31243639
2016-11-02,435,1305.6,63.46804872
2016-11-02,440,1288.8,63.9643842
2016-11-02,445,1332,63.07857
2016-11-02,450,1149.6,64.22044896
2016-11-02,455,1245.6,63.41851424
2016-11-02,460,1267.2,63.2232381
2016-11-02,465,1214.4,63.82493336
2016-11-02,470,1264.8,63.72907155
2016-11-02,475,1240.8,64.85864695
2016-11-02,480,1116,63.96672686
2016-11-02,485,1108.8,63.59012023
2016-11-02,490,1120.8,64.42550786
2016-11-02,495,1094.4,63.876984
2016-11-02,500,1029.6,64.63682104
2016-11-02,505,1113.6,63.10694006
2016-11-02,510,1135.2,64.42412485
2016-11-02,515,1147.2,63.52372961
2016-11-02,520,1082.4,65.12989519
2016-11-02,525,1149.6,64.1859712
2016-11-02,530,1116,63.82995376
2016-11-02,535,1075.2,64.39102295
2016-11-02,540,1065.6,64.89804486
2016-11-02,545,1243.2,64.5017579
2016-11-02,550,1257.6,65.3853637
2016-11-02,555,1144.8,65.04509489
2016-11-02,560,1125.6,64.04745551
2016-11-02,565,1238.4,62.7651268
2016-11-02,570,1053.6,64.99169275
2016-11-02,575,1075.2,65.1309597
2016-11-02,580,1221.6,64.53828267
2016-11-02,585,1293.6,64.85148257
2016-11-02,590,1190.4,63.06993642
2016-11-02,595,1200,64.67621132
2016-11-02,600,1257.6,65.00200902
2016-11-02,605,1264.8,64.12303177
2016-11-02,610,1238.4,65.02345685
2016-11-02,615,1336.8,65.70850591
2016-11-02,620,1188,65.27473947
2016-11-02,625,1236,64.96999431
2016-11-02,630,1216.8,65.29340595
2016-11-02,635,1243.2,63.68804358
2016-11-02,640,1238.4,63.07468267
2016-11-02,645,1317.6,65.14592188
2016-11-02,650,1296,64.20684344
2016-11-02,655,1240.8,65.04429224
2016-11-02,660,1353.6,63.94347181
2016-11-02,665,1334.4,64.60302916
2016-11-02,670,1260,64.20790851
2016-11-02,675,1310.4,64.44156559
2016-11-02,680,1298.4,63.43577318
2016-11-02,685,1245.6,63.80462395
2016-11-02,690,1288.8,64.80359985
2016-11-02,695,1428,62.25170462
2016-11-02,700,1344,64.87833069
2016-11-02,705,1387.2,63.8703469
2016-11-02,710,1296,61.98508624
2016-11-02,715,1473.6,63.11244494
2016-11-02,720,1394.4,64.34264636
2016-11-02,725,1377.6,64.42095152
2016-11-02,730,1404,63.1622721
2016-11-02,735,1521.6,63.58248672
2016-11-02,740,1425.6,61.11865009
2016-11-02,745,1507.2,63.4350472
2016-11-02,750,1572,60.70468916
2016-11-02,755,1512,61.33910447
2016-11-02,760,1456.8,63.08110401
2016-11-02,765,1459.2,63.38577253
2016-11-02,770,1545.6,61.98882078
2016-11-02,775,1375.2,63.20308367
2016-11-02,780,1456.8,64.17718157
2016-11-02,785,1440,62.42265068
2016-11-02,790,1550.4,56.70988433
2016-11-02,795,1622.4,60.71518346
2016-11-02,800,1557.6,57.54250521
2016-11-02,805,1584,59.07283649
2016-11-02,810,1608,55.86842293
2016-11-02,815,1507.2,50.91914042
2016-11-02,820,1512,48.7832418
2016-11-02,825,1591.2,44.19867827
2016-11-02,830,1634.4,47.18689899
2016-11-02,835,1531.2,47.32391889
2016-11-02,840,1572,45.26945259
2016-11-02,845,1648.8,49.61267905
2016-11-02,850,1550.4,48.92151692
2016-11-02,855,1600.8,47.98715993
2016-11-02,860,1492.8,44.42784803
2016-11-02,865,1454.4,43.17843302
2016-11-02,870,1459.2,43.33908412
2016-11-02,875,1483.2,47.60178372
2016-11-02,880,1418.4,47.9637358
2016-11-02,885,1396.8,44.16271276
2016-11-02,890,1456.8,40.7676812
2016-11-02,895,1137.6,40.61957761
2016-11-02,900,1137.6,39.19826614
2016-11-02,905,1250.4,36.20675749
2016-11-02,910,1243.2,32.34623425
2016-11-02,915,1236,30.42154607
2016-11-02,920,1300.8,36.72730753
2016-11-02,925,1238.4,37.23687331
2016-11-02,930,1303.2,36.89860256
2016-11-02,935,1382.4,44.52999732
2016-11-02,940,1171.2,35.46784465
2016-11-02,945,1260,33.413772
2016-11-02,950,902.4,18.10482129
2016-11-02,955,1156.8,11.83885874
2016-11-02,960,1070.4,16.0582578
2016-11-02,965,1113.6,19.75198443
2016-11-02,970,1080,23.37994599
2016-11-02,975,972,14.6750108
2016-11-02,980,1017.6,15.58541247
2016-11-02,985,926.4,11.60877769
2016-11-02,990,1060.8,20.89207338
2016-11-02,995,900,14.0384868
2016-11-02,1000,878.4,10.65999964
2016-11-02,1005,938.4,10.54616369
2016-11-02,1010,813.6,6.63987447
2016-11-02,1015,660,4.30007446
2016-11-02,1020,676.8,3.881205219
2016-11-02,1025,758.4,3.859822597
2016-11-02,1030,681.6,4.335877863
2016-11-02,1035,600,2.976190476
2016-11-02,1040,736.8,5.044847655
2016-11-02,1045,784.8,9.38969918
2016-11-02,1050,729.6,5.294629898
2016-11-02,1055,753.6,6.621368322
2016-11-02,1060,765.6,6.700675169
2016-11-02,1065,828,6.385510312
2016-11-02,1070,804,7.282608696
2016-11-02,1075,818.4,7.121475809
2016-11-02,1080,945.6,12.42001801
2016-11-02,1085,921.6,14.38328668
2016-11-02,1090,950.4,14.62763846
2016-11-02,1095,952.8,11.28614722
2016-11-02,1100,1101.6,14.44278859
2016-11-02,1105,1080,16.00738461
2016-11-02,1110,823.2,13.21991821
2016-11-02,1115,914.4,8.690599033
2016-11-02,1120,1257.6,21.82929451
2016-11-02,1125,1300.8,32.61828687
2016-11-02,1130,1284,33.54886749
2016-11-02,1135,1257.6,42.71600678
2016-11-02,1140,1339.2,37.98875005
2016-11-02,1145,1305.6,49.62609957
2016-11-02,1150,1072.8,63.50051096
2016-11-02,1155,1255.2,63.80431749
2016-11-02,1160,1156.8,63.72063797
2016-11-02,1165,1116,63.79917024
2016-11-02,1170,1096.8,63.12857926
2016-11-02,1175,1135.2,64.41613154
2016-11-02,1180,1113.6,64.47849151
2016-11-02,1185,1080,65.46409251
2016-11-02,1190,1039.2,63.63155498
2016-11-02,1195,976.8,64.56078633
2016-11-02,1200,974.4,65.43497882
2016-11-02,1205,1000.8,64.68796823
2016-11-02,1210,1104,65.23454
2016-11-02,1215,1082.4,65.62863741
2016-11-02,1220,957.6,64.27797104
2016-11-02,1225,1092,63.73040432
2016-11-02,1230,1036.8,65.89330433
2016-11-02,1235,952.8,65.34929939
2016-11-02,1240,960,65.75962917
2016-11-02,1245,964.8,65.05910281
2016-11-02,1250,1003.2,65.57349438
2016-11-02,1255,940.8,65.14544056
2016-11-02,1260,1012.8,63.18908169
2016-11-02,1265,919.2,64.94397563
2016-11-02,1270,1152,64.06441872
2016-11-02,1275,1207.2,62.6096601
2016-11-02,1280,621.6,64.07121928
2016-11-02,1285,1089.6,64.86460614
2016-11-02,1290,1094.4,63.51349081
2016-11-02,1295,957.6,65.13523927
2016-11-02,1300,1008,65.12186526
2016-11-02,1305,907.2,63.36862084
2016-11-02,1310,890.4,64.05108465
2016-11-02,1315,888,63.52939787
2016-11-02,1320,964.8,65.15236171
2016-11-02,1325,744,62.66040107
2016-11-02,1330,1300.8,59.81435544
2016-11-02,1335,1106.4,63.18590078
2016-11-02,1340,1111.2,64.11382325
2016-11-02,1345,993.6,64.95712239
2016-11-02,1350,866.4,64.64453866
2016-11-02,1355,864,63.5867035
2016-11-02,1360,871.2,63.39429017
2016-11-02,1365,842.4,64.01875504
2016-11-02,1370,787.2,64.28596123
2016-11-02,1375,712.8,64.33726828
2016-11-02,1380,561.6,64.02082764
2016-11-02,1385,638.4,62.00020104
2016-11-02,1390,700.8,64.00249439
2016-11-02,1395,693.6,64.16701272
2016-11-02,1400,616.8,63.83641481
2016-11-02,1405,592.8,63.97530315
2016-11-02,1410,528,64.27970866
2016-11-02,1415,520.8,64.53447939
2016-11-02,1420,530.4,64.33916625
2016-11-02,1425,501.6,63.46877461
2016-11-02,1430,448.8,64.18930854
2016-11-02,1435,391.2,63.41048878
2016-11-04,0,84,66.71804111
2016-11-04,5,482.4,66.19443212
2016-11-04,10,499.2,65.18898391
2016-11-04,15,396,65.4996248
2016-11-04,20,456,65.3484052
2016-11-04,25,472.8,65.66280428
2016-11-04,30,460.8,65.40684965
2016-11-04,35,369.6,61.58314381
2016-11-04,40,360,63.95301872
2016-11-04,45,424.8,64.53350561
2016-11-04,50,405.6,65.26034292
2016-11-04,55,288,63.18796426
2016-11-04,60,316.8,64.95556302
2016-11-04,65,343.2,63.36715816
2016-11-04,70,355.2,63.79664086
2016-11-04,75,252,62.5129396
2016-11-04,80,249.6,63.92340744
2016-11-04,85,288,64.7177213
2016-11-04,90,300,63.66784793
2016-11-04,95,393.6,64.65039079
2016-11-04,100,285.6,61.73766659
2016-11-04,105,288,62.51136917
2016-11-04,110,230.4,61.97381215
2016-11-04,115,268.8,62.03686941
2016-11-04,120,256.8,61.73541446
2016-11-04,125,268.8,62.17122166
2016-11-04,130,249.6,63.56739009
2016-11-04,135,312,63.26136117
2016-11-04,140,230.4,64.36903603
2016-11-04,145,266.4,62.84144252
2016-11-04,150,242.4,63.67764691
2016-11-04,155,300,63.0149439
2016-11-04,160,304.8,63.47973306
2016-11-04,165,333.6,64.5993038
2016-11-04,170,288,65.07197735
2016-11-04,175,228,62.11880081
2016-11-04,180,254.4,63.44928435
2016-11-04,185,240,63.13304478
2016-11-04,190,283.2,64.57541532
2016-11-04,195,309.6,64.38892796
2016-11-04,200,319.2,64.16113526
2016-11-04,205,264,63.00823284
2016-11-04,210,256.8,63.67871488
2016-11-04,215,273.6,64.81766647
2016-11-04,220,338.4,61.90691267
2016-11-04,225,312,65.62438318
2016-11-04,230,355.2,63.78291934
2016-11-04,235,148.8,64.28491828
2016-11-04,240,362.4,64.80266454
2016-11-04,245,343.2,63.55067716
2016-11-04,250,348,63.11549755
2016-11-04,255,372,62.27802342
2016-11-04,260,470.4,64.26446334
2016-11-04,265,501.6,66.00010372
2016-11-04,270,556.8,64.82605753
2016-11-04,275,535.2,66.11552327
2016-11-04,280,506.4,65.70239964
2016-11-04,285,556.8,67.23335716
2016-11-04,290,544.8,66.81421517
2016-11-04,295,566.4,65.83467207
2016-11-04,300,614.4,64.99886935
2016-11-04,305,576,66.13310295
2016-11-04,310,616.8,67.1846759
2016-11-04,315,648,67.43576974
2016-11-04,320,693.6,67.06475251
2016-11-04,325,832.8,67.11907272
2016-11-04,330,868.8,65.81712244
2016-11-04,335,986.4,65.68358534
2016-11-04,340,1089.6,66.34099986
2016-11-04,345,1168.8,66.57474676
2016-11-04,350,1084.8,65.91300759
2016-11-04,355,988.8,64.79834464
2016-11-04,360,984,65.15285892
2016-11-04,365,969.6,64.9710947
2016-11-04,370,1022.4,65.69524339
2016-11-04,375,1092,64.45294581
2016-11-04,380,1156.8,64.6453506
2016-11-04,385,1197.6,65.25529859
2016-11-04,390,1156.8,64.36995821
2016-11-04,395,1281.6,64.77697492
2016-11-04,400,1231.2,65.28412235
2016-11-04,405,1286.4,65.83589783
2016-11-04,410,1317.6,64.69543404
2016-11-04,415,1272,64.86930282
2016-11-04,420,1195.2,66.28810577
2016-11-04,425,1154.4,66.02327495
2016-11-04,430,1344,64.37294576
2016-11-04,435,1286.4,64.00641415
2016-11-04,440,1365.6,64.35952229
2016-11-04,445,1310.4,65.4193122
2016-11-04,450,1212,66.79631885
2016-11-04,455,1272,62.88837665
2016-11-04,460,1351.2,63.84123329
2016-11-04,465,1260,64.76447421
2016-11-04,470,1272,64.46646499
2016-11-04,475,1267.2,63.99034741
2016-11-04,480,1231.2,64.33582958
2016-11-04,485,1178.4,64.93905967
2016-11-04,490,1176,64.44376601
2016-11-04,495,1190.4,65.05191216
2016-11-04,500,1044,65.92000786
2016-11-04,505,1252.8,64.81067056
2016-11-04,510,1248,63.87647373
2016-11-04,515,1192.8,64.61125155
2016-11-04,520,1308,63.62166399
2016-11-04,525,1159.2,64.14819971
2016-11-04,530,1178.4,64.23214228
2016-11-04,535,1125.6,64.10011545
2016-11-04,540,1142.4,64.86002022
2016-11-04,545,1053.6,64.75437538
2016-11-04,550,1200,66.27457888
2016-11-04,555,1192.8,64.22334506
2016-11-04,560,1322.4,67.02084704
2016-11-04,565,1264.8,66.86349447
2016-11-04,570,1279.2,65.51614368
2016-11-04,575,1324.8,66.86514327
2016-11-04,580,1370.4,64.50316845
2016-11-04,585,1308,64.96599026
2016-11-04,590,1351.2,65.89818117
2016-11-04,595,1166.4,66.61016566
2016-11-04,600,1236,67.01846339
2016-11-04,605,1293.6,65.98724856
2016-11-04,610,1281.6,66.28516241
2016-11-04,615,1406.4,65.38291255
2016-11-04,620,1377.6,66.60346766
2016-11-04,625,1334.4,65.88444041
2016-11-04,630,1291.2,65.58138094
2016-11-04,635,1320,65.24233456
2016-11-04,640,1466.4,64.18316846
2016-11-04,645,1428,65.24935701
2016-11-04,650,1363.2,63.63576898
2016-11-04,655,1300.8,64.65423251
2016-11-04,660,1423.2,64.56924141
2016-11-04,665,1384.8,64.63258645
2016-11-04,670,1502.4,63.92142217
2016-11-04,675,1516.8,63.26850974
2016-11-04,680,1488,63.04887751
2016-11-04,685,1572,63.06144062
2016-11-04,690,1425.6,64.03328595
2016-11-04,695,1588.8,63.82886981
2016-11-04,700,1524,63.82964726
2016-11-04,705,1526.4,60.84552463
2016-11-04,710,1564.8,64.74035198
2016-11-04,715,1394.4,63.89998933
2016-11-04,720,1557.6,61.75561998
2016-11-04,725,1548,63.66853695
2016-11-04,730,1500,61.8114212
2016-11-04,735,1555.2,57.23383172
2016-11-04,740,1550.4,50.44069771
2016-11-04,745,1581.6,55.09340805
2016-11-04,750,1588.8,52.7617276
2016-11-04,755,1492.8,47.03369826
2016-11-04,760,1432.8,47.43229647
2016-11-04,765,1497.6,40.43972406
2016-11-04,770,1449.6,42.48366518
2016-11-04,775,1512,49.16141159
2016-11-04,780,1600.8,51.0194892
2016-11-04,785,1588.8,51.00855411
2016-11-04,790,1519.2,47.72686536
2016-11-04,795,1396.8,46.48247447
2016-11-04,800,1461.6,47.90780684
2016-11-04,805,1533.6,46.99064351
2016-11-04,810,1444.8,47.66982379
2016-11-04,815,1524,46.577145
2016-11-04,820,1543.2,48.8442667
2016-11-04,825,1555.2,45.26867901
2016-11-04,830,1365.6,45.35569954
2016-11-04,835,1507.2,41.45479989
2016-11-04,840,1533.6,47.47711791
2016-11-04,845,1490.4,51.12840613
2016-11-04,850,1492.8,54.55283903
2016-11-04,855,1452,62.51156572
2016-11-04,860,1449.6,63.30423993
2016-11-04,865,1372.8,61.84144681
2016-11-04,870,1574.4,58.65984319
2016-11-04,875,1358.4,47.91528614
2016-11-04,880,1430.4,44.56176041
2016-11-04,885,1240.8,36.44706128
2016-11-04,890,1360.8,36.91882889
2016-11-04,895,1372.8,41.29615122
2016-11-04,900,1243.2,35.84131659
2016-11-04,905,940.8,16.63685285
2016-11-04,910,1384.8,24.46346809
2016-11-04,915,1094.4,25.74310139
2016-11-04,920,1140,28.46705346
2016-11-04,925,1113.6,23.87481087
2016-11-04,930,1212,22.03546275
2016-11-04,935,1087.2,19.72744302
2016-11-04,940,1144.8,22.90708994
2016-11-04,945,1041.6,19.94061007
2016-11-04,950,1068,16.67762674
2016-11-04,955,1135.2,24.35301863
2016-11-04,960,1070.4,24.69699207
2016-11-04,965,1092,25.11604038
2016-11-04,970,1185.6,26.56855792
2016-11-04,975,976.8,23.29281236
2016-11-04,980,984,11.26679335
2016-11-04,985,1216.8,17.65925493
2016-11-04,990,856.8,16.32148798
2016-11-04,995,1063.2,13.8571535
2016-11-04,1000,1084.8,21.69417312
2016-11-04,1005,861.6,8.680619887
2016-11-04,1010,981.6,14.30708983
2016-11-04,1015,890.4,10.67211543
2016-11-04,1020,933.6,10.7984412
2016-11-04,1025,984,16.84353908
2016-11-04,1030,902.4,9.790011159
2016-11-04,1035,897.6,8.271520925
2016-11-04,1040,1039.2,16.2585227
2016-11-04,1045,758.4,8.378179756
2016-11-04,1050,878.4,6.720089023
2016-11-04,1055,907.2,11.06734096
2016-11-04,1060,979.2,16.22254588
2016-11-04,1065,969.6,13.99572011
2016-11-04,1070,1065.6,22.70928921
2016-11-04,1075,912,13.87957877
2016-11-04,1080,1070.4,21.5080978
2016-11-04,1085,1188,22.83915148
2016-11-04,1090,1267.2,30.59929191
2016-11-04,1095,1082.4,34.46680158
2016-11-04,1100,950.4,18.01603838
2016-11-04,1105,1327.2,30.09375283
2016-11-04,1110,1334.4,36.40484933
2016-11-04,1115,1375.2,39.22035908
2016-11-04,1120,1329.6,39.57401864
2016-11-04,1125,1399.2,40.60919979
2016-11-04,1130,1478.4,46.59804041
2016-11-04,1135,1408.8,54.39934675
2016-11-04,1140,1236,59.44315187
2016-11-04,1145,1264.8,63.86420731
2016-11-04,1150,1401.6,64.55813434
2016-11-04,1155,1392,64.07250957
2016-11-04,1160,1298.4,64.84963416
2016-11-04,1165,1293.6,64.77331528
2016-11-04,1170,1245.6,64.42943493
2016-11-04,1175,1288.8,58.90438356
2016-11-04,1180,1245.6,63.1876547
2016-11-04,1185,1228.8,64.34418699
2016-11-04,1190,1233.6,65.32835528
2016-11-04,1195,1188,64.76208287
2016-11-04,1200,1188,64.39204562
2016-11-04,1205,1260,64.75209828
2016-11-04,1210,1176,65.03569667
2016-11-04,1215,1248,65.2718143
2016-11-04,1220,1120.8,66.66150674
2016-11-04,1225,1389.6,64.08468967
2016-11-04,1230,1178.4,65.04085049
2016-11-04,1235,1173.6,64.21224426
2016-11-04,1240,1056,65.03825789
2016-11-04,1245,1240.8,64.88731696
2016-11-04,1250,1106.4,65.97174316
2016-11-04,1255,1142.4,65.97012426
2016-11-04,1260,1089.6,65.40678529
2016-11-04,1265,1063.2,66.20859274
2016-11-04,1270,1171.2,65.30151452
2016-11-04,1275,1245.6,64.74871907
2016-11-04,1280,1240.8,64.89378878
2016-11-04,1285,1250.4,64.53955399
2016-11-04,1290,1207.2,64.88008335
2016-11-04,1295,1197.6,64.04004483
2016-11-04,1300,1156.8,64.29723603
2016-11-04,1305,1116,64.05995818
2016-11-04,1310,957.6,62.16580213
2016-11-04,1315,1116,64.41544216
2016-11-04,1320,1005.6,62.76780407
2016-11-04,1325,1039.2,65.08793797
2016-11-04,1330,1087.2,64.36668979
2016-11-04,1335,1080,63.76814545
2016-11-04,1340,1084.8,65.35996571
2016-11-04,1345,1113.6,64.56557293
2016-11-04,1350,1058.4,65.46758139
2016-11-04,1355,1022.4,65.97291505
2016-11-04,1360,1128,63.97107799
2016-11-04,1365,1080,63.66376376
2016-11-04,1370,931.2,63.92350827
2016-11-04,1375,988.8,64.57751667
2016-11-04,1380,945.6,65.51904404
2016-11-04,1385,943.2,63.88223083
2016-11-04,1390,914.4,63.44224844
2016-11-04,1395,919.2,64.86338941
2016-11-04,1400,748.8,65.71240368
2016-11-04,1405,806.4,66.03859856
2016-11-04,1410,700.8,65.43169724
2016-11-04,1415,684,65.46417665
2016-11-04,1420,729.6,64.33864465
2016-11-04,1425,686.4,65.21625873
2016-11-04,1430,333.6,64.64770356
2016-11-04,1435,432,64.33984196
2016-11-09,0,36,64.56711951
2016-11-09,5,415.2,64.20774779
2016-11-09,10,444,63.93900183
2016-11-09,15,396,64.18323241
2016-11-09,20,369.6,63.81531223
2016-11-09,25,350.4,64.095383
2016-11-09,30,355.2,65.35414883
2016-11-09,35,343.2,63.6301728
2016-11-09,40,376.8,63.07383809
2016-11-09,45,319.2,65.02283837
2016-11-09,50,271.2,62.56518133
2016-11-09,55,278.4,63.02744583
2016-11-09,60,300,61.69230624
2016-11-09,65,302.4,62.62054139
2016-11-09,70,290.4,61.18092088
2016-11-09,75,292.8,64.62287614
2016-11-09,80,259.2,62.57567337
2016-11-09,85,314.4,63.57820407
2016-11-09,90,319.2,61.90427844
2016-11-09,95,324,61.43402545
2016-11-09,100,232.8,63.22827873
2016-11-09,105,266.4,62.47322558
2016-11-09,110,295.2,60.3532706
2016-11-09,115,264,63.1179799
2016-11-09,120,240,62.31253938
2016-11-09,125,208.8,59.95414657
2016-11-09,130,280.8,58.67181512
2016-11-09,135,240,60.62220627
2016-11-09,140,247.2,60.26227723
2016-11-09,145,223.2,62.15493041
2016-11-09,150,220.8,62.50708442
2016-11-09,155,220.8,57.00186814
2016-11-09,160,259.2,63.32395609
2016-11-09,165,254.4,63.02259318
2016-11-09,170,196.8,63.87493315
2016-11-09,175,206.4,62.20746838
2016-11-09,180,223.2,61.86392793
2016-11-09,185,216,65.53162093
2016-11-09,190,218.4,64.51876292
2016-11-09,195,247.2,61.64211053
2016-11-09,200,273.6,62.31971045
2016-11-09,205,254.4,62.51884929
2016-11-09,210,232.8,63.66944445
2016-11-09,215,213.6,63.74182294
2016-11-09,220,343.2,64.44529752
2016-11-09,225,312,63.74710669
2016-11-09,230,280.8,63.2407495
2016-11-09,235,312,62.33319479
2016-11-09,240,283.2,64.00033207
2016-11-09,245,300,64.34364085
2016-11-09,250,297.6,66.335929
2016-11-09,255,381.6,64.89625916
2016-11-09,260,381.6,63.29528588
2016-11-09,265,417.6,64.55445075
2016-11-09,270,460.8,65.84048168
2016-11-09,275,472.8,66.23938561
2016-11-09,280,528,66.07489913
2016-11-09,285,520.8,66.17705091
2016-11-09,290,571.2,66.75796152
2016-11-09,295,530.4,66.76803116
2016-11-09,300,489.6,65.13974496
2016-11-09,305,556.8,64.7016005
2016-11-09,310,674.4,63.88982307
2016-11-09,315,787.2,66.3925858
2016-11-09,320,835.2,67.34003537
2016-11-09,325,844.8,66.23170117
2016-11-09,330,1084.8,64.76171524
2016-11-09,335,1116,65.3356541
2016-11-09,340,1108.8,65.82702988
2016-11-09,345,1152,66.14175972
2016-11-09,350,1015.2,64.74693553
2016-11-09,355,1046.4,66.19223963
2016-11-09,360,1058.4,64.43480673
2016-11-09,365,1056,63.66094131
2016-11-09,370,1015.2,65.95545922
2016-11-09,375,1149.6,64.89018909
2016-11-09,380,1123.2,64.22673455
2016-11-09,385,1305.6,64.49384362
2016-11-09,390,1154.4,65.78457223
2016-11-09,395,1384.8,64.39004998
2016-11-09,400,1360.8,64.29839098
2016-11-09,405,1310.4,64.17158309
2016-11-09,410,1293.6,64.19750829
2016-11-09,415,1164,65.78911423
2016-11-09,420,1156.8,65.43504309
2016-11-09,425,1195.2,65.14853701
2016-11-09,430,1300.8,64.52990383
2016-11-09,435,1305.6,60.84010024
2016-11-09,440,1245.6,64.71749022
2016-11-09,445,1336.8,64.37518169
2016-11-09,450,1207.2,64.25061429
2016-11-09,455,1245.6,64.90652429
2016-11-09,460,1353.6,65.07976389
2016-11-09,465,1240.8,64.57826969
2016-11-09,470,1200,62.81266219
2016-11-09,475,1233.6,57.57082323
2016-11-09,480,1192.8,64.39474551
2016-11-09,485,1096.8,65.0501754
2016-11-09,490,1125.6,64.99326197
2016-11-09,495,1056,65.20934064
2016-11-09,500,1051.2,65.38019579
2016-11-09,505,1212,65.23350557
2016-11-09,510,1149.6,64.26412881
2016-11-09,515,1113.6,63.58984559
2016-11-09,520,1118.4,64.85988039
2016-11-09,525,1128,64.57487119
2016-11-09,530,1089.6,65.14928673
2016-11-09,535,1056,64.17476065
2016-11-09,540,1248,65.08604923
2016-11-09,545,1082.4,66.10310465
2016-11-09,550,1164,63.72258094
2016-11-09,555,1185.6,65.20249296
2016-11-09,560,1192.8,65.39966929
2016-11-09,565,1072.8,64.49471869
2016-11-09,570,1423.2,65.95217412
2016-11-09,575,1106.4,65.43476186
2016-11-09,580,1298.4,65.54287831
2016-11-09,585,1269.6,65.71465493
2016-11-09,590,1226.4,65.47898031
2016-11-09,595,1214.4,65.42508189
2016-11-09,600,1183.2,65.22193134
2016-11-09,605,1130.4,65.17579663
2016-11-09,610,1231.2,64.88145357
2016-11-09,615,1192.8,64.92692283
2016-11-09,620,1137.6,65.86065905
2016-11-09,625,1173.6,66.85843654
2016-11-09,630,1274.4,65.25193744
2016-11-09,635,1214.4,66.03932729
2016-11-09,640,1334.4,64.30303378
2016-11-09,645,1214.4,65.00184886
2016-11-09,650,1140,64.41717791
2016-11-09,655,1329.6,65.34785302
2016-11-09,660,1310.4,64.87361594
2016-11-09,665,1267.2,65.58672443
2016-11-09,670,1363.2,65.52237245
2016-11-09,675,1346.4,64.91852767
2016-11-09,680,1322.4,64.87643172
2016-11-09,685,1279.2,65.41080166
2016-11-09,690,1159.2,65.58124971
2016-11-09,695,1509.6,63.28927646
2016-11-09,700,1236,64.68821158
2016-11-09,705,1459.2,63.52508451
2016-11-09,710,1425.6,65.72533635
2016-11-09,715,1384.8,65.8180138
2016-11-09,720,1344,65.394816
2016-11-09,725,1464,65.27232628
2016-11-09,730,1456.8,64.87439648
2016-11-09,735,1526.4,64.8677687
2016-11-09,740,1636.8,60.4413934
2016-11-09,745,1500,58.07366608
2016-11-09,750,1490.4,60.23610589
2016-11-09,755,1413.6,64.66944945
2016-11-09,760,1586.4,63.59555041
2016-11-09,765,1452,63.61030007
2016-11-09,770,1411.2,64.97019763
2016-11-09,775,1425.6,64.69706134
2016-11-09,780,1483.2,63.12244798
2016-11-09,785,1555.2,60.88825112
2016-11-09,790,1476,63.55574185
2016-11-09,795,1665.6,64.79321261
2016-11-09,800,1324.8,54.93295883
2016-11-09,805,1545.6,50.68583811
2016-11-09,810,1260,43.09163864
2016-11-09,815,1408.8,43.59735649
2016-11-09,820,1392,45.41041431
2016-11-09,825,1478.4,50.45708364
2016-11-09,830,1394.4,44.05306499
2016-11-09,835,1425.6,44.77218251
2016-11-09,840,1389.6,42.05100244
2016-11-09,845,1140,33.82335129
2016-11-09,850,1368,40.79799743
2016-11-09,855,1252.8,40.40661722
2016-11-09,860,1293.6,40.33835264
2016-11-09,865,1200,38.68370841
2016-11-09,870,1226.4,33.96753779
2016-11-09,875,1320,38.60982405
2016-11-09,880,1255.2,36.1679089
2016-11-09,885,1284,34.08184969
2016-11-09,890,1408.8,41.22967405
2016-11-09,895,1240.8,39.73048715
2016-11-09,900,1284,39.92151122
2016-11-09,905,1178.4,34.05399359
2016-11-09,910,1080,26.09235807
2016-11-09,915,1356,32.53450793
2016-11-09,920,1288.8,38.16334358
2016-11-09,925,1322.4,32.69205084
2016-11-09,930,1147.2,39.79540199
2016-11-09,935,1183.2,42.35817061
2016-11-09,940,1159.2,27.62026027
2016-11-09,945,1022.4,22.95877308
2016-11-09,950,1214.4,31.56459022
2016-11-09,955,1132.8,29.22623072
2016-11-09,960,962.4,17.81740388
2016-11-09,965,1041.6,19.23096257
2016-11-09,970,1159.2,19.55842653
2016-11-09,975,811.2,18.28973832
2016-11-09,980,988.8,17.60757427
2016-11-09,985,938.4,12.77454736
2016-11-09,990,969.6,13.32800914
2016-11-09,995,895.2,13.49645523
2016-11-09,1000,945.6,10.07304602
2016-11-09,1005,866.4,8.470099868
2016-11-09,1010,760.8,5.59964671
2016-11-09,1015,842.4,7.319640522
2016-11-09,1020,914.4,11.02369799
2016-11-09,1025,967.2,15.91221008
2016-11-09,1030,823.2,13.49619641
2016-11-09,1035,686.4,11.03280602
2016-11-09,1040,727.2,5.41647159
2016-11-09,1045,772.8,8.031796067
2016-11-09,1050,727.2,7.157480315
2016-11-09,1055,770.4,7.56919622
2016-11-09,1060,705.6,6.002673688
2016-11-09,1065,734.4,6.897316637
2016-11-09,1070,710.4,5.656050955
2016-11-09,1075,933.6,12.89140933
2016-11-09,1080,948,12.98677411
2016-11-09,1085,854.4,11.85783535
2016-11-09,1090,816,9.65615174
2016-11-09,1095,1197.6,15.13713925
2016-11-09,1100,1020,21.54221516
2016-11-09,1105,960,20.55929599
2016-11-09,1110,1327.2,20.76948764
2016-11-09,1115,1063.2,24.27960064
2016-11-09,1120,1224,32.54096637
2016-11-09,1125,1164,32.99738541
2016-11-09,1130,1257.6,31.77445716
2016-11-09,1135,936,39.72939463
2016-11-09,1140,1322.4,42.26335571
2016-11-09,1145,1281.6,57.24161364
2016-11-09,1150,1192.8,63.67229336
2016-11-09,1155,1358.4,63.27488572
2016-11-09,1160,1312.8,63.07264859
2016-11-09,1165,1317.6,63.44303211
2016-11-09,1170,1303.2,63.22247858
2016-11-09,1175,1149.6,64.70905538
2016-11-09,1180,1178.4,64.75849936
2016-11-09,1185,1226.4,65.67755946
2016-11-09,1190,1137.6,63.70035409
2016-11-09,1195,1176,64.79766397
2016-11-09,1200,1039.2,64.83865589
2016-11-09,1205,1017.6,65.55083143
2016-11-09,1210,1154.4,64.06017367
2016-11-09,1215,1207.2,64.4460373
2016-11-09,1220,1125.6,65.22322286
2016-11-09,1225,1190.4,63.90802976
2016-11-09,1230,1142.4,63.76956428
2016-11-09,1235,1130.4,64.73780753
2016-11-09,1240,1089.6,64.41346154
2016-11-09,1245,1063.2,63.9960898
2016-11-09,1250,993.6,63.95474822
2016-11-09,1255,1089.6,64.00914896
2016-11-09,1260,928.8,64.54839411
2016-11-09,1265,1029.6,64.79074984
2016-11-09,1270,1183.2,63.00190223
2016-11-09,1275,1101.6,64.53644041
2016-11-09,1280,1022.4,64.81985898
2016-11-09,1285,979.2,64.46535335
2016-11-09,1290,907.2,64.69110634
2016-11-09,1295,1072.8,63.93283963
2016-11-09,1300,1065.6,64.08221759
2016-11-09,1305,938.4,64.15713231
2016-11-09,1310,904.8,63.90882584
2016-11-09,1315,921.6,64.70985417
2016-11-09,1320,888,64.64161757
2016-11-09,1325,840,64.19483674
2016-11-09,1330,916.8,64.16134552
2016-11-09,1335,931.2,65.71738999
2016-11-09,1340,885.6,63.70271482
2016-11-09,1345,840,64.7471963
2016-11-09,1350,768,63.97389609
2016-11-09,1355,837.6,64.34317825
2016-11-09,1360,720,64.99652731
2016-11-09,1365,705.6,64.05480511
2016-11-09,1370,590.4,64.09893993
2016-11-09,1375,633.6,63.27335444
2016-11-09,1380,535.2,63.95090321
2016-11-09,1385,698.4,64.00974227
2016-11-09,1390,652.8,63.33395442
2016-11-09,1395,607.2,63.42698409
2016-11-09,1400,592.8,64.57400294
2016-11-09,1405,518.4,62.86576891
2016-11-09,1410,549.6,64.01266189
2016-11-09,1415,624,65.18399402
2016-11-09,1420,588,64.05736731
2016-11-09,1425,506.4,64.86569153
2016-11-09,1430,427.2,65.73105608
2016-11-09,1435,352.8,61.9345622
2016-11-10,0,36,65.921522
2016-11-10,5,456,62.48617056
2016-11-10,10,439.2,61.23398312
2016-11-10,15,468,64.40947263
2016-11-10,20,432,63.55518315
2016-11-10,25,396,64.19633193
2016-11-10,30,381.6,62.65839996
2016-11-10,35,412.8,63.45651388
2016-11-10,40,348,64.47724506
2016-11-10,45,316.8,60.11379134
2016-11-10,50,360,62.25337487
2016-11-10,55,297.6,63.69815356
2016-11-10,60,314.4,62.79011627
2016-11-10,65,276,62.46753045
2016-11-10,70,307.2,60.12585528
2016-11-10,75,328.8,62.73578518
2016-11-10,80,235.2,63.27804393
2016-11-10,85,271.2,64.06201835
2016-11-10,90,280.8,64.43962517
2016-11-10,95,228,62.67123817
2016-11-10,100,249.6,61.29852177
2016-11-10,105,208.8,62.332555
2016-11-10,110,331.2,60.321623
2016-11-10,115,235.2,59.94001043
2016-11-10,120,240,60.31023926
2016-11-10,125,307.2,60.17090365
2016-11-10,130,244.8,61.78838658
2016-11-10,135,276,62.26638583
2016-11-10,140,268.8,61.42957682
2016-11-10,145,247.2,62.31916681
2016-11-10,150,268.8,63.12464516
2016-11-10,155,187.2,61.8003288
2016-11-10,160,244.8,63.1827575
2016-11-10,165,225.6,61.85223621
2016-11-10,170,194.4,60.19836672
2016-11-10,175,192,60.25788195
2016-11-10,180,242.4,61.08115669
2016-11-10,185,216,59.14376451
2016-11-10,190,230.4,60.60600698
2016-11-10,195,180,60.9640682
2016-11-10,200,247.2,61.90844461
2016-11-10,205,232.8,63.01458884
2016-11-10,210,283.2,65.19882796
2016-11-10,215,326.4,64.20016311
2016-11-10,220,288,64.16431145
2016-11-10,225,285.6,62.79190942
2016-11-10,230,271.2,62.62554326
2016-11-10,235,256.8,62.02032231
2016-11-10,240,345.6,62.85785683
2016-11-10,245,264,61.77860191
2016-11-10,250,324,62.61560395
2016-11-10,255,379.2,63.15310971
2016-11-10,260,388.8,63.02680035
2016-11-10,265,427.2,65.01132541
2016-11-10,270,429.6,64.56336311
2016-11-10,275,564,64.44187214
2016-11-10,280,542.4,65.11763046
2016-11-10,285,508.8,65.3543603
2016-11-10,290,588,64.86569554
2016-11-10,295,585.6,64.72400308
2016-11-10,300,573.6,66.12994761
2016-11-10,305,657.6,65.6827729
2016-11-10,310,631.2,66.57677035
2016-11-10,315,739.2,65.71046913
2016-11-10,320,808.8,65.33934342
2016-11-10,325,816,64.33662401
2016-11-10,330,981.6,64.20192419
2016-11-10,335,993.6,64.62243899
2016-11-10,340,1128,64.70808903
2016-11-10,345,1156.8,65.81383667
2016-11-10,350,1008,65.64557649
2016-11-10,355,1012.8,64.7938435
2016-11-10,360,964.8,63.68119679
2016-11-10,365,1017.6,63.45984185
2016-11-10,370,1087.2,65.064357
2016-11-10,375,1132.8,64.39257838
2016-11-10,380,1228.8,62.63532264
2016-11-10,385,1233.6,62.90217861
2016-11-10,390,1195.2,63.57761285
2016-11-10,395,1310.4,62.48865475
2016-11-10,400,1353.6,65.41541708
2016-11-10,405,1346.4,63.4891921
2016-11-10,410,1255.2,64.11711979
2016-11-10,415,1216.8,64.28538964
2016-11-10,420,1192.8,64.02511715
2016-11-10,425,1274.4,63.39475238
2016-11-10,430,1296,63.42032038
2016-11-10,435,1312.8,63.59526128
2016-11-10,440,1317.6,65.45991063
2016-11-10,445,1288.8,63.26937992
2016-11-10,450,957.6,63.81721299
2016-11-10,455,1060.8,65.6245782
2016-11-10,460,1108.8,65.60808513
2016-11-10,465,1111.2,65.4166852
2016-11-10,470,1065.6,64.53319345
2016-11-10,475,1156.8,64.53367641
2016-11-10,480,996,64.42529994
2016-11-10,485,1152,63.79078435
2016-11-10,490,1094.4,65.00303613
2016-11-10,495,1257.6,64.01121532
2016-11-10,500,1200,64.1910395
2016-11-10,505,1132.8,63.98167704
2016-11-10,510,1250.4,63.17648609
2016-11-10,515,1243.2,62.69319741
2016-11-10,520,1212,63.6918177
2016-11-10,525,1178.4,63.48709556
2016-11-10,530,1106.4,64.85123631
2016-11-10,535,1108.8,64.87448204
2016-11-10,540,1022.4,64.1235702
2016-11-10,545,1406.4,65.15560453
2016-11-10,550,1336.8,64.97347805
2016-11-10,555,1310.4,65.5249208
2016-11-10,560,1214.4,65.47109438
2016-11-10,565,1245.6,63.54845297
2016-11-10,570,1356,64.57520336
2016-11-10,575,1252.8,65.37950769
2016-11-10,580,1276.8,64.5006065
2016-11-10,585,1344,63.64954864
2016-11-10,590,1245.6,64.44314556
2016-11-10,595,1159.2,64.5854232
2016-11-10,600,1346.4,64.06240839
2016-11-10,605,1447.2,64.13387326
2016-11-10,610,1286.4,65.39008326
2016-11-10,615,1344,64.89129062
2016-11-10,620,1356,65.83951195
2016-11-10,625,1315.2,65.58875267
2016-11-10,630,1334.4,64.84386073
2016-11-10,635,1423.2,64.76294888
2016-11-10,640,1358.4,64.99261013
2016-11-10,645,842.4,65.02195108
2016-11-10,650,835.2,65.36836312
2016-11-10,655,1358.4,63.96721871
2016-11-10,660,1382.4,61.02576394
2016-11-10,665,1380,65.48465255
2016-11-10,670,1308,66.21004435
2016-11-10,675,1375.2,63.8694176
2016-11-10,680,1423.2,64.79701888
2016-11-10,685,1365.6,65.63998412
2016-11-10,690,1372.8,66.49044888
2016-11-10,695,1452,64.38499784
2016-11-10,700,1449.6,64.66548682
2016-11-10,705,1396.8,64.02573749
2016-11-10,710,1394.4,65.02953954
2016-11-10,715,1447.2,65.78025071
2016-11-10,720,1456.8,64.34802843
2016-11-10,725,1497.6,64.0217334
2016-11-10,730,1483.2,64.69914368
2016-11-10,735,1560,65.52019315
2016-11-10,740,1572,63.19142763
2016-11-10,745,1675.2,62.87166566
2016-11-10,750,1497.6,64.61190837
2016-11-10,755,1550.4,64.47476684
2016-11-10,760,1425.6,62.82583397
2016-11-10,765,1579.2,63.2084148
2016-11-10,770,1480.8,64.43892358
2016-11-10,775,1576.8,62.76533133
2016-11-10,780,1545.6,63.63509708
2016-11-10,785,1552.8,60.34215166
2016-11-10,790,1555.2,55.40373403
2016-11-10,795,1581.6,53.43039976
2016-11-10,800,1524,50.12955889
2016-11-10,805,1586.4,50.28037625
2016-11-10,810,1615.2,54.2258232
2016-11-10,815,1476,46.2187219
2016-11-10,820,1351.2,46.93377386
2016-11-10,825,1713.6,47.11139969
2016-11-10,830,1576.8,51.4048313
2016-11-10,835,1552.8,50.3532361
2016-11-10,840,1627.2,50.42513361
2016-11-10,845,1430.4,47.30014047
2016-11-10,850,1488,43.52622996
2016-11-10,855,1365.6,41.51794509
2016-11-10,860,1509.6,49.26718234
2016-11-10,865,1444.8,45.74876392
2016-11-10,870,1516.8,51.82063939
2016-11-10,875,1504.8,51.33292736
2016-11-10,880,1209.6,37.55906315
2016-11-10,885,1212,33.85126407
2016-11-10,890,1212,31.16606826
2016-11-10,895,1010.4,31.73812158
2016-11-10,900,844.8,33.29137822
2016-11-10,905,1173.6,27.85487409
2016-11-10,910,1123.2,28.00913659
2016-11-10,915,1216.8,31.1520054
2016-11-10,920,1108.8,27.95615358
2016-11-10,925,1207.2,30.53995122
2016-11-10,930,1058.4,20.4322386
2016-11-10,935,1087.2,23.4568112
2016-11-10,940,1176,21.86194851
2016-11-10,945,1212,30.63277936
2016-11-10,950,957.6,12.77299067
2016-11-10,955,940.8,14.45479599
2016-11-10,960,859.2,11.59608031
2016-11-10,965,900,9.067899635
2016-11-10,970,1082.4,19.42669607
2016-11-10,975,1075.2,23.39914999
2016-11-10,980,967.2,17.81171413
2016-11-10,985,724.8,10.44208447
2016-11-10,990,748.8,6.270429226
2016-11-10,995,684,3.078307831
2016-11-10,1000,712.8,3.992787333
2016-11-10,1005,780,8.101851852
2016-11-10,1010,667.2,4.48146158
2016-11-10,1015,811.2,7.22060683
2016-11-10,1020,904.8,11.81201044
2016-11-10,1025,710.4,11.05416091
2016-11-10,1030,604.8,4.502962475
2016-11-10,1035,681.6,5.68315731
2016-11-10,1040,722.4,7.568528596
2016-11-10,1045,897.6,15.7528484
2016-11-10,1050,861.6,11.34438952
2016-11-10,1055,674.4,8.512024968
2016-11-10,1060,720,5.834053587
2016-11-10,1065,777.6,6.585365854
2016-11-10,1070,679.2,6.467339554
2016-11-10,1075,962.4,10.24483713
2016-11-10,1080,823.2,9.260518934
2016-11-10,1085,900,15.54042131
2016-11-10,1090,878.4,9.734434818
2016-11-10,1095,988.8,12.13766013
2016-11-10,1100,859.2,9.630198942
2016-11-10,1105,955.2,11.97837227
2016-11-10,1110,1248,21.26974359
2016-11-10,1115,957.6,19.71858055
2016-11-10,1120,914.4,14.27935146
2016-11-10,1125,1012.8,15.56193032
2016-11-10,1130,1188,24.53904183
2016-11-10,1135,1080,26.33289987
2016-11-10,1140,1046.4,30.31452103
2016-11-10,1145,1394.4,36.74318421
2016-11-10,1150,523.2,37.01086736
2016-11-10,1155,1288.8,40.90932095
2016-11-10,1160,1192.8,35.12440363
2016-11-10,1165,1048.8,37.22259617
2016-11-10,1170,1454.4,35.49721016
2016-11-10,1175,1238.4,38.57445983
2016-11-10,1180,1286.4,36.29291524
2016-11-10,1185,1298.4,45.90419012
2016-11-10,1190,1384.8,45.34321284
2016-11-10,1195,1255.2,45.29394365
2016-11-10,1200,1219.2,61.13064276
2016-11-10,1205,1168.8,65.18810686
2016-11-10,1210,1197.6,64.53055724
2016-11-10,1215,1188,66.00617032
2016-11-10,1220,1284,64.57980376
2016-11-10,1225,1192.8,64.69058661
2016-11-10,1230,1185.6,65.18041416
2016-11-10,1235,1120.8,65.43200252
2016-11-10,1240,1212,64.13017786
2016-11-10,1245,1147.2,65.29793753
2016-11-10,1250,1159.2,65.12433301
2016-11-10,1255,1137.6,58.16525696
2016-11-10,1260,976.8,60.44081678
2016-11-10,1265,1310.4,61.61265263
2016-11-10,1270,1192.8,61.17633957
2016-11-10,1275,1185.6,61.26565976
2016-11-10,1280,957.6,63.76071712
2016-11-10,1285,1080,63.80421431
2016-11-10,1290,1051.2,63.62107072
2016-11-10,1295,1044,63.69913168
2016-11-10,1300,1075.2,63.77682411
2016-11-10,1305,1053.6,63.68734893
2016-11-10,1310,955.2,64.45826198
2016-11-10,1315,976.8,65.87695834
2016-11-10,1320,1075.2,65.49976852
2016-11-10,1325,892.8,65.36145394
2016-11-10,1330,960,65.50418386
2016-11-10,1335,1032,64.85590772
2016-11-10,1340,984,65.04352076
2016-11-10,1345,919.2,65.29382946
2016-11-10,1350,1070.4,64.4578774
2016-11-10,1355,948,66.35881148
2016-11-10,1360,883.2,64.01730544
2016-11-10,1365,967.2,66.10033192
2016-11-10,1370,808.8,64.82893918
2016-11-10,1375,768,64.30427275
2016-11-10,1380,794.4,65.31766015
2016-11-10,1385,660,64.06947896
2016-11-10,1390,1094.4,64.96852431
2016-11-10,1395,837.6,66.00946692
2016-11-10,1400,866.4,65.76925587
2016-11-10,1405,756,64.21635149
2016-11-10,1410,952.8,64.98188066
2016-11-10,1415,724.8,65.26358367
2016-11-10,1420,940.8,64.64616983
2016-11-10,1425,708,66.11343706
2016-11-10,1430,856.8,65.25040561
2016-11-10,1435,686.4,66.10870076
2016-11-11,0,76.8,60.60133135
2016-11-11,5,523.2,63.45633973
2016-11-11,10,552,65.56877733
2016-11-11,15,604.8,65.65617456
2016-11-11,20,657.6,66.03632131
2016-11-11,25,532.8,65.06174639
2016-11-11,30,439.2,63.93850031
2016-11-11,35,434.4,65.31966003
2016-11-11,40,448.8,64.69801761
2016-11-11,45,451.2,64.61025757
2016-11-11,50,417.6,63.77896998
2016-11-11,55,367.2,64.5977229
2016-11-11,60,444,63.54458424
2016-11-11,65,319.2,63.7971401
2016-11-11,70,422.4,61.54048659
2016-11-11,75,379.2,63.38938121
2016-11-11,80,434.4,62.73216504
2016-11-11,85,396,63.41563723
2016-11-11,90,372,63.71912558
2016-11-11,95,343.2,62.65458554
2016-11-11,100,396,62.80436023
2016-11-11,105,302.4,62.00757786
2016-11-11,110,381.6,62.51592012
2016-11-11,115,247.2,62.87348395
2016-11-11,120,331.2,64.09833787
2016-11-11,125,285.6,63.13311752
2016-11-11,130,357.6,62.41821749
2016-11-11,135,290.4,63.11151079
2016-11-11,140,309.6,62.60917885
2016-11-11,145,355.2,62.75870556
2016-11-11,150,369.6,63.07948915
2016-11-11,155,280.8,64.90372515
2016-11-11,160,271.2,64.41147998
2016-11-11,165,252,64.30404698
2016-11-11,170,259.2,64.30866467
2016-11-11,175,261.6,61.87732302
2016-11-11,180,218.4,63.38514407
2016-11-11,185,266.4,63.9855671
2016-11-11,190,232.8,62.59995612
2016-11-11,195,357.6,64.95491793
2016-11-11,200,278.4,65.38185305
2016-11-11,205,271.2,63.41939525
2016-11-11,210,312,62.75141294
2016-11-11,215,300,63.47548912
2016-11-11,220,312,64.47416665
2016-11-11,225,369.6,63.57533895
2016-11-11,230,290.4,64.69435206
2016-11-11,235,302.4,65.58990882
2016-11-11,240,276,65.06717168
2016-11-11,245,328.8,63.11762842
2016-11-11,250,422.4,63.04222549
2016-11-11,255,453.6,65.87309926
2016-11-11,260,388.8,65.3746333
2016-11-11,265,352.8,64.78613025
2016-11-11,270,432,64.80905724
2016-11-11,275,547.2,65.37264626
2016-11-11,280,520.8,64.55847862
2016-11-11,285,592.8,65.69257271
2016-11-11,290,470.4,66.66159079
2016-11-11,295,537.6,65.71860225
2016-11-11,300,453.6,65.29375758
2016-11-11,305,530.4,65.57277037
2016-11-11,310,710.4,66.14167634
2016-11-11,315,693.6,65.51506397
2016-11-11,320,768,64.9081333
2016-11-11,325,808.8,65.96002331
2016-11-11,330,907.2,67.43366212
2016-11-11,335,991.2,65.61412291
2016-11-11,340,1032,64.77406952
2016-11-11,345,1065.6,66.04546082
2016-11-11,350,1051.2,65.81351019
2016-11-11,355,818.4,65.0297501
2016-11-11,360,976.8,64.14017825
2016-11-11,365,919.2,65.26270198
2016-11-11,370,981.6,63.5720776
2016-11-11,375,1070.4,63.8401076
2016-11-11,380,1084.8,64.10745435
2016-11-11,385,1051.2,64.77735142
2016-11-11,390,1238.4,65.21886932
2016-11-11,395,1236,64.07025633
2016-11-11,400,1267.2,64.70217479
2016-11-11,405,1221.6,64.98848169
2016-11-11,410,1178.4,65.18908179
2016-11-11,415,1092,64.80257311
2016-11-11,420,1084.8,63.75640233
2016-11-11,425,1084.8,64.41197437
2016-11-11,430,1123.2,64.85322882
2016-11-11,435,1144.8,65.24969412
2016-11-11,440,1248,66.03048954
2016-11-11,445,1183.2,65.55010675
2016-11-11,450,1264.8,64.79926229
2016-11-11,455,1315.2,65.6292421
2016-11-11,460,1183.2,64.45138317
2016-11-11,465,1180.8,64.5635816
2016-11-11,470,1144.8,65.04411394
2016-11-11,475,1135.2,64.70137973
2016-11-11,480,1070.4,65.38609994
2016-11-11,485,1094.4,64.22352403
2016-11-11,490,1005.6,66.26516946
2016-11-11,495,1152,65.96041816
2016-11-11,500,1099.2,65.28314403
2016-11-11,505,1147.2,63.7896884
2016-11-11,510,1068,66.11063124
2016-11-11,515,1144.8,66.20626327
2016-11-11,520,1053.6,66.90623065
2016-11-11,525,1104,66.59271908
2016-11-11,530,1075.2,66.23053307
2016-11-11,535,1027.2,65.3781411
2016-11-11,540,1116,65.63231583
2016-11-11,545,1149.6,65.54510483
2016-11-11,550,1135.2,64.94360041
2016-11-11,555,1248,65.52752412
2016-11-11,560,1269.6,65.86860154
2016-11-11,565,1106.4,66.41073978
2016-11-11,570,1423.2,66.54537637
2016-11-11,575,1437.6,66.40423883
2016-11-11,580,1382.4,66.20039293
2016-11-11,585,1437.6,65.86406429
2016-11-11,590,1312.8,65.15711312
2016-11-11,595,1392,66.23680918
2016-11-11,600,1399.2,65.96984359
2016-11-11,605,1389.6,66.67881557
2016-11-11,610,1548,62.67473906
2016-11-11,615,1382.4,65.02888994
2016-11-11,620,1430.4,66.87856616
2016-11-11,625,1488,63.6610643
2016-11-11,630,1492.8,65.67552895
2016-11-11,635,1495.2,64.18076755
2016-11-11,640,1629.6,64.13016451
2016-11-11,645,1459.2,64.37704715
2016-11-11,650,1497.6,64.14924499
2016-11-11,655,1608,62.76554675
2016-11-11,660,1555.2,63.63992708
2016-11-11,665,1473.6,66.08063903
2016-11-11,670,1545.6,64.84805416
2016-11-11,675,1668,63.53934671
2016-11-11,680,1620,63.86208779
2016-11-11,685,1430.4,65.59221046
2016-11-11,690,1545.6,62.69228527
2016-11-11,695,1466.4,53.75125281
2016-11-11,700,1543.2,52.05356758
2016-11-11,705,1480.8,48.29299727
2016-11-11,710,1572,53.42222972
2016-11-11,715,1560,56.85220161
2016-11-11,720,1413.6,60.42951648
2016-11-11,725,1574.4,62.49969896
2016-11-11,730,1646.4,60.73289597
2016-11-11,735,1543.2,53.2794704
2016-11-11,740,1536,44.80209794
2016-11-11,745,1555.2,50.88921889
2016-11-11,750,1632,56.98228596
2016-11-11,755,1593.6,54.14916204
2016-11-11,760,1708.8,54.66364246
2016-11-11,765,1574.4,54.49924651
2016-11-11,770,1591.2,49.06535742
2016-11-11,775,1572,51.67107255
2016-11-11,780,1598.4,49.10580604
2016-11-11,785,1569.6,52.58689964
2016-11-11,790,1416,55.01110011
2016-11-11,795,1788,53.11316587
2016-11-11,800,1615.2,55.69188288
2016-11-11,805,1514.4,47.67598278
2016-11-11,810,1317.6,39.55021856
2016-11-11,815,1428,38.56113472
2016-11-11,820,1507.2,44.354956
2016-11-11,825,1396.8,46.91055071
2016-11-11,830,1488,47.70366134
2016-11-11,835,1452,45.26695918
2016-11-11,840,1240.8,35.2468431
2016-11-11,845,1291.2,41.4391626
2016-11-11,850,1291.2,35.63684089
2016-11-11,855,1360.8,37.42745817
2016-11-11,860,1207.2,36.61607091
2016-11-11,865,1363.2,38.04873832
2016-11-11,870,1459.2,44.79337959
2016-11-11,875,1322.4,45.86053512
2016-11-11,880,1336.8,39.46776771
2016-11-11,885,1389.6,33.62522358
2016-11-11,890,1389.6,38.88797864
2016-11-11,895,1233.6,38.61591463
2016-11-11,900,1332,35.10818647
2016-11-11,905,1384.8,37.94379729
2016-11-11,910,1173.6,33.20088283
2016-11-11,915,1236,35.87041377
2016-11-11,920,1363.2,35.98798071
2016-11-11,925,1214.4,26.99478765
2016-11-11,930,1274.4,31.58766199
2016-11-11,935,1156.8,29.66105558
2016-11-11,940,1087.2,21.66556244
2016-11-11,945,1099.2,13.59607388
2016-11-11,950,1190.4,20.26248944
2016-11-11,955,1228.8,28.45627221
2016-11-11,960,1353.6,40.53993455
2016-11-11,965,1207.2,29.21809942
2016-11-11,970,1113.6,18.29415862
2016-11-11,975,1096.8,20.80297341
2016-11-11,980,1209.6,27.13718969
2016-11-11,985,1128,27.42698267
2016-11-11,990,1192.8,34.44990379
2016-11-11,995,1315.2,34.79823171
2016-11-11,1000,1188,37.02978961
2016-11-11,1005,1159.2,32.31861957
2016-11-11,1010,1204.8,23.3575187
2016-11-11,1015,1300.8,31.09661143
2016-11-11,1020,1104,30.08277636
2016-11-11,1025,1027.2,19.77542821
2016-11-11,1030,900,22.75267618
2016-11-11,1035,1252.8,41.96077553
2016-11-11,1040,1058.4,37.97835562
2016-11-11,1045,1161.6,27.94647286
2016-11-11,1050,1408.8,35.0711285
2016-11-11,1055,1365.6,35.58744886
2016-11-11,1060,1399.2,43.21963793
2016-11-11,1065,1231.2,41.55800585
2016-11-11,1070,984,23.2812354
2016-11-11,1075,1545.6,33.7171111
2016-11-11,1080,1430.4,40.89775069
2016-11-11,1085,1209.6,42.09146871
2016-11-11,1090,1500,47.0263026
2016-11-11,1095,1435.2,49.05657227
2016-11-11,1100,1363.2,47.965647
2016-11-11,1105,1464,50.7555357
2016-11-11,1110,1440,53.14916609
2016-11-11,1115,1334.4,55.53800157
2016-11-11,1120,1399.2,57.73522758
2016-11-11,1125,1327.2,57.49502184
2016-11-11,1130,1447.2,52.40596133
2016-11-11,1135,1291.2,53.08999454
2016-11-11,1140,1286.4,52.0123303
2016-11-11,1145,1377.6,51.98919753
2016-11-11,1150,1322.4,55.7288968
2016-11-11,1155,1353.6,59.74653632
2016-11-11,1160,1156.8,64.71839172
2016-11-11,1165,1459.2,64.54097471
2016-11-11,1170,1284,64.72174604
2016-11-11,1175,1336.8,64.6233764
2016-11-11,1180,1130.4,63.64962623
2016-11-11,1185,1166.4,64.63241824
2016-11-11,1190,1130.4,64.82413033
2016-11-11,1195,1164,58.33995666
2016-11-11,1200,1195.2,60.75442635
2016-11-11,1205,1202.4,64.90807182
2016-11-11,1210,1125.6,63.88974394
2016-11-11,1215,1255.2,63.92724745
2016-11-11,1220,1303.2,64.90964234
2016-11-11,1225,1228.8,64.7936555
2016-11-11,1230,1087.2,65.21621851
2016-11-11,1235,1084.8,65.07347055
2016-11-11,1240,1228.8,64.71295979
2016-11-11,1245,1092,65.34280608
2016-11-11,1250,1156.8,65.31571169
2016-11-11,1255,998.4,64.97749521
2016-11-11,1260,1048.8,64.77072343
2016-11-11,1265,1044,63.60415633
2016-11-11,1270,1082.4,64.54608724
2016-11-11,1275,1092,63.65049406
2016-11-11,1280,1015.2,64.72456441
2016-11-11,1285,1236,65.10583626
2016-11-11,1290,1065.6,64.40144138
2016-11-11,1295,1089.6,65.10560618
2016-11-11,1300,856.8,64.54770391
2016-11-11,1305,621.6,64.19025166
2016-11-11,1310,1044,65.81220406
2016-11-11,1315,859.2,64.9558436
2016-11-11,1320,938.4,63.93882845
2016-11-11,1325,1262.4,64.50198151
2016-11-11,1330,1118.4,64.75108447
2016-11-11,1335,1044,66.00163858
2016-11-11,1340,1034.4,64.94094807
2016-11-11,1345,984,65.18955667
2016-11-11,1350,976.8,64.67187269
2016-11-11,1355,1183.2,63.6649213
2016-11-11,1360,1005.6,63.8715599
2016-11-11,1365,1020,64.20862208
2016-11-11,1370,760.8,63.61734577
2016-11-11,1375,1106.4,63.4049312
2016-11-11,1380,972,65.68626066
2016-11-11,1385,789.6,63.74442877
2016-11-11,1390,957.6,65.07206341
2016-11-11,1395,940.8,64.90702296
2016-11-11,1400,801.6,65.22328561
2016-11-11,1405,823.2,64.51656725
2016-11-11,1410,698.4,65.83415894
2016-11-11,1415,684,63.37319585
2016-11-11,1420,799.2,64.47435513
2016-11-11,1425,662.4,64.22928071
2016-11-11,1430,592.8,63.0329654
2016-11-11,1435,636,64.80828627
2016-11-14,0,60,63.03201428
2016-11-14,5,460.8,63.19293528
2016-11-14,10,405.6,63.44921494
2016-11-14,15,352.8,64.75571859
2016-11-14,20,396,63.32007299
2016-11-14,25,439.2,61.63054623
2016-11-14,30,410.4,65.16412683
2016-11-14,35,343.2,63.49270065
2016-11-14,40,355.2,65.71243681
2016-11-14,45,364.8,64.43677426
2016-11-14,50,376.8,63.44489845
2016-11-14,55,235.2,61.53438392
2016-11-14,60,300,62.21424428
2016-11-14,65,326.4,63.33061711
2016-11-14,70,268.8,62.423895
2016-11-14,75,276,61.58456193
2016-11-14,80,264,60.96915751
2016-11-14,85,273.6,61.14152081
2016-11-14,90,271.2,62.75651303
2016-11-14,95,266.4,61.7460309
2016-11-14,100,211.2,63.79899222
2016-11-14,105,254.4,62.84210978
2016-11-14,110,208.8,60.54417543
2016-11-14,115,232.8,62.14012961
2016-11-14,120,199.2,62.04431888
2016-11-14,125,225.6,61.42140221
2016-11-14,130,211.2,61.49428277
2016-11-14,135,213.6,62.57013761
2016-11-14,140,213.6,62.4125598
2016-11-14,145,254.4,63.02727092
2016-11-14,150,271.2,61.96839297
2016-11-14,155,261.6,62.64943806
2016-11-14,160,261.6,63.1311911
2016-11-14,165,187.2,62.39083755
2016-11-14,170,213.6,59.5370783
2016-11-14,175,220.8,60.23035331
2016-11-14,180,206.4,60.71276376
2016-11-14,185,223.2,61.94274568
2016-11-14,190,216,61.3142695
2016-11-14,195,213.6,63.44919514
2016-11-14,200,232.8,63.75485238
2016-11-14,205,230.4,62.49466418
2016-11-14,210,223.2,64.82126616
2016-11-14,215,326.4,61.61388513
2016-11-14,220,319.2,64.08136791
2016-11-14,225,290.4,62.95612269
2016-11-14,230,297.6,64.66878879
2016-11-14,235,314.4,62.50829293
2016-11-14,240,343.2,63.47342005
2016-11-14,245,324,64.07298685
2016-11-14,250,360,62.28587514
2016-11-14,255,400.8,64.32956291
2016-11-14,260,456,63.79244563
2016-11-14,265,475.2,64.85058327
2016-11-14,270,422.4,64.19857113
2016-11-14,275,631.2,65.87767694
2016-11-14,280,547.2,64.43376416
2016-11-14,285,552,65.82841998
2016-11-14,290,595.2,65.45759476
2016-11-14,295,602.4,66.46179391
2016-11-14,300,504,63.78827709
2016-11-14,305,590.4,68.1347791
2016-11-14,310,604.8,66.27188868
2016-11-14,315,748.8,64.78039352
2016-11-14,320,835.2,65.10067362
2016-11-14,325,837.6,66.68747629
2016-11-14,330,1048.8,66.32718708
2016-11-14,335,1075.2,66.12931097
2016-11-14,340,1118.4,65.02824053
2016-11-14,345,907.2,66.33175537
2016-11-14,350,1221.6,66.07591362
2016-11-14,355,928.8,66.38969823
2016-11-14,360,1089.6,63.90818246
2016-11-14,365,1032,63.84888268
2016-11-14,370,1156.8,63.49827995
2016-11-14,375,1113.6,64.00153773
2016-11-14,380,1171.2,64.04254813
2016-11-14,385,1197.6,64.23251775
2016-11-14,390,1255.2,64.61719009
2016-11-14,395,1269.6,64.77688495
2016-11-14,400,1360.8,63.84012839
2016-11-14,405,1281.6,64.69139552
2016-11-14,410,1144.8,66.08002513
2016-11-14,415,1264.8,64.93815123
2016-11-14,420,1197.6,64.54198587
2016-11-14,425,1209.6,64.1738255
2016-11-14,430,1185.6,64.56679905
2016-11-14,435,1327.2,64.36220284
2016-11-14,440,1173.6,65.47357192
2016-11-14,445,1315.2,65.23230778
2016-11-14,450,1329.6,64.55193161
2016-11-14,455,1363.2,64.59024919
2016-11-14,460,1245.6,64.76059762
2016-11-14,465,1332,63.15054423
2016-11-14,470,1161.6,64.49130281
2016-11-14,475,1192.8,64.24066025
2016-11-14,480,1171.2,63.73063135
2016-11-14,485,1099.2,65.57659592
2016-11-14,490,1132.8,66.30534805
2016-11-14,495,1099.2,64.62148582
2016-11-14,500,1116,65.59764157
2016-11-14,505,1128,65.01728875
2016-11-14,510,1147.2,65.28831385
2016-11-14,515,1149.6,64.96306855
2016-11-14,520,1164,62.38514271
2016-11-14,525,1051.2,63.93822594
2016-11-14,530,1207.2,65.58940238
2016-11-14,535,1144.8,65.85109447
2016-11-14,540,1188,65.21649568
2016-11-14,545,1180.8,64.32040287
2016-11-14,550,1245.6,64.36971134
2016-11-14,555,1216.8,63.84111009
2016-11-14,560,1207.2,64.48623712
2016-11-14,565,1197.6,66.18626829
2016-11-14,570,1303.2,65.29975494
2016-11-14,575,1279.2,65.22134743
2016-11-14,580,1332,64.92629932
2016-11-14,585,1310.4,65.59244258
2016-11-14,590,1245.6,64.1817975
2016-11-14,595,1351.2,64.31435193
2016-11-14,600,1228.8,63.8293793
2016-11-14,605,1164,64.19707772
2016-11-14,610,1240.8,63.84504389
2016-11-14,615,1216.8,61.84362681
2016-11-14,620,1252.8,54.96691386
2016-11-14,625,1236,60.7807787
2016-11-14,630,1228.8,63.69872726
2016-11-14,635,1212,63.89924942
2016-11-14,640,1238.4,64.49304717
2016-11-14,645,1377.6,63.01099032
2016-11-14,650,1389.6,62.77305785
2016-11-14,655,1308,64.13698102
2016-11-14,660,1312.8,64.26338992
2016-11-14,665,1260,64.01317002
2016-11-14,670,1406.4,63.24181222
2016-11-14,675,1468.8,63.64515066
2016-11-14,680,1288.8,62.43183235
2016-11-14,685,1428,61.49961727
2016-11-14,690,1375.2,63.55593197
2016-11-14,695,1298.4,65.48382294
2016-11-14,700,1248,63.37060538
2016-11-14,705,1308,64.60171986
2016-11-14,710,1240.8,64.98579685
2016-11-14,715,1663.2,62.23302297
2016-11-14,720,1464,58.38392584
2016-11-14,725,1456.8,62.93038934
2016-11-14,730,1413.6,62.78714692
2016-11-14,735,1375.2,61.52328457
2016-11-14,740,1272,63.76053343
2016-11-14,745,1598.4,64.05222509
2016-11-14,750,1543.2,62.07998561
2016-11-14,755,1382.4,61.61521614
2016-11-14,760,1248,59.23843948
2016-11-14,765,1437.6,54.77744653
2016-11-14,770,1358.4,61.03884752
2016-11-14,775,1747.2,61.4447662
2016-11-14,780,1512,62.75579636
2016-11-14,785,1432.8,63.25553777
2016-11-14,790,1543.2,62.95979486
2016-11-14,795,1627.2,62.07832366
2016-11-14,800,1176,57.42001254
2016-11-14,805,1884,56.32002564
2016-11-14,810,1543.2,48.27751785
2016-11-14,815,1567.2,48.81312962
2016-11-14,820,1598.4,52.16290028
2016-11-14,825,1579.2,49.75830583
2016-11-14,830,1281.6,53.713207
2016-11-14,835,2061.6,53.5815221
2016-11-14,840,1728,55.00695059
2016-11-14,845,1600.8,54.04067971
2016-11-14,850,1610.4,54.98130465
2016-11-14,855,1466.4,52.59910255
2016-11-14,860,1881.6,53.6817783
2016-11-14,865,1608,51.69597422
2016-11-14,870,1620,47.66988311
2016-11-14,875,1644,48.12482357
2016-11-14,880,1581.6,47.68644174
2016-11-14,885,1560,46.98438673
2016-11-14,890,1584,44.49009837
2016-11-14,895,1440,44.80514945
2016-11-14,900,1425.6,43.6138275
2016-11-14,905,1512,45.54987104
2016-11-14,910,1166.4,29.42461894
2016-11-14,915,1101.6,27.56487056
2016-11-14,920,1226.4,31.38973713
2016-11-14,925,1192.8,24.28028578
2016-11-14,930,1336.8,33.47617387
2016-11-14,935,1392,38.99686282
2016-11-14,940,1317.6,38.73963412
2016-11-14,945,1279.2,38.86241702
2016-11-14,950,1044,24.28522273
2016-11-14,955,1267.2,30.54802151
2016-11-14,960,1252.8,35.58106699
2016-11-14,965,1005.6,27.52768827
2016-11-14,970,952.8,15.0138555
2016-11-14,975,1142.4,17.30337397
2016-11-14,980,1104,21.46003426
2016-11-14,985,986.4,23.2771605
2016-11-14,990,1068,14.40838029
2016-11-14,995,902.4,15.65889936
2016-11-14,1000,864,10.60506874
2016-11-14,1005,1041.6,15.65887972
2016-11-14,1010,993.6,14.87944891
2016-11-14,1015,840,8.56677395
2016-11-14,1020,897.6,10.85368803
2016-11-14,1025,885.6,10.89771236
2016-11-14,1030,732,8.259187621
2016-11-14,1035,746.4,5.595202399
2016-11-14,1040,940.8,10.25561221
2016-11-14,1045,806.4,9.66350086
2016-11-14,1050,811.2,6.233287229
2016-11-14,1055,789.6,7.294900222
2016-11-14,1060,844.8,8.39100654
2016-11-14,1065,979.2,11.73231091
2016-11-14,1070,1048.8,16.66344962
2016-11-14,1075,878.4,6.678001244
2016-11-14,1080,1020,11.35473168
2016-11-14,1085,1041.6,11.51533019
2016-11-14,1090,902.4,12.04682686
2016-11-14,1095,1164,20.03154762
2016-11-14,1100,964.8,16.9187985
2016-11-14,1105,1113.6,25.56100412
2016-11-14,1110,1029.6,20.84400943
2016-11-14,1115,1636.8,38.2609897
2016-11-14,1120,1346.4,42.8141672
2016-11-14,1125,1276.8,33.56927641
2016-11-14,1130,1298.4,52.69842942
2016-11-14,1135,1089.6,63.70957879
2016-11-14,1140,1046.4,63.84389007
2016-11-14,1145,1188,63.55284597
2016-11-14,1150,1344,63.51609256
2016-11-14,1155,1202.4,64.66916789
2016-11-14,1160,1418.4,63.20192677
2016-11-14,1165,1243.2,63.75902917
2016-11-14,1170,686.4,63.97695056
2016-11-14,1175,1017.6,64.54502289
2016-11-14,1180,1106.4,63.95272319
2016-11-14,1185,1106.4,62.38537669
2016-11-14,1190,1017.6,58.70063314
2016-11-14,1195,960,63.27290528
2016-11-14,1200,1053.6,64.16995235
2016-11-14,1205,907.2,63.29047456
2016-11-14,1210,1104,63.84475596
2016-11-14,1215,1020,64.23765635
2016-11-14,1220,1020,63.7614847
2016-11-14,1225,1094.4,64.1155165
2016-11-14,1230,1000.8,62.79230829
2016-11-14,1235,916.8,63.64263173
2016-11-14,1240,952.8,65.59138832
2016-11-14,1245,1024.8,64.26956237
2016-11-14,1250,948,64.00097265
2016-11-14,1255,866.4,64.19558647
2016-11-14,1260,854.4,62.98210369
2016-11-14,1265,775.2,63.98407745
2016-11-14,1270,984,63.24018342
2016-11-14,1275,835.2,64.1790134
2016-11-14,1280,806.4,63.28420453
2016-11-14,1285,885.6,55.21782603
2016-11-14,1290,640.8,61.39801989
2016-11-14,1295,717.6,64.38200359
2016-11-14,1300,940.8,62.08831879
2016-11-14,1305,811.2,63.30985644
2016-11-14,1310,789.6,62.85739211
2016-11-14,1315,669.6,62.97494392
2016-11-14,1320,640.8,63.56352704
2016-11-14,1325,588,64.32974191
2016-11-14,1330,825.6,62.205484
2016-11-14,1335,734.4,64.49920405
2016-11-14,1340,717.6,63.07328121
2016-11-14,1345,585.6,62.35481475
2016-11-14,1350,532.8,62.44277713
2016-11-14,1355,592.8,61.15839969
2016-11-14,1360,633.6,62.72848411
2016-11-14,1365,513.6,61.39150578
2016-11-14,1370,600,61.69363723
2016-11-14,1375,477.6,62.16468211
2016-11-14,1380,468,60.77853738
2016-11-14,1385,511.2,60.73136958
2016-11-14,1390,693.6,60.43843221
2016-11-14,1395,542.4,61.46105852
2016-11-14,1400,604.8,60.45903178
2016-11-14,1405,463.2,59.47830008
2016-11-14,1410,472.8,60.99553272
2016-11-14,1415,523.2,58.94766221
2016-11-14,1420,501.6,58.94418802
2016-11-14,1425,350.4,53.76842344
2016-11-14,1430,376.8,52.01334547
2016-11-14,1435,360,37.21214198
2016-11-15,0,36,15
2016-11-15,5,338.4,10.9888252
2016-11-15,10,441.6,16.48131557
2016-11-15,15,376.8,25.75606277
2016-11-15,20,324,48.721708
2016-11-15,25,352.8,53.59612283
2016-11-15,30,319.2,54.19830508
2016-11-15,35,307.2,57.80210631
2016-11-15,40,328.8,52.84089068
2016-11-15,45,326.4,53.80891422
2016-11-15,50,249.6,52.94782157
2016-11-15,55,312,57.4872779
2016-11-15,60,228,56.41806853
2016-11-15,65,242.4,56.99774359
2016-11-15,70,261.6,53.13146233
2016-11-15,75,244.8,53.12891485
2016-11-15,80,302.4,56.56016355
2016-11-15,85,187.2,58.68980327
2016-11-15,90,211.2,57.63630795
2016-11-15,95,235.2,56.07089495
2016-11-15,100,235.2,57.51556157
2016-11-15,105,163.2,57.16945918
2016-11-15,110,153.6,58.0688041
2016-11-15,115,189.6,57.11276397
2016-11-15,120,189.6,56.3322081
2016-11-15,125,208.8,56.9998017
2016-11-15,130,189.6,56.72186895
2016-11-15,135,232.8,57.10592058
2016-11-15,140,196.8,53.67580533
2016-11-15,145,177.6,54.88277318
2016-11-15,150,165.6,54.8098642
2016-11-15,155,156,53.6281559
2016-11-15,160,247.2,55.01080307
2016-11-15,165,194.4,58.11202014
2016-11-15,170,187.2,55.36662695
2016-11-15,175,156,55.08150999
2016-11-15,180,206.4,55.38768342
2016-11-15,185,172.8,56.36848149
2016-11-15,190,187.2,55.27815173
2016-11-15,195,184.8,54.02987952
2016-11-15,200,170.4,56.80775315
2016-11-15,205,223.2,56.44861178
2016-11-15,210,163.2,58.54323243
2016-11-15,215,228,57.89215467
2016-11-15,220,232.8,58.56367119
2016-11-15,225,232.8,60
2016-11-15,230,204,57.09945447
2016-11-15,235,254.4,54.02975236
2016-11-15,240,211.2,58.09481184
2016-11-15,245,228,57.82196339
2016-11-15,250,292.8,56.47294567
2016-11-15,255,314.4,55.51112364
2016-11-15,260,333.6,57.48084876
2016-11-15,265,384,53.91448952
2016-11-15,270,417.6,54.52173913
2016-11-15,275,400.8,55.43859149
2016-11-15,280,528,55.41955112
2016-11-15,285,525.6,51.32236965
2016-11-15,290,542.4,33.35176123
2016-11-15,295,609.6,25.44218247
2016-11-15,300,580.8,27.19726014
2016-11-15,305,650.4,39.67434295
2016-11-15,310,751.2,55.94223078
2016-11-15,315,842.4,61.37653863
2016-11-15,320,878.4,63.89282404
2016-11-15,325,856.8,63.78474131
2016-11-15,330,844.8,64.28888657
2016-11-15,335,984,63.87721233
2016-11-15,340,919.2,64.42734378
2016-11-15,345,892.8,63.41034032
2016-11-15,350,974.4,63.2627678
2016-11-15,355,928.8,64.12317835
2016-11-15,360,1113.6,63.47364301
2016-11-15,365,962.4,64.25060242
2016-11-15,370,1140,63.37329018
2016-11-15,375,1495.2,59.38720225
2016-11-15,380,1219.2,63.05627773
2016-11-15,385,1212,64.07066154
2016-11-15,390,1200,64.22821012
2016-11-15,395,1267.2,63.89489813
2016-11-15,400,1317.6,64.09751983
2016-11-15,405,1293.6,63.55727809
2016-11-15,410,1264.8,63.70132468
2016-11-15,415,1248,64.06015466
2016-11-15,420,1248,62.07411092
2016-11-15,425,1164,63.45096766
2016-11-15,430,1252.8,51.4970349
2016-11-15,435,1298.4,62.32011478
2016-11-15,440,1267.2,63.74413319
2016-11-15,445,1245.6,63.68902534
2016-11-15,450,1257.6,63.33482635
2016-11-15,455,1240.8,61.32644589
2016-11-15,460,1238.4,53.56037801
2016-11-15,465,1125.6,52.53371944
2016-11-15,470,1332,48.51181358
2016-11-15,475,1149.6,60.95120326
2016-11-15,480,1132.8,63.93798678
2016-11-15,485,1252.8,64.61373257
2016-11-15,490,1142.4,64.05151809
2016-11-15,495,1125.6,65.11284888
2016-11-15,500,1060.8,65.62120734
2016-11-15,505,1154.4,63.27458398
2016-11-15,510,1084.8,63.37115763
2016-11-15,515,1087.2,65.96409236
2016-11-15,520,1185.6,64.25404269
2016-11-15,525,1296,64.10544096
2016-11-15,530,1022.4,65.37036921
2016-11-15,535,1096.8,64.21412051
2016-11-15,540,1010.4,64.84607119
2016-11-15,545,1406.4,64.53906869
2016-11-15,550,1262.4,63.94459072
2016-11-15,555,1228.8,63.93031537
2016-11-15,560,1252.8,64.61483867
2016-11-15,565,1118.4,66.59347926
2016-11-15,570,1212,65.17037511
2016-11-15,575,1300.8,64.12601893
2016-11-15,580,1288.8,65.22102555
2016-11-15,585,1291.2,64.91559517
2016-11-15,590,1339.2,64.99211793
2016-11-15,595,1185.6,66.3625246
2016-11-15,600,1274.4,65.07886792
2016-11-15,605,1228.8,65.23436035
2016-11-15,610,1176,65.47496089
2016-11-15,615,1207.2,65.53409996
2016-11-15,620,1221.6,65.38748734
2016-11-15,625,1272,64.98457498
2016-11-15,630,1291.2,63.47613155
2016-11-15,635,1310.4,65.04140025
2016-11-15,640,1272,64.07829932
2016-11-15,645,1173.6,65.30213232
2016-11-15,650,1233.6,64.87881605
2016-11-15,655,1185.6,62.69070021
2016-11-15,660,1394.4,63.80514699
2016-11-15,665,1317.6,64.89175264
2016-11-15,670,1248,65.14712465
2016-11-15,675,1332,63.7417981
2016-11-15,680,1231.2,64.6547259
2016-11-15,685,1358.4,64.01308363
2016-11-15,690,1024.8,64.98364335
2016-11-15,695,1478.4,63.50672542
2016-11-15,700,1257.6,63.49836516
2016-11-15,705,1346.4,64.50148832
2016-11-15,710,1389.6,64.06787134
2016-11-15,715,1392,62.53576292
2016-11-15,720,1226.4,62.62650673
2016-11-15,725,1514.4,65.26359307
2016-11-15,730,1437.6,60.13557054
2016-11-15,735,1509.6,62.58251656
2016-11-15,740,1449.6,62.86941363
2016-11-15,745,1327.2,61.61270668
2016-11-15,750,1766.4,58.32183821
2016-11-15,755,1524,62.08077538
2016-11-15,760,1468.8,59.82086629
2016-11-15,765,1411.2,63.51869591
2016-11-15,770,1574.4,64.55387655
2016-11-15,775,1432.8,63.94785628
2016-11-15,780,1512,63.94494134
2016-11-15,785,1574.4,63.28234581
2016-11-15,790,1562.4,61.84712661
2016-11-15,795,1543.2,58.58655565
2016-11-15,800,1435.2,58.66821912
2016-11-15,805,1742.4,55.33959853
2016-11-15,810,1555.2,52.37572184
2016-11-15,815,1524,50.25365034
2016-11-15,820,1569.6,52.61110014
2016-11-15,825,1584,53.75321853
2016-11-15,830,1629.6,54.73997712
2016-11-15,835,1605.6,60.35593404
2016-11-15,840,1596,58.44392856
2016-11-15,845,1593.6,54.87210815
2016-11-15,850,1476,47.21242454
2016-11-15,855,1267.2,46.06132578
2016-11-15,860,1478.4,36.95555935
2016-11-15,865,1317.6,34.54829157
2016-11-15,870,1512,45.86285849
2016-11-15,875,1452,46.66447182
2016-11-15,880,1389.6,39.74882224
2016-11-15,885,1296,37.76590997
2016-11-15,890,1339.2,37.30305435
2016-11-15,895,1262.4,31.57422426
2016-11-15,900,1394.4,41.1671096
2016-11-15,905,1154.4,29.69764927
2016-11-15,910,1243.2,31.55877071
2016-11-15,915,1286.4,34.5391305
2016-11-15,920,1036.8,32.27026645
2016-11-15,925,981.6,17.82656277
2016-11-15,930,1068,21.16289267
2016-11-15,935,1298.4,28.53295801
2016-11-15,940,1015.2,28.41720317
2016-11-15,945,1099.2,21.25723612
2016-11-15,950,1029.6,17.85041059
2016-11-15,955,1197.6,21.84490306
2016-11-15,960,1082.4,20.83806525
2016-11-15,965,864,11.90923871
2016-11-15,970,1053.6,14.2419184
2016-11-15,975,1029.6,19.86353865
2016-11-15,980,844.8,9.623746908
2016-11-15,985,1041.6,12.9792319
2016-11-15,990,1060.8,18.37538211
2016-11-15,995,722.4,13.45060101
2016-11-15,1000,765.6,8.778953576
2016-11-15,1005,876,6.533412888
2016-11-15,1010,883.2,8.040786599
2016-11-15,1015,890.4,9.972463635
2016-11-15,1020,768,8.84385076
2016-11-15,1025,962.4,11.69596965
2016-11-15,1030,880.8,9.255695666
2016-11-15,1035,674.4,6.086642599
2016-11-15,1040,811.2,6.825328141
2016-11-15,1045,849.6,6.816900117
2016-11-15,1050,758.4,6.242778405
2016-11-15,1055,775.2,9.26709948
2016-11-15,1060,996,8.877005348
2016-11-15,1065,816,7.288373618
2016-11-15,1070,804,5.640785781
2016-11-15,1075,909.6,11.0793387
2016-11-15,1080,645.6,11.69169113
2016-11-15,1085,847.2,10.38240633
2016-11-15,1090,919.2,10.43309578
2016-11-15,1095,1087.2,19.23288202
2016-11-15,1100,974.4,23.33755285
2016-11-15,1105,1298.4,29.07131518
2016-11-15,1110,1286.4,32.56061813
2016-11-15,1115,1084.8,30.56782347
2016-11-15,1120,1149.6,30.99157791
2016-11-15,1125,1500,37.62795531
2016-11-15,1130,1113.6,33.69254098
2016-11-15,1135,1485.6,40.87265152
2016-11-15,1140,1209.6,47.09904709
2016-11-15,1145,1080,62.11492151
2016-11-15,1150,1305.6,63.33092916
2016-11-15,1155,1360.8,63.58698917
2016-11-15,1160,1365.6,64.13780716
2016-11-15,1165,1312.8,64.44361446
2016-11-15,1170,1207.2,65.54177907
2016-11-15,1175,1262.4,64.08044321
2016-11-15,1180,1123.2,64.13898495
2016-11-15,1185,1149.6,63.93360019
2016-11-15,1190,1075.2,63.97518875
2016-11-15,1195,981.6,64.41691728
2016-11-15,1200,984,64.07803883
2016-11-15,1205,1000.8,64.82937659
2016-11-15,1210,1238.4,64.36798671
2016-11-15,1215,1104,64.6512535
2016-11-15,1220,1022.4,64.82903759
2016-11-15,1225,1008,63.19486567
2016-11-15,1230,984,65.08409149
2016-11-15,1235,1017.6,64.46464283
2016-11-15,1240,1000.8,64.10841194
2016-11-15,1245,996,64.94569735
2016-11-15,1250,1032,63.85370652
2016-11-15,1255,955.2,63.40294008
2016-11-15,1260,926.4,64.60644934
2016-11-15,1265,952.8,64.12067653
2016-11-15,1270,1072.8,64.56864699
2016-11-15,1275,1024.8,65.54837653
2016-11-15,1280,1123.2,65.29580165
2016-11-15,1285,964.8,65.81522852
2016-11-15,1290,928.8,64.91067772
2016-11-15,1295,914.4,64.66067186
2016-11-15,1300,859.2,66.05887163
2016-11-15,1305,890.4,65.58540898
2016-11-15,1310,842.4,64.11548601
2016-11-15,1315,859.2,65.59325653
2016-11-15,1320,806.4,65.39241192
2016-11-15,1325,993.6,63.89311608
2016-11-15,1330,873.6,64.60101983
2016-11-15,1335,904.8,65.45987431
2016-11-15,1340,758.4,65.27320208
2016-11-15,1345,756,65.81816187
2016-11-15,1350,684,65.0203009
2016-11-15,1355,753.6,65.28002769
2016-11-15,1360,643.2,65.56691378
2016-11-15,1365,753.6,65.67294757
2016-11-15,1370,720,63.32621167
2016-11-15,1375,602.4,65.10347217
2016-11-15,1380,540,63.21338852
2016-11-15,1385,602.4,65.18475668
2016-11-15,1390,612,63.95585085
2016-11-15,1395,549.6,65.60406687
2016-11-15,1400,609.6,64.56451309
2016-11-15,1405,508.8,63.33447833
2016-11-15,1410,489.6,62.58862906
2016-11-15,1415,602.4,64.2497451
2016-11-15,1420,475.2,63.3067407
2016-11-15,1425,518.4,63.61232039
2016-11-15,1430,403.2,63.57750187
2016-11-15,1435,374.4,64.50866679
2016-11-16,0,33.6,61.35796963
2016-11-16,5,367.2,63.76610201
2016-11-16,10,357.6,63.51708764
2016-11-16,15,376.8,64.54875407
2016-11-16,20,393.6,63.42669188
2016-11-16,25,360,62.51932388
2016-11-16,30,321.6,65.73429815
2016-11-16,35,336,64.5547734
2016-11-16,40,345.6,62.46850811
2016-11-16,45,290.4,62.66139237
2016-11-16,50,297.6,62.20057166
2016-11-16,55,225.6,64.54515623
2016-11-16,60,244.8,65.6338089
2016-11-16,65,273.6,62.6952072
2016-11-16,70,304.8,62.78695207
2016-11-16,75,273.6,63.12526494
2016-11-16,80,280.8,62.98440345
2016-11-16,85,254.4,61.1169778
2016-11-16,90,285.6,64.23656323
2016-11-16,95,283.2,63.0009545
2016-11-16,100,316.8,61.32908886
2016-11-16,105,249.6,62.51866267
2016-11-16,110,172.8,62.66446144
2016-11-16,115,312,61.37302445
2016-11-16,120,240,62.08597272
2016-11-16,125,199.2,63.28400767
2016-11-16,130,252,62.44761941
2016-11-16,135,211.2,64.49966139
2016-11-16,140,278.4,62.52716646
2016-11-16,145,235.2,63.56652012
2016-11-16,150,266.4,61.37746757
2016-11-16,155,201.6,63.70766588
2016-11-16,160,240,64.76229743
2016-11-16,165,261.6,61.94728616
2016-11-16,170,230.4,63.69092972
2016-11-16,175,180,61.6141341
2016-11-16,180,230.4,63.62883959
2016-11-16,185,192,64.03245919
2016-11-16,190,230.4,64.11734917
2016-11-16,195,187.2,62.4554332
2016-11-16,200,206.4,61.67848823
2016-11-16,205,266.4,60.6712493
2016-11-16,210,256.8,63.61325665
2016-11-16,215,273.6,65.20188029
2016-11-16,220,247.2,64.9087213
2016-11-16,225,324,63.81906911
2016-11-16,230,316.8,62.80601346
2016-11-16,235,304.8,63.83995865
2016-11-16,240,285.6,63.40878945
2016-11-16,245,350.4,65.37289801
2016-11-16,250,300,63.23862952
2016-11-16,255,424.8,64.35651604
2016-11-16,260,451.2,65.02771674
2016-11-16,265,441.6,65.32004079
2016-11-16,270,408,64.64914081
2016-11-16,275,439.2,64.75369572
2016-11-16,280,494.4,65.38779849
2016-11-16,285,520.8,66.11560307
2016-11-16,290,525.6,64.96416693
2016-11-16,295,494.4,64.20946122
2016-11-16,300,585.6,65.27389233
2016-11-16,305,638.4,63.45893728
2016-11-16,310,643.2,63.84410146
2016-11-16,315,772.8,64.9351387
2016-11-16,320,871.2,65.18166108
2016-11-16,325,859.2,65.46398494
2016-11-16,330,974.4,65.59911281
2016-11-16,335,1068,63.15887693
2016-11-16,340,1192.8,64.83749277
2016-11-16,345,1108.8,64.84509884
2016-11-16,350,1132.8,63.809523
2016-11-16,355,1020,64.8405165
2016-11-16,360,854.4,64.83126412
2016-11-16,365,909.6,64.06883089
2016-11-16,370,1024.8,63.13192018
2016-11-16,375,1200,63.96668604
2016-11-16,380,1188,63.84491645
2016-11-16,385,1120.8,64.57021738
2016-11-16,390,1104,63.93054047
2016-11-16,395,1188,64.40865775
2016-11-16,400,1288.8,64.58696607
2016-11-16,405,1281.6,64.2282855
2016-11-16,410,1248,62.05169408
2016-11-16,415,1190.4,62.93861229
2016-11-16,420,1267.2,63.99109724
2016-11-16,425,1202.4,65.01471094
2016-11-16,430,1255.2,65.73740751
2016-11-16,435,1245.6,65.53201907
2016-11-16,440,1276.8,64.1962405
2016-11-16,445,1161.6,64.88287068
2016-11-16,450,1296,65.20045763
2016-11-16,455,1262.4,64.54228464
2016-11-16,460,1341.6,64.39266581
2016-11-16,465,1305.6,64.09466656
2016-11-16,470,1339.2,62.15147383
2016-11-16,475,1212,64.09370114
2016-11-16,480,1197.6,63.74883912
2016-11-16,485,1192.8,62.16850445
2016-11-16,490,1108.8,63.97634136
2016-11-16,495,1044,63.22537313
2016-11-16,500,1080,60.64989843
2016-11-16,505,916.8,60.88131065
2016-11-16,510,1221.6,58.81240209
2016-11-16,515,1113.6,65.52874671
2016-11-16,520,1226.4,64.3724653
2016-11-16,525,1130.4,63.74862955
2016-11-16,530,1101.6,64.98752302
2016-11-16,535,1156.8,63.30839574
2016-11-16,540,1204.8,64.89036924
2016-11-16,545,1224,64.64287434
2016-11-16,550,1252.8,64.63819139
2016-11-16,555,1197.6,64.44177582
2016-11-16,560,1212,63.92663548
2016-11-16,565,1310.4,64.23155524
2016-11-16,570,1317.6,64.83095694
2016-11-16,575,1243.2,65.19461194
2016-11-16,580,1430.4,63.69969927
2016-11-16,585,1274.4,64.44161308
2016-11-16,590,1137.6,64.41207489
2016-11-16,595,1291.2,66.48325888
2016-11-16,600,1435.2,65.66897621
2016-11-16,605,1286.4,63.86960625
2016-11-16,610,1281.6,62.89505318
2016-11-16,615,1300.8,64.91032338
2016-11-16,620,1344,64.68515333
2016-11-16,625,1164,64.72967439
2016-11-16,630,1296,64.15991833
2016-11-16,635,1116,64.78636681
2016-11-16,640,1516.8,64.22083864
2016-11-16,645,1228.8,64.8238212
2016-11-16,650,1264.8,64.04406622
2016-11-16,655,1260,66.04776339
2016-11-16,660,1312.8,64.10409642
2016-11-16,665,1370.4,62.58645535
2016-11-16,670,1303.2,63.09364191
2016-11-16,675,1284,64.1615374
2016-11-16,680,1420.8,63.82075332
2016-11-16,685,1392,64.04568773
2016-11-16,690,1224,63.58299005
2016-11-16,695,1492.8,64.77624555
2016-11-16,700,1514.4,62.92554911
2016-11-16,705,1332,64.73369282
2016-11-16,710,1348.8,63.49670075
2016-11-16,715,1334.4,61.71556213
2016-11-16,720,1365.6,62.33718043
2016-11-16,725,1387.2,64.08402595
2016-11-16,730,1394.4,63.84135864
2016-11-16,735,1622.4,64.8825768
2016-11-16,740,1399.2,62.93600321
2016-11-16,745,1389.6,64.80279924
2016-11-16,750,1783.2,61.04875432
2016-11-16,755,1550.4,51.98261258
2016-11-16,760,1538.4,54.77542675
2016-11-16,765,1444.8,56.95527548
2016-11-16,770,1370.4,62.38519438
2016-11-16,775,1596,60.33739852
2016-11-16,780,1377.6,64.49405796
2016-11-16,785,1452,63.95713898
2016-11-16,790,1564.8,59.12509752
2016-11-16,795,1404,53.91462028
2016-11-16,800,1711.2,54.25511837
2016-11-16,805,1502.4,57.86113652
2016-11-16,810,1608,54.64391782
2016-11-16,815,1567.2,48.15876624
2016-11-16,820,1432.8,43.78572362
2016-11-16,825,1593.6,45.94908991
2016-11-16,830,1526.4,51.5360053
2016-11-16,835,1504.8,48.54257462
2016-11-16,840,1507.2,46.10675863
2016-11-16,845,1478.4,47.1204856
2016-11-16,850,1389.6,44.0474008
2016-11-16,855,1476,44.20757833
2016-11-16,860,1516.8,46.34539544
2016-11-16,865,1514.4,46.49213682
2016-11-16,870,1543.2,44.93081283
2016-11-16,875,1521.6,44.65399331
2016-11-16,880,1507.2,43.55006359
2016-11-16,885,1533.6,42.49392217
2016-11-16,890,1504.8,42.64626071
2016-11-16,895,1540.8,43.11192681
2016-11-16,900,1605.6,45.57616811
2016-11-16,905,1248,34.96765671
2016-11-16,910,1192.8,30.76932727
2016-11-16,915,1236,25.98730165
2016-11-16,920,1368,31.08842268
2016-11-16,925,1250.4,31.22737394
2016-11-16,930,938.4,16.6499766
2016-11-16,935,1099.2,25.40906382
2016-11-16,940,938.4,17.33779635
2016-11-16,945,883.2,12.75721939
2016-11-16,950,1125.6,13.87850993
2016-11-16,955,960,15.93902989
2016-11-16,960,1341.6,19.4724716
2016-11-16,965,981.6,18.94937658
2016-11-16,970,859.2,6.937664375
2016-11-16,975,964.8,10.54810496
2016-11-16,980,847.2,10.6475938
2016-11-16,985,991.2,12.37874659
2016-11-16,990,811.2,9.290575916
2016-11-16,995,1044,10.88544679
2016-11-16,1000,919.2,9.489565666
2016-11-16,1005,960,11.69883012
2016-11-16,1010,924,10.294634
2016-11-16,1015,823.2,12.71098954
2016-11-16,1020,830.4,7.098539012
2016-11-16,1025,1048.8,10.73040496
2016-11-16,1030,748.8,7.280713795
2016-11-16,1035,607.2,4.639364303
2016-11-16,1040,868.8,7.1642635
2016-11-16,1045,854.4,8.805189733
2016-11-16,1050,772.8,7.617438324
2016-11-16,1055,650.4,4.253999103
2016-11-16,1060,844.8,5.428608148
2016-11-16,1065,873.6,6.686201618
2016-11-16,1070,813.6,10.38931049
2016-11-16,1075,712.8,3.935222672
2016-11-16,1080,996,12.03964002
2016-11-16,1085,1032,18.716974
2016-11-16,1090,873.6,14.36581408
2016-11-16,1095,952.8,12.12759142
2016-11-16,1100,933.6,10.48877845
2016-11-16,1105,1164,18.08088176
2016-11-16,1110,1068,20.93494561
2016-11-16,1115,1144.8,20.18038747
2016-11-16,1120,1094.4,26.70152125
2016-11-16,1125,979.2,16.09365607
2016-11-16,1130,1185.6,25.35879034
2016-11-16,1135,1344,29.54580211
2016-11-16,1140,1224,24.77614784
2016-11-16,1145,1324.8,33.00842526
2016-11-16,1150,1437.6,45.06303638
2016-11-16,1155,1368,49.67766983
2016-11-16,1160,1336.8,56.41716914
2016-11-16,1165,1317.6,65.19855577
2016-11-16,1170,1274.4,64.55825514
2016-11-16,1175,1231.2,63.48196576
2016-11-16,1180,1288.8,64.35556344
2016-11-16,1185,1255.2,63.57985983
2016-11-16,1190,1188,63.44415046
2016-11-16,1195,1041.6,65.19851424
2016-11-16,1200,1101.6,64.3997734
2016-11-16,1205,1051.2,63.39788011
2016-11-16,1210,1089.6,64.50706426
2016-11-16,1215,1183.2,64.85210491
2016-11-16,1220,1142.4,64.97906574
2016-11-16,1225,1111.2,65.04592203
2016-11-16,1230,1125.6,63.89873494
2016-11-16,1235,1188,63.25137868
2016-11-16,1240,1094.4,64.07752902
2016-11-16,1245,1128,63.91785001
2016-11-16,1250,1015.2,64.28096917
2016-11-16,1255,1125.6,64.91150964
2016-11-16,1260,1135.2,62.30012639
2016-11-16,1265,866.4,63.6390523
2016-11-16,1270,1216.8,64.43223995
2016-11-16,1275,897.6,65.1531375
2016-11-16,1280,1262.4,64.71319141
2016-11-16,1285,1068,64.23483858
2016-11-16,1290,1008,65.6196313
2016-11-16,1295,943.2,64.83442987
2016-11-16,1300,904.8,65.0164177
2016-11-16,1305,940.8,64.61678183
2016-11-16,1310,871.2,63.5375754
2016-11-16,1315,811.2,64.37911839
2016-11-16,1320,816,64.43951322
2016-11-16,1325,897.6,64.61556746
2016-11-16,1330,976.8,65.09906834
2016-11-16,1335,895.2,65.97656061
2016-11-16,1340,828,65.48171522
2016-11-16,1345,763.2,64.08846187
2016-11-16,1350,715.2,63.79768588
2016-11-16,1355,796.8,65.66011423
2016-11-16,1360,811.2,64.28728123
2016-11-16,1365,691.2,64.73676401
2016-11-16,1370,571.2,63.14346629
2016-11-16,1375,832.8,64.13591303
2016-11-16,1380,626.4,65.24887973
2016-11-16,1385,542.4,63.71887858
2016-11-16,1390,744,64.37286186
2016-11-16,1395,710.4,64.33527147
2016-11-16,1400,542.4,64.06671293
2016-11-16,1405,672,64.06120637
2016-11-16,1410,592.8,63.41753686
2016-11-16,1415,645.6,63.69277367
2016-11-16,1420,561.6,63.62875875
2016-11-16,1425,578.4,64.130441
2016-11-16,1430,424.8,63.64710014
2016-11-16,1435,386.4,62.50929611
2016-11-17,0,177.6,60.40933832
2016-11-17,5,417.6,64.41275499
2016-11-17,10,475.2,64.40587512
2016-11-17,15,415.2,62.08158558
2016-11-17,20,355.2,62.62320843
2016-11-17,25,391.2,63.22142329
2016-11-17,30,398.4,62.6955993
2016-11-17,35,441.6,61.24001391
2016-11-17,40,436.8,63.23911782
2016-11-17,45,415.2,63.45011216
2016-11-17,50,393.6,62.49153709
2016-11-17,55,343.2,63.69360193
2016-11-17,60,288,63.16016165
2016-11-17,65,326.4,61.89354884
2016-11-17,70,288,64.03065033
2016-11-17,75,362.4,64.28752448
2016-11-17,80,350.4,61.80943787
2016-11-17,85,271.2,62.90858363
2016-11-17,90,240,60.58333482
2016-11-17,95,264,61.11961895
2016-11-17,100,312,61.93863419
2016-11-17,105,242.4,62.54545672
2016-11-17,110,295.2,60.90186298
2016-11-17,115,264,60.50159832
2016-11-17,120,273.6,62.7108857
2016-11-17,125,266.4,61.34927048
2016-11-17,130,280.8,62.65609865
2016-11-17,135,247.2,60.69676537
2016-11-17,140,242.4,60.00105297
2016-11-17,145,252,59.32366764
2016-11-17,150,204,59.85559474
2016-11-17,155,225.6,64.13442483
2016-11-17,160,268.8,61.95325937
2016-11-17,165,230.4,62.10716293
2016-11-17,170,256.8,64.5627352
2016-11-17,175,237.6,62.71860474
2016-11-17,180,247.2,60.70266216
2016-11-17,185,292.8,63.09568313
2016-11-17,190,321.6,61.29629442
2016-11-17,195,240,63.11297172
2016-11-17,200,235.2,65.0114539
2016-11-17,205,283.2,63.58329815
2016-11-17,210,280.8,64.10204059
2016-11-17,215,266.4,62.87248263
2016-11-17,220,340.8,63.50873959
2016-11-17,225,321.6,65.60819475
2016-11-17,230,254.4,65.39236131
2016-11-17,235,259.2,64.55009488
2016-11-17,240,316.8,65.28075044
2016-11-17,245,302.4,66.43987844
2016-11-17,250,352.8,65.04171521
2016-11-17,255,338.4,64.81025767
2016-11-17,260,424.8,65.04556428
2016-11-17,265,444,64.53875228
2016-11-17,270,513.6,66.12437784
2016-11-17,275,547.2,65.93053016
2016-11-17,280,571.2,65.04380701
2016-11-17,285,554.4,65.49548829
2016-11-17,290,501.6,65.02385739
2016-11-17,295,626.4,66.23444353
2016-11-17,300,544.8,65.88395321
2016-11-17,305,612,62.74552012
2016-11-17,310,688.8,65.19993473
2016-11-17,315,717.6,66.60609897
2016-11-17,320,840,66.1850511
2016-11-17,325,880.8,64.91116939
2016-11-17,330,921.6,64.57862337
2016-11-17,335,1125.6,65.96216917
2016-11-17,340,1178.4,65.51159583
2016-11-17,345,1156.8,64.73403537
2016-11-17,350,1168.8,64.69986944
2016-11-17,355,1168.8,64.43816001
2016-11-17,360,1036.8,63.63676252
2016-11-17,365,1063.2,64.62387702
2016-11-17,370,1173.6,63.25250065
2016-11-17,375,1200,63.73380882
2016-11-17,380,1250.4,63.46170414
2016-11-17,385,1219.2,63.67249774
2016-11-17,390,1281.6,64.3038519
2016-11-17,395,1240.8,63.44366262
2016-11-17,400,1209.6,63.92121823
2016-11-17,405,1296,64.12257343
2016-11-17,410,1216.8,64.10523943
2016-11-17,415,1072.8,64.22745466
2016-11-17,420,1257.6,63.63333363
2016-11-17,425,1149.6,65.17851972
2016-11-17,430,830.4,62.79828536
2016-11-17,435,1077.6,64.49703644
2016-11-17,440,1300.8,64.31791533
2016-11-17,445,1389.6,64.49559453
2016-11-17,450,1216.8,63.70805659
2016-11-17,455,1216.8,65.30259383
2016-11-17,460,1327.2,63.28818328
2016-11-17,465,1233.6,63.14642547
2016-11-17,470,1185.6,62.48135034
2016-11-17,475,1214.4,60.88024801
2016-11-17,480,1123.2,61.43727281
2016-11-17,485,1178.4,64.70405506
2016-11-17,490,1101.6,64.8153815
2016-11-17,495,1216.8,64.06530082
2016-11-17,500,1101.6,64.76604013
2016-11-17,505,1183.2,62.93242106
2016-11-17,510,1077.6,63.37177186
2016-11-17,515,1140,62.61091879
2016-11-17,520,1255.2,63.67822639
2016-11-17,525,1118.4,63.59580271
2016-11-17,530,1082.4,63.93315262
2016-11-17,535,1080,64.03350032
2016-11-17,540,1341.6,63.46506139
2016-11-17,545,1209.6,63.47143647
2016-11-17,550,1274.4,63.47867869
2016-11-17,555,1197.6,63.53824311
2016-11-17,560,1197.6,62.75102823
2016-11-17,565,1276.8,63.79112857
2016-11-17,570,1336.8,64.46423611
2016-11-17,575,1341.6,63.56490362
2016-11-17,580,1226.4,63.75563955
2016-11-17,585,1243.2,63.53720139
2016-11-17,590,1231.2,64.16876713
2016-11-17,595,1274.4,64.34706262
2016-11-17,600,1168.8,64.41652114
2016-11-17,605,1212,63.96785126
2016-11-17,610,1356,63.54296996
2016-11-17,615,1140,62.22369481
2016-11-17,620,1327.2,60.66178772
2016-11-17,625,1377.6,64.146364
2016-11-17,630,1372.8,63.84462107
2016-11-17,635,1272,64.00665548
2016-11-17,640,1430.4,65.34403141
2016-11-17,645,1476,63.88256801
2016-11-17,650,1444.8,63.95780349
2016-11-17,655,1308,64.20063016
2016-11-17,660,1286.4,64.65216968
2016-11-17,665,1327.2,64.04091683
2016-11-17,670,1356,64.33173383
2016-11-17,675,1408.8,63.38243574
2016-11-17,680,1372.8,61.50993795
2016-11-17,685,1404,64.33172404
2016-11-17,690,1236,64.63533786
2016-11-17,695,1524,62.96362074
2016-11-17,700,1372.8,64.94030554
2016-11-17,705,1413.6,65.21678523
2016-11-17,710,1406.4,63.26661492
2016-11-17,715,1375.2,62.1246733
2016-11-17,720,1365.6,63.51431725
2016-11-17,725,1449.6,63.88714364
2016-11-17,730,1588.8,62.65898763
2016-11-17,735,1509.6,62.06920817
2016-11-17,740,1502.4,61.28665556
2016-11-17,745,1615.2,59.33741232
2016-11-17,750,1593.6,57.11552147
2016-11-17,755,1725.6,56.31877321
2016-11-17,760,1526.4,54.67682615
2016-11-17,765,1593.6,60.2387705
2016-11-17,770,1552.8,62.79882165
2016-11-17,775,1514.4,61.97699765
2016-11-17,780,1492.8,60.81315954
2016-11-17,785,1591.2,63.50995133
2016-11-17,790,1586.4,63.04557769
2016-11-17,795,1612.8,63.87651824
2016-11-17,800,1473.6,63.02958079
2016-11-17,805,1591.2,62.40814245
2016-11-17,810,1598.4,60.39821108
2016-11-17,815,1600.8,56.13092533
2016-11-17,820,1682.4,55.46622498
2016-11-17,825,1562.4,53.65066549
2016-11-17,830,1548,49.97874358
2016-11-17,835,1612.8,50.43279089
2016-11-17,840,1593.6,51.29543989
2016-11-17,845,1586.4,53.38653067
2016-11-17,850,1586.4,51.64660567
2016-11-17,855,1548,49.268845
2016-11-17,860,1545.6,50.39087318
2016-11-17,865,1356,60.64603312
2016-11-17,870,1387.2,62.14435339
2016-11-17,875,1389.6,61.12917631
2016-11-17,880,1456.8,60.81111568
2016-11-17,885,1384.8,62.51357277
2016-11-17,890,1399.2,63.45290429
2016-11-17,895,1382.4,63.78940035
2016-11-17,900,1411.2,59.63721124
2016-11-17,905,1514.4,59.36857541
2016-11-17,910,1209.6,45.49730517
2016-11-17,915,1164,28.03175168
2016-11-17,920,1303.2,37.91353637
2016-11-17,925,1183.2,36.29217447
2016-11-17,930,1005.6,20.25126387
2016-11-17,935,1048.8,18.82568807
2016-11-17,940,1005.6,25.38954998
2016-11-17,945,1070.4,25.2213181
2016-11-17,950,1106.4,18.91316051
2016-11-17,955,1096.8,16.41688215
2016-11-17,960,1166.4,25.32062294
2016-11-17,965,1094.4,30.56017019
2016-11-17,970,876,16.88272672
2016-11-17,975,890.4,9.194005192
2016-11-17,980,854.4,9.008511617
2016-11-17,985,902.4,8.339113513
2016-11-17,990,979.2,16.99302789
2016-11-17,995,775.2,10.58242079
2016-11-17,1000,643.2,5.158297347
2016-11-17,1005,1173.6,12.73218884
2016-11-17,1010,892.8,10.27635574
2016-11-17,1015,861.6,11.72449407
2016-11-17,1020,746.4,6.291604451
2016-11-17,1025,864,10.86971701
2016-11-17,1030,808.8,11.15865777
2016-11-17,1035,652.8,6.64991511
2016-11-17,1040,676.8,4.82601255
2016-11-17,1045,878.4,6.379305575
2016-11-17,1050,758.4,9.365485653
2016-11-17,1055,866.4,9.232966577
2016-11-17,1060,804,11.2799482
2016-11-17,1065,763.2,7.712206952
2016-11-17,1070,902.4,9.856444517
2016-11-17,1075,801.6,8.87534193
2016-11-17,1080,955.2,10.87455275
2016-11-17,1085,921.6,13.71622962
2016-11-17,1090,715.2,6.797740604
2016-11-17,1095,1034.4,17.89805939
2016-11-17,1100,1104,30.92178357
2016-11-17,1105,1044,30.69884671
2016-11-17,1110,979.2,22.00368388
2016-11-17,1115,1005.6,22.00641634
2016-11-17,1120,1022.4,16.69903451
2016-11-17,1125,984,14.1745278
2016-11-17,1130,1183.2,19.60589009
2016-11-17,1135,1164,30.11720795
2016-11-17,1140,1159.2,29.27777512
2016-11-17,1145,1478.4,41.40149887
2016-11-17,1150,1212,39.01287554
2016-11-17,1155,1320,37.77870139
2016-11-17,1160,1284,34.90845257
2016-11-17,1165,1509.6,44.156538
2016-11-17,1170,1392,52.60862352
2016-11-17,1175,1332,59.92861181
2016-11-17,1180,1264.8,64.92160514
2016-11-17,1185,1327.2,64.06182469
2016-11-17,1190,1236,63.57456741
2016-11-17,1195,1197.6,63.88345301
2016-11-17,1200,1156.8,64.112215
2016-11-17,1205,1089.6,64.03080788
2016-11-17,1210,1171.2,64.81578644
2016-11-17,1215,1224,64.62373303
2016-11-17,1220,1200,64.10226897
2016-11-17,1225,1216.8,64.54015561
2016-11-17,1230,1125.6,63.88302695
2016-11-17,1235,1152,64.56684423
2016-11-17,1240,1140,64.4208769
2016-11-17,1245,1166.4,65.15460318
2016-11-17,1250,1087.2,64.83280878
2016-11-17,1255,1135.2,64.63439567
2016-11-17,1260,1099.2,64.77051209
2016-11-17,1265,967.2,64.16792267
2016-11-17,1270,1135.2,63.3847599
2016-11-17,1275,1077.6,64.51582134
2016-11-17,1280,1108.8,64.41661071
2016-11-17,1285,1154.4,64.76128777
2016-11-17,1290,1036.8,63.16214726
2016-11-17,1295,962.4,63.29223942
2016-11-17,1300,1101.6,62.88341018
2016-11-17,1305,1104,63.39799539
2016-11-17,1310,1024.8,64.56016757
2016-11-17,1315,844.8,64.39657478
2016-11-17,1320,789.6,64.25502251
2016-11-17,1325,945.6,63.71867867
2016-11-17,1330,984,64.52179863
2016-11-17,1335,1070.4,64.79638261
2016-11-17,1340,748.8,63.74896027
2016-11-17,1345,792,63.97104404
2016-11-17,1350,832.8,64.48773677
2016-11-17,1355,801.6,64.21341242
2016-11-17,1360,825.6,64.86541836
2016-11-17,1365,708,64.53736769
2016-11-17,1370,753.6,65.622597
2016-11-17,1375,628.8,65.9079597
2016-11-17,1380,842.4,60.80063147
2016-11-17,1385,789.6,62.14826355
2016-11-17,1390,986.4,63.17430979
2016-11-17,1395,804,64.16403171
2016-11-17,1400,616.8,65.48313076
2016-11-17,1405,530.4,65.12406922
2016-11-17,1410,566.4,64.34295377
2016-11-17,1415,516,62.98866445
2016-11-17,1420,590.4,63.50051908
2016-11-17,1425,564,63.66462655
2016-11-17,1430,427.2,63.09261786
2016-11-17,1435,484.8,63.00625048
2016-11-28,0,96,63.71577553
2016-11-28,5,516,63.74309606
2016-11-28,10,451.2,63.39153294
2016-11-28,15,576,61.422296
2016-11-28,20,506.4,60.42205846
2016-11-28,25,451.2,63.62486155
2016-11-28,30,451.2,62.82580385
2016-11-28,35,487.2,62.91546818
2016-11-28,40,460.8,62.52301488
2016-11-28,45,448.8,61.17721375
2016-11-28,50,451.2,60.19375429
2016-11-28,55,398.4,61.62230065
2016-11-28,60,357.6,63.3097283
2016-11-28,65,319.2,64.6281372
2016-11-28,70,328.8,64.92560174
2016-11-28,75,307.2,62.53211865
2016-11-28,80,348,62.54088932
2016-11-28,85,283.2,62.16053695
2016-11-28,90,398.4,62.44668743
2016-11-28,95,333.6,66.06990624
2016-11-28,100,285.6,64.59308841
2016-11-28,105,230.4,62.66653516
2016-11-28,110,391.2,64.05189999
2016-11-28,115,252,62.30950362
2016-11-28,120,235.2,62.67325248
2016-11-28,125,240,61.70123398
2016-11-28,130,288,62.97826659
2016-11-28,135,278.4,66.10293901
2016-11-28,140,283.2,63.95688232
2016-11-28,145,232.8,63.44134683
2016-11-28,150,225.6,64.7431203
2016-11-28,155,261.6,65.62504604
2016-11-28,160,220.8,63.41041325
2016-11-28,165,328.8,62.74554437
2016-11-28,170,343.2,62.10458574
2016-11-28,175,223.2,63.28390827
2016-11-28,180,158.4,65.87680821
2016-11-28,185,285.6,64.93649882
2016-11-28,190,254.4,64.79544459
2016-11-28,195,216,61.65484748
2016-11-28,200,225.6,61.17684776
2016-11-28,205,271.2,65.41583157
2016-11-28,210,328.8,64.31614302
2016-11-28,215,264,64.95319544
2016-11-28,220,472.8,66.08165545
2016-11-28,225,441.6,63.4045927
2016-11-28,230,297.6,64.85653501
2016-11-28,235,360,64.89922949
2016-11-28,240,412.8,63.42231729
2016-11-28,245,319.2,63.55439326
2016-11-28,250,360,64.67141597
2016-11-28,255,460.8,66.18191624
2016-11-28,260,408,65.263547
2016-11-28,265,468,64.5104329
2016-11-28,270,487.2,64.90183191
2016-11-28,275,544.8,67.34018486
2016-11-28,280,547.2,66.58052791
2016-11-28,285,602.4,66.57445158
2016-11-28,290,576,67.14991482
2016-11-28,295,619.2,67.75640607
2016-11-28,300,564,66.43592639
2016-11-28,305,600,66.63835771
2016-11-28,310,633.6,67.01783481
2016-11-28,315,835.2,66.22079287
2016-11-28,320,696,67.82166059
2016-11-28,325,979.2,65.05004422
2016-11-28,330,938.4,65.85713565
2016-11-28,335,1003.2,64.86492925
2016-11-28,340,1060.8,66.78159827
2016-11-28,345,1173.6,67.35841337
2016-11-28,350,1128,66.83014616
2016-11-28,355,1082.4,66.55757282
2016-11-28,360,1020,65.48803008
2016-11-28,365,1092,64.64212062
2016-11-28,370,1161.6,65.1684576
2016-11-28,375,1202.4,64.40199209
2016-11-28,380,1267.2,65.12072689
2016-11-28,385,1404,63.68022185
2016-11-28,390,1255.2,66.00222705
2016-11-28,395,1260,65.08741181
2016-11-28,400,1262.4,65.60744235
2016-11-28,405,1303.2,64.10914051
2016-11-28,410,1255.2,64.64187894
2016-11-28,415,1281.6,65.03811404
2016-11-28,420,1243.2,64.35662846
2016-11-28,425,1262.4,64.01115953
2016-11-28,430,1221.6,65.09994583
2016-11-28,435,1312.8,64.8287827
2016-11-28,440,1137.6,65.38434679
2016-11-28,445,1267.2,66.18698016
2016-11-28,450,1286.4,65.3638449
2016-11-28,455,1300.8,64.96964373
2016-11-28,460,1310.4,65.0172693
2016-11-28,465,1159.2,65.8492214
2016-11-28,470,1476,64.59219971
2016-11-28,475,1231.2,64.50157092
2016-11-28,480,1147.2,62.90709094
2016-11-28,485,1173.6,63.7867914
2016-11-28,490,1036.8,64.4311223
2016-11-28,495,1120.8,65.19241555
2016-11-28,500,1032,64.77660612
2016-11-28,505,1123.2,64.65679292
2016-11-28,510,1108.8,64.98915129
2016-11-28,515,1080,66.24044691
2016-11-28,520,1089.6,65.34627444
2016-11-28,525,1104,64.96724519
2016-11-28,530,1044,64.97448115
2016-11-28,535,1048.8,64.05043698
2016-11-28,540,1130.4,64.28230781
2016-11-28,545,1209.6,64.13814114
2016-11-28,550,1176,63.85052639
2016-11-28,555,1262.4,65.1731885
2016-11-28,560,1260,65.56529966
2016-11-28,565,1212,65.26408368
2016-11-28,570,1360.8,65.24601476
2016-11-28,575,1358.4,64.89356295
2016-11-28,580,1192.8,65.56061441
2016-11-28,585,1339.2,65.11285018
2016-11-28,590,1267.2,65.90959043
2016-11-28,595,1156.8,65.55545864
2016-11-28,600,1207.2,65.32012055
2016-11-28,605,1233.6,65.24635439
2016-11-28,610,1125.6,65.36524576
2016-11-28,615,549.6,65.9045891
2016-11-28,620,1188,64.97233036
2016-11-28,625,1236,65.90967333
2016-11-28,630,1195.2,65.08215027
2016-11-28,635,1233.6,66.30055281
2016-11-28,640,1108.8,44.63909782
2016-11-28,645,1245.6,27.23104528
2016-11-28,650,1339.2,31.55095227
2016-11-28,655,1488,50.00259486
2016-11-28,660,1432.8,53.06269299
2016-11-28,665,1324.8,63.99418849
2016-11-28,670,1185.6,66.25264055
2016-11-28,675,1396.8,64.10143214
2016-11-28,680,1418.4,64.86815078
2016-11-28,685,1341.6,65.04426249
2016-11-28,690,1317.6,63.90527588
2016-11-28,695,1339.2,65.80742886
2016-11-28,700,1320,65.30120624
2016-11-28,705,1406.4,65.44875935
2016-11-28,710,1346.4,62.97035621
2016-11-28,715,1387.2,58.31110604
2016-11-28,720,1428,63.3534525
2016-11-28,725,1492.8,65.57292155
2016-11-28,730,1456.8,63.52990097
2016-11-28,735,1514.4,59.94258409
2016-11-28,740,1447.2,60.46493793
2016-11-28,745,1454.4,64.44263624
2016-11-28,750,938.4,62.3136882
2016-11-28,755,1488,60.68030768
2016-11-28,760,1512,64.37396518
2016-11-28,765,1435.2,65.09074655
2016-11-28,770,1550.4,63.44534161
2016-11-28,775,1447.2,65.55629032
2016-11-28,780,1432.8,65.26717634
2016-11-28,785,1394.4,66.12851119
2016-11-28,790,1548,64.14982861
2016-11-28,795,1344,60.56668296
2016-11-28,800,1401.6,63.60608246
2016-11-28,805,1581.6,62.16011166
2016-11-28,810,1488,55.78974933
2016-11-28,815,1226.4,56.67695536
2016-11-28,820,1927.2,58.16673101
2016-11-28,825,1408.8,49.26421548
2016-11-28,830,1492.8,48.48891804
2016-11-28,835,1560,46.64823045
2016-11-28,840,1440,47.21720565
2016-11-28,845,1492.8,43.40489854
2016-11-28,850,1576.8,50.76306549
2016-11-28,855,1557.6,50.27441349
2016-11-28,860,1490.4,46.56699692
2016-11-28,865,1293.6,40.08555307
2016-11-28,870,1322.4,42.60535395
2016-11-28,875,1296,39.12203756
2016-11-28,880,876,19.13635014
2016-11-28,885,1257.6,23.57096281
2016-11-28,890,1334.4,39.17660684
2016-11-28,895,1180.8,37.15229015
2016-11-28,900,1058.4,33.81046143
2016-11-28,905,1202.4,29.38762912
2016-11-28,910,969.6,21.88486774
2016-11-28,915,952.8,14.0192977
2016-11-28,920,926.4,15.248307
2016-11-28,925,1087.2,14.66332302
2016-11-28,930,950.4,16.23573063
2016-11-28,935,835.2,10.58325187
2016-11-28,940,909.6,9.361001441
2016-11-28,945,775.2,7.117433083
2016-11-28,950,852,8.790237
2016-11-28,955,950.4,9.871794872
2016-11-28,960,900,8.623167577
2016-11-28,965,1012.8,15.83458927
2016-11-28,970,876,16.78680655
2016-11-28,975,655.2,5.591534185
2016-11-28,980,792,9.680957875
2016-11-28,985,784.8,6.114054222
2016-11-28,990,914.4,10.03344062
2016-11-28,995,796.8,10.64924265
2016-11-28,1000,674.4,4.528200537
2016-11-28,1005,808.8,8.241847826
2016-11-28,1010,840,7.985091659
2016-11-28,1015,736.8,6.840318302
2016-11-28,1020,801.6,6.500915263
2016-11-28,1025,760.8,6.46624575
2016-11-28,1030,624,5.48247816
2016-11-28,1035,808.8,9.104095929
2016-11-28,1040,700.8,5.880965701
2016-11-28,1045,669.6,5.096998695
2016-11-28,1050,734.4,3.758773982
2016-11-28,1055,813.6,5.563892145
2016-11-28,1060,700.8,4.947405577
2016-11-28,1065,652.8,3.831435615
2016-11-28,1070,799.2,4.455995883
2016-11-28,1075,832.8,7.828679374
2016-11-28,1080,806.4,7.57413786
2016-11-28,1085,914.4,9.047493404
2016-11-28,1090,936,11.15196078
2016-11-28,1095,1120.8,20.32996669
2016-11-28,1100,1106.4,20.55842597
2016-11-28,1105,1034.4,20.54854312
2016-11-28,1110,1140,20.84476138
2016-11-28,1115,1106.4,22.24406115
2016-11-28,1120,1060.8,24.72569301
2016-11-28,1125,871.2,19.01911483
2016-11-28,1130,1070.4,9.5204183
2016-11-28,1135,1334.4,23.37254413
2016-11-28,1140,1392,40.14498063
2016-11-28,1145,1248,35.74797228
2016-11-28,1150,1060.8,23.46453606
2016-11-28,1155,1212,17.2939874
2016-11-28,1160,1245.6,39.76814621
2016-11-28,1165,1279.2,61.54488125
2016-11-28,1170,1147.2,65.40309348
2016-11-28,1175,1094.4,64.53283156
2016-11-28,1180,1106.4,65.23795289
2016-11-28,1185,1012.8,65.10201066
2016-11-28,1190,1077.6,65.02712661
2016-11-28,1195,907.2,64.37202759
2016-11-28,1200,988.8,64.95433674
2016-11-28,1205,969.6,65.37546511
2016-11-28,1210,1046.4,65.10550446
2016-11-28,1215,828,64.90351041
2016-11-28,1220,1219.2,63.8161611
2016-11-28,1225,1044,64.70469034
2016-11-28,1230,943.2,64.36302348
2016-11-28,1235,758.4,65.52247049
2016-11-28,1240,960,65.63145333
2016-11-28,1245,849.6,64.97273388
2016-11-28,1250,933.6,65.47582137
2016-11-28,1255,823.2,63.92845655
2016-11-28,1260,955.2,64.77682923
2016-11-28,1265,804,65.47305871
2016-11-28,1270,902.4,64.86096448
2016-11-28,1275,866.4,65.86694658
2016-11-28,1280,1017.6,65.90632037
2016-11-28,1285,796.8,65.12435839
2016-11-28,1290,789.6,64.28241846
2016-11-28,1295,895.2,64.58166036
2016-11-28,1300,828,64.78308869
2016-11-28,1305,705.6,66.21671248
2016-11-28,1310,734.4,65.83242842
2016-11-28,1315,748.8,64.49596686
2016-11-28,1320,532.8,64.47242217
2016-11-28,1325,976.8,63.27674808
2016-11-28,1330,763.2,63.30742319
2016-11-28,1335,847.2,66.10308914
2016-11-28,1340,681.6,65.51982955
2016-11-28,1345,693.6,66.44443573
2016-11-28,1350,693.6,65.57106723
2016-11-28,1355,681.6,64.4336497
2016-11-28,1360,676.8,65.6493522
2016-11-28,1365,597.6,64.16215102
2016-11-28,1370,516,64.68303591
2016-11-28,1375,537.6,63.74114531
2016-11-28,1380,506.4,64.67515425
2016-11-28,1385,621.6,65.40772305
2016-11-28,1390,600,64.13383317
2016-11-28,1395,633.6,65.5262624
2016-11-28,1400,597.6,64.59167534
2016-11-28,1405,532.8,65.15730138
2016-11-28,1410,516,65.47023658
2016-11-28,1415,590.4,64.41452662
2016-11-28,1420,540,63.55513245
2016-11-28,1425,436.8,63.59015761
2016-11-28,1430,465.6,62.2253704
2016-11-28,1435,374.4,64.64259906
2016-11-29,0,26.4,64.73058911
2016-11-29,5,412.8,64.41839909
2016-11-29,10,417.6,62.70238334
2016-11-29,15,403.2,63.47535295
2016-11-29,20,451.2,64.04197124
2016-11-29,25,429.6,61.46935869
2016-11-29,30,463.2,63.23511681
2016-11-29,35,422.4,62.94571597
2016-11-29,40,405.6,64.43014512
2016-11-29,45,333.6,63.93631137
2016-11-29,50,417.6,61.90353721
2016-11-29,55,355.2,62.40659448
2016-11-29,60,300,63.60713486
2016-11-29,65,348,61.94067999
2016-11-29,70,288,62.29363098
2016-11-29,75,307.2,61.26808815
2016-11-29,80,362.4,60.85080788
2016-11-29,85,324,62.64812546
2016-11-29,90,297.6,62.33465727
2016-11-29,95,314.4,61.01705829
2016-11-29,100,400.8,62.93311133
2016-11-29,105,285.6,63.06846462
2016-11-29,110,261.6,62.70567315
2016-11-29,115,259.2,60.10889878
2016-11-29,120,237.6,63.3439475
2016-11-29,125,266.4,62.28034098
2016-11-29,130,309.6,62.87676118
2016-11-29,135,280.8,62.1497835
2016-11-29,140,307.2,60.83081873
2016-11-29,145,211.2,62.63113768
2016-11-29,150,283.2,62.53103733
2016-11-29,155,278.4,61.71359553
2016-11-29,160,254.4,64.07116148
2016-11-29,165,218.4,63.83540844
2016-11-29,170,211.2,61.4875825
2016-11-29,175,223.2,64.56486548
2016-11-29,180,189.6,63.93532738
2016-11-29,185,230.4,63.07102699
2016-11-29,190,252,64.92462135
2016-11-29,195,242.4,60.19982101
2016-11-29,200,261.6,62.38141597
2016-11-29,205,225.6,61.4967421
2016-11-29,210,271.2,62.03297808
2016-11-29,215,295.2,64.06702786
2016-11-29,220,283.2,64.8734189
2016-11-29,225,345.6,63.41676394
2016-11-29,230,300,66.25745147
2016-11-29,235,304.8,63.55085308
2016-11-29,240,321.6,64.40962135
2016-11-29,245,324,62.27734532
2016-11-29,250,369.6,64.37732437
2016-11-29,255,400.8,64.44260382
2016-11-29,260,422.4,64.39429173
2016-11-29,265,513.6,62.79461915
2016-11-29,270,463.2,64.28945351
2016-11-29,275,561.6,66.06303697
2016-11-29,280,573.6,66.35117097
2016-11-29,285,578.4,66.67260232
2016-11-29,290,525.6,64.92956334
2016-11-29,295,535.2,65.91132256
2016-11-29,300,568.8,65.64059383
2016-11-29,305,619.2,65.2937599
2016-11-29,310,624,64.62352983
2016-11-29,315,710.4,66.21881589
2016-11-29,320,813.6,64.74816665
2016-11-29,325,883.2,67.42907293
2016-11-29,330,950.4,65.41677828
2016-11-29,335,981.6,66.20539648
2016-11-29,340,1077.6,65.18522797
2016-11-29,345,1183.2,65.3687397
2016-11-29,350,1072.8,65.141863
2016-11-29,355,1053.6,66.47961105
2016-11-29,360,1063.2,64.76297317
2016-11-29,365,1044,65.6906485
2016-11-29,370,1140,64.93038599
2016-11-29,375,1279.2,63.09630322
2016-11-29,380,1238.4,64.04865514
2016-11-29,385,1324.8,64.8209891
2016-11-29,390,1260,64.1800482
2016-11-29,395,1238.4,63.53611589
2016-11-29,400,1130.4,63.57980393
2016-11-29,405,1212,63.51197501
2016-11-29,410,1236,63.59111321
2016-11-29,415,1164,64.01849742
2016-11-29,420,1116,64.0679827
2016-11-29,425,1149.6,63.08541504
2016-11-29,430,1130.4,64.74679097
2016-11-29,435,1267.2,65.73006022
2016-11-29,440,1178.4,65.44568219
2016-11-29,445,1216.8,64.92970948
2016-11-29,450,1219.2,65.01124845
2016-11-29,455,1255.2,64.42891264
2016-11-29,460,1344,63.70884973
2016-11-29,465,1279.2,63.23250462
2016-11-29,470,1231.2,65.54314996
2016-11-29,475,1257.6,63.05608004
2016-11-29,480,1135.2,65.95894518
2016-11-29,485,1101.6,63.30168137
2016-11-29,490,1178.4,63.2516459
2016-11-29,495,1149.6,63.63174675
2016-11-29,500,1123.2,63.76491083
2016-11-29,505,1075.2,63.61247762
2016-11-29,510,1197.6,61.87553888
2016-11-29,515,1125.6,63.94984595
2016-11-29,520,1152,63.27406991
2016-11-29,525,1060.8,63.0123334
2016-11-29,530,1024.8,64.72384981
2016-11-29,535,1164,62.8744512
2016-11-29,540,1209.6,63.70404674
2016-11-29,545,1137.6,61.02280167
2016-11-29,550,1296,61.9717172
2016-11-29,555,1212,62.23444203
2016-11-29,560,1248,64.64740921
2016-11-29,565,1180.8,62.52545658
2016-11-29,570,1276.8,62.28661395
2016-11-29,575,1269.6,62.70203496
2016-11-29,580,1250.4,63.37601805
2016-11-29,585,1322.4,61.33248967
2016-11-29,590,1118.4,61.26869243
2016-11-29,595,1216.8,61.78224624
2016-11-29,600,1404,63.08294393
2016-11-29,605,1252.8,63.15005286
2016-11-29,610,1320,64.43826685
2016-11-29,615,1389.6,61.18669696
2016-11-29,620,1389.6,63.06436236
2016-11-29,625,1305.6,63.97959056
2016-11-29,630,1255.2,64.85892129
2016-11-29,635,1147.2,64.85363573
2016-11-29,640,1552.8,63.40671538
2016-11-29,645,1267.2,64.52804954
2016-11-29,650,1269.6,63.42418306
2016-11-29,655,1185.6,64.05492676
2016-11-29,660,1185.6,60.76214835
2016-11-29,665,1411.2,62.96289026
2016-11-29,670,1106.4,64.45433429
2016-11-29,675,1144.8,62.4224918
2016-11-29,680,1471.2,60.20008158
2016-11-29,685,1233.6,62.65420373
2016-11-29,690,1348.8,63.82253716
2016-11-29,695,1327.2,62.40695444
2016-11-29,700,1320,63.88899603
2016-11-29,705,1296,62.89041602
2016-11-29,710,1339.2,62.67126726
2016-11-29,715,1437.6,63.47574086
2016-11-29,720,1320,64.26564059
2016-11-29,725,1411.2,63.94488656
2016-11-29,730,1476,61.09232453
2016-11-29,735,1468.8,60.30136121
2016-11-29,740,1478.4,60.89206401
2016-11-29,745,1586.4,64.21472548
2016-11-29,750,1480.8,58.75441278
2016-11-29,755,1485.6,59.88350007
2016-11-29,760,1480.8,58.41940674
2016-11-29,765,1296,60.16514861
2016-11-29,770,1526.4,62.59293982
2016-11-29,775,1372.8,59.5350759
2016-11-29,780,1466.4,61.58660381
2016-11-29,785,1444.8,61.65016097
2016-11-29,790,1526.4,60.68237945
2016-11-29,795,1531.2,61.1071368
2016-11-29,800,1656,62.48371636
2016-11-29,805,1286.4,59.11607209
2016-11-29,810,1749.6,64.27878163
2016-11-29,815,1598.4,62.04585099
2016-11-29,820,1620,56.13252808
2016-11-29,825,1663.2,56.43585245
2016-11-29,830,1723.2,57.06977346
2016-11-29,835,1646.4,53.93504637
2016-11-29,840,1600.8,55.76692404
2016-11-29,845,1598.4,53.34679125
2016-11-29,850,1519.2,51.33618694
2016-11-29,855,1442.4,46.43592673
2016-11-29,860,1372.8,39.85673113
2016-11-29,865,1526.4,47.77849324
2016-11-29,870,1308,44.14713783
2016-11-29,875,1195.2,35.05911085
2016-11-29,880,1281.6,39.02685943
2016-11-29,885,1324.8,38.41394869
2016-11-29,890,1284,34.55305768
2016-11-29,895,1291.2,32.30937216
2016-11-29,900,974.4,21.10272208
2016-11-29,905,1173.6,19.51496004
2016-11-29,910,1010.4,18.81625955
2016-11-29,915,1068,14.57939652
2016-11-29,920,1039.2,12.27606271
2016-11-29,925,986.4,18.72283575
2016-11-29,930,1082.4,21.50821707
2016-11-29,935,813.6,9.859428017
2016-11-29,940,940.8,11.46699592
2016-11-29,945,744,9.804082639
2016-11-29,950,981.6,8.495608215
2016-11-29,955,698.4,6.060746312
2016-11-29,960,1024.8,8.843492586
2016-11-29,965,806.4,7.881157154
2016-11-29,970,811.2,7.051518739
2016-11-29,975,782.4,4.495813495
2016-11-29,980,770.4,4.297736691
2016-11-29,985,794.4,6.45271817
2016-11-29,990,801.6,6.084580351
2016-11-29,995,758.4,4.563961486
2016-11-29,1000,758.4,5.674138889
2016-11-29,1005,765.6,5.524606725
2016-11-29,1010,732,5.171439337
2016-11-29,1015,693.6,4.893153075
2016-11-29,1020,794.4,7.580428223
2016-11-29,1025,789.6,7.626388991
2016-11-29,1030,583.2,6.109913793
2016-11-29,1035,727.2,4.282620002
2016-11-29,1040,763.2,6.100985436
2016-11-29,1045,667.2,6.565698219
2016-11-29,1050,662.4,5.777511962
2016-11-29,1055,801.6,5.857936276
2016-11-29,1060,595.2,3.677286898
2016-11-29,1065,693.6,3.935542442
2016-11-29,1070,768,5.867372925
2016-11-29,1075,864,8.550594789
2016-11-29,1080,813.6,10.06700356
2016-11-29,1085,955.2,13.72260474
2016-11-29,1090,813.6,10.85332486
2016-11-29,1095,782.4,7.324595745
2016-11-29,1100,796.8,7.748819116
2016-11-29,1105,984,10.49575589
2016-11-29,1110,998.4,17.41824042
2016-11-29,1115,993.6,19.24055981
2016-11-29,1120,926.4,16.21213004
2016-11-29,1125,955.2,10.29126906
2016-11-29,1130,1048.8,15.76647124
2016-11-29,1135,957.6,17.45918544
2016-11-29,1140,1094.4,23.00609628
2016-11-29,1145,1096.8,25.82273804
2016-11-29,1150,1154.4,20.05573494
2016-11-29,1155,1243.2,28.32291001
2016-11-29,1160,1269.6,29.12101371
2016-11-29,1165,1200,34.4808925
2016-11-29,1170,1360.8,42.01339587
2016-11-29,1175,1183.2,60.27672443
2016-11-29,1180,1123.2,63.73616667
2016-11-29,1185,1176,64.44915115
2016-11-29,1190,986.4,63.18653296
2016-11-29,1195,1101.6,62.39028363
2016-11-29,1200,1214.4,64.32810342
2016-11-29,1205,998.4,63.71834732
2016-11-29,1210,1156.8,65.4483948
2016-11-29,1215,1058.4,64.82032543
2016-11-29,1220,1044,64.08035154
2016-11-29,1225,1180.8,65.04930494
2016-11-29,1230,1029.6,64.62831801
2016-11-29,1235,1008,65.98638211
2016-11-29,1240,988.8,64.32495714
2016-11-29,1245,931.2,64.83540486
2016-11-29,1250,988.8,64.46750363
2016-11-29,1255,1015.2,65.2536081
2016-11-29,1260,936,64.80258099
2016-11-29,1265,1072.8,64.6332221
2016-11-29,1270,1015.2,64.69321994
2016-11-29,1275,1065.6,63.56567496
2016-11-29,1280,1092,65.01055355
2016-11-29,1285,984,64.50949825
2016-11-29,1290,967.2,64.73056649
2016-11-29,1295,919.2,64.63269533
2016-11-29,1300,852,64.9247499
2016-11-29,1305,897.6,65.99655124
2016-11-29,1310,688.8,63.68368803
2016-11-29,1315,888,64.37079616
2016-11-29,1320,698.4,64.81956418
2016-11-29,1325,897.6,64.54786464
2016-11-29,1330,811.2,64.89108638
2016-11-29,1335,902.4,64.02589077
2016-11-29,1340,823.2,66.19966474
2016-11-29,1345,720,62.77721024
2016-11-29,1350,748.8,63.8809774
2016-11-29,1355,777.6,62.43507224
2016-11-29,1360,736.8,65.27098355
2016-11-29,1365,638.4,64.94878494
2016-11-29,1370,681.6,65.17578987
2016-11-29,1375,477.6,65.27735628
2016-11-29,1380,640.8,64.6852503
2016-11-29,1385,573.6,64.61857178
2016-11-29,1390,595.2,62.98178196
2016-11-29,1395,626.4,64.24262785
2016-11-29,1400,573.6,64.21280805
2016-11-29,1405,578.4,65.54109929
2016-11-29,1410,496.8,64.47884994
2016-11-29,1415,621.6,65.26563087
2016-11-29,1420,504,64.74637364
2016-11-29,1425,444,63.23716175
2016-11-29,1430,374.4,63.44932918
2016-11-29,1435,446.4,62.83691641
