run,vehicle,direction,i1,i2,T_s,v1_mph,v2_mph,complete_record,replace_ok,time_share_v1,excursion,speed_rmse_ms,acc_rmse_ms2,vsp_rmse_pp,vsp_out_of_range_share,ks1_acc_processing_rmse_ms2,dx_ks1_orig_rel,dx_ks1_proc_rel,dx_meas_proc_rel_to_obs,CO2_E_meas_modal_g,CO2_E_ks1_modal_g,CO2_E_ks1_zero_g,CO2_E_2s_zero_g,CO2_q1_closed_cubic_g,CO2_q2_numeric_cubic_g,CO2_q3_lookup_orig_g,CO2_q4_lookup_proc_g,CO2_de_load_g,CO2_de_combined_g,CO2_discrepancy_pct,NOX_E_meas_modal_g,NOX_E_ks1_modal_g,NOX_E_ks1_zero_g,NOX_E_2s_zero_g,NOX_q1_closed_cubic_g,NOX_q2_numeric_cubic_g,NOX_q3_lookup_orig_g,NOX_q4_lookup_proc_g,NOX_de_load_g,NOX_de_combined_g,NOX_discrepancy_pct,CO_E_meas_modal_g,CO_E_ks1_modal_g,CO_E_ks1_zero_g,CO_E_2s_zero_g,CO_q1_closed_cubic_g,CO_q2_numeric_cubic_g,CO_q3_lookup_orig_g,CO_q4_lookup_proc_g,CO_de_load_g,CO_de_combined_g,CO_discrepancy_pct,HC_E_meas_modal_g,HC_E_ks1_modal_g,HC_E_ks1_zero_g,HC_E_2s_zero_g,HC_q1_closed_cubic_g,HC_q2_numeric_cubic_g,HC_q3_lookup_orig_g,HC_q4_lookup_proc_g,HC_de_load_g,HC_de_combined_g,HC_discrepancy_pct,CO2_excursion_contribution_g
1,2,deceleration,3592,3761,16.900000000000002,29.647437584967545,17.67952880740359,True,True,0.5151115651421934,False,0.2024507635764616,0.09935598513414778,3.036003591791768,0.0,0.002722964125638914,0.0014963145468165945,0.0014947682065705183,0.0015099716308228993,28.134017102434363,27.63094003349651,34.38635009767252,34.70669430682245,-0.5463743118146738,-0.5463743118146596,-0.3203442091499298,-0.3203442091499298,-6.755410064176008,-7.075754273325938,-1.7881451735320164,0.016636007917360262,0.01635257401867443,0.023127842451406148,0.023821220167430168,-0.0010106943691381956,-0.0010106943691381882,-0.0006933777160240198,-0.0006933777160240198,-0.006775268432731716,-0.007468646148755736,-1.7037374596946238,0.23594848396758578,0.23189362183544412,0.30958751362183723,0.31225015024558594,-0.0011649305509574017,-0.0011649305509573993,-0.0026626366237487153,-0.0026626366237487153,-0.0776938917863931,-0.08035652841014182,-1.7185370568851384,0.012868303730917768,0.013222428271879992,0.013539006392970355,0.013647110554557753,-9.198267931120417e-05,-9.198267931120364e-05,-0.00010810416158739747,-0.00010810416158739747,-0.0003165781210903631,-0.00042468228267776055,2.7519131376375086,
1,2,acceleration,5601,5742,14.100000000000001,16.596032342092826,30.247240554520392,True,True,0.6551056323448861,True,1.38950747815863,0.45081409602132183,6.474864137956944,0.0,0.00490480517102094,-0.0020668299530319867,-0.002063771476218046,-0.0021594393660756724,44.840987688374575,43.33411954319479,28.66175609244577,28.956472764863705,-0.5965948932967479,-0.59659489329675,-0.294716672417934,-0.294716672417934,14.672363450749017,14.377646778331084,-3.3604704598655757,0.05200631645616999,0.047390760770121575,0.019236601635031,0.019874509133773102,-0.0011032219241932013,-0.001103221924193206,-0.0006379074987421032,-0.0006379074987421032,0.028154159135090576,0.027516251636348472,-8.87499057915075,0.43248208041305325,0.4224958542089329,0.25806677184832644,0.26051639754217526,-0.0012709831810134894,-0.0012709831810134853,-0.0024496256938488226,-0.0024496256938488226,0.16442908236060644,0.16197945666675762,-2.309049705500577,0.01663281731894894,0.016415142989996755,0.011286594989047542,0.01138605081770795,-0.00010069123100355408,-0.0001006912310035548,-9.945582866040768e-05,-9.945582866040768e-05,0.005128548000949213,0.005029092172288805,-1.3087039001155891,5.7509251590763775
1,2,deceleration,12696,12918,22.200000000000003,29.97402613977868,11.355354393629677,True,True,0.4866961969454224,False,0.9636264075470821,0.28585168839989317,6.5931015106190305,0.0,0.002130959898612084,0.0020292559352692156,0.0020280358680052797,0.002031106585906242,34.96045232850459,32.728887110466864,44.694078439910264,45.59104222553008,-1.8639703319981622,-1.8639703319981535,-0.8969637856198176,-0.8969637856198176,-11.9651913294434,-12.862155115063217,-6.383113116125911,0.018213324698027965,0.018400428206333377,0.02935032273341378,0.031291780338281054,-0.003434518997995524,-0.0034345189979955275,-0.001941457604867275,-0.001941457604867275,-0.010949894527080402,-0.012891352131947677,1.0272891490572895,0.2856478745135601,0.26694510188901704,0.40271937103054545,0.4101747535770419,-0.00393703246273468,-0.003937032462734691,-0.00745538254649647,-0.00745538254649647,-0.1357742691415284,-0.14322965168802487,-6.547492312481819,0.015895074719501526,0.01807817955535788,0.017624281975435883,0.0179269736278806,-0.0003230206318121102,-0.0003230206318121133,-0.0003026916524447171,-0.0003026916524447171,0.00045389757992199756,0.00015120592747728048,13.734473567324113,
1,2,acceleration,14838,14911,7.300000000000001,11.635135964515593,29.379283110205737,True,True,0.50764671946561,True,0.35507832930827693,0.27829039217644497,3.9304705186411786,0.0,0.03369493473990081,-0.0059264647489517385,-0.005894347732909017,-0.005721412839569614,33.11183791721782,31.944283190311705,14.645677274224816,14.99164902010674,-0.558691011117471,-0.5586910111174692,-0.3459717458819238,-0.3459717458819238,17.29860591608689,16.952634170204966,-3.5260945944018354,0.05215490482559629,0.04996559947769004,0.009540791547299983,0.010289639480605932,-0.0010292370484065788,-0.0010292370484065796,-0.0007488479333059486,-0.0007488479333059486,0.04042480793039006,0.039675959997084106,-4.197697906318091,0.3469728913148064,0.3351724023697934,0.1320016362802435,0.13487728383389216,-0.001179510335019439,-0.0011795103350194514,-0.0028756475536486636,-0.0028756475536486636,0.2031707660895499,0.20029511853590123,-3.4009829702535748,0.01221321819181725,0.01180744525958318,0.005778153247986889,0.005894905742501279,-9.695427919902456e-05,-9.695427919902393e-05,-0.00011675249451438986,-0.00011675249451438986,0.00602929201159629,0.0059125395170819,-3.322407950641005,6.849323554493715
1,3,deceleration,3611,3789,17.8,29.352681354293544,16.93266003314075,True,True,0.4642552697083392,False,0.3980496280260219,0.22165516399620497,5.977520231197351,0.0,0.0024794252026661945,0.0015075053697146924,0.0015060998580317614,0.0015222291933621654,30.322591786103622,29.06166194213197,36.09368414127615,36.554979802452046,-0.6276350700537742,-0.6276350700537705,-0.43566812444390735,-0.46129566117589604,-7.03202219914418,-7.493317860320076,-4.158384127802417,0.01828459870544552,0.016944227052960358,0.024091341945745345,0.02508980585681994,-0.0011601761794317093,-0.001160176179431701,-0.0009429936937926757,-0.0009984639110745958,-0.007147114892784988,-0.008145578803859584,-7.330604702229388,0.2587132113881698,0.24284096340441558,0.32504465973348406,0.32887885647168225,-0.0013358849318401136,-0.001335884931840059,-0.0036211858082982884,-0.003834196738198181,-0.08220369632906849,-0.08603789306726667,-6.135074393220565,0.013965740954815583,0.013698237270494474,0.014218209763002192,0.01437387975568805,-0.00010623428958523146,-0.00010623428958523098,-0.0001470216597588645,-0.00015566999268585777,-0.0005199724925077174,-0.0006756424851935752,-1.915427797111402,
1,3,acceleration,5608,5736,12.8,16.37792678791141,29.608352544773243,True,True,0.7067730697971798,True,1.6166638319792057,0.5617330040146769,6.028035277130151,0.0,0.006068508539769983,-0.0022476856733223997,-0.002243657729029183,-0.002356464646844812,38.98357272174588,41.35346813714415,25.927941534706353,26.28672704895428,-0.5139957513952021,-0.5139957513951998,-0.35878551424792704,-0.35878551424792704,15.425526602437795,15.066741088189868,6.079215551416839,0.045415701120862684,0.04716137763127246,0.01726552454048541,0.018042107582432316,-0.0009499218032231763,-0.0009499218032231714,-0.0007765830419469051,-0.0007765830419469051,0.02989585309078705,0.029119270048840146,3.8437731166234586,0.3806378645245094,0.39685353711179616,0.23351500219699312,0.2364971552155917,-0.0010934775234321922,-0.001093477523432168,-0.0029821530185985823,-0.0029821530185985823,0.16333853491480305,0.16035638189620446,4.260131242471979,0.014701592623733425,0.015350132785383877,0.010215196421764083,0.010336273082741968,-8.713172216541482e-05,-8.713172216541498e-05,-0.00012107666097788475,-0.00012107666097788475,0.005134936363619794,0.005013859702641909,4.411359899902848,9.071835247409503
1,3,deceleration,12733,12811,7.800000000000001,28.40036652442012,18.8735949145903,True,True,0.4260138342631958,False,0.4418725866292682,0.26036673154618534,6.653121416750799,0.0,0.01529563687460427,0.002583623073761011,0.0025713287611248774,0.002644098813872537,10.972934758711089,11.517115974003763,15.839081538332556,16.018474295456517,-0.15989446902531232,-0.1598944690253159,-0.17939275712396174,-0.17939275712396174,-4.321965564328792,-4.501358321452754,4.959304208572506,0.005522462466564542,0.006698199704285681,0.01060611778707124,0.010994409308044694,-0.00029576508867767276,-0.00029576508867767276,-0.0003882915209734543,-0.0003882915209734543,-0.003907918082785559,-0.004296209603759013,21.29009015162309,0.08653874223193314,0.09496599525355261,0.14262437745020184,0.1441154539595012,-0.0003408825093569065,-0.00034088250935690456,-0.0014910765092993605,-0.0014910765092993605,-0.04765838219664924,-0.0491494587059486,9.738127460916315,0.005972368120552332,0.0065588457303767615,0.006238128079306942,0.006298666409795887,-2.6925893926036835e-05,-2.6925893926037052e-05,-6.0538330488944976e-05,-6.0538330488944976e-05,0.00032071765106981946,0.0002601793205808745,9.819850317099872,
1,3,acceleration,14852,14917,6.5,11.701432655033551,29.373002365758545,True,True,0.4690736717962345,True,0.29311750305947576,0.23809304007211424,3.619435936612659,0.1076923076923077,0.04503260033997983,-0.006618966349854556,-0.006573939740514829,-0.006512527586988283,30.911130296384492,30.02716891079905,13.028384370397163,13.348728579547094,-0.49306850527887,-0.4930685052788686,-0.294716672417934,-0.32034420914993156,16.998784540401886,16.678440331251956,-2.859686388397243,0.05107172162431341,0.04856610321153697,0.008468630040679886,0.00916200775670391,-0.0009083784004902005,-0.0009083784004902014,-0.0006379074987420998,-0.0006933777160240233,0.04009747317085708,0.03940409545483306,-4.9060778315011895,0.35264830764800004,0.3284194655538835,0.11743357500916894,0.12009621163291766,-0.0010410589544599244,-0.0010410589544599391,-0.0024496256938488226,-0.0026626366237487153,0.21098589054471456,0.20832325392096585,-6.870539732832298,0.012231869269756392,0.01145746551125743,0.005140784513242507,0.005248888674829905,-8.554366624570564e-05,-8.554366624570747e-05,-9.945582866040508e-05,-0.00010810416158739747,0.006316680998014923,0.006208576836427526,-6.3310336418792055,9.139505574839607
1,4,deceleration,3651,3815,16.400000000000002,29.89329257313771,16.573166633795292,True,True,0.3204074372673038,False,1.4412675430310993,0.46343459701094614,7.71175120336365,0.0,0.0032689987391825363,0.001747933488029214,0.0017460162521673052,0.0019377734286540312,27.094528378150162,25.281007989038187,33.32108351722475,33.67986903147267,-0.6636756648724257,-0.6636756648724216,-0.35878551424791993,-0.35878551424791993,-8.040075528186563,-8.398861042434483,-6.693308566959416,0.015354682346276023,0.01486550000208167,0.022339867298044498,0.023116450339991407,-0.0012269489195139284,-0.0012269489195139253,-0.0007765830419469086,-0.0007765830419469086,-0.007474367295962828,-0.008250950337909737,-3.185883844174703,0.23126502044949446,0.2101536511029219,0.30002982710137827,0.3030119801199769,-0.0014130142201698248,-0.001413014220169817,-0.00298215301859861,-0.00298215301859861,-0.08987617599845638,-0.09285832901705499,-9.128647862759271,0.012775329249064497,0.013447950103870593,0.013122273226285258,0.013243349887263145,-0.00011223061700800678,-0.00011223061700800507,-0.00012107666097788648,-0.00012107666097788648,0.0003256768775853347,0.00020460021660744822,5.264998198424909,
1,4,acceleration,5668,5759,9.1,17.70761340401645,28.106765081332888,True,True,0.6609473617747881,True,0.9945061922508132,0.43067601967262314,5.044155642805574,0.0,0.011300864465178608,-0.0024943346572945456,-0.0024855691240031268,-0.002573025428072636,30.068445905645056,30.694461817187257,18.342248265484017,18.68822001136593,-0.2262210186101758,-0.2262210186101754,-0.3459717458819149,-0.3459717458819149,12.35221355170324,12.006241805821325,2.0819696285822085,0.036028159449835014,0.0368532685385269,0.01207796292607953,0.012826810859385473,-0.0004180331643197846,-0.0004180331643197834,-0.0007488479333059433,-0.0007488479333059433,0.024775305612447368,0.024026457679141425,2.2901782974530027,0.2913133316180537,0.2955187362766299,0.1652590487324361,0.1681346962860847,-0.00048112989559159487,-0.0004811298955915422,-0.002875647553648608,-0.002875647553648608,0.1302596875441938,0.12738403999054518,1.4436018548200196,0.01117333819617172,0.011363130111244655,0.007231691650247477,0.0073484441447618665,-3.838186535535791e-05,-3.838186535535908e-05,-0.00011675249451438986,-0.00011675249451438986,0.004131438460997178,0.004014685966482788,1.6986142524349928,17.226098846679463
1,4,deceleration,12751,12818,6.7,28.738824914346772,18.63289990736515,True,True,0.3846485065971865,False,0.7178215034421068,0.47677322832500796,5.838535380712904,0.0,0.02384909322178096,0.0031840660681963897,0.00316365312411557,0.0032877894211523866,9.095740027252448,9.171115962537932,13.618507237661039,13.759458689687007,-0.15436795030139158,-0.15436795030139372,-0.14095145202596804,-0.14095145202596804,-4.447391275123106,-4.588342727149074,0.828694917177099,0.004435720422992259,0.005069254336474354,0.009138829492628845,0.009443915687679416,-0.0002855619417949926,-0.00028556194179499284,-0.00030508619505057073,-0.00030508619505057073,-0.004069575156154491,-0.004374661351205062,14.282548336414857,0.07074461780020869,0.07367900220327087,0.12261991956871181,0.12379147968316127,-0.00032915422508922413,-0.0003291542250892232,-0.0011715601144494658,-0.0011715601144494658,-0.04894091736544094,-0.05011247747989041,4.147855334167235,0.005184745480119453,0.005711483267275102,0.005362827110649293,0.005410392941747748,-2.5981886271188228e-05,-2.5981886271187957e-05,-4.7565831098455094e-05,-4.7565831098455094e-05,0.0003486561566258088,0.0003010903255273537,10.159375984325335,
1,4,acceleration,14817,14923,10.600000000000001,11.79963378043506,29.46703579471129,True,True,0.7072532058970779,True,1.9514882655518246,0.6477296358709783,4.315997273564283,0.0,0.013051275295472203,-0.004038940036213896,-0.0040284335689751635,-0.004630372280061621,38.97267363343799,40.58003363243207,21.28177263950737,21.768695837415265,-0.80195301050338,-0.8019530105033823,-0.4869231979078954,-0.4869231979078954,19.2982609929247,18.811337795016804,4.124325711169545,0.0558931353059395,0.056303995007152836,0.013887186213345245,0.014941120341701765,-0.0014776080127303058,-0.0014776080127302978,-0.0010539341283565193,-0.0010539341283565193,0.04241680879380759,0.04136287466545107,0.7350807911641285,0.42520973443364896,0.405471124999161,0.19180199899481384,0.1958492066629119,-0.001693709827840823,-0.0016937098278408114,-0.004047207668098046,-0.004047207668098046,0.21366912600434715,0.2096219183362491,-4.642087853604405,0.015457925225532562,0.01491796308793039,0.008395407821032846,0.008559726146645692,-0.00013901474478107017,-0.00013901474478106995,-0.00016431832561284582,-0.00016431832561284582,0.006522555266897543,0.0063582369412846975,-3.493108743405566,10.989655642713558
1,5,deceleration,3672,3743,7.1000000000000005,29.78569724563976,18.067360714440795,True,True,0.4797902188999638,False,0.5406778545526468,0.4260599831521258,5.064596135659476,0.0,0.023875038649101458,0.0034490375418608334,0.0034293000764477593,0.003596137154696937,9.037357607055988,9.391438477652377,14.491222531404851,14.580918909966828,-0.21865798966118805,-0.21865798966119065,-0.08969637856197643,-0.08969637856197643,-5.099784053752474,-5.1894804323144506,3.9179690125345705,0.004256835063275946,0.0050134873181958235,0.0098135857891437,0.010007731549630427,-0.0004046279462315109,-0.00040462794623151097,-0.00019414576048672715,-0.00019414576048672715,-0.004800098470947876,-0.004994244231434603,17.774995828416674,0.06894021592818553,0.0743208376784386,0.1304364775289988,0.13118201578364852,-0.000466615992133193,-0.0004666159921331847,-0.000745538254649708,-0.000745538254649708,-0.056115639850560214,-0.05686117810520992,7.804764864470428,0.00567924592649985,0.006046339065598875,0.0057031323103389625,0.005733401475583435,-3.670884566906903e-05,-3.670884566907111e-05,-3.0269165244472922e-05,-3.0269165244472922e-05,0.0003432067552599123,0.0003129375900154394,6.463765504257113,
1,5,deceleration,8199,8280,8.1,28.767944452517156,12.82582556217534,True,True,0.4332601414547676,False,0.6170602609332613,0.3678899388759237,4.2517316045784135,0.0,0.02326244268322894,0.004731869280598685,0.004710961429283748,0.005094692522905467,8.914426241907018,10.026199586238926,16.26297017805246,16.63456946066638,-0.4971190269352343,-0.4971190269352359,-0.3715992826139214,-0.3715992826139214,-6.236770591813533,-6.608369874427455,12.47161975613668,0.0037176081283672563,0.004998301028755727,0.010612953053920082,0.011417271204507948,-0.000916131050651262,-0.0009161310506512633,-0.0008043181505878669,-0.0008043181505878669,-0.0056146520251643545,-0.006418970175752221,34.44937863719759,0.06417063482483143,0.07693198518200522,0.1465696975513181,0.1496583560348666,-0.001050410979108862,-0.001050410979108879,-0.003088658483548501,-0.003088658483548501,-0.06963771236931288,-0.07272637085286138,19.886588923436474,0.006837276565957629,0.006903818129716233,0.006415521982731269,0.0065409228101726506,-8.604796572922879e-05,-8.604796572922804e-05,-0.00012540082744138138,-0.00012540082744138138,0.0004882961469849642,0.0003628953195435828,0.973217378537984,
1,5,deceleration,12715,12929,21.400000000000002,29.88712558085384,11.00282222042282,True,True,0.5367133009295573,False,1.357318907203518,0.5631134017674326,4.771828215767724,0.0,0.002370546108884804,0.002158095399269761,0.002156699693055592,0.0020614712084882944,36.02890877938883,31.163668347991024,43.05115799935062,43.94812178497044,-1.857655927862769,-1.8576559278627656,-0.8969637856198176,-0.8969637856198176,-11.887489651359598,-12.784453436979415,-13.503712980008649,0.023604513910137806,0.017449203999289654,0.02822269100951176,0.030164148614379032,-0.0034219706694174875,-0.003421970669417497,-0.0019414576048672715,-0.0019414576048672715,-0.010773487010222106,-0.012714944615089378,-26.076834008450106,0.2994480655369092,0.2534080930149252,0.387938298829571,0.3953936813760674,-0.003921179274728648,-0.00392117927472857,-0.007455382546496414,-0.007455382546496414,-0.1345302058146458,-0.14198558836114222,-15.374944045617578,0.01816395878773647,0.01754611927418925,0.016978264907764513,0.017280956560209226,-0.00032255061279498636,-0.00032255061279498273,-0.0003026916524447136,-0.0003026916524447136,0.0005678543664247374,0.00026516271398002375,-3.4014584638033836,
1,5,acceleration,14839,14952,11.3,12.206903088382743,29.968614786865555,True,True,0.6477651805279472,True,1.4203807954315413,0.4643601533948912,5.531487936557265,0.0,0.011162332149391775,-0.00372688463084251,-0.0037183398684830986,-0.003970151063623734,41.87030086576411,42.576343124762666,22.757769330095048,23.20625122290495,-0.8551557993274863,-0.8551557993274841,-0.4484818928099017,-0.4484818928099017,19.818573794667618,19.370091901857716,1.6862602952439352,0.05973951891835275,0.05752057304546067,0.014957069297682396,0.01592779810011603,-0.0015765167285994935,-0.0015765167285994933,-0.000970728802433634,-0.000970728802433634,0.04256350374777827,0.041592774945344635,-3.714368500229747,0.430428724088086,0.42221815558034853,0.20505495356551634,0.20878264483876455,-0.0018085022140629453,-0.0018085022140629237,-0.003727691273248207,-0.003727691273248207,0.2171632020148322,0.21343551074158398,-1.9075326641205346,0.01566294173639851,0.015605980575467627,0.008973645254635787,0.009124991080858142,-0.0001476345248144386,-0.00014763452481443735,-0.00015134582622235507,-0.00015134582622235507,0.00663233532083184,0.006480989494609485,-0.3636683446157151,11.668262067271144
1,6,deceleration,3682,3750,6.800000000000001,29.387994291499982,17.894909387886454,True,True,0.5915480307176935,False,0.5929889378512451,0.35765962615755603,4.974385180732342,0.0,0.026123223056691243,0.0035745680005388435,0.003552306735570477,0.003420236596115082,9.588299086226305,8.823015358920252,13.836686061096993,13.964823744756963,-0.20285335620496148,-0.20285335620496348,-0.12813768365997014,-0.12813768365997014,-5.013670702176741,-5.141808385836711,-7.981433624712356,0.005625730003418174,0.0046264817292811155,0.009307518566757558,0.009584869653167169,-0.0003752307156633095,-0.00037523071566331057,-0.0002773510864096107,-0.0002773510864096107,-0.004681036837476443,-0.0049583879238860535,-17.76210862465705,0.07863103746443328,0.06915411717225022,0.12457405905878356,0.1256391137082831,-0.0004324739610499616,-0.00043247396104997837,-0.0010650546494995333,-0.0010650546494995333,-0.05541994188653335,-0.05648499653603288,-12.052391266578047,0.005960723451588029,0.0057868188965746695,0.00544790341057171,0.005491145075206671,-3.415847729744011e-05,-3.4158477297440565e-05,-4.324166463496107e-05,-4.324166463496107e-05,0.00033891548600295963,0.00029567382136799856,-2.917507521121936,
1,6,deceleration,8197,8305,10.8,30.44843359955973,12.163510700646311,True,True,0.4097645501713859,False,1.0108389173529486,0.46648969588902334,4.164871850013645,0.0,0.012883920931380893,0.003973178047540546,0.003963217025759499,0.0043060740590502,13.623488602709363,14.144166412921033,21.820640433307247,22.179425947555174,-0.8618454104885527,-0.8618454104885558,-0.35878551424792704,-0.35878551424792704,-7.676474020386214,-8.035259534634141,3.8219124733448955,0.0059559313776766,0.007467552163763557,0.014446445230730359,0.015223028272677267,-0.0015892827490542934,-0.0015892827490542882,-0.0007765830419469086,-0.0007765830419469086,-0.006978893066966802,-0.00775547610891371,25.380090706764285,0.1018687049412973,0.11140737150838295,0.19656232169455695,0.1995444747131555,-0.0018238433324966204,-0.001823843332496633,-0.0029821530185985545,-0.0029821530185985545,-0.085154950186174,-0.08813710320477255,9.363686887530763,0.008257178082021942,0.009194627074425494,0.00860015375258565,0.008721230413563534,-0.0001484932382508492,-0.0001484932382508474,-0.00012107666097788475,-0.00012107666097788475,0.0005944733218398446,0.00047339666086195983,11.353140056947861,
1,6,deceleration,12747,12936,18.900000000000002,28.826482128286678,10.524860005537418,True,True,0.5331353888316713,True,1.9069789969288762,0.8071376737635003,4.229726948331452,0.0,0.0031412499582070545,0.00246075417596019,0.0024587173526985653,0.002368222098354099,33.00946818811376,26.620678010464033,37.82733524403977,38.81399540822156,-1.5677366183428865,-1.5677366183428916,-0.9866601641817851,-0.9866601641817851,-11.20665723357574,-12.193317397757525,-19.354417166739566,0.02628882086887003,0.014479931754123262,0.02450469611183122,0.026640299477185218,-0.002885272934931009,-0.0028852729349310054,-0.002135603365353997,-0.002135603365353997,-0.010024764357707959,-0.012160367723061956,-44.91981277384066,0.2804793892965172,0.21375937804483502,0.34100190994687607,0.34920283074802216,-0.0033019400552946852,-0.003301940055294661,-0.008200920801146094,-0.008200920801146094,-0.12724253190204105,-0.13544345270318714,-23.787848162043424,0.017396354761042614,0.01553648230579368,0.014929192406046999,0.015262153223736186,-0.00027401510068326333,-0.00027401510068326106,-0.0003329608176891874,-0.0003329608176891874,0.0006072898997466804,0.000274329082057493,-10.691161917518098,0.263136986287968
1,6,acceleration,14855,14983,12.8,12.056299286699662,30.52770565403065,True,True,0.5682710581175662,True,0.8974790520668188,0.4795157897719741,2.4590117395948146,0.0,0.00847243235718024,-0.0033887808919246163,-0.003382708058513396,-0.003533240051906807,44.77286776563126,44.945788195562,25.825431387778373,26.28672704895428,-1.0427230992513754,-1.0427230992513685,-0.4612956611759067,-0.4612956611759067,19.12035680778363,18.659061146607723,0.3862170072194462,0.059262502583250755,0.055452251666810046,0.017043643671357727,0.018042107582432316,-0.0019227958334977846,-0.0019227958334977861,-0.0009984639110745888,-0.0009984639110745888,0.038408607995452315,0.03741014408437773,-6.429446530861815,0.4344590715215562,0.4278162335810418,0.23266295847739354,0.2364971552155917,-0.0022065250739999264,-0.002206525073999932,-0.0038341967381981534,-0.0038341967381981534,0.19515327510364827,0.19131907836545012,-1.5289905024309773,0.01650820844597876,0.01631639010596834,0.010180603090056115,0.010336273082741968,-0.0001796809405541068,-0.0001796809405541066,-0.00015566999268585256,-0.00015566999268585256,0.006135787015912223,0.0059801170232263706,-1.1619573416347764,6.934807702356387
1,7,deceleration,3724,3750,2.6,29.05294034131896,18.988122522363835,True,True,0.3880019515751677,True,0.5752740367637256,0.5761117603694863,2.194605392913291,0.3076923076923077,0.2586270268166174,0.008057864555381352,0.007737777247351105,0.008435781880360226,2.625306513435467,2.8492194120889307,5.313863895086843,5.339491431818838,-0.05893294537420159,-0.05893294537420157,-0.025627536731994915,-0.025627536731994915,-2.4646444829979126,-2.4902720197299075,8.529019278608038,0.0009661272818118638,0.0012464223342945238,0.0036093328853996423,0.0036648031026815645,-0.00010907034282774126,-0.0001090703428277399,-5.547021728192223e-05,-5.547021728192223e-05,-0.0023629105511051183,-0.002418380768387041,29.012228280832517,0.018006895852879106,0.020730193033564433,0.04782547372326718,0.04803848465316707,-0.00012580298470650994,-0.00012580298470650508,-0.00021301092989988585,-0.00021301092989988585,-0.02709528068970275,-0.027308291619602635,15.123634872636318,0.0022211475792941076,0.0022601056377279504,0.00209090713700497,0.002099555469931962,-9.883854591750723e-06,-9.883854591750691e-06,-8.648332926992387e-06,-8.648332926992387e-06,0.00016919850072298062,0.00016055016779598823,1.7539608262420758,1.7135643331507708
1,7,deceleration,8223,8327,10.4,28.49955130134121,10.786424979980104,True,True,0.3069178347495681,False,1.8733665164735434,0.7574430607459958,6.035164830511551,0.0673076923076923,0.013730752310968403,0.004335351655795679,0.004323642163291856,0.0054168518465670164,12.174671092659956,13.534704853733583,20.79415991917147,21.357965727275353,-0.8086693067982237,-0.8086693067982225,-0.5638058081038828,-0.5638058081038828,-7.259455065437887,-7.82326087354177,11.17101029442663,0.004892475298855216,0.007112970994858255,0.013438867630523972,0.014659212410726258,-0.00148822356388584,-0.0014882235638858394,-0.0012203447802022864,-0.0012203447802022864,-0.006325896635665716,-0.007546241415868003,45.385935755722876,0.08837530457889782,0.10635629431774458,0.18746769815487052,0.19215393861266827,-0.0017030489541057627,-0.0017030489541057237,-0.004686240457797752,-0.004686240457797752,-0.08111140383712594,-0.08579764429492369,20.346170035311257,0.008174706041103824,0.0088604734740568,0.008207958555334027,0.008398221879727849,-0.00014138119632224242,-0.00014138119632224437,-0.0001902633243938221,-0.0001902633243938221,0.0006525149187227731,0.00046225159432895097,8.388894102183242,
1,7,deceleration,12776,12940,16.400000000000002,28.503262465670133,10.596732075525448,True,True,0.4792363957341555,True,2.807898449409642,1.1942120893559127,5.682102725442646,0.0,0.004394584971274041,0.002792485323763216,0.0027894223622475897,0.002867222823845359,32.11438015374521,22.65588133755178,32.78290524585287,33.67986903147267,-1.305897422736842,-1.3058974227368338,-0.8969637856198034,-0.8969637856198034,-10.127023908301087,-11.02398769392089,-29.45253425696392,0.03195017094908823,0.01219318154971577,0.02117499273512414,0.023116450339991407,-0.0024030301985622877,-0.0024030301985622816,-0.001941457604867268,-0.001941457604867268,-0.008981811185408368,-0.010923268790275636,-61.836881658175514,0.28439949481093735,0.18097352586667373,0.2955565975734804,0.3030119801199769,-0.002749488955920583,-0.0027494889559205316,-0.00745538254649647,-0.00745538254649647,-0.11458307170680668,-0.12203845425330315,-36.3664390518763,0.016202511685573313,0.013586689132987807,0.01294065823481843,0.013243349887263145,-0.0002284904569773672,-0.000228490456977367,-0.00030269165244471534,-0.00030269165244471534,0.000646030898169378,0.00034333924572466264,-16.144549705306673,0.9390082082033757
1,7,acceleration,14875,14999,12.4,12.846318217529667,29.537729717293317,True,True,0.58361128125304,True,0.959837941961402,0.4452662630243066,3.9084519209604527,0.0,0.008295189016257944,-0.003175915558211188,-0.003169855339604499,-0.0032915777707067857,42.441450948730164,42.641362218438644,24.95271609403457,25.46526682867446,-0.82673391809393,-0.8267339180939324,-0.5125507346398877,-0.5125507346398877,17.688646124404073,17.176095389764185,0.4710283584554524,0.05254847679381502,0.051919392602871484,0.01636888737484287,0.017478291720481307,-0.001524317902670475,-0.0015243179026704756,-0.0011094043456384359,-0.0011094043456384359,0.03555050522802861,0.03444110088239018,-1.197150192215614,0.4031260688139712,0.4070336344118051,0.2248464005171065,0.22910661911510447,-0.0017489407305295527,-0.0017489407305295857,-0.004260218597997967,-0.004260218597997967,0.18218723389469862,0.17792701529670066,0.9693160279438932,0.015538871378733563,0.015609924752335592,0.009840297890366442,0.01001326454890628,-0.00014259235736706406,-0.0001425923573670669,-0.00017296665853983907,-0.00017296665853983907,0.0057696268619691505,0.005596660203429311,0.4572621258663137,20.93831608080685
1,8,deceleration,3732,3752,2.0,29.63641784414409,18.744054052544687,True,True,0.4695071044707054,True,0.18021253016368288,0.18632281813975754,2.8529870107872783,0.6,0.53253875723681,0.011256983824856712,0.010527838281655981,0.010731245618646364,1.9873144904753723,1.9873144904753723,4.081673564667112,4.1073011013991065,-0.052872790603891294,-0.052872790603891495,-8.881784197001252e-16,-0.025627536731994915,-2.0943590741917393,-2.119986610923734,0.0,0.0007267323792979556,0.0007267323792979556,0.0027636090924731283,0.0028190793097550492,-9.787823917245372e-05,-9.7878239172454e-05,1.3010426069826053e-18,-5.5470217281920926e-05,-0.0020368767131751725,-0.0020923469304570935,0.0,0.013558091403947523,0.013558091403947523,0.03673966957253631,0.036952680502436205,-0.0001129319002753278,-0.00011293190027531624,6.938893903907228e-18,-0.0002130109298998928,-0.02318157816858879,-0.023394589098488683,0.0,0.0017264933345085061,0.0017264933345085061,0.0016063943362514405,0.0016150426691784322,-8.851256483471448e-06,-8.851256483471221e-06,0.0,-8.648332926991737e-06,0.00012009899825706567,0.00011145066533007394,0.0,8.431930872992176
1,8,deceleration,8228,8335,10.700000000000001,28.340536949081272,10.269904844300184,True,True,0.2989713516410627,False,2.0725258435580445,0.8303859425543323,5.636381345763211,0.0,0.013035949427744642,0.00437406059992707,0.004362891312938761,0.005689196363664362,14.084875739075946,14.044800688397265,21.371813779283347,21.97406089248522,-0.8724092788564861,-0.8724092788564874,-0.602247113201873,-0.602247113201873,-7.327013090886082,-7.929260204087955,-0.28452541166195505,0.005858331538960263,0.007431215544798661,0.013778524201064348,0.015082074307189516,-0.0016048981657500354,-0.001604898165750034,-0.0013035501061251682,-0.0013035501061251682,-0.006347308656265687,-0.007650858762390855,26.848668351698528,0.10553061780001172,0.11072946693818558,0.1926910838353861,0.1976968406880337,-0.0018355539161312438,-0.001835553916131244,-0.0050057568526475915,-0.0050057568526475915,-0.08196161689720052,-0.08696737374984811,4.926389370737948,0.007606780818524812,0.009108302407700067,0.008437242456320306,0.008640478280104613,-0.00015295438408342575,-0.00015295438408342334,-0.00020323582378430766,-0.00020323582378430766,0.0006710599513797613,0.00046782412759545366,19.739251399469744,
1,8,deceleration,12779,12937,15.8,28.73249846590538,10.52709848560884,True,True,0.50542467191722,True,3.2830394748434224,1.5187818593942173,5.2101887759257215,0.08227848101265822,0.004908222896520378,0.0029349269848721648,0.0029314608737939286,0.0026398849835338914,35.41801820573996,21.596902274411896,31.60196998889712,32.44767870105294,-1.2981706805729907,-1.2981706805729942,-0.8200811754238231,-0.8457087121558224,-10.005067714485225,-10.850776426641048,-39.02283818095776,0.03834960294981884,0.011637676010533546,0.020440209376761463,0.02227072654706489,-0.002389033985092426,-0.00238903398509243,-0.0017750469530215043,-0.0018305171703034279,-0.008802533366227917,-0.010633050536531345,-69.65372490098096,0.32099813831266616,0.17227837736915663,0.28489681528254934,0.291926175969246,-0.0027338323458658605,-0.0027338323458659386,-0.006816349756796847,-0.007029360686696684,-0.11261843791339271,-0.1196477986000894,-46.330412296238926,0.01674750465757361,0.013219648732569967,0.012473442099918883,0.012758837086509616,-0.00022698678569457617,-0.00022698678569457904,-0.00027674665366373905,-0.0002853949865907323,0.0007462066326510836,0.00046081164606035126,-21.0649645850868,3.0349881739302447
1,8,acceleration,14881,15008,12.700000000000001,12.46076744762514,29.73196763005993,True,True,0.5564019058475255,True,0.9544387163457482,0.5468694812334962,3.340661958361642,0.0,0.008080405361125045,-0.003223154459494306,-0.003217288122069339,-0.0034437767460339707,44.28117672122972,43.71133651172083,25.555997490878443,26.081361993884325,-0.9085738151467104,-0.9085738151467133,-0.525364503005882,-0.525364503005882,18.155339020842387,17.629974517836505,-1.2868678108901543,0.057655727007492885,0.053282307554060375,0.016764014162665163,0.017901153616944564,-0.0016750130923498584,-0.001675013092349865,-0.001137139454279401,-0.001137139454279401,0.036518293391395215,0.035381153937115814,-7.585403359607527,0.4318279422713146,0.4171853370956669,0.23028279712752203,0.23464952119046992,-0.0019215212139416082,-0.0019215212139415683,-0.004366724062947885,-0.004366724062947885,0.18690253996814488,0.182535815905197,-3.390842449571696,0.01643410140631487,0.0159920101685772,0.01007823012427971,0.010255520949283045,-0.00015684437885076665,-0.00015684437885076646,-0.00017729082500333483,-0.00017729082500333483,0.005913780044297488,0.005736489219294153,-2.6900846405133936,18.114330971596015
1,9,deceleration,3684,3773,8.9,29.343017498631337,18.35507954565253,True,True,0.7016111473486932,False,1.3910005200323663,0.7357100552664299,5.688091354362998,0.02247191011235955,0.01263160288142601,0.002588362736675625,0.0025788599736124773,0.0022838543838938213,15.855823304527304,12.864294749840548,18.13653844920005,18.277489901226023,-0.2414469447861471,-0.2414469447861478,-0.14095145202597337,-0.14095145202597337,-5.272243699359501,-5.413195151385475,-18.867065413327268,0.011418708844353202,0.007409993273476973,0.0122398167333594,0.01254490292840997,-0.0004467500614927799,-0.0004467500614927771,-0.00030508619505057073,-0.00030508619505057073,-0.004829823459882427,-0.005134909654932998,-35.106557365797315,0.13747972258712088,0.10538758622347255,0.16326786812139168,0.16443942823584112,-0.0005151126876646371,-0.0005151126876646595,-0.001171560114449438,-0.001171560114449438,-0.057880281897919134,-0.05905184201236857,-23.34317800453194,0.007848407572837193,0.007540905321698311,0.007139374046745567,0.007186939877844025,-4.056818599364372e-05,-4.056818599364274e-05,-4.7565831098457696e-05,-4.7565831098457696e-05,0.00040153127495274384,0.00035396544385428615,-3.918020926985573,
1,9,deceleration,12561,12824,26.3,27.83967093923649,19.33454153243557,True,True,0.9960469558761792,True,3.526109573004251,0.7697592259207134,9.208730949018202,0.034220532319391636,0.0006355392825553092,0.0006855206136682789,0.0006852263726661364,0.0004867229838531353,68.27302788035706,46.89149604422047,53.2549971498044,54.01100948339825,-0.43022133005738133,-0.4302213300573925,-0.7560123335938442,-0.7560123335938442,-6.363501105583936,-7.11951343917778,-31.317685036037943,0.07332596884622573,0.028588818692905978,0.035434521513462214,0.0370708929232789,-0.0007957472639001938,-0.0007957472639001859,-0.001636371409816685,-0.001636371409816685,-0.006845702820556236,-0.008482074230372921,-61.01133180679752,0.6430719584736524,0.40032700259510584,0.4796439261749891,0.4859277486070361,-0.0009170455670033192,-0.0009170455670034494,-0.006283822432047004,-0.006283822432047004,-0.07931692357988324,-0.08560074601193024,-37.74771278391735,0.02893314759770618,0.019783028050413362,0.020982685278350125,0.021237811099696385,-7.24862521394864e-05,-7.248625213948992e-05,-0.00025512582134626025,-0.00025512582134626025,-0.001199657227936763,-0.0014547830492830233,-31.62504015988305,-0.6143832162709462
1,9,acceleration,14891,15033,14.200000000000001,12.90713499914322,29.918861418781,True,True,0.4842791573412425,True,0.646013643846886,0.3459594097607759,2.590830017387736,0.0,0.006004170777662358,-0.0027973871082893737,-0.002793305090708711,-0.0027134688019519815,45.99932749237778,47.32463275908279,28.62365954856178,29.161837819933655,-0.9784357790122159,-0.9784357790122229,-0.5381782713718763,-0.5381782713718763,18.70097321052101,18.162794939149133,2.8811405273796997,0.0516713100612748,0.055884689035734805,0.01885058853634049,0.020015463099260854,-0.0018045239293467239,-0.0018045239293467234,-0.0011648745629203629,-0.0011648745629203629,0.03703410049939432,0.03586922593647395,8.154194212346342,0.4344169268424391,0.4511214666543674,0.25789080203939924,0.26236403156729704,-0.0020712424017629316,-0.002071242401762985,-0.004473229527897804,-0.004473229527897804,0.19323066461496818,0.18875743508707038,3.8452782982802547,0.016969124836858952,0.017396718358198088,0.011285187959700042,0.01146680295116687,-0.00016841523109598837,-0.00016841523109598772,-0.00018161499146682886,-0.00018161499146682886,0.006111530398498046,0.005929915407031217,2.519832492541699,9.246239100330186
1,10,deceleration,3753,3785,3.2,28.33592389260016,17.326138414750105,True,True,0.4031027875367188,True,0.5710759480917633,0.5198691906167426,1.6508454493605447,0.125,0.1683859828727522,0.007534828231519038,0.0073328949687005655,0.007858582990746902,3.1797031847605957,3.5339839507218573,6.469171615310592,6.57168176223857,-0.08932928911292055,-0.08932928911292226,-0.10251014692797789,-0.10251014692797789,-2.9351876645887347,-3.0376978115167126,11.141944558197372,0.0011627718068767288,0.0015649987951529712,0.004288646026480392,0.004510526895608079,-0.00016505437705962065,-0.00016505437705962136,-0.00022188086912768717,-0.00022188086912768717,-0.002723647231327421,-0.002945528100455108,34.59208297771228,0.021692946246316038,0.02583251185755958,0.058272245084298326,0.059124288803897924,-0.00018994002527641303,-0.0001899400252764194,-0.0008520437195995989,-0.0008520437195995989,-0.032439733226738744,-0.03329177694633834,19.082542150983926,0.00276238933521361,0.0027832750723694667,0.0025494749389775246,0.002584068270685492,-1.5167671613349648e-05,-1.5167671613349962e-05,-3.459333170796738e-05,-3.459333170796738e-05,0.00023380013339194218,0.0001992068016839748,0.7560750720260692,9.406307603696646
1,10,acceleration,14912,15044,13.200000000000001,13.21982649278503,28.21911057729453,True,True,0.3747242396634038,True,1.0638614828236597,0.41605287561629184,4.181455591924267,0.0,0.006365496700854603,-0.0027421296989832383,-0.002737505948765094,-0.0024966758573802135,40.90936230958167,40.98139800926663,26.41624377747025,27.108187269234104,-0.7183948225153743,-0.7183948225153749,-0.6919434917638547,-0.6919434917638547,14.565154231796377,13.873210740032523,0.17608609770015476,0.04679447883907882,0.04572631104816658,0.017108227577771435,0.01860592344438333,-0.001323790309519919,-0.0013237903095199201,-0.0014976958666118936,-0.0014976958666118936,0.028618083470395145,0.027120387603783252,-2.2826791053396587,0.38976174982596956,0.3938835894720422,0.2381363962087817,0.24388769131607896,-0.0015176200403549801,-0.0015176200403548834,-0.005751295107297272,-0.005751295107297272,0.15574719326326053,0.14999589815596326,1.0575280021482552,0.015285023372764625,0.015459661234603036,0.010425776627548877,0.010659281616577655,-0.00012443516884526966,-0.0001244351688452685,-0.00023350498902877798,-0.00023350498902877798,0.005033884607054159,0.004800379618025381,1.1425423277375366,12.287064964117047
1,11,deceleration,12833,12879,4.6000000000000005,29.2011655040151,16.08970978316291,True,True,0.4240437515295531,True,0.6248526227605575,0.5159096517436051,2.773683867410557,0.0,0.08023950298124735,0.006293356979704349,0.00620942172854938,0.006508596931392825,4.659393519583671,5.274410020160531,9.318654849557976,9.446792533217945,-0.18292207785699025,-0.182922077856988,-0.12813768365996836,-0.12813768365996836,-4.044244829397446,-4.172382513057414,13.199496844211886,0.0017720412194543581,0.002418132079317765,0.006206531326027004,0.006483882412436614,-0.00033790235957110434,-0.0003379023595711031,-0.00027735108640960984,-0.00027735108640960984,-0.0037883992467092394,-0.004065750333118849,36.46026135116368,0.03221850163189019,0.03919060410425017,0.0839261105061038,0.08499116515560327,-0.00038871387420252304,-0.0003887138742025148,-0.0010650546494994778,-0.0010650546494994778,-0.04473550640185363,-0.045800561051353106,21.640058100836452,0.003976156103658529,0.003960897198258412,0.003671356474475435,0.0037145981391103946,-3.11167295292551e-05,-3.1116729529254584e-05,-4.324166463495977e-05,-4.324166463495977e-05,0.00028954072378297715,0.0002462990591480174,-0.3837602197277075,-1.1453427340395077
1,11,deceleration,16524,16585,6.1000000000000005,29.25304055307479,17.787250074796642,True,True,0.4495673964843142,False,0.4617409765430847,0.3614866621123207,5.545216267045889,0.0,0.03432163798456024,0.003995803933682872,0.003965028706743488,0.003990202835631439,6.853466079507377,7.701133938053257,12.411944443973303,12.527268359267275,-0.1816430251956854,-0.18164302519568487,-0.11532391529397223,-0.11532391529397223,-4.710810505920046,-4.826134421214018,12.368454862284953,0.003063738110860292,0.003916727511431311,0.008348575916984251,0.008598191894752902,-0.00033593978203661157,-0.0003359397820366112,-0.0002496159777686507,-0.0002496159777686507,-0.00443184840555294,-0.00468146438332159,27.841459344953652,0.0503940640600217,0.05964649902481421,0.11174712634788089,0.11270567553243042,-0.0003870979675810117,-0.00038709796758099047,-0.0009585491845495314,-0.0009585491845495314,-0.05210062732306668,-0.05305917650761621,18.360168280479282,0.005260988633428756,0.005191424048999758,0.004886962642822755,0.004925880140994219,-3.062571057326371e-05,-3.0625710573263694e-05,-3.8917498171463574e-05,-3.8917498171463574e-05,0.0003044614061770033,0.0002655439080055397,-1.3222720913513961,
1,11,acceleration,16611,16676,6.5,17.787250074796642,28.066330249843272,True,True,0.518857819447883,True,0.21628939434763209,0.17460453754720123,3.199697247271753,0.0,0.02619426100583186,-0.0034487971033253153,-0.0034253360926998575,-0.0033097991449218497,25.42086795314851,25.62533072787741,13.105266980593148,13.348728579547094,-0.15780251745339935,-0.1578025174533959,-0.24346159895394592,-0.24346159895394592,12.520063747284263,12.276602148330317,0.8043107540849286,0.03488045627879523,0.03625236072465033,0.008635040692525653,0.00916200775670391,-0.0002916105417710061,-0.00029161054177100597,-0.0005269670641782562,-0.0005269670641782562,0.02761732003212468,0.027090352967946423,3.9331608362277097,0.25176228722179916,0.25611532907948664,0.11807260779886863,0.12009621163291766,-0.0003356377930103473,-0.00033563779301035157,-0.002023603834049023,-0.002023603834049023,0.138042721280618,0.13601911744656897,1.7290285633020595,0.00931466281223503,0.009383963413267495,0.005166729512023483,0.005248888674829905,-2.6768336851924062e-05,-2.6768336851924757e-05,-8.215916280642204e-05,-8.215916280642204e-05,0.0042172339012440125,0.0041350747384375905,0.7439947363573559,7.123060835428525
1,12,deceleration,3774,3826,5.2,28.778395432523883,17.15839866217549,True,True,0.3990173070384511,True,0.7447749909655637,0.5728198020703383,4.1266251786841766,0.0,0.05212822638409302,0.004864542264142174,0.0048134023721829,0.004974674230782175,6.101491062786647,6.308480484899373,10.525217643245712,10.678982863637676,-0.16116649831416435,-0.16116649831416652,-0.15376522039196416,-0.15376522039196416,-4.216737158346339,-4.370502378738303,3.3924399787318684,0.002533177446974212,0.0030811291588324382,0.006996784901671597,0.007329606205363129,-0.00029784377405581814,-0.00029784377405581673,-0.0003328213036915325,-0.0003328213036915325,-0.003915655742839159,-0.004248477046530691,21.631003880629617,0.044457744302653486,0.04816035119217263,0.09479890372693475,0.09607696930633414,-0.0003428390145850364,-0.0003428390145850252,-0.0012780655793993845,-0.0012780655793993845,-0.04663855253476212,-0.04791661811416151,8.328373262289313,0.004131846883517797,0.00445314342463292,0.0041472209423019735,0.004199110939863924,-2.732751068833946e-05,-2.732751068833944e-05,-5.1889997561950854e-05,-5.1889997561950854e-05,0.00030592248233094615,0.0002540324847689953,7.7760998936527725,1.2148410012617603
1,12,deceleration,12529,12895,36.6,28.37078893066345,16.759179351072643,True,True,0.7569283795673328,True,3.188487780601146,0.6539168427821412,8.192272270773865,0.0273224043715847,0.00037819152769774916,0.000702985409513368,0.0007028291461728124,0.0006089466522057462,82.69725827319934,64.58975550364444,73.83097824553992,75.16361015560365,-1.1436738817497571,-1.1436738817497485,-1.332631910063725,-1.332631910063725,-9.241222741895484,-10.57385465195921,-21.896134343093703,0.07258810624152867,0.03875060249648839,0.048704700069857464,0.05158915136851741,-0.0021124222911211607,-0.0021124222911211576,-0.002884451298659947,-0.002884451298659947,-0.009954097573369076,-0.012838548872029024,-46.61576874929046,0.7593914054396437,0.5476571313751838,0.6651574848397878,0.6762340531945825,-0.0024297110899401987,-0.0024297110899401675,-0.011076568354794758,-0.011076568354794758,-0.11750035346460397,-0.12857692181939873,-27.882100396155785,0.03475434187279967,0.027155675178955712,0.02910556753376174,0.029555280845965315,-0.0001947042215780779,-0.00019470422157807574,-0.0004497133122035764,-0.0004497133122035764,-0.0019498923548060265,-0.002399605667009603,-21.86393493410105,-1.0358692462284544
1,12,acceleration,16626,16684,5.800000000000001,16.64499249196697,27.954187882744726,True,True,0.5004707509858843,True,0.27479465652449064,0.24596983571412354,5.589938065066062,0.0,0.038468811289676295,-0.0043719666099013565,-0.004334810947808687,-0.004402292401320753,23.518461713046975,24.680477237250248,11.654897826737464,11.91117319405741,-0.17300305276304662,-0.17300305276304684,-0.2562753673199456,-0.2562753673199456,13.025579410512783,12.769304043192838,4.9408653439210255,0.03263503668648646,0.037685511361076,0.007620627825470423,0.008175329998289644,-0.0003194331132439601,-0.00031943311324396026,-0.0005547021728192205,-0.0005547021728192205,0.030064883535605578,0.029510181362786356,15.47562125671165,0.22836777916543993,0.2547074326357934,0.105032664158066,0.107162773457065,-0.0003672326152915829,-0.00036723261529159057,-0.0021301092989989973,-0.0021301092989989973,0.14967476847772737,0.1475446591787284,11.533874685216345,0.008506309633182267,0.009095973038516501,0.0045971404113475355,0.004683623740617454,-2.9529420739941667e-05,-2.952942073994238e-05,-8.648332926991867e-05,-8.648332926991867e-05,0.0044988326271689656,0.004412349297899047,6.932070789358709,10.839504522492291
1,14,deceleration,3789,4126,33.7,30.982473599682443,12.68376637611875,True,True,0.343719685342384,False,3.2856960364685848,0.8253025685724363,6.309016456618849,0.02967359050445104,0.0007332908492125142,0.0012434969102301996,0.0012431710906295262,0.0014418972794128153,64.53719095198478,56.762278171497265,68.19573585766115,69.20802355857495,-2.6606240425286187,-2.6606240425286245,-1.0122877009138023,-1.0122877009138023,-11.433457686163884,-12.445745387077686,-12.047181889698296,0.05507814830266082,0.033029311195553517,0.04531041278673668,0.047501486369372584,-0.004909602243635651,-0.004909602243635652,-0.0021910735826359065,-0.0021910735826359065,-0.01228110159118316,-0.014472175173819067,-40.03191426470328,0.5579677101350077,0.47516753153500835,0.6142387347350042,0.6226526664660501,-0.005639488991612535,-0.005639488991612707,-0.008413931731045876,-0.008413931731045876,-0.13907120319999589,-0.14748513493104176,-14.839600409845353,0.029664221573333458,0.025025092284002796,0.026871859825040402,0.027213468975656584,-0.0004561698536758621,-0.0004561698536758689,-0.0003416091506161824,-0.0003416091506161824,-0.0018467675410376062,-0.0021883766916537886,-15.638803391021696,
1,14,deceleration,7567,7768,20.1,30.253533486699396,17.93717847300991,True,True,0.485836443173256,False,1.0006873758018855,0.32326341310012796,4.658438752284367,0.0,0.0018103350025558556,0.001271518838096495,0.0012705874753521583,0.0012244939999449405,33.97816428462739,34.341439942316654,41.03491447010707,41.27837606906102,-0.680979594969103,-0.6809795949691022,-0.24346159895394948,-0.24346159895394948,-6.693474527790414,-6.936936126744364,1.0691444500832554,0.01943424189708818,0.02063141045022267,0.027804779998859993,0.028331747063038246,-0.0012604597716041129,-0.0012604597716041194,-0.0005269670641782527,-0.0005269670641782527,-0.007173369548637322,-0.007700336612815575,6.160099063673086,0.2846595896542836,0.2909335860814092,0.36935083521543494,0.37137443904948386,-0.0014540441417662908,-0.0014540441417663086,-0.002023603834048926,-0.002023603834048926,-0.07841724913402576,-0.08044085296807468,2.204034803375242,0.015134311056320498,0.015337027596415498,0.01614901966243682,0.016231178825243244,-0.00011411757917317104,-0.00011411757917317161,-8.215916280642291e-05,-8.215916280642291e-05,-0.000811992066021323,-0.000894151228827746,1.3394500703772731,
1,15,deceleration,3820,3900,8.0,30.80064990738446,12.196433826778325,True,True,0.414549040586485,True,1.4759746542239076,0.9562291437009902,3.9620290784653074,0.1,0.028014572913315973,0.005408569158907942,0.0053840807864734405,0.005911819394952242,8.910604505703603,9.589082704004857,16.17292903827648,16.429204405596426,-0.6579624130296697,-0.6579624130296704,-0.2562753673199474,-0.2562753673199474,-6.583846334271621,-6.840121701591569,7.6142779972668135,0.0033985588578558184,0.004607123271764371,0.010721615066200979,0.011276317239020197,-0.0012136078711530909,-0.0012136078711530891,-0.0005547021728192179,-0.0005547021728192179,-0.006114491794436608,-0.006669193967255826,35.56108528516251,0.06300403725397867,0.07252668585856435,0.14568061271074584,0.14781072200974482,-0.0013931966149722834,-0.0013931966149722808,-0.0021301092989989834,-0.0021301092989989834,-0.07315392685218149,-0.07528403615118047,15.114346666704016,0.006370216959994158,0.006831592716782839,0.00637368734744381,0.006460170676713729,-0.00011316340084290821,-0.00011316340084290867,-8.648332926991867e-05,-8.648332926991867e-05,0.00045790536933902875,0.0003714220400691101,7.2427008324235205,10.45758973221745
1,15,deceleration,7611,7787,17.6,29.72165680896873,17.895011967962333,True,True,0.4360816869061387,False,1.4168014305074084,0.5854895713223015,5.917419727954614,0.0,0.0024291681220117867,0.0014112042571127002,0.001409858696269613,0.0014837240429559867,31.72382221237551,29.800773631805544,35.8623467882602,36.14424969231214,-0.5536911493474899,-0.5536911493475003,-0.28190290405193963,-0.28190290405193963,-6.061573156454653,-6.3434760605065925,-6.061843896665708,0.020468710486558257,0.017699066704060372,0.0241977255357433,0.024807897925844438,-0.0010244376627894596,-0.0010244376627894652,-0.000610172390101138,-0.000610172390101138,-0.006498658831682928,-0.007108831221784066,-13.531110249063818,0.26159765287501546,0.25136823944767556,0.32284046819253975,0.32518358842143863,-0.0011811050046120666,-0.0011811050046122151,-0.002343120228898876,-0.002343120228898876,-0.0714722287448642,-0.07381534897376307,-3.910361318198544,0.014458882755201855,0.013340802941582883,0.014117243826573292,0.014212375488770206,-9.307202756855525e-05,-9.307202756855815e-05,-9.513166219691366e-05,-9.513166219691366e-05,-0.0007764408849904088,-0.0008715725471873225,-7.732823016472151,
1,16,deceleration,2152,2233,8.1,30.55197853752736,18.19165628141888,True,True,0.4358314805277032,False,0.6356121589980138,0.4594189435325346,5.044788640053069,0.0,0.018035951808334897,0.0031305948280195366,0.0031167622372801087,0.0032199701030775317,11.199350818208517,11.081743017251497,16.57050061883639,16.63456946066638,-0.2745061667622575,-0.27450616676225437,-0.06406884182998951,-0.06406884182998951,-5.488757601584894,-5.552826443414883,-1.050130519760183,0.005659782305447144,0.0061102471249603356,0.011278595661303147,0.011417271204507948,-0.00050829955850896,-0.0005082995585089616,-0.00013867554320480188,-0.00013867554320480188,-0.005168348536342811,-0.005307024079547613,7.9590485146337,0.08819354015786705,0.08899517633206298,0.1491258287101169,0.1496583560348666,-0.0005866889426451382,-0.0005866889426451027,-0.0005325273247497042,-0.0005325273247497042,-0.060130652378053914,-0.06066317970280362,0.9089511235868246,0.00632803275682936,0.00690125408219799,0.00651930197785517,0.0065409228101726506,-4.586322236921473e-05,-4.586322236921434e-05,-2.1620832317480534e-05,-2.1620832317480534e-05,0.0003819521043428196,0.0003603312720253391,9.058444344334271,
1,16,deceleration,3829,3914,8.5,29.59573925801876,11.707884535547915,True,True,0.4845344813638052,True,1.2154581548348764,0.8943456688385533,2.7326929661688153,0.0,0.023102485476508186,0.005095081989123496,0.005074604743078063,0.005062282508100442,10.531353652671019,10.423662484334004,17.110057935064276,17.4560296809462,-0.6589478296827801,-0.6589478296827807,-0.3459717458819256,-0.3459717458819256,-6.686395450730272,-7.0323671966121974,-1.0225766970583245,0.00472359693449742,0.005143647504615317,0.011232239133153014,0.01198108706645896,-0.001214146615773906,-0.0012141466157739086,-0.0007488479333059451,-0.0007488479333059451,-0.0060885916285376976,-0.006837439561843643,8.89259976968356,0.07991199485228083,0.07964360346279474,0.1541732445817052,0.15704889213535386,-0.001391760901770863,-0.0013917609017708998,-0.0028756475536486636,-0.0028756475536486636,-0.07452964111891046,-0.07740528867255912,-0.3358587030422863,0.006868743001167813,0.0072491167966179364,0.006747178849493947,0.006863931344008338,-0.000114206780388582,-0.00011420678038858226,-0.00011675249451439072,-0.00011675249451439072,0.0005019379471239895,0.0003851854526095988,5.537749707413023,9.194727411733872
1,16,deceleration,7642,7766,12.4,28.53834992983852,18.59051910136698,True,True,0.5635130179733545,False,1.4502210484299207,0.7300331305578748,6.771871141216193,0.0,0.004943808198910564,0.001702235674528363,0.0016989875024284375,0.001725020110983294,23.198863826397194,19.321177455578937,25.15773638789052,25.46526682867446,-0.2776464719115015,-0.2776464719115026,-0.307530440783939,-0.307530440783939,-5.836558932311583,-6.144089373095522,-16.714983974370202,0.016454935762056578,0.011278316110650817,0.016812649113098238,0.017478291720481307,-0.0005135250645504765,-0.0005135250645504734,-0.0006656426073830685,-0.0006656426073830685,-0.005534333002447421,-0.00619997560983049,-31.459373201216163,0.19793174481273287,0.1605548469407332,0.22655048795630572,0.22910661911510447,-0.0005917773308915301,-0.0005917773308915242,-0.002556131158798741,-0.002556131158798741,-0.06599564101557254,-0.06855177217437128,-18.88373080698233,0.010926022408325999,0.009993237732614017,0.009909484553782379,0.01001326454890628,-4.679062448471169e-05,-4.679062448471015e-05,-0.00010377999512390171,-0.00010377999512390171,8.375317883163765e-05,-2.0026816292264063e-05,-8.537275880023534,
1,17,deceleration,2154,2244,9.0,30.22092114772792,18.420082813134652,True,True,0.3724910849116433,False,1.0645536726894296,0.5956546256891899,5.0435940500517,0.0,0.013187808285329092,0.0026956768006974894,0.002685995357642367,0.0029746306916374346,12.449303253084292,12.803049699634649,18.405972346099993,18.482854956295977,-0.2783734582237957,-0.27837345822379334,-0.07688261019598386,-0.07688261019598386,-5.602922646465345,-5.679805256661329,2.8414959404472437,0.00563203644595564,0.007292602248553533,0.012519446242051957,0.012685856893897722,-0.0005154223133963917,-0.0005154223133963902,-0.00016641065184576538,-0.00016641065184576538,-0.005226843993498423,-0.005393254645344189,29.484287229539227,0.09626833664667692,0.10440787884604821,0.16564802947126325,0.1662870622609629,-0.0005948489447419393,-0.0005948489447419325,-0.0006390327896996506,-0.0006390327896996506,-0.06124015062521504,-0.06187918341491469,8.455056442124853,0.0065083786455186156,0.007651772110793695,0.00724174701252197,0.007267692011302946,-4.6535495859100654e-05,-4.6535495859100634e-05,-2.5944998780975427e-05,-2.5944998780975427e-05,0.0004100250982717246,0.00038408009949074916,17.5680231214324,
1,17,deceleration,3847,3931,8.4,27.944905909345152,10.944168761201336,True,True,0.5586337795439995,False,1.0281049885978328,0.6882953760742091,4.498530524659708,0.0,0.022624634862419186,0.005204282428128375,0.005182873787739749,0.0049535114293284615,9.760868040960954,10.294053852388364,16.763741427968352,17.250664625876247,-0.6043243165173812,-0.6043243165173884,-0.4869231979078954,-0.4869231979078954,-6.469687575579988,-6.956610773487883,5.462483553613518,0.0041623018083007494,0.0050755151775556655,0.01078619897261469,0.011840133100971208,-0.0011119035033644012,-0.001111903503364398,-0.0010539341283565175,-0.0010539341283565175,-0.005710683795059025,-0.0067646179234155425,21.9401045698734,0.07143438724345502,0.07872435537553386,0.15115405044213392,0.15520125811023205,-0.0012719940149503737,-0.0012719940149503728,-0.0040472076680981295,-0.0040472076680981295,-0.07242969506660006,-0.07647690273469819,10.205124469303493,0.006845240689186411,0.007169261930984483,0.00661886088493657,0.006783179210549416,-0.00010583047491757122,-0.00010583047491757175,-0.00016431832561284582,-0.00016431832561284582,0.0005504010460479127,0.0003860827204350669,4.733525912535638,
1,17,deceleration,7661,7783,12.200000000000001,28.264004087329305,17.883755582013386,True,True,0.581453481952553,False,1.147827416972459,0.5383525769193269,6.395739442956798,0.0,0.005375018151487613,0.0018437298961330765,0.0018400967722196702,0.0017480832965062513,20.333746772905624,18.570731629878335,24.67012366755462,25.05453671853455,-0.3009788224022997,-0.3009788224022998,-0.38441305097992995,-0.38441305097992995,-6.099392037676285,-6.483805088656215,-8.670389981331315,0.012389869707572963,0.010686119421451937,0.016364330530276968,0.017196383789505804,-0.000556303675175483,-0.0005563036751754843,-0.0008320532592288356,-0.0008320532592288356,-0.005678211108825031,-0.006510264368053867,-13.751155793669538,0.16670145062913605,0.15329262056104215,0.22221618711636246,0.22541135106486085,-0.0006404722301729488,-0.0006404722301729393,-0.003195163948498392,-0.003195163948498392,-0.06892356655532031,-0.0721187305038187,-8.043619307143755,0.009696435880424679,0.009899347485367081,0.009722035288083557,0.009851760281988437,-5.097972074354129e-05,-5.097972074354258e-05,-0.00012972499390487974,-0.00012972499390487974,0.0001773121972835235,4.7587203378643764e-05,2.0926411255092505,
1,17,deceleration,12903,12963,6.0,29.919780576886552,17.488377437711833,True,True,0.6042330240011948,True,0.86460910473062,0.603211276216318,4.222494211285682,0.0,0.03880424646806031,0.004370345969902268,0.004335581854232282,0.0037083896723162143,7.9990578757033735,7.352587247309505,12.219393157269344,12.321903304197319,-0.20908788323798622,-0.20908788323798966,-0.10251014692797433,-0.10251014692797433,-4.866805909959839,-4.969316056887814,-8.081834616517547,0.00449300232048226,0.003626106501509017,0.00823535706013746,0.008457237929265149,-0.00038679704550171283,-0.00038679704550171473,-0.0002218808691276889,-0.0002218808691276889,-0.004609250558628443,-0.0048311314277561315,-19.294355024508288,0.06447677647649291,0.05627609110418424,0.11000599778770903,0.11085804150730862,-0.00044585913528509546,-0.0004458591352851371,-0.000852043719599585,-0.000852043719599585,-0.05372990668352479,-0.05458195040312438,-12.71882035743288,0.005299572992171695,0.0051244200703553285,0.00481053467582733,0.004845128007535297,-3.518512350111076e-05,-3.5185123501111325e-05,-3.459333170796695e-05,-3.459333170796695e-05,0.00031388539452799867,0.0002792920628200317,-3.3050383884719623,0.46034299108224275
1,17,acceleration,16737,16840,10.3,16.166020726631935,30.689840065627894,True,True,0.3334585409682312,False,1.331211522733137,0.48942976305229496,3.8947680144682058,0.0,0.011536968202262488,-0.00300939844799163,-0.003001113837384504,-0.0027616075009372957,39.257067040543895,39.25597289816183,20.934766609983452,21.1526006722054,-0.4932316467033105,-0.493231646703304,-0.1922065254899472,-0.21783406222194657,18.321206288178377,18.10337222595643,-0.00278712207647961,0.05364073444478446,0.05206234768383132,0.014046761598342172,0.014518258445238505,-0.0009120907904387593,-0.0009120907904387552,-0.00041602662961441085,-0.00047149684689633264,0.03801558608548915,0.037544089238592815,-2.9425151935193345,0.4053092960405288,0.38859271472599183,0.18849571168339732,0.19030630458754644,-0.0010508004568701346,-0.0010508004568701157,-0.001597581974249196,-0.0018105929041491164,0.2000970030425945,0.1982864101384454,-4.12440116174029,0.014709789400481248,0.014283548201976689,0.008243958916389493,0.008317469746268926,-8.324050739518439e-05,-8.324050739518495e-05,-6.486249695244334e-05,-7.351082987943312e-05,0.006039589285587196,0.005966078455707763,-2.8976702990092713,
1,18,deceleration,3805,3958,15.3,28.250746882078765,10.143179856119348,True,True,0.6496993469184656,False,1.4925774205250153,0.4743971862589649,3.7107009594270726,0.0,0.005294301684769886,0.003082521672966312,0.0030786416591735677,0.0027024289233760095,24.11295806031036,20.77800035110405,30.536703408449362,31.420853425703164,-1.255554686479603,-1.2555546864796092,-0.8841500172538019,-0.8841500172538019,-9.758703057345311,-10.642853074599113,-13.830562392490567,0.014158809829048878,0.011041009255724484,0.01965223422339982,0.02156595671962613,-0.0023094516138158125,-0.002309451613815818,-0.0019137224962263097,-0.0019137224962263097,-0.008611224967675336,-0.010524947463901646,-22.02021646570722,0.19893779702491038,0.1648301960001937,0.27533912876209055,0.28268800584363696,-0.0026409034420753364,-0.0026409034420753486,-0.007348877081546412,-0.007348877081546412,-0.11050893276189686,-0.11785780984344327,-17.14485710347232,0.012108034748856192,0.012707155094816132,0.012056708933233788,0.012355076419215008,-0.00022032514518190215,-0.00022032514518190507,-0.0002983674859812196,-0.0002983674859812196,0.0006504461615823437,0.0003520786756011241,4.948122122101907,
1,18,deceleration,11210,11275,6.5,29.137128114277036,16.477500556605325,True,True,0.470200576399116,False,0.5392441192152464,0.4525075897859002,3.8835392334982624,0.0,0.03226062865890368,0.0042697596486536635,0.004240713905026498,0.0042943303997150266,7.4748418762559155,8.09859683614833,13.15652205405714,13.348728579547094,-0.24004201585345117,-0.24004201585345442,-0.19220652548995432,-0.19220652548995432,-5.05792521790881,-5.250131743398764,8.344724480042752,0.003489379639202544,0.004062073987290904,0.008745981127089495,0.00916200775670391,-0.00044351322176417097,-0.00044351322176417254,-0.0004160266296144143,-0.0004160266296144143,-0.004683907139798591,-0.005099933769413006,16.412497558426807,0.05582897952149652,0.06235811730560372,0.11849862965866842,0.12009621163291766,-0.000510360084971138,-0.0005103600849711565,-0.0015975819742492375,-0.0015975819742492375,-0.0561405123530647,-0.05773809432731394,11.69489007334122,0.0056452453587643005,0.00553672271590146,0.005184026177877466,0.005248888674829905,-4.076762115713364e-05,-4.0767621157133255e-05,-6.4862496952439e-05,-6.4862496952439e-05,0.00035269653802399385,0.00028783404107155484,-1.92237247393257,
1,18,acceleration,12742,12887,14.5,18.2999645912263,29.65731980415758,True,True,0.4191474947889685,False,0.8600370931360147,0.35719136922422196,3.676489863654818,0.0,0.003802498197549163,-0.0016332573593955532,-0.0016309707418660376,-0.0015703926543307496,44.87336152227624,43.31591306811932,29.534471386189576,29.77793298514352,-0.4189307373132669,-0.4189307373132678,-0.24346159895394237,-0.24346159895394237,13.781441681929746,13.537980082975803,-3.470763948414614,0.05011100839770176,0.04601811940302931,0.019911357931545852,0.020438324995724108,-0.0007752912383921956,-0.0007752912383921923,-0.0005269670641782562,-0.0005269670641782562,0.026106761471483456,0.0255797944073052,-8.167644446883978,0.42938335146142004,0.41838005070438883,0.26588332980861346,0.26790693364266244,-0.0008941558435692583,-0.0008941558435693331,-0.0020236038340489815,-0.0020236038340489815,0.15249672089577537,0.1504731170617264,-2.5625820655554348,0.01677503714829071,0.016414326043855208,0.01162690018873721,0.011709059351543634,-7.029194236854593e-05,-7.029194236854788e-05,-8.215916280642291e-05,-8.215916280642291e-05,0.004787425855117997,0.004705266692311574,-2.150284981468767,
1,18,deceleration,12920,13002,8.200000000000001,29.65731980415758,11.756774605964274,True,True,0.581172215236298,False,0.8506119827358862,0.43474407540346977,3.700833211162487,0.0,0.025320987373155943,0.005271136186716437,0.0052484005179063604,0.004865440577186604,11.459093022972779,9.918182020360197,16.50677653822041,16.839934515736335,-0.6357950984143541,-0.6357950984143521,-0.33315797751592413,-0.33315797751592413,-6.588594517860214,-6.921752495376138,-13.44705902573108,0.00660079522337655,0.004801728445487748,0.010837112345330718,0.011558225169995703,-0.0011715655154151683,-0.0011715655154151683,-0.000721112824664985,-0.000721112824664985,-0.00603538389984297,-0.006756496724507955,-27.255303596109943,0.0934053981416821,0.07529876342951732,0.14873684797128975,0.15150599005998844,-0.0013430778269671471,-0.0013430778269671595,-0.0027691420886986895,-0.0027691420886986895,-0.07343808454177243,-0.07620722663047112,-19.384998161133804,0.007120273256198988,0.0069861697289557035,0.006509246615580678,0.006621674943631572,-0.00011014000611681991,-0.00011014000611681962,-0.0001124283280508941,-0.0001124283280508941,0.00047692311337502527,0.0003644947853241312,-1.8834042236585882,
1,19,deceleration,3836,4192,35.6,27.91897752561416,10.825848229731475,True,True,0.5334770705551233,False,3.5399216913893445,0.7534990414424722,7.430404118545435,0.0,0.0005968324620677497,0.001239246975523676,0.0012389558775114926,0.001165429911624835,72.06389282936873,58.24574160577666,70.95724651941656,73.10995960490409,-2.5932228143650713,-2.5932228143650775,-2.152713085487534,-2.152713085487534,-12.7115049136399,-14.864217999127433,-19.174860920031584,0.06269990822622326,0.03182279049394901,0.04552011346195843,0.05017961171363988,-0.0047709038305649605,-0.004770903830564971,-0.0046594982516814515,-0.0046594982516814515,-0.01369732296800942,-0.018356821219690872,-49.24587388687815,0.6256141789248967,0.47727817468225003,0.6398647948317729,0.6577577129433645,-0.005457172356713734,-0.005457172356713613,-0.01789291811159155,-0.01789291811159155,-0.1625866201495229,-0.18047953826111446,-23.71046073437124,0.03350994945570162,0.025252814423689714,0.028021299545508777,0.0287477595113761,-0.0004544020931732505,-0.00045440209317324995,-0.0007264599658673224,-0.0007264599658673224,-0.002768485121819063,-0.0034949450876863852,-24.640845975991105,
1,19,acceleration,5775,6097,32.2,13.162156177260975,30.080667777264328,True,True,0.5155925244862778,False,2.2792591554942714,0.7332567062727512,7.651503710302654,0.0,0.0007601363385431868,-0.0012150446406078066,-0.0012146960564097694,-0.0012372846408011996,91.70935703698866,80.05564224693916,64.99993611631785,66.12754773252561,-2.1838959231360113,-2.1838959231360207,-1.1276116162077585,-1.1276116162077585,15.055706130621303,13.928094514413544,-12.707225485562255,0.10691567575058158,0.06681564239291558,0.042946487326651725,0.045387176887056305,-0.0040288122956703785,-0.004028812295670391,-0.0024406895604045797,-0.0024406895604045797,0.02386915506626386,0.02142846550585928,-37.5062244859336,0.8644449807574862,0.713167308599997,0.5855656751736275,0.594938156089223,-0.004626002936277449,-0.004626002936277573,-0.009372480915595505,-0.009372480915595505,0.12760163342636954,0.11822915251077404,-17.49997692449198,0.03611974875334191,0.030278577659558388,0.025621660324985116,0.026002186973772764,-0.0003751799977215404,-0.00037517999772154406,-0.0003805266487876477,-0.0003805266487876477,0.004656917334573272,0.004276390685785624,-16.17168251549114,
1,19,deceleration,11230,11307,7.7,28.991554798888703,16.124749004226313,True,True,0.2991882378531141,False,1.5741652684388017,0.8438972521480003,4.810620003836907,0.0,0.021344565664722592,0.003703791309808648,0.003685714368043309,0.00450271405918484,10.54063350628061,10.076203016285305,15.569647641432615,15.81310924038656,-0.29548734085249945,-0.29548734085249606,-0.24346159895394415,-0.24346159895394415,-5.49344462514731,-5.736906224101254,-4.406096556896463,0.004801680415182339,0.005332063779054271,0.010326488278378681,0.01085345534255694,-0.000545774791343598,-0.0005457747913436006,-0.0005269670641782596,-0.0005269670641782596,-0.00499442449932441,-0.0055213915635026695,11.04578643332704,0.08239661752941124,0.07942315650243376,0.1402442161003303,0.1422678199343794,-0.0006277429781797181,-0.0006277429781797184,-0.0020236038340490925,-0.0020236038340490925,-0.06082105959789655,-0.06284466343194564,-3.608717343179916,0.005793339831276185,0.006569508500240392,0.006135755113530542,0.006217914276336964,-5.030849188784474e-05,-5.0308491887845336e-05,-8.215916280642204e-05,-8.215916280642204e-05,0.0004337533867098493,0.00035159422390342726,13.397602964251256,
1,19,deceleration,12613,12730,11.700000000000001,28.547451118549944,18.0817229407066,True,True,0.3954924740580848,False,1.5716481901684949,0.8316068464298961,5.440063709202737,0.0,0.006023650183684859,0.0019183412529038262,0.0019142351282631855,0.0020102586801490257,21.455865316761706,17.741486158570023,23.707367234034837,24.027711443184774,-0.29172085919578034,-0.2917208591957845,-0.3203442091499369,-0.3203442091499369,-5.965881075464814,-6.286225284614751,-17.311719212228386,0.01747677198674342,0.010288882437028194,0.015798236246043006,0.01649161396206704,-0.0005393698220587233,-0.0005393698220587245,-0.0006933777160240337,-0.0006933777160240337,-0.0055093538090148116,-0.006202731525038845,-41.1282447077036,0.18102750202723328,0.1466916450642806,0.21351054431550312,0.2161731809392518,-0.0006212612622336222,-0.000621261262233691,-0.0026626366237486876,-0.0026626366237486876,-0.06681889925122253,-0.06948153587497122,-18.967204749799453,0.010814689771442175,0.009600559430396682,0.009339895453106433,0.00944799961469383,-4.9290124485007064e-05,-4.929012448500435e-05,-0.00010810416158739573,-0.00010810416158739573,0.00026066397729024825,0.00015255981570285251,-11.226677479474148,
1,19,acceleration,15041,15158,11.700000000000001,11.251041628559518,28.50025514285188,True,True,0.570922002546092,True,0.9839117336439743,0.4993203909237743,3.133601956339236,0.0,0.009927950199754072,-0.0037087890788472717,-0.0037008505797919288,-0.0037505432185665397,38.81386955377698,40.11771531337393,23.37420925651892,24.027711443184774,-0.8582699170931317,-0.8582699170931285,-0.6535021866658539,-0.6535021866658539,16.743506056855008,16.090003870189154,3.359226417222987,0.048629930329405886,0.049306339503308844,0.01507712342137803,0.01649161396206704,-0.0015799366208410993,-0.0015799366208411013,-0.00141449054068901,-0.00141449054068901,0.034229216081930816,0.032814725541241804,1.3909318177532768,0.3699770504760821,0.3841006079554033,0.2107414022268044,0.2161731809392518,-0.0018086950769367308,-0.001808695076936706,-0.005431778712447405,-0.005431778712447405,0.1733592057285989,0.1679274270161515,3.8174144750727583,0.014394552749218066,0.014786798844770084,0.009227467125055535,0.00944799961469383,-0.0001497582739945534,-0.0001497582739945543,-0.00022053248963829417,-0.00022053248963829417,0.005559331719714549,0.005338799230076255,2.724962021298826,14.28012356890698
1,19,deceleration,15976,16040,6.4,28.50025514285188,10.495261591072282,True,True,0.505871099981544,False,0.3943964465636865,0.4295998435811749,3.2671172664228227,0.0,0.04772110990168554,0.007214368414864845,0.007163780490480115,0.0072352545261828395,7.402349307983582,7.370501311876796,12.784578010229218,13.14336352447714,-0.5158343942775067,-0.5158343942775012,-0.3331579775159277,-0.3587855142479217,-5.414076698352422,-5.7728622126003435,-0.4302417351804346,0.0033009991001021156,0.003395236650617629,0.00824447074926925,0.009021053791216158,-0.0009491483779455171,-0.000949148377945519,-0.000721112824664985,-0.0007765830419469086,-0.004849234098651621,-0.005625817140598529,2.854819030777628,0.054716039937097796,0.05487893760398293,0.11526642458919728,0.11824857760779585,-0.0010858998634554861,-0.0010858998634555028,-0.0027691420886986617,-0.0029821530185985684,-0.06038748698521435,-0.06336964000381293,0.29771465016913073,0.005380200100203327,0.005507111746616009,0.005047059880393097,0.005168136541370984,-9.02939437307582e-05,-9.029394373075757e-05,-0.00011242832805089496,-0.00012107666097788648,0.0004600518662229115,0.000338975205245025,2.3588648014761637,
1,20,deceleration,3842,3976,13.4,28.835299952234053,11.812621839941984,True,True,0.4801728996831644,False,0.8333120563684224,0.43054471296941205,4.407644949392673,0.0,0.006955054681783843,0.0031252498451278645,0.0031201346040087372,0.0031886447963526804,17.17829366384016,18.360201125771173,26.878228961074157,27.518917379374013,-0.947754252152855,-0.9477542521528548,-0.640688418299856,-0.640688418299856,-8.518027835302984,-9.15871625360284,6.880237845851328,0.007507925550667976,0.01001776314279933,0.01750107594331078,0.01888783137535883,-0.001745594549241181,-0.0017455945492411765,-0.00138675543204805,-0.00138675543204805,-0.007483312800511451,-0.008870068232559501,33.42917527875667,0.1288101700992501,0.14697170489261613,0.24225768611882506,0.24758295936632255,-0.001999838070076751,-0.0019998380700768092,-0.005325273247497486,-0.005325273247497486,-0.09528598122620893,-0.10061125447370642,14.099457192993606,0.010069480929688863,0.011299466529049552,0.0106045775603207,0.010820785883495497,-0.00016473560199558912,-0.00016473560199558798,-0.00021620832317479667,-0.00021620832317479667,0.0006948889687288518,0.0004786806455540551,12.214985141232045,
1,20,deceleration,12619,12749,13.0,28.85795085175885,18.81845507687836,True,True,0.2853792292111359,False,1.743552108632881,0.7221045898085814,4.056841215035062,0.0,0.004428087570029772,0.0016198135969309306,0.0016169985114395642,0.0017729276919485838,22.96110334517755,20.650841933045122,26.441181791774248,26.69745715909419,-0.29449757070941024,-0.2944975707094102,-0.2562753673199403,-0.2562753673199403,-5.790339858729126,-6.046615226049067,-10.061630651636973,0.016785496582819786,0.012193298260660243,0.0177693133405886,0.01832401551340782,-0.0005449014605144207,-0.0005449014605144187,-0.0005547021728192179,-0.0005547021728192179,-0.0055760150799283575,-0.006130717252747575,-27.358132060625053,0.19071302525288011,0.1726268069939993,0.2380623139668364,0.24019242326583531,-0.000628270055571847,-0.0006282700555718113,-0.002130109298998928,-0.002130109298998928,-0.06543550697283709,-0.06756561627183602,-9.48347300080789,0.010952480998968723,0.010427751381321612,0.010411294020389891,0.01049777734965981,-4.948751435626613e-05,-4.9487514356265014e-05,-8.648332926991867e-05,-8.648332926991867e-05,1.6457360931721246e-05,-7.002596833819742e-05,-4.7909657884502925,
1,20,acceleration,14931,15176,24.5,11.683117033269552,30.76797358282112,True,True,0.7017079702079707,True,2.840996330989774,0.6985183187086089,5.070524395156188,0.0,0.00170446940919178,-0.00183499110484831,-0.0018340842004812407,-0.0022207605637868943,70.43246709629774,69.44527100139587,49.45591601161723,50.31443849213905,-2.1338662026369146,-2.1338662026369164,-0.8585224805218203,-0.8585224805218203,19.98935498977864,19.13083250925682,-1.4016207803031329,0.08107573141528467,0.06993470907243754,0.03267546926555497,0.03453372154449935,-0.003934551066258271,-0.003934551066258264,-0.0018582522789443792,-0.0018582522789443792,0.03725923980688257,0.03540098752793819,-13.74150087623728,0.6736750468848447,0.6602786117904578,0.445534470003197,0.4526703361548435,-0.004514609858373325,-0.004514609858373209,-0.007135866151646464,-0.007135866151646464,0.21474414178726076,0.2076082756356143,-1.9885603832788035,0.027382357090560562,0.02637564495200978,0.01949455354438157,0.019784272697435795,-0.0003679295375288914,-0.00036792953752888893,-0.0002897191530542263,-0.0002897191530542263,0.006881091407628211,0.006591372254573985,-3.6764991969877667,10.685843916723336
1,20,deceleration,15983,16059,7.6000000000000005,29.71840065329317,10.78515440894138,True,True,0.5192518613614616,False,0.38451155254416103,0.31602468596968547,5.4951912472668205,0.0,0.032465552046929906,0.006150612229645398,0.00611981290582383,0.006059093724496709,9.81059389887175,8.942438839689803,15.274586207800677,15.607744185316605,-0.6660465648111495,-0.6660465648111522,-0.3331579775159277,-0.3331579775159277,-6.332147368110874,-6.665305345626802,-8.849159063466962,0.005016047531391412,0.004207492404947381,0.009991388552404203,0.01071250137706919,-0.0012266328430346344,-0.001226632843034637,-0.0007211128246649868,-0.0007211128246649868,-0.005783896147456821,-0.006505008972121808,-16.11936731827068,0.07592164358674142,0.06712256422734227,0.13765104382055887,0.1404201859092576,-0.0014051192645786437,-0.001405119264578647,-0.0027691420886987173,-0.0027691420886987173,-0.0705284795932166,-0.07329762168191532,-11.589685027492976,0.006354846389909432,0.006505614737962132,0.0060247338148271485,0.006137162142878043,-0.00011584272573457378,-0.00011584272573457281,-0.00011242832805089496,-0.00011242832805089496,0.00048088092313498376,0.0003684525950840888,2.3724939802179703,
1,21,deceleration,3508,3587,7.9,30.623504272803785,18.798414383244445,True,True,0.5113459395871445,False,0.4338798403594429,0.3631332761428768,0.8632839740132576,0.0,0.018382862211407062,0.0030287104632269494,0.003014654292793274,0.0030264680971934725,11.925068356312385,10.971581759694278,16.211025582160474,16.22383935052647,-0.2429836000076621,-0.24298360000766017,-0.012813768365997902,-0.012813768365997902,-5.239443822466196,-5.252257590832194,-7.995648898007293,0.007302024389603836,0.0061381306340996,0.011107628164891487,0.011135363273532446,-0.00045015248767568564,-0.00045015248767568856,-2.7735108640958295e-05,-2.7735108640958295e-05,-0.004969497530791887,-0.004997232639432845,-15.939329881742308,0.09986136534038784,0.08867425859447912,0.14585658251967298,0.145963087984623,-0.0005199310838231072,-0.0005199310838231441,-0.00010650546495002966,-0.00010650546495002966,-0.05718232392519386,-0.05728882939014389,-11.202637484252591,0.0068383221827276195,0.006733826183036105,0.0063750943767913095,0.006379418543254808,-4.04442851255138e-05,-4.044428512551407e-05,-4.324166463498362e-06,-4.324166463498362e-06,0.0003587318062447959,0.00035440763978129754,-1.5280941274667095,
1,21,acceleration,3613,3726,11.3,18.798414383244445,27.9579802986189,True,True,0.4200232159731781,False,0.449177474467205,0.2905796861657534,6.332803113484983,0.0,0.005756321171477917,-0.0017336260846742488,-0.001729651337832967,-0.001655748085524694,33.04938212531944,33.65741899850903,22.834651940291028,23.20625122290495,-0.21547808924089057,-0.2154780892408894,-0.3715992826139214,-0.3715992826139214,10.822767058218002,10.45116777560408,1.8397828766782527,0.03464692035020967,0.035424937774256725,0.015123479949528161,0.01592779810011603,-0.00039843765994340545,-0.00039843765994340523,-0.0008043181505878686,-0.0008043181505878686,0.020301457824728565,0.019497139674140695,2.245560113807763,0.31663596588298915,0.32076594486644194,0.20569398635521605,0.20878264483876455,-0.0004589876688516288,-0.0004589876688516348,-0.003088658483548501,-0.003088658483548501,0.1150719585112259,0.1119833000276774,1.3043303441337444,0.012512229999367698,0.0127088199685421,0.008999590253416763,0.009124991080858142,-3.638400496936152e-05,-3.638400496936041e-05,-0.00012540082744137877,-0.00012540082744137877,0.003709229715125337,0.0035838288876839583,1.5711825085083737,
1,21,deceleration,3863,3976,11.3,31.25340687729151,11.467452072378332,True,True,0.4482015371214273,False,1.2126196848343287,0.6921525473334437,3.925296890368965,0.0,0.012434465955449826,0.004098628854408166,0.004089231780704839,0.004357537430553109,14.037540941581046,14.640995035539877,22.860279477023017,23.20625122290495,-1.0545486407149023,-1.0545486407148985,-0.3459717458819327,-0.3459717458819327,-8.21928444148314,-8.565256187365073,4.298859012915293,0.006104860960064577,0.007649235258588046,0.01517895016681008,0.01592779810011603,-0.0019447695929207711,-0.0019447695929207722,-0.0007488479333059503,-0.0007488479333059503,-0.007529714908222034,-0.008278562841527984,25.297452450205075,0.10510050427397247,0.11479689435936982,0.20590699728511597,0.20878264483876455,-0.002232010093037168,-0.0022320100930371956,-0.0028756475536485804,-0.0028756475536485804,-0.09111010292574614,-0.09398575047939473,9.225826414801142,0.008823400714504732,0.009626250408052617,0.009008238586343751,0.009124991080858142,-0.00018160438351375307,-0.00018160438351375215,-0.00011675249451439072,-0.00011675249451439072,0.0006180118217088658,0.0005012593271944751,9.099095910130048,
1,21,deceleration,12634,12771,13.700000000000001,30.036224197661337,18.371676189412483,True,True,0.1933646084667206,False,2.3348592515663684,0.8583224456344676,6.721303977168991,0.072992700729927,0.004506773199339128,0.0017588593083109603,0.0017561039475780778,0.0022870063561683776,23.74452243651609,21.021970277882332,27.99406109255791,28.13501254458388,-0.41520956729160935,-0.4152095672916083,-0.14095145202596981,-0.14095145202596981,-6.972090814675578,-7.113042266701548,-11.466021967436221,0.01440146371411311,0.012392265822858389,0.01900560707677152,0.01931069327182209,-0.0007686521046619854,-0.0007686521046619856,-0.000305086195050569,-0.000305086195050569,-0.006613341253913132,-0.006918427448963701,-13.951345023948871,0.1918864455416835,0.17486539745803473,0.2519543013272386,0.253125861441688,-0.0008868949327509411,-0.000886894932750959,-0.0011715601144494103,-0.0011715601144494103,-0.07708890386920389,-0.0782604639836533,-8.87037541166569,0.010851128150418853,0.011321991983780927,0.011015476452773806,0.011063042283872263,-6.949849541311967e-05,-6.949849541311968e-05,-4.756583109845683e-05,-4.756583109845683e-05,0.0003065155310071205,0.00025894969990866365,4.339307644651664,
1,21,acceleration,15124,15198,7.4,16.851653766001068,30.14621441445527,True,True,0.5754480212807235,True,0.5810601577173494,0.29345921897577787,3.6517318258057916,0.0,0.0243900638658263,-0.0038226462589597563,-0.0038024759020010724,-0.0036878387357585324,32.06757392868613,31.987037122150056,15.043248854784729,15.197014075176694,-0.2964040694349674,-0.29640406943497055,-0.15376522039196594,-0.15376522039196594,16.943788267365328,16.79002304697336,-0.25114717663137426,0.047490922197672994,0.048166467004615236,0.010097772142402152,0.010430593446093683,-0.0005481684896928277,-0.0005481684896928261,-0.00033282130369153076,-0.00033282130369153076,0.038068694862213086,0.03773587355852155,1.4224714443960478,0.3332476926009304,0.33526607457996294,0.1354468522796146,0.13672491785901397,-0.0006316197778363583,-0.0006316197778364063,-0.0012780655793993845,-0.0012780655793993845,0.19981922230034835,0.19854115672094896,0.6056702038293122,0.011789296271976706,0.011762955706098897,0.005923767878398249,0.0059756578759602,-4.998590685528535e-05,-4.9985906855285096e-05,-5.1889997561950854e-05,-5.1889997561950854e-05,0.005839187827700648,0.005787297830138697,-0.2234278049354092,16.604582488948246
1,23,deceleration,3510,3623,11.3,30.949210232704736,18.44226448498569,True,True,0.5250761223790569,False,0.5839516209225912,0.3275382781240033,5.381283728931566,0.0,0.007859979093253392,0.0022408914990521733,0.0022357537265614833,0.002162207789056444,17.41610244949613,16.324908797134732,23.16780991780695,23.20625122290495,-0.38894409086513604,-0.38894409086513093,-0.03844130509800081,-0.03844130509800081,-6.842901120672217,-6.881342425770217,-6.26542968224769,0.00990043034152132,0.009310201193693845,0.01584459277419314,0.01592779810011603,-0.0007205433946636921,-0.0007205433946636947,-8.320532592288876e-05,-8.320532592288876e-05,-0.006534391580499297,-0.0066175969064221855,-5.961651438040213,0.14365051970266657,0.13341755588069834,0.2084631284439148,0.20878264483876455,-0.0008322097472191436,-0.0008322097472191758,-0.0003195163948497559,-0.0003195163948497559,-0.07504557256321645,-0.0753650889580662,-7.123513262011731,0.00889234863772375,0.009500045583652571,0.009112018581467653,0.009124991080858142,-6.475023762745892e-05,-6.475023762745995e-05,-1.2972499390489015e-05,-1.2972499390489015e-05,0.00038802700218491804,0.000375054502794429,6.833930727263729,
1,23,acceleration,3649,3738,8.9,18.44226448498569,29.48162146272653,True,True,0.5593615613127185,False,0.7412056990466399,0.48763956997557184,5.146109634541319,0.0,0.012690713581187618,-0.00258822331282474,-0.002578721061633892,-0.002611278945720011,32.88087757966017,31.78512071953544,18.110910912468064,18.277489901226023,-0.2430386666402595,-0.2430386666402562,-0.1665789887579585,-0.1665789887579585,13.674209807067374,13.507630818309416,-3.3325049110080918,0.04333570127288522,0.03941542081016313,0.01218434651607748,0.01254490292840997,-0.00044976713782005285,-0.00044976713782005594,-0.0003605564123324908,-0.0003605564123324908,0.027231074294085653,0.02687051788175316,-9.04630673456985,0.3305538656638999,0.30339636500238715,0.1630548571914918,0.16443942823584112,-0.0005187065848048489,-0.0005187065848048789,-0.0013845710443493309,-0.0013845710443493309,0.14034150781089536,0.13895693676654602,-8.215756487060993,0.01216781981569249,0.011494381527294279,0.007130725713818576,0.007186939877844025,-4.0786490697600214e-05,-4.078649069760073e-05,-5.621416402544835e-05,-5.621416402544835e-05,0.004363655813475703,0.004307441649450254,-5.534584655253504,
1,23,deceleration,3893,4021,12.8,29.48162146272653,11.239491721403382,True,True,0.4087255262437401,False,1.0615149060521578,0.4248780721012176,3.6136802007127375,0.0,0.008367268155478275,0.003499821774509532,0.0034935499513131228,0.003765327490556829,16.285719283173094,17.16090451561279,25.722921240850393,26.28672704895428,-1.0388145436677447,-1.038814543667744,-0.5638058081038864,-0.5638058081038864,-8.562016725237605,-9.125822533341491,5.3739427606612535,0.0071739508900066345,0.009224712928583484,0.016821762802230033,0.018042107582432316,-0.001913395661587711,-0.0019133956615877152,-0.001220344780202283,-0.001220344780202283,-0.007597049873646549,-0.008817394653848832,28.586229122833497,0.12264980143385389,0.13631601326990833,0.23181091475779403,0.2364971552155917,-0.0021922147511126756,-0.002192214751112642,-0.004686240457797669,-0.004686240457797669,-0.0954949014878857,-0.10018114194568337,11.14246552076544,0.009817719140045695,0.010846880559063967,0.010146009758348142,0.010336273082741968,-0.0001805058226211411,-0.00018050582262113882,-0.00019026332439382558,-0.00019026332439382558,0.0007008708007158245,0.0005106074763219989,10.48269363115517,
1,23,deceleration,12974,13077,10.3,28.226473998582087,10.077415871044876,True,True,0.5786462358022706,False,0.8759408464590123,0.45347703407456863,4.070890729641017,0.0,0.014416669722420486,0.004600171116821517,0.0045875072482488835,0.004250849426232081,14.458243972912117,13.258198746229187,20.55035355900353,21.1526006722054,-0.8499605076376069,-0.8499605076376042,-0.6022471132018694,-0.6022471132018694,-7.292154812774342,-7.8944019259762115,-8.300075921607386,0.008270105792830348,0.006875520881755236,0.01321470833911334,0.014518258445238505,-0.0015633262187396018,-0.0015633262187395996,-0.0013035501061251648,-0.0013035501061251648,-0.006339187457358104,-0.007642737563483269,-16.862963376890868,0.11675479441150571,0.10360860694192545,0.1853005477348988,0.19030630458754644,-0.0017875646391753953,-0.0017875646391753708,-0.005005756852647647,-0.005005756852647647,-0.08169194079297334,-0.08669769764562099,-11.25965536219964,0.008801325395690219,0.008763705938753447,0.008114233922484622,0.008317469746268926,-0.0001492063741542633,-0.00014920637415426034,-0.0002032358237843042,-0.0002032358237843042,0.0006494720162688247,0.00044623619248452054,-0.4274294523321859,
1,25,deceleration,2919,2973,5.4,29.21772152200246,18.686489364029445,True,True,0.2743405386957798,False,1.2606932102769437,0.7613234868898221,4.48303658214405,0.0,0.0429349834371355,0.004071099682743815,0.004031331281636637,0.005040497710139805,6.336685878630844,6.756392900166894,11.012830363581607,11.089712973777587,-0.13423160280482935,-0.13423160280482804,-0.0768826101959803,-0.0768826101959803,-4.256437463414713,-4.333320073610693,6.623446854947076,0.0024879386252013285,0.003408086787719632,0.007445103484492868,0.007611514136338634,-0.0002484054138702281,-0.0002484054138702273,-0.00016641065184576538,-0.00016641065184576538,-0.004037016696773236,-0.004203427348619002,36.98435938884318,0.04567898836332672,0.05220866368299998,0.09913320456687807,0.09977223735657775,-0.00028647496619699876,-0.00028647496619697843,-0.0006390327896996784,-0.0006390327896996784,-0.046924540883878096,-0.047563573673577775,14.294702123735284,0.004162466436537002,0.004606472070002776,0.0043346702080007925,0.004360615206781767,-2.25289757763484e-05,-2.2528975776349436e-05,-2.594499878097456e-05,-2.594499878097456e-05,0.00027180186200198315,0.0002458568632210086,10.666888015442302,
1,25,acceleration,3001,3160,15.9,18.686489364029445,28.87640967937134,True,True,0.6109195850198996,False,1.0854250440901592,0.39300173030968205,5.862354563866626,0.0,0.0027038630929528094,-0.0013474273108246679,-0.0013458557962290397,-0.0014179323149227244,44.238448271404714,44.733539983274845,32.30707201024098,32.6530437561229,-0.3715830172456432,-0.37158301724563714,-0.3459717458819185,-0.3459717458819185,12.426467973033866,12.080496227151947,1.119143485396963,0.04311877440608514,0.044153313788688954,0.0216628325792467,0.022411680512552642,-0.0006874757163745931,-0.0006874757163745915,-0.0007488479333059433,-0.0007488479333059433,0.022490481209442255,0.02174163327613631,2.399278265334488,0.3883116644828401,0.41918267884266547,0.2908981624407192,0.2937738099943678,-0.0007925697395789481,-0.0007925697395789744,-0.002875647553648608,-0.002875647553648608,0.12828451640194627,0.12540886884829766,7.950061042060093,0.01643422863279266,0.016920783167426064,0.012722836725454148,0.012839589219968537,-6.24785811740392e-05,-6.247858117404068e-05,-0.00011675249451438899,-0.00011675249451438899,0.004197946441971917,0.004081193947457528,2.9606168047494403,
1,25,deceleration,3545,3665,12.0,28.87640967937134,17.058638522749664,True,True,0.4144891658354625,False,0.6663083766286412,0.2944446689435124,7.375145073683713,0.0,0.00638033615743074,0.0021439277884689155,0.002139562783975359,0.002422943427250824,17.442808932530777,17.707166483451854,24.285021094146703,24.643806608394637,-0.384698852943964,-0.38469885294396633,-0.35878551424793415,-0.35878551424793415,-6.57785461069485,-6.936640124942784,1.5155675438721934,0.008583830732367369,0.01018233840432363,0.01613789281658339,0.016914475858530297,-0.0007109419382404634,-0.0007109419382404676,-0.0007765830419469086,-0.0007765830419469086,-0.005955554412259759,-0.006732137454206668,18.62231120109007,0.13753838769695587,0.14551390612909818,0.21873392999601873,0.22171608301461723,-0.0008183425445758983,-0.0008183425445759396,-0.002982153018598499,-0.002982153018598499,-0.07322002386692056,-0.07620217688551906,5.798758125415215,0.00868768580634595,0.009992368709229676,0.009569179354092705,0.009690256015070594,-6.5230396823075e-05,-6.523039682307559e-05,-0.00012107666097788822,-0.00012107666097788822,0.0004231893551369711,0.00030211269415908286,15.0176115016811,
1,25,acceleration,4758,4869,11.100000000000001,10.626992690084318,29.57996020793277,True,True,0.3975410244610776,False,1.123398446631475,0.3949855035595834,6.79748879175149,0.0,0.012460931816300237,-0.004246714630398712,-0.004236628502452156,-0.003912328580105359,41.16511126574591,42.50045611557263,22.270156609759162,22.79552111276504,-0.9780576463858482,-0.9780576463858495,-0.5253645030058784,-0.5253645030058784,20.23029950581347,19.70493500280759,3.243875235041295,0.055191035304692354,0.05912838070429245,0.014508750714861126,0.015645890169140527,-0.0018009327264186285,-0.0018009327264186352,-0.001137139454279401,-0.001137139454279401,0.04461962998943132,0.04348249053515192,7.134030695135998,0.4170183912243752,0.42562467452941855,0.20072065272557302,0.20508737678852096,-0.0020624716455558616,-0.002062471645555869,-0.004366724062947941,-0.004366724062947941,0.22490402180384553,0.2205372977408976,2.0637658880643452,0.015511505253381696,0.01563741569040148,0.008786195988936964,0.0089634868139403,-0.0001703276201017702,-0.00017032762010177165,-0.00017729082500333657,-0.00017729082500333657,0.006851219701464517,0.0066739288764611805,0.8117228790051492,
1,25,deceleration,4896,5042,14.600000000000001,29.57996020793277,12.503640841116315,True,True,0.499980030674549,False,0.69229736077319,0.3292637640844466,5.210004572283592,0.0,0.0056189397478217185,0.0027792557822513475,0.0027754173424560037,0.002737070923223111,20.591910942213314,20.23732287685674,29.393864695377605,29.98329804021348,-1.0223411650708805,-1.022341165070884,-0.5894333448358751,-0.5894333448358751,-9.156541818520864,-9.74597516335674,-1.72197746169186,0.010074614256357662,0.011116135828056687,0.019303463963727653,0.020579278961211863,-0.0018846225554793347,-0.001884622555479342,-0.00127581499748421,-0.00127581499748421,-0.008187328135670966,-0.009463143133155176,10.338078909986702,0.16129372560842445,0.1626180144157988,0.26485531628008663,0.26975456766778433,-0.002161773044737883,-0.002161773044737858,-0.004899251387697701,-0.004899251387697701,-0.10223730186428784,-0.10713655325198554,0.8210417375994771,0.010849956414091063,0.012276927754132668,0.011590899827681743,0.011789811485002558,-0.00017657103908070218,-0.00017657103908070085,-0.00019891165732081537,-0.00019891165732081537,0.0006860279264509252,0.0004871162691301098,13.151862418436703,
1,25,deceleration,11319,11360,4.1000000000000005,28.665377580025385,16.521098104493493,True,True,0.3054137065016556,False,1.19934466900622,0.8431116330726622,4.040386572548639,0.17073170731707318,0.0994372638024965,0.006555101586050344,0.006445897592239364,0.008537655806979991,4.511151884739791,4.6472135302338895,8.2790158058422,8.419967257868167,-0.14004654596570176,-0.14004654596570099,-0.14095145202596804,-0.14095145202596804,-3.63180227560831,-3.772753727634278,3.0161175897084,0.001771816985671726,0.0021145170486996942,0.005474026389947281,0.005779112584997852,-0.00025868263245538503,-0.00025868263245538547,-0.00030508619505057073,-0.00030508619505057073,-0.0033595093412475867,-0.0036645955362981575,19.34173031409589,0.032208797524525365,0.03438481282270507,0.07458143491554477,0.07575299502999422,-0.0002975527307691905,-0.0002975527307691739,-0.001171560114449452,-0.001171560114449452,-0.040196622092839696,-0.04136818220728915,6.7559656535540675,0.003379755402880734,0.0035473461859092718,0.003263271640717331,0.003310837471815786,-2.3835511148544103e-05,-2.3835511148543893e-05,-4.7565831098455094e-05,-4.7565831098455094e-05,0.0002840745451919407,0.0002365087140934856,4.958666029076894,
1,25,deceleration,12684,12734,5.0,30.20117499094553,18.76898913613511,True,True,0.3994088792095847,False,0.6974044671181646,0.5162746308426877,5.011614417507341,0.0,0.05664389070420033,0.004669041265674759,0.004616068870224293,0.0046895031297926465,5.140451769313714,5.9793811685440375,10.242625216765774,10.268252753497766,-0.1445489591850302,-0.14454895918502864,-0.02562753673199225,-0.02562753673199225,-4.263244048221736,-4.2888715849537284,16.320149217980635,0.0019601380727629933,0.00288652398510906,0.006992228057105703,0.0070476982743876235,-0.0002677034886302139,-0.0002677034886302146,-5.5470217281920926e-05,-5.5470217281920926e-05,-0.004105704071996643,-0.004161174289278563,47.261258031697814,0.03569287396817435,0.04538827362121965,0.09216869032619063,0.0923817012560905,-0.0003090588669628987,-0.0003090588669629052,-0.0002130109298998789,-0.0002130109298998789,-0.046780416704970976,-0.046993427634870855,27.163404274170322,0.004274867259426328,0.004298566412460056,0.004028958340019089,0.004037606672946081,-2.4120485078949216e-05,-2.412048507894997e-05,-8.64833292699152e-06,-8.64833292699152e-06,0.0002696080724409666,0.0002609597395139751,0.5543833666757599,
2,2,acceleration,832,903,7.1000000000000005,17.259524335383553,29.59816055406696,True,True,0.5492875722170409,False,0.4119599579507984,0.2563050485106102,3.707793643117099,0.0,0.025138842515229114,-0.0037087536254477587,-0.003687529908535473,-0.0035956059716136463,30.202942864524978,30.273452497176763,14.414339921208862,14.580918909966828,-0.2453777091029625,-0.2453777091029643,-0.16657898875796562,-0.16657898875796562,15.8591125759679,15.692533587209935,0.23345285579638705,0.043364423730787784,0.04512690263973214,0.009647175137297934,0.010007731549630427,-0.00045375643024956556,-0.00045375643024956475,-0.0003605564123324925,-0.0003605564123324925,0.03547972750243421,0.03511917109010171,4.064342973599887,0.3098223428467014,0.3143744027179553,0.12979744473929922,0.13118201578364852,-0.0005227640785471257,-0.0005227640785471221,-0.0013845710443493031,-0.0013845710443493031,0.1845769579786561,0.18319238693430678,1.4692484181188432,0.0110682809132955,0.011117479619129792,0.00567718731155799,0.005733401475583435,-4.141091108658135e-05,-4.1410911086581584e-05,-5.621416402544575e-05,-5.621416402544575e-05,0.0054402923075718024,0.005384078143546357,0.44450178143919006,
2,2,deceleration,6580,6757,17.7,29.23334314721953,17.114285166975048,True,True,0.5189789816666251,False,0.4127988155929367,0.1397437301643628,8.696349271403538,0.0,0.0024539382629233364,0.0014772979031746133,0.0014759050704411148,0.0014325541647455388,28.16363661707412,29.29667762414806,35.90113285457219,36.34961474738209,-0.593783357653901,-0.5937833576538978,-0.4484818928099017,-0.4484818928099017,-6.604455230424129,-7.052937123234031,4.023063578327236,0.015536359936051063,0.01707889194379163,0.02397812308889856,0.024948851891332186,-0.0010976484172153785,-0.00109764841721538,-0.000970728802433627,-0.000970728802433627,-0.006899231145106929,-0.007869959947540556,9.928529038267373,0.23134882214159802,0.24521407505619686,0.32330353117331223,0.32703122244656035,-0.0012639622467424997,-0.0012639622467425227,-0.0037276912732481238,-0.0037276912732481238,-0.07808945611711537,-0.0818171473903635,5.993223905895898,0.013019064402264472,0.013425562559233445,0.014141781796006765,0.014293127622229125,-0.00010047256910278803,-0.00010047256910278822,-0.00015134582622236027,-0.00015134582622236027,-0.0007162192367733203,-0.0008675650629956805,3.1223300262518725,
2,2,acceleration,8618,8684,6.6000000000000005,17.794364663226887,30.62039436990965,True,True,0.4552202923813913,False,0.3366677567455811,0.19651584755133691,2.2639011140534193,0.0,0.03144412238521548,-0.004013936810086752,-0.003987434939200894,-0.0037999206251966553,29.947786113581564,30.002890452842735,13.477211024421067,13.554093634617052,-0.24182578483825123,-0.24182578483825168,-0.07688261019598563,-0.07688261019598563,16.525679428421668,16.44879681822568,0.18400137843972394,0.045692337958120645,0.04651177617566952,0.009136551070345897,0.009302961722191664,-0.00044767950684024423,-0.00044767950684023936,-0.00016641065184576712,-0.00016641065184576712,0.03737522510532362,0.03720881445347785,1.7933821164938646,0.3105939079939379,0.3191884582505395,0.12130481286833977,0.12194384565803948,-0.0005165502014835281,-0.0005165502014835288,-0.0006390327896997061,-0.0006390327896997061,0.1978836453821997,0.1972446125925,2.767134201733717,0.010838007133105308,0.011023788953355703,0.005303695809507852,0.0053296408082888274,-4.047571078539276e-05,-4.0475710785392235e-05,-2.5944998780975427e-05,-2.5944998780975427e-05,0.005720093143847851,0.005694148145066876,1.7141695698179946,
2,3,acceleration,858,895,3.7,16.635303245196877,29.500127009977533,True,True,0.576341622018491,True,0.5660891332514627,0.4869762023039586,2.101603205191765,0.40540540540540543,0.13651568186444618,-0.007536462490228052,-0.007383483324021548,-0.007256853149342116,21.429041848904838,21.09857698678957,7.483183122294371,7.598507037588347,-0.14022786011438984,-0.1402278601143916,-0.11532391529397579,-0.11532391529397579,13.6153938644952,13.500069949201222,-1.5421355021160508,0.037873093860563034,0.037040369451303366,0.004965680745278193,0.0052152967230468415,-0.0002591830830367638,-0.0002591830830367646,-0.00024961597776864807,-0.00024961597776864807,0.03207468870602517,0.03182507272825653,-2.198722957056269,0.2971304530268074,0.27599333284518757,0.06740390974495745,0.06836245892950699,-0.0002983939070268409,-0.0002983939070268643,-0.0009585491845495314,-0.0009585491845495314,0.2085894231002301,0.20763087391568058,-7.113750868112071,0.009322653420017887,0.008841279717313636,0.0029489114398086364,0.0029878289379801,-2.37532480311879e-05,-2.3753248031188525e-05,-3.8917498171463574e-05,-3.8917498171463574e-05,0.005892368277505,0.0058534507793335366,-5.163483838953302,9.562858524043929
2,3,deceleration,6542,6747,20.5,28.99941537806871,17.615655952044627,True,True,0.6812092712038894,True,1.1187931965194833,0.27360711534024,6.474882537120877,0.0,0.001592255712844174,0.001191257080617463,0.0011904180023038467,0.001049656565429158,38.91549966155689,34.7300332839799,41.574471786334946,42.09983628934084,-0.6048420377739009,-0.6048420377738992,-0.5253645030058962,-0.5253645030058962,-6.844438502355047,-7.369803005360943,-10.75526824524279,0.026756200551880792,0.020411531927635874,0.027758423470709864,0.02889556292498926,-0.0011182963584988113,-0.0011182963584988118,-0.0011371394542793942,-0.0011371394542793942,-0.00734689154307399,-0.008484030997353384,-23.712890819242002,0.3387212639110912,0.29205865453548785,0.37439825108702324,0.3787649751499711,-0.001288067655142721,-0.0012880676551427217,-0.004366724062947858,-0.004366724062947858,-0.08233959655153539,-0.08670632061448325,-13.776108661383455,0.016513860578935315,0.015353296296581102,0.0163768965340756,0.01655418735907893,-0.00010220353829574668,-0.00010220353829573994,-0.00017729082500332963,-0.00017729082500332963,-0.0010236002374944993,-0.001200891062497829,-7.027819308554659,1.5540254454387394
2,3,acceleration,8650,8688,3.8000000000000003,18.122050113898798,29.383802219587658,True,True,0.6078080940594901,True,0.66564480791434,0.54037450364051,1.6052481087642598,0.2894736842105263,0.11172619690580975,-0.006238429224208202,-0.006118123924982774,-0.0055833442307115805,19.612282750883548,20.326912999183477,7.726989482462318,7.8038720926583025,-0.10854634872498664,-0.10854634872498714,-0.07688261019598475,-0.07688261019598475,12.599923516721159,12.523040906525175,3.643789238495121,0.032772485052751495,0.034581500863975094,0.005189840036688829,0.005356250688534595,-0.0002008164545257356,-0.00020081645452573686,-0.00016641065184576538,-0.00016641065184576538,0.029391660827286264,0.0292252501754405,5.519922606759169,0.23369001061085629,0.24163723252196506,0.0695710601649291,0.0702100929546288,-0.00023150224584676387,-0.00023150224584675416,-0.0006390327896996922,-0.0006390327896996922,0.17206617235703597,0.17142713956733627,3.400753797877392,0.008030940941361003,0.008169240911175666,0.0030426360726580454,0.0030685810714390217,-1.8256669450112854e-05,-1.8256669450113314e-05,-2.5944998780976294e-05,-2.5944998780976294e-05,0.00512660483851762,0.0051006598397366435,1.7220892399094723,11.246990492000108
2,4,deceleration,6615,6750,13.5,28.57563220137277,16.599913119022446,True,True,0.6154981248482329,True,1.2900908992314246,0.6273079914087754,5.625457450304448,0.0,0.004802002445571667,0.0019636515643696776,0.001960484516080328,0.0016667793689389809,23.863277912671393,20.20023720639763,27.250173004902074,27.724282434443968,-0.44847512150658386,-0.44847512150658275,-0.47410942954189395,-0.47410942954189395,-7.049935798504443,-7.524045228046337,-15.350115435435164,0.016630333621940437,0.01151333660602207,0.01800258632113103,0.019028785340846583,-0.0008283808781010037,-0.0008283808781010017,-0.001026199019715554,-0.001026199019715554,-0.006489249715108959,-0.007515448734824513,-30.769058109378527,0.20257791014990673,0.16583277472685157,0.2454898911882962,0.24943059339144436,-0.0009528451469667488,-0.000952845146966752,-0.003940702203148155,-0.003940702203148155,-0.07965711646144463,-0.08359781866459279,-18.1387671517906,0.011519862535147056,0.011007468899005578,0.01074154385780507,0.010901538016954418,-7.633326929648487e-05,-7.633326929648403e-05,-0.00015999415914934832,-0.00015999415914934832,0.00026592504120050847,0.00010593088205116015,-4.447914500526086,2.9446028181261994
2,4,acceleration,8669,8717,4.800000000000001,17.613048285264515,30.67804234125877,True,True,0.6051743295503881,True,0.7949561603569525,0.6023399340408586,2.009345092376717,0.25,0.07178626800998783,-0.005636389086169383,-0.005567168517077206,-0.0053306662592119474,26.377308681863283,25.630216578512222,9.780640033161873,9.857522643357855,-0.18276639155713825,-0.1827663915571378,-0.07688261019598208,-0.07688261019598208,15.849576545350349,15.772693935154367,-2.832328773044055,0.044446852178436747,0.043463527684725105,0.006599379691566353,0.00676579034341212,-0.0003383159063489665,-0.0003383159063489686,-0.00016641065184576712,-0.00016641065184576712,0.03686414799315875,0.036697737341312986,-2.2123602584137525,0.36887411892643135,0.30785639396968556,0.0880474004161472,0.0886864332058469,-0.00039031414628702064,-0.00039031414628704075,-0.0006390327896997061,-0.0006390327896997061,0.21980899355353836,0.21916996076383866,-16.54161184697136,0.011555817447726461,0.01039045059443044,0.0038501574072472623,0.003876102406028238,-3.06111263120708e-05,-3.061112631207088e-05,-2.594499878097586e-05,-2.594499878097586e-05,0.006540293187183178,0.0065143481884022015,-10.084676904664159,16.940174815155395
2,5,acceleration,883,931,4.800000000000001,19.108019333811388,28.900267672165143,True,True,0.4813598202822559,True,0.17369472632990296,0.1600927909925732,4.26246462169046,0.0,0.053804001794772634,-0.004249374148473861,-0.004197187528220037,-0.003871189329949419,21.83637284194651,21.99603699727568,9.755012496429877,9.857522643357855,-0.10302767679225218,-0.10302767679225155,-0.10251014692797789,-0.10251014692797789,12.241024500845803,12.138514353917826,0.7311844164085015,0.03392549175849682,0.03460167174834418,0.00654390947428443,0.00676579034341212,-0.0001906743640790122,-0.00019067436407901091,-0.00022188086912768978,-0.00022188086912768978,0.028057762274059747,0.02783588140493206,1.9931324641093902,0.2262512858267159,0.23334455867191806,0.0878343894862473,0.0886864332058469,-0.00021991887814209226,-0.00021991887814211408,-0.0008520437195995989,-0.0008520437195995989,0.14551016918567075,0.14465812546607115,3.135130401263157,0.007938298972688445,0.008092722109037215,0.00384150907432027,0.003876102406028238,-1.7282179028502338e-05,-1.7282179028502067e-05,-3.459333170796825e-05,-3.459333170796825e-05,0.004251213034716945,0.004216619703008977,1.9452925227439715,10.097506996587875
2,5,deceleration,6619,6761,14.200000000000001,28.95221076939397,16.986376953166637,True,True,0.531600568122967,True,1.1339345428862175,0.5923826484951428,5.028028176216642,0.0,0.004223258002010549,0.0018343279474426226,0.0018316512499956799,0.0017172586784517817,24.906576035848556,21.592444572425443,28.751797232221744,29.161837819933655,-0.466685556143844,-0.46668555614384744,-0.41004058771191154,-0.41004058771191154,-7.159352659796301,-7.569393247508213,-13.306250761457592,0.017755941485254653,0.012501086555891888,0.019127939622750098,0.020015463099260854,-0.0008624593679719418,-0.0008624593679719406,-0.0008875234765107556,-0.0008875234765107556,-0.00662685306685821,-0.007514376543368966,-29.594910152900862,0.2107724821283083,0.1784733996698838,0.25895585668889864,0.26236403156729704,-0.000992752731817621,-0.0009927527318176477,-0.0034081748783983956,-0.0034081748783983956,-0.08048245701901485,-0.08389063189741325,-15.32414579563681,0.01239482081408208,0.011603409915428417,0.011328429624335,0.01146680295116687,-7.913083187867536e-05,-7.913083187867723e-05,-0.00013837332683187126,-0.00013837332683187126,0.0002749802910934178,0.00013660696426154653,-6.3850128253126535,3.0012020962723014
2,5,acceleration,8679,8749,7.0,17.468649562527112,30.172589681685107,True,True,0.5408277462525057,True,0.41985588548374914,0.2796941474910968,4.64189869994801,0.0,0.026830354959133104,-0.0038094067602818336,-0.003786992546108178,-0.0035412362653137433,30.77591722222465,30.75740938163124,14.2474161712369,14.375553854896872,-0.25402488483075863,-0.25402488483075913,-0.1281376836599719,-0.1281376836599719,16.50999321039434,16.38185552673437,-0.06013741348395131,0.04487122136311879,0.04675687895353341,0.009589426497733063,0.009866777584142672,-0.0004700042036210856,-0.00047000420362108483,-0.00027735108640960897,-0.00027735108640960897,0.037167452455800346,0.036890101369390735,4.202376340851079,0.3192114068860358,0.3234927375246139,0.12826932710902725,0.1293343817585267,-0.0005418950264429286,-0.0005418950264429179,-0.001065054649499464,-0.001065054649499464,0.19522341041558663,0.19415835576608717,1.3412210673619878,0.011248468686382648,0.01130095379324553,0.005609407677489556,0.005652649342124513,-4.2694434108246056e-05,-4.269443410824612e-05,-4.324166463495673e-05,-4.324166463495673e-05,0.005691546115755975,0.005648304451121018,0.46659779500849813,13.868203887179241
2,6,deceleration,6602,6775,17.3,29.637610210570525,16.729588553939863,True,True,0.5654664461029801,True,0.9436678496185767,0.5857218905785616,6.108446112102292,0.0,0.0027686904883980866,0.001609172948419691,0.0016075853861799087,0.0014824759583632137,32.4793980446525,27.39842751232438,35.130927707756356,35.528154527102274,-0.6582338066179476,-0.6582338066179503,-0.3972268193459172,-0.3972268193459172,-7.732500195431978,-8.129727014777895,-15.643672106677684,0.02568004121146872,0.016074933914243097,0.02352524766151139,0.02438503602938118,-0.001216805695572673,-0.0012168056955726772,-0.0008597883678697904,-0.0008597883678697904,-0.0074503137472682925,-0.008310102115138083,-37.40300577452336,0.2809369239633318,0.2284520109289115,0.31633901693262473,0.3196406863460732,-0.0014012001502265935,-0.0014012001502266558,-0.0033016694134484492,-0.0033016694134484492,-0.08788700600371324,-0.09118867541716169,-18.682098562904002,0.015578408592557953,0.013811809560984207,0.013836069928025062,0.01397011908839344,-0.00011136693043382756,-0.0001113669304338271,-0.00013404916036837723,-0.00013404916036837723,-2.426036704085595e-05,-0.00015830952740923318,-11.340048125439962,4.638928248933794
2,6,acceleration,8710,8762,5.2,18.97019030632896,30.09051444890331,True,True,0.4460349758147237,True,0.3833346274796507,0.29369559263760364,6.0954293514850875,0.0,0.04988665537737723,-0.0043589342718196354,-0.004313109728498995,-0.004292050589401807,25.88533290622952,24.339441396001895,10.627727790173687,10.678982863637676,-0.14208087903049668,-0.14208087903049815,-0.05125507346398983,-0.05125507346398983,13.711713605828209,13.660458532364219,-5.972075058210261,0.04209878868350685,0.03844021131814756,0.007218665770799285,0.007329606205363129,-0.0002631499901305745,-0.00026314999013057633,-0.00011094043456384445,-0.00011094043456384445,0.031221545547348274,0.03111060511278443,-8.690457563670055,0.27596211138566445,0.260524066946781,0.09565094744653437,0.09607696930633414,-0.00030382971592156805,-0.0003038297159215636,-0.0004260218597997717,-0.0004260218597997717,0.16487311950024663,0.16444709764044685,-5.594262328754395,0.009368429105141669,0.008939704332967181,0.004181814274009941,0.004199110939863924,-2.3696776569869216e-05,-2.3696776569869307e-05,-1.729666585398304e-05,-1.729666585398304e-05,0.00475789005895724,0.004740593393103257,-4.576271724564697,16.209257113254623
2,7,deceleration,6591,6723,13.200000000000001,29.337562473012664,19.142870152854265,True,True,0.6789485170061664,False,1.0396245614422277,0.35923801475524575,5.46051274871995,0.0,0.004326491848848457,0.001593065766821042,0.0015903795561035747,0.0014013630732930612,23.897065791623753,21.08343596045682,26.954422048842137,27.108187269234104,-0.3053121915461227,-0.3053121915461219,-0.15376522039196772,-0.15376522039196772,-5.870986088385315,-6.024751308777283,-11.773955244970482,0.01646051630214731,0.012661879290312733,0.018273102140691794,0.01860592344438333,-0.000565235281205397,-0.000565235281205393,-0.00033282130369153423,-0.00033282130369153423,-0.005611222850379061,-0.005944044154070596,-23.07726526985691,0.20673057262995784,0.17725018800971182,0.24260962573667955,0.24388769131607896,-0.000652233385757237,-0.000652233385757206,-0.0012780655793994122,-0.0012780655793994122,-0.06535943772696773,-0.06663750330636714,-14.260292633646943,0.011029322949373782,0.010742976664052039,0.010607391619015702,0.010659281616577655,-5.1083541632162046e-05,-5.108354163216311e-05,-5.188999756195259e-05,-5.188999756195259e-05,0.00013558504503633634,8.369504747438375e-05,-2.5962272266041637,
2,7,acceleration,8726,8779,5.300000000000001,17.987663105001655,30.18228400667677,True,True,0.4875356123190341,True,0.3684636825411259,0.35719185067874504,5.594171837001083,0.0,0.05212818611202562,-0.004776571298503057,-0.0047281827765312,-0.0045443351566526674,26.33919646547506,26.27797896474393,10.794651540145649,10.884347918707633,-0.1760747660427145,-0.17607476604271532,-0.08969637856198354,-0.08969637856198354,15.483327424598281,15.393631046036298,-0.23241977336465608,0.042607909586652996,0.04291429756100727,0.007276414410364155,0.007470560170850882,-0.0003259009061801313,-0.0003259009061801323,-0.00019414576048672715,-0.00019414576048672715,0.03563788315064312,0.03544373739015639,0.7190870834232446,0.283034852162202,0.2982175014370641,0.09717906507680632,0.09792460333145594,-0.0003759457936012299,-0.00037594579360122893,-0.0007455382546496248,-0.0007455382546496248,0.20103843636025778,0.20029289810560816,5.364233117892221,0.009635428986092981,0.010177995224726715,0.004249593908078375,0.004279863073322846,-2.950965929405009e-05,-2.950965929405039e-05,-3.0269165244471187e-05,-3.0269165244471187e-05,0.00592840131664834,0.005898132151403869,5.630950520385041,22.467987071052242
2,8,deceleration,6645,6740,9.5,29.08307857073782,18.79430102376657,True,True,0.4423694929805755,False,0.5214319952379174,0.47234979135572064,5.156820511122481,0.0,0.010027672777491371,0.00226208958101589,0.002254786037934669,0.002255038007805547,15.676439764150805,14.063591359998933,19.34310124288779,19.509680231645756,-0.22547413045998646,-0.22547413045998255,-0.16657898875796562,-0.16657898875796562,-5.279509882888858,-5.446088871646824,-10.288359017843876,0.009826954292395733,0.008203043487692817,0.013030070309003992,0.013390626721336485,-0.0004172484520319418,-0.00041724845203194166,-0.0003605564123324925,-0.0003605564123324925,-0.004827026821311175,-0.005187583233643668,-16.525067242446895,0.1301105549476233,0.11604327784618029,0.1741406613422226,0.17552523238657197,-0.0004811814501460424,-0.0004811814501460565,-0.0013845710443493586,-0.0013845710443493586,-0.05809738349604232,-0.05948195454039168,-10.811787796236722,0.00793877638689172,0.0079934912916839,0.0076152385145721105,0.007671452678597554,-3.784823921521283e-05,-3.784823921521279e-05,-5.6214164025443145e-05,-5.6214164025443145e-05,0.0003782527771117889,0.00032203861308634577,0.689210806876022,
2,9,deceleration,6664,6743,7.9,28.389164983264216,18.70807180573431,True,True,0.5976136171846472,False,0.5240502863014088,0.27747080948376984,4.444026251540967,0.0,0.01504988153159438,0.0026019675805801687,0.002589891913321688,0.0024294996273246027,11.942994380819473,11.616481698527531,16.031632825036514,16.22383935052647,-0.1675932340671203,-0.16759323406712312,-0.19220652548995787,-0.19220652548995787,-4.415151126508983,-4.6073576519989405,-2.73392644993891,0.0073288130225150835,0.006734536323250578,0.010719336643918031,0.011135363273532446,-0.0003099676706089368,-0.00030996767060893424,-0.0004160266296144143,-0.0004160266296144143,-0.003984800320667453,-0.004400826950281867,-8.108771467341416,0.09826833757798172,0.09564389982374996,0.1443655060103737,0.145963087984623,-0.00035719039922778805,-0.00035719039922785245,-0.001597581974249307,-0.001597581974249307,-0.048721606186623745,-0.05031918816087305,-2.6706850028363487,0.006742346102761202,0.006645170397102188,0.006314556046302368,0.006379418543254808,-2.824846929091188e-05,-2.8248469290910634e-05,-6.486249695243987e-05,-6.486249695243987e-05,0.00033061435079981966,0.0002657518538473798,-1.4412743602589302,
2,9,acceleration,8699,8809,11.0,17.861550550343093,30.45772369811381,True,True,0.5960405732437141,True,0.7296213280923076,0.3459574724252909,4.27751519781496,0.0,0.008473195744896578,-0.0023698755157398887,-0.002364145470438385,-0.002424693208617913,37.275051197399065,38.735863561613364,22.46201837403512,22.590156057695086,-0.3891846546401348,-0.38918465464012897,-0.1281376836599648,-0.1281376836599648,16.273845187578242,16.145707503918278,3.9190083374485862,0.04454022345205347,0.047101353267465805,0.015227585117243167,0.015504936203652772,-0.0007204279577111558,-0.0007204279577111596,-0.0002773510864096055,-0.0002773510864096055,0.03187376815022264,0.03159641706381303,5.750150351556577,0.3503505026709441,0.3681111536915765,0.20217468811389966,0.20323974276339912,-0.0008311790728061125,-0.0008311790728060819,-0.001065054649499464,-0.001065054649499464,0.16593646557767683,0.16487141092817736,5.069395044457392,0.013509965853677974,0.01396413198793223,0.008839493015846415,0.008882734680481378,-6.517370879676186e-05,-6.517370879676257e-05,-4.3241664634962804e-05,-4.3241664634962804e-05,0.005124638972085815,0.005081397307450853,3.361711933051356,19.268891451759416
2,18,deceleration,7166,7201,3.5,28.95591380856836,16.3363026369283,True,True,0.4238136310450134,True,0.5432933036525064,0.4995908297245848,1.9485552556299242,0.2571428571428571,0.15405285691355441,0.007960756780883201,0.0077809909505806634,0.008199600401844902,3.5663705498222167,3.832081124293163,7.072453012154461,7.187776927448436,-0.12893164927735462,-0.12893164927735334,-0.08969637856198087,-0.1153239152939749,-3.240371887861298,-3.355695803155273,7.450447752384897,0.001372338410840483,0.0016740086520476646,0.004683772814302689,0.004933388792071336,-0.00023816888605009397,-0.0002381688860500922,-0.0001941457604867254,-0.0002496159777686472,-0.0030097641622550244,-0.0032593801400236716,21.982204886506448,0.024761551359719046,0.027866225568151708,0.06370864169471381,0.06466719087926336,-0.00027398348471092683,-0.0002739834847109296,-0.0007455382546496525,-0.0009585491845495453,-0.0358424161265621,-0.03680096531111165,12.538286326773544,0.0030265847696788503,0.0030422490725457428,0.0027874071728907937,0.0028263246710622564,-2.193231485682422e-05,-2.1932314856823888e-05,-3.026916524447162e-05,-3.891749817146271e-05,0.00025484189965494907,0.00021592440148348636,0.5175570505680761,7.919180302532226
2,19,deceleration,3109,3138,2.9000000000000004,28.849373735514256,18.862828577023585,True,True,0.4137640449408619,False,0.4543112471763115,0.44953853267152605,1.8216225648116355,0.20689655172413793,0.19547446109969138,0.007217516892200871,0.006984267657428668,0.007439178212778125,3.0119738784970878,3.2358867771505513,5.917145291930711,5.955586597028705,-0.06497598735629563,-0.06497598735629584,-0.038441305097993705,-0.038441305097993705,-2.68125851478016,-2.7196998198781537,7.434091651724131,0.0011756938857756176,0.0014559889382582776,0.004004459673221939,0.004087664999144822,-0.00012022647705848652,-0.00012022647705848665,-8.320532592288269e-05,-8.320532592288269e-05,-0.0025484707349636617,-0.0026316760608865444,23.84081910043671,0.021075500966282124,0.02379879814696745,0.05326187033368266,0.0535813867285325,-0.0001386257013852638,-0.00013862570138525182,-0.0003195163948498392,-0.0003195163948498392,-0.02946307218671521,-0.02978258858156505,12.921624900125623,0.002485343013759348,0.0025243010721931907,0.0023288393709182385,0.002341811870308727,-1.0916519587688137e-05,-1.091651958768855e-05,-1.2972499390488581e-05,-1.2972499390488581e-05,0.00019546170127495224,0.00018248920188446366,1.5675123400739182,
2,20,deceleration,3122,3161,3.9000000000000004,28.65661764780399,17.777832005058794,True,True,0.3234407865741019,False,1.002129931914223,0.7739051740758687,5.037965732947984,0.1794871794871795,0.10107478428832509,0.006007247285026287,0.0058970468893204805,0.007027421755232049,4.516793444089798,4.448482081186351,7.919540769166278,8.009237147728259,-0.10531454840774501,-0.10531454840774668,-0.08969637856198087,-0.08969637856198087,-3.4710586879799266,-3.5607550665419074,-1.5123862480988919,0.0018296942005517054,0.002041843810769898,0.005303058893535621,0.005497204654022347,-0.00019469259134191876,-0.00019469259134191706,-0.00019414576048672628,-0.00019414576048672628,-0.0032612150827657227,-0.003455360843252449,11.594812409320825,0.032731540935703664,0.033029003682310314,0.07131218872510096,0.0720577269797506,-0.0002242106352315933,-0.00022421063523157814,-0.0007455382546496386,-0.0007455382546496386,-0.03828318504279065,-0.03902872329744029,0.9087954251557298,0.0031057554256140947,0.0033746968524584215,0.003119064039653472,0.0031493332048979435,-1.781209647549771e-05,-1.7812096475498026e-05,-3.026916524447162e-05,-3.026916524447162e-05,0.00025563281280494964,0.00022536364756047802,8.659452854087812,
2,20,deceleration,6185,6272,8.700000000000001,30.656090205023048,18.523016333224337,True,True,0.489893368613699,False,0.23614208621146696,0.24184443236627642,4.664049472641467,0.0,0.014774065463790908,0.002835769680110162,0.0028248823472574,0.002805325327536437,12.547669035576654,12.323196772392839,17.828318485988124,17.866759791086114,-0.2825647679848625,-0.28256476798486574,-0.03844130509799015,-0.03844130509799015,-5.505121713595285,-5.543563018693275,-1.7889558813462811,0.00701350407135409,0.007006153406707884,0.012179789671511582,0.012262994997434466,-0.0005233874539024199,-0.0005233874539024158,-8.320532592288356e-05,-8.320532592288356e-05,-0.005173636264803699,-0.005256841590726582,-0.10480730561245202,0.10200209554449921,0.10027604974267071,0.16042464379074758,0.16074416018559748,-0.0006043690999439097,-0.0006043690999439078,-0.0003195163948498947,-0.0003195163948498947,-0.060148594048076875,-0.06046811044292677,-1.692167001682334,0.00715715111199096,0.007397473376058456,0.007012463111535691,0.007025435610926181,-4.70962583744881e-05,-4.709625837448668e-05,-1.2972499390489882e-05,-1.2972499390489882e-05,0.00038501026452276467,0.0003720377651322748,3.357792231951957,
2,20,acceleration,6298,6402,10.4,18.523016333224337,30.862491474112392,True,True,0.4395686916710159,True,0.614986448757157,0.35464178041679817,3.639341325591937,0.0,0.00956523844142435,-0.002402502367586941,-0.0023960133706849955,-0.0023066347059377637,36.55500971570563,37.44233903550552,21.306710653811365,21.357965727275353,-0.3484699187566949,-0.34846991875669175,-0.051255073463988055,-0.051255073463988055,16.135628381694154,16.084373308230166,2.4273808889692448,0.04435254316502311,0.04613185913212328,0.014548271976162416,0.014659212410726258,-0.0006455596116862125,-0.0006455596116862056,-0.00011094043456384185,-0.00011094043456384185,0.031583587155960866,0.031472646721397025,4.011756350655811,0.3509510693999815,0.3550178775748905,0.1917279167528685,0.19215393861266827,-0.0007456008069407841,-0.0007456008069407771,-0.0004260218597997856,-0.0004260218597997856,0.16328996082202202,0.16286393896222223,1.158796347839031,0.013282211387712402,0.013401069265064064,0.008380925213873866,0.008398221879727849,-5.801415570080517e-05,-5.801415570080501e-05,-1.729666585398304e-05,-1.729666585398304e-05,0.005020144051190199,0.0050028473853362156,0.8948651236014752,21.557768649216783
2,21,deceleration,3137,3175,3.8000000000000003,29.50578770357009,18.086745301846857,True,True,0.4161644416138073,False,0.5165532281502372,0.43006825149144096,3.0563013437414375,0.10526315789473684,0.11328665094716861,0.006314039133000343,0.006192275730721958,0.006457086823288516,4.0366332665188045,4.3491163566625834,7.752617019194315,7.8038720926583025,-0.11148152012458237,-0.1114815201245829,-0.051255073463987166,-0.051255073463987166,-3.403500662531732,-3.454755735995719,7.741181066301438,0.0016246553922532798,0.0020055071918050004,0.005245310253970751,0.005356250688534595,-0.00020625925781786507,-0.00020625925781786458,-0.00011094043456384359,-0.00011094043456384359,-0.0032398030621657507,-0.0033507434967295943,23.4420050779819,0.028592910528616722,0.03235109911211293,0.069784071094829,0.0702100929546288,-0.00023779688667891678,-0.0002377968866789093,-0.00042602185979979945,-0.00042602185979979945,-0.037432971982716064,-0.03785899384251586,13.143777649829982,0.003244192693010189,0.003288372185732996,0.0030512844055850374,0.0030685810714390217,-1.874174520298378e-05,-1.8741745202984026e-05,-1.729666585398434e-05,-1.729666585398434e-05,0.0002370877801479588,0.00021979111429397446,1.3618023620481763,
2,21,deceleration,15239,15312,7.300000000000001,30.389040751276543,16.53672023753273,True,True,0.51229986882033,False,0.32282845538991567,0.2539180282044225,6.119085986361653,0.0,0.026304619313313085,0.004043787703347419,0.004021873391857695,0.003929730156183897,9.202242103022051,9.20103088262691,14.876325104812762,14.99164902010674,-0.3177255509548395,-0.317725550954842,-0.11532391529397756,-0.11532391529397756,-5.675294222185853,-5.7906181374798305,-0.01316223135168326,0.00486482161995687,0.00467581236894179,0.010040023502837283,0.010289639480605932,-0.000587570945294876,-0.0005875709452948762,-0.00024961597776864894,-0.00024961597776864894,-0.005364211133895493,-0.0056138271116641415,-3.8852246964145727,0.07225464448624797,0.0712674051033627,0.13391873464934262,0.13487728383389216,-0.0006769736187099512,-0.0006769736187099418,-0.0009585491845495453,-0.0009585491845495453,-0.06265132954597992,-0.06360987873052946,-1.3663334584300177,0.00641657222531326,0.006219690597004803,0.005855988244329814,0.005894905742501279,-5.360167949074699e-05,-5.3601679490747e-05,-3.891749817146531e-05,-3.891749817146531e-05,0.0003637023526749895,0.0003247848545035242,-3.0683302765885245,
2,21,acceleration,15344,15433,8.9,16.53672023753273,28.75748839428884,True,True,0.5226719299653796,True,0.3742331599351904,0.22381528582900373,5.358524157542431,0.0,0.014048849831761431,-0.0030315575855946178,-0.0030204277029701287,-0.0029090854799435992,31.628649050156977,31.756552184952405,17.957145692076097,18.277489901226023,-0.3074512612561926,-0.3074512612561904,-0.32034420914992623,-0.32034420914992623,13.799406492876308,13.479062283726382,0.4043901293178794,0.03768771260607701,0.03987526020173885,0.011851525212385946,0.01254490292840997,-0.0005679398518488501,-0.0005679398518488501,-0.000693377716024025,-0.000693377716024025,0.028023734989352907,0.02733035727332888,5.8044053204468105,0.2929056132744971,0.3040680169593616,0.1617767916120924,0.16443942823584112,-0.0006533449050086965,-0.0006533449050086793,-0.0026626366237487153,-0.0026626366237487153,0.14229122534726918,0.13962858872352046,3.810921736895365,0.011358069694771572,0.011562186809604403,0.0070788357162566255,0.007186939877844025,-5.229942653975382e-05,-5.229942653975361e-05,-0.0001081041615873992,-0.0001081041615873992,0.004483351093347777,0.004375246931760378,1.797110955630001,16.380955018232534
2,23,deceleration,6258,6345,8.700000000000001,29.50932417707675,18.535453913512256,True,True,0.4031275216598073,False,0.8915024704423836,0.5479696521863825,5.252725284035163,0.0,0.013362539400825919,0.002625393327308936,0.002615313689592073,0.002742207258269728,12.120536620459486,12.504952526063345,17.751435875792136,17.866759791086114,-0.23441858058145013,-0.2344185805814476,-0.11532391529397756,-0.11532391529397756,-5.246483349728791,-5.361807265022769,3.1716079711764946,0.005708741883396173,0.007183592391658837,0.012013379019665817,0.012262994997434466,-0.00043385210814479496,-0.00043385210814479193,-0.00024961597776864894,-0.00024961597776864894,-0.00482978662800698,-0.005079402605775629,25.834948196769144,0.09524635590030552,0.1023741651354561,0.15978561100104788,0.16074416018559748,-0.000500411836191219,-0.0005004118361912058,-0.0009585491845496008,-0.0009585491845496008,-0.057411445865591784,-0.058369995050141385,7.483550596530187,0.006531255158918617,0.0073927981106174205,0.006986518112754715,0.007025435610926181,-3.931439244164763e-05,-3.931439244164725e-05,-3.8917498171466176e-05,-3.8917498171466176e-05,0.0004062799978627055,0.0003673624996912393,13.191077836276877,
2,25,deceleration,2683,2745,6.2,28.48909118053563,18.729963003311116,True,True,0.4672826750921373,False,0.24123120555340627,0.21610741518271648,5.182813338159303,0.0,0.028033408824854403,0.003333512199718583,0.003308640632868627,0.003282595267891939,7.770256755155157,8.285148295846088,12.578868193945267,12.73263341433723,-0.13346003588755145,-0.13346003588755195,-0.12813768365996836,-0.1537652203919624,-4.293719898099178,-4.447485118491141,6.6264417884174565,0.0039212684223014545,0.004477223054466035,0.008406324556549123,0.008739145860240653,-0.0002468584763178175,-0.00024685847631781676,-0.00027735108640960897,-0.00033282130369153076,-0.003929101502083088,-0.0042619228057746185,14.177928473416815,0.06008306007794809,0.06588023763681335,0.11327524397815286,0.11455330955755223,-0.00028450027883840156,-0.0002845002788383899,-0.0010650546494994917,-0.0012780655793993706,-0.047395006341339516,-0.048673071920738886,9.648605699084483,0.005284218516817157,0.005280562131603055,0.0049547422768911895,0.00500663227445314,-2.2480862651390135e-05,-2.2480862651389627e-05,-4.3241664634959334e-05,-5.1889997561950854e-05,0.0003258198547118653,0.0002739298571499144,-0.06919443627218894,
2,25,deceleration,6273,6391,11.8,29.06314959797861,18.295158562325256,True,True,0.2736281690695824,False,1.404316506208606,0.5680912514411595,6.916243446757542,0.01694915254237288,0.0060657613314743205,0.0019268881187690893,0.0019228324890202928,0.0021944212271721567,17.598658638115076,17.89757407847732,24.002428667666774,24.23307649825473,-0.30871133589434774,-0.30871133589433697,-0.23064783058795513,-0.23064783058795513,-6.104854589189454,-6.335502419777409,1.6985126338825292,0.008454489804908299,0.010520013353577665,0.016133335972017483,0.01663256792755479,-0.000571073073235739,-0.0005710730732357387,-0.0004992319555373083,-0.0004992319555373083,-0.005613322618439817,-0.0061125545739771255,24.43108450459324,0.14067440721843766,0.14856733870417402,0.21610371659527453,0.21802081496437362,-0.0006582412850252623,-0.0006582412850252573,-0.0019170983690990906,-0.0019170983690990906,-0.06753637789110051,-0.0694534762601996,5.610779986071171,0.008398395096565278,0.009819017177823753,0.009450916751809826,0.00952875174815275,-5.1963306651758386e-05,-5.19633066517599e-05,-7.783499634292368e-05,-7.783499634292368e-05,0.00036810042601392694,0.00029026542967100326,16.91539948911754,
2,25,acceleration,15375,15497,12.200000000000001,17.035825627956527,28.816232245854412,True,True,0.6687067057032346,True,1.1162028769016994,0.3508830285536368,4.892550580248544,0.0,0.006100036947157534,-0.002105918784463547,-0.002101769009644903,-0.0022082993760700327,37.634779074793485,37.27665486001758,24.67012366755463,25.05453671853455,-0.38902755888236634,-0.3890275588823613,-0.3844130509799193,-0.3844130509799193,12.606531192462949,12.22211814148303,-0.9515778319415331,0.04111762743651611,0.04040449426033811,0.016364330530276975,0.017196383789505804,-0.0007189012079157886,-0.0007189012079157862,-0.0008320532592288286,-0.0008320532592288286,0.024040163730061136,0.023208110470832308,-1.7343733591609782,0.34888586416052225,0.36016494248912573,0.22221618711636237,0.22541135106486085,-0.00082743945846892,-0.0008274394584689426,-0.003195163948498475,-0.003195163948498475,0.13794875537276335,0.13475359142426488,3.2328848736084006,0.013865217292992489,0.014089657819842462,0.009722035288083561,0.009851760281988437,-6.599197987311173e-05,-6.599197987311282e-05,-0.00012972499390487627,-0.00012972499390487627,0.004367622531758901,0.004237897537854024,1.6187306849017467,21.67107839042808
3,2,deceleration,3625,3779,15.4,30.29960920671743,11.511347204050953,True,True,0.5514450627220815,False,0.5900531440760656,0.24774084819890604,4.144881342321631,0.0,0.005403790429897901,0.0029179361533235304,0.0029143104228730324,0.0027643815611631786,22.02777930136964,20.980860786684183,31.036785135937247,31.62621848077312,-1.309489361439029,-1.3094893614390308,-0.5894333448358715,-0.5894333448358715,-10.055924349253065,-10.645357694088936,-4.7527192839650585,0.012477307398075765,0.011351321730618496,0.020431095687629675,0.02170691068511388,-0.0024135552282446397,-0.0024135552282446397,-0.0012758149974842065,-0.0012758149974842065,-0.00907977395701118,-0.010355588954495386,-9.024268069494847,0.1762110472174907,0.16735940401515068,0.2796363884810611,0.2845356398687588,-0.0027678354776776624,-0.002767835477677616,-0.004899251387697701,-0.004899251387697701,-0.11227698446591042,-0.11717623585360812,-5.023319106329795,0.012753668171168905,0.012954128032099119,0.012236916895353115,0.012435828552673929,-0.000226443380590948,-0.0002264433805909457,-0.00019891165732081363,-0.00019891165732081363,0.000717211136746004,0.0005182994794251904,1.5717820021644933,
3,2,acceleration,5627,5715,8.8,11.745996588487944,29.49409763749842,True,True,0.4564347063239095,True,0.6186339136061845,0.34179571876643294,7.473767307758318,0.0,0.020995017106144015,-0.0048904584301105464,-0.004872100108949305,-0.004535681967717321,35.898167993550196,36.64847344273665,17.662084258444157,18.07212484615607,-0.6720708056366326,-0.6720708056366362,-0.41004058771191154,-0.41004058771191154,18.986389184292495,18.576348596580583,2.0900939828496625,0.049730107207309304,0.05492531856518938,0.011516425486411469,0.012403948962922219,-0.0012382784445856218,-0.0012382784445856276,-0.0008875234765107504,-0.0008875234765107504,0.04340889307877791,0.04252136960226716,10.446813107043713,0.3457800399859787,0.37847699674532803,0.15918361933232092,0.16259179421071931,-0.0014193458000121098,-0.0014193458000121284,-0.0034081748783983956,-0.0034081748783983956,0.2192933774130071,0.21588520253460872,9.455998894752618,0.012859067361479027,0.013528297090654782,0.0069678144175532334,0.007106187744385103,-0.00011651398425451612,-0.00011651398425451681,-0.00013837332683186952,-0.00013837332683186952,0.006560482673101549,0.006422109346269679,5.204341110930935,4.218679555631432
3,3,deceleration,3633,3786,15.3,31.029604574144315,11.339523545683615,True,True,0.5463911361136782,False,0.46837670252670993,0.1550162788775431,3.42675519359495,0.0,0.005756998110943642,0.003037431870000509,0.003033608611382798,0.0028911799508390605,21.583300676455735,20.590516420122945,30.921116459429275,31.420853425703164,-1.4197726850550025,-1.4197726850550083,-0.49973696627388975,-0.49973696627388975,-10.33060003930633,-10.830337005580219,-4.599779575956028,0.012390633525663431,0.011039325531971678,0.02048428748262865,0.02156595671962613,-0.0026177282701030143,-0.0026177282701030195,-0.001081669236997481,-0.001081669236997481,-0.009444961950656972,-0.010526631187654453,-10.90588298728172,0.1736301811531649,0.16360761906677337,0.278534292710589,0.28268800584363696,-0.003003436369390314,-0.003003436369390211,-0.004153713133047965,-0.004153713133047965,-0.11492667364381562,-0.11908038677686358,-5.772361705681967,0.01300963127513452,0.012910417809021638,0.012186433927138668,0.012355076419215008,-0.00024489441440918704,-0.0002448944144091865,-0.00016864249207633984,-0.00016864249207633984,0.0007239838818829704,0.0005553413898066305,-0.7626155116518153,
3,3,acceleration,5649,5730,8.1,11.67398740651731,29.90308947820524,True,True,0.361713096055184,True,1.4890620524286236,0.7726033650490333,3.1839318978232938,0.08641975308641975,0.02659956590627759,-0.005412853902267585,-0.0053889371078953046,-0.004689715228922076,35.12430020508993,35.018561042109305,16.288597714784455,16.63456946066638,-0.6501018261189156,-0.6501018261189149,-0.3459717458819256,-0.3459717458819256,18.72996332732485,18.383991581442924,-0.3010427606051017,0.055310363400404045,0.053924901828704935,0.010668423271202003,0.011417271204507948,-0.001198047819405468,-0.001198047819405466,-0.0007488479333059451,-0.0007488479333059451,0.043256478557502934,0.04250763062419699,-2.504886040378083,0.3888139709358714,0.3661356911718811,0.14678270848121802,0.1496583560348666,-0.0013736293525090709,-0.0013736293525091203,-0.0028756475536485804,-0.0028756475536485804,0.21935298269066308,0.2164773351370145,-5.832681297280519,0.013840165827751055,0.012921623133969225,0.0064241703156582616,0.0065409228101726506,-0.00011253665005112035,-0.00011253665005112046,-0.00011675249451438899,-0.00011675249451438899,0.006497452818310963,0.006380700323796574,-6.6367896542110145,6.353040738226895
3,4,deceleration,3673,3793,12.0,29.366802365034424,11.559776171948062,True,True,0.3988572851392641,False,1.2373246359932926,0.6209043759355193,4.416904337615722,0.0,0.009613895172814087,0.003625807244265579,0.003618425155652669,0.004028402649063282,15.01501612592816,16.075000077385177,24.105628337022743,24.643806608394637,-0.9258356190667653,-0.9258356190667705,-0.5381782713718941,-0.5381782713718941,-8.030628259637567,-8.56880653100946,7.059492594394358,0.006230269117036109,0.008658360397182385,0.015749601295609934,0.016914475858530297,-0.001705510943776105,-0.001705510943776108,-0.0011648745629203629,-0.0011648745629203629,-0.00709124089842755,-0.008256115461347913,38.97249435833965,0.1114835912446477,0.12781889633014942,0.21724285348671946,0.22171608301461723,-0.0019543773873851506,-0.0019543773873851034,-0.004473229527897776,-0.004473229527897776,-0.08942395715657003,-0.09389718668446781,14.652654173701979,0.009027145042884665,0.010198897668908509,0.009508641023603763,0.009690256015070594,-0.00016072991963327426,-0.0001607299196332776,-0.0001816149914668306,-0.0001816149914668306,0.0006902566453047456,0.000508641653837915,12.980323462814383,
3,4,acceleration,5590,5707,11.700000000000001,11.17420508915721,29.138718613275135,True,True,0.7383985576808306,True,2.621993294353175,1.020491469672516,4.68864173079196,0.1282051282051282,0.010339647977716304,-0.003808774867505714,-0.003800622353289944,-0.004515139843185373,38.36505750965461,40.67427616353984,23.4510918667149,24.027711443184774,-0.9250978477746011,-0.9250978477746052,-0.5766195764698736,-0.5766195764698736,17.223184296824936,16.646564720355062,6.019067359156459,0.05124752850734708,0.05027265429312948,0.015243534073223798,0.01649161396206704,-0.0017035235693539958,-0.0017035235693539964,-0.0012480798888432412,-0.0012480798888432412,0.03502912021990568,0.03378104033106244,-1.9022853249944338,0.40455244704245685,0.3880367175251787,0.2113804350165041,0.2161731809392518,-0.0019510894984261613,-0.0019510894984261506,-0.004792745922747699,-0.004792745922747699,0.1766562825086746,0.1718635365859269,-4.082469315911679,0.015307361034228197,0.014879362222169314,0.009253412123836511,0.00944799961469383,-0.00016103118658249762,-0.00016103118658249843,-0.00019458749085731787,-0.00019458749085731787,0.005625950098332803,0.005431362607475485,-2.79603264796493,10.218773167208013
3,5,deceleration,3687,3823,13.600000000000001,28.5048702306216,11.329446322784996,True,True,0.3732725811447945,False,1.2978371852355814,0.4726102551810423,3.894040981056432,0.0,0.006759847737939319,0.003170379024978529,0.0031653398782890596,0.0037032159556771947,17.909825057996585,18.465387543473042,27.21207646101808,27.929647489513926,-0.988214028040419,-0.9882140280404137,-0.717571028495847,-0.717571028495847,-8.746688917545036,-9.464259946040883,3.101998392934628,0.007969487229628171,0.009932073264040046,0.017616573222440517,0.019169739306334338,-0.0018192319227051663,-0.0018192319227051702,-0.0015531660838938206,-0.0015531660838938206,-0.007684499958400471,-0.009237666042294292,24.626252327948613,0.13745900498760114,0.14702048528288375,0.24531392137936905,0.2512782274165662,-0.002082781314141642,-0.0020827813141416907,-0.005964306037197137,-0.005964306037197137,-0.0982934360964853,-0.10425774213368244,6.955877715064986,0.010336712993713306,0.011415085482788571,0.010740136828457567,0.010982290150413342,-0.00017237112560573325,-0.00017237112560573344,-0.0002421533219557747,-0.0002421533219557747,0.0006749486543310042,0.0004327953323752295,10.432450719402986,
3,5,acceleration,5621,5742,12.100000000000001,11.881147361910342,29.12787864149556,True,True,0.6373336686526796,True,1.5488737351686261,0.5886496151020898,4.321993035920165,0.0,0.0091182010242157,-0.0034756975023241257,-0.0034687361802562154,-0.003870793060384982,41.016759689468266,41.58756081273343,24.272552086994718,24.849171663464595,-0.874911285128759,-0.8749112851287641,-0.5766195764698772,-0.5766195764698772,17.31500872573871,16.738389149268833,1.3916290013804418,0.053359949719211354,0.050835991280985156,0.015807349935174807,0.017055429824018052,-0.0016117820893675142,-0.0016117820893675142,-0.0012480798888432447,-0.0012480798888432447,0.03502864134581035,0.033780561456967104,-4.730061500259415,0.40545308429224014,0.3967935587959085,0.21877097111699134,0.22356371703973907,-0.0018471011262503312,-0.0018471011262503334,-0.0047927459227477265,-0.0047927459227477265,0.17802258767891715,0.17322984175616943,-2.1357651062015552,0.015414759195364187,0.015250193025839342,0.0095764206576722,0.009771008148529516,-0.00015183420309629092,-0.00015183420309629152,-0.00019458749085731614,-0.00019458749085731614,0.005673772368167141,0.005479184877309825,-1.0675883251834166,13.057218557878379
3,6,deceleration,3695,3846,15.100000000000001,29.039608994033404,10.936584945097325,True,True,0.3702851315471985,False,1.65333818698541,0.5878267974206638,4.5412917186723005,0.0,0.005471608616465213,0.0029989742561673987,0.002995099678004976,0.0034898258366902694,20.757836040990835,20.68276361311288,30.279738518701414,31.010123315563256,-1.2169929944808253,-1.216992994480826,-0.7303847968618413,-0.7303847968618413,-9.596974905588535,-10.327359702450376,-0.3616582563312911,0.009276803139164557,0.011242311873723803,0.019703147596115852,0.021284048788650627,-0.0022405858290964233,-0.00224058582909642,-0.0015809011925347755,-0.0015809011925347755,-0.008460835722392049,-0.010041736914926824,21.18734983457086,0.16103760883461887,0.16532569030455851,0.2729219262912462,0.2789927377933934,-0.0025654787849441127,-0.0025654787849441196,-0.006070811502147222,-0.006070811502147222,-0.10759623598668766,-0.11366704748883488,2.6627826263512033,0.01104757622698183,0.012695154031922841,0.011947094663877895,0.012193572152297166,-0.00021214782627180717,-0.00021214782627180725,-0.00024647748841927046,-0.00024647748841927046,0.0007480593680449458,0.0005015818796256753,14.913477590831926,
3,6,acceleration,5640,5762,12.200000000000001,11.985683568729923,29.26028920655468,True,True,0.5295971235182149,True,0.5658035481434702,0.2784196588177297,3.5487341224181486,0.0,0.008944999613019295,-0.0034329443252633977,-0.003426179607639924,-0.0034879605124750555,41.440365408804055,42.046211678855705,24.49073091043067,25.05453671853455,-0.8826240050141022,-0.8826240050141045,-0.5638058081038793,-0.5638058081038793,17.555480768425035,16.991674960321156,1.4619713510608603,0.04822478210354757,0.05146053616391624,0.01597603900930352,0.017196383789505804,-0.0016262247742412372,-0.0016262247742412379,-0.001220344780202283,-0.001220344780202283,0.03548449715461272,0.03426415237441044,6.709732878462593,0.38312178287260057,0.40104592227605507,0.2207251106070631,0.22541135106486085,-0.0018640289748891848,-0.001864028974889187,-0.004686240457797752,-0.004686240457797752,0.18032081166899197,0.17563457121119422,4.678444349747352,0.015075490905987188,0.015399983946783696,0.009661496957594619,0.009851760281988437,-0.00015301269432556946,-0.00015301269432557024,-0.00019026332439381864,-0.00019026332439381864,0.005738486989189077,0.0055482236647952585,2.152454224012272,12.481662410630854
3,9,deceleration,3737,3883,14.600000000000001,28.477130953076024,11.678288660193566,True,True,0.2703534239890039,True,2.313547511548003,0.7333105128634819,6.110164730726144,0.0,0.005527636292647859,0.0028653806823088534,0.002861423295115514,0.0036070663675984494,20.842738046180163,20.097005329838243,29.21447193825364,29.98329804021348,-1.0112286838941018,-1.0112286838941031,-0.7688261019598386,-0.7688261019598386,-9.117466608415398,-9.886292710375237,-3.5779018797321087,0.00950952493949025,0.010878591153023065,0.018915172442754202,0.020579278961211863,-0.0018619546412533925,-0.0018619546412533966,-0.0016641065184576607,-0.0016641065184576607,-0.008036581289731138,-0.009700687808188798,14.396788717041872,0.16380786708226658,0.16065747129060817,0.2633642397707873,0.26975456766778433,-0.0021322635248657287,-0.0021322635248657296,-0.006390327896997006,-0.006390327896997006,-0.10270676848017915,-0.10909709637717616,-1.9232261842932326,0.01045989731659995,0.012191382184564921,0.011530361497192798,0.011789811485002558,-0.00017614334402376078,-0.00017614334402376274,-0.0002594499878097595,-0.0002594499878097595,0.0006610206873721228,0.0004015706995623633,16.553555121588897,-0.812050003853658
3,10,deceleration,3746,3851,10.5,28.264484487090545,11.874817866536006,True,True,0.2871524438882565,False,2.458708652940717,1.127690526857987,4.9080561784826475,0.01904761904761905,0.012401084888333646,0.003888758745175316,0.003878451936945446,0.0047412160536262835,16.245337113496863,13.971462266802176,20.986711205875427,21.563330782345307,-0.692381985845973,-0.692381985845973,-0.5509920397378849,-0.5766195764698807,-7.015248939073251,-7.591868515543132,-13.997092401397559,0.010720549601867243,0.007422667873042427,0.013552086487370763,0.01480016637621401,-0.001274856533554569,-0.0012748565335545716,-0.001192609671561323,-0.0012480798888432464,-0.006129418614328336,-0.007377498503171582,-30.76224495291183,0.13066262580256408,0.11051778888103282,0.18920882671504238,0.19400157263779008,-0.0014599139063181201,-0.0014599139063181665,-0.004579734992847806,-0.004792745922747699,-0.07869103783400956,-0.08348378375675726,-15.417443815931593,0.009145469844480532,0.008865771807548365,0.008284386522329453,0.00847897401318677,-0.00012061260198172382,-0.000120612601981724,-0.00018593915793032635,-0.00019458749085731614,0.0005813852852189112,0.0003867977943615951,-3.058323319506331,
3,11,deceleration,3755,3794,3.9000000000000004,28.91790636699285,13.34744727925216,True,True,0.4699911953327345,False,0.7749407439637626,0.9289256001600642,3.910219752118069,0.3076923076923077,0.14466511660822196,0.009446094880759995,0.00927281028894188,0.009215650039176853,3.875263256426975,4.229544022388237,7.842658158970294,8.009237147728259,-0.22657772522329273,-0.22657772522329278,-0.16657898875796473,-0.16657898875796473,-3.613114136582057,-3.779693125340022,9.142108355443998,0.0014171281396310128,0.0018193551279072552,0.005136648241689855,0.005497204654022347,-0.00041772920549986147,-0.00041772920549986055,-0.00036055641233249166,-0.00036055641233249166,-0.0033172931137826003,-0.003677849526115092,28.383247571456238,0.026438278237697673,0.030577843848941216,0.07067315593540126,0.0720577269797506,-0.0004792358817006879,-0.0004792358817006792,-0.0013845710443493447,-0.0013845710443493447,-0.04009531208646004,-0.041479883130809386,15.657470482858605,0.0033666620022915874,0.0033875477394474437,0.0030931190408724964,0.0031493332048979435,-3.910052718990024e-05,-3.910052718990092e-05,-5.621416402544705e-05,-5.621416402544705e-05,0.00029442869857494725,0.0002382145345495002,0.620369289867531,
3,11,acceleration,5696,5888,19.200000000000003,11.482074303588924,30.249475987658872,True,True,0.4645799379693817,False,0.8075934213054649,0.33048037388327933,2.799144647175982,0.0,0.003095908610454609,-0.0023422777991476615,-0.0023403987245969753,-0.002315410493936577,56.61624500693035,56.63989967195603,38.66126447147158,39.43009057343142,-1.6304631826267515,-1.6304631826267624,-0.7688261019598386,-0.7688261019598386,17.978635200484447,17.20980909852461,0.04178070273432247,0.05954924122864851,0.05947107134444688,0.025399054855190818,0.02706316137364848,-0.003005003671826924,-0.00300500367182693,-0.0016641065184576607,-0.0016641065184576607,0.03407201648925606,0.0324079099707984,-0.13126932029492394,0.5439882607557869,0.5436598052658536,0.3483554049263906,0.3547457328233876,-0.0034458648595779603,-0.003445864859577985,-0.006390327896997006,-0.006390327896997006,0.19530440033946295,0.18891407244246594,-0.0603791503656685,0.021494500428113045,0.021468441736506735,0.015244959636303197,0.015504409624112953,-0.00028204826854025,-0.00028204826854025256,-0.000259449987809756,-0.000259449987809756,0.006223482100203539,0.005964032112393783,-0.1212342277665906,
3,12,deceleration,3759,3818,5.9,28.71133548530282,11.633252959954604,True,True,0.4767465691497246,True,0.34397279556219346,0.3124108432997736,2.6104407867242334,0.0,0.055628727146723234,0.00717466795444243,0.007115693356298729,0.007478113179926085,6.305428704353926,6.78510249776764,11.82182157670943,12.116538249127364,-0.4214506867177932,-0.42145068671779384,-0.294716672417934,-0.294716672417934,-5.036719078941791,-5.331435751359725,7.607314520620882,0.0026466442542742714,0.0031129968087240797,0.007678376465035293,0.008316283963777395,-0.0007760960143580753,-0.0007760960143580759,-0.0006379074987421024,-0.0006379074987421024,-0.004565379656311213,-0.005203287155053316,17.62052280719856,0.04517082665569963,0.05045452335018515,0.10656078178833796,0.10901040748218681,-0.0008889063986536697,-0.0008889063986536744,-0.0024496256938488503,-0.0024496256938488503,-0.056106258438152805,-0.058555884132001655,11.697144120825666,0.0051192625082449135,0.005070266978699918,0.004664920045415969,0.004764375874076375,-7.33516225562956e-05,-7.335162255629572e-05,-9.945582866040595e-05,-9.945582866040595e-05,0.00040534693328394926,0.0003058911046235433,-0.9570817957876658,-0.6516307904907137
3,12,acceleration,5715,5925,21.0,11.123903273142275,31.390884491840787,True,True,0.4151721895358933,False,1.1468264828500636,0.4468119978257356,2.6061800079876867,0.0,0.002667879233011861,-0.0022700203728700436,-0.002268496196279062,-0.0021027584407637863,64.9431269059858,62.03210188207217,42.434718072926756,43.126661564690615,-2.061116518369339,-2.0611165183693387,-0.6919434917638583,-0.6919434917638583,19.597383809145413,18.905440317381554,-4.482422024624331,0.07547889537508846,0.06547069603492016,0.028102636885816126,0.02960033275242802,-0.003800562412825756,-0.0038005624128257566,-0.0014976958666118936,-0.0014976958666118936,0.03736805914910403,0.03587036328249214,-13.259599640976562,0.6290101824407095,0.5995408503752296,0.38225185016828295,0.38800314527558016,-0.004361111259196856,-0.004361111259196859,-0.005751295107297216,-0.005751295107297216,0.2172890002069467,0.21153770509964948,-4.685032593770076,0.024453775416572596,0.023555090743608325,0.016724443037344758,0.01695794802637354,-0.0003552821596113524,-0.00035528215961135035,-0.00023350498902878145,-0.00023350498902878145,0.006830647706263567,0.006597142717234786,-3.675034458504198,
3,13,deceleration,3698,3819,12.100000000000001,29.32626241435816,11.734217145716494,True,True,0.7472600006996004,True,2.722234181416631,0.9504910251903615,4.828846827710173,0.0,0.009300765610956609,0.0035408452465917825,0.003533753442965079,0.0026949499250815143,23.38466675081528,16.30473366921674,24.323807160458696,24.849171663464595,-0.9097672139723624,-0.9097672139723585,-0.5253645030058998,-0.5253645030058998,-8.019073491241954,-8.544437994247854,-30.27596312165409,0.01957838177852109,0.008816628951940861,0.015918290369738648,0.017055429824018052,-0.0016760467947108326,-0.0016760467947108306,-0.0011371394542794046,-0.0011371394542794046,-0.007101661417797786,-0.008238800872077191,-54.96752973928956,0.214272365283865,0.12991306933090496,0.21919699297679118,0.22356371703973907,-0.0019208325374475666,-0.0019208325374475976,-0.004366724062947885,-0.004366724062947885,-0.08928392364588622,-0.0936506477088341,-39.37012402005365,0.01160689068473808,0.010267150014355948,0.00959371732352618,0.009771008148529516,-0.00015784744853990703,-0.0001578474485399075,-0.00017729082500333657,-0.00017729082500333657,0.0006734326908297682,0.0004961418658264317,-11.54263193108004,-0.5402096734575288
3,13,acceleration,13592,13647,5.5,12.929865118924624,29.371848593816104,True,True,0.484586151452169,False,0.344954294031429,0.302535857474362,4.436322046039408,0.18181818181818182,0.0639868145988473,-0.007066975019475329,-0.007000364640902355,-0.006925730123534659,26.932166228947906,26.994008658401754,11.051616429893594,11.295078028847543,-0.35615550621078307,-0.3561555062107846,-0.24346159895394948,-0.24346159895394948,15.94239222850816,15.69893062955421,0.22962293091513772,0.04490367689239131,0.04486009754557589,0.007225501037648129,0.007752468101826386,-0.0006566396986628933,-0.0006566396986628928,-0.000526967064178257,-0.000526967064178257,0.03763459650792776,0.037107629443749506,-0.09705073132397066,0.28728135989904174,0.3069941732533452,0.09959626754765054,0.10161987138169956,-0.000753347606329864,-0.0007533476063298766,-0.002023603834049023,-0.002023603834049023,0.20739790570569466,0.20537430187164565,6.861849081065014,0.009912450090197119,0.010573680821574472,0.0043592081774342685,0.004441367340240689,-6.14515986040081e-05,-6.145159860400807e-05,-8.21591628064203e-05,-8.21591628064203e-05,0.006214472644140203,0.006132313481333783,6.6707093136466336,
3,14,deceleration,3691,3833,14.200000000000001,29.946085256836454,11.949831832214098,True,True,0.7212917505220943,True,2.5252488784129445,0.9261099200919984,4.287672308324984,0.07746478873239436,0.006351652751409327,0.0030249768438594038,0.0030205627216163076,0.002299253661347426,26.599381747596265,19.367125583053696,28.598032011829783,29.161837819933655,-1.1067237658542408,-1.1067237658542446,-0.5638058081038722,-0.5638058081038722,-9.230906428776088,-9.79471223687996,-27.189564904816386,0.020526544479244,0.01051769078756422,0.018795118319058567,0.020015463099260854,-0.0020399394985668473,-0.002039939498566852,-0.0012203447802022864,-0.0012203447802022864,-0.008277427531494347,-0.009497772311696634,-48.760538832049974,0.2373533588329738,0.15473440036404398,0.25767779110949923,0.26236403156729704,-0.0023395495787204576,-0.0023395495787204568,-0.004686240457797808,-0.004686240457797808,-0.10294339074545525,-0.10762963120325306,-34.80842187157292,0.013019068524159126,0.011978918796319946,0.011276539626773049,0.01146680295116687,-0.00019130701951608335,-0.00019130701951608486,-0.0001902633243938221,-0.0001902633243938221,0.0007023791695468969,0.0005121158451530747,-7.989432776308099,-1.4279410913867778
3,16,deceleration,3717,3839,12.200000000000001,30.830477349642763,12.083408356947452,True,True,0.7212309114548853,True,2.3883475572107042,0.8325721586156347,5.908095760910109,0.0,0.00970745893716537,0.003580764067620281,0.0035737080668525557,0.002710029823507356,20.356172113114283,16.273731526432712,24.67012366755462,25.05453671853455,-1.0198417750020956,-1.0198417750020994,-0.38441305097992995,-0.38441305097992995,-8.396392141121908,-8.780805192101838,-20.055050448563925,0.013653723383545736,0.008731033635112179,0.016364330530276968,0.017196383789505804,-0.0018809932157157498,-0.0018809932157157535,-0.0008320532592288356,-0.0008320532592288356,-0.007633296895164789,-0.008465350154393625,-36.053826565476996,0.1774724007759986,0.12917470547054416,0.22221618711636246,0.22541135106486085,-0.002159182021804984,-0.002159182021804984,-0.003195163948498392,-0.003195163948498392,-0.0930414816458183,-0.09623664559431669,-27.214200683752868,0.010839692325835188,0.010371547002359361,0.009722035288083557,0.009851760281988437,-0.00017547096183993292,-0.0001754709618399311,-0.00012972499390487974,-0.00012972499390487974,0.0006495117142758036,0.0005197867203709239,-4.3188063775579275,-1.233189909680906
3,18,acceleration,5793,5976,18.3,10.162920934680182,31.196161101091345,True,True,0.4502416866585037,False,0.6860236415226173,0.23869651147046805,3.351999468672079,0.0,0.003915777348640801,-0.00277897218596058,-0.002776519837306039,-0.0026633541632436835,57.44966635370541,59.04911573390213,36.902675354403975,37.581805077801825,-1.9602236943129532,-1.9602236943129583,-0.6791297233978497,-0.6791297233978497,22.146440379498152,21.467310656100302,2.784088197047562,0.06517931541541105,0.06745330454798361,0.024324614926287774,0.025794575684258705,-0.0036119392544314293,-0.0036119392544314184,-0.0014699607579709319,-0.0014699607579709319,0.04312868962169583,0.0416587288637249,3.4888202155539827,0.5502419510181727,0.5601199761494099,0.332472236954944,0.33811702659729126,-0.004140516863583738,-0.004140516863583854,-0.00564478964234727,-0.00564478964234727,0.2276477391944659,0.22200294955211863,1.7952148346665966,0.021297103092909588,0.021727688549442375,0.014548459600417367,0.014777640422982657,-0.000339656299125072,-0.0003396562991250778,-0.0002291808225652909,-0.0002291808225652909,0.007179228949025009,0.006950048126459718,2.021802940307605,
3,20,acceleration,5831,5971,14.0,10.301394896302984,30.269243980794077,True,True,0.5654561660833987,True,0.8854659111449377,0.33062341293694153,4.722986031889955,0.0,0.007304381948169915,-0.0035155348155279068,-0.003510258718021006,-0.0036053339124310774,48.23311391097195,48.003140692826676,28.161674364957875,28.751107709793743,-1.363652389070202,-1.3636523890701966,-0.589433344835868,-0.589433344835868,19.8414663278688,19.252032983032933,-0.4767952957998045,0.05790164302668297,0.058252176549559484,0.01845774017080114,0.019733555168285344,-0.002511488240908363,-0.002511488240908362,-0.001275814997484203,-0.001275814997484203,0.03979443637875835,0.03851862138127414,0.6053947773381417,0.46884461504070374,0.4562591046867931,0.2537695121293558,0.2586687635170534,-0.002877095578263632,-0.0028770955782636554,-0.004899251387697645,-0.004899251387697645,0.20248959255743731,0.19759034116973967,-2.684367048306187,0.017784233444819192,0.017504555694539264,0.011106387026928214,0.011305298684249026,-0.00023710536631218289,-0.00023710536631218158,-0.0001989116573208119,-0.0001989116573208119,0.006398168667611051,0.006199257010290239,-1.5726162791762144,10.294267461906738
3,21,acceleration,13688,13843,15.5,10.014045759622109,30.21239786063205,True,True,0.4227436040047285,False,1.2091855884372096,0.41303664684851255,5.030218679992006,0.0,0.0057152814658500885,-0.003239459850563447,-0.0032354859143840457,-0.003004210467324081,51.39523459584592,51.45159486860163,31.152453812445227,31.831583535843073,-1.5507997615305817,-1.5507997615305769,-0.6791297233978462,-0.6791297233978462,20.299141056156405,19.62001133275856,0.10966050296084548,0.05869478000698791,0.06073925816132297,0.0203779038926307,0.021847864650601633,-0.0028555765368173847,-0.0028555765368173877,-0.0014699607579709319,-0.0014699607579709319,0.04036135426869227,0.03889139351072134,3.4832367615853665,0.48937087827984077,0.4888012774828855,0.28073848425153325,0.2863832738938806,-0.003270328545309088,-0.0032703285453090647,-0.005644789642347325,-0.005644789642347325,0.20806279323135224,0.2024180035890049,-0.11639450205076643,0.01896210232681606,0.018889834859415845,0.012287399863567566,0.01251658068613285,-0.00027004735028097023,-0.00027004735028096985,-0.00022918082256528395,-0.00022918082256528395,0.00660243499584828,0.006373254173282996,-0.38111526957648073,
3,23,acceleration,13729,13841,11.200000000000001,10.660222032977462,30.46577877318024,True,True,0.391212425522456,True,1.262868472264196,0.524178117192035,4.552695994279272,0.0,0.012729599056453149,-0.004299842546592675,-0.004289809530198045,-0.0039017261963993476,41.88245020552434,44.436359684793885,22.539590506659092,23.000886167834995,-1.066552485943299,-1.0665524859433013,-0.46129566117590315,-0.46129566117590315,21.896769178134793,21.43547351695889,6.097803415839025,0.05538005257912598,0.06345017801297746,0.014788380223553685,0.01578684413462828,-0.001964967485899679,-0.0019649674858996866,-0.000998463911074594,-0.000998463911074594,0.048661797789423776,0.04766333387834919,14.572260332041102,0.4174334481852542,0.45235158827901784,0.20310081407544456,0.20693501081364274,-0.002252075660654357,-0.0022520756606544123,-0.003834196738198181,-0.003834196738198181,0.24925077420357328,0.2454165774653751,8.36495979073225,0.015563325196336499,0.016361183141152046,0.008888568954713369,0.009044238947399221,-0.00018499676256971987,-0.00018499676256971895,-0.00015566999268585256,-0.00015566999268585256,0.007472614186438678,0.007316944193752825,5.126526206644825,9.167032669719154
4,2,deceleration,3726,3746,2.0,28.42282749845793,17.662275041771476,True,True,0.586934524697196,True,0.4609027211024667,0.4669751460296721,2.1566554640687685,0.55,0.526094366852198,0.011674653915864752,0.010918454741769086,0.010979309170948496,2.1644548734560027,1.9873144904753723,4.056046027935117,4.1073011013991065,-0.05306233748294144,-0.053062337482942645,-0.05125507346398983,-0.05125507346398983,-2.0687315374597444,-2.119986610923734,-8.184064502938279,0.0009278458734360769,0.0007267323792979556,0.0027081388751912065,0.0028190793097550492,-9.807173358515164e-05,-9.807173358515175e-05,-0.00011094043456384272,-0.00011094043456384272,-0.0019814064958932507,-0.0020923469304570935,-21.675312667322743,0.015627874209569296,0.013558091403947523,0.03652665864263641,0.036952680502436205,-0.00011290325084684299,-0.00011290325084683389,-0.0004260218597997925,-0.0004260218597997925,-0.02296856723868889,-0.023394589098488683,-13.244173698009414,0.0017369362030864345,0.0017264933345085061,0.0015977460033244485,0.0016150426691784322,-8.990543238603963e-06,-8.990543238604227e-06,-1.729666585398369e-05,-1.729666585398369e-05,0.00012874733118405763,0.00011145066533007394,-0.6012234968314903,0.5737183238203372
4,2,acceleration,5850,5903,5.300000000000001,17.308340263764872,29.589372183804738,True,True,0.480053764956694,True,0.29692049907606,0.26377126367447695,4.950348319849216,0.0,0.05249756615948862,-0.00494091441359823,-0.004890861032056493,-0.004751414911914335,26.0257934925601,25.311091750510794,10.743396466681661,10.884347918707633,-0.18137500477111335,-0.18137500477111068,-0.1409514520259716,-0.1409514520259716,14.567695283829133,14.426743831803162,-2.7461285368825212,0.04221222301461035,0.04101246984409275,0.007165473975800311,0.007470560170850882,-0.00033541089325026197,-0.00033541089325025975,-0.0003050861950505716,-0.0003050861950505716,0.03384699586829244,0.03354190967324187,-2.8421937648304936,0.27784392695338145,0.2784214750549401,0.0967530432170065,0.09792460333145594,-0.00038643535507050134,-0.00038643535507053295,-0.001171560114449438,-0.001171560114449438,0.18166843183793357,0.18049687172348414,0.20786781553643194,0.00950662140652846,0.009578980435059779,0.004232297242224392,0.004279863073322846,-3.0603207202671767e-05,-3.060320720267226e-05,-4.756583109845423e-05,-4.756583109845423e-05,0.005346683192835387,0.005299117361736933,0.7611434750270795,5.816849909349315
4,2,deceleration,11842,11977,13.5,29.480583474236063,11.484901857363347,True,True,0.34760272789433,False,1.6297891070091148,0.5668367269787769,7.818073704812914,0.0,0.00721587626928451,0.0032539916036914028,0.003248743448301008,0.003750237338072911,17.96262673965345,18.198831115679344,27.1220353212421,27.724282434443968,-1.0632839101755496,-1.0632839101755458,-0.6022471132018659,-0.6022471132018659,-8.923204205562758,-9.525451318764624,1.3149768096247214,0.007455646772235284,0.009810235890177063,0.01772523523472142,0.019028785340846583,-0.0019587548920451713,-0.0019587548920451704,-0.0013035501061251648,-0.0013035501061251648,-0.007914999344544356,-0.00921854945066952,31.581285834385728,0.13412318788426567,0.14481707260169707,0.24442483653879676,0.24943059339144436,-0.002244648620314489,-0.002244648620314482,-0.0050057568526475915,-0.0050057568526475915,-0.09960776393709969,-0.10461352078974728,7.973181137521958,0.009366912865778138,0.01142193583833095,0.01069830219317011,0.010901538016954418,-0.00018456014550372274,-0.00018456014550372046,-0.00020323582378430766,-0.00020323582378430766,0.0007236336451608393,0.0005203978213765316,21.939170375554614,
4,2,acceleration,13769,13887,11.8,10.986951762348443,28.194615267692736,True,True,0.6607383350718438,True,1.5376657290712727,0.5037169755387144,4.476869015215036,0.0,0.009693319724183995,-0.003721843404403623,-0.0037140098313560694,-0.004176430063906089,39.53490764094556,39.93637442635327,23.541133006490888,24.23307649825473,-0.8669134810188102,-0.866913481018809,-0.6919434917638405,-0.6919434917638405,16.39524141986238,15.70329792809854,1.0154741957507811,0.0519996120354436,0.048663179800284125,0.015134872060942899,0.01663256792755479,-0.0015953153164962343,-0.0015953153164962337,-0.001497695866611892,-0.001497695866611892,0.03352830773934123,0.032030611872729334,-6.416263707670205,0.39299301403853387,0.38216852400809664,0.2122695198570764,0.21802081496437362,-0.001825443068217243,-0.0018254430682172473,-0.005751295107297216,-0.005751295107297216,0.16989900415102024,0.16414770904372303,-2.754372124634221,0.014796605296373527,0.01476612761694058,0.009295246759123967,0.00952875174815275,-0.00015163050388501846,-0.00015163050388502033,-0.00023350498902878318,-0.00023350498902878318,0.005470880857816614,0.005237375868787831,-0.20597751188521846,7.572798414805089
4,3,deceleration,3724,3752,2.8000000000000003,28.320195624729955,18.749191689314763,True,True,0.6161677707829176,True,0.5644879918031818,0.5058670601993644,3.9274386769225544,0.0,0.20450336816527614,0.007262078149463756,0.007011259289444922,0.005695308447401514,3.4022316270977293,3.047950861136467,5.673338931762765,5.750221541958749,-0.05807650831565429,-0.05807650831565514,-0.05125507346398894,-0.07688261019598386,-2.6253880706262978,-2.7022706808222816,-10.41318771889382,0.0017213225605005617,0.001319095572224319,0.003780300381811304,0.00394671103365707,-0.00010741180065811329,-0.00010741180065811269,-0.00011094043456384402,-0.00016641065184576581,-0.002461204809586985,-0.0026276154614327503,-23.36732216879065,0.026225567785202727,0.022086002173959188,0.051094719913711,0.051733752703410685,-0.00012377235996227266,-0.00012377235996227642,-0.0004260218597997856,-0.0006390327896996853,-0.02900871773975181,-0.029647750529451497,-15.784465164484294,0.0024536407083346583,0.002432754971178801,0.0022351147380688294,0.0022610597368498053,-9.790436496889534e-06,-9.79043649688982e-06,-1.7296665853983907e-05,-2.594499878097586e-05,0.00019764023310997166,0.0001716952343289958,-0.8512141604478357,-0.25595667235182873
4,3,acceleration,5871,5944,7.300000000000001,17.21459223086478,30.28220817265955,True,True,0.6824696534625211,True,1.362304775794063,0.7131456361848502,5.667373292879792,0.136986301369863,0.02481451842963379,-0.0037688525550777395,-0.003748428186908559,-0.0037611363074614794,30.22145922082639,31.82998279703346,14.850697568080767,14.99164902010674,-0.2807910535129844,-0.28079105351298494,-0.14095145202597337,-0.14095145202597337,16.97928522895269,16.838333776926717,5.32245502923497,0.04261529624489756,0.04805861833293192,0.009984553285555363,0.010289639480605932,-0.0005194749127287693,-0.0005194749127287665,-0.000305086195050569,-0.000305086195050569,0.03807406504737656,0.03776897885232599,12.7731649611285,0.37140402100207764,0.33295645020573594,0.1337057237194427,0.13487728383389216,-0.0005988480685510206,-0.0005988480685510111,-0.0011715601144494658,-0.0011715601144494658,0.19925072648629324,0.19807916637184378,-10.3519532967379,0.012771786216718328,0.011674566589932543,0.005847339911402823,0.005894905742501279,-4.722917621701943e-05,-4.722917621701947e-05,-4.756583109845596e-05,-4.756583109845596e-05,0.00582722667852972,0.005779660847431264,-8.59096455395972,18.68923788192251
4,3,deceleration,11843,11981,13.8,29.80512956832868,12.579073760074571,True,True,0.3401032720389165,True,1.5985258496737775,0.501799639097078,6.432182922206681,0.0,0.006534476082836689,0.0029451182648631384,0.0029405705106940994,0.0034267941158765613,18.35001304304602,18.969662684958617,27.80219932828195,28.340377599653834,-0.9799591066288156,-0.9799591066288151,-0.5125507346398841,-0.5381782713718835,-8.832536643323333,-9.370714914695217,3.3768348853976593,0.007828175133813406,0.010372344311704628,0.018286772674389478,0.01945164723730984,-0.0018068320682956688,-0.0018068320682956725,-0.0011094043456384393,-0.0011648745629203629,-0.00791442836268485,-0.009079302925605213,32.500156606126644,0.13767940251797392,0.15202278208325448,0.25050026593891195,0.2549734954668098,-0.00207308634350694,-0.0020730863435068914,-0.004260218597997967,-0.0044732295278978595,-0.09847748385565747,-0.10295071338355533,10.417955992660591,0.009764962459127037,0.011633620129418246,0.010962179425864355,0.011143794417331184,-0.00016902001595246814,-0.0001690200159524674,-0.00017296665853983734,-0.00018161499146682886,0.0006714407035538911,0.0004898257120870622,19.13635283405137,-3.2374368408504957
4,3,acceleration,13798,13886,8.8,9.986327810607149,28.87467343541396,True,True,0.7062956360786298,True,2.169065624780898,0.9064787148631127,7.136676714426321,0.2159090909090909,0.02234386306481423,-0.005523282579163419,-0.005502548695642681,-0.006222027767298574,30.224351646674283,36.07595967977995,17.585201648248177,18.07212484615607,-0.7817365859384484,-0.7817365859384466,-0.48692319790789185,-0.48692319790789185,18.490758031531772,18.00383483362388,19.36057422012407,0.04185942604416936,0.05407905558936679,0.011350014834565702,0.012403948962922219,-0.0014383030877334355,-0.0014383030877334405,-0.0010539341283565175,-0.0010539341283565175,0.04272904075480109,0.04167510662644457,29.192061860340573,0.3263433346899513,0.37054001978124046,0.1585445865426212,0.16259179421071931,-0.0016453505947405076,-0.0016453505947405245,-0.004047207668098102,-0.004047207668098102,0.21199543323861925,0.20794822557052114,13.54300222901107,0.012051128716578182,0.013343572203743931,0.006941869418772257,0.007106187744385103,-0.00013691522826644428,-0.00013691522826644615,-0.00016431832561284582,-0.00016431832561284582,0.006401702784971674,0.006237384459358828,10.72466751921581,13.719144550600245
4,4,deceleration,3615,3754,13.9,30.941763528583312,19.064837184448287,True,True,0.681959459479661,True,2.011087634396563,0.9050553806287399,6.262193916398955,0.07913669064748201,0.004423989262167425,0.0017086846945967096,0.00170608365040474,0.0014144187415570106,31.547586136158504,21.35106959423767,28.55855642308979,28.54574265472379,-0.42813260775706635,-0.4281326077570604,0.012813768366001455,0.012813768366001455,-7.207486828852119,-7.194673060486117,-32.32106728518927,0.030196577163958068,0.012586870996581767,0.019620336311438554,0.019592601202797592,-0.0007935042291454834,-0.0007935042291454808,2.7735108640961764e-05,2.7735108640961764e-05,-0.007033465314856787,-0.007005730206215826,-58.31689489759402,0.30611679156492505,0.17763747502898772,0.2569276349568816,0.2568211294919316,-0.0009170560659123693,-0.0009170560659123583,0.0001065054649500019,0.0001065054649500019,-0.07929015992789387,-0.07918365446294387,-41.97068572394463,0.014288705645093028,0.01147656899595379,0.011228870717253599,0.011224546550790105,-7.102709721443282e-05,-7.10270972144357e-05,4.324166463494025e-06,4.324166463494025e-06,0.0002476982787001907,0.00025202244516368474,-19.68083547235065,-0.20400281858470848
4,4,acceleration,5868,5965,9.700000000000001,16.396911211457176,29.480015221241526,True,True,0.5805106764895249,True,0.7257688487259051,0.44061222307509257,4.373856378473489,0.0,0.012096347453874022,-0.0029399825013010235,-0.0029308721134010717,-0.0027733714931999043,34.784136444846844,34.71835309726645,19.651321206099727,19.920410341785665,-0.3813853849432405,-0.38138538494323626,-0.2690891356859382,-0.2690891356859382,15.067031891166724,14.797942755480786,-0.18911881766763886,0.04395382449718574,0.04339813597748624,0.013090097370851813,0.013672534652311991,-0.0007047907532663723,-0.000704790753266368,-0.000582437281460178,-0.000582437281460178,0.03030803860663443,0.029725601325174253,-1.2642552179619244,0.3415992175879965,0.33125939016993583,0.1769838856728667,0.1792205004368156,-0.0008112176444652549,-0.0008112176444652341,-0.002236614763948902,-0.002236614763948902,0.15427550449706914,0.15203888973312024,-3.0268884955502307,0.012861648012981406,0.01257047548192518,0.007742149449781981,0.007832956945515397,-6.468751183275193e-05,-6.468751183275057e-05,-9.080749573341616e-05,-9.080749573341616e-05,0.004828326032143199,0.0047375185364097825,-2.263881975018616,15.42003248968864
4,4,deceleration,11830,11965,13.5,29.635344308102592,12.60068819457539,True,True,0.5239997438584497,True,0.6591902986474913,0.5297523551442662,4.684855792842043,0.0,0.006830525979620359,0.002987558972779316,0.0029827405295761336,0.002873200616704689,20.13123382452844,18.51095473665765,27.198917931438086,27.724282434443968,-0.939066515658395,-0.9390665156583928,-0.525364503005882,-0.525364503005882,-8.687963194780437,-9.213327697786319,-8.048583122096568,0.01131926312508787,0.0101096068109216,0.017891645886567182,0.019028785340846583,-0.0017312749680400276,-0.0017312749680400315,-0.001137139454279401,-0.001137139454279401,-0.007782039075645581,-0.008919178529924982,-10.686705493091706,0.16214931991730455,0.14833145642504067,0.24506386932849636,0.24943059339144436,-0.0019861380176510457,-0.001986138017651018,-0.004366724062947996,-0.004366724062947996,-0.09673241290345569,-0.10109913696640369,-8.521690685666108,0.010647390006185312,0.011399188251611929,0.010724247191951084,0.010901538016954418,-0.000162076357275319,-0.00016207635727531929,-0.0001772908250033331,-0.0001772908250033331,0.0006749410596608441,0.000497650234657511,7.0608688607243595,-1.226760732966433
4,4,acceleration,13843,13902,5.9,11.818196711589875,29.08451367615563,True,True,0.5779443521030837,True,0.9770985746543266,0.7283711735909238,4.723750968569038,0.2033898305084746,0.05624186637024592,-0.0071547688968082385,-0.007095957865666242,-0.007241227106715097,27.403343607648612,27.94778526452358,11.821821576709429,12.116538249127364,-0.42809325795249215,-0.42809325795249364,-0.29471667241793575,-0.29471667241793575,16.125963687814153,15.831247015396217,1.9867709016465023,0.042806232574026805,0.04597530852884762,0.007678376465035293,0.008316283963777395,-0.0007885926848858055,-0.0007885926848858063,-0.0006379074987421024,-0.0006379074987421024,0.03829693206381232,0.037659024565070226,7.40330499616004,0.32774009342861404,0.3110162605999791,0.10656078178833796,0.10901040748218681,-0.0009036450278864092,-0.0009036450278863684,-0.0024496256938488503,-0.0024496256938488503,0.20445547881164117,0.2020058531177923,-5.1027729484301245,0.011128624482912627,0.010784659706473704,0.004664920045415971,0.004764375874076375,-7.432701426698913e-05,-7.432701426698853e-05,-9.945582866040421e-05,-9.945582866040421e-05,0.006119739661057734,0.006020283832397329,-3.0908112405721004,15.567560333300097
4,5,deceleration,3740,3759,1.9000000000000001,28.59778238825002,17.892867942812263,True,True,0.5137473109578763,True,0.07151383134977154,0.0715312759784595,2.53812011668638,0.5789473684210527,0.5919583300042025,0.01211892167022349,0.01125637068387351,0.010809470390721266,1.8879487659516039,1.8879487659516039,3.863494741231159,3.9019360463291513,-0.049646510053606305,-0.04964651005360654,-0.03844130509799237,-0.03844130509799237,-1.975545975279555,-2.013987280377547,0.0,0.0006903957603330578,0.0006903957603330578,0.0025949200183444147,0.0026781253442672973,-9.178390332179826e-05,-9.178390332179867e-05,-8.320532592288269e-05,-8.320532592288269e-05,-0.001904524258011357,-0.0019877295839342396,0.0,0.012880186833750147,0.012880186833750147,0.03478553008246455,0.0351050464773144,-0.00010570526159298468,-0.00010570526159299487,-0.0003195163948498461,-0.0003195163948498461,-0.021905343248714404,-0.02222485964356425,0.0,0.0016401686677830808,0.0016401686677830808,0.001521318036329023,0.0015342905357195109,-8.394412746495463e-06,-8.394412746495512e-06,-1.297249939048793e-05,-1.297249939048793e-05,0.00011885063145405787,0.00010587813206356994,0.0,0.9445814974243518
4,5,acceleration,5886,5981,9.5,17.109875239357034,29.013228648582,True,True,0.6367581516220133,True,0.9066818532433255,0.41294464069854514,3.3748408834869896,0.0,0.011601274534085574,-0.0027166093861250643,-0.002707838348119799,-0.002820199898903127,32.38445162888452,33.33122885238764,19.214963559227833,19.509680231645756,-0.30828431552234536,-0.30828431552235,-0.2690891356859346,-0.2947166724179233,14.116265293159806,13.821548620741883,2.9235549033001513,0.04023814822571815,0.04111436667940984,0.012752719222594385,0.013390626721336485,-0.0005697969642350796,-0.0005697969642350764,-0.000582437281460178,-0.0006379074987420998,0.028361647456815457,0.027723739958073354,2.177581455231232,0.303214039726273,0.3189815179609923,0.17307560669272315,0.17552523238657197,-0.000655991719366273,-0.0006559917193662279,-0.002236614763948902,-0.0024496256938488226,0.14590591126826913,0.1434562855744203,5.200114826131871,0.011785342002763531,0.01216359197018114,0.007571996849937144,0.007671452678597554,-5.22236586128733e-05,-5.222365861287312e-05,-9.080749573341703e-05,-9.945582866040942e-05,0.004591595120243996,0.004492139291583586,3.209495043325116,17.72159865743977
4,5,deceleration,11852,12004,15.200000000000001,30.769832211918537,12.32276982318631,True,True,0.3503219826277366,True,1.566499456721282,0.5718728074703193,5.6683104151110415,0.0,0.005483522050218493,0.0028163129360017176,0.0028127216344886663,0.003367741822128832,21.05849740944103,20.782129337636643,30.72856517272531,31.21548837063321,-1.2277392199715647,-1.2277392199715607,-0.48692319790789895,-0.48692319790789895,-9.946435835088668,-10.433359032996567,-1.312382675890662,0.009640323342753295,0.011278648492688698,0.020371068625781856,0.02142500275413838,-0.002264695082180345,-0.00226469508218035,-0.0010539341283565228,-0.0010539341283565228,-0.009092420133093158,-0.010146354261449681,16.994504143545594,0.1646583734267139,0.1660035948747559,0.2767931641504171,0.2808403718185152,-0.0026000432395393955,-0.0026000432395393847,-0.004047207668098074,-0.004047207668098074,-0.11078956927566119,-0.11483677694375927,0.8169772481329233,0.011269534330515852,0.012781478698648267,0.012110005960143241,0.012274324285756087,-0.00021106595752910353,-0.00021106595752910448,-0.00016431832561284582,-0.00016431832561284582,0.0006714727385050256,0.0005071544128921798,13.41620978994974,-1.4771516250414436
4,5,acceleration,13865,13944,7.9,11.622346971294515,29.601128266756923,True,True,0.4640572040053427,True,0.5739273664145572,0.35665956226262713,5.867791403433772,0.0,0.02794917098899292,-0.005520628931814778,-0.005495007829332774,-0.005326633175855132,35.39262656719309,34.21176127826871,15.877867604644555,16.22383935052647,-0.6192385724334505,-0.6192385724334475,-0.3459717458819167,-0.3459717458819167,18.333893673624154,17.98792192774224,-3.336472603078783,0.05389943411189597,0.05288614227157952,0.010386515340226499,0.011135363273532446,-0.001140924451016297,-0.0011409244510162987,-0.0007488479333059468,-0.0007488479333059468,0.04249962693135302,0.04175077899804708,-1.8799674931889638,0.36343577126982196,0.35855671329400046,0.14308744043097438,0.145963087984623,-0.0013077376415671857,-0.0013077376415671915,-0.002875647553648636,-0.002875647553648636,0.21546927286302608,0.21259362530937745,-1.342481495086291,0.012904854990572253,0.012642484777891304,0.006262666048740419,0.006379418543254808,-0.0001073625819598712,-0.00010736258195987239,-0.00011675249451438899,-0.00011675249451438899,0.006379818729150885,0.006263066234636496,-2.0331124439029,11.650911446167441
4,6,deceleration,3623,3771,14.8,29.713795721966576,18.757919628740208,True,True,0.8107488030462602,True,2.026313143283325,0.686484742112082,6.438118429818669,0.0,0.0034833598853381263,0.0015272038400848218,0.0015251507065066582,0.0010836896398746534,30.545205123373165,24.07692568956046,30.240262929961425,30.39402815035339,-0.39538908578881043,-0.3953890857888105,-0.15376522039196416,-0.15376522039196416,-6.163337240400963,-6.317102460792928,-21.17608772862089,0.024131534293463534,0.014510622657596851,0.02052836558849584,0.020861186892187366,-0.0007319932370024228,-0.0007319932370024283,-0.0003328213036915273,-0.0003328213036915273,-0.006017742930898988,-0.006350564234590515,-39.868627990523926,0.27372959187928325,0.20304004116396965,0.27217177013862853,0.27344983571802794,-0.0008446505203823853,-0.0008446505203824617,-0.0012780655793994122,-0.0012780655793994122,-0.06913172897465888,-0.0704097945540583,-25.82459215680569,0.013280364171925865,0.011893802447565134,0.011899425754358449,0.0119513157519204,-6.61579630072506e-05,-6.615796300725278e-05,-5.1889997561950854e-05,-5.1889997561950854e-05,-5.62330679331445e-06,-5.7513304355265304e-05,-10.440690529344552,-1.0635295722826967
4,6,acceleration,5884,6002,11.8,16.325914626869125,29.07287845487701,True,True,0.5888244915678142,True,0.837541894102367,0.34735669047084755,3.6962421631912212,0.0,0.007180544636935596,-0.002379471123648474,-0.002374462917005605,-0.0023442495627821473,37.655091465943315,38.572427754943725,23.848663447274816,24.23307649825473,-0.4429396525833431,-0.44293965258334467,-0.3844130509799122,-0.3844130509799122,14.723764307668908,14.339351256688996,2.4361547224764637,0.04134150272360688,0.04475149789312834,0.015800514668325966,0.01663256792755479,-0.0008182782039815996,-0.0008182782039816011,-0.0008320532592288252,-0.0008320532592288252,0.028950983224802378,0.028118929965573553,8.248358053937613,0.34215553379905006,0.37050474626834906,0.21482565101587514,0.21802081496437362,-0.000941420107102787,-0.0009414201071027695,-0.003195163948498475,-0.003195163948498475,0.15567909525247392,0.15248393130397545,8.285475366868875,0.013636080184845738,0.014311672188447378,0.009399026754247872,0.00952875174815275,-7.530778359106194e-05,-7.530778359106198e-05,-0.000129724993904878,-0.000129724993904878,0.004912645434199506,0.004782920440294628,4.954444345028495,12.995394789280645
4,6,deceleration,11872,11986,11.4,29.423971967910944,12.476055941506695,True,True,0.3228890498829361,False,1.9108318048336062,0.7922494686708668,7.576665265314375,0.06140350877192982,0.010416346394632679,0.00354811052578745,0.0035401160024752572,0.004181075920701258,15.198412568917156,15.348437862934766,22.950320616799,23.411616277974904,-0.7879592392097368,-0.7879592392097337,-0.46129566117590315,-0.46129566117590315,-7.601882753864235,-8.063178415040138,0.9871116035133303,0.0063264397589597645,0.008318408747599416,0.01507028815452918,0.01606875206560378,-0.0014523888518573852,-0.0014523888518573821,-0.000998463911074601,-0.000998463911074601,-0.006751879406929765,-0.007750343318004366,31.4864135996639,0.11408972006886663,0.12233520047840694,0.20679608212568826,0.21063027886388636,-0.0016657101005412031,-0.0016657101005411457,-0.003834196738198098,-0.003834196738198098,-0.08446088164728131,-0.08829507838547941,7.22718962283648,0.007978115929933282,0.009699021989833944,0.009050073221631209,0.009205743214317063,-0.0001362032218191202,-0.00013620322181912004,-0.0001556699926858543,-0.0001556699926858543,0.0006489487682027357,0.0004932787755168814,21.57033157971488,
4,6,acceleration,13879,13969,9.0,11.702873346495124,28.352823706188307,True,True,0.5091150807706165,True,0.4362068042135769,0.2849629049508712,4.059562283967359,0.0,0.018606843605356575,-0.004618555213200062,-0.004601967809516071,-0.004521635341744623,34.44156362569181,35.3720152132711,17.970304221656093,18.482854956295977,-0.6130432172388618,-0.6130432172388609,-0.5125507346398841,-0.5125507346398841,17.401710991615005,16.88916025697512,2.701537008282663,0.04615898787639493,0.05107583954686163,0.011576452548259286,0.012685856893897722,-0.0011287170220261214,-0.0011287170220261235,-0.0011094043456384359,-0.0011094043456384359,0.039499386998602344,0.03838998265296391,10.65199194495578,0.33214934437392046,0.35585383774495416,0.16202684366296494,0.1662870622609629,-0.0012924706631759404,-0.0012924706631759486,-0.004260218597997967,-0.004260218597997967,0.19382699408198922,0.18956677548399126,7.136697323824348,0.012499209335108716,0.013048697342108725,0.007094725352763109,0.007267692011302946,-0.00010683013851185547,-0.0001068301385118561,-0.00017296665853983647,-0.00017296665853983647,0.005953971989345616,0.005781005330805779,4.396182128549251,19.516433048832965
4,7,deceleration,3759,3787,2.8000000000000003,28.472462036157577,16.960287081989456,True,True,0.4866735196157288,True,0.2500212618281774,0.37525048473147615,3.6939129498234364,0.35714285714285715,0.24598031396935038,0.009049619789390624,0.008737062519630722,0.008638543122402195,2.870810478155836,3.047950861136467,5.647711395030771,5.750221541958749,-0.08569318811026988,-0.08569318811026871,-0.07688261019598386,-0.10251014692797789,-2.5997605338943037,-2.7022706808222816,6.170396281067761,0.0011179820780861983,0.001319095572224319,0.0037248301645293816,0.00394671103365707,-0.00015831154793274132,-0.00015831154793274037,-0.00016641065184576581,-0.00022188086912768804,-0.0024057345923050623,-0.0026276154614327503,17.988972996990615,0.020016219368337418,0.022086002173959188,0.05088170898381109,0.051733752703410685,-0.00018214147250212911,-0.00018214147250211754,-0.0006390327896996853,-0.000852043719599592,-0.028795706809851905,-0.029647750529451497,10.340528186335968,0.0024223121026008734,0.002432754971178801,0.0022264664051418375,0.0022610597368498053,-1.4566938832112331e-05,-1.4566938832112023e-05,-2.594499878097586e-05,-3.4593331707967814e-05,0.0002062885660369636,0.0001716952343289958,0.43111160476451654,-0.3183217963080196
4,7,acceleration,5917,6045,12.8,17.60131099173217,29.095264271235465,True,True,0.5231318925628795,True,0.3309526025680613,0.16380546356082454,4.5241649701713555,0.0,0.005272026381781369,-0.0019229784944706219,-0.0019195324386698227,-0.0018806005918331683,38.633128685916866,38.82961016257366,25.95356907143835,26.28672704895428,-0.3846253077426226,-0.38462530774262405,-0.33315797751593124,-0.33315797751593124,12.87604109113531,12.542883113619379,0.5085828752161536,0.040776760647219246,0.04181820316674683,0.017320994757767334,0.018042107582432316,-0.0007111761610271543,-0.0007111761610271543,-0.0007211128246649816,-0.0007211128246649816,0.024497208408979496,0.023776095584314514,2.5540099384981554,0.36726462988017183,0.37520851544678835,0.23372801312689304,0.2364971552155917,-0.000819205549348593,-0.0008192055493485284,-0.0027691420886986617,-0.0027691420886986617,0.1414805023198953,0.13871136023119665,2.1629868275658297,0.01460484178818777,0.014688713339074849,0.010223844754691075,0.010336273082741968,-6.496499424587667e-05,-6.496499424587729e-05,-0.00011242832805089323,-0.00011242832805089323,0.004464868584383774,0.004352440256332881,0.5742722317944766,10.75747869348669
4,7,deceleration,11889,12026,13.700000000000001,29.452951854987937,11.34886645774212,True,True,0.3244363356612994,False,1.8905446557778538,0.6741954083757656,5.684588060689484,0.043795620437956206,0.006994785122333567,0.003238743129685339,0.00323366944039054,0.0039526231551741285,18.18751105458787,18.527930432034676,27.53276543138201,28.13501254458388,-1.0940959350368156,-1.0940959350368118,-0.6022471132018694,-0.6022471132018694,-9.004834999347334,-9.607082112549204,1.8717205252828415,0.007755864709483041,0.01000484106390044,0.018007143165696925,0.01931069327182209,-0.0020153166624632493,-0.0020153166624632506,-0.0013035501061251648,-0.0013035501061251648,-0.008002302101796486,-0.00930585220792165,28.997106559473508,0.1378059400754548,0.14758915017265004,0.2481201045890404,0.253125861441688,-0.002309145328498829,-0.0023091453284988517,-0.005005756852647619,-0.005005756852647619,-0.10053095441639037,-0.10553671126903799,7.099265889292219,0.009907703422345017,0.011576512850503814,0.010859806460087953,0.011063042283872263,-0.0001900445980475717,-0.00019004459804757012,-0.0002032358237843094,-0.0002032358237843094,0.0007167063904158603,0.000513470566631551,16.84355452541203,
4,7,acceleration,13883,13988,10.5,12.3816000045187,30.168491556871967,True,True,0.6229428784463193,True,1.1256082691273979,0.34368053665309856,4.118172152337174,0.0,0.01345828180322406,-0.003981165749569881,-0.0039706140248161005,-0.004313315653959506,40.05532823992693,41.78089147898513,21.166103962999394,21.563330782345307,-0.7934472907924499,-0.7934472907924572,-0.39722681934591364,-0.39722681934591364,20.61478751598574,20.217560696639826,4.307949316311361,0.0559869406636416,0.0594838234533779,0.013940378008344223,0.01480016637621401,-0.001463096659563662,-0.001463096659563663,-0.0008597883678697869,-0.0008597883678697869,0.04554344544503368,0.044683657077163895,6.2458901098827315,0.40731996644230334,0.4249255867656123,0.19069990322434166,0.19400157263779008,-0.001678942315819689,-0.0016789423158196926,-0.0033016694134484215,-0.0033016694134484215,0.23422568354127066,0.23092401412782224,4.322307221294246,0.014843235445493057,0.015364508644194438,0.008344924852818396,0.00847897401318677,-0.00013674727067742668,-0.00013674727067742622,-0.00013404916036837376,-0.00013404916036837376,0.007019583791376042,0.0068855346310076684,3.5118569709116776,20.579400297158905
4,9,deceleration,3687,3802,11.5,29.917781788873604,17.85503925463627,True,True,0.6679855331448235,True,1.474228242066801,0.6297910182197887,5.3995826720264395,0.0,0.007252022944469503,0.0021956713262896803,0.0021908087174360943,0.0018559858371431145,21.557418051479782,16.814618888219737,23.45040234428689,23.616981333044862,-0.37565744864186607,-0.3756574486418671,-0.16657898875797272,-0.16657898875797272,-6.635783456067152,-6.802362444825125,-22.000775565673468,0.016291892042474877,0.00965853401130556,0.015849149618759033,0.016209706031091536,-0.000695116905526258,-0.0006951169055262572,-0.00036055641233250293,-0.00036055641233250293,-0.006190615607453473,-0.006551172019785976,-40.71570087670218,0.19195569076621607,0.137847245399273,0.21109334184465892,0.2124779128890082,-0.0008015439339518429,-0.0008015439339519037,-0.0013845710443492754,-0.0013845710443492754,-0.0732460964453859,-0.07463066748973518,-28.18798710835932,0.010520718431544819,0.009630080473455479,0.009230281183750537,0.009286495347775986,-6.309329579026579e-05,-6.309329579026746e-05,-5.621416402544835e-05,-5.621416402544835e-05,0.0003997992897049416,0.00034358512567949327,-8.465562156087115,-0.0605665255666068
4,9,deceleration,11840,12034,19.400000000000002,30.51305498477923,12.1304169462693,True,True,0.4650656005943158,True,0.6333033736393323,0.2560506052907214,5.968997009475897,0.0,0.0029543072116664823,0.002222048578293466,0.0022203022629712697,0.0022836197904253772,28.740788566695795,27.87087612282784,39.174504728539475,39.84082068357133,-1.5641521728584888,-1.5641521728584848,-0.6663159550318554,-0.6663159550318554,-11.303628605711634,-11.969944560743489,-3.026752177829905,0.014541412279461466,0.015589802763647855,0.02590284365529401,0.027345069304623982,-0.002884425994268544,-0.0028844259942685385,-0.0014422256493299736,-0.0014422256493299736,-0.010313040891646153,-0.011755266540976127,7.209688192852855,0.22984706164895508,0.22624198291716854,0.35290271669623385,0.3584410008736312,-0.0033102272119621703,-0.0033102272119621134,-0.0055382841773973235,-0.0055382841773973235,-0.1266607337790653,-0.13219901795646263,-1.5684684876644457,0.01426532996108951,0.016091907069467313,0.015441057234929004,0.015665913891030794,-0.0002694594304406219,-0.0002694594304406203,-0.00022485665610178993,-0.00022485665610178993,0.0006508498345383085,0.00042599317843651854,12.804310263835625,-2.7888155966392247
4,9,acceleration,13909,14034,12.5,11.882627155678058,30.585257139169805,True,True,0.5793163963251436,True,1.3357008849111789,0.5644988220013852,5.961738469724694,0.0,0.009108036065709525,-0.0035231573776818605,-0.0035165405037821075,-0.0036856372495975946,45.046431233287116,45.707014738187944,25.222149990934515,25.670631883744413,-1.0453333629921602,-1.0453333629921602,-0.44848189280989814,-0.44848189280989814,20.48486474725343,20.03638285444353,1.4664502532504478,0.05706902523121461,0.05911850346859621,0.016648516883535427,0.017619245685969058,-0.0019274688940827183,-0.0019274688940827157,-0.0009707288024336305,-0.0009707288024336305,0.042469986585060786,0.041499257782627155,3.5912269906103345,0.4356256112183856,0.44616795952059585,0.22722656186697807,0.23095425314022625,-0.0022116622734391182,-0.002211662273439108,-0.0037276912732481793,-0.0037276912732481793,0.21894139765361778,0.2152137063803696,2.4200478646617496,0.01663269785082921,0.01667808142462601,0.009942670856142843,0.010094016682365202,-0.00018022661312979782,-0.00018022661312979728,-0.00015134582622235854,-0.00015134582622235854,0.006735410568483166,0.006584064742260807,0.2728575616765337,25.721741261734472
4,10,deceleration,3714,3805,9.1,29.379564443681133,18.001076719476774,True,True,0.7531416467805823,True,1.7879524785717016,0.9151517037468294,6.92171786805557,0.07692307692307693,0.012365118961619329,0.0026390171928876473,0.0026297432195682316,0.0019028493064209273,16.985490312576946,13.063026198888085,18.521641022607966,18.68822001136593,-0.2657623651983,-0.26576236519830587,-0.16657898875796562,-0.16657898875796562,-5.458614823719881,-5.625193812477846,-23.09302847021415,0.012215603804059711,0.007482666511406767,0.012466254447052983,0.012826810859385473,-0.0004916311396234106,-0.0004916311396234076,-0.0003605564123324908,-0.0003605564123324908,-0.004983587935646215,-0.005344144347978706,-38.74501308793273,0.14968394233250804,0.10674339536386732,0.16675012524173538,0.1681346962860847,-0.0005666857106739398,-0.0005666857106739198,-0.0013845710443493309,-0.0013845710443493309,-0.060006729877868065,-0.061391300922217396,-28.687477293491213,0.007968950796731223,0.007713554655149162,0.007292229980736419,0.0073484441447618665,-4.4728737064209385e-05,-4.47287370642091e-05,-5.621416402544748e-05,-5.621416402544748e-05,0.00042132467441274336,0.0003651105103872959,-3.204890431583812,5.719596935194559
4,10,acceleration,5960,6123,16.3,18.029901720795653,29.845575064083608,True,True,0.4452131322251105,True,0.8387346188040166,0.3387860236476586,4.496598981285054,0.0,0.00294484472948371,-0.001514111156382095,-0.0015124301249728185,-0.001431604550760787,48.83451444869433,47.76643300872513,33.20541484071678,33.474503976402715,-0.5102232566149587,-0.5102232566149638,-0.2690891356859382,-0.2690891356859382,14.561018168008353,14.291929032322415,-2.187144588263138,0.052542327711525096,0.049684763343227765,0.022393059093043476,0.022975496374503655,-0.0009441862632764438,-0.0009441862632764489,-0.0005824372814601797,-0.0005824372814601797,0.02729170425018429,0.02670926696872411,-5.438594924812452,0.4622261401081969,0.4581697092924451,0.29892773133090617,0.3011643460948551,-0.0010888573988293905,-0.0010888573988294126,-0.0022366147639489298,-0.0022366147639489298,0.15924197796153894,0.15700536319759,-0.8775857667422874,0.018297562837274704,0.018107030399488366,0.013071790258070808,0.013162597753804224,-8.564728983022745e-05,-8.564728983022872e-05,-9.080749573341616e-05,-9.080749573341616e-05,0.005035240141417558,0.004944432645684142,-1.0412995407136807,20.17119911303066
4,10,deceleration,11894,12001,10.700000000000001,29.13752218427146,12.420549964019024,True,True,0.4407726825186169,True,1.0530779975954265,0.6582976642558427,3.9804236307590135,0.0,0.012059434511455677,0.0037593992492849187,0.003749799517374377,0.0039775545799023496,13.892175285619395,14.440879130176011,21.499951462943315,21.97406089248522,-0.7223684618377226,-0.7223684618377213,-0.4741094295419046,-0.4741094295419046,-7.059072332767304,-7.5331817623092086,3.94973309273323,0.005899457979268501,0.007854817721799422,0.014055875287473958,0.015082074307189516,-0.0013312097179416615,-0.0013312097179416608,-0.0010261990197155575,-0.0010261990197155575,-0.006201057565674536,-0.007227256585390094,33.14473548929956,0.10400492091348308,0.11525040957717646,0.19375613848488557,0.1976968406880337,-0.0015262820175845297,-0.001526282017584507,-0.003940702203148128,-0.003940702203148128,-0.07850572890770911,-0.08244643111085724,10.81245826151628,0.007868913427947079,0.009105894389288974,0.008480484120955265,0.008640478280104613,-0.0001250570599996833,-0.0001250570599996819,-0.00015999415914934832,-0.00015999415914934832,0.0006254102683337093,0.00046541610918436095,15.719844584242825,-2.5187527235224962
4,10,acceleration,13934,14069,13.5,12.511635485345968,30.926512613541423,True,True,0.5712035037289779,True,1.8213301264488215,0.7607724801580397,4.277663119149761,0.007407407407407408,0.00738396453661125,-0.003140246608473346,-0.003135181905126209,-0.0031264129582701528,47.29516390560588,47.18981954853445,27.301428078366058,27.724282434443968,-1.0822753582787348,-1.0822753582787321,-0.42285435607790944,-0.42285435607790944,19.888391470168393,19.465537114090484,-0.22273811606125826,0.06197770046186674,0.05777210444810832,0.01811352675569487,0.019028785340846583,-0.0019968112867243004,-0.001996811286724298,-0.0009152585851517139,-0.0009152585851517139,0.039658577692413446,0.03874331910726174,-6.785659975148669,0.49847575474919786,0.4482186670394132,0.2459159130480961,0.24943059339144436,-0.0022931983968393316,-0.0022931983968393355,-0.0035146803433482587,-0.0035146803433482587,0.2023027539913171,0.19878807364796885,-10.082152889275608,0.018650181109681963,0.017098937825654685,0.010758840523659054,0.010901538016954418,-0.00018575816171175372,-0.0001857581617117493,-0.00014269749329536355,-0.00014269749329536355,0.006340097301995631,0.0061973998087002675,-8.317577587608378,39.06866406423285
4,10,deceleration,16400,16445,4.5,30.22670727339346,13.068443184089768,True,True,0.4134759230702591,False,0.7555165878598683,0.5048146705346235,1.727984857602118,0.35555555555555557,0.11101327393739557,0.008806869903697997,0.008684305159808147,0.00997323535832679,4.857586365637636,4.914308561021165,9.100476026122022,9.241427478147989,-0.3137236081254984,-0.31372360812549616,-0.14095145202596626,-0.14095145202596626,-4.186167465100858,-4.327118917126824,1.1677032812999286,0.0019431372911811297,0.002137931588765703,0.006037842251898291,0.006342928446948861,-0.0005787710267791279,-0.0005787710267791263,-0.00030508619505056987,-0.00030508619505056987,-0.0038999106631325883,-0.004204996858183158,10.024731575511481,0.03448237360324036,0.03568016267293636,0.08197197101603203,0.08314353113048145,-0.0006645932276528364,-0.0006645932276528183,-0.0011715601144494242,-0.0011715601144494242,-0.04629180834309567,-0.04746336845754509,3.4736270869225945,0.0037785840933873146,0.0039107171740889604,0.0035862801745530177,0.003633846005651473,-5.388261145925853e-05,-5.388261145925898e-05,-4.7565831098455094e-05,-4.7565831098455094e-05,0.0003244369995359427,0.00027687116843748763,3.496894006749366,
4,11,acceleration,1335,1462,12.700000000000001,18.856202513509125,29.392484455018916,True,True,0.5030267405436305,True,0.30346625693244333,0.15318754820064248,5.510502892353209,0.0,0.0049294448670158504,-0.0017194840967853743,-0.0017163545310028164,-0.001729909031417227,39.0925010126324,38.48461164686355,25.889155468394375,26.081361993884325,-0.31466038867032925,-0.31466038867032964,-0.19220652548995076,-0.19220652548995076,12.595456178469174,12.403249652979223,-1.5550024941418155,0.041785635438304,0.0414750791544615,0.017485126987330152,0.017901153616944564,-0.0005824450650727429,-0.0005824450650727432,-0.0004160266296144126,-0.0004160266296144126,0.023989952167131345,0.023573925537516933,-0.7432130218554037,0.37300915580095245,0.37345271853455836,0.23305193921622072,0.23464952119046992,-0.0006719369948051091,-0.0006719369948050835,-0.001597581974249196,-0.001597581974249196,0.14040077931833764,0.13880319734408844,0.11891470402474612,0.014768824808143503,0.014576792606833628,0.010190658452330605,0.010255520949283045,-5.271383448065431e-05,-5.271383448065582e-05,-6.486249695243987e-05,-6.486249695243987e-05,0.004386134154503023,0.004321271657550583,-1.3002537697108356,19.202633755902596
4,11,acceleration,5984,6147,16.3,16.519175489804212,30.779070512612545,True,True,0.5056671841106922,True,0.5598444264159462,0.2270077483699742,5.448865521371955,0.0,0.003554023158972574,-0.0018496250059751628,-0.0018475714726415595,-0.0018050589016534101,50.54953098747569,49.380052041563275,33.20541484071678,33.474503976402715,-0.7484093277334464,-0.748409327733448,-0.2690891356859382,-0.2690891356859382,16.174637200846497,15.90554806516056,-2.313530755017629,0.05418046178395029,0.053331737589486214,0.022393059093043476,0.022975496374503655,-0.0013843950455057691,-0.0013843950455057728,-0.0005824372814601797,-0.0005824372814601797,0.03093867849644274,0.03035624121498256,-1.5664764871300778,0.47855366230713364,0.48095372618539006,0.29892773133090617,0.3011643460948551,-0.0015956149448316758,-0.0015956149448316803,-0.0022366147639489298,-0.0022366147639489298,0.1820259948544839,0.17978938009053497,0.5015245033724284,0.018957493071968833,0.018731104933869196,0.013071790258070808,0.013162597753804224,-0.0001260144971279719,-0.00012601449712797141,-9.080749573341616e-05,-9.080749573341616e-05,0.005659314675798388,0.005568507180064972,-1.1941881621171828,10.429667370027893
4,11,deceleration,11914,11956,4.2,29.15775178774805,16.55353575264268,True,True,0.5161829785920096,True,0.383243155364314,0.45886311375439154,4.38725532437216,0.0,0.09710251181685123,0.006565126425788231,0.006460724733355827,0.0061505092443033356,4.350500812978913,4.746579254757658,8.522822166010146,8.625332312938124,-0.15357193417124712,-0.15357193417124648,-0.10251014692797789,-0.10251014692797789,-3.7762429112524876,-3.8787530581804655,9.104203373485614,0.0017272514906638279,0.002150853667664592,0.005698185681357917,0.005920066550485604,-0.00028376538927970293,-0.00028376538927970315,-0.00022188086912768717,-0.00022188086912768717,-0.003547332013693325,-0.003769212882821012,24.52463809065596,0.03054177475391157,0.03506271739290245,0.07674858533551644,0.07760062905511603,-0.00032656447275088043,-0.0003265644727508954,-0.000852043719599585,-0.000852043719599585,-0.041685867942613995,-0.04253791166221358,14.802488314507224,0.0036360788710457915,0.0036336708526346975,0.0033569962735667406,0.003391589605274708,-2.6069324958345274e-05,-2.6069324958345047e-05,-3.459333170796738e-05,-3.459333170796738e-05,0.00027667457906795697,0.0002420812473599896,-0.06622569246968595,-0.5663696787134782
4,12,deceleration,3699,3841,14.200000000000001,28.661563835620587,12.658860746213474,True,True,0.7604871863034801,False,2.635007693579318,0.94322100121732,6.324365665155889,0.07042253521126761,0.005648042995924537,0.0027273459389492026,0.002723366127203468,0.0022331896103444343,26.55471510130859,19.746314947416003,28.469894328169804,29.161837819933655,-0.880861886224247,-0.8808618862242525,-0.6663159550318518,-0.6919434917638512,-8.723579380753801,-9.415522872517652,-25.639138389991903,0.01928630466600187,0.010812426235508018,0.01851776723264896,0.020015463099260854,-0.0016230517700530458,-0.001623051770053046,-0.00144222564932997,-0.0014976958666118936,-0.0077053409971409425,-0.009203036863752836,-43.937283877049325,0.2321546697234345,0.1585993673848822,0.25661273645999977,0.26236403156729704,-0.001860510458221184,-0.0018605104582211651,-0.005538284177397379,-0.005751295107297272,-0.09801336907511757,-0.10376466418241484,-31.683748781008198,0.012378778357729953,0.011874598707519135,0.01123329796213809,0.01146680295116687,-0.00015265686264605304,-0.00015265686264605456,-0.00022485665610179166,-0.00023350498902878145,0.000641300745381046,0.00040779575635226453,-4.072935435474389,
4,12,acceleration,5999,6180,18.1,17.001420676768163,30.917571896631863,True,True,0.4843414817149205,False,0.7158438113508986,0.29426801055415075,3.3041926825067103,0.0,0.0026635232330161802,-0.0016044747445732913,-0.0016030276286442408,-0.001587668814825959,53.89845587428782,53.752688752068984,36.92761336870797,37.171074967661916,-0.7854901454144634,-0.7854901454144709,-0.24346159895394237,-0.24346159895394237,16.82507538336101,16.581613784407068,-0.2704476776826797,0.05608569451843023,0.05686762341085988,0.024985700689104943,0.025512667753283202,-0.001453622305995883,-0.001453622305995883,-0.0005269670641782596,-0.0005269670641782596,0.03188192272175494,0.03135495565757668,1.394168154898579,0.5034375442144895,0.520415915327261,0.33239815471299866,0.3344217585470477,-0.0016764226683683133,-0.0016764226683683714,-0.002023603834049037,-0.002023603834049037,0.18801776061426229,0.18599415678021325,3.3724880688552337,0.020052755372977217,0.02040000170128073,0.014533976993258382,0.014616136156064814,-0.0001318235724317589,-0.00013182357243175964,-8.215916280643158e-05,-8.215916280643158e-05,0.0058660247080223465,0.005783865545215915,1.7316639127381745,
4,12,deceleration,11933,12040,10.700000000000001,29.370000121161844,12.915863446390826,True,True,0.3264771466818787,False,1.7430268866597485,0.6917601174509854,5.355491605171698,0.0,0.011869827924434249,0.0036366048909754665,0.0036273187179189344,0.004221497593921111,14.718352370378701,14.440879130176011,21.551206536407307,21.97406089248522,-0.6940352685243695,-0.6940352685243667,-0.422854356077913,-0.422854356077913,-7.1103274062312956,-7.5331817623092086,-1.885219440466154,0.006952274739142863,0.007854817721799422,0.014166815722037802,0.015082074307189516,-0.0012795719769774852,-0.0012795719769774835,-0.0009152585851517139,-0.0009152585851517139,-0.00631199800023838,-0.007227256585390094,12.981980956175978,0.11586563820632705,0.11525040957717646,0.19418216034468538,0.1976968406880337,-0.0014680031416387733,-0.0014680031416387518,-0.0035146803433483143,-0.0035146803433483143,-0.07893175076750893,-0.08244643111085724,-0.530984542677807,0.008211765350884075,0.009105894389288974,0.008497780786809246,0.008640478280104613,-0.00011975851573562904,-0.00011975851573562714,-0.00014269749329536702,-0.00014269749329536702,0.000608113602479728,0.00046541610918436095,10.888390013587491,
4,13,deceleration,3723,3863,14.0,30.233055050365483,12.420661684893728,True,True,0.6287978464195839,False,1.6584654153037492,0.5787226857095509,4.96786063588538,0.0,0.0065159008364851535,0.0029828908456356715,0.0029784141376014003,0.0026342297038860476,22.772233570793787,19.038026266698356,28.264184511885848,28.751107709793743,-1.0596999612524307,-1.0596999612524272,-0.4869231979078954,-0.4869231979078954,-9.226158245187492,-9.713081443095387,-16.39807220704379,0.014805004539306341,0.010323085613840844,0.01867962103992883,0.019733555168285344,-0.0019541869713253605,-0.0019541869713253605,-0.0010539341283565123,-0.0010539341283565123,-0.008356535426087988,-0.0094104695544445,-30.272999333207153,0.19349229199367793,0.151962322793091,0.25462155584895535,0.2586687635170534,-0.0022426857955726094,-0.00224268579557263,-0.004047207668098074,-0.004047207668098074,-0.10265923305586436,-0.10670644072396243,-21.46337136879017,0.01198708263228961,0.011824341784147081,0.011140980358636181,0.011305298684249026,-0.00018254790208614775,-0.00018254790208614702,-0.00016431832561284408,-0.00016431832561284408,0.0006833614255108995,0.0005190430998980554,-1.357635157232946,
4,13,acceleration,6024,6219,19.5,16.943348166095163,30.916673051412623,True,True,0.3747197116975863,False,1.0784428322142041,0.2864035376261369,2.161612485301533,0.0,0.0022167846238896716,-0.0014972428869033788,-0.001496078151260827,-0.001414982164102371,58.16683575216936,57.03828584157956,39.777096602955346,40.046185738641285,-0.853831396399205,-0.8538313963992152,-0.2690891356859382,-0.2690891356859382,17.261189238624212,16.992100102938274,-1.940194779372564,0.061937643397249234,0.05936518032677247,0.026903585988651557,0.027486023270111733,-0.0015800280169107716,-0.0015800280169107686,-0.0005824372814601762,-0.0005824372814601762,0.03246159433812091,0.03187915705666074,-4.153311184246663,0.5615560758503944,0.5493115525682046,0.35805202013480414,0.360288634898753,-0.0018220970656140914,-0.0018220970656142033,-0.0022366147639488743,-0.0022366147639488743,0.1912595324334005,0.18902291766945162,-2.1804631467386737,0.021981489807832787,0.021653573445585925,0.0156558585287563,0.015746666024489715,-0.00014333800290634957,-0.00014333800290634857,-9.080749573341443e-05,-9.080749573341443e-05,0.005997714916829624,0.005906907421096209,-1.4917840652002292,
4,13,deceleration,11911,12052,14.100000000000001,29.59052900268013,12.336917748501556,True,True,0.4532220530533186,False,0.751629147320861,0.47136909815938394,4.614050606846389,0.0,0.006199129072051534,0.0029185186970688954,0.0029141998987310177,0.0030222766170260457,21.60167743773212,19.398127725837725,28.379853188393827,28.956472764863705,-1.0097395129778475,-1.009739512977852,-0.5766195764698772,-0.5766195764698772,-8.981725462556103,-9.55834503902598,-10.200826848962238,0.012734636247419438,0.010603286104392904,0.018626429244929854,0.019874509133773102,-0.0018612121065697776,-0.0018612121065697887,-0.0012480798888432482,-0.0012480798888432482,-0.00802314314053695,-0.009271223029380198,-16.736639363832897,0.1790223921631844,0.15547276422440484,0.25572365161942745,0.26051639754217526,-0.002134630451021974,-0.0021346304510219682,-0.00479274592274781,-0.00479274592274781,-0.10025088739502261,-0.10504363331777042,-13.154571142873213,0.011630025718556177,0.011874521808316534,0.011191463326850632,0.01138605081770795,-0.00017451763696550327,-0.00017451763696550542,-0.00019458749085731787,-0.00019458749085731787,0.0006830584814659021,0.0004884709906085843,2.1022833111216084,
4,14,deceleration,3771,3882,11.100000000000001,30.0452151889645,12.132289794387129,True,True,0.5041830908465353,False,0.6411753989663691,0.5851228135908114,4.098621338221077,0.0,0.011777139477609604,0.0038261558221890936,0.0038170685393068846,0.003888416175933218,17.09082096782448,14.749771836780768,22.372666756687128,22.79552111276504,-0.8543646891297407,-0.8543646891297456,-0.422854356077913,-0.422854356077913,-7.62289491990636,-8.045749275984273,-13.697698521627593,0.010368482125615116,0.007899607450589955,0.014730631583988804,0.015645890169140527,-0.0015750602293158758,-0.0015750602293158784,-0.0009152585851517226,-0.0009152585851517226,-0.006831024133398849,-0.007746282718550572,-23.811341381645992,0.14172483985783443,0.11692713645515505,0.2015726964451726,0.20508737678852096,-0.0018068345183311673,-0.001806834518331163,-0.0035146803433483698,-0.0035146803433483698,-0.08464555999001754,-0.0881602403333659,-17.497076325896153,0.009243091415176732,0.009445971621901712,0.008820789320644937,0.0089634868139403,-0.00014749661694924237,-0.00014749661694924213,-0.00014269749329536355,-0.00014269749329536355,0.0006251823012567749,0.00048248480796141135,2.194938875015992,
4,14,acceleration,6063,6150,8.700000000000001,18.674266084692107,30.497762936142557,True,True,0.4532578833481304,False,0.6279567532476199,0.42486419842957207,6.285893286690507,0.0,0.014397103185884247,-0.0027638123820917172,-0.002753201313936637,-0.0027404082426617923,33.50043498651471,33.84267396899353,17.802690949256135,17.866759791086114,-0.2683530334962348,-0.26835303349623274,-0.06406884182997885,-0.06406884182997885,16.039983019737395,15.975914177907416,1.021595637837489,0.04355143277492904,0.04506800650705134,0.01212431945422966,0.012262994997434466,-0.0004970608494039963,-0.0004970608494039939,-0.00013867554320480535,-0.00013867554320480535,0.03294368705282168,0.03280501150961687,3.482259102610595,0.31807302518049424,0.3358844940574027,0.16021163286084777,0.16074416018559748,-0.0005739649678901166,-0.000573964967890056,-0.0005325273247497042,-0.0005325273247497042,0.17567286119655495,0.17514033387180525,5.599804908574426,0.011847463352309922,0.01224613841973906,0.007003814778608702,0.007025435610926181,-4.4729287841423966e-05,-4.472928784142287e-05,-2.16208323174788e-05,-2.16208323174788e-05,0.005242323641130357,0.0052207028088128785,3.365066897222414,
4,14,deceleration,11948,12088,14.0,28.774056600007977,11.819842055381027,True,True,0.3943759961847619,False,1.4164563254136897,0.6256327871676952,3.851170471551372,0.0,0.0062019728885749515,0.002983244686342608,0.002978767447265886,0.003269948224130613,21.969474858680353,19.251989485641122,28.059164218029892,28.751107709793743,-0.982839841938235,-0.9828398419382438,-0.6919434917638512,-0.6919434917638512,-8.80717473238877,-9.499118224152621,-12.369368819780991,0.012909148452346078,0.010487767927083468,0.01823585930167345,0.019733555168285344,-0.0018101571913592828,-0.0018101571913592823,-0.0014976958666118936,-0.0014976958666118936,-0.007748091374589983,-0.009245787241201876,-18.757089471866397,0.1795643580361371,0.1541413452791439,0.2529174684097561,0.2586687635170534,-0.002073709644001196,-0.0020737096440012204,-0.005751295107297327,-0.005751295107297327,-0.09877612313061221,-0.10452741823790954,-14.158162028946114,0.011520975382592542,0.011759681951735195,0.011071793695220246,0.011305298684249026,-0.0001708742240572455,-0.00017087422405724813,-0.0002335049890287797,-0.0002335049890287797,0.0006878882565149493,0.00045438326748616954,2.071930207431252,
4,15,deceleration,3747,3894,14.700000000000001,31.115980044958015,10.863888171925096,True,True,0.5861125780354819,False,1.1713162675380413,0.4492558416615874,4.488501345054348,0.0,0.00655013180421681,0.00328179525857114,0.003277323637692296,0.0030190396638465618,23.367767686761685,19.551830584694233,29.688926129009534,30.188663095283435,-1.4495295106186266,-1.4495295106186212,-0.4997369662739004,-0.4997369662739004,-10.1370955443153,-10.636832510589201,-16.329917145783924,0.014790396378627425,0.010400002961644172,0.019638563689702137,0.020720232926699615,-0.0026719459489855492,-0.0026719459489855484,-0.0010816692369974776,-0.0010816692369974776,-0.009238560728057964,-0.010320229965055442,-29.684082188138685,0.19615407879430885,0.15460953939168728,0.2674484885598581,0.2716022016929061,-0.003064603162663799,-0.0030646031626637704,-0.00415371313304802,-0.00415371313304802,-0.1128389491681708,-0.11699266230121882,-21.179543988063593,0.012405949834554467,0.012433289716666095,0.011701921126385136,0.011870563618461479,-0.0002504692054700452,-0.0002504692054700469,-0.0001686424920763433,-0.0001686424920763433,0.0007313685902809591,0.0005627260982046158,0.22037717769483367,
4,15,acceleration,5864,6172,30.8,11.604574211417168,29.45373593239952,True,True,0.5087708805692099,False,1.9805878037812492,0.5133047723270673,4.84059300412483,0.0,0.0008967103353492847,-0.0014114517515803682,-0.0014110093433999777,-0.0014172838328603686,79.10602372085923,76.28276260968713,61.86854997801853,63.25243696154624,-2.3840165785727714,-2.384016578572769,-1.3838869835277094,-1.3838869835277094,14.414212631668597,13.030325648140888,-3.5689584413122817,0.07491094034831978,0.063153709838294,0.040418429637003976,0.04341382137022776,-0.0043920225132094036,-0.004392022513209387,-0.0029953917332237873,-0.0029953917332237873,0.02273528020129003,0.019739888468066243,-15.694944497235225,0.7077491800751218,0.6767141828804445,0.557568689522923,0.5690712797375176,-0.005033465767513391,-0.00503346576751329,-0.011502590214594544,-0.011502590214594544,0.11914549335752145,0.1076429031429269,-4.3850276437456515,0.030382738255351725,0.028878825952298827,0.024404647127290298,0.024871657105347857,-0.0004136382609605476,-0.00041363826096054573,-0.0004670099780575594,-0.0004670099780575594,0.004474178825008529,0.00400716884695097,-4.949890593840711,
4,15,deceleration,11970,12052,8.200000000000001,28.68631204065695,12.583167822310449,True,True,0.4433438531139756,False,0.5880984146807484,0.36434316631418495,4.14183465990441,0.0,0.02277849679472424,0.004758475468866213,0.004737951028125504,0.0049127930495412335,10.58318121397972,10.21413550225301,16.45552146475642,16.839934515736335,-0.5153698960785069,-0.5153698960785107,-0.38441305097991574,-0.38441305097991574,-6.24138596250341,-6.625799013483325,-3.487096216771049,0.005274934346475157,0.0051351943947896845,0.010726171910766873,0.011558225169995703,-0.0009495768236602478,-0.0009495768236602448,-0.0008320532592288304,-0.0008320532592288304,-0.0055909775159771885,-0.006423030775206019,-2.649131581682153,0.08211589790904361,0.07864478115501349,0.14831082611148996,0.15150599005998844,-0.001088456105749388,-0.0010884561057493691,-0.003195163948498475,-0.003195163948498475,-0.06966604495647648,-0.07286120890497495,-4.2270946825363085,0.006758542322770082,0.006995364230730623,0.006491949949726694,0.006621674943631572,-8.933581173326818e-05,-8.933581173326769e-05,-0.000129724993904878,-0.000129724993904878,0.0005034142810039291,0.0003736892870990511,3.5040382474586176,
4,16,deceleration,11828,12070,24.200000000000003,29.466179606553307,12.727034855248682,True,True,0.6611555717321373,False,2.548207468788736,0.6843899829976,6.206350141252171,0.0,0.001542034108044529,0.0016393635923641157,0.001638533275913631,0.0014577777134070033,48.50683503170734,38.68887235654741,48.72449693111338,49.69834332692919,-1.626263702356733,-1.626263702356738,-0.9738463958158121,-0.9738463958158121,-10.035624574565972,-11.009470970381784,-20.24036956594313,0.0390111970399108,0.021806051039556896,0.03200299139132307,0.034110859648036104,-0.002998120527059184,-0.002998120527059181,-0.0021078682567130316,-0.0021078682567130316,-0.010196940351766177,-0.012304808608479208,-44.10309681795205,0.429579382009762,0.3191610874577867,0.43903301874328204,0.44712743407947814,-0.003439348998636322,-0.003439348998636238,-0.008094415336196092,-0.008094415336196092,-0.11987193128549534,-0.12796634662169143,-25.703816145781893,0.022434191096273766,0.018255650467310484,0.019213379645833337,0.019542016297059032,-0.0002807364253597237,-0.0002807364253597268,-0.0003286366512256951,-0.0003286366512256951,-0.0009577291785228537,-0.0012863658297485488,-18.625769081807107,
4,18,deceleration,3833,3907,7.4,30.170751365474008,12.286933829157372,True,True,0.4807098887264662,False,0.37733081407706237,0.2945076211929533,4.400646402065191,0.0,0.03280946722570034,0.005692095761753532,0.005662061174302707,0.005822825193268636,8.145220498316368,8.743707390642266,14.940738707856749,15.197014075176694,-0.5659037218602756,-0.5659037218602769,-0.2562753673199456,-0.2562753673199456,-6.197031317214483,-6.453306684534429,7.347706454964679,0.003536114157403964,0.004134819167017585,0.009875891273274462,0.010430593446093683,-0.0010434516835037262,-0.0010434516835037284,-0.0005547021728192214,-0.0005547021728192214,-0.005741072106256876,-0.006295774279076098,16.93115614947115,0.059206823472587586,0.0657667550869475,0.13459480856001493,0.13672491785901397,-0.0011972914834059815,-0.0011972914834059989,-0.002130109298999039,-0.002130109298999039,-0.06882805347306743,-0.07095816277206647,11.079688504817566,0.006383209300859285,0.0063329654045112815,0.00588917454669028,0.0059756578759602,-9.757238526299885e-05,-9.757238526299922e-05,-8.648332926991954e-05,-8.648332926991954e-05,0.0004437908578210012,0.00035730752855108166,-0.7871259421376037,
4,18,deceleration,12005,12087,8.200000000000001,28.90312467962472,12.608467522210145,True,True,0.4091950950353437,False,1.207252208390917,0.7794333088914832,4.5629968131389536,0.0,0.023049398974420026,0.004786984084392657,0.004766336679186976,0.005122091272590419,10.223306799389016,10.125565310762694,16.481149001488415,16.839934515736335,-0.5262519735655021,-0.5262519735654987,-0.35878551424791993,-0.35878551424791993,-6.355583690725721,-6.714369204973641,-0.9560652980908682,0.00449897433836269,0.005034637647720624,0.010781642128048795,0.011558225169995703,-0.0009697707104089875,-0.0009697707104089851,-0.0007765830419469086,-0.0007765830419469086,-0.0057470044803281705,-0.006523587522275079,11.906342847754017,0.07733400644705625,0.0776098897522026,0.14852383704138983,0.15150599005998844,-0.0011118341651356934,-0.0011118341651356611,-0.00298215301859861,-0.00298215301859861,-0.07091394728918723,-0.07389610030778584,0.3567425480990904,0.006506151110145807,0.006990142796441658,0.006500598282653686,0.006621674943631572,-9.11240883656889e-05,-9.112408836568862e-05,-0.00012107666097788648,-0.00012107666097788648,0.000489544513787972,0.0003684678528100855,7.438986247047125,
4,20,deceleration,3894,3957,6.300000000000001,30.48696409795775,11.193057478941972,True,True,0.2374321974287287,False,2.7577821245317025,1.5711751220864996,6.6379525413035125,0.23809523809523808,0.0532197168146644,0.007347704593940391,0.007294570639714985,0.010181674998094747,7.565358805884628,7.182565395862714,12.720164407185237,12.937998469407187,-0.5657668274594169,-0.5657668274594165,-0.21783406222195012,-0.21783406222195012,-5.5375990113225235,-5.755433073544474,-5.059818309267276,0.002985969705681581,0.0032583432845836708,0.00840860297883207,0.008880099825728406,-0.0010426960225532686,-0.0010426960225532692,-0.0004714968468963361,-0.0004714968468963361,-0.005150259694248399,-0.005621756541144735,9.121779714771666,0.05483114571708174,0.05316614163097466,0.11459035067852491,0.11640094358267405,-0.001195615788981272,-0.001195615788981308,-0.0018105929041491442,-0.0018105929041491442,-0.06142420904755025,-0.0632348019516994,-3.036602763506313,0.004753038392530225,0.00541556564560162,0.005013873578032632,0.005087384407912062,-9.789267291310662e-05,-9.789267291310851e-05,-7.351082987943052e-05,-7.351082987943052e-05,0.0004016920675689881,0.0003281812376895576,13.939025910512502,
4,20,acceleration,6204,6279,7.5,17.4068354181957,28.40662746380317,True,True,0.4958349421212585,True,0.2751278857366102,0.20002353420241423,6.531972647421809,0.0,0.01950538840531433,-0.00320132739843721,-0.003184874515807642,-0.0030787670512069307,27.925445689724647,27.28840473741031,15.133289994560709,15.402379130246649,-0.20860787766327843,-0.2086078776632796,-0.26908913568593995,-0.26908913568593995,12.155114742849602,11.886025607163662,-2.2812203586377855,0.03484832881090985,0.034814121521593334,0.009989110130121253,0.010571547411581434,-0.0003854856537633425,-0.00038548565376334346,-0.0005824372814601814,-0.0005824372814601814,0.02482501139147208,0.0242425741100119,-0.09816048712731212,0.26551984258367195,0.2617179622819762,0.13633593712018682,0.13857255188413575,-0.0004436693744506101,-0.0004436693744505893,-0.0022366147639489298,-0.0022366147639489298,0.12538202516178937,0.12314541039784044,-1.4318629691480371,0.01004143596161875,0.00992269486878406,0.005965602513685708,0.006056410009419121,-3.539368882091556e-05,-3.539368882091512e-05,-9.08074957334127e-05,-9.08074957334127e-05,0.0039570923550983515,0.003866284859364939,-1.1825110799745422,6.581307367386735
4,20,deceleration,7553,7605,5.2,28.223005573244556,17.449230951036455,True,True,0.3687791667241488,False,0.7340691986607982,0.4897476818368813,4.063619567656725,0.0,0.048332006765335,0.004536409628064795,0.004488719324297908,0.005168049883287563,5.882553003988534,6.427293583811557,10.499590106513716,10.678982863637676,-0.13898647715428605,-0.1389864771542868,-0.17939275712395997,-0.17939275712395997,-4.0722965227021595,-4.251689279826119,9.260274908762815,0.002310688764111569,0.0032134816139962534,0.006941314684389675,0.007329606205363129,-0.0002568080838381852,-0.0002568080838381854,-0.0003882915209734543,-0.0003882915209734543,-0.0037278330703934214,-0.004116124591366876,39.070292109712,0.04200658446928439,0.049436586112047015,0.09458589279703486,0.09607696930633414,-0.00029553048174327246,-0.0002955304817432447,-0.0014910765092992773,-0.0014910765092992773,-0.045149306684987844,-0.04664038319428712,17.68770714552028,0.00414469777050682,0.004451895057829912,0.004138572609374981,0.004199110939863924,-2.3598014375932143e-05,-2.3598014375931543e-05,-6.053833048894324e-05,-6.053833048894324e-05,0.00031332244845493074,0.0002527841179659875,7.4118139447723195,
4,20,acceleration,7631,7731,10.0,17.449230951036455,29.669896019894555,True,True,0.453563528668283,False,0.6921219381486413,0.3942227788441521,3.4775024451197663,0.0,0.010461027733452326,-0.002593567804513248,-0.002585999302101713,-0.0025121693427366107,35.430661644988,35.36751781217573,20.33148521313958,20.536505506995532,-0.3379518148287174,-0.33795181482871683,-0.20502029385595222,-0.20502029385595222,15.036032599036147,14.831012305180195,-0.17821804584110817,0.04272448046318205,0.043513615873804465,0.013651634810519874,0.014095396548775247,-0.0006250594448666306,-0.0006250594448666286,-0.0004437617382553726,-0.0004437617382553726,0.02986198106328459,0.029418219325029218,1.8470333683810485,0.3330139161629854,0.3370888098691478,0.18305931507298184,0.184763402512181,-0.0007203008101582895,-0.0007203008101582808,-0.00170408743919917,-0.00170408743919917,0.15402949479616596,0.15232540735696679,1.2236406673671916,0.012826693379971594,0.012800513313070756,0.008006026682476226,0.008075213345892162,-5.6956536422200104e-05,-5.695653642220043e-05,-6.918666341593563e-05,-6.918666341593563e-05,0.00479448663059453,0.004725299967178595,-0.20410612560301122,
4,20,deceleration,8209,8269,6.0,29.669896019894555,16.209279049318727,True,True,0.4991342733296748,False,0.25158542357222013,0.37327230056022426,3.540098832179981,0.0,0.042016906111940575,0.004889879031996812,0.0048509822669697035,0.004981440571341632,7.802018133301348,7.222219380001706,12.168138083805356,12.321903304197319,-0.24971246301431413,-0.2497124630143155,-0.1537652203919624,-0.1537652203919624,-4.945918703803651,-5.099683924195613,-7.431394587829627,0.004060663347864068,0.003504174565715436,0.008124416625573616,0.008457237929265149,-0.00046146315418548443,-0.0004614631541854869,-0.0003328213036915325,-0.0003328213036915325,-0.00462024205985818,-0.004953063363549713,-13.704381143572231,0.061318444281606266,0.054859822673626026,0.10957997592790923,0.11085804150730862,-0.0005311474995986226,-0.0005311474995986498,-0.0012780655793993845,-0.0012780655793993845,-0.054720153254283206,-0.05599821883368259,-10.53291824939146,0.005081894341902305,0.0051424923916333146,0.004793238009973346,0.004845128007535297,-4.235373339348664e-05,-4.2353733393487615e-05,-5.1889997561950854e-05,-5.1889997561950854e-05,0.0003492543816599686,0.00029736438409801776,1.1924303351085774,
4,20,deceleration,14920,15238,31.8,28.859010168779943,18.851193355744947,True,True,0.9440682933159732,False,3.8018147662853616,0.7246807504237438,7.8530009628508965,0.02830188679245283,0.00046398902273521865,0.0006596308489311965,0.0006594368375282191,0.0005189656780851201,82.26032061644614,57.523264637708046,64.69102663067794,65.3060875122458,-0.715551319776467,-0.7155513197764591,-0.6150608815678567,-0.6150608815678567,-7.1677619929698935,-7.78282287453775,-30.071674646247928,0.08994273392185066,0.035788972391292126,0.04349207581033917,0.044823361025105285,-0.0013239982392446387,-0.0013239982392446378,-0.0013312852147661161,-0.0013312852147661161,-0.007703103419047043,-0.009034388633813159,-60.20915661470953,0.7890645391642455,0.4945261926716121,0.5824353576711382,0.5875476199887356,-0.0015266173402712685,-0.0015266173402713745,-0.005112262317597427,-0.005112262317597427,-0.08790916499952611,-0.09302142731712354,-37.32753556567121,0.034431162634128,0.024248892189252528,0.025471618449689266,0.025679178439937073,-0.00012021999707691436,-0.00012021999707691883,-0.00020755999024780689,-0.00020755999024780689,-0.0012227262604367385,-0.0014302862506845454,-29.57283363641882,
4,20,acceleration,15264,15451,18.7,18.851193355744947,28.745602308864274,True,True,0.3228810529536287,False,0.932232518716605,0.22812483857945334,4.155052444289334,0.0,0.0017443845886528611,-0.0011116563013399666,-0.0011107165173703066,-0.0010606879461409842,50.31397098016149,47.91049645076992,38.00603847873573,38.40326529808164,-0.41186853097016995,-0.4118685309701817,-0.3972268193459101,-0.3972268193459101,9.904457972034187,9.507231152688277,-4.776952569176561,0.04702310124474079,0.041200569947500675,0.025498603178339928,0.02635839154620971,-0.0007620272179681302,-0.0007620272179681316,-0.0008597883678697835,-0.0008597883678697835,0.015701966769160747,0.014842178401290963,-12.382278376187116,0.4603372191443198,0.42613740249933874,0.3422058932843301,0.3455075626977785,-0.0008785470178170235,-0.0008785470178170884,-0.0033016694134483937,-0.0033016694134483937,0.08393150921500864,0.08062983980156024,-7.4292964424106485,0.018865576230353315,0.018030232972686213,0.014966599796449967,0.015100648956818341,-6.923982308025245e-05,-6.923982308025198e-05,-0.00013404916036837376,-0.00013404916036837376,0.0030636331762362457,0.002929584015867872,-4.427870357456118,
4,21,deceleration,3887,3975,8.8,31.00060081942592,10.793254172357678,True,True,0.4276854788515587,False,1.1983092404388216,0.8806570444234993,5.458067925338515,0.18181818181818182,0.023904167964416686,0.005494323010317403,0.005473697838295708,0.005787469973919034,12.096661562117275,10.514376367502807,17.76459440537213,18.07212484615607,-0.8657531002401297,-0.8657531002401306,-0.307530440783939,-0.307530440783939,-7.250218037869322,-7.557748478653261,-13.080346064815593,0.00602109585562468,0.005019748159277134,0.011738306355539154,0.012403948962922219,-0.0015956761026821571,-0.0015956761026821621,-0.000665642607383065,-0.000665642607383065,-0.00671855819626202,-0.007384200803645085,-16.63065528864027,0.09408400207406072,0.0793661908507016,0.16003566305192055,0.16259179421071931,-0.0018298746906568195,-0.0018298746906568186,-0.002556131158798769,-0.002556131158798769,-0.08066947220121895,-0.08322560336001772,-15.64326654788091,0.006783398925417801,0.007504117729308253,0.007002407749261199,0.007106187744385103,-0.00014972181214886735,-0.00014972181214886835,-0.00010377999512390431,-0.00010377999512390431,0.0005017099800470543,0.00039792998492315,10.624744494826563,
4,21,acceleration,6208,6352,14.4,18.99892085272649,29.533175568182507,True,True,0.4573317953024082,True,0.33717848224929314,0.16224231014613988,4.946871773028729,0.0,0.0035890523104739522,-0.001507343635037946,-0.00150520417401354,-0.0014155787901951194,42.003326151279786,42.58388396251229,29.393175172949608,29.572567930073564,-0.35539786086595887,-0.35539786086595626,-0.17939275712395641,-0.17939275712395641,13.190708789562681,13.011316032438724,1.3821710431730023,0.04463369470107365,0.0447488038317343,0.019909079509262902,0.020297371030236357,-0.0006579851315133694,-0.0006579851315133625,-0.0003882915209734543,-0.0003882915209734543,0.0248397243224714,0.024451432801497947,0.2578973832024759,0.4023671767148019,0.4101790151798656,0.2645682231082414,0.26605929961754066,-0.0007592979846047192,-0.0007592979846047232,-0.0014910765092992495,-0.0014910765092992495,0.1456107920716242,0.14411971556232495,1.9414701091786026,0.015819959470541198,0.016138386845114542,0.011567768887595769,0.011628307218084713,-5.944693824941387e-05,-5.944693824941165e-05,-6.053833048894411e-05,-6.053833048894411e-05,0.004570617957518773,0.004510079627029829,2.0128204194599673,5.192708266426269
4,22,deceleration,3907,3962,5.5,28.05844377173322,12.726597112548692,True,True,0.3796196703651631,True,1.0327441768448298,0.6852192678589875,4.401526826105067,0.14545454545454545,0.059666525704598725,0.0068348797084631175,0.006770456964130927,0.007764433965915607,5.981611478183121,6.387639599672564,11.000361356429611,11.295078028847543,-0.3150761218655828,-0.31507612186558553,-0.2947166724179322,-0.2947166724179322,-4.612721756757047,-4.907438429174979,6.787938718025399,0.0024284354166236905,0.002967650332864488,0.007114560603084285,0.007752468101826386,-0.0005803620248367309,-0.00058036202483673,-0.0006379074987421015,-0.0006379074987421015,-0.004146910270219796,-0.004784817768961898,22.204210684362387,0.04267768773577233,0.047742905069395644,0.09917024568785072,0.10161987138169956,-0.0006649680640393701,-0.0006649680640393729,-0.0024496256938488364,-0.0024496256938488364,-0.05142734061845508,-0.05387696631230392,11.868537407610443,0.004623758439363581,0.004724968311798217,0.004341911511580282,0.004441367340240689,-5.473277459075946e-05,-5.4732774590759634e-05,-9.945582866040682e-05,-9.945582866040682e-05,0.000383056800217935,0.0002836009715575282,2.188909169064788,6.641600991650549
4,22,acceleration,6179,6359,18.0,18.512508477135928,30.951803172642254,True,True,0.680515776619318,True,1.4044584852983475,0.3554783359571415,6.837811813663874,0.0,0.0024143270640175677,-0.0013971121895338871,-0.00139583816747561,-0.0015192889212562862,51.0236245222165,53.02369977649253,36.888827302395974,36.965709912591954,-0.6123148572980547,-0.6123148572980526,-0.0768826101959803,-0.0768826101959803,16.134872474096554,16.057989863900573,3.9199003853698438,0.05216454982469659,0.055642945254734004,0.02520530313594968,0.025371713787795444,-0.0011344126190332997,-0.001134412619033312,-0.00016641065184576365,-0.00016641065184576365,0.030437642118784324,0.03027123146693856,6.668121246568512,0.4767624591358683,0.5133339357905928,0.3319350917322262,0.3325741245219258,-0.001310315716572494,-0.0013103157165725299,-0.0006390327896996228,-0.0006390327896996228,0.18139884405836665,0.18075981126866703,7.670796211809614,0.018970687813046092,0.02013630934094302,0.01450943902382491,0.014535384022605891,-0.00010189476133061122,-0.00010189476133061308,-2.59449987809815e-05,-2.59449987809815e-05,0.005626870317118109,0.005600925318337127,6.144329290450562,10.304042014260833
4,22,acceleration,8324,8427,10.3,16.133759800593637,29.20235787044153,True,True,0.328343281889401,False,1.2665375402461256,0.488680651123601,3.243763377027405,0.0,0.010381015961495224,-0.00279864265907807,-0.0027909382407168616,-0.0025309524179599643,36.59559704112932,35.91156552038569,20.80662892632348,21.1526006722054,-0.4066943088864539,-0.40669430888645053,-0.3203442091499227,-0.3459717458819185,15.104936594062213,14.758964848180295,-1.8691634405495536,0.047036975076478575,0.04409530565412944,0.013769410511932563,0.014518258445238505,-0.0007512877646994771,-0.0007512877646994771,-0.0006933777160240216,-0.0007488479333059416,0.030325895142196878,0.029577047208890934,-6.253951104564448,0.35510361304906557,0.3435900848947916,0.18743065703389783,0.19030630458754644,-0.0008642978419995847,-0.0008642978419995673,-0.0026626366237486876,-0.002875647553648608,0.15615942786089376,0.15328378030724515,-3.242301044310446,0.013541607964816746,0.013117450187949489,0.008200717251754532,0.008317469746268926,-6.916693403523359e-05,-6.916693403523355e-05,-0.00010810416158740094,-0.00011675249451439419,0.004916732936194957,0.0047999804416805625,-3.1322556225914022,
4,22,deceleration,11944,12193,24.900000000000002,28.12034424583144,10.86665783397352,True,True,0.5360134128348811,True,1.802448753776294,0.5483234148651625,4.677084138944316,0.0,0.0014794164962839884,0.0017773080668985583,0.001776457512205374,0.0017074518754068336,43.863694252914904,38.819792488969355,49.687942887061176,51.13589871241888,-1.8430979675471293,-1.8430979675471306,-1.4479558253577025,-1.4479558253577025,-10.86815039809182,-12.316106223449523,-11.499035477638463,0.029530734596983216,0.020926389043946423,0.03196347013002178,0.03509753740645037,-0.0033913302914534535,-0.0033913302914534565,-0.0031340672764285926,-0.0031340672764285926,-0.011037081086075356,-0.014171148362503948,-29.13691674272062,0.3641078992643475,0.3153878684171408,0.44802575471598655,0.46006087225533077,-0.0038799197142778113,-0.003879919714277924,-0.01203511753934422,-0.01203511753934422,-0.13263788629884576,-0.14467300383818998,-13.380657476984668,0.020224887405649716,0.018345490065373907,0.019618650420896444,0.020107281231271482,-0.0003226355005693483,-0.00032263550056935153,-0.0004886308103750382,-0.0004886308103750382,-0.0012731603555225374,-0.0017617911658975756,-9.2924984084253,-2.7752761387338136
4,22,acceleration,14131,14239,10.8,16.359295808587433,30.495260896371267,True,True,0.4909995760474412,False,0.45090237801837724,0.2663061011471886,5.54477852202087,0.0,0.009960482605622477,-0.00279350771477427,-0.0027865042050246895,-0.0028175062583163627,38.655062697747354,38.799605709552004,21.948778116967233,22.179425947555174,-0.4899294833210879,-0.48992948332108455,-0.23064783058794092,-0.23064783058794092,16.85082759258477,16.62017976199683,0.37393035146486403,0.047132050093307565,0.048368615799389954,0.014723796317139971,0.015223028272677267,-0.0009059835662394121,-0.0009059835662394173,-0.0004992319555372961,-0.0004992319555372961,0.03364481948224998,0.033145587526712685,2.6236196041427298,0.37085550284308044,0.3699248514701797,0.19762737634405642,0.1995444747131555,-0.0010437631428892487,-0.0010437631428892036,-0.0019170983690990906,-0.0019170983690990906,0.1722974751261233,0.17038037675702422,-0.2509471656119661,0.014083512617919123,0.013999211094628369,0.008643395417220607,0.008721230413563534,-8.26837749371935e-05,-8.26837749371926e-05,-7.783499634292715e-05,-7.783499634292715e-05,0.005355815677407762,0.0052779806810648346,-0.5985830778004474,
4,23,deceleration,3927,3940,1.3,29.1034056760687,16.45576779954176,True,True,0.5095280719996887,True,0.053515716693152485,0.02892520415907608,1.6589657415913603,0.9230769230769231,1.6530259325970076,0.02135454063476667,0.01835905535517641,0.018085898977887035,1.291754418808992,1.291754418808992,2.6313044108114263,2.669745715909419,-0.04794921647455537,-0.04794921647455519,-0.03844130509799282,-0.03844130509799282,-1.3395499920024343,-1.3779912971004271,0.0,0.00047237604654367114,0.00047237604654367114,0.0017491962254178991,0.0018324015513407823,-8.858998620668053e-05,-8.858998620668037e-05,-8.320532592288312e-05,-8.320532592288312e-05,-0.001276820178874228,-0.0013600255047971112,0.0,0.00881275941256589,0.00881275941256589,0.02369972593173369,0.024019242326583534,-0.00010193708410334802,-0.00010193708410335262,-0.00031951639484984265,-0.00031951639484984265,-0.014886966519167802,-0.015206482914017645,0.0,0.0011222206674305288,0.0011222206674305288,0.0010368052355754932,0.001049777734965981,-8.145728609533988e-06,-8.145728609534235e-06,-1.297249939048793e-05,-1.297249939048793e-05,8.54154318550356e-05,7.244293246454767e-05,0.0,-0.34488808077767885
4,23,acceleration,6199,6395,19.6,18.614001813586203,31.120743416797826,True,True,0.6512315621455111,True,1.258190377514152,0.3269102638300137,5.690973874015399,0.0,0.0019587219117849237,-0.001283004584486495,-0.0012820165961355246,-0.0013928350562487839,55.02351137836617,56.77803217363932,40.200295720247254,40.25155079371124,-0.6717132163829088,-0.6717132163829191,-0.0512550734639845,-0.0512550734639845,16.577736453392063,16.52648137992808,3.188674716174106,0.055145180618786684,0.05850761309328363,0.027516036801035648,0.027626977235599485,-0.001244706540306156,-0.0012447065403061522,-0.00011094043456383665,-0.00011094043456383665,0.030991576292247983,0.030880635857684146,6.097418553655882,0.5035089668953522,0.54692212708083,0.3617102470640751,0.3621362689238748,-0.0014381098344858987,-0.0014381098344858345,-0.00042602185979967455,-0.00042602185979967455,0.18521188001675487,0.1847858581569552,8.622122551891051,0.020380540888326536,0.02157549869079844,0.01581012149209465,0.015827418157948636,-0.00011160915578906507,-0.0001116091557890643,-1.729666585398651e-05,-1.729666585398651e-05,0.005765377198703792,0.005748080532849805,5.863229092002886,12.454846392017203
4,23,deceleration,11970,12197,22.700000000000003,28.19950661071629,11.044979584671582,True,True,0.5086330583448135,True,1.9386175364141613,0.6012572542663138,6.107100533153955,0.0,0.0018563569001194694,0.0019256362094466353,0.001924528580259787,0.0019136902140669363,37.89351345510461,33.951269539797565,45.32367689591412,46.61786750087986,-1.6562671586975695,-1.6562671586975668,-1.294190604965742,-1.294190604965742,-11.372407356116554,-12.666597961082296,-10.403479529491843,0.021451315954697663,0.01832586184146972,0.029195304192982753,0.03199655016571982,-0.003048014959724448,-0.0030480149597244474,-0.0028012459727370653,-0.0028012459727370653,-0.010869442351513034,-0.0136706883242501,-14.56998777990352,0.30975879035771886,0.27436387559968417,0.40865587174270607,0.419412923702651,-0.003487877782759417,-0.0034878777827593854,-0.010757051959944919,-0.010757051959944919,-0.1342919961430219,-0.14504904810296682,-11.426605429715027,0.01736825219495018,0.017500734774473448,0.017893993482362116,0.01833073429517521,-0.0002896187662355557,-0.0002896187662355561,-0.00043674081281309257,-0.00043674081281309257,-0.0003932587078886683,-0.0008299995207017609,0.7627859040519069,-1.683274285509695
4,23,deceleration,15217,15284,6.7,30.647763952924397,17.35495630655878,True,True,0.5322658892981735,False,1.0270253597725734,0.8477916772673434,4.020390763087888,0.0,0.031369855655801436,0.0041331014795076525,0.004106604300248638,0.003848851155736581,8.90560528343186,8.297328285195867,13.69538984785702,13.759458689687007,-0.26502434401835184,-0.2650243440183484,-0.06406884182998596,-0.06406884182998596,-5.3980615626611534,-5.462130404491139,-6.830271260367247,0.004413158828623535,0.0041347472252207,0.009305240144474612,0.009443915687679416,-0.0004904812930258738,-0.0004904812930258719,-0.00013867554320480362,-0.00013867554320480362,-0.005170492919253912,-0.005309168462458716,-6.30866946362933,0.06933327185582872,0.06371392644599846,0.1232589523584115,0.12379147968316127,-0.0005657053232843241,-0.0005657053232843157,-0.0005325273247497736,-0.0005325273247497736,-0.059545025912413035,-0.06007755323716281,-8.104832296844569,0.005349611562465043,0.00570937204935231,0.005388772109430268,0.005410392941747748,-4.445732507271513e-05,-4.445732507271476e-05,-2.1620832317480534e-05,-2.1620832317480534e-05,0.0003205999399220425,0.000298979107604562,6.724983350407848,
4,23,acceleration,15325,15423,9.8,17.35495630655878,28.41523961977665,True,True,0.3790302476406635,False,0.8598762342135755,0.3830561987637614,6.355324343891063,0.0,0.009964160772924476,-0.002465797480744759,-0.0024583094256753675,-0.0023092762889686414,31.85557709934308,32.898614444493354,19.7926174193397,20.12577539685562,-0.2757298280683852,-0.27572982806838553,-0.3331579775159206,-0.3331579775159206,13.105997025153655,12.772839047637735,3.2742691865148594,0.03777449532023442,0.03917372764830506,0.013092375793134759,0.013813488617799742,-0.0005095051473793912,-0.0005095051473793903,-0.0007211128246649833,-0.0007211128246649833,0.026081351855170302,0.02536023903050532,3.704172130450999,0.30916384298839183,0.31582701689839804,0.1782989923732387,0.1810681344619374,-0.000586384024216358,-0.0005863840242163743,-0.0027691420886986895,-0.0027691420886986895,0.13752802452515933,0.13475888243646064,2.1552241832678947,0.01189652152907168,0.012151753438288483,0.007801280750923424,0.007913709078974318,-4.679218267480397e-05,-4.679218267480273e-05,-0.0001124283280508941,-0.0001124283280508941,0.004350472687365059,0.004238044359314165,2.1454330880929264,
4,24,deceleration,3926,3968,4.2,29.421416098990925,12.609084018309664,True,True,0.4353377692833829,False,0.5502080529766231,0.40228881427093965,1.7787794467562579,0.35714285714285715,0.12952171479656346,0.009523884318564962,0.009372431082648342,0.01047709777509797,4.559489192066329,4.527641195959544,8.445939555814164,8.625332312938124,-0.2852486667782234,-0.285248666778223,-0.15376522039196594,-0.17939275712395997,-3.91829835985462,-4.09769111697858,-0.6984992126355314,0.0018341274342864359,0.001928364984801949,0.005531775029512151,0.005920066550485604,-0.000525820912463157,-0.0005258209124631595,-0.00033282130369153163,-0.0003882915209734534,-0.0036034100447102013,-0.003991701565683655,5.138004522143587,0.03244865989264822,0.03261155755953334,0.07610955254581675,0.07760062905511603,-0.0006031197121553453,-0.0006031197121553339,-0.0012780655793993984,-0.0014910765092992773,-0.04349799498628341,-0.044989071495582685,0.5020166238730642,0.0035196100932110377,0.0036465217396237197,0.0033310512747857656,0.003391589605274708,-4.927782941363287e-05,-4.927782941363274e-05,-5.1889997561950854e-05,-6.0538330488942374e-05,0.00031547046483795414,0.00025493213434901177,3.6058439159917572,
4,24,acceleration,6218,6409,19.1,19.10100224723544,30.58548261220786,True,True,0.6239636094557995,True,1.2452457641471264,0.38428648129651016,5.084887842559774,0.0,0.0019195880426981348,-0.001210151404757324,-0.0012091704515853241,-0.0012549253982474537,52.45647788680028,54.21677891322227,39.16065667653148,39.22472551836147,-0.5522789155716811,-0.5522789155716765,-0.06406884182998596,-0.06406884182998596,15.05612223669079,14.992053394860804,3.3557362166416813,0.05261660119898291,0.05445285096643046,0.026783531864955922,0.02692220740816072,-0.0010233542675594572,-0.001023354267559444,-0.0001386755432047984,-0.0001386755432047984,0.02766931910147454,0.02753064355826974,3.489867694994794,0.48599910388243434,0.5167846383912119,0.35236557147351605,0.3528980987982657,-0.0011823051694268593,-0.001182305169426856,-0.0005325273247496765,-0.0005325273247496765,0.16441906691769587,0.1638865395929462,6.334483801069879,0.01997681622923413,0.020584035253990565,0.015402036658336544,0.015423657490654028,-9.178945221077906e-05,-9.178945221078108e-05,-2.1620832317484004e-05,-2.1620832317484004e-05,0.005181998595654021,0.005160377763336537,3.039618614841286,13.969241919090528
4,24,deceleration,8262,8307,4.5,30.351786409960983,16.66570147956048,True,True,0.3317795664778139,False,1.2845745195334193,0.9977160749509032,5.966698665579991,0.26666666666666666,0.08854841536424099,0.006468555304149909,0.006378532761196517,0.007791333479000205,4.596850631022037,5.044676428328963,9.177358636318006,9.241427478147989,-0.1909730362479936,-0.19097303624799444,-0.0640688418299824,-0.0640688418299824,-4.132682207989043,-4.196751049819025,9.742013244562598,0.0016992734195939647,0.002259863524559285,0.006204252903744057,0.006342928446948861,-0.0003531895770116336,-0.00035318957701163407,-0.00013867554320480362,-0.00013867554320480362,-0.0039443893791847725,-0.004083064922389576,32.98998845631748,0.03164983674212392,0.03709643110349458,0.08261100380573173,0.08314353113048145,-0.00040696565815502144,-0.00040696565815501184,-0.0005325273247497181,-0.0005325273247497181,-0.045514572702237154,-0.04604710002698687,17.208917713378252,0.003814728735943287,0.003892644852810973,0.003612225173333993,0.003633846005651473,-3.220261195248199e-05,-3.220261195248158e-05,-2.1620832317479667e-05,-2.1620832317479667e-05,0.00028041967947697996,0.0002587988471595003,2.042507403830362,
4,24,acceleration,10436,10498,6.2,16.821160061071772,28.19840209752316,True,True,0.5206728292318672,True,0.3110466249539723,0.2512287923995889,4.4681840367761785,0.0,0.03268149280501261,-0.004076092592088652,-0.0040456805811774155,-0.0040093656884208784,25.71793232992913,25.93381871903598,12.476358047017285,12.73263341433723,-0.18623890145788233,-0.18623890145788025,-0.2562753673199438,-0.2562753673199438,13.457460672018694,13.20118530469875,0.8394391366199078,0.03616768209784825,0.03894288116211346,0.008184443687421434,0.008739145860240653,-0.0003439672486476532,-0.00034396724864765426,-0.0005547021728192197,-0.0005547021728192197,0.03075843747469203,0.030203735301872807,7.673146033403996,0.2571263973458366,0.2664538199765695,0.11242320025855325,0.11455330955755223,-0.00039559115198660113,-0.00039559115198661843,-0.0021301092989989834,-0.0021301092989989834,0.15403061971801624,0.15190051041901725,3.627563224551948,0.009379677102826493,0.00954957837861077,0.004920148945183224,0.00500663227445314,-3.17233910672752e-05,-3.172339106727491e-05,-8.648332926991607e-05,-8.648332926991607e-05,0.0046294294334275465,0.00454294610415763,1.8113765956088084,15.863787340361085
4,24,deceleration,11950,12207,25.700000000000003,30.35304428544574,12.388470838313207,True,True,0.4748780537214952,True,1.6437806516509756,0.5567024496696547,5.783549427662581,0.0,0.0014226012097869488,0.0016354372041848567,0.001634702258001015,0.0016483960509345139,45.601889342510724,41.00974313724359,51.86904159899271,52.77881915297852,-1.9766856633136947,-1.9766856633137024,-0.909777553985812,-0.909777553985812,-10.85929846174912,-11.769076015734932,-10.070078831111656,0.031565832204794766,0.023390265505169767,0.03425597641684417,0.03622516913035239,-0.0036453967400139104,-0.0036453967400139065,-0.0019691927135082193,-0.0019691927135082193,-0.010865710911674403,-0.012834903625182623,-25.9000511901066,0.3821882234732631,0.33931759592422106,0.46728005644485887,0.4748419444563053,-0.004183894327120608,-0.00418389432712063,-0.007561888011446416,-0.007561888011446416,-0.1279624605206378,-0.13552434853208423,-11.21715032437182,0.021554233415730165,0.019696367287002314,0.02044628248003464,0.020753298298942856,-0.0003403736890130531,-0.00034037368901304946,-0.0003070158189082163,-0.0003070158189082163,-0.0007499151930323265,-0.0010569310119405428,-8.61949526524098,-2.4316004694921176
4,24,deceleration,14996,15327,33.1,28.608275009673708,18.838655226669825,True,True,0.8003879791861921,False,3.0612655111108964,0.6822577186332551,10.938019204379339,0.0,0.0004095729003415362,0.0006220732821984777,0.0006219043495365754,0.0005570667835584588,83.02411768831828,60.328727626179464,67.24544843129337,67.97583322815521,-0.7120578481343303,-0.7120578481343216,-0.7303847968618413,-0.7303847968618413,-6.916720805113904,-7.6471056019757455,-27.335900331202343,0.09068512627217026,0.03763420799665444,0.0450748613839113,0.04665576257644607,-0.001317289941764561,-0.0013172899417645614,-0.0015809011925347685,-0.0015809011925347685,-0.007440653387256857,-0.009021554579791626,-58.50013167131273,0.8030798836296115,0.519318474022054,0.605496050813172,0.6115668623153191,-0.0015184913200680626,-0.0015184913200680938,-0.0060708115021470554,-0.0060708115021470554,-0.08617757679111804,-0.0922483882932651,-35.33414488295552,0.03529376374020885,0.025181657359290375,0.026482478686483783,0.026728956174903055,-0.00011979997207766726,-0.00011979997207766171,-0.0002464774884192722,-0.0002464774884192722,-0.0013008213271934084,-0.0015472988156126806,-28.65125537574259,
4,24,acceleration,15353,15486,13.3,18.838655226669825,28.628885479768627,True,True,0.2875890514340911,True,1.4335856512630805,0.5247893207630564,6.012851499929847,0.0,0.004076419971795174,-0.001550759796846174,-0.0015481836870412553,-0.0013870660525773597,41.67359799823754,39.08714670051995,26.99320811515413,27.31355232430406,-0.2872501146463466,-0.2872501146463442,-0.3203442091499298,-0.3203442091499298,12.093938585365823,11.773594376215893,-6.206450659304661,0.04943725324791063,0.040593640878485306,0.018053499693847053,0.01874687740987108,-0.0005314135141248157,-0.000531413514124817,-0.0006933777160240268,-0.0006933777160240268,0.022540141184638252,0.021846763468614225,-17.888559311897215,0.4099766861870358,0.3722370914407705,0.24307268871745202,0.24573532534120077,-0.0006125933316955167,-0.0006125933316955545,-0.002662636623748743,-0.002662636623748743,0.12916440272331847,0.12650176609956973,-9.205302647148113,0.016090188204151926,0.01477636657353054,0.010631929588449178,0.010740033750036576,-4.8323058909242133e-05,-4.832305890924149e-05,-0.00010810416158739747,-0.00010810416158739747,0.004144436985081362,0.004036332823493964,-8.165358999855371,22.050864876219137
4,25,acceleration,6235,6380,14.5,19.041823699902835,28.45005387562418,True,True,0.6202339702376805,False,1.5275195362992522,0.5998303505126962,7.439717082037715,0.0,0.003149921580736622,-0.0013662198538322093,-0.0013643070981668901,-0.001444159122334831,41.41712220808428,40.934261460779,29.431961239261597,29.77793298514352,-0.2891196750828645,-0.2891196750828655,-0.34597174588192203,-0.34597174588192203,11.502300221517402,11.15632847563548,-1.165848136138804,0.046830333361844355,0.0405156507959121,0.019689477062418165,0.020438324995724108,-0.000534881351993253,-0.0005348813519932584,-0.0007488479333059433,-0.0007488479333059433,0.020826173733493936,0.020077325800187992,-13.484171716525143,0.39279503761659573,0.3831095986220787,0.26503128608901383,0.26790693364266244,-0.0006166055705403943,-0.0006166055705404405,-0.002875647553648608,-0.002875647553648608,0.11807831253306489,0.11520266497941628,-2.465774275888612,0.015863904900357433,0.015471044232607735,0.011592306857029245,0.011709059351543634,-4.8631318600956404e-05,-4.863131860096022e-05,-0.00011675249451438899,-0.00011675249451438899,0.0038787373755784903,0.0037619848810641014,-2.47644366388534,
4,25,deceleration,8276,8319,4.3,28.22332550120394,16.274485445663963,True,True,0.3301368318077022,False,1.1285249621191784,0.873917619710083,5.584999737555689,0.13953488372093023,0.08673438475188859,0.006244801606609938,0.00614990611615942,0.007592740921800648,4.398119181974502,4.976312846589226,8.664118379250118,8.830697368008078,-0.14335108856988404,-0.143351088569883,-0.1665789887579603,-0.1665789887579603,-3.6878055326608914,-3.8543845214188517,13.146384640607879,0.0016266001816641691,0.002309122222423072,0.005700464103640864,0.0060610205159733555,-0.0002646660730763689,-0.00026466607307636635,-0.00036055641233249166,-0.00036055641233249166,-0.003391341881217792,-0.0037518982935502835,41.96003716540944,0.030294027601729157,0.03715689039365804,0.0780636920358885,0.07944826308023784,-0.00030424206474156956,-0.00030424206474158333,-0.0013845710443493309,-0.0013845710443493309,-0.04090680164223046,-0.042291372686579794,22.654177523549752,0.0036420794024924364,0.0037019231980821364,0.003416127574708183,0.0034723417387336293,-2.4480238616398077e-05,-2.448023861639781e-05,-5.621416402544618e-05,-5.621416402544618e-05,0.0002857956233739533,0.00022958145934850712,1.6431216614537898,
4,25,deceleration,11997,12055,5.800000000000001,29.378194339499483,17.276152464117303,True,True,0.3959818279248219,False,0.723750711972728,0.46338978018714894,4.090208638751113,0.0,0.04116571949083799,0.004472378431991161,0.004434369408456447,0.004754902894715206,6.451874194879709,7.153855798261967,11.783035510397438,11.91117319405741,-0.19331072799882557,-0.1933107279988242,-0.1281376836599719,-0.1281376836599719,-4.629179712135471,-4.757317395795443,10.880274199074737,0.0026807523980364864,0.003553433263579222,0.007897978911880033,0.008175329998289644,-0.00035742312445639945,-0.00035742312445639825,-0.0002773510864096107,-0.0002773510864096107,-0.004344545648300811,-0.004621896734710421,32.55357959138374,0.04650904690467,0.05492028196378949,0.10609771880756551,0.107162773457065,-0.0004116998931637509,-0.00041169989316375277,-0.0010650546494994917,-0.0010650546494994917,-0.05117743684377602,-0.05224249149327551,18.08515895060175,0.004841366362694919,0.004951770736904476,0.004640382075982495,0.004683623740617454,-3.2658186955203026e-05,-3.26581869552027e-05,-4.3241664634959334e-05,-4.3241664634959334e-05,0.0003113886609219813,0.000268146996287022,2.2804383295649036,
5,2,deceleration,3462,3562,10.0,29.19198204811415,11.665276225223073,True,True,0.4462862646794842,False,1.0178657494297618,0.562646278861414,5.0393798068025495,0.0,0.015003058725219667,0.004289741055465669,0.004277222811113517,0.004522723466018184,12.088153278489902,12.829733705350082,20.07520984581963,20.536505506995532,-0.74801530865685,-0.74801530865685,-0.46129566117590315,-0.46129566117590315,-7.245476140469547,-7.70677180164545,6.134770214899369,0.004955021999920449,0.00664457908906696,0.013096932637700653,0.014095396548775247,-0.0013778848097099842,-0.001377884809709979,-0.000998463911074594,-0.000998463911074594,-0.006452353548633693,-0.007450817459708287,34.09787260628986,0.0883292348241163,0.1001586248007751,0.18092920577398283,0.184763402512181,-0.0015788515093476617,-0.0015788515093476674,-0.003834196738198181,-0.003834196738198181,-0.08077058097320773,-0.08460477771140591,13.392383620455703,0.007651720920319506,0.008522804259855158,0.00791954335320631,0.008075213345892162,-0.00012989883851690346,-0.00012989883851690157,-0.00015566999268585083,-0.00015566999268585083,0.0006032609066488476,0.00044759091396299674,11.384149377722979,
5,2,acceleration,5426,5491,6.5,11.297113286000306,28.77326947566345,True,True,0.5263360246182945,True,0.541714645365105,0.4323927038930651,3.4480955429429008,0.0,0.04453462652446377,-0.006709792191869554,-0.006664147724772208,-0.006442938778203142,29.921304886539637,28.98585578682877,13.00275683366517,13.348728579547094,-0.4877042227640958,-0.487704222764096,-0.3459717458819238,-0.3459717458819238,15.983098953163598,15.637127207281674,-3.126364653072631,0.04785356829173107,0.046170003705011786,0.008413159823397964,0.00916200775670391,-0.0008979544045840279,-0.0008979544045840289,-0.0007488479333059451,-0.0007488479333059451,0.03775684388161382,0.03700799594830788,-3.5181589311286467,0.3206851395868861,0.3079322184272568,0.11722056407926902,0.12009621163291766,-0.0010282417301503957,-0.0010282417301503838,-0.002875647553648636,-0.002875647553648636,0.1907116543479878,0.18783600679433915,-3.9767733472333284,0.011340489632057893,0.01082146386419091,0.005132136180315515,0.005248888674829905,-8.498296484208494e-05,-8.49829648420855e-05,-0.00011675249451438986,-0.00011675249451438986,0.005689327683875395,0.005572575189361005,-4.576749194318502,7.906357894414427
5,2,deceleration,7937,8055,11.8,29.54618597186436,17.527363960407527,True,True,0.5106279631388811,False,0.46364930813261934,0.28258174088704874,6.911411980260282,0.0,0.00677037207456571,0.0021637293973459414,0.002159175274443412,0.002063625857018375,18.14355385758348,17.294471815461552,24.002428667666774,24.23307649825473,-0.38593248843687833,-0.38593248843688244,-0.23064783058795513,-0.23064783058795513,-6.707956852205221,-6.938604682793176,-4.679800047921905,0.009595950965397915,0.00994498285315121,0.016133335972017483,0.01663256792755479,-0.0007137795434012254,-0.000713779543401228,-0.0004992319555373083,-0.0004992319555373083,-0.006188353118866273,-0.006687585074403582,3.637282943731891,0.14595441571348156,0.14197907450265043,0.21610371659527453,0.21802081496437362,-0.0008225030563096592,-0.0008225030563096813,-0.0019170983690990906,-0.0019170983690990906,-0.0741246420926241,-0.07604174046172318,-2.7236868383858894,0.008558579562075917,0.009884379208190719,0.009450916751809826,0.00952875174815275,-6.505841309587921e-05,-6.50584130958802e-05,-7.783499634292368e-05,-7.783499634292368e-05,0.0004334624563808922,0.0003556274600379685,15.490884164816054,
5,2,acceleration,10024,10064,4.0,17.77251815399998,28.684858653641435,True,True,0.5475597235508368,True,0.3994641573122576,0.39097728817462,4.034732923929645,0.0,0.09510445893958157,-0.005872232382396718,-0.005769635140488186,-0.005438618135650125,20.369677846588754,20.247528404966317,8.086464519138241,8.214602202798213,-0.10865225322250084,-0.10865225322249827,-0.1281376836599719,-0.1281376836599719,12.161063885828076,12.032926202168104,-0.5996630999389746,0.03433261557124626,0.03384092174470018,0.0053608075331004895,0.0056381586195100985,-0.00020086608748997377,-0.00020086608748997366,-0.00027735108640960897,-0.00027735108640960897,0.02848011421159969,0.02820276312519008,-1.4321478814386603,0.2297742311281791,0.22996318645646474,0.07284030635537292,0.07390536100487241,-0.00023132517809291306,-0.0002313251780928921,-0.0010650546494994917,-0.0010650546494994917,0.15712288010109182,0.15605782545159233,0.08223521295572564,0.007878268845590475,0.007875059175232456,0.003186843673721906,0.0032300853383568644,-1.8374452465584064e-05,-1.8374452465584352e-05,-4.324166463495847e-05,-4.324166463495847e-05,0.004688215501510549,0.0046449738368755916,-0.04074080766888421,13.494705664374639
5,3,deceleration,3457,3563,10.600000000000001,29.23307450929808,13.024716141551384,True,True,0.4769396254673172,True,0.8106843080544397,0.5542144406733107,3.8334436289124016,0.0,0.011973449575336761,0.0036184816775812517,0.0036090689458103003,0.0035798828000460883,14.558882490672175,14.341513405652238,21.33302771297135,21.768695837415265,-0.667377220386429,-0.6673772203864239,-0.43566812444391445,-0.43566812444391445,-6.991514307319113,-7.427182431763027,-1.4930341333492119,0.007276424760247002,0.007818481102834526,0.013998126647909089,0.014941120341701765,-0.001230401805492271,-0.0012304018054922691,-0.0009429936937926757,-0.0009429936937926757,-0.006179645545074563,-0.0071226392388672385,7.449487357430243,0.11401893128477412,0.11457250500697909,0.19222802085461366,0.1958492066629119,-0.0014115575203826924,-0.0014115575203826336,-0.003621185808298233,-0.003621185808298233,-0.07765551584763457,-0.0812767016559328,0.48551035864593073,0.008316716813608384,0.009019569722563549,0.00841270448688683,0.008559726146645692,-0.00011517327633996699,-0.00011517327633996793,-0.00014702165975886278,-0.00014702165975886278,0.0006068652356767193,0.0004598435759178565,8.451086224375329,-2.4825164558238875
5,3,acceleration,5429,5515,8.6,11.557464565485928,29.89791832517275,True,True,0.6636247457303396,True,1.6224728060988163,0.662967775288779,4.329028558336783,0.11627906976744186,0.02299588623109826,-0.005144352201290613,-0.005124147176677198,-0.005715056132605634,34.447355589698944,36.61190897696272,17.302609221768243,17.661394736016156,-0.6996577056933072,-0.6996577056933049,-0.35878551424791283,-0.35878551424791283,19.309299755194473,18.95051424094656,6.283656176821467,0.0500310057822366,0.05562213905862276,0.011345457989999808,0.012122041031946711,-0.0012892762910786375,-0.0012892762910786393,-0.0007765830419469034,-0.0007765830419469034,0.04427668106862295,0.04350009802667605,11.175336551741445,0.37502394873034606,0.3816856297201107,0.15591437314187712,0.15889652616047567,-0.0014780733324934855,-0.0014780733324934459,-0.0029821530185985545,-0.0029821530185985545,0.2257712565782336,0.22278910355963505,1.7763348213675334,0.013706278582388657,0.013511768229834525,0.0068236068164893755,0.0069446834774672585,-0.00012118079388916708,-0.00012118079388916906,-0.00012107666097788301,-0.00012107666097788301,0.0066881614133451495,0.0065670847523672665,-1.4191332197498183,22.903654773540516
5,3,deceleration,7953,8052,9.9,29.241600843326893,18.92332949325501,True,True,0.4590065477364642,True,0.6147341497265444,0.35627824427959515,5.917983587094295,0.0,0.009059986330155978,0.002163918070756184,0.002157476974941407,0.0021555528599056834,15.118075968075635,14.773177879072307,20.190188999899604,20.331140451925577,-0.2354835313638728,-0.2354835313638759,-0.14095145202597337,-0.14095145202597337,-5.417011120827297,-5.5579625728532704,-2.2813623223724924,0.007773567826206867,0.00864776088429694,0.013649356388236923,0.013954442583287496,-0.0004358604189437751,-0.00043586041894377696,-0.00030508619505057247,-0.00030508619505057247,-0.005001595503939983,-0.005306681698990555,11.245712105874016,0.12200299836434636,0.12226927995031338,0.18174420837260982,0.18291576848705923,-0.0005027880356416779,-0.0005027880356417158,-0.0011715601144494103,-0.0011715601144494103,-0.059474928422296444,-0.060646488536745854,0.21825823097544061,0.00715274525120234,0.008316042371866577,0.007946895381334784,0.00799446121243324,-3.9467476431088686e-05,-3.946747643108865e-05,-4.756583109845683e-05,-4.756583109845683e-05,0.00036914699053179276,0.00032158115943333593,16.263645353071855,-0.7534923578597859
5,3,acceleration,10038,10075,3.7,17.510287932530634,30.02039334971526,True,True,0.3615015947458344,True,0.954939426280464,0.8534096205156578,4.322752699949566,0.40540540540540543,0.13275157145164232,-0.0071135306311606175,-0.0069691363631405705,-0.006930858861085024,20.654256090949527,21.793644651242737,7.508810659026365,7.598507037588347,-0.13038021945378941,-0.13038021945378997,-0.06406884182998684,-0.08969637856198265,14.284833992216372,14.195137613654389,5.516483165871451,0.03558527420891992,0.03859905057046233,0.005021150962560115,0.0052152967230468415,-0.00024121447553088104,-0.00024121447553088378,-0.00013867554320480362,-0.00019414576048672628,0.033577899607902216,0.033383753847415494,8.469167172490037,0.23738159604503606,0.2954773791253827,0.06761692067485733,0.06836245892950699,-0.0002780800379356658,-0.0002780800379356685,-0.000532527324749732,-0.0007455382546496525,0.22786045845052535,0.2271149201958757,24.47358348257322,0.007799716643860339,0.009302138226559205,0.002957559772735628,0.0029878289379801,-2.1926082212244285e-05,-2.1926082212244194e-05,-2.16208323174801e-05,-3.0269165244472054e-05,0.006344578453823578,0.006314309288579106,19.262514925866174,11.588227576373356
5,4,deceleration,3470,3517,4.7,29.154664736851014,16.90568045754318,True,True,0.4773873750099708,False,0.4241361783704464,0.5933501191484426,5.331504699475894,0.2127659574468085,0.07098849163760997,0.005658157482187349,0.005585774080703453,0.005777577241542413,6.491902361289717,5.462345936174615,9.53683367299393,9.652157588287901,-0.1616271261373217,-0.16162712613732033,-0.11532391529397046,-0.11532391529397046,-4.074487736819315,-4.189811652113286,-15.859086717850213,0.0035300204454672274,0.0025550254453517236,0.0063752204001557185,0.0066248363779243665,-0.00029872008019002957,-0.0002987200801900271,-0.00024961597776864807,-0.00024961597776864807,-0.003820194954803995,-0.0040698109325726425,-27.620094987479742,0.05250977553726367,0.04090340007725843,0.08588024999617555,0.08683879918072508,-0.0003438878523706994,-0.00034388785237070285,-0.0009585491845495314,-0.0009585491845495314,-0.04497684991891712,-0.045935399103466654,-22.10326618472927,0.0039743038393857365,0.004052443299272802,0.003756432774397853,0.0037953502725693164,-2.73885021882526e-05,-2.738850218825294e-05,-3.8917498171463574e-05,-3.8917498171463574e-05,0.00029601052487494926,0.0002570930267034857,1.9661169111605394,
5,4,acceleration,5458,5528,7.0,11.052017491955992,29.209539999218755,True,True,0.5340391440951947,True,0.7087449707381939,0.5360013273635592,6.068740855165683,0.0,0.038348163599546424,-0.006442701048811492,-0.006404792762756888,-0.006321435210955455,31.293105410592755,31.000005396877516,14.016768340648948,14.375553854896872,-0.5657601763634894,-0.5657601763634936,-0.3587855142479235,-0.3587855142479235,16.983237056228567,16.624451541980644,-0.9366280842681238,0.04777367071232694,0.04898677428206214,0.009090194542195767,0.009866777584142672,-0.0010417884601517879,-0.0010417884601517883,-0.0007765830419469051,-0.0007765830419469051,0.03989657973986638,0.03911999669791947,2.5392722636700995,0.3432349320590472,0.3280139154433472,0.12635222873992816,0.1293343817585267,-0.0011931358406037024,-0.0011931358406037096,-0.0029821530185985545,-0.0029821530185985545,0.20166168670341902,0.19867953368482047,-4.434576785174514,0.012175291275708948,0.011543623820808495,0.00553157268114663,0.005652649342124513,-9.850332458561292e-05,-9.850332458561251e-05,-0.00012107666097788301,-0.00012107666097788301,0.006012051139661865,0.005890974478683982,-5.188109595050916,32.42896817184187
5,4,deceleration,7967,8058,9.1,29.82376765716282,17.938740533967202,True,True,0.4391432913746871,True,1.310617864408706,0.7973475211552302,4.40836379659588,0.0,0.012915580506165276,0.0027344605341674006,0.0027248511560611756,0.0027123926517883903,13.8550291862364,12.90241542415842,18.54726855933996,18.68822001136593,-0.28860153927853954,-0.2886015392785346,-0.14095145202596981,-0.14095145202596981,-5.644853135181542,-5.785804587207512,-6.875581056330852,0.007810956853108923,0.0073289388675184305,0.012521724664334904,0.012826810859385473,-0.0005340246708433826,-0.0005340246708433836,-0.000305086195050569,-0.000305086195050569,-0.005192785796816474,-0.005497871991867043,-6.171049138475771,0.1094974572467722,0.1050857834162456,0.16696313617163527,0.1681346962860847,-0.0006157811670822898,-0.0006157811670822744,-0.001171560114449438,-0.001171560114449438,-0.06187735275538968,-0.06304891286983912,-4.029019432464181,0.007465891391652963,0.007738096777519121,0.0073008783136634114,0.0073484441447618665,-4.847454099832279e-05,-4.84745409983214e-05,-4.7565831098455094e-05,-4.7565831098455094e-05,0.00043721846385570955,0.00038965263275725446,3.6459864145691916,1.7551870365081967
5,4,acceleration,10034,10077,4.3,12.9917457879587,29.147836052295588,True,True,0.6058929937014622,True,0.8505127430122013,0.5430224107010758,1.6634458084618386,0.3953488372093023,0.11727402346669914,-0.008916154669676,-0.008780665518280488,-0.008110950968069325,22.947920125932715,23.471689807772034,8.63849084251812,8.830697368008078,-0.26935001588437424,-0.2693500158843758,-0.19220652548995787,-0.19220652548995787,14.833198965253914,14.640992439763956,2.282427683925148,0.0401360053942592,0.04084318304280725,0.005644993886358943,0.0060610205159733555,-0.000496547318609025,-0.0004965473186090254,-0.0004160266296144126,-0.0004160266296144126,0.035198189156448303,0.034782162526833894,1.7619532427340219,0.30871714428625713,0.29930940229906233,0.0778506811059886,0.07944826308023784,-0.0005695967584018177,-0.0005695967584018052,-0.0015975819742492375,-0.0015975819742492375,0.22145872119307375,0.2198611392188245,-3.0473662254634917,0.009842100906181808,0.009720665184235505,0.0034074792417811907,0.0034723417387336293,-4.6508302181308916e-05,-4.6508302181308414e-05,-6.486249695243857e-05,-6.486249695243857e-05,0.006313185942454315,0.006248323445501876,-1.2338394322906108,30.260261897777532
5,5,deceleration,3410,3584,17.400000000000002,30.00883328611598,12.055113014139115,True,True,0.5858337902005413,True,1.1675670207246407,0.6586458776155578,5.396978503671628,0.04597701149425287,0.0037954217056618473,0.00245298669024381,0.0024505941628727604,0.0021797743874438125,30.773745972330236,24.51674633159127,35.06720362714037,35.73351958217223,-1.3471325578899542,-1.3471325578899496,-0.6663159550318554,-0.6663159550318554,-10.550457295549101,-11.216773250580957,-20.332265192430114,0.02173440749485067,0.013559281739608653,0.023083764345538958,0.024525989994868932,-0.0024833250640817,-0.002483325064081693,-0.0014422256493299736,-0.0014422256493299736,-0.009524482605930305,-0.010966708255260279,-37.613750258335195,0.2709597346352473,0.1978497511625523,0.31595003619379763,0.32148832037119496,-0.0028484713975054483,-0.0028484713975053255,-0.0055382841773973235,-0.0055382841773973235,-0.11810028503124534,-0.12363856920864266,-26.981862663510533,0.014956959651526632,0.014520679918062697,0.013826014565750574,0.014050871221852362,-0.0002326872507427033,-0.0002326872507426997,-0.0002248566561017882,-0.0002248566561017882,0.0006946653523121227,0.00046980869621033455,-2.9169011859934018,-1.0604826093483837
5,5,acceleration,5485,5569,8.4,11.611022537176432,29.441594920251735,True,True,0.4989471399695526,True,0.3904541610158072,0.2701736054251461,3.8682489166233416,0.0,0.023728982222342324,-0.005170650058215126,-0.005149379769909208,-0.005132542412068448,35.8197190882565,35.42493107317951,16.866251574896335,17.250664625876247,-0.6488745464148573,-0.6488745464148558,-0.3844130509799122,-0.3844130509799122,18.558679498283173,18.17426644730326,-1.102152739121904,0.052862219276305175,0.053755789932374475,0.011008079841742378,0.011840133100971208,-0.0011954035047757284,-0.0011954035047757293,-0.0008320532592288304,-0.0008320532592288304,0.04274771009063209,0.04191565683140327,1.6903767346556167,0.3633193347717434,0.3671133560482215,0.15200609416173358,0.15520125811023205,-0.0013699823806050098,-0.0013699823806049838,-0.003195163948498475,-0.003195163948498475,0.2151072618864879,0.21191209793798943,1.0442662730464662,0.013073555834286136,0.013069440538725493,0.00665345421664454,0.006783179210549416,-0.00011258565367944295,-0.00011258565367944316,-0.00012972499390487627,-0.00012972499390487627,0.006415986322080953,0.006286261328176077,-0.03147801266010625,14.918893604276917
5,5,deceleration,7946,8079,13.3,30.31697063064699,16.783515204516906,True,True,0.5270603142914175,True,0.7037911660262839,0.40341172871243425,5.633557924655804,0.0,0.0056350102663845075,0.0021603875661063863,0.0021567987475144294,0.0019151519580323695,19.78211573805206,19.25769207902605,27.070090725350116,27.31355232430406,-0.5513564826822729,-0.551356482682273,-0.24346159895394237,-0.24346159895394237,-7.812398646324066,-8.055860245278009,-2.650998841429533,0.01040179577973446,0.010943130702257551,0.01821991034569282,0.01874687740987108,-0.0010197492291154123,-0.001019749229115418,-0.0005269670641782596,-0.0005269670641782596,-0.007276779643435269,-0.007803746707613529,5.204244862966452,0.15880025885233617,0.15731963882657649,0.24371172150715173,0.24573532534120077,-0.0011751089365013676,-0.0011751089365013012,-0.002023603834049037,-0.002023603834049037,-0.08639208268057524,-0.08841568651462428,-0.9323788490398333,0.010025301099790792,0.011131959499983116,0.010657874587230151,0.010740033750036576,-9.29316302790204e-05,-9.293163027902264e-05,-8.215916280642464e-05,-8.215916280642464e-05,0.00047408491275296484,0.0003919257499465402,11.038654990775463,1.8645487831707044
5,5,acceleration,10061,10101,4.0,17.03127858835593,29.06682419911217,True,True,0.4900514997352749,True,0.2922208585492182,0.3462027123939593,6.603381797442179,0.25,0.10489354262646397,-0.006527137172133157,-0.006413097701654248,-0.006221212075249992,20.790926238777836,20.906891501203614,8.086464519138241,8.214602202798213,-0.13274282317339772,-0.13274282317339736,-0.1281376836599719,-0.1281376836599719,12.820426982065372,12.6922892984054,0.5577686202815125,0.035933488016329056,0.03556198864680442,0.0053608075331004895,0.0056381586195100985,-0.0002453422615326668,-0.0002453422615326679,-0.00027735108640960897,-0.00027735108640960897,0.03020118111370393,0.029923830027294318,-1.0338527931266206,0.22690655762139272,0.24421609380356557,0.07284030635537292,0.07390536100487241,-0.0002824491713391582,-0.00028244917133915526,-0.0010650546494994917,-0.0010650546494994917,0.17137578744819265,0.17031073279869316,7.628486529267635,0.0076641835394045425,0.008309501389356279,0.003186843673721906,0.0032300853383568644,-2.2489613184268773e-05,-2.2489613184269088e-05,-4.324166463495847e-05,-4.324166463495847e-05,0.005122657715634372,0.0050794160509994146,8.419916441639302,15.033737101155012
5,6,deceleration,3442,3596,15.4,29.36851423352823,11.55932319458334,True,True,0.5549796465297689,True,0.6999065652193279,0.4643052652962948,5.447277665179964,0.0,0.0051221947025654095,0.0028255609121445625,0.0028220499640979756,0.0026554380740077925,25.301741293578896,21.292984407662487,30.934274989009264,31.62621848077312,-1.1884277173095714,-1.188427717309569,-0.6919434917638547,-0.6919434917638547,-9.641290581346777,-10.333234073110631,-15.84379841451369,0.015311614237764509,0.01165069265136303,0.020209214818501988,0.02170691068511388,-0.0021892417829938752,-0.002189241782993876,-0.0014976958666118936,-0.0014976958666118936,-0.008558522167138958,-0.010056218033750852,-23.90944239812544,0.21242520729699751,0.17087378783849425,0.2787843447614615,0.2845356398687588,-0.0025086964263613706,-0.002508696426361312,-0.005751295107297272,-0.005751295107297272,-0.10791055692296728,-0.11366185203026455,-19.56049377906883,0.012298675153722224,0.012931380445380097,0.012202323563645147,0.012435828552673929,-0.00020631614585547685,-0.0002063161458554768,-0.00023350498902878145,-0.00023350498902878145,0.0007290568817349494,0.000495551892706168,5.144499580236351,-3.0233137259132477
5,6,acceleration,5434,5583,14.9,10.711403396969644,28.15720604061905,True,True,0.7240783916112469,True,2.1708976059804646,0.5423822005892442,5.909657362513034,0.0,0.005453353162252165,-0.0030123517531772783,-0.0030083556978592147,-0.003652365512671028,44.878876293001476,44.738107223782734,29.71524318816954,30.599393205423343,-1.1290719448683137,-1.1290719448683078,-0.8841500172538019,-0.8841500172538019,15.022864035613193,14.13871401835939,-0.3136644248837697,0.053573471080340315,0.047830280170600724,0.01908841836144881,0.021002140857675117,-0.002077368311388296,-0.0020773683113883036,-0.0019137224962263062,-0.0019137224962263062,0.028741861809151913,0.026828139312925606,-10.720214303693217,0.4378117554301394,0.4259114624596886,0.26794859266160326,0.2752974697431497,-0.002376425657660794,-0.00237642565766083,-0.007348877081546468,-0.007348877081546468,0.15796286979808533,0.15061399271653886,-2.718130069111338,0.016958307389593547,0.01688864107517964,0.011733700399398105,0.01203206788537932,-0.00019774213211405878,-0.0001977421321140583,-0.0002983674859812161,-0.0002983674859812161,0.005154940675781535,0.004856573189800319,-0.4108093621221789,19.466941395484127
5,6,acceleration,10080,10136,5.6000000000000005,16.518772279010953,30.41964465361405,True,True,0.5014370119417074,True,0.3174374302747044,0.2866563548340543,6.546989801637332,0.0,0.051682741657246664,-0.00528841575949402,-0.005240288880884993,-0.004994698400600045,28.038590722379052,27.987473545545804,11.372305400257527,11.500443083917498,-0.24540857191527746,-0.24540857191527543,-0.12813768365997014,-0.12813768365997014,16.615168145288276,16.487030461628308,-0.18231007877456856,0.04622829993647623,0.04615727467004205,0.007616070980904528,0.00789342206731414,-0.00045383889289096524,-0.00045383889289096237,-0.00027735108640961157,-0.00027735108640961157,0.03854120368913752,0.03826385260272791,-0.1536402301875273,0.3031448061564006,0.32196123721987047,0.10240245075732186,0.10346750540682137,-0.0005228997622645302,-0.0005228997622645226,-0.0010650546494995056,-0.0010650546494995056,0.21955878646254862,0.2184937318130491,6.207076842926993,0.010293024137053384,0.01099502142988971,0.004478877809064651,0.004522119473699611,-4.1398769040419324e-05,-4.139876904042054e-05,-4.3241664634959334e-05,-4.3241664634959334e-05,0.006516143620825058,0.006472901956190099,6.820126752731863,14.528181930058324
5,7,deceleration,3492,3604,11.200000000000001,29.70426796264266,11.193466783601115,True,True,0.4239182778443501,True,1.3468221813325705,0.7612686237886188,4.79466857055535,0.0625,0.011897422542260977,0.004041177623959617,0.004031748162086076,0.004190698190414663,16.367639206526206,14.718769693996737,22.513962969927093,23.000886167834995,-0.9340708591082614,-0.9340708591082638,-0.4869231979079025,-0.4869231979079025,-7.795193275930355,-8.282116473838258,-10.073960524936435,0.008588106675091325,0.00781401213376127,0.014732910006271761,0.01578684413462828,-0.0017206513230223635,-0.001720651323022359,-0.0010539341283565175,-0.0010539341283565175,-0.006918897872510491,-0.007972832000867009,-9.013564579667069,0.13330175948876366,0.11618877259479425,0.20288780314554478,0.20693501081364274,-0.0019716787603405533,-0.0019716787603405728,-0.004047207668097963,-0.004047207668097963,-0.08669903055075052,-0.09074623821884849,-12.837780206053399,0.008870105807448361,0.009550368609905121,0.008879920621786372,0.009044238947399221,-0.00016218011161167378,-0.00016218011161167438,-0.00016431832561284929,-0.00016431832561284929,0.0006704479881187494,0.0005061296625059001,7.669162208702551,-1.331040421501669
5,7,acceleration,5460,5640,18.0,10.904446912021202,30.28638754901794,True,True,0.618260709634075,True,1.4349485788822642,0.3799332101904615,3.7045649300154726,0.0,0.003761816483854863,-0.0026141118380393156,-0.0026117280379622508,-0.0029289622879364566,54.729763756903246,54.99701112558295,36.22251134736412,36.965709912591954,-1.6403560468981482,-1.6403560468981553,-0.7431985652278357,-0.7431985652278357,18.774499778218832,18.031301212990996,0.48830353053734127,0.06356033061423001,0.05981355050195119,0.02376307748661971,0.025371713787795444,-0.0030222360494825354,-0.0030222360494825407,-0.0016086363011757338,-0.0016086363011757338,0.03605047301533148,0.034441836714155745,-5.894840502041044,0.5247695312744295,0.5261984308293015,0.3263968075548288,0.3325741245219258,-0.0034640169808290776,-0.003464016980829099,-0.006177316967097002,-0.006177316967097002,0.1998016232744727,0.1936243063073757,0.27229087622558146,0.020574912922817264,0.020630373018207852,0.014284582367723125,0.014535384022605891,-0.0002844433129303609,-0.000284443312930361,-0.0002508016548827662,-0.0002508016548827662,0.006345790650484727,0.006094988995601961,0.2695520296908942,19.60347020711371
5,7,acceleration,10103,10157,5.4,16.26285936518416,28.358617449186227,True,True,0.5377352318317975,True,0.3066914446941837,0.22565994291427943,3.993806414942163,0.0,0.049313429350529736,-0.005019903778755586,-0.004970867016565144,-0.0047568297075646325,24.34058532184449,24.015845262837537,10.859065143189637,11.089712973777587,-0.1842078497932725,-0.18420784979327465,-0.2306478305879498,-0.2306478305879498,13.1567801196479,12.92613228905995,-1.3341505749063236,0.03805959380566945,0.037781661630724536,0.007112282180801337,0.007611514136338634,-0.0003401266518558733,-0.00034012665185587446,-0.000499231955537297,-0.000499231955537297,0.0306693794499232,0.0301701474943859,-0.7302552317400529,0.2534017507902492,0.2510925997037196,0.09785513898747866,0.09977223735657775,-0.00039103070115480685,-0.00039103070115480143,-0.0019170983690990906,-0.0019170983690990906,0.15323746071624095,0.15132036234714186,-0.9112609046024105,0.008961278935334847,0.008849410939415239,0.0042827802104388425,0.004360615206781767,-3.143853165766743e-05,-3.1438531657667496e-05,-7.783499634292455e-05,-7.783499634292455e-05,0.004566630728976396,0.0044887957326334715,-1.2483485530006966,20.695051052024695
5,9,deceleration,3512,3636,12.4,30.28094877370831,9.710966323782422,True,True,0.402201523817857,True,1.797898896586826,0.8211938910980308,4.581828402906953,0.0,0.010222735955293903,0.004148012287907194,0.0041400971337459645,0.004223177202372667,17.688855437520647,16.290707221809743,24.952716094034564,25.46526682867446,-1.290096108147674,-1.2900961081476723,-0.5125507346398948,-0.5125507346398948,-8.66200887222482,-9.174559606864715,-7.904119181986346,0.009729478986838104,0.00862626788809102,0.01636888737484286,0.017478291720481307,-0.002375196900977664,-0.0023751969009776688,-0.0011094043456384463,-0.0011094043456384463,-0.007742619486751839,-0.008852023832390286,-11.338850726123063,0.13834570315924385,0.1284323992181535,0.22484640051710655,0.22910661911510447,-0.0027196445546351527,-0.0027196445546351644,-0.004260218597997911,-0.004260218597997911,-0.09641400129895306,-0.10067421989695097,-7.165603061541835,0.010383112779834686,0.010548871601251246,0.009840297890366442,0.01001326454890628,-0.0002248761358062252,-0.00022487613580622276,-0.00017296665853983907,-0.00017296665853983907,0.0007085737108848047,0.0005356070523449656,1.5964270535372063,-1.1792048430702025
5,9,acceleration,5497,5658,16.1,10.905009578972006,27.921114441254023,True,True,0.6596202264111212,True,1.5394763746340463,0.3840307737825816,5.490470151416252,0.0,0.004375060167767443,-0.0027221386367914796,-0.002719041503101592,-0.0030729182394569547,47.08594859010004,47.12103968381584,32.077113702081014,33.06377386626281,-1.1611901039091275,-1.1611901039091315,-0.9866601641817923,-0.9866601641817923,15.043925981734823,14.05726581755303,0.07452561701852835,0.050985183660343804,0.04875710119053895,0.020557985078174152,0.022693588443528152,-0.0021364097103184483,-0.002136409710318452,-0.0021356033653540003,-0.0021356033653540003,0.028199116112364798,0.026063512747010797,-4.3700587304892915,0.44512453060483653,0.44496180048590045,0.2892681572434654,0.2974690780446115,-0.0024438821242714374,-0.002443882124271435,-0.008200920801146094,-0.008200920801146094,0.15569364324243506,0.14749272244128897,-0.036558335420194626,0.017666378156644645,0.017793125185958086,0.012668132669197195,0.013001093486886382,-0.00020340307112509377,-0.0002034030711250967,-0.0003329608176891874,-0.0003329608176891874,0.005124992516760891,0.004792031699071704,0.7174477314455576,22.510501150770523
5,9,acceleration,10139,10211,7.2,17.05560428535704,29.896776233139956,True,True,0.4378303525232245,True,0.658331755090057,0.4608488141180425,4.319962144005294,0.0,0.025251777346387103,-0.0037985211487967505,-0.003777371624653543,-0.003823744537240571,31.20520943450211,31.11608417024117,14.632518744644814,14.786283965036782,-0.26920671166307214,-0.26920671166306853,-0.15376522039196772,-0.15376522039196772,16.483565425596353,16.329800205204386,-0.2856102102054727,0.0452684425997164,0.046862372344180045,0.009815864211426648,0.010148685515118178,-0.0004978540832407504,-0.0004978540832407518,-0.00033282130369153076,-0.00033282130369153076,0.0370465081327534,0.03671368682906187,3.5210615893236628,0.31664540790579326,0.325479686490804,0.13175158422937094,0.13302964980877033,-0.0005736204908776921,-0.0005736204908776688,-0.0012780655793993845,-0.0012780655793993845,0.19372810226143306,0.19245003668203367,2.7899594828923164,0.011267901858554202,0.011440927639336584,0.0057622636114804055,0.005814153609042356,-4.541005873729112e-05,-4.541005873729114e-05,-5.1889997561950854e-05,-5.1889997561950854e-05,0.005678664027856178,0.005626774030294227,1.535563434562811,18.929168458391004
5,10,acceleration,1087,1207,12.0,9.930782730813323,29.699579240660043,True,True,0.5305524293178718,True,1.2070711391152082,0.6073823937375454,4.380187953915666,0.0,0.010673041937352712,-0.0041569131019788185,-0.0041484496898868016,-0.004152326330522826,42.947055244308245,44.30265919029639,24.054373263558762,24.643806608394637,-1.1577810598863518,-1.1577810598863536,-0.5638058081038828,-0.5894333448358751,20.248285926737626,19.65885258190175,3.156453773784178,0.055391788606148525,0.0594187406549428,0.015638660861046094,0.016914475858530297,-0.0021311366013667507,-0.0021311366013667555,-0.0012203447802022795,-0.001275814997484203,0.043780079793896705,0.042504264796412505,7.269944065946411,0.4241594281740314,0.4366307898632161,0.2168168316269196,0.22171608301461723,-0.00243945883384496,-0.0024394588338449985,-0.004686240457797752,-0.004899251387697645,0.21981395823629649,0.21491470684859884,2.940253324763467,0.01595035369640439,0.01627500369783197,0.009491344357749783,0.009690256015070594,-0.00020212325190928327,-0.0002021232519092836,-0.00019026332439381864,-0.00019891165732081016,0.0067836593400821855,0.006584747682761375,2.035378071276023,29.372330528937084
5,10,deceleration,3529,3646,11.700000000000001,29.9676621124976,10.424739820201738,True,True,0.2828572388422408,True,2.893019886475625,1.1606665840571735,4.976897224774081,0.10256410256410256,0.011248116275841203,0.004135270889413523,0.004126419524897524,0.0050183968453043504,17.432090680895158,15.345966183923382,23.527974476910874,24.027711443184774,-1.0938259997952084,-1.0938259997952144,-0.4997369662739004,-0.4997369662739004,-8.182008292987492,-8.681745259261392,-11.967150327287369,0.009777131992219794,0.00811762716437934,0.015409944725069551,0.01649161396206704,-0.002014324054857187,-0.002014324054857193,-0.001081669236997488,-0.001081669236997488,-0.007292317560690211,-0.008373986797687699,-16.973329491317223,0.13922514238866104,0.12099456387633928,0.2120194678062038,0.2161731809392518,-0.002307211191456272,-0.002307211191456243,-0.00415371313304802,-0.00415371313304802,-0.09102490392986451,-0.09517861706291253,-13.094314862633981,0.009795307755338534,0.009963919622254264,0.009279357122617488,0.00944799961469383,-0.00019033623209801695,-0.00019033623209802064,-0.00016864249207634158,-0.00016864249207634158,0.0006845624996367761,0.0005159200075604345,1.721353439087549,-1.454761619537841
5,10,acceleration,5571,5663,9.200000000000001,10.711174876998658,27.664467216587106,True,True,0.5052193676948968,True,0.5364879848713309,0.4152831035030648,1.4450562111179428,0.0,0.01792071369457187,-0.0048018718823068796,-0.004785356556568675,-0.004708404062567066,34.31382419700605,34.67345665885807,18.27852418486803,18.89358506643589,-0.6619225147051525,-0.6619225147051502,-0.5894333448358644,-0.6150608815678602,16.394932473990043,15.779871592422182,1.0480687310958523,0.04619009461865388,0.048943267172392946,0.0116364796101071,0.012967764824873228,-0.0012175192634921114,-0.001217519263492112,-0.0012758149974842047,-0.0013312852147661283,0.037306787562285844,0.035975502347519714,5.960525901644716,0.3366750618989275,0.34307460842716453,0.16487006799360898,0.16998233031120655,-0.0013922367468280333,-0.0013922367468279795,-0.004899251387697673,-0.005112262317597566,0.17820454043355555,0.17309227811595798,1.9008080052446052,0.012705907391384667,0.012810171536940595,0.007221636287972985,0.007429196278220789,-0.00011616308796703733,-0.00011616308796703802,-0.0001989116573208119,-0.00020755999024780428,0.00558853524896761,0.005380975258719806,0.8205958247942625,32.860831392789564
5,10,acceleration,10155,10219,6.4,17.227829123229018,29.78557536832189,True,True,0.3873010927768733,True,0.7161393682172625,0.3628238304302956,2.918310029834486,0.0,0.0332835214273282,-0.004173592344601357,-0.004144326667857115,-0.004145074382406705,28.177472892252304,28.53684079514495,12.989598304085174,13.14336352447714,-0.22867883815587886,-0.2286788381558793,-0.15376522039196594,-0.15376522039196594,15.547242491059777,15.39347727066781,1.275373076453065,0.04366956424447449,0.04419949094690495,0.008688232487524627,0.009021053791216158,-0.00042292228535259117,-0.0004229222853525897,-0.00033282130369153076,-0.00033282130369153076,0.03551125845938032,0.035178437155688795,1.2134920776030245,0.29764868158643226,0.3009669725607891,0.11697051202839648,0.11824857760779585,-0.0004873138347727424,-0.00048731383477274015,-0.0012780655793993706,-0.0012780655793993706,0.1839964605323926,0.18271839495299325,1.1148347631411368,0.010387145449972051,0.010500829940864766,0.005116246543809032,0.005168136541370984,-3.856153018724643e-05,-3.856153018724686e-05,-5.188999756195172e-05,-5.188999756195172e-05,0.005384583397055734,0.005332693399493782,1.094472889017074,24.697979526371142
5,11,acceleration,5532,5700,16.8,10.584778957576049,30.74313904801794,True,True,0.6407229046861515,True,1.7104344761406802,0.5149821189948384,4.2089689356342115,0.0,0.004655607760475648,-0.002903370032270505,-0.0029003340656444006,-0.0033424590559628666,53.54092032556248,55.076498942309875,33.86064083345263,34.501329251752495,-1.6535431018917455,-1.6535431018917421,-0.6406884182998667,-0.6406884182998667,21.215858108857248,20.57516969055738,2.868046733993569,0.062317122090139204,0.06402657374283165,0.022293510769894366,0.023680266201942416,-0.003046786759627997,-0.0030467867596279917,-0.00138675543204805,-0.00138675543204805,0.04173306297293728,0.040346307540889234,2.7431492266600337,0.49664238370551955,0.5233364504244719,0.3050772429729667,0.3104025162204641,-0.0034925657324210066,-0.0034925657324210158,-0.005325273247497431,-0.005325273247497431,0.21825920745150518,0.21293393420400775,5.374907095077965,0.01969351144488768,0.020236122175776944,0.013350150097924037,0.013566358421098832,-0.00028655606401452685,-0.00028655606401452836,-0.00021620832317479494,-0.00021620832317479494,0.006885972077852907,0.006669763754678112,2.755276693076101,3.635588337566716
5,11,acceleration,10182,10270,8.8,17.373766039282277,29.953250119660314,True,True,0.511778152465605,True,0.5093037243083662,0.33016978236532946,4.5849237771927775,0.0,0.014880830502636997,-0.003020445705925911,-0.0030091072367185528,-0.0030611714728550348,33.831352660791175,34.10792918260753,17.89273208903211,18.07212484615607,-0.31432222929242387,-0.31432222929242926,-0.17939275712395997,-0.17939275712395997,16.21519709357542,16.03580433645146,0.8175154111910236,0.04292494581381378,0.046136932669469895,0.012015657441948765,0.012403948962922219,-0.0005814397043185333,-0.0005814397043185319,-0.0003882915209734543,-0.0003882915209734543,0.03412127522752113,0.033732983706547676,7.482797694347836,0.322196611068667,0.33990697859177627,0.16110071770142,0.16259179421071931,-0.000670169863981236,-0.0006701698639812459,-0.001491076509299305,-0.001491076509299305,0.17880626089035626,0.17731518438105695,5.496757853649437,0.012040979910181729,0.012424237538242287,0.00704564941389616,0.007106187744385103,-5.2916457873224964e-05,-5.291645787322639e-05,-6.053833048894324e-05,-6.053833048894324e-05,0.005378588124346127,0.005318049793857184,3.1829438377891437,28.1580131218727
5,12,deceleration,3556,3612,5.6000000000000005,30.145513619877555,10.81870825019333,True,True,0.3707976447751203,True,1.5325673350039961,1.0762068507482216,4.00225375520158,0.2857142857142857,0.07185608658678228,0.00842495008335053,0.00834827938112359,0.009814878488542855,6.107850358958324,6.268067265398219,11.26979525332955,11.500443083917498,-0.5087369101444403,-0.508736910144437,-0.23064783058794802,-0.23064783058794802,-5.00172798793133,-5.232375818519278,2.623130840212977,0.0023127281154530564,0.0027814982689667433,0.00739419011177684,0.00789342206731414,-0.0009371816310311305,-0.0009371816310311306,-0.0004992319555372996,-0.0004992319555372996,-0.004612691842810096,-0.005111923798347396,20.269142333743638,0.042920557291768344,0.04596964980622392,0.10155040703772228,0.10346750540682137,-0.0010739685731207917,-0.0010739685731207954,-0.0019170983690990906,-0.0019170983690990906,-0.05558075723149836,-0.05749785560059745,7.104037568124397,0.004531362514253458,0.004824143865512664,0.004444284477356683,0.004522119473699611,-8.830480569692586e-05,-8.830480569692583e-05,-7.783499634292715e-05,-7.783499634292715e-05,0.0003798593881559802,0.00030202439181305305,6.46122110818232,-0.576029924553918
5,12,deceleration,7887,7959,7.2,30.56804603059894,17.723614880207514,True,True,0.4020918558367654,False,0.7630784783401522,0.4305795690423729,5.416542435466653,0.0,0.02525818647001975,0.0036941135120257948,0.003673545311968227,0.003758803916558246,7.7962218225396365,9.220478257015325,14.709401354840798,14.786283965036782,-0.26496948473165216,-0.2649694847316564,-0.07688261019598386,-0.07688261019598386,-5.488923097825474,-5.565805708021458,18.268546828131853,0.003110283505200516,0.004771828205140707,0.009982274863272411,0.010148685515118178,-0.0004904809206848922,-0.0004904809206848892,-0.00016641065184576712,-0.00016641065184576712,-0.005210446658131704,-0.005376857309977471,53.42100477856835,0.05534619651236971,0.07186573545303972,0.13239061701907068,0.13302964980877033,-0.0005658668325340678,-0.0005658668325340122,-0.0006390327896996506,-0.0006390327896996506,-0.06052488156603096,-0.06116391435573061,29.847649850659455,0.006021396506994957,0.006132117563476371,0.00578820861026138,0.005814153609042356,-4.437899809236041e-05,-4.437899809235993e-05,-2.5944998780976294e-05,-2.5944998780976294e-05,0.00034390895321499085,0.00031796395443401456,1.8387936478322051,
5,13,deceleration,3572,3620,4.800000000000001,29.886130249424628,10.195768903132832,True,True,0.3805582896237736,False,1.3449972109831558,1.0151750953112957,3.2086668003485364,0.3125,0.10818968234967465,0.010234441731908395,0.010108752417315073,0.011629348622947847,4.769554777140894,5.212405734592472,9.6525023495019,9.857522643357855,-0.45713445563116484,-0.45713445563116295,-0.20502029385595577,-0.20502029385595577,-4.440096614909428,-4.645116908765384,9.284953798497817,0.0017441577103150935,0.0022469414456603963,0.006322028605156743,0.00676579034341212,-0.0008416755195601591,-0.0008416755195601606,-0.00044376173825537695,-0.00044376173825537695,-0.0040750871594963465,-0.0045188488977517234,28.826735814760216,0.032539419369474055,0.03771387638352849,0.08698234576664769,0.0886864332058469,-0.0009638064081992671,-0.0009638064081992498,-0.0017040874391992117,-0.0017040874391992117,-0.049268469383119205,-0.05097255682231842,15.902118459153282,0.0041435840028204145,0.004169691174265236,0.003806915742612303,0.003876102406028238,-7.965221807284334e-05,-7.965221807284357e-05,-6.91866634159352e-05,-6.91866634159352e-05,0.00036277543165293266,0.00029358876823699746,0.630062560021727,
5,13,deceleration,7926,7965,3.9000000000000004,27.80727696379287,19.03181858775061,True,True,0.5576437449357852,True,0.30831907088588084,0.2663185802094672,5.826096213750381,0.0,0.08153277318973168,0.0048039303616409556,0.004715804302952239,0.0040623584718969255,5.026675745801077,4.667420139984467,7.893913232434284,8.009237147728259,-0.0681937281184546,-0.06819372811845437,-0.1153239152939749,-0.1153239152939749,-3.226493092449817,-3.341817007743792,-7.146981901840527,0.0027243658515288005,0.002264332493632541,0.005247588676253699,0.005497204654022347,-0.00012610332286754422,-0.000126103322867545,-0.00024961597776864807,-0.00024961597776864807,-0.002983256182621158,-0.003232872160389806,-16.88588768788553,0.03989186647423919,0.03548016351567942,0.07109917779520106,0.0720577269797506,-0.00014527861939057042,-0.00014527861939055142,-0.0009585491845495453,-0.0009585491845495453,-0.03561901427952164,-0.036577563464071185,-11.059154029327502,0.0034345406480481215,0.0033618459654693998,0.0031104157067264795,0.0031493332048979435,-1.1509751654462685e-05,-1.1509751654462455e-05,-3.891749817146401e-05,-3.891749817146401e-05,0.0002514302587429203,0.00021251276057145628,-2.116576568107724,25.701966123959693
5,13,deceleration,12507,12640,13.3,30.948113336843967,11.02931631803758,True,True,0.6867051549319675,True,2.4191593507827567,0.8777781592575628,3.830418520061972,0.0,0.008293715253111128,0.003567759921227775,0.0035618331869055214,0.002709796271058345,22.76263725210054,17.657733138231634,26.86507043149416,27.31355232430406,-1.2687028422497175,-1.2687028422497093,-0.44848189280989814,-0.44848189280989814,-9.207337293262526,-9.655819186072424,-22.426681308194304,0.015574097170965983,0.009406396023407976,0.017776148607437443,0.01874687740987108,-0.0023386211016755087,-0.0023386211016755143,-0.0009707288024336375,-0.0009707288024336375,-0.008369752584029467,-0.009340481386463104,-39.60230297686948,0.1974705246658328,0.13970553612089523,0.2420076340679525,0.24573532534120077,-0.002682288712269503,-0.0026822887122694983,-0.0037276912732482625,-0.0037276912732482625,-0.10230209794705727,-0.10602978922030554,-29.252461167401915,0.01171219501268607,0.011278503892691095,0.010588687923814219,0.010740033750036576,-0.00021922595465981924,-0.00021922595465981992,-0.0001513458262223568,-0.0001513458262223568,0.0006898159688768762,0.0005384701426545194,-3.702902141957361,-5.734784159961755
5,14,deceleration,3585,3630,4.5,28.8494874876776,11.246168059311485,True,True,0.4019434702364015,True,1.1191742042572252,0.9817170615188047,3.834054158344477,0.26666666666666666,0.11389276396129798,0.009756290821270457,0.00962051303655244,0.010865671130227865,4.471457603569586,4.914308561021165,9.023593415926038,9.241427478147989,-0.3424759866202343,-0.3424759866202365,-0.21783406222195012,-0.21783406222195012,-4.109284854904874,-4.327118917126824,9.903950718397697,0.0016351478534203994,0.002137931588765703,0.005871431600052526,0.006342928446948861,-0.0006305716092053897,-0.00063057160920539,-0.00047149684689633525,-0.00047149684689633525,-0.003733500011286823,-0.004204996858183158,30.74851820241095,0.030505705658881926,0.03568016267293636,0.08133293822633234,0.08314353113048145,-0.0007220786656422346,-0.0007220786656422368,-0.0018105929041491164,-0.0018105929041491164,-0.045652775553395974,-0.04746336845754509,16.962259689763513,0.0038846100026441385,0.0039107171740889604,0.0035603351757720423,0.003633846005651473,-5.967032702735151e-05,-5.967032702735133e-05,-7.351082987943052e-05,-7.351082987943052e-05,0.00035038199831691815,0.00027687116843748763,0.6720667306898646,-1.4586214590203284
5,14,deceleration,7929,7992,6.300000000000001,29.424028336170444,17.67737056323311,True,True,0.5132364010140732,False,0.36557248121116576,0.31285197893468997,7.654647970958922,0.0,0.03240161842487371,0.003958584875216432,0.0039299588921128574,0.003907415442616423,8.031444474803733,7.988435578591109,12.822674554113215,12.937998469407187,-0.1967559232877604,-0.1967559232877658,-0.11532391529397223,-0.11532391529397223,-4.834238975522106,-4.949562890816078,-0.535506363115019,0.004300341936169774,0.004089957496430168,0.008630483847959758,0.008880099825728406,-0.0003639058122382197,-0.00036390581223822577,-0.00024961597776864894,-0.00024961597776864894,-0.00454052635152959,-0.004790142329298239,-4.892272355602286,0.06340581597865237,0.062037199568019855,0.11544239439812451,0.11640094358267405,-0.00041934755893478765,-0.00041934755893477393,-0.0009585491845495453,-0.0009585491845495453,-0.053405194830104655,-0.0543637440146542,-2.158502953567077,0.005542882689481078,0.005369294816739574,0.005048466909740598,0.005087384407912062,-3.316322945378692e-05,-3.316322945378595e-05,-3.891749817146444e-05,-3.891749817146444e-05,0.000320827906998976,0.0002819104088275116,-3.131725538246156,
5,14,deceleration,12539,12651,11.200000000000001,29.896996627956405,10.688876913873482,True,True,0.7006500358628084,True,2.145765003599148,0.760804332159174,4.4036580880264875,0.0,0.012345609153834211,0.004225634535104502,0.004215774671607541,0.0032348743981547652,17.07920301848243,14.541629311016107,22.513962969927093,23.000886167834995,-1.0093140802028007,-1.0093140802028024,-0.4869231979079025,-0.4869231979079025,-7.972333658910985,-8.459256856818888,-14.85768220402476,0.010334286838916776,0.007612898639623148,0.014732910006271761,0.01578684413462828,-0.0018589074820201804,-0.001858907482020184,-0.0010539341283565175,-0.0010539341283565175,-0.007120011366648613,-0.00817394549500513,-26.33358490733435,0.14340188743331939,0.11411898978917245,0.20288780314554478,0.20693501081364274,-0.0021295433924997556,-0.0021295433924997664,-0.004047207668097963,-0.004047207668097963,-0.08876881335637232,-0.09281602102447029,-20.420161943658673,0.00956396297791547,0.009539925741327194,0.008879920621786372,0.009044238947399221,-0.00017548309465669753,-0.00017548309465669626,-0.00016431832561284929,-0.00016431832561284929,0.0006600051195408217,0.0004956867939279724,-0.25133134291487136,-5.1344174492401535
5,15,deceleration,3594,3632,3.8000000000000003,30.19891213541051,12.504660548009111,True,True,0.3818293391068606,True,1.0933602216212417,0.8548423305789463,1.702622734791133,0.4473684210526316,0.1755420842513753,0.01090396354235834,0.010693685514099027,0.012594012159018437,3.817695207720691,4.041608106374153,7.675734408998331,7.8038720926583025,-0.28366693558302497,-0.2836669355830246,-0.1281376836599719,-0.1281376836599719,-3.6341263026241775,-3.7622639862841494,5.865132926291062,0.0014021667093906368,0.0016824617618732968,0.005078899602124986,0.005356250688534595,-0.0005231250669137528,-0.0005231250669137551,-0.00027735108640960897,-0.00027735108640960897,-0.003396437840251689,-0.003673788926661298,19.990137449809556,0.02614175069524762,0.028865047875932952,0.0691450383051293,0.0702100929546288,-0.0006003809650615264,-0.0006003809650615283,-0.0010650546494994917,-0.0010650546494994917,-0.04027999042919635,-0.04134504507869584,10.417424649300195,0.0032570435799992112,0.003296001638433054,0.003025339406804062,0.0030685810714390217,-4.885432385197419e-05,-4.88543238519744e-05,-4.324166463495977e-05,-4.324166463495977e-05,0.0002706622316289921,0.00022742056699403233,1.1961171988325754,-1.8690003755167197
5,15,deceleration,7926,8015,8.9,30.341730007770824,17.051331469721628,True,True,0.5388833314237916,False,0.49363862031657124,0.34623866321742086,4.314399873100137,0.0,0.015278484205765282,0.0031508899403590272,0.003139321947929876,0.003058676594321288,12.961574923962099,12.30299016264226,18.13653844920005,18.277489901226023,-0.35455471209452266,-0.3545547120945223,-0.14095145202597337,-0.14095145202597337,-5.8335482865577895,-5.974499738583763,-5.0810550815264826,0.007439868873541593,0.006856337961775038,0.0122398167333594,0.01254490292840997,-0.0006558929245272065,-0.0006558929245272047,-0.00030508619505057073,-0.00030508619505057073,-0.005383478771584362,-0.005688564966634933,-7.84329565056941,0.10652416655383207,0.09918069904969636,0.16326786812139168,0.16443942823584112,-0.0007560335684611862,-0.0007560335684612118,-0.001171560114449438,-0.001171560114449438,-0.06408716907169533,-0.06525872918614477,-6.893710358601759,0.007462022241338379,0.007582973596498326,0.007139374046745567,0.007186939877844025,-5.9668897499972675e-05,-5.966889749997248e-05,-4.7565831098457696e-05,-4.7565831098457696e-05,0.0004435995497527592,0.0003960337186543015,1.620892450439187,
5,16,deceleration,7916,8035,11.9,30.5523675293002,18.797824801719283,True,True,0.5293440715711272,False,0.37935080720428527,0.21480340189475672,5.0582761743261075,0.0,0.006481806271264715,0.002001566059096496,0.001997422932937634,0.0019358463709415745,18.58636737262779,17.55444831471499,24.400000248226686,24.438441553324683,-0.3619833536070353,-0.3619833536070374,-0.03844130509799726,-0.03844130509799726,-6.845551933511697,-6.883993238609694,-5.552021205781786,0.01085069409865749,0.010135047116004445,0.016690316567119654,0.016773521893042542,-0.0006705765805773628,-0.0006705765805773665,-8.320532592288876e-05,-8.320532592288876e-05,-0.006555269451115208,-0.006638474777038097,-6.595402802310944,0.15505210719119597,0.14431459102046953,0.21954893259464556,0.2198684489894954,-0.0007744667673859905,-0.000774466767385934,-0.0003195163948498392,-0.0003195163948498392,-0.07523434157417602,-0.07555385796902586,-6.925101738530983,0.009548286037109764,0.009946161752546187,0.009596531382221189,0.009609503881611673,-6.0275803210077e-05,-6.02758032100751e-05,-1.297249939048381e-05,-1.297249939048381e-05,0.0003496303703249982,0.00033665787093451437,4.166985717542017,
5,18,deceleration,3620,3685,6.5,30.00368803201353,11.982839764646464,True,True,0.4044056772460381,True,0.9514987297489418,0.51137774921321,2.654345186546177,0.0,0.045922669638070596,0.006603161395975147,0.006558242302439024,0.007463598277126456,6.761305504478042,7.511664712218049,13.105266980593148,13.348728579547094,-0.5074586848722766,-0.5074586848722777,-0.24346159895394592,-0.24346159895394592,-5.5936022683751,-5.837063867329046,11.097845042544533,0.002627119293030042,0.003452948458307048,0.008635040692525651,0.00916200775670391,-0.0009354123247362809,-0.000935412324736283,-0.0005269670641782579,-0.0005269670641782579,-0.005182092234218604,-0.005709059298396862,31.434779816356162,0.04727771095169322,0.05593821920192763,0.11807260779886863,0.12009621163291766,-0.0010728825325041047,-0.0010728825325041214,-0.002023603834049023,-0.002023603834049023,-0.062134388596941,-0.06415799243099002,18.31837471802184,0.005551664939029721,0.005570142657774484,0.005166729512023482,0.005248888674829905,-8.768290084666677e-05,-8.768290084666674e-05,-8.215916280642291e-05,-8.215916280642291e-05,0.00040341314575100245,0.00032125398294457954,0.3328320233243941,-3.7499697066393978
5,18,deceleration,7916,8070,15.4,30.716581980455636,17.628743544694462,True,True,0.620386824936258,False,0.9157795646384859,0.3337449028200403,5.613942855029584,0.0,0.003764261754342632,0.0017578941282413746,0.0017557098274429712,0.00162475866866456,26.807658796706722,23.444657725109966,31.472453260381155,31.62621848077312,-0.5880345334501282,-0.5880345334501271,-0.15376522039196416,-0.15376522039196416,-8.027795535271188,-8.181560755663153,-12.544926422332319,0.017719969066963326,0.013706950781481689,0.02137408938142235,0.02170691068511388,-0.001088543513131493,-0.0010885435131314965,-0.00033282130369153076,-0.00033282130369153076,-0.007667138599940662,-0.007999959903632193,-22.64686958716767,0.23028467779125616,0.19439430778347186,0.2832575742893594,0.2845356398687588,-0.0012559174352233153,-0.0012559174352232416,-0.0012780655793994122,-0.0012780655793994122,-0.08886326650588752,-0.09014133208528693,-15.585218414017753,0.012688778774320569,0.012706076966468203,0.012383938555111976,0.012435828552673929,-9.845964768392684e-05,-9.845964768392598e-05,-5.188999756195259e-05,-5.188999756195259e-05,0.00032213841135622645,0.00027024841379427386,0.13632669034029857,
5,20,deceleration,7661,8132,47.1,27.907083315035045,17.655541319959546,True,True,0.8159887825233187,False,2.9413805907434645,0.47316110265986205,9.080521551787154,0.0,0.00017728946572138592,0.00047770474412293375,0.0004776405172240612,0.0004164247360508054,106.01289382133355,94.94582713507532,94.94582713507532,96.72694093794895,-1.1413024324133059,-1.141302432413326,-1.7811138028736337,-1.7811138028736337,0.0,-1.7811138028736337,-10.439359107496736,0.09676087276823646,0.06253413764363783,0.06253413764363783,0.06638931774473142,-0.002108651789562446,-0.00210865178956246,-0.0038551801010935915,-0.0038551801010935915,0.0,-0.0038551801010935915,-35.37249525082228,0.97250620232879,0.8554313662043299,0.8554313662043299,0.8702356258323726,-0.0024263522147187884,-0.0024263522147192074,-0.01480425962804266,-0.01480425962804266,0.0,-0.01480425962804266,-12.03846678243383,0.04392714999360086,0.03743319572072615,0.03743319572072615,0.03803425485915208,-0.00019388387121661285,-0.00019388387121662548,-0.0006010591384259314,-0.0006010591384259314,0.0,-0.0006010591384259314,-14.783463698010745,
5,20,acceleration,8158,8250,9.200000000000001,17.655541319959546,30.537022159336956,True,True,0.3990064322310225,False,0.722205868254568,0.29819438971397594,6.769802018492653,0.0,0.013616548659727746,-0.0029053465093291275,-0.0028953540011655626,-0.002760790594768283,35.97418133083794,36.04304534534157,18.765447382775925,18.89358506643589,-0.340944081768819,-0.34094408176881785,-0.1281376836599648,-0.1281376836599648,17.277597962565643,17.14946027890568,0.19142621723706232,0.04847973503371909,0.04873858825087797,0.01269041373846362,0.012967764824873228,-0.0006310715786637896,-0.0006310715786637909,-0.00027735108640960897,-0.00027735108640960897,0.03604817451241435,0.03577082342600474,0.5339410724477711,0.35348962181807325,0.3605894008324806,0.16891727566170706,0.16998233031120655,-0.0007279943694229699,-0.0007279943694230018,-0.0010650546494994917,-0.0010650546494994917,0.19167212517077353,0.19060707052127404,2.008483015114176,0.012999387637692329,0.013102434018145672,0.007385954613585827,0.007429196278220789,-5.713434731780794e-05,-5.713434731780768e-05,-4.3241664634961936e-05,-4.3241664634961936e-05,0.005716479404559845,0.005673237739924883,0.7927018050800747,
5,20,deceleration,8278,8312,3.4000000000000004,30.537022159336956,18.290221515307486,True,True,0.705777183730947,True,1.287255381532379,1.050858805848507,2.9067755623633076,0.38235294117647056,0.1608228962578991,0.007377029539946842,0.007200940719812284,0.005065730263032824,4.739388944360024,3.7327153997693943,6.9567843356464865,6.982411872378481,-0.11300077602000769,-0.11300077602000691,-0.025627536731994915,-0.025627536731994915,-3.224068935877092,-3.249696472609087,-21.240576715877964,0.0027704223361523935,0.0016376720330827667,0.004736964609301663,0.0047924348265835845,-0.0002092547732500186,-0.00020925477325001943,-5.5470217281921794e-05,-5.5470217281921794e-05,-0.003099292576218896,-0.0031547627935008178,-40.887278747644245,0.03850260909431718,0.027188320997954332,0.06260654592424165,0.06281955685414155,-0.00024154609879022227,-0.00024154609879023514,-0.0002130109298998928,-0.0002130109298998928,-0.03541822492628732,-0.035631235856187216,-29.385769854315637,0.0029822595443420715,0.0029559244058203174,0.0027369242046763435,0.0027455725376033355,-1.8870981922828458e-05,-1.887098192282846e-05,-8.648332926991954e-06,-8.648332926991954e-06,0.00021900020114397388,0.00021035186821698193,-0.8830599124652655,2.173371329412692
5,20,deceleration,12589,12718,12.9,28.20281964247352,10.349731440567384,True,True,0.6676582335389267,True,1.926365770434628,0.8323780951978791,6.485736639799035,0.05426356589147287,0.008029461175495039,0.003589802196871905,0.0035834674071501347,0.002932482511587717,20.810255740842447,17.203548044753028,25.7360797704304,26.492092104024234,-1.0272661532710374,-1.0272661532710288,-0.7560123335938336,-0.7560123335938336,-8.532531725677373,-9.288544059271207,-17.331395351431713,0.012885668458835297,0.00906625524996381,0.01654669013810337,0.018183061547920067,-0.0018897124695076667,-0.0018897124695076671,-0.001636371409816699,-0.001636371409816699,-0.007480434888139558,-0.009116806297956257,-29.640784419318464,0.17329163033494271,0.1357961287704097,0.23206096680866645,0.2383447892407135,-0.0021612003953316956,-0.002161200395331686,-0.006283822432047059,-0.006283822432047059,-0.09626483803825675,-0.10254866047030381,-21.63722592491092,0.010915580040259255,0.010801072145087746,0.01016189939485463,0.010417025216200889,-0.00018014750915165573,-0.0001801475091516517,-0.0002551258213462585,-0.0002551258213462585,0.0006391727502331156,0.00038404692888685706,-1.0490317028428842,-3.310336823971838
5,21,deceleration,2587,3177,59.0,28.47065317363161,16.477070939059875,True,False,1.1473499759449846,False,5.256923580803354,0.5181588872749634,8.56124386687111,0.0,0.00011789431575091565,0.00045226106290423594,0.0004522222662520643,0.0003292734417767716,145.1409726668256,118.98704186905411,118.98704186905411,121.16538249127365,-1.9711698043156598,-1.9711698043156645,-2.1783406222195367,-2.1783406222195367,0.0,-2.1783406222195367,-18.019674470425684,0.1455246736188842,0.0784478711688106,0.0784478711688106,0.08316283963777396,-0.0036404079187976335,-0.0036404079187976474,-0.004714968468963354,-0.004714968468963354,0.0,-0.004714968468963354,-46.09307877627789,1.386311431682459,1.0719981457803764,1.0719981457803764,1.090104074821868,-0.0041864960183906445,-0.004186496018390384,-0.018105929041491553,-0.018105929041491553,0.0,-0.018105929041491553,-22.67263175638859,0.06148333714792356,0.04690865044196945,0.04690865044196945,0.04764375874076376,-0.0003358817637690103,-0.00033588176376901646,-0.000735108298794307,-0.000735108298794307,0.0,-0.000735108298794307,-23.705100246736254,
5,21,acceleration,8177,8259,8.200000000000001,17.73102095855631,29.230945210990573,True,True,0.4128826847243475,False,0.6734612470063152,0.3746045829339214,4.074483266266131,0.0,0.016267070838575856,-0.0029863097763389718,-0.002973429109319018,-0.0027682317154279013,29.27819583634337,29.98122301894632,16.634914221880383,16.839934515736335,-0.24586538851536147,-0.24586538851535877,-0.20502029385595222,-0.20502029385595222,13.346308797065937,13.141288503209985,2.4011970769396673,0.03761527156448006,0.03806885963959646,0.011114463431740329,0.011558225169995703,-0.0004546911223254918,-0.00045469112232549187,-0.00044376173825537435,-0.00044376173825537435,0.026954396207856134,0.02651063446960076,1.205861492555926,0.29734837867629743,0.2868360916466452,0.14980190262078927,0.15150599005998844,-0.0005238935785245121,-0.0005238935785245036,-0.00170408743919917,-0.00170408743919917,0.13703418902585593,0.13533010158665676,-3.5353436519310004,0.01107127300262981,0.010829566553787669,0.006552488280215638,0.006621674943631572,-4.147075398465376e-05,-4.147075398465254e-05,-6.91866634159339e-05,-6.91866634159339e-05,0.004277078273572031,0.004207891610156097,-2.1831856985617475,
5,21,deceleration,8285,8328,4.3,29.230945210990573,19.01517522435212,True,True,0.6416997624335096,True,0.7701435193817153,0.5511689017172636,2.0679344828886057,0.0,0.07415435476911225,0.004924251816667532,0.004849423291971018,0.004232735155753668,5.985802700259915,5.064883038079541,8.766628526178096,8.830697368008078,-0.1001585400123822,-0.10015854001238367,-0.03844130509799015,-0.0640688418299824,-3.7017454880985543,-3.7658143299285367,-15.385065433920587,0.00350484851789751,0.0024096789694921326,0.005922344972768552,0.0060610205159733555,-0.0001853958817822744,-0.0001853958817822736,-8.320532592288182e-05,-0.00013867554320480362,-0.0035126660032764193,-0.003651341546481223,-31.247271966616925,0.04905417668895751,0.03819178179646892,0.0789157357554881,0.07944826308023784,-0.00021388117387793329,-0.00021388117387793892,-0.0003195163948498253,-0.000532527324749732,-0.040723953959019184,-0.041256481283768916,-22.143669766113515,0.003804698119591636,0.0037071446323711003,0.00345072090641615,0.0034723417387336293,-1.677940440169078e-05,-1.6779404401690706e-05,-1.2972499390487714e-05,-2.1620832317479233e-05,0.0002564237259549502,0.00023480289363747098,-2.56402700435551,1.5170174475164302
5,21,deceleration,12621,12729,10.8,28.34398607717677,10.626578815025736,True,True,0.6219888859164991,True,1.5220399647294165,0.7523675527335865,4.212471930949441,0.0,0.01248403810815034,0.004209589152631494,0.004199035432476457,0.0036758407674178564,15.75696471116118,14.227761764556,21.564365065987303,22.179425947555174,-0.8431178626956286,-0.8431178626956246,-0.5894333448358786,-0.6150608815678709,-7.336603301431303,-7.951664182999174,-9.704933498530936,0.00853857115079884,0.007510302541212602,0.01389174305791114,0.015223028272677267,-0.0015513358185401628,-0.001551335818540162,-0.0012758149974842047,-0.0013312852147661283,-0.006381440516698538,-0.007712725731464666,-12.042630920631696,0.12903713232777622,0.11217012556387762,0.19443221239555794,0.1995444747131555,-0.0017748131750180607,-0.0017748131750180418,-0.004899251387697673,-0.005112262317597566,-0.08226208683168032,-0.08737434914927789,-13.071436461447037,0.00876526389298707,0.009148039563291592,0.008513670423315732,0.008721230413563534,-0.00014759843567956673,-0.0001475984356795676,-0.0001989116573208119,-0.00020755999024780168,0.00063436913997586,0.0004268091497280583,4.366961166004072,-5.073812885934714
5,21,acceleration,16733,16924,19.1,16.802590020406747,27.874594884670085,True,True,0.4117689892634272,True,1.9441031802356703,0.6486396357687145,6.803940815991395,0.0,0.001850644301762699,-0.0012974992040781623,-0.0012964474464587693,-0.0011757349182278886,54.76901284745476,48.59450305778699,38.39183057457165,39.22472551836147,-0.5455677702763545,-0.5455677702763566,-0.8328949437898174,-0.8328949437898174,10.202672483215338,9.36977753942552,-11.273728461868227,0.0642957562828868,0.041123210930842216,0.02511942534649826,0.02692220740816072,-0.0010073888736960134,-0.0010073888736960128,-0.0018027820616624592,-0.0018027820616624592,0.016003785584343955,0.014201003522681496,-36.04055180576868,0.5243967635979911,0.42801688351268113,0.3459752435765191,0.3528980987982657,-0.0011582159764327632,-0.0011582159764326194,-0.006922855221746627,-0.006922855221746627,0.08204163993616204,0.07511878471441541,-18.37919048623191,0.021286491676047195,0.01832140669380231,0.015142586670526788,0.015423657490654028,-9.30861708040937e-05,-9.308617080409053e-05,-0.00028107082012724,-0.00028107082012724,0.003178820023275521,0.002897749203148281,-13.929420720753965,8.471285670733305
5,22,deceleration,7718,8160,44.2,29.41266937014563,16.88055240153281,True,True,0.7179735850756601,False,3.5572451913719894,0.6592042857187485,11.294524731140196,0.0,0.00025419273987107926,0.0006124699194881393,0.000612376449228002,0.0005581097247519847,104.20535322466868,80.60807152826781,89.64374272471248,90.77135434092025,-1.5866184478631353,-1.586618447863131,-1.1276116162077727,-1.1276116162077727,-9.035671196444667,-10.16328281265244,-22.64498028764865,0.10398919463415224,0.050128893808442446,0.05986096318518204,0.06230165274558659,-0.002932861669232081,-0.0029328616692320883,-0.002440689560404552,-0.002440689560404552,-0.009732069376739594,-0.012172758937144146,-51.794132087663016,0.9743365682358078,0.6925087925725494,0.8072817581882449,0.81665423910384,-0.0033770690538103203,-0.003377069053810189,-0.009372480915595172,-0.009372480915595172,-0.1147729656156955,-0.12414544653129067,-28.92509476202384,0.04538086736480683,0.03341561220859749,0.035311916340055705,0.03569244298884335,-0.00026854221445333864,-0.0002685422144533406,-0.0003805266487876477,-0.0003805266487876477,-0.0018963041314582138,-0.0022768307802458615,-26.366298951545545,
5,22,acceleration,8186,8271,8.5,16.88055240153281,30.0608291968492,True,True,0.4689111156529421,False,0.3847307229887982,0.24012132965433883,8.190222568097614,0.0,0.01702256407849952,-0.0033033130825071526,-0.0032900369949188197,-0.003273715034320869,34.74923215325527,34.58324630374561,17.26382315545625,17.4560296809462,-0.3348651615911807,-0.33486516159118196,-0.19220652548995076,-0.19220652548995076,17.31942314828936,17.12721662279941,-0.4776676755837629,0.047269899827066676,0.049310871436002206,0.011565060436844547,0.01198108706645896,-0.0006192739950525296,-0.0006192739950525317,-0.0004160266296144126,-0.0004160266296144126,0.03774581099915766,0.03732978436954325,4.317698189338815,0.33246736500604424,0.3526175037299807,0.15545131016110464,0.15704889213535386,-0.0007135112390309516,-0.0007135112390309895,-0.0015975819742492237,-0.0015975819742492237,0.19716619356887605,0.19556861159462682,6.06078696583351,0.012273665367187693,0.012659227804470864,0.0067990688470558995,0.006863931344008338,-5.64886214013696e-05,-5.648862140136997e-05,-6.486249695243813e-05,-6.486249695243813e-05,0.005860158957414964,0.005795296460462526,3.1413797406757533,
5,22,deceleration,8308,8353,4.5,30.0608291968492,10.500739468688051,True,True,0.548336253989668,True,0.5809050397039149,0.4848926267066659,4.418529095565696,0.37777777777777777,0.12655298857336303,0.010716268500609014,0.01056713075716647,0.009765817052121267,4.825738369530848,4.825738369530848,9.049220952658034,9.241427478147989,-0.420640999069733,-0.42064099906973595,-0.19220652548995432,-0.19220652548995432,-4.223482583127186,-4.415689108617141,0.0,0.0020373748416966423,0.0020373748416966423,0.0059269018173344476,0.006342928446948861,-0.0007747056215015552,-0.0007747056215015556,-0.00041602662961441345,-0.00041602662961441345,-0.0038895269756378053,-0.004305553605252218,0.0,0.03464527127012547,0.03464527127012547,0.08154594915623223,0.08314353113048145,-0.0008874758170472145,-0.0008874758170472202,-0.0015975819742492237,-0.0015975819742492237,-0.04690067788610676,-0.04849825986035598,0.0,0.0039054957397999957,0.0039054957397999957,0.0035689835086990347,0.003633846005651473,-7.314193048136758e-05,-7.314193048136826e-05,-6.486249695243813e-05,-6.486249695243813e-05,0.00033651223110096103,0.0002716497341485229,0.0,1.3167505173060121
5,23,deceleration,8311,8356,4.5,30.70325875832461,11.047368380101696,True,True,0.5744677844603596,True,0.7025291415285839,0.4160409525626618,1.9170270791722386,0.4,0.12717281490039234,0.010462059947322187,0.01031646001090585,0.00846992524912931,5.329075141826163,4.825738369530848,9.074848489390028,9.241427478147989,-0.4190877230492528,-0.41908772304925357,-0.14095145202596626,-0.1665789887579603,-4.24911011985918,-4.415689108617141,-9.445105555836314,0.0026037499932314552,0.0020373748416966423,0.005982372034616369,0.006342928446948861,-0.0007724031786197289,-0.0007724031786197289,-0.00030508619505056987,-0.00036055641233249166,-0.0039449971929197275,-0.004305553605252218,-21.752286241272248,0.04030241531830689,0.03464527127012547,0.08175896008613212,0.08314353113048145,-0.0008857362935593984,-0.000885736293559411,-0.0011715601144494242,-0.0013845710443493309,-0.04711368881600665,-0.04849825986035598,-14.036737013157943,0.0039186633090608726,0.0039054957397999957,0.0035776318416260258,0.003633846005651473,-7.249035461583765e-05,-7.249035461583814e-05,-4.7565831098455094e-05,-5.621416402544705e-05,0.00032786389817396995,0.0002716497341485229,-0.336021960101301,3.775341198774683
5,23,acceleration,11363,11417,5.4,17.198287077023362,29.486042562432,True,True,0.4826971236347914,True,0.3854460065766654,0.35535353630894906,6.251295842949787,0.0,0.05009618725821872,-0.004874248581160701,-0.004826634646897664,-0.004734206905842082,26.105692910746708,24.934724681443704,10.961575290117615,11.089712973777587,-0.18547791013618029,-0.1854779101361821,-0.1281376836599719,-0.1281376836599719,13.97314939132609,13.845011707666117,-4.485489940092573,0.04145279556576901,0.03962091189454102,0.007334163049929024,0.007611514136338634,-0.00034294767265385256,-0.0003429476726538559,-0.00027735108640960984,-0.00027735108640960984,0.032286748844611995,0.032009397758202385,-4.419204172421912,0.2774476468545188,0.2656221564010332,0.09870718270707828,0.09977223735657775,-0.00039503761740131724,-0.00039503761740132537,-0.0010650546494994778,-0.0010650546494994778,0.16691497369395492,0.16584991904445545,-4.262242115784222,0.009556813064643283,0.009182965167293318,0.0043173735421468094,0.004360615206781767,-3.1330056385613084e-05,-3.133005638561188e-05,-4.32416646349576e-05,-4.32416646349576e-05,0.004865591625146508,0.004822349960511551,-3.9118469182270172,20.452539402674383
5,23,acceleration,16223,16289,6.6000000000000005,17.673955967044304,29.354929990808117,True,True,0.4564132500768345,False,0.2626598099035531,0.13344030505806623,1.6979258355400646,0.0,0.028636919232330416,-0.0037633137868527747,-0.003738466645305529,-0.0036333620174726906,28.23700654775826,28.434509744955573,13.400328414225086,13.554093634617052,-0.2040060544453474,-0.2040060544453457,-0.15376522039196594,-0.15376522039196594,15.034181330730487,14.88041611033852,0.6994480695511034,0.04204213490914899,0.04276096329821447,0.008970140418500132,0.009302961722191664,-0.00037729610586304235,-0.0003772961058630415,-0.0003328213036915325,-0.0003328213036915325,0.03379082287971434,0.03345800157602281,1.7097808915242747,0.29312835356007017,0.2960977704925143,0.12066578007864008,0.12194384565803948,-0.0004347473970035124,-0.0004347473970035265,-0.0012780655793993984,-0.0012780655793993984,0.1754319904138742,0.1741539248344748,1.013009112349689,0.010390143034810841,0.010438632449848394,0.005277750810726877,0.0053296408082888274,-3.439824734596318e-05,-3.439824734596114e-05,-5.1889997561950854e-05,-5.1889997561950854e-05,0.005160881639121518,0.005108991641559567,0.4666866940627852,
5,24,deceleration,2506,2719,21.3,29.444238642405058,18.785360306857022,True,True,0.4948482214477424,False,1.99356510855825,0.6871999321022845,6.566528004869592,0.0,0.0013538787707862861,0.0010375720183608105,0.0010368947143567918,0.0010743408045585305,45.70062769703299,36.8241492730169,43.44804005748254,43.742756729900485,-0.5402170783296204,-0.5402170783296327,-0.2947166724179482,-0.2947166724179482,-6.623890784465637,-6.918607456883585,-19.423099575046706,0.04065753141153078,0.022283593384733506,0.029385287150149174,0.03002319464889128,-0.000999943068536936,-0.0009999430685369397,-0.0006379074987421067,-0.0006379074987421067,-0.0071016937654156675,-0.007739601264157774,-45.191966626843175,0.4152093869123849,0.3129626996290979,0.3910964216570968,0.3935460473509456,-0.0011535611691462315,-0.0011535611691463332,-0.0024496256938488226,-0.0024496256938488226,-0.0781337220279989,-0.08058334772184772,-24.625331340320233,0.02026094967973566,0.016249480271863737,0.0171007485980899,0.017200204426750305,-9.050980307519494e-05,-9.050980307519566e-05,-9.945582866040595e-05,-9.945582866040595e-05,-0.0008512683262261629,-0.0009507241548865689,-19.799019647554154,
5,24,deceleration,11285,11348,6.300000000000001,29.351440744762133,18.30931055021776,True,True,0.4771548528568639,False,0.22021895820569273,0.1966667249921226,4.021423058367315,0.0,0.03045827128680722,0.003677489403495423,0.0036508961251276806,0.003719943261857688,7.443301130478311,8.077005770081426,12.822674554113215,12.937998469407187,-0.1726807779611959,-0.1726807779611974,-0.08969637856197821,-0.11532391529397223,-4.745668784031789,-4.860992699325761,8.513757921310823,0.003502207156170835,0.004190514243499229,0.008630483847959758,0.008880099825728406,-0.00031950337762089073,-0.00031950337762089165,-0.00019414576048672715,-0.00024961597776864894,-0.004439969604460529,-0.004689585582229178,19.65352295382091,0.05599867849209109,0.06307209097083075,0.11544239439812451,0.11640094358267405,-0.0003683809630952455,-0.00036838096309524393,-0.0007455382546496525,-0.0009585491845495453,-0.05237030342729376,-0.05332885261184331,12.63139179210927,0.005379421003045648,0.005374516251028538,0.005048466909740598,0.005087384407912062,-2.901977372565043e-05,-2.901977372565031e-05,-3.0269165244472054e-05,-3.891749817146444e-05,0.00032604934128794075,0.0002871318431164763,-0.0911762067763852,
5,24,acceleration,11374,11437,6.300000000000001,18.30931055021776,29.69366971421017,True,True,0.5323338274458261,True,0.3516250613341816,0.26556619567943907,4.47649677329075,0.0,0.03140226511861359,-0.0037644353062820505,-0.0037372132901148363,-0.0035366814926784495,27.830613618001774,27.80451798225341,12.822674554113208,12.937998469407187,-0.18278218519188041,-0.18278218519188094,-0.11532391529397934,-0.11532391529397934,14.981843428140204,14.866519512846224,-0.09376593741893863,0.04046450243653806,0.042356967268190375,0.008630483847959758,0.008880099825728406,-0.00033827556275782886,-0.0003382755627578289,-0.00024961597776864894,-0.00024961597776864894,0.033726483420230616,0.03347686744246197,4.676851852114909,0.286295046275167,0.2920150335300624,0.11544239439812451,0.11640094358267405,-0.0003901562372296569,-0.0003901562372296552,-0.0009585491845495453,-0.0009585491845495453,0.1765726391319379,0.17561408994738836,1.997934413925473,0.010110697131249626,0.010202903864231117,0.005048466909740601,0.005087384407912062,-3.066131801294009e-05,-3.066131801294017e-05,-3.891749817146097e-05,-3.891749817146097e-05,0.005154436954490515,0.005115519456319054,0.9119720607247033,20.604741930996212
5,25,acceleration,5900,5967,6.7,17.466447645651062,30.4822372893133,True,True,0.3915311179492003,False,0.7715069507748675,0.405500241768384,4.209243234586825,0.0,0.030716117559980074,-0.004051529616152824,-0.00402555539145857,-0.0038595702450730227,30.354499864723536,30.107574810211478,13.644134774393033,13.759458689687007,-0.25426201888645134,-0.2542620188864504,-0.11532391529397401,-0.11532391529397401,16.463440035818444,16.348116120524473,-0.8134710030225926,0.04785332599418469,0.04651187817925095,0.009194299709910767,0.009443915687679416,-0.00047054535139020453,-0.00047054535139020096,-0.00024961597776864894,-0.00024961597776864894,0.03731757846934018,0.03706796249157153,-2.8032488590171534,0.325826752105649,0.3187491263140058,0.12283293049861177,0.12379147968316127,-0.0005426829120845941,-0.0005426829120845633,-0.0009585491845495037,-0.0009585491845495037,0.19591619581539405,0.19495764663084453,-2.17220524278751,0.011229963927865494,0.011065723782425822,0.005371475443576286,0.005410392941747748,-4.266431817217022e-05,-4.266431817217045e-05,-3.891749817146271e-05,-3.891749817146271e-05,0.005694248338849536,0.005655330840678073,-1.4625171237828678,
5,25,deceleration,6407,6488,8.1,30.4822372893133,18.556792600581392,True,True,0.4153262704028495,False,0.6109362864552558,0.29805227066455947,3.4612988929498747,0.0,0.017401386569241256,0.0030022558059799357,0.002988990283566253,0.003219695173610673,10.948564763303617,11.25888340023213,16.596128155568387,16.63456946066638,-0.2545943135785124,-0.2545943135785116,-0.038441305097993705,-0.038441305097993705,-5.337244755336258,-5.375686060434251,2.8343316556760887,0.0055315311731000145,0.0063113606190984585,0.011334065878585068,0.011417271204507948,-0.0004715302456171765,-0.0004715302456171789,-8.320532592288009e-05,-8.320532592288009e-05,-0.00502270525948661,-0.00510591058540949,14.09789480697091,0.08590527799138307,0.09106495913768475,0.1493388396400168,0.1496583560348666,-0.0005444110486136007,-0.0005444110486136078,-0.0003195163948498114,-0.0003195163948498114,-0.05827388050233204,-0.05859339689718185,6.006244630067121,0.006467795290231063,0.006911696950775919,0.006527950310782161,0.0065409228101726506,-4.2467279811683364e-05,-4.24672798116834e-05,-1.2972499390489882e-05,-1.2972499390489882e-05,0.0003837466399937584,0.00037077414060326854,6.863260827307311,
5,25,deceleration,7740,7777,3.7,30.761009309749586,18.402989519304384,True,True,0.6066881805622127,False,0.728671253162975,0.667390458464214,2.914399275768606,0.32432432432432434,0.13113770767738997,0.006793599846063168,0.006655699705069975,0.005846873459324654,4.860345734950698,4.119382764831015,7.585693269222349,7.598507037588347,-0.12469192420345813,-0.1246919242034572,-0.012813768365997902,-0.012813768365997902,-3.466310504391334,-3.479124272757332,-15.245067131571021,0.002678318698908965,0.0018472386370465203,0.0051875616144058815,0.0052152967230468415,-0.00023096109195941178,-0.0002309610919594132,-2.773510864096003e-05,-2.773510864096003e-05,-0.003340322977359361,-0.003368058086000321,-31.029916723539728,0.03846653999928754,0.03025692611135734,0.06825595346455704,0.06836245892950699,-0.0002666926938929915,-0.0002666926938930253,-0.0001065054649499464,-0.0001065054649499464,-0.037999027353199696,-0.03810553281814964,-21.342220766625378,0.0032307906759404185,0.0032201198402855573,0.002983504771516604,0.0029878289379801,-2.078467200659157e-05,-2.0784672006591686e-05,-4.32416646349576e-06,-4.32416646349576e-06,0.00023661506876895312,0.00023229090230545736,-0.3302855779028508,
5,25,acceleration,8225,8273,4.800000000000001,18.402989519304384,28.725476301107843,True,True,0.50396920284044,False,0.15301342874580126,0.15443648755951517,3.865052456430064,0.0,0.05671742363389119,-0.004563097996309144,-0.00450705852932079,-0.004593999545690284,22.461782076675945,21.90557094582043,9.729384959697883,9.857522643357855,-0.11572461054142064,-0.11572461054141847,-0.1281376836599719,-0.1281376836599719,12.176185986122546,12.048048302462574,-2.4762555747216477,0.035482405963911084,0.03454973046686918,0.006488439257002508,0.00676579034341212,-0.00021404007403010236,-0.0002140400740301019,-0.00027735108640961157,-0.00027735108640961157,0.028061291209866675,0.027783940123457064,-2.6285576518980127,0.2370850824382081,0.23185208817795236,0.0876213785563474,0.0886864332058469,-0.0002466559531176194,-0.000246655953117611,-0.0010650546494995056,-0.0010650546494995056,0.14423070962160495,0.14316565497210545,-2.2072220683136554,0.00822848746094522,0.008066701590666511,0.0038328607413932784,0.003876102406028238,-1.9502636455266684e-05,-1.9502636455266762e-05,-4.324166463495977e-05,-4.324166463495977e-05,0.0042338408492732325,0.004190599184638273,-1.966167792642233,
5,25,deceleration,11287,11358,7.1000000000000005,29.57426041203406,18.52494402613521,True,True,0.4463283613763693,False,0.42668086374506176,0.2842548891387367,5.136951174612603,0.0,0.02251197130728719,0.0032354833363061894,0.0032169679563864083,0.0034124591391347142,9.030383810225953,9.56857886063301,14.491222531404851,14.580918909966828,-0.19381694948390266,-0.19381694948390304,-0.08969637856197643,-0.08969637856197643,-4.922643670771841,-5.012340049333817,5.95982476179594,0.004640104461891543,0.005214600812333945,0.0098135857891437,0.010007731549630427,-0.0003587222186121543,-0.0003587222186121567,-0.00019414576048672715,-0.00019414576048672715,-0.004598984976809755,-0.004793130737296482,12.381108122902205,0.07046380033165187,0.07639062048406038,0.1304364775289988,0.13118201578364852,-0.0004137781119900095,-0.0004137781119900319,-0.000745538254649708,-0.000745538254649708,-0.05404585704493843,-0.05479139529958814,8.411155975852509,0.006065202300026862,0.006056781934176803,0.0057031323103389625,0.005733401475583435,-3.2495577271268676e-05,-3.249557727126942e-05,-3.0269165244472922e-05,-3.0269165244472922e-05,0.0003536496238378409,0.000323380458593368,-0.13883075013048765,
5,25,acceleration,11384,11448,6.4,18.52494402613521,29.69769775956552,True,True,0.4854545208485727,True,0.2828837555411644,0.23835864394028575,8.52492924338092,0.0,0.02961268535221447,-0.0036201724049180375,-0.0035947873680932767,-0.0035420260826857946,26.54601868265416,27.983613658655624,13.040853377549162,13.14336352447714,-0.17836241066840447,-0.17836241066840763,-0.10251014692797789,-0.10251014692797789,14.942760281106462,14.840250134178484,5.41548242388914,0.03643856386206276,0.04228385187842222,0.00879917292208847,0.009021053791216158,-0.00033014759429484184,-0.0003301475942948419,-0.00022188086912768717,-0.00022188086912768717,0.03348467895633375,0.033262798087206065,16.041488458454747,0.25390557124178864,0.2933988310339671,0.11739653388819625,0.11824857760779585,-0.0003808644988049506,-0.0003808644988049503,-0.0008520437195995989,-0.0008520437195995989,0.17600229714577081,0.17515025342617124,15.554310052759686,0.00935215954984176,0.01027371811075972,0.005133543209663016,0.005168136541370984,-2.988456628495996e-05,-2.988456628496075e-05,-3.4593331707967814e-05,-3.4593331707967814e-05,0.005140174901096704,0.005105581569388736,9.853965343582635,14.613325424723264
