run,vehicle,kind,low_kmh,v1_mph,v2_mph,T_s,dx_m,dx_ks1_m,r2_ks1,time_share_v1,vmin_mph,vmax_mph,E_obs_g,de_obs_g,de_ks1_g,excursion_ms,T_full_s,time_share_v1_full,de_obs_full_g,r2_ks2_full,phi,vJ_mph,vmin_full_mph,vmax_full_mph,steady_before_s,steady_after_s,excursion,dx_res_rel,replace_ok,replace_ok_full
1,2,entry,28.2,29.647437584967545,17.67952880740359,16.900000000000002,180.1433939922241,178.77704762358528,0.9860196689466418,0.5151115651421934,17.631757977022932,29.708463589310075,33.511897826101176,-0.616982957287803,-0.5454767968425555,0.08133876357560688,17.1,0.5089745939307527,-0.6164715356403931,0.9981320454229907,0.12499999999999999,28.366263230729913,17.497579175210483,29.708463589310075,10.8,24.3,False,0.007642739304631931,True,True
1,2,exit,28.2,16.596032342092826,30.247240554520392,14.100000000000001,134.28635724274253,147.6327578456989,0.3041981870110373,0.6551056323448861,16.579259991866277,30.277626601152253,27.05384303418079,-0.7174651994939261,-0.595588558577444,1.1820665794921918,20.900000000000002,0.39305215306070845,-0.35428740501775025,0.9452745539333044,0.95,32.48461479677722,16.579259991866277,32.891448185811086,5.6000000000000005,17.0,True,-0.0904027046416461,True,True
1,2,entry,18.6,29.974026139778676,11.355354393629675,22.200000000000003,202.62410001452588,205.08233763756903,0.8140194510431777,0.48669619694542243,11.343637920805795,30.012768907838623,42.71666644231562,-2.590205717695909,-1.8599524707312574,0.005237732011186935,22.200000000000003,0.48669619694542243,-2.590205717695909,0.9670665462567877,0.5349999999999999,19.517638471491775,11.343637920805795,30.012768907838623,5.6000000000000005,21.5,False,-0.011986588661708437,True,True
1,2,exit,18.6,11.635135964515593,29.379283110205737,7.300000000000001,66.48027178453285,66.9230635465465,0.978566522852607,0.50764671946561,11.622806042525145,29.411202779754028,14.125430007817895,-0.6614583315067186,-0.5574727578721895,1.473854927172983,17.3,0.14289549717844988,0.10223833361103374,0.9698494418849889,0.5199999999999999,33.53512216918268,11.622806042525145,32.67620268602218,37.0,59.300000000000004,True,-0.0066164299502769145,True,True
1,3,entry,28.2,29.352681354293544,16.93266003314075,17.8,180.62080007536673,184.15345122316378,0.961965692009958,0.4642552697083392,16.872881747839816,29.376065549014154,34.95398412494,-0.5394629672371636,-0.62654483335997,0.02672328466092999,17.8,0.4642552697083392,-0.5394629672371636,0.9824511172127279,0.8999999999999999,17.286761540573465,16.872881747839816,29.376065549014154,10.5,5.9,False,-0.019183192735910553,True,True
1,3,exit,28.2,16.37792678791141,29.608352544773243,12.8,115.91536293178427,131.5693204024534,-0.1640891166351519,0.7067730697971798,16.37792678791141,29.796825660404977,24.259637171923814,-0.586983402055214,-0.5130892080990148,1.7186503396171329,27.8,0.23110570458549998,0.3254444962587897,0.9450369115327045,0.74,33.2836138718396,16.37792678791141,33.45286386281443,5.4,25.0,True,-0.118978781852682,True,True
1,3,entry,28.2,28.400366524420118,18.8735949145903,7.800000000000001,79.96232422087701,82.42007171461134,0.9015043896269557,0.42601383426319583,18.866523491043456,28.438417638701207,15.204396136964412,-0.16781736979005046,-0.15963103733695136,0.0031612091823802757,7.800000000000001,0.42601383426319583,-0.16781736979005046,0.9984187938484909,0.6399999999999999,20.893534087605932,18.866523491043456,28.438417638701207,10.0,7.7,False,-0.029819768930128512,True,True
1,3,exit,18.6,11.701432655033553,29.373002365758545,6.5,61.26427170734722,59.67622515300842,0.9883226722326351,0.4690736717962345,11.694112398629423,29.413356961347244,12.750207303244952,-0.48237879110907933,-0.4919956881465841,2.527304674730262,17.6,0.06521664248253377,0.7564452881757049,0.931981114431648,0.4749999999999999,35.462037090493865,11.694112398629423,35.026421913741416,50.300000000000004,66.4,True,0.026611042341687822,True,True
1,4,entry,28.2,29.89329257313771,16.573166633795292,16.400000000000002,152.79512413279335,170.3334005757121,0.506715880516202,0.32040743726730386,16.56217482319053,29.929620139015338,31.541516265711472,-0.5192549081937585,-0.6625336022588852,0.004913779012752251,16.400000000000002,0.32040743726730386,-0.5192549081937585,0.9828348832966647,0.5199999999999999,18.18243597794212,16.56217482319053,29.929620139015338,11.0,5.7,False,-0.10296440030928106,True,True
1,4,exit,28.2,17.70761340401645,28.106765081332888,9.1,86.37912798299969,93.18791189931207,0.4156697506869157,0.6609473617747881,17.606595389105845,28.310145824227874,17.36102752050185,-0.2613000373037693,-0.22581858121165677,4.429457248192879,24.6,-0.11443903156036327,2.3526353974826932,0.9880196504804739,0.71,37.8703004662304,17.606595389105845,38.01517875391897,115.2,5.7,True,-0.0730650980104496,True,False
1,4,entry,28.2,28.738824914346775,18.63289990736515,6.7,67.45156934455596,70.94313714539862,0.8044080692727795,0.3846485065971865,18.63289990736515,28.775880697198655,13.031330168220226,-0.12737896310020602,-0.15411500838860837,0.0,6.7,0.3846485065971865,-0.12737896310020602,0.9922317003072058,0.6599999999999999,19.737447326194566,18.63289990736515,28.775880697198655,9.9,8.4,False,-0.04921642799199391,True,True
1,4,exit,18.6,11.799633780435059,29.467035794711286,10.600000000000001,80.42254796865235,97.77361542442915,0.3756777473182763,0.7072532058970779,11.795314245161142,29.712148346886842,20.16354796674741,-0.6964190202106515,-0.8002203644190442,2.3462533144455,30.1,0.1959787150540242,0.5023574630978445,0.9091222362400654,0.5299999999999999,31.90588937207622,11.795314245161142,34.71545498414736,9.9,13.0,True,-0.17746165343745243,True,True
1,5,entry,28.2,29.78569724563976,18.067360714440795,7.1000000000000005,75.19074134611769,75.94242015818416,0.8461578686714917,0.4797902188999638,17.95305096237291,29.81406622266096,13.982644663083548,-0.30380420084699544,-0.2183094293113697,0.05110103156442669,7.1000000000000005,0.4797902188999638,-0.30380420084699544,0.9737504094200474,0.4099999999999999,24.50752923554401,17.95305096237291,29.81406622266096,19.6,24.5,False,-0.009898009709208165,True,True
1,5,entry,18.6,28.767944452517153,12.82582556217534,8.1,71.45334159674431,75.30601973684094,0.9209149635345637,0.43326014145476766,12.813147274184658,28.831755353572856,15.499855791012681,-0.5792239351183603,-0.4960579728037724,0.005667701863353969,8.1,0.43326014145476766,-0.5792239351183603,0.9874482396465099,0.26999999999999996,22.335622832819485,12.813147274184658,28.831755353572856,10.5,7.9,False,-0.05116029440355398,True,True
1,5,entry,18.6,29.88712558085384,11.002822220422821,21.400000000000002,202.2226437470456,195.5900322363851,0.66197747900606,0.5367133009295573,10.943654845177672,29.947729077161124,41.551358805306776,-2.4784596907643675,-1.8535869481068508,0.026450183429591156,21.400000000000002,0.5367133009295573,-2.4784596907643675,0.8922982368696819,0.63,19.376624688015397,10.943654845177672,29.947729077161124,12.4,14.200000000000001,False,0.03391078489441881,True,True
1,5,exit,18.6,12.206903088382743,29.968614786865555,11.3,93.26779671097898,106.52591083687314,0.7264420586022922,0.6477651805279472,12.06664260840895,30.039023313394928,21.727188496753257,-0.7485853579317272,-0.8533706988114467,2.8955459300424504,28.900000000000002,0.18776963592992174,0.6717896505800454,0.9315514334663042,0.57,33.42257017676806,12.06664260840895,36.44576656308793,9.1,10.200000000000001,True,-0.12445905434403436,True,True
1,6,entry,28.2,29.387994291499986,17.894909387886454,6.800000000000001,75.06544745014591,71.86698748683192,0.8892659916656998,0.5915480307176935,17.72021653432776,29.40230979812728,13.672515992798996,-0.18869167277991217,-0.20251931450938152,0.07809469325487761,6.800000000000001,0.5915480307176935,-0.18869167277991217,0.996580749374991,0.26499999999999996,28.44666537163653,17.72021653432776,29.40230979812728,20.700000000000003,29.700000000000003,False,0.04450527391175319,True,True
1,6,entry,18.6,30.44843359955973,12.163510700646313,10.8,94.89991241691031,102.86591533180619,0.8410007708316174,0.40976455017138597,12.163510700646313,30.475786932265407,20.806998187825133,-0.9851052490351684,-0.8600770575679234,0.0,10.8,0.40976455017138597,-0.9851052490351684,0.9958963562637223,0.41999999999999993,19.468869496286143,12.163510700646313,30.475786932265407,5.5,7.6000000000000005,False,-0.07744064580770603,True,True
1,6,entry,18.6,28.826482128286674,10.524860005537418,18.900000000000002,171.36461924739115,166.24084668191963,0.2912866922098667,0.5331353888316713,10.507171544138263,28.88534074765989,36.37119463381716,-2.090741627104748,-1.5641156045197697,0.5940948385456277,37.9,0.29363774946523824,-2.588990590826029,0.705542010222423,0.575,10.74952154833121,9.195907700272503,28.88534074765989,7.1000000000000005,5.4,True,0.030821381554168744,True,True
1,6,exit,18.6,12.056299286699662,30.527705654030655,12.8,114.61928221822504,121.8352228397061,0.8831525772165637,0.5682710581175662,11.97632135942945,30.557381765285953,24.79692760280522,-1.1638078326580121,-1.040581227651948,2.2053725800006934,28.8,0.19543573054154068,0.008734632502140016,0.9723903502334544,0.62,34.760032006717864,11.97632135942945,35.460983615735856,13.200000000000001,11.700000000000001,True,-0.059227048248393664,True,True
1,7,entry,28.2,29.052940341318962,18.988122522363835,2.6,26.60896425847182,27.919159765354987,0.843249492302277,0.38800195157516776,18.851124291931473,29.335909004066952,5.0703775257940435,-0.05896739641731319,-0.058840033194462175,1.8745813809886744,11.700000000000001,-0.031109936376609935,0.30835650089449373,0.835568767413042,0.27499999999999997,15.594065938171443,14.79480339882081,29.335909004066952,23.1,16.8,True,-0.046928185443066095,True,False
1,7,entry,18.6,28.49955130134121,10.786424979980103,10.4,75.4237632577809,91.32449475136978,0.2333348504914079,0.3069178347495681,10.78271381565118,28.756715488964698,19.621899710982923,-0.9004860945253732,-0.8067974903496902,0.0016590389016011287,10.4,0.3069178347495681,-0.9004860945253732,0.9920817877036112,0.235,17.49678904885571,10.78271381565118,28.756715488964698,9.700000000000001,5.300000000000001,False,-0.17411244964320355,True,True
1,7,entry,18.6,28.503262465670133,10.596732075525448,16.400000000000002,140.60407931059308,143.3299447895078,-0.7151002983706349,0.47923639573415555,10.570340557986567,28.632815007625357,31.232473433240617,-1.8059548024713656,-1.3028562297874258,0.9382736733137031,36.0,0.24224915817658804,-2.1172701873508117,0.5450523171030965,0.11499999999999999,17.21316490641089,8.497873643810829,28.632815007625357,17.1,5.300000000000001,True,-0.01901811573930271,True,True
1,7,exit,18.6,12.846318217529669,29.537729717293313,12.4,109.73749155497279,117.47366169045624,0.8104634934231892,0.58361128125304,12.73912508518069,29.62321243675369,23.73412478959465,-1.0059842497228182,-0.8250221868415345,4.6664759725399705,25.0,0.11348210365778652,1.9423031657693741,0.9819572064294124,0.7749999999999999,38.685220649588246,12.73912508518069,39.976339176267835,5.4,17.6,True,-0.06585450750542109,True,True
1,8,entry,28.2,29.63641784414409,18.744054052544687,2.0,21.331046683737963,21.62800615669575,0.9809589791770336,0.4695071044707054,18.50392831395837,29.750586421652073,3.957268910987789,-0.059778456314607986,-0.05279111541105341,2.200255620936364,33.300000000000004,-0.047536018883256106,0.8708444497429326,0.3347247790564265,0.065,17.000491184329196,13.822222402275441,29.750586421652073,14.200000000000001,5.300000000000001,True,-0.013730321269852838,True,False
1,8,entry,18.6,28.340536949081272,10.269904844300184,10.700000000000001,74.96673749591247,92.34320366132589,0.010082879476613016,0.2989713516410627,10.206607859268104,28.526763459487,20.170056647229273,-0.9985975604183999,-0.8703453983689879,0.028296284188741083,10.700000000000001,0.2989713516410627,-0.9985975604183999,0.9860208741053431,0.25499999999999995,16.467096268330575,10.206607859268104,28.526763459487,9.8,5.2,False,-0.18817265891210172,True,True
1,8,entry,18.6,28.73249846590538,10.527098485608839,15.8,139.3473736878406,138.64982074751882,-1.312978493435903,0.50542467191722,10.378566598329382,28.807522080204475,30.20047007632213,-1.816159342472634,-1.2951632156951873,0.969310050488525,37.2,0.2395939807583958,-2.072601651079154,0.5018018886947821,0.12499999999999999,16.97523199322791,8.358813655417972,28.807522080204475,17.3,5.1000000000000005,True,0.00503104105408123,True,True
1,8,exit,18.6,12.460767447625141,29.731967630059934,12.700000000000001,114.24216029203274,119.77268583596494,0.8312911460064027,0.5564019058475255,12.424939578750735,29.908740523176824,24.437369456551917,-1.102853664728272,-0.9066784779964591,4.39271911663209,26.400000000000002,0.11700567732823594,1.6228841017999684,0.9826193475936402,0.7449999999999999,38.55735481473918,12.424939578750735,39.558200442855416,5.2,16.900000000000002,True,-0.046175181806530984,True,True
1,9,entry,28.2,29.343017498631337,18.35507954565253,8.9,103.70103994133721,94.88715999691112,0.3212264844854342,0.7016111473486932,18.28792514351009,29.365469331870308,18.285654114213703,-0.16836094231386411,-0.24105858583019124,0.18006383712905993,9.200000000000001,0.6780443352120815,-0.16692898377031185,0.9673200635154239,0.4699999999999999,28.09136687711073,17.95228821349196,29.365469331870308,18.7,18.8,False,0.09288801503504805,True,True
1,9,entry,28.2,27.839670939236495,19.334541532435566,26.3,326.91995387017766,277.31719325487205,-1.9352942730751148,0.9960469558761793,19.209914865410585,35.72186099897693,56.07315820716689,0.8531205546760887,-0.42950859757590154,2.334448893974029,32.6,0.7203481165829916,1.3987970142037227,0.4107394015019724,0.5199999999999999,27.16518213986641,14.112528079558802,35.72186099897693,10.3,5.2,True,0.17886651755384506,True,True
1,9,exit,18.6,12.907134999143219,29.918861418781,14.200000000000001,137.62671956158306,135.92902741454878,0.9035381063085446,0.48427915734124255,12.673325552555182,30.018283856471932,27.57744567512103,-1.3227682729977595,-0.9764454327699122,2.327784588282265,28.6,0.13865495466101557,0.4134637282525233,0.925206733976533,0.6849999999999999,36.85437370539192,12.673325552555182,35.12596724439451,10.4,15.600000000000001,True,0.012489548254154334,True,True
1,10,entry,28.2,28.33592389260016,17.326138414750105,3.2,31.134316997202628,32.660429334204586,0.8566646818758161,0.40310278753671885,17.206034411862166,28.401894053470645,6.1601279691811035,-0.10010687496235793,-0.08916917462905745,2.4922896008135886,51.900000000000006,0.04087484564751805,0.5657681281945912,0.19766031739814505,0.05,17.67569570489642,11.751045356380411,28.401894053470645,10.9,5.800000000000001,True,-0.046726646529526565,True,True
1,10,exit,18.6,13.21982649278503,28.21911057729453,13.200000000000001,133.35221141621975,122.26409202353523,0.6940543536477277,0.3747242396634038,13.105705650559878,28.26154825937437,25.828730805778093,-0.8451028879977684,-0.7168525740741211,3.4896707348079765,27.5,0.03241241017774639,1.2679290748174736,0.6418607978686124,0.7799999999999999,38.94622626697261,13.105705650559878,36.025281691306645,5.300000000000001,8.4,True,0.09068990910716541,True,True
1,11,entry,28.2,29.2011655040151,16.08970978316291,4.6000000000000005,44.51976901038754,46.567715643274134,0.8644231677042588,0.4240437515295531,16.01183373180365,29.449103578676375,8.869748220935975,-0.22561577349159556,-0.18258824830098544,1.3081351476517185,12.200000000000001,0.06609113493369165,0.21738045208297052,0.8608643028000422,0.42499999999999993,12.250443080248655,13.163494796468836,29.449103578676375,5.6000000000000005,5.9,True,-0.04397782035465554,True,True
1,11,entry,28.2,29.25304055307479,17.787250074796642,6.1000000000000005,62.56126468798707,64.13811914296512,0.8973894561020197,0.4495673964843142,17.787250074796642,29.43845861060538,11.900573685842968,-0.23469788625042298,-0.18133988338537543,0.0,6.1000000000000005,0.4495673964843142,-0.23469788625042298,0.9921447764423613,0.27499999999999997,24.94344884117844,17.787250074796642,29.43845861060538,6.6000000000000005,5.2,False,-0.0245852930526886,True,True
1,11,exit,28.2,17.787250074796642,28.066330249843272,6.5,66.05649424739288,66.61974978206283,0.9760468541322829,0.518857819447883,17.75030499717517,28.06686955697482,12.642880487459408,-0.18598236347204988,-0.15752234114526426,2.2565271875340116,23.5,-0.08373483121325656,1.0901873408135998,0.8744675067347834,0.4799999999999999,34.72172282083578,17.75030499717517,33.11403780964555,5.2,5.4,True,-0.008454783101295946,True,False
1,12,entry,28.2,28.778395432523883,17.15839866217549,5.2,50.664781337400655,53.39251952344545,0.768050500891973,0.3990173070384511,17.01468702281752,28.846175471564656,10.016443127231714,-0.1893340735530682,-0.16088153808014696,1.9943336602375172,36.800000000000004,0.1020303669317275,-0.05782406334004975,0.38491803892793486,0.09,18.483784021292404,12.697201319124492,28.846175471564656,8.6,5.4,True,-0.05108839609726613,True,True
1,12,entry,28.2,28.37078893066345,16.759179351072643,36.6,418.0132922432829,369.2006886782116,-3.1149740027238613,0.7569283795673328,16.52353971342799,31.89457703981565,74.37289910035214,-0.8486262192689935,-1.1415706493021607,1.6735516327049256,43.900000000000006,0.5872563487688501,-0.20768769746896965,0.2513609154085734,0.5599999999999999,23.894660876581593,13.015550967248094,31.89457703981565,5.4,5.5,True,0.1322115723560187,True,True
1,12,exit,28.2,16.64499249196697,27.954187882744726,5.800000000000001,57.805287267079905,57.819091024662235,0.9650291066887086,0.5004707509858843,16.64499249196697,28.12723945508954,11.232630083262908,-0.21475126647481346,-0.17267695517835924,3.2310513602847184,21.5,-0.13112968735561775,1.530860191695112,0.8732899614489436,0.5049999999999999,36.63127406676005,16.64499249196697,35.18184393205736,5.2,5.4,True,-0.00023874048065616527,True,False
1,14,entry,18.6,30.982473599682443,12.68376637611875,33.7,285.8388598761352,328.9213672314795,-2.8217380132453047,0.343719685342384,12.667073246148794,31.004269326693564,63.496947880481116,-3.8636081078737305,-2.65539793855506,0.007462496821768916,33.7,0.343719685342384,-3.8636081078737305,-0.5959483356613557,0.15499999999999997,22.426718534577827,12.667073246148794,31.004269326693564,5.4,5.300000000000001,False,-0.1309811755860326,True,True
1,14,entry,28.2,30.253533486699393,17.93717847300991,20.1,214.94145572263656,216.5089175384079,0.3120122880186157,0.485836443173256,17.93717847300991,30.35154113185877,39.62699329333727,-1.073728397566775,-0.6799155132093979,0.0,20.1,0.485836443173256,-1.073728397566775,0.7093220988341218,0.49499999999999994,23.808050966653614,17.93717847300991,30.35154113185877,10.3,5.2,False,-0.007239710186502023,True,True
1,15,entry,18.6,30.80064990738446,12.196433826778325,8.0,71.20021727779478,76.88566525008052,0.44006044351922124,0.41454904058648506,12.011424058262538,30.80400762749156,15.246565575114134,-0.965810652003368,-0.6566332794699213,0.7563110675238658,30.400000000000002,0.37113987457138364,-3.5393502424974557,-1.0354408027041737,0.24999999999999994,21.354912651936957,10.504614151751783,30.80400762749156,5.2,5.4,True,-0.07394678778928546,True,True
1,15,entry,28.2,29.72165680896873,17.895011967962333,17.6,181.37403240891803,187.32168936834552,-0.44334727859045175,0.43608168690613874,17.890604071632957,29.778111398247106,34.26855675387268,-0.8478123413949348,-0.552796385965965,0.0019705059750849685,17.6,0.43608168690613874,-0.8478123413949348,0.26261132654907704,0.25999999999999995,25.134850774712383,17.890604071632957,29.778111398247106,5.2,5.5,False,-0.03175103203202562,True,True
1,16,entry,28.2,30.551978537527358,18.191656281418876,8.1,85.37894382695734,88.25093576331997,0.8179352976227984,0.43583148052770326,18.191656281418876,30.556837379932812,15.949193343248535,-0.36698120185714345,-0.27409155272827285,0.0,8.1,0.43583148052770326,-0.36698120185714345,0.9865727395234629,0.235,26.06101564859195,18.191656281418876,30.556837379932812,9.5,5.2,False,-0.03254347289942651,True,True
1,16,entry,18.6,29.595739258018757,11.707884535547915,8.5,77.422374368892,78.47358091787319,0.6244980676770442,0.4845344813638052,11.563734137845639,29.62877004244821,16.27132511009392,-0.9636034394485193,-0.6575260896176428,0.572880570992691,29.400000000000002,0.4426960913412515,-3.3027450843630035,-1.397378671832492,0.38999999999999996,20.569387930020266,10.426387195281517,29.62877004244821,5.6000000000000005,5.4,True,-0.013395674527473683,True,True
1,16,entry,28.2,28.53834992983852,18.59051910136698,12.4,134.1269829010912,130.62463559260266,-1.7486398734301476,0.5635130179733545,18.548602444821,28.699014704111164,24.476558304170357,-0.4461480422213491,-0.2771853545353324,0.018738422142314803,12.4,0.5635130179733545,-0.4461480422213491,-0.5250143062865575,0.625,23.58458917845302,18.548602444821,28.699014704111164,5.6000000000000005,5.300000000000001,False,0.026812302997818872,True,True
1,17,entry,28.2,30.22092114772792,18.420082813134655,9.0,91.7961364007831,97.85013484798802,0.40949263831438143,0.37249108491164334,18.34374495509127,30.240789181828195,17.507329577018616,-0.3620716654714684,-0.2779502920869204,0.034126076059715515,9.0,0.37249108491164334,-0.3620716654714684,0.9625640258959519,0.31999999999999995,23.43522869430392,18.34374495509127,30.240789181828195,9.8,5.300000000000001,False,-0.061870108371438796,True,True
1,17,entry,18.6,27.944905909345152,10.944168761201336,8.4,76.7600673331868,73.01688215102863,0.7375907638212271,0.5586337795439995,10.81550490802216,27.978181464054646,16.101947345694,-0.8223938597830447,-0.6029073173472367,0.3751416584940568,30.700000000000003,0.5029490727057967,-2.9897599614513695,-1.1413898004934562,0.4799999999999999,19.884824898040154,10.1050007706545,27.978181464054646,8.9,5.4,False,0.05126465376069799,True,True
1,17,entry,28.2,28.264004087329305,17.883755582013386,12.200000000000001,130.4536589208508,125.84235634375604,-0.5152295079320923,0.581453481952553,17.848457879471663,28.403246891698917,23.99212961404801,-0.47319174880472303,-0.3004523066785244,0.0157794849442503,12.200000000000001,0.581453481952553,-0.47319174880472303,0.3857789768299469,0.6449999999999999,23.259758569982065,17.848457879471663,28.403246891698917,6.1000000000000005,5.1000000000000005,False,0.03664348563609502,True,True
1,17,entry,28.2,29.919780576886552,17.488377437711833,6.0,67.05557553303441,63.58002887653818,0.6511610467736895,0.6042330240011948,17.429476161277332,29.99246820925993,12.06799886534532,-0.2737539892012677,-0.20874597923014887,5.480799825650995,60.400000000000006,-0.29544877518435525,10.290982369576312,-0.1619854860594927,0.16499999999999998,8.091510257163762,5.228177398227681,29.99246820925993,6.6000000000000005,5.2,True,0.0546641251649188,True,False
1,17,exit,28.2,16.166020726631935,30.689840065627898,10.3,119.0116634430261,107.87418664414496,0.6372069975576193,0.33345854096823124,16.137517684561086,30.700315421098207,21.254983549617208,-0.408932073060015,-0.49240022798006783,0.004682902909447506,10.3,0.33345854096823124,-0.408932073060015,0.9948646158880735,0.61,29.863186650279886,16.137517684561086,30.700315421098207,5.800000000000001,7.5,False,0.10324505931730835,True,True
1,18,entry,18.6,28.250746882078765,10.143179856119348,15.3,149.84204619337962,131.30170071918724,0.6613208995231739,0.6496993469184656,10.141421775809174,28.257499901132686,30.11833486167945,-1.2307108067810084,-1.2525640520508676,0.04125213395808114,36.2,0.593041719289951,-3.2553621312817,-0.3341273657337047,0.7649999999999999,17.767976443726393,10.050901460543825,28.257499901132686,13.100000000000001,5.5,False,0.14120415327935704,True,True
1,18,entry,28.2,29.137128114277033,16.477500556605325,6.5,65.17638489339184,66.27258170335155,0.8738932637442262,0.47020057639911605,16.47475628566478,29.27087932983262,12.61413599384853,-0.3253125226728688,-0.2396107596693218,0.0012267988812624253,6.5,0.47020057639911605,-0.3253125226728688,0.9745936819399961,0.5099999999999999,21.926218851423492,16.47475628566478,29.27087932983262,19.1,7.800000000000001,False,-0.016540728937745157,True,True
1,18,exit,28.2,18.2999645912263,29.65731980415758,14.5,161.3837806472679,155.43147701681497,0.598790652341022,0.41914749478896857,18.268979314448323,29.664703538331437,29.077729858259357,-0.5565303230419225,-0.4182669878985503,0.0033008245250805146,14.5,0.41914749478896857,-0.5565303230419225,0.9282925097976353,0.49999999999999994,25.81518344076606,18.268979314448323,29.664703538331437,5.2,5.7,False,0.038295355256831344,True,True
1,18,entry,18.6,29.65731980415758,11.756774605964274,8.200000000000001,81.23280415713063,75.90640273691359,0.909164267617834,0.581172215236298,11.724632510310895,29.697370722095933,16.290693125190035,-0.5809671926260016,-0.6344289134061529,0.01436880244088723,8.200000000000001,0.581172215236298,-0.5809671926260016,0.9978394756179294,0.26499999999999996,27.81972914198601,11.724632510310895,29.697370722095933,5.7,5.300000000000001,False,0.07017064737842975,True,True
1,19,entry,18.6,27.918977525614157,10.825848229731475,35.6,317.411458719257,308.30466692092085,-1.0102690340178713,0.5334770705551233,10.80942526114944,27.920864592752395,68.70707998567693,-2.861128719622272,-2.587114133956467,0.007341723874913164,35.6,0.5334770705551233,-2.861128719622272,-0.4222967119140091,0.605,18.72209009249735,10.80942526114944,27.920864592752395,14.0,5.4,False,0.029538287205597168,True,True
1,19,exit,18.6,13.162156177260975,30.080667777264328,32.2,307.4361276379308,311.233479532159,-0.522322892111744,0.5155925244862778,13.046376787868562,30.209553040904275,62.03538712126981,-3.2319601229053205,-2.1795288496565126,0.05761686825760215,32.2,0.5155925244862778,-3.2319601229053205,-0.04202923063444919,0.32499999999999996,18.133067834473213,13.046376787868562,30.209553040904275,21.0,8.1,False,-0.012200974972025234,True,True
1,19,entry,28.2,28.991554798888703,16.124749004226313,7.7,68.75585344702225,77.64985094075647,-0.22335175387218564,0.2991882378531141,16.1183169287761,29.098405659103342,14.544643228751953,-0.3505301756697534,-0.29494358407714316,0.0028753950092639258,7.7,0.2991882378531141,-0.3505301756697534,0.9526758776678232,0.285,20.156903257754085,16.1183169287761,29.098405659103342,11.0,5.800000000000001,False,-0.11453978837023088,True,True
1,19,entry,28.2,28.547451118549944,18.081722940706598,11.700000000000001,116.22316874613885,121.94386993298278,-1.165025939424301,0.3954924740580848,18.081722940706598,28.764093129272652,22.513006360253623,-0.427791793533121,-0.2912231357958178,0.0,11.700000000000001,0.3954924740580848,-0.427791793533121,-0.02941268773720318,0.29,23.32489522888139,18.081722940706598,28.764093129272652,5.2,5.0,False,-0.04691257699126554,True,True
1,19,exit,18.6,11.251041628559518,28.50025514285188,11.700000000000001,97.55839106370857,103.95695529584673,0.8161844069789157,0.570922002546092,11.213855843235258,28.515114019187994,22.29042836870744,-1.0492170103019305,-0.8563138478251793,3.258732882931911,35.1,-0.006879319442770596,3.6501850273723164,0.8882750853035509,0.57,38.56963254580126,11.213855843235258,35.78983299479334,5.1000000000000005,5.4,True,-0.061550131147346046,True,False
1,19,entry,18.6,28.50025514285188,10.495261591072282,6.4,56.08661826668026,55.78417856234705,0.9755498072894886,0.505871099981544,10.49471974482994,28.734726789533617,12.38108962194078,-0.5570567376100808,-0.514629030966805,0.00024222694417641577,6.4,0.505871099981544,-0.5570567376100808,0.9965876939281848,0.19999999999999996,25.11067466711507,10.49471974482994,28.734726789533617,5.4,5.1000000000000005,False,0.005421603618222846,True,True
1,20,entry,18.6,28.835299952234053,11.812621839941984,13.4,119.72555423885609,121.74735461842832,0.8448524224595565,0.4801728996831644,11.763046209612627,28.836203875674855,25.645732216788513,-1.2646693205829749,-0.9456602573438256,0.022162289782436062,13.4,0.4801728996831644,-1.2646693205829749,0.9778067581994208,0.39499999999999996,21.436321404691455,11.763046209612627,28.836203875674855,15.100000000000001,5.2,False,-0.016606524108132008,True,True
1,20,entry,28.2,28.85795085175885,18.81845507687836,13.0,126.01420226290166,138.53619329119684,-1.9818677995215457,0.2853792292111359,18.81845507687836,29.34923222619799,24.841469421078532,-0.3589140920973861,-0.294023290346392,0.0,13.0,0.2853792292111359,-0.3589140920973861,0.3301919087888663,0.21999999999999997,22.339893138212357,18.81845507687836,29.34923222619799,5.2,5.2,False,-0.09038786710397416,True,True
1,20,exit,18.6,11.683117033269552,30.767973582821117,24.5,190.31004749191533,232.47236047546033,-0.7710634943164523,0.7017079702079707,11.55385394994426,30.967387219019674,46.25630223344073,-2.5059256171775885,-2.1294597751528483,2.1631479059968477,44.5,0.3138976897295197,-0.19049864310377984,0.8922866217069769,0.8849999999999999,35.67668686972719,11.55385394994426,35.606797638826954,9.600000000000001,17.2,True,-0.18136484224323796,True,True
1,20,entry,18.6,29.71840065329317,10.78515440894138,7.6000000000000005,70.04388616468594,68.80549516908107,0.9848475481874737,0.5192518613614616,10.761314189923096,29.724417330218326,15.034053112413305,-0.5496336056091433,-0.664567449687655,0.010657531509933982,7.6000000000000005,0.5192518613614616,-0.5496336056091433,0.9919459559262969,0.05,29.50073880471293,10.761314189923096,29.724417330218326,5.5,5.300000000000001,False,0.017998431557852756,True,True
1,21,entry,28.2,30.623504272803782,18.798414383244445,7.9,87.7434447985893,87.2696193381992,0.9230180238583728,0.5113459395871445,18.79738451990851,30.686230465730514,15.877570508858842,-0.2973052037634005,-0.24263238910972978,0.000460390105697428,7.9,0.5113459395871445,-0.2973052037634005,0.9911347446688976,0.3,27.344310816934964,18.79738451990851,30.686230465730514,7.2,5.2,False,0.005429443418950356,True,True
1,21,exit,28.2,18.798414383244445,27.9579802986189,11.3,121.79670721186842,118.09617953397806,0.8625462952454352,0.4200232159731781,18.652827864480052,27.9579802986189,22.349132454265934,-0.2578185721745818,-0.2151129254469892,0.0,11.3,0.4200232159731781,-0.2578185721745818,0.9818766158969111,0.135,21.50006103180668,18.652827864480052,27.9579802986189,5.2,9.600000000000001,False,0.03133486360433587,True,True
1,21,entry,18.6,31.25340687729151,11.467452072378332,11.3,102.72607528785568,107.90332023446129,0.746881510942023,0.4482015371214273,11.427974993478248,31.306748516742807,21.81994618619949,-1.423582190656564,-1.0523943323377558,0.01764783335149378,11.3,0.4482015371214273,-1.423582190656564,0.9659565408819737,0.38999999999999996,21.487120412416544,11.427974993478248,31.306748516742807,5.2,5.300000000000001,False,-0.04798040445239372,True,True
1,21,entry,28.2,30.036224197661337,18.371676189412483,13.700000000000001,126.33013384911355,148.23583435490676,-4.435015856029951,0.19336460846672063,18.332493647363897,30.40044440565119,25.891758893243654,-0.4005049739162416,-0.4145692454195544,0.01751616359739927,13.700000000000001,0.19336460846672063,-0.4005049739162416,0.6047258928537844,0.145,21.191338245329007,18.332493647363897,30.40044440565119,5.300000000000001,5.300000000000001,False,-0.1477760124677175,True,True
1,21,exit,28.2,16.851653766001068,30.14621441445527,7.4,74.41854981656931,77.73672986814744,0.896911371713348,0.5754480212807235,16.74660973702373,30.17658827335534,14.428711697556967,-0.35089232042319374,-0.29590825914143104,3.6670725727361297,28.700000000000003,-0.0935473669505276,2.418100952260147,0.9831908112239484,0.43999999999999995,38.483163386629094,16.74660973702373,38.34922213800603,10.5,13.8,True,-0.04268484225161299,True,False
1,23,entry,28.2,30.949210232704736,18.44226448498569,11.3,126.33609798953705,124.75180144654925,0.8555471795038387,0.5250761223790569,18.44226448498569,30.984864426401174,22.75163113388125,-0.5233386351436664,-0.38838076350143613,0.0,11.3,0.5250761223790569,-0.5233386351436664,0.9808766698947183,0.595,24.13482891712796,18.44226448498569,30.984864426401174,14.100000000000001,5.2,False,0.012699588499863091,True,True
1,23,exit,28.2,18.44226448498569,29.481621462726526,8.9,92.72906133086201,95.33632818459043,0.6970080845111125,0.5593615613127185,18.358953213071935,29.556350540174122,17.42224787821238,-0.3260091226523585,-0.24265284267823867,0.03340688678217418,8.9,0.5593615613127185,-0.3260091226523585,0.9514531083157738,0.49499999999999994,22.596119256793102,18.358953213071935,29.556350540174122,5.2,15.3,False,-0.027348093883794458,True,True
1,23,entry,18.6,29.481621462726526,11.239491721403382,12.8,106.9778353038376,116.50538520213398,0.7900444235676045,0.40872552624374014,11.239491721403382,29.541278378531732,24.40046222534653,-1.3105090018248333,-1.0365253289891452,0.0,12.8,0.40872552624374014,-1.3105090018248333,0.9846693520697147,0.41999999999999993,18.489845386705426,11.239491721403382,29.541278378531732,15.3,5.2,False,-0.08177776402151987,True,True
1,23,entry,18.6,28.226473998582087,10.077415871044876,10.3,94.75763398532412,88.18536027568788,0.9082888489071564,0.5786462358022706,10.06173432281319,28.281196914302477,20.205763487363644,-0.7549230395390474,-0.8479302613618943,0.007010279321492341,10.3,0.5786462358022706,-0.7549230395390474,0.9951351320831735,0.235,26.816155548785655,10.06173432281319,28.281196914302477,9.8,5.300000000000001,False,0.0745279453311727,True,True
1,25,entry,28.2,29.21772152200246,18.686489364029445,5.4,52.083923917582965,57.820765773127604,0.04400093457212695,0.2743405386957798,18.6809652745973,29.22974268812096,10.336836175030012,-0.1330246890877067,-0.13401826425177488,0.0024694889397469666,5.4,0.2743405386957798,-0.1330246890877067,0.9728331448486247,0.295,21.35806368412468,18.6809652745973,29.22974268812096,11.100000000000001,5.6000000000000005,False,-0.09921767342297733,True,True
1,25,exit,28.2,18.686489364029445,28.87640967937134,15.9,161.00319312774445,169.03702118747697,-0.07490354322932302,0.6109195850198996,18.686489364029445,29.005914993865918,30.750674481764985,-0.5408005004170846,-0.37098069497642744,0.05789405579165674,15.9,0.6109195850198996,-0.5408005004170846,0.7458314869476266,0.6699999999999999,23.25321250978138,18.686489364029445,29.005914993865918,5.6000000000000005,6.9,False,-0.04752703285526009,True,True
1,25,entry,28.2,28.87640967937134,17.058638522749664,12.0,117.78776200010711,123.20882368965702,0.8317110065754898,0.4144891658354625,17.0389314682734,28.991073383483148,23.180358941963984,-0.44634296584583666,-0.38401860313615793,0.008809841633068416,12.0,0.4144891658354625,-0.44634296584583666,0.9947092992035911,0.48499999999999993,21.123695729273166,17.0389314682734,28.991073383483148,6.9,5.300000000000001,False,-0.04399897285931962,True,True
1,25,exit,18.6,10.626992690084318,29.57996020793277,11.100000000000001,109.39234058878922,99.75634504058905,0.8092855179401828,0.3975410244610776,10.45149696969423,29.585309606542655,21.87667580800933,-1.1160159817346411,-0.9758630214749701,0.002391395154562659,11.100000000000001,0.3975410244610776,-1.1160159817346411,0.9862388321313265,0.49999999999999994,23.987279719611,10.45149696969423,29.585309606542655,10.700000000000001,5.4,False,0.09659531475696567,True,True
1,25,entry,18.6,29.57996020793277,12.503640841116315,14.600000000000001,137.33306134448222,137.33528699465842,0.8936638355038995,0.49998003067454905,12.503640841116315,29.57996020793277,28.191707682642225,-1.3707842829593773,-1.0201994459444006,0.0,14.600000000000001,0.49998003067454905,-1.3707842829593773,0.9781100125310007,0.615,19.07734179218277,12.503640841116315,29.57996020793277,5.4,5.2,False,-1.6205960062447017e-05,True,True
1,25,entry,28.2,28.665377580025382,16.521098104493493,4.1000000000000005,37.07907243198514,41.41033228451501,0.4255647273470732,0.3054137065016556,16.503512223170205,28.689540773935942,7.780820762478605,-0.14032346294729514,-0.13978968763966937,0.007861592386762872,4.1000000000000005,0.3054137065016556,-0.14032346294729514,0.9691716384178684,0.3499999999999999,19.688659102885683,16.503512223170205,28.689540773935942,5.5,9.700000000000001,False,-0.10459369953303903,True,True
1,25,entry,28.2,30.20117499094553,18.76898913613511,5.0,52.15862820547662,54.72905542842532,0.7653712971141146,0.3994088792095847,18.671017038526738,30.65907823059928,9.803334545608985,-0.18060757669533878,-0.14433375228680964,0.32077476299444285,5.9,0.33215108640198127,-0.17137077366867537,0.963320960109122,0.38999999999999996,21.904862556008332,18.05143642721769,30.65907823059928,5.2,11.0,False,-0.04696640939309299,True,True
2,2,exit,28.3,17.259524335383553,29.598160554066958,7.1000000000000005,72.43253990955542,74.36277105807883,0.9386127148329516,0.5492875722170409,17.25724726082815,29.65896514794874,13.871014307070846,-0.29729377938219237,-0.24496412737984646,0.338353129199815,7.6000000000000005,0.5108841494665468,-0.2927339580770525,0.9881149127085459,0.15499999999999997,18.903421827644483,17.25724726082815,30.355034948304194,7.7,45.5,False,-0.025956955625226347,True,True
2,2,entry,28.3,29.23334314721953,17.114285166975048,17.7,185.18526551886674,183.36530728996124,0.9291848687217019,0.5189789816666251,17.08700089808281,29.24501086911626,34.78921636664366,-0.7739665562835256,-0.5927552349244937,0.03772474664923475,17.8,0.5160374857364828,-0.7738399593472423,0.9861599067699989,0.565,22.77479382737696,17.029897312086817,29.24501086911626,60.400000000000006,11.200000000000001,False,0.009925313876455101,True,True
2,2,exit,28.3,17.794364663226887,30.62039436990965,6.6000000000000005,73.11758858196109,71.42300179797209,0.9680843550616524,0.4552202923813913,17.7396945610109,30.638379399448958,13.309180003983919,-0.2604119795780271,-0.24145300574715423,0.008040027605252575,6.6000000000000005,0.4552202923813913,-0.2604119795780271,0.9970493151753442,0.7849999999999999,29.01148970331854,17.7396945610109,30.638379399448958,40.6,14.4,False,0.023726065011693612,True,True
2,3,exit,28.3,16.635303245196877,29.500127009977533,3.7,36.530631946714095,38.15510807135536,0.8902992515552177,0.576341622018491,16.635303245196877,29.737950790722714,7.17192118388042,-0.16641856072453542,-0.13998239908238946,1.9320540935672206,13.8,0.023182232168068702,0.4383995204746398,0.864118728458023,0.36999999999999994,33.66364114031351,16.635303245196877,33.82200893009032,5.2,34.1,True,-0.042575587038130414,True,True
2,3,entry,28.3,28.99941537806871,17.615655952044627,20.5,232.50226630888454,213.5977152459921,0.48958666274237495,0.6812092712038894,17.578289382032185,29.022250617036782,41.540205047695274,-0.5747805525810108,-0.6038093091080587,2.2002469942973057,37.4,0.34138726412442766,-0.03690969618830309,0.8629857941969099,0.7499999999999999,16.850377354328625,12.693843599017368,29.022250617036782,44.5,38.900000000000006,True,0.08850539923201335,True,True
2,3,exit,28.3,18.122050113898794,29.383802219587658,3.8000000000000003,38.28786238694508,40.35033083160739,0.7986168208665949,0.6078080940594901,17.99446893755999,29.579642311262063,7.378724012087191,-0.12663416755600299,-0.10836982805287589,2.5910040045766234,24.1,-0.09294840912061192,1.0936229693172237,0.9649761606004066,0.235,34.123837848693505,17.99446893755999,35.179713110283394,11.200000000000001,21.1,True,-0.05111404050860288,True,False
2,4,entry,28.3,28.57563220137277,16.599913119022446,13.5,144.66561648686707,136.31811151519895,-0.07662404822766478,0.6154981248482329,16.533848503230562,28.609887852846736,26.648816712965193,-0.6340070114065881,-0.4476521494511992,2.8702203879262926,33.9,0.2639310968696971,-0.0998159254119173,0.5234506596739179,0.5549999999999999,16.274918374734185,10.179412967075656,28.609887852846736,17.3,10.200000000000001,True,0.061235479855788644,True,True
2,4,exit,28.3,17.613048285264515,30.67804234125877,4.800000000000001,48.86278091060916,51.81131796883434,0.7965060399435295,0.6051743295503881,17.499564759847342,30.849278957211762,9.384716880853091,-0.21030735270488954,-0.18248252685523628,3.430340797646238,28.900000000000002,0.015156421676642415,0.9842155176079075,0.7563053896886043,0.25499999999999995,33.61357870730635,17.499564759847342,38.35149616562849,5.5,10.100000000000001,True,-0.05690913054940599,True,True
2,5,exit,28.3,19.108019333811388,28.900267672165146,4.800000000000001,51.89956894046635,51.507899095564206,0.9828078701106346,0.48135982028225593,18.977305910403526,28.90254779365351,9.52399000869511,-0.11732601260093922,-0.10286493079485412,2.226847462860013,21.200000000000003,-0.14483523072471552,1.0389614128112967,0.7468901186726491,0.3999999999999999,35.653692102305,18.977305910403526,33.88158357870598,7.2,27.1,True,0.007604073390286595,True,False
2,5,entry,28.3,28.95221076939397,16.986376953166637,14.200000000000001,148.20868144091878,145.80834241400382,0.3101851896382781,0.531600568122967,16.83042070594071,28.96623884867998,27.81950348688174,-0.6671966572191899,-0.4658604786221373,2.6153308997130083,33.4,0.23526552372307563,-0.1087759905844834,0.504747057200466,0.5549999999999999,15.975635504276491,11.136048347867316,28.96623884867998,14.700000000000001,22.700000000000003,True,0.016462288694699737,True,True
2,5,exit,28.3,17.468649562527112,30.172589681685107,7.0,72.91831476335659,74.5413885710642,0.93716310510873,0.5408277462525057,17.3495530788002,30.252832692121697,13.766764104134994,-0.31573697773282206,-0.2536149582632174,3.137106806872204,24.5,-0.06342223054608477,1.624694578557012,0.9749302201969419,0.4799999999999999,37.881905377042735,17.3495530788002,37.19009775002844,60.6,14.3,True,-0.021774128961392386,True,False
2,6,entry,28.3,29.637610210570525,16.729588553939863,17.3,185.83251684464494,179.29713543369016,0.7017240380445011,0.5654664461029801,16.602388244219355,29.645542392674763,34.407576363913,-0.7874403281821358,-0.6570952439640829,2.8263180596418156,37.7,0.2884278976933994,-0.26457019662899484,0.5369605413557048,0.585,16.62446298441664,10.407295113438307,29.645542392674763,26.6,8.5,True,0.03645000459793613,True,True
2,6,exit,28.3,18.97019030632896,30.09051444890331,5.2,58.418470542296916,57.02345337982549,0.935697026405414,0.44603497581472373,18.803618544717214,30.172212877644057,10.490163441751061,-0.1670515492126743,-0.14187057713991413,3.346381351930507,24.1,-0.18952781341523597,1.75626117982074,0.8548434911728604,0.36999999999999994,38.420255820077365,18.803618544717214,37.57615634209074,11.600000000000001,10.4,True,0.024463919313679684,True,False
2,7,entry,28.3,29.337562473012664,19.142870152854265,13.200000000000001,153.80498206566904,143.03977116704584,0.5740808418226779,0.6789485170061664,19.124499178475073,29.40222854658205,27.0802543098469,-0.2272449568031405,-0.30484343806872216,0.008212560386473555,13.200000000000001,0.6789485170061664,-0.2272449568031405,0.9901758607316125,0.43499999999999994,28.55152145779676,19.124499178475073,29.40222854658205,59.5,7.5,False,0.0752602637070167,True,True
2,7,exit,28.3,17.987663105001655,30.18228400667677,5.300000000000001,57.42494869419844,57.06481686553252,0.942245006764443,0.48753561231903414,17.85846400726824,30.29218078419371,10.549336996329568,-0.22539474521983927,-0.17579929342682865,4.8835948567069085,23.200000000000003,-0.21261992721832468,2.508327933855469,0.9309087724844287,0.43499999999999994,40.67258291604389,17.85846400726824,41.10657457733467,19.1,10.200000000000001,True,0.006310925863733779,True,False
2,8,entry,28.3,29.08307857073782,18.794301023766575,9.5,99.14656618902173,101.6647429261544,0.8991349477304096,0.44236949298057554,18.794301023766575,29.168033155154088,18.696880375090245,-0.1928817401524121,-0.22511521443370433,0.0,9.5,0.44236949298057554,-0.1928817401524121,0.9519206513385656,0.815,19.511829936672214,18.794301023766575,29.168033155154088,6.0,6.4,False,-0.024769420200686385,True,True
2,9,entry,28.3,28.389164983264216,18.70807180573431,7.9,86.50207765791153,83.1646774999079,0.8814753256823384,0.5976136171846472,18.694930383935752,28.402379531453494,15.7743156743534,-0.15103143725680468,-0.1673144100259023,0.005874741200827316,7.9,0.5976136171846472,-0.15103143725680468,0.9956645817106559,0.24,27.95571566737765,18.694930383935752,28.402379531453494,12.4,5.2,False,0.040130019839340184,True,True
2,9,exit,28.3,17.861550550343093,30.45772369811381,11.0,112.85472397025005,118.80356598016594,0.8172706723813883,0.5960405732437141,17.834443003561784,30.486678701905095,21.53615383313931,-0.4519936916413343,-0.38858122108237203,3.779509008027267,27.5,-0.018351624370116445,2.136715205595607,0.9602304255925924,0.74,40.241212303681806,17.834443003561784,38.91224456431654,7.7,5.2,True,-0.050072924670535916,True,False
2,18,entry,28.3,28.95591380856836,16.3363026369283,3.5,33.92869560676997,35.43300676964094,0.9032597246236204,0.42381363104501346,16.206146802249616,28.957977597817486,6.758371471549458,-0.1449627431589695,-0.1286963664066707,4.0580967818095335,32.9,0.02865397956978163,2.4736460306736845,0.12816843313618298,0.105,15.734447625287618,7.258598669029378,28.957977597817486,5.1000000000000005,5.300000000000001,True,-0.04245508072884929,True,True
2,19,entry,28.3,28.849373735514256,18.862828577023585,2.9000000000000004,29.81095873742277,30.92743123660553,0.8997727990947384,0.41376404494086194,18.841863647062542,29.04939371136913,5.661978365927302,-0.06780967437450691,-0.06487156063345814,0.009372162289784214,2.9000000000000004,0.41376404494086194,-0.06780967437450691,0.9951454884679927,0.6699999999999999,20.435989960358203,18.841863647062542,29.04939371136913,12.8,5.4,False,-0.03609974881655573,True,True
2,20,entry,28.3,28.65661764780399,17.777832005058794,3.9000000000000004,37.12946710072221,40.478209926990765,0.6106874636130353,0.32344078657410197,17.777832005058794,28.657489070626678,7.478382637377755,-0.08970029702753646,-0.10513301879547367,0.0,3.9000000000000004,0.32344078657410197,-0.08970029702753646,0.9933663189690639,0.575,18.559816231001417,17.777832005058794,28.657489070626678,13.200000000000001,5.4,False,-0.08272951872893032,True,True
2,20,entry,28.3,30.656090205023048,18.523016333224337,8.700000000000001,95.15795376121314,95.63487087283278,0.9845220694133189,0.489893368613699,18.503619558086466,30.722547875165013,17.483841814364737,-0.253848223721878,-0.28214973651372227,0.008671134357632226,8.700000000000001,0.489893368613699,-0.253848223721878,0.9865229940789788,0.95,18.884421016404215,18.503619558086466,30.722547875165013,5.4,5.300000000000001,False,-0.0049868537204782355,True,True
2,20,exit,28.3,18.523016333224337,30.862491474112392,10.4,118.26882332643025,114.80194653299742,0.8371814970383897,0.4395686916710159,18.42132393048824,30.990885165903613,21.08629639350166,-0.4575643441436945,-0.34796501143138514,4.365764955867858,26.700000000000003,-0.07950751737280173,2.0014113730843235,0.9321821035434154,0.6749999999999999,41.15379926248266,18.42132393048824,40.62842954647249,5.300000000000001,14.0,True,0.03019876315804759,True,False
2,21,entry,28.3,29.50578770357009,18.086745301846857,3.8000000000000003,38.79770299843748,40.42395531400903,0.9031216704745889,0.4161644416138073,18.086745301846857,29.70788162511727,7.425914438866739,-0.1171792310436981,-0.11130111771984184,0.0,3.8000000000000003,0.4161644416138073,-0.1171792310436981,0.9950935514928893,0.6649999999999999,19.99748091445598,18.086745301846857,29.70788162511727,9.200000000000001,5.2,False,-0.04022991572544032,True,True
2,21,entry,28.3,30.389040751276543,16.53672023753273,7.300000000000001,77.1245988612824,76.56857650239614,0.9692353266186483,0.51229986882033,16.47372134410726,30.393427319075272,14.466944249880436,-0.38913685110033747,-0.3171919914771862,0.028163025316921164,7.300000000000001,0.51229986882033,-0.38913685110033747,0.9928146872557319,0.7449999999999999,20.40982541888983,16.47372134410726,30.393427319075272,14.100000000000001,5.300000000000001,False,0.007261756510111593,True,True
2,21,exit,28.3,16.53672023753273,28.75748839428884,8.9,89.00267761795662,90.10503746912433,0.9446172315736113,0.5226719299653796,16.523822062547737,28.82385160950948,17.271765242454173,-0.3916891491497303,-0.3068902576888997,4.265467563837063,26.900000000000002,-0.11377430374970808,2.4456623949511425,0.8503443408775009,0.72,40.3372602437963,16.523822062547737,38.29906759041685,5.300000000000001,5.5,True,-0.01223416450545779,True,False
2,23,entry,28.3,29.50932417707675,18.535453913512256,8.700000000000001,89.29450119864738,93.42902854963356,0.4976172940606799,0.40312752165980736,18.501184043017837,29.521010180571153,16.931551287310533,-0.32179046019269464,-0.23404908354837423,0.015320002905825802,8.700000000000001,0.40312752165980736,-0.32179046019269464,0.9334204906030726,0.3499999999999999,23.542337565998707,18.501184043017837,29.521010180571153,5.4,5.2,False,-0.04425313433275971,True,True
2,25,entry,28.3,28.48909118053563,18.729963003311113,6.2,64.55233193944906,65.43729854527521,0.971770306419951,0.4672826750921373,18.725967458573837,28.50878655510226,12.154188079288645,-0.13984297926672618,-0.13323948475898925,0.001786168319350523,6.2,0.4672826750921373,-0.13984297926672618,0.9963485985900431,0.7749999999999999,20.28718170840316,18.725967458573837,28.50878655510226,7.4,5.300000000000001,False,-0.01352388661359322,True,True
2,25,entry,28.3,29.06314959797861,18.295158562325256,11.8,112.05088622825005,124.90924267189521,-0.13068775941876787,0.2736281690695824,18.27083794354572,29.082879504451963,22.51731645089832,-0.30418718383505094,-0.30820511191310684,0.010872289419202374,11.8,0.2736281690695824,-0.30418718383505094,0.990353413456895,0.25499999999999995,21.442172191520655,18.27083794354572,29.082879504451963,10.9,5.5,False,-0.10294159318074478,True,True
2,25,exit,28.3,17.035825627956527,28.816232245854415,12.200000000000001,114.19675388652621,125.03599410664151,0.4662835872162917,0.6687067057032346,16.936152326119686,28.934131284933343,23.277683172998735,-0.42350918138031446,-0.3883367930878134,4.532527423631471,32.7,-0.047459759919832124,2.9879660958977325,0.9616179335902295,0.6449999999999999,37.53278505408543,16.936152326119686,38.95520733450749,5.4,5.4,True,-0.08668895942772013,True,False
3,2,entry,18.7,30.29960920671743,11.511347204050951,15.4,150.5762326105094,143.9220086447982,0.9622498697334092,0.5514450627220815,11.485362959882588,30.29960920671743,30.677128386684473,-1.1724871407670996,-1.3067172360408448,0.08618920489630089,15.8,0.5373489525464695,-1.170962747823502,0.9948869722375647,0.09999999999999999,29.824226818387235,11.318547443635103,30.29960920671743,7.2,140.1,False,0.046234929795441686,True,True
3,2,exit,18.7,11.745996588487944,29.49409763749842,8.8,84.16001212269684,81.11827558025375,0.9328477321244579,0.45643470632390953,11.592868910680776,29.517871839636207,17.154377654282836,-0.8161893458481444,-0.6706173535087067,1.4165722276706063,21.0,0.13607138045430311,-0.10916109250372585,0.9409151285711995,0.4599999999999999,32.82820689968059,11.592868910680776,32.66287946389115,45.1,36.300000000000004,True,0.03749754935845216,True,True
3,3,entry,18.7,31.029604574144315,11.339523545683615,15.3,151.1440193100481,144.89631701536226,0.975993091013945,0.5463911361136782,11.33865110721658,31.029604574144315,30.52023859670055,-1.4335443532495908,-1.41683135341514,0.033638897969561654,15.5,0.5393162466474419,-1.4332472293130465,0.9971188584335416,0.09999999999999999,30.608876635744405,11.26427547399079,31.029604574144315,5.800000000000001,24.900000000000002,False,0.043118434087068204,True,True
3,3,exit,18.7,11.67398740651731,29.90308947820524,8.1,84.40384080672574,75.27579662471278,0.7036835693866945,0.36171309605518404,11.582766296674261,29.92497356627184,16.280926505260787,-0.589750435629643,-0.6487133746252868,1.999515092077992,19.900000000000002,0.06151579447429584,0.5458543128450088,0.8695125445801672,0.32499999999999996,33.58479225851799,11.582766296674261,34.375877354185,33.0,19.6,True,0.12126134283932974,True,True
3,4,entry,18.7,29.366802365034424,11.559776171948062,12.0,100.11320409265757,109.7749060150359,0.6578948043155188,0.39885728513926416,11.525167076252277,29.63909101998254,22.774947898893583,-1.2218421359951535,-0.9238103605365119,0.3299199084668185,13.200000000000001,0.3607183513582399,-1.2055127997219088,0.9754304723847036,0.145,21.824399635876752,10.82176635522737,29.63909101998254,8.5,35.2,False,-0.08801375717921327,True,True
3,4,exit,18.7,11.17420508915721,29.138718613275138,11.700000000000001,83.02554220696548,105.42571305982185,-0.3674327176161307,0.7383985576808306,10.987156922500203,29.282335797711777,22.124070640892356,-0.857376441904087,-0.9230296832899888,2.4710912244378687,28.5,0.21469422813583627,0.8266369750313487,0.9424894226410893,0.695,33.91030078274452,10.987156922500203,34.66639225419736,5.4,24.3,True,-0.2124735057769617,True,True
3,5,entry,18.7,28.504870230621602,11.329446322784996,13.600000000000001,107.85807013003351,121.09122352983722,0.6552193394485213,0.37327258114479456,11.212999655077258,28.791655684707337,25.761780092988836,-1.17612844112627,-0.9859681208774185,0.24161536086593394,14.100000000000001,0.3592934193867841,-1.1696836971407834,0.9531317373698236,0.5299999999999999,14.568505222159871,10.788968153346167,28.791655684707337,7.0,25.3,False,-0.10928251457086834,True,True
3,5,exit,18.7,11.881147361910342,29.12787864149556,12.100000000000001,98.10072368420909,110.91268365660358,0.5035981605598288,0.6373336686526796,11.79002984778748,29.32726790223054,22.93699040514904,-1.0394187002140711,-0.8730031246954917,3.5382505175982857,28.3,0.1317022123650288,1.6051729427562549,0.9772688209357071,0.6649999999999999,36.05408961124669,11.79002984778748,37.04271963469144,30.200000000000003,10.200000000000001,True,-0.11551392996730257,True,True
3,6,entry,18.7,29.039608994033404,10.936584945097325,15.100000000000001,119.0744552277414,134.92573092604496,0.20411987054279845,0.37028513154719855,10.921005976941492,29.136177471197666,28.375822223714067,-1.7403227635981509,-1.2142404682652868,0.1494006756020534,15.5,0.3604666559033466,-1.737565489952427,0.9228910029006939,0.18,20.72911369760453,10.602385151785644,29.136177471197666,6.2,18.1,False,-0.11748148844190376,True,True
3,6,exit,18.7,11.985683568729923,29.26028920655468,12.200000000000001,109.6870015618741,112.4754579837257,0.9371877330875912,0.5295971235182149,11.952019022247596,29.402043699316636,23.43983294480791,-1.1215278167298806,-0.8807156132407132,2.7395304384148425,33.0,0.07262932101046701,1.5607050636081112,0.9766900708708365,0.5449999999999999,36.165663522771574,11.952019022247596,35.38844426743255,36.300000000000004,5.9,True,-0.024791687643139656,True,True
3,9,entry,18.7,28.477130953076024,11.678288660193566,14.600000000000001,105.86386991028127,131.04287512258708,-0.9868937929759436,0.27035342398900397,11.652972709984804,28.607773281381785,27.267288613214156,-1.2142947997885187,-1.0089555811616402,1.3997457411644847,21.3,0.15981757655191234,-0.859036139503587,0.8574405863783564,0.13999999999999999,14.695951267442515,8.547146612134142,28.607773281381785,6.9,14.200000000000001,True,-0.19214325989682027,True,True
3,10,entry,18.7,28.264484487090545,11.874817866536006,10.5,77.83059485216536,94.20533705186736,-0.9461182572474967,0.2871524438882565,11.861687616824907,28.52461943433691,19.657984122458586,-0.8119022152008597,-0.6908247406580872,0.005869746830849287,10.5,0.2871524438882565,-0.8119022152008597,0.6905224469545068,0.3449999999999999,15.633048531656726,11.861687616824907,28.52461943433691,5.300000000000001,10.600000000000001,False,-0.17381968699593348,True,True
3,11,entry,18.7,28.91790636699285,13.34744727925216,3.9000000000000004,36.029260878645275,36.843892203333866,0.800379095710597,0.46999119533273453,13.21814560144281,28.961187033854525,7.460578876252132,-0.31898027541573004,-0.22610640947822455,0.05780302204789223,3.9000000000000004,0.46999119533273453,-0.31898027541573004,0.9618799387056082,0.4799999999999999,20.509584274190004,13.21814560144281,28.961187033854525,5.2,11.600000000000001,False,-0.02211034925932386,True,True
3,11,exit,18.7,11.482074303588924,30.249475987658872,19.200000000000003,184.80005035232733,179.09445352511437,0.884243944574011,0.4645799379693817,11.296830936880605,30.268130326802094,37.44813897869326,-2.1397311215508026,-1.6270011495519199,0.008339235770586484,19.200000000000003,0.4645799379693817,-2.1397311215508026,0.9840081528319039,0.21999999999999997,16.940387737690884,11.296830936880605,30.268130326802094,36.6,6.1000000000000005,False,0.03185803197647806,True,True
3,12,entry,18.7,28.71133548530282,11.633252959954605,5.9,52.1577233391441,53.20515221477525,0.9791834835529811,0.47674656914972463,11.546187866650655,28.777014156254765,11.3590254425153,-0.47914972314851134,-0.4205095241165675,0.7077712396934235,17.900000000000002,0.19365070716656563,-0.77816351806905,0.8927509832877333,0.31999999999999995,12.782632068008471,10.050013787412052,28.777014156254765,5.1000000000000005,7.9,True,-0.01968660612797333,True,True
3,12,exit,18.7,11.123903273142275,31.390884491840787,21.0,215.70062129962267,199.56101258580927,0.8136268081360102,0.4151721895358933,10.955982735879523,31.390884491840787,41.91412125583001,-2.5084420214998104,-2.056871060556,0.0,21.0,0.4151721895358933,-2.5084420214998104,0.9631699051197001,0.135,17.298353020665303,10.955982735879523,31.390884491840787,20.700000000000003,12.200000000000001,False,0.08087556033457953,True,True
3,13,entry,18.7,29.32626241435816,11.734217145716494,12.100000000000001,134.5807624586808,111.05184453434144,-0.7807200941000754,0.7472600006996004,11.657715768938287,29.335319930363973,24.507732656302306,-0.8488636848677338,-0.9077867391313668,1.6385361047546128,25.5,0.34900742116606104,-0.5968893827116517,0.8407142586569111,0.705,11.611333935814585,8.068916267149447,29.335319930363973,21.0,11.3,True,0.21187327435217268,True,True
3,13,exit,18.7,12.929865118924623,29.371848593816104,5.5,52.62715861210924,52.004034769894936,0.9750183231141248,0.484586151452169,12.857685308709028,29.47805655117906,10.689207608942965,-0.4286330958283546,-0.35541570389167826,0.04747920525953475,5.5,0.484586151452169,-0.4286330958283546,0.9894376572730572,0.15999999999999998,16.067450961123097,12.857685308709028,29.47805655117906,5.2,10.200000000000001,False,0.011982221090564892,True,True
3,14,entry,18.7,29.946085256836458,11.949831832214098,14.200000000000001,158.25726061076352,132.97697050597304,-0.2868446195110588,0.7212917505220943,11.9446220846976,29.967190853535193,28.890816547765063,-1.0508793500631946,-1.1043884684425698,1.2052711034833257,27.8,0.36328033536154614,-0.853035234713289,0.8667286735725225,0.735,11.797955523813036,9.25371715906779,29.967190853535193,5.5,13.700000000000001,True,0.19011028758287846,True,True
3,16,entry,18.7,30.830477349642763,12.083408356947452,12.200000000000001,139.64338818059417,117.02376314427194,-0.23116162809918306,0.7212309114548853,11.961498030644334,30.878523419632916,25.052395237189838,-1.0547580102437415,-1.0177745995871066,2.0037791489593255,28.5,0.2990232451255105,-0.5777964272511156,0.8745170475426991,0.625,11.578109050088058,7.601082057378451,30.878523419632916,15.5,9.700000000000001,True,0.1932908704058319,True,True
3,18,exit,18.7,10.162920934680182,31.196161101091345,18.3,177.73773423594955,169.17585090443242,0.9530041018985173,0.4502416866585037,10.158322097219493,31.258765416700225,36.53115598071107,-2.028127921430716,-1.9560029963992946,0.027986633249794224,18.3,0.4502416866585037,-2.028127921430716,0.9971139145223393,0.7699999999999999,28.451672972391233,10.158322097219493,31.258765416700225,5.7,5.5,False,0.05060937057945544,True,True
3,20,exit,18.7,10.301394896302984,30.269243980794073,14.0,118.77683295648367,126.95688882532227,0.8825655787376562,0.5654561660833987,10.184623222414295,30.39329528531429,26.90413108268004,-1.7277631995071019,-1.3606312345740275,2.733905642729969,23.6,0.2569955860559746,-0.19588257714956825,0.9874191242503927,0.825,36.47942132000713,10.184623222414295,36.384816732069055,5.300000000000001,5.300000000000001,True,-0.0644317606120089,True,True
3,21,exit,18.7,10.014045759622109,30.212397860632052,15.5,150.17948589771308,139.36692750898774,0.7543831704900322,0.4227436040047285,9.967273307603627,30.257159336905815,30.333729578445734,-2.0466849253825643,-1.547322332236353,0.020010170353423007,15.5,0.4227436040047285,-2.0466849253825643,0.9685754724965162,0.32499999999999996,19.69941396918544,9.967273307603627,30.257159336905815,9.9,7.300000000000001,False,0.07758338783803666,True,True
3,23,exit,18.7,10.660222032977462,30.465778773180237,11.200000000000001,113.74356452725851,102.95581744215454,0.7490111902766223,0.39121242552245605,10.401256092338228,30.531078608802524,22.217315039713693,-1.2951765305255982,-1.064236243962794,2.1943000617485406,18.2,0.1781462195078056,-0.3917959533162332,0.7909129690725878,0.5199999999999999,33.70809816105675,10.401256092338228,35.37428821696277,5.5,5.4,True,0.10478035484653445,True,True
4,2,entry,28.3,28.42282749845793,17.662275041771476,2.0,21.438263457556562,20.60188423958415,0.9161589881302296,0.586934524697196,17.12069997647184,28.47549982830528,3.9698029099188297,-0.050910533918968603,-0.052969216888768426,1.9514152228396782,10.700000000000001,-0.09512027350441062,0.581153931296214,0.9041295738876893,0.295,12.440818681571827,13.297083508933973,28.47549982830528,9.5,43.300000000000004,True,0.040597219567198826,True,False
4,2,exit,28.3,17.308340263764872,29.589372183804738,5.300000000000001,56.1380439322937,55.557656437288024,0.9657648699978922,0.48005376495669405,17.23160427314982,29.60168483984185,10.47656241232393,-0.2224617994884852,-0.18106995791673838,1.3991859176927637,12.8,0.10523210810236573,0.1283768422223872,0.9463057170196678,0.5249999999999999,33.45219618458919,17.23160427314982,32.719261942423124,43.400000000000006,34.9,True,0.010446579863583688,True,True
4,2,entry,18.8,29.480583474236063,11.484901857363347,13.5,107.06311762195172,123.61417129780783,0.404700326940971,0.34760272789433,11.44355294598975,29.643283599717037,25.509294506056094,-1.3307956776989656,-1.0609612527284993,0.01848461734045337,13.5,0.34760272789433,-1.3307956776989656,0.9943398164951979,0.235,19.766612718083866,11.44355294598975,29.643283599717037,27.900000000000002,163.0,False,-0.1338928498414779,True,True
4,2,exit,18.8,10.986951762348443,28.194615267692736,11.8,88.75230744433419,103.34279357814668,0.6393731998292898,0.6607383350718438,10.961314868536006,28.27737809167613,22.50399427782803,-0.7769658113733904,-0.8648999657621605,1.6934210526315532,23.5,0.2564702415329117,0.30031678219434355,0.9718357004786037,0.74,32.10177903078206,10.961314868536006,31.982690278053223,6.0,5.4,True,-0.14118532728437735,True,True
4,3,entry,28.3,28.320195624729955,18.749191689314763,2.8000000000000003,30.850364679814973,29.458658466818772,0.8108196177702807,0.6161677707829176,18.624903739669,28.320195624729955,5.5907536853234525,-0.062889648011617,-0.05797973917983864,2.290973584323093,15.0,-0.18518615937671754,1.0406331667582336,0.8358623124123927,0.35999999999999993,11.758795352207315,13.624429734404478,28.320195624729955,10.600000000000001,7.1000000000000005,True,0.04724268807297426,True,False
4,3,exit,28.3,17.21459223086478,30.28220817265955,7.300000000000001,69.71896587029065,77.50033923122905,0.18087809509802,0.6824696534625211,17.189776993303607,30.71834717027606,13.980890799902067,-0.33648794197574183,-0.28033419015894545,3.852573008608422,17.6,0.0447745478807496,1.328150687047824,0.9622112075884212,0.695,38.19400806086064,17.189776993303607,38.900168553404946,24.5,5.4,True,-0.10040437807274616,True,True
4,3,entry,18.8,29.805129568328677,12.579073760074573,13.8,113.74504603900874,130.73729636591278,0.47626103464538583,0.3401032720389165,12.557701556743005,29.883614498455064,26.1936367023562,-1.10797110839518,-0.9779301390069559,1.6527078565979902,25.0,0.13083690483132268,-0.12778919137515032,0.7988371298485402,0.30499999999999994,11.832734387364262,8.882071575487087,29.883614498455064,24.0,17.5,True,-0.129972477626778,True,True
4,3,exit,18.8,9.986327810607147,28.87467343541396,8.8,61.109685218480124,76.43865678689362,0.22142818276489828,0.7062956360786298,9.912469140337961,29.342742259021875,16.739864962162063,-0.7692413157294453,-0.7799019411314942,3.172652192074338,21.3,0.16673608610099178,1.3136193031611754,0.9615795303098036,0.6499999999999999,34.85336044673223,9.912469140337961,35.971694265931,5.7,25.0,True,-0.20053952035224462,True,True
4,4,entry,28.3,30.941763528583312,19.064837184448287,13.9,168.7957908130808,155.36690794013782,-2.087575567328123,0.681959459479661,18.928380292436092,30.976923103498105,28.955764506729963,-0.561548897485519,-0.42753814664248285,2.4409624604990388,28.400000000000002,0.19484661315297253,0.7838018115799201,0.842974166418804,0.8499999999999999,13.597807537577568,13.604559669015575,30.976923103498105,5.4,5.6000000000000005,True,0.08643335347908879,True,True
4,4,exit,28.3,16.396911211457176,29.480015221241526,9.700000000000001,94.90024247666126,99.4677827834971,0.7954839474355782,0.5805106764895249,16.396911211457176,29.488599954818508,18.72151896505799,-0.49761872058033774,-0.3807090288498831,3.574328711270873,22.200000000000003,0.04784746156948089,1.3159766740963903,0.9747797846028161,0.7,37.3862013954552,16.396911211457176,37.47556083521538,5.4,5.300000000000001,True,-0.0459197961291407,True,True
4,4,entry,18.8,29.635344308102592,12.60068819457539,13.5,129.9153624096452,127.44807279748086,0.9279816240958288,0.5239997438584497,12.587670173561165,29.68600159962796,26.415942555933338,-1.0284134577599673,-0.937110875216911,2.08805460208489,26.8,0.19526307154857553,0.29385108305068286,0.8902889689452471,0.615,8.776853235758246,7.929843075380486,29.68600159962796,21.0,24.700000000000003,True,0.019359175529354247,True,True
4,4,exit,18.8,11.818196711589877,29.08451367615563,5.9,50.391558266135654,53.941185572626374,0.7923530987634393,0.5779443521030837,11.544537444637971,29.500510415706678,11.231131810599985,-0.5558177704070317,-0.4271560004895133,3.610911336311748,19.3,-0.01181190197148735,1.892196531711157,0.9880842548714283,0.4799999999999999,37.78024190593535,11.544537444637971,37.16189229174204,77.5,22.0,True,-0.06580551148086103,True,False
4,5,entry,28.3,28.59778238825002,17.892867942812263,1.9000000000000001,19.86901869710474,19.744021307798178,0.9943018385005516,0.5137473109578763,17.64316772526348,28.688021370039948,3.736111012811009,-0.05367466306594748,-0.04956118558628528,1.6750408630271076,17.2,-0.09611912688800965,0.6682049893865312,0.7620972742810961,0.145,14.282761288411152,14.1459082456328,28.688021370039948,13.9,20.8,True,0.00633089821763874,True,False
4,5,exit,28.3,17.109875239357034,29.013228648582,9.5,91.02623011332545,97.93964371980526,0.7309261756132188,0.6367581516220133,17.08266206556691,29.05815465923488,18.28300089974557,-0.29678775039284844,-0.307744342326697,3.3970769314590274,39.1,-0.05296364349362996,2.2907035099564155,0.9575716991032321,0.38499999999999995,34.85690964382336,17.08266206556691,36.612273323463505,23.200000000000003,16.0,True,-0.07058851088184817,True,False
4,5,entry,18.8,30.769832211918537,12.32276982318631,15.200000000000001,127.64545716646485,146.40728778467687,0.5210861507887523,0.3503219826277366,12.276523474923257,30.90444570949802,28.946773932488117,-1.4715719219015106,-1.2252688146848205,2.0962814645308603,33.1,0.12362426407010106,-0.3522656080541253,0.7592034217790953,0.39499999999999996,9.597189203761605,7.633521736816274,30.90444570949802,5.1000000000000005,9.8,True,-0.12814820151443068,True,True
4,5,exit,18.8,11.622346971294515,29.601128266756923,7.9,75.074899703969,72.79274236315312,0.941879972525392,0.4640572040053427,11.588737269605238,29.70888203476809,15.380288742572302,-0.7653021075724293,-0.6178985595056564,2.6443191311611987,27.400000000000002,-0.018427797032479324,2.088902312146665,0.8930639039606378,0.3999999999999999,37.455259450150116,11.588737269605238,35.51630169902517,54.6,21.1,True,0.03135144063443163,True,False
4,6,entry,28.3,29.713795721966576,18.757919628740208,14.8,182.87408126293712,160.34908766481172,-3.2968049805858275,0.8107488030462602,18.75187146684124,29.714470109792085,31.076058829744976,-0.34591944214460923,-0.394781709683131,1.9084136972866634,29.700000000000003,0.2746192385310578,0.7673690455455997,0.8636075553084251,0.8499999999999999,15.462813649822689,14.488919769025946,29.714470109792085,19.400000000000002,10.100000000000001,True,0.14047472253294566,True,True
4,6,exit,28.3,16.325914626869125,29.07287845487701,11.8,113.76828997311951,119.74095110965636,0.7079648232837041,0.5888244915678142,16.238538746404636,29.14209258369133,22.66890585125409,-0.5853739555795485,-0.4421354773648371,2.8939223057643666,38.300000000000004,-0.03020899986705597,2.3842039765162184,0.9798137376920864,0.5199999999999999,36.47144570261243,16.238538746404636,35.54639828702708,5.300000000000001,21.0,True,-0.049879853810975774,True,False
4,6,entry,18.8,29.423971967910944,12.476055941506695,11.4,91.46939883676434,106.76663431676855,-0.16502541834881446,0.3228890498829361,12.476055941506695,29.641451377371816,21.403531642802292,-1.0322264371226808,-0.7862968282025337,0.0,11.4,0.3228890498829361,-1.0322264371226808,0.958486194750893,0.21999999999999997,19.692107422220666,12.476055941506695,29.641451377371816,17.3,8.8,False,-0.1432773036060916,True,True
4,6,exit,18.8,11.702873346495124,28.352823706188307,9.0,79.96863683211535,80.5792446469422,0.9611974156639553,0.5091150807706165,11.636121139501661,28.46260419243111,17.254392529728023,-0.7590546723069522,-0.6116604413506993,4.643616968144926,29.1,-0.13586908802271677,5.099213150787918,0.8892029859892171,0.565,42.28447280140499,11.636121139501661,38.74029902863133,70.60000000000001,5.5,True,-0.007577730686136689,True,False
4,7,entry,28.3,28.472462036157577,16.960287081989456,2.8000000000000003,28.24232501543667,28.43435863208703,0.9658103674098665,0.4866735196157288,16.870741785266986,28.643099421964344,5.444865950217177,-0.10396968649819627,-0.08553786358082265,1.536280919690503,29.200000000000003,0.06661304968324191,-0.027091145977557574,0.4522317123597316,0.10999999999999999,17.22767000139931,13.523724537943055,28.643099421964344,5.1000000000000005,16.2,True,-0.006753576514071865,True,True
4,7,exit,28.3,17.60131099173217,29.095264271235465,12.8,132.08013947913065,133.60151683556512,0.9538350796229996,0.5231318925628795,17.518826454291247,29.1057477518603,25.046521589742987,-0.47577156080452454,-0.383971414945444,3.189695252624265,41.2,-0.09887770350226477,2.8468247273178946,0.8551206541199392,0.615,38.43703694700922,17.518826454291247,36.23040934242432,15.4,30.900000000000002,True,-0.011387425775314815,True,False
4,7,entry,18.8,29.452951854987937,11.348866457742119,13.700000000000001,105.47824189095758,124.94430728088149,0.027504521689314054,0.3244363356612994,11.339315338598933,29.52314709621099,25.751523142866123,-1.4157770735682256,-1.0916918445971187,0.0042697323017701905,13.700000000000001,0.3244363356612994,-1.4157770735682256,0.9673176424487601,0.14999999999999997,20.380499901718593,11.339315338598933,29.52314709621099,16.400000000000002,7.4,False,-0.1557979376056178,True,True
4,7,exit,18.8,12.381600004518699,30.168491556871967,10.5,89.59883172605296,99.86336289092144,0.8275598289982806,0.6229428784463193,12.370421823182047,30.220080194234686,20.245759152130404,-0.7428027479702486,-0.7918152541081634,4.145823798626941,30.900000000000002,-0.0015687868464505225,3.9436795189013196,0.9613606355995744,0.6,40.896434171297074,12.370421823182047,39.442435272483415,5.300000000000001,19.0,True,-0.10278575513304308,True,False
4,9,entry,28.3,29.917781788873604,17.85503925463627,11.5,133.21654879953297,122.79908103592125,-0.34446012673705173,0.6679855331448235,17.726745095987944,29.973107997317417,23.438551488308658,-0.48112993208719956,-0.375055818345556,2.431794159311284,39.400000000000006,0.1402725940282413,0.4583102824332741,0.827129367264275,0.42499999999999993,16.11251805032995,12.415270644866936,29.973107997317417,22.400000000000002,29.8,True,0.08483343422223495,True,True
4,9,entry,18.8,30.51305498477923,12.1304169462693,19.400000000000002,179.34496508481067,184.91437561294256,0.9355322910233057,0.4650656005943158,12.031497252514555,30.55692472534395,37.64387260689527,-1.9076182016605685,-1.5609468601323866,1.626187751988644,46.300000000000004,0.1749295040819492,-1.026327496455167,0.9265253755423974,0.44499999999999995,10.381474530721416,8.492738546151537,30.55692472534395,12.0,14.9,True,-0.030118861822780216,True,True
4,9,exit,18.8,11.882627155678058,30.585257139169805,12.5,110.36588863462843,118.65526871980492,0.610880565506855,0.5793163963251436,11.684746126751685,30.715775558869133,23.8727150610161,-1.4697687158050243,-1.0431761882031403,4.183921760923987,32.9,0.007080989765590333,4.03572966406422,0.9276715042006595,0.63,42.103047765764146,11.684746126751685,39.94442356929683,72.3,15.3,True,-0.06986103672101748,True,True
4,10,entry,28.3,29.379564443681133,18.001076719476774,9.1,108.09126623170071,96.3737403063804,-1.9208548232213132,0.7531416467805823,17.78833072034832,29.432474434298328,18.72799689779804,-0.29457153722488627,-0.26532711399706094,3.197183629363213,26.6,0.11544517729200045,1.237269707940392,0.839797105084571,0.6,13.801167150225407,10.849180626591993,29.432474434298328,7.0,17.8,True,0.12158421877234707,True,True
4,10,exit,28.3,18.029901720795653,29.845575064083608,16.3,179.14539634865878,174.42836310658626,0.6130653014328009,0.4452131322251105,17.995667397852298,29.947226333224954,32.52181539997697,-0.7166832454972223,-0.5094109786772337,2.9165624659474343,42.2,0.010766582279163384,1.3272798937853025,0.8274519230396533,0.5549999999999999,36.14884493113997,17.995667397852298,36.369739492205106,6.2,5.5,True,0.02704281091711057,True,True
4,10,entry,18.8,29.13752218427146,12.420549964019024,10.700000000000001,94.65696521648171,99.39294506646901,0.6700614422212146,0.4407726825186169,12.167994770299334,29.20330851352083,20.331031108346377,-1.0485297705531451,-0.7208245673026059,2.3337950855398994,47.6,0.06495570244519938,0.541721249671042,0.6633450457229741,0.235,10.663786838906468,7.199999038956614,29.20330851352083,26.400000000000002,12.8,True,-0.04764905443560523,True,True
4,10,exit,18.8,12.511635485345968,30.926512613541423,13.5,123.16231343757765,131.07548065135467,-0.10273976078658786,0.5712035037289779,12.485818314667542,31.050214028594954,25.714467729150947,-1.7115698864472897,-1.0801288059744816,6.277237931785875,31.400000000000002,-0.03601507510131349,5.545284269498737,0.8958383116530865,0.8899999999999999,48.64217962314221,12.485818314667542,44.96829395701376,7.5,9.8,True,-0.060371071496011584,True,False
4,10,entry,18.8,30.22670727339346,13.068443184089768,4.5,40.561448049470805,43.54799413615493,0.9199819970423739,0.4134759230702591,13.050502335078205,30.23481211503132,8.73332228718418,-0.29526294178593915,-0.31309763186995604,0.00802027714212894,4.5,0.4134759230702591,-0.29526294178593915,0.9973278686460123,0.7849999999999999,13.788264039202614,13.050502335078205,30.23481211503132,7.6000000000000005,6.9,False,-0.06858056601520014,True,True
4,11,exit,28.3,18.856202513509125,29.392484455018913,12.700000000000001,136.78268479168733,136.96374069230842,0.9515717593400869,0.5030267405436305,18.856202513509125,29.466967746542164,25.156163791089913,-0.4002892301958525,-0.3141704190948739,3.000741890959235,53.7,-0.19362816846225325,3.9316436269861157,0.7161548241487319,0.4099999999999999,37.79260200051083,18.856202513509125,36.104952893993584,7.0,10.5,True,-0.0013219257863863027,True,False
4,11,exit,28.3,16.519175489804212,30.779070512612545,16.3,171.73642675529146,172.32529432730115,0.8968362450135686,0.5056671841106922,16.500248957984432,30.795523950524025,32.20100872029156,-1.019915982261935,-0.7471779634259598,2.202866768370164,40.300000000000004,0.08583406099092813,0.90597863509322,0.8989154793742514,0.575,36.530540752503406,16.500248957984432,35.70674313334036,6.1000000000000005,9.8,True,-0.0034171859349402356,True,True
4,11,entry,28.3,29.157751787748055,16.55353575264268,4.2,43.2959999636766,42.91302536231818,0.9418568684587941,0.5161829785920096,16.412956360353792,29.231167637095655,8.234432168651198,-0.18984190832220094,-0.1532973374442504,4.5672941411499,32.7,-0.2598648807607293,4.906323108176252,0.11887958140496813,0.3499999999999999,5.591273946265542,6.336789731817027,29.231167637095655,21.900000000000002,5.4,True,0.008924437233798689,True,False
4,12,entry,18.8,28.661563835620587,12.658860746213474,14.200000000000001,157.61186539718614,131.150366495948,-0.8257310603248955,0.7604871863034801,12.59537688262735,28.681832033581163,28.70223657513314,-0.7235597239218379,-0.8789625252196245,0.028379826377540773,14.200000000000001,0.7604871863034801,-0.7235597239218379,0.9458019004714399,0.72,25.476615813266797,12.59537688262735,28.681832033581163,7.9,11.0,False,0.20176458219852322,True,True
4,12,exit,28.3,17.001420676768163,30.917571896631863,18.1,195.62961561512182,193.86644328211537,0.8252706958286924,0.48434148171492053,16.96491842006826,30.917571896631863,36.05767545199236,-1.061687879586927,-0.7842428216969238,0.0,18.1,0.48434148171492053,-1.061687879586927,0.9727799696094959,0.4599999999999999,23.838662854573798,16.96491842006826,30.917571896631863,5.300000000000001,7.800000000000001,False,0.009094778359556919,True,True
4,12,entry,18.8,29.370000121161844,12.915863446390826,10.700000000000001,87.47636900221427,101.1335776034273,0.3941823743386186,0.3264771466818787,12.86638125533851,29.403418881719833,20.309746612899175,-0.7036214442059965,-0.6925927299107426,0.02212051868802778,10.700000000000001,0.3264771466818787,-0.7036214442059965,0.9874643148711816,0.4649999999999999,16.008489078008097,12.86638125533851,29.403418881719833,10.8,7.2,False,-0.13504128821356165,True,True
4,13,entry,18.8,30.233055050365483,12.420661684893728,14.0,147.83379794594947,133.47542270531193,0.3180993247710244,0.6287978464195839,12.27116493551454,30.40704812499075,27.809997489187786,-1.3820133745747825,-1.0575292804542211,0.06683102684247277,14.0,0.6287978464195839,-1.3820133745747825,0.9329726763331219,0.6549999999999999,23.15433320608398,12.27116493551454,30.40704812499075,7.5,10.100000000000001,False,0.10757317676631806,True,True
4,13,exit,28.3,16.943348166095163,30.916673051412623,19.5,223.86491781990873,208.6046028794781,0.5761788858744985,0.37471971169758633,16.925724705932208,30.940397486978934,39.76708083148307,-1.0824012802299876,-0.8524708656071779,0.010605771675564313,19.5,0.37471971169758633,-1.0824012802299876,0.9760760177578041,0.22999999999999998,23.658377230069895,16.925724705932208,30.940397486978934,5.300000000000001,9.5,False,0.07315425800670039,True,True
4,13,entry,18.8,29.59052900268013,12.336917748501556,14.100000000000001,127.05259089753167,132.13988285932024,0.9322818732216298,0.4532220530533186,12.316145790960464,29.605747417103917,27.55756738524956,-0.8129790381526298,-1.0076114329552566,0.009285895899169283,14.100000000000001,0.4532220530533186,-0.8129790381526298,0.966142484768761,0.8699999999999999,12.965710187771512,12.316145790960464,29.605747417103917,5.4,8.200000000000001,False,-0.03849929220237494,True,True
4,14,entry,18.8,30.0452151889645,12.132289794387127,11.100000000000001,105.01724701245699,104.6454266440542,0.9403390410560571,0.5041830908465353,12.113953351914658,30.127660624099278,21.763702233603368,-0.886688365523888,-0.852581377953062,0.008197123242892346,11.100000000000001,0.5041830908465353,-0.886688365523888,0.9707151392212088,0.22499999999999998,26.164669763690036,12.113953351914658,30.127660624099278,7.1000000000000005,6.300000000000001,False,0.003553144942181956,True,True
4,14,exit,28.3,18.674266084692107,30.497762936142554,8.700000000000001,97.7705211625063,95.62110776261159,0.7992832709018942,0.45325788334813044,18.590766918579988,30.525187871772484,17.52556816128004,-0.3673961376474253,-0.2679586938409553,0.012260043224005202,8.700000000000001,0.45325788334813044,-0.3673961376474253,0.9773513739131418,0.37499999999999994,24.213387942113044,18.590766918579988,30.525187871772484,12.0,5.300000000000001,False,0.022478440693563532,True,True
4,14,entry,18.8,28.774056600007977,11.819842055381027,14.0,115.82202103991679,127.0296751843357,0.6903224713425962,0.39437599618476193,11.62053607747993,28.78345435685951,26.812075094104898,-0.9720605105027964,-0.9806641640473087,0.0890977443609069,14.0,0.39437599618476193,-0.9720605105027964,0.9520053247963337,0.635,14.42658632067778,11.62053607747993,28.78345435685951,5.5,11.200000000000001,False,-0.0882286294769724,True,True
4,15,entry,18.8,31.115980044958018,10.863888171925097,14.700000000000001,149.3955112872738,137.9351001144144,0.8813324250217126,0.5861125780354819,10.85280952373135,31.148139406564756,29.885798235561715,-1.127895433025433,-1.4464806917781041,0.004952598888532833,14.700000000000001,0.5861125780354819,-1.127895433025433,0.9858496641326766,0.22499999999999998,30.0471790571222,10.85280952373135,31.148139406564756,9.200000000000001,5.4,False,0.08308553198825533,True,True
4,15,exit,18.8,11.604574211417168,29.453735932399518,30.8,280.506937179902,282.66248728705386,-0.32093358385404436,0.5087708805692099,11.528481123653842,29.4822085051409,58.65677068040158,-3.7847321660646287,-2.378826396451106,0.01272837891830747,30.8,0.5087708805692099,-3.7847321660646287,0.24938943519403067,0.4649999999999999,19.591328680243457,11.528481123653842,29.4822085051409,5.1000000000000005,10.200000000000001,False,-0.007625879641265596,True,True
4,15,entry,18.8,28.68631204065695,12.583167822310449,8.200000000000001,72.29694594275425,75.64134393955788,0.9501563591556021,0.44334385311397567,12.57330896293966,28.764062659943217,15.859938214578692,-0.4435383892065641,-0.5142565375783003,0.0044073044931174366,8.200000000000001,0.44334385311397567,-0.4435383892065641,0.9938415715504508,0.845,13.25447096783121,12.57330896293966,28.764062659943217,5.300000000000001,6.9,False,-0.04421388915929385,True,True
4,16,entry,18.8,29.466179606553307,12.727034855248682,24.200000000000003,257.41455979168535,228.23086057534795,-0.7400766249541908,0.6611555717321373,12.72604561768536,29.532599697855584,48.14055562493255,-1.9497255154214912,-1.6228712862538854,0.0004422287603080832,24.200000000000003,0.6611555717321373,-1.9497255154214912,0.5220224482772745,0.6799999999999999,23.47877406107317,12.72604561768536,29.532599697855584,12.3,6.300000000000001,False,0.12786920727007783,True,True
4,18,entry,18.8,30.170751365474008,12.286933829157373,7.4,69.08581957611307,70.22704928080964,0.9757444407267738,0.48070988872646625,12.271160872937283,30.369838979847227,14.38301873634726,-0.6726582642613721,-0.5647354374647263,0.05048672405652166,7.5,0.4742524440255511,-0.6724286811408682,0.9965542725919262,0.14999999999999997,26.567249548920223,12.173998243848404,30.369838979847227,10.3,11.200000000000001,False,-0.016250571772327402,True,True
4,18,entry,18.8,28.90312467962472,12.608467522210145,8.200000000000001,70.66116423304521,76.08510292942387,0.6255458139318366,0.4091950950353437,12.550688532744319,28.958719018167827,15.564817404506647,-0.6946758760180689,-0.5251252740395769,0.025829519450802252,8.200000000000001,0.4091950950353437,-0.6946758760180689,0.9632043903460727,0.4149999999999999,19.1815723700763,12.550688532744319,28.958719018167827,5.2,8.5,False,-0.07128778811549841,True,True
4,20,entry,18.8,30.48696409795775,11.193057478941972,6.300000000000001,44.42528324888232,58.69280606407235,-0.2461746430256453,0.23743219742872876,11.167841061876139,30.78168071850339,11.97495683196744,-0.4555493482673967,-0.5645631670477181,0.011272747085110169,6.300000000000001,0.23743219742872876,-0.4555493482673967,0.9920870419650334,0.32499999999999996,14.084527118837066,11.167841061876139,30.78168071850339,31.1,5.2,False,-0.24308810179589643,True,True
4,20,exit,28.3,17.4068354181957,28.40662746380317,7.5,76.95529693799602,76.8016891753829,0.9640655054326602,0.4958349421212585,17.335042568464313,28.444046339497856,14.636956029666548,-0.25915797982579925,-0.20823675638242636,2.1390711833932343,19.3,0.008064561838364941,0.7000941843637705,0.8201300491313425,0.6399999999999999,35.26907736667003,17.335042568464313,33.19159342522325,13.600000000000001,5.300000000000001,True,0.0020000570854938416,True,True
4,20,entry,28.3,28.223005573244553,17.449230951036455,5.2,49.79862332461507,53.085023201117906,0.7412435307171502,0.3687791667241488,17.41811922654118,28.30592785338545,9.9610309092611,-0.15478891060831046,-0.13873748141894593,0.013908185318367572,5.2,0.3687791667241488,-0.15478891060831046,0.9730569276366291,0.24999999999999994,22.7020745507878,17.41811922654118,28.30592785338545,14.4,5.300000000000001,False,-0.06190823095342693,True,True
4,20,exit,28.3,17.449230951036455,29.669896019894555,10.0,107.85755559641696,105.32067260542497,0.7622089026803108,0.45356352866828303,17.293703813533877,29.702014247906515,19.8275132701838,-0.4723980526143663,-0.3373902412655595,0.01435813265046626,10.0,0.45356352866828303,-0.4723980526143663,0.9643079715225397,0.35999999999999993,22.983639502074464,17.293703813533877,29.702014247906515,5.300000000000001,5.7,False,0.024087227400229415,True,True
4,20,entry,28.3,29.669896019894555,16.209279049318727,6.0,61.49822254912544,61.52947926882331,0.9813488665944828,0.49913427332967486,16.186448380750043,29.735876845030365,11.815208634512384,-0.2587884157731395,-0.24926966793652006,0.01020622207694366,6.0,0.49913427332967486,-0.2587884157731395,0.9892781739006746,0.15999999999999998,27.492890874381512,16.186448380750043,29.735876845030365,5.7,5.0,False,-0.0005079958431195361,True,True
4,20,entry,28.3,28.859010168779946,18.851193355744947,31.8,402.29859948784383,339.12107319929737,-1.4276700754408371,0.9440682933159731,18.851193355744947,36.86577712897388,68.9039813160568,1.1916224536589937,-0.7144011827795003,0.0,31.8,0.9440682933159731,1.1916224536589937,0.36356857264865483,0.74,30.341533991100754,18.851193355744947,36.86577712897388,5.300000000000001,5.2,False,0.18629784841302913,True,True
4,20,exit,28.3,18.851193355744947,28.745602308864274,18.7,213.59640575623519,198.94622884202954,0.3771800826547801,0.32288105295362873,18.809483890639353,28.745602308864274,37.837369496102085,-0.4713686544159543,-0.41120219634982663,0.0,18.7,0.32288105295362873,-0.4713686544159543,0.9791587785875477,0.14999999999999997,23.84032928955821,18.809483890639353,28.745602308864274,5.2,6.0,False,0.07363887719549794,True,True
4,21,entry,18.8,31.000600819425916,10.793254172357678,8.8,76.45888625549254,82.20750971631853,0.8710897909397775,0.4276854788515587,10.793254172357678,31.030125599678172,17.351036928158916,-0.7074120723859352,-0.8639191503266508,0.0,8.8,0.4276854788515587,-0.7074120723859352,0.968406579322957,0.72,13.52874204061019,10.793254172357678,31.030125599678172,20.8,5.2,False,-0.06992820340457116,True,True
4,21,exit,28.3,18.99892085272649,29.533175568182507,14.4,159.10313355853162,156.2096763648227,0.9610435875741854,0.45733179530240825,18.99892085272649,29.54305981866118,28.930602472608086,-0.3160329453762465,-0.3548539438725786,1.3669290981075655,22.8,0.22510304505211184,0.0005847169612707148,0.9272509743710052,0.715,32.32258206212613,18.99892085272649,32.59090887640451,12.600000000000001,5.4,True,0.018522906269592,True,True
4,22,entry,18.8,28.05844377173322,12.726597112548692,5.5,45.6015545203581,50.13949786150081,0.7951621935580349,0.3796196703651631,12.69452814328603,28.122916872882634,10.46978194086368,-0.3060972402023019,-0.3143833792958977,1.5941615814899333,45.7,0.2684431208072065,-2.825821239303721,-0.8534370814954095,0.095,19.501529209784234,9.16055921551502,28.122916872882634,5.300000000000001,5.300000000000001,True,-0.09050635795511484,True,True
4,22,exit,28.3,18.512508477135928,30.951803172642258,18.0,180.94391213540825,199.01273291925153,0.16925100932877624,0.680515776619318,18.45816744367818,30.983531901059237,34.93722089580077,-0.6835413994900534,-0.6114323209200059,2.3607369873959865,28.200000000000003,0.3533789293408207,0.03682840548834321,0.9172448897297826,0.94,33.85317090391226,18.45816744367818,36.232621415743516,9.3,12.600000000000001,True,-0.09079228509049528,True,True
4,22,exit,28.3,16.133759800593637,29.202357870441535,10.3,114.70470896443837,104.37534892484675,0.5111605063275508,0.32834328188940104,16.110393887470718,29.220192584622133,20.7883309679416,-0.3927142272231947,-0.4059537074509491,0.24205168718898662,10.700000000000001,0.31529252444132944,-0.3902393695507449,0.9680888339794992,0.5299999999999999,27.88785229475806,16.110393887470718,29.74381207406758,5.300000000000001,13.5,False,0.09896359768846431,True,True
4,22,entry,18.8,28.12034424583144,10.866657833973521,24.900000000000002,223.90451822490658,216.98793015146234,-0.18513374203300437,0.5360134128348811,10.599991278133938,28.19273632570899,47.280902616701454,-2.8940441130282437,-1.8387899670110375,3.1680719007663605,33.4,0.32908428885763163,-0.9181573885268364,0.732461306918053,0.95,5.831489988746189,3.779882823311477,28.19273632570899,10.5,7.9,True,0.031875450715697945,True,False
4,22,exit,28.3,16.359295808587433,30.495260896371267,10.8,113.72191851912221,113.1076495586776,0.9370565777038392,0.49099957604744127,16.244525969644656,30.594554347234116,21.354417312730156,-0.6394168876583066,-0.4891035729505148,0.04438814427372684,10.8,0.49099957604744127,-0.6394168876583066,0.9846626192929937,0.26499999999999996,20.359785914387384,16.244525969644656,30.594554347234116,9.8,8.0,False,0.005430834809505529,True,True
4,23,entry,28.3,29.1034056760687,16.45576779954176,1.3,13.308435627111006,13.238402391848984,0.9895441905867589,0.5095280719996887,16.33474565419254,29.45359374219527,2.54878323917586,-0.0542292093576906,-0.04786283760467237,3.4857660455486,14.0,-0.24068548707846582,1.7459837185041955,0.4946252738411834,0.16999999999999998,8.217463595124297,8.658331226643137,29.45359374219527,5.5,5.4,True,0.005290157617896706,True,False
4,23,exit,28.3,18.614001813586203,31.120743416797822,19.6,201.3149811576011,217.8875209763506,0.25268410906091066,0.6512315621455111,18.52492777582618,31.225241029133432,38.23793236125323,-0.8484163769999213,-0.6707626994593339,2.8252133958083174,31.400000000000002,0.30067835541950916,0.2391794484247356,0.9350074564595754,0.9349999999999999,35.293533821979835,18.52492777582618,37.440565794679706,8.4,10.700000000000001,True,-0.07606006872026544,True,True
4,23,entry,18.8,28.19950661071629,11.044979584671582,22.700000000000003,200.62560559005894,199.1227554847233,-0.9884698457698458,0.5086330583448135,10.831060516358702,28.286862178294438,42.802170148746505,-2.803379567343633,-1.6524281900694002,3.422486469797634,31.700000000000003,0.2802187062126496,-0.564052190895147,0.6648059417037961,0.95,4.362217647785467,3.3890953913161015,28.286862178294438,8.700000000000001,8.200000000000001,True,0.007547354905155095,True,False
4,23,entry,28.3,30.647763952924393,17.35495630655878,6.7,73.17274613163227,71.88810581707784,0.387563558562103,0.5322658892981735,17.325403088265645,30.843923464735944,13.330362524756701,-0.4098287102109808,-0.26460556497509496,0.013211470705762451,6.7,0.5322658892981735,-0.4098287102109808,0.7635373572340615,0.57,23.92867211445509,17.325403088265645,30.843923464735944,7.2,5.5,False,0.01786999810265194,True,True
4,23,exit,28.3,17.35495630655878,28.415239619776646,9.8,106.121021984307,100.25943109585404,0.6353449463409726,0.37903024764066356,17.341226826701533,28.431012575996746,19.46142613993046,-0.3251287922198891,-0.27523823944192716,0.007051142348633022,9.8,0.37903024764066356,-0.3251287922198891,0.9896549027560972,0.4499999999999999,25.00800326435495,17.341226826701533,28.431012575996746,5.5,9.600000000000001,False,0.05846423448033465,True,True
4,24,entry,18.8,29.421416098990925,12.609084018309664,4.2,37.41641386073817,39.45756102211992,0.9579799776239449,0.43533776928338297,12.609084018309664,29.45691083652982,8.145519129335725,-0.2572384253515292,-0.284649867452833,0.0,4.2,0.43533776928338297,-0.2572384253515292,0.9991575967062755,0.8699999999999999,12.620441397027443,12.609084018309664,29.45691083652982,5.800000000000001,6.0,False,-0.051730190830535205,True,True
4,24,exit,28.3,19.101002247235442,30.58548261220786,19.1,199.96728163252033,212.12313112945083,0.044568397937942095,0.6239636094557995,18.97391568967831,30.588211648483675,37.40887865699816,-0.7541984804979194,-0.5514948116628557,3.070108241618488,34.5,0.18243787233012795,0.9079648567471565,0.9302859623986868,0.8799999999999999,36.50141700817817,18.97391568967831,37.45311915841958,6.2,5.6000000000000005,True,-0.0573056291985066,True,True
4,24,entry,28.3,30.351786409960983,16.66570147956048,4.5,42.66062111801171,47.29207001879626,0.47992639167075957,0.3317795664778139,16.578872015737733,30.688044406478003,8.643824527819586,-0.20572790793293017,-0.1906539269995442,0.038816243507320713,4.5,0.3317795664778139,-0.20572790793293017,0.9948583936005154,0.4049999999999999,20.204363732721927,16.578872015737733,30.688044406478003,7.7,6.0,False,-0.09793288597736949,True,True
4,24,exit,28.3,16.821160061071772,28.198402097523157,6.2,61.73729870418711,62.38918970887266,0.9562818423560512,0.5206728292318672,16.767389819719345,28.411513220783018,12.004649303819246,-0.23189491282328767,-0.18589461815277708,3.9426031110384034,21.5,-0.18626130082833603,2.1834193250055307,0.9204282338263005,0.6,39.263027122490506,16.767389819719345,37.01775408177156,5.1000000000000005,8.5,True,-0.0104487813951018,True,False
4,24,entry,18.8,30.35304428544574,12.388470838313207,25.700000000000003,240.34208371925814,245.52709493388883,0.296654812566575,0.4748780537214952,12.1326300352328,30.35304428544574,49.39832705734166,-2.92786333677612,-1.9726509064972586,4.349234953325273,34.800000000000004,0.24933489193668507,0.5116108616033301,0.7506474389035059,0.95,4.280516021796164,2.659509328548368,30.35304428544574,5.2,8.8,True,-0.02111787791089541,True,False
4,24,entry,28.3,28.608275009673708,18.838655226669825,33.1,394.4611590116535,351.0366827167505,-0.8985076229285134,0.8003879791861921,18.81509430983829,33.35960029225284,69.27533271714131,0.47239799496240664,-0.710896018722414,0.01053267226036958,33.1,0.8003879791861921,0.47239799496240664,0.2207836880582733,0.605,28.56700772902431,18.81509430983829,33.35960029225284,9.600000000000001,5.2,False,0.12370352852821928,True,True
4,24,exit,28.3,18.838655226669825,28.628885479768627,13.3,153.47651597290098,141.1122644927515,-0.6029439009316895,0.28758905143409114,18.838655226669825,28.643559508839314,27.02273444976323,-0.306536869094419,-0.28678196788034477,4.110475918055943,46.800000000000004,-0.13375655945134524,2.826646837701034,0.4961117739407763,0.5149999999999999,36.28986908989645,18.838655226669825,37.823758238483606,5.2,5.800000000000001,True,0.08761996361262128,True,False
4,25,exit,28.3,19.041823699902835,28.45005387562418,14.5,146.59061816679156,153.92307489738604,-2.025733588132447,0.6202339702376805,19.019235770325604,28.53039743484799,27.988461793020072,-0.437076734351141,-0.2886491294443979,0.03591678471541293,14.5,0.6202339702376805,-0.437076734351141,-0.3631838724480221,0.6749999999999999,23.13000133464089,19.019235770325604,28.53039743484799,5.300000000000001,5.800000000000001,False,-0.04763715080070174,True,True
4,25,entry,28.3,28.22332550120394,16.274485445663963,4.3,38.86687438705394,42.768448022228824,0.408276402990958,0.33013683180770226,16.225578109294226,28.314319106720276,8.146098659488263,-0.16429802954262485,-0.14307963516216568,0.021863535650727073,4.3,0.33013683180770226,-0.16429802954262485,0.9846116671395001,0.36499999999999994,19.802663224817753,16.225578109294226,28.314319106720276,10.8,5.2,False,-0.09122551356427637,True,True
4,25,entry,28.3,29.378194339499483,17.276152464117303,5.800000000000001,57.219501062437786,60.483441665757674,0.8225813535210853,0.39598182792482195,17.202258246297053,29.504804559872653,11.234427745090452,-0.20925791887888678,-0.19298134749763388,0.033033671134365505,5.800000000000001,0.39598182792482195,-0.20925791887888678,0.9956586294363751,0.575,19.901855712645702,17.202258246297053,29.504804559872653,21.6,5.2,False,-0.05396420100160649,True,True
5,2,entry,18.6,29.19198204811415,11.665276225223073,10.0,87.11559809850573,91.32414369256335,0.7544038294520812,0.4462862646794842,11.585897528099002,29.19902046322071,19.039402121113234,-1.0433415617728734,-0.7463749393202532,0.035485452762344494,10.0,0.4462862646794842,-1.0433415617728734,0.96798038685483,0.38999999999999996,20.473717101964002,11.585897528099002,29.19902046322071,15.200000000000001,119.2,False,-0.04608360312936975,True,True
5,2,exit,18.6,11.297113286000306,28.77326947566345,6.5,56.880074461515306,58.21745770676604,0.9426809569586615,0.5263360246182945,11.29699750254834,28.83534667187259,12.453897390297342,-0.6152764113326654,-0.48660471531579896,2.0346513929751584,16.7,0.118915297687271,0.2857422479318785,0.979536289334865,0.5249999999999999,33.791886843790536,11.29699750254834,33.324655018288624,31.700000000000003,5.5,True,-0.02297220280533314,True,True
5,2,entry,28.1,29.546185971864357,17.527363960407527,11.8,124.83199706694074,124.15818259416466,0.9100863817748891,0.5106279631388811,17.504264146095252,29.54705333210981,23.27965269775995,-0.49788434503444634,-0.3852895805474957,0.010326540990160282,11.8,0.5106279631388811,-0.49788434503444634,0.984527157742175,0.565,23.01102273001232,17.504264146095252,29.54705333210981,66.5,9.700000000000001,False,0.005427064561492346,True,True
5,2,exit,28.1,17.77251815399998,28.684858653641435,4.0,40.60857805746192,41.53661145617603,0.911852546999994,0.5475597235508368,17.63127046775151,28.800688825249672,7.774806205459388,-0.13888271688663156,-0.10846519419370917,3.4289292070756066,17.1,-0.201234506287995,1.5039601358089385,0.9489959932981614,0.43999999999999995,37.87816737926736,17.63127046775151,36.355154839834185,25.6,21.400000000000002,True,-0.02234253989864465,True,False
5,3,entry,18.6,29.233074509298078,13.024716141551384,10.600000000000001,98.35073113036056,100.12189048254544,0.863390825155238,0.4769396254673172,12.855278231681195,29.240968604740473,20.447521210442858,-0.8149329987161522,-0.6659885645209352,1.7022842432167131,23.0,0.1318949317848577,0.4513297935463285,0.8942274484764332,0.57,8.061552514452725,9.216814738507555,29.240968604740473,9.9,5.5,True,-0.01769003105763023,True,True
5,3,exit,18.6,11.557464565485928,29.89791832517275,8.6,68.15122945497706,79.68852177999223,0.5273372951382218,0.6636247457303396,11.541487464758436,30.350928698336567,16.339038735440397,-0.78130512523677,-0.6981566014616772,5.252468807889212,25.8,0.15423710658748577,0.9851000506119334,0.7852615722203242,0.4699999999999999,32.86037454943421,11.541487464758436,41.64735642442385,168.8,5.7,True,-0.14477985119196796,True,True
5,3,entry,28.1,29.241600843326893,18.92332949325501,9.9,104.70968194943715,106.58166976544457,0.7242459823423677,0.4590065477364642,18.75555114619639,29.284817016774564,19.437634236221772,-0.3379368139329486,-0.23511500184990086,1.8182703134647928,17.7,0.12780584466397965,0.25861487933264726,0.8478825720704332,0.845,12.841860973180419,14.85597464030048,29.284817016774564,37.9,5.300000000000001,True,-0.017563881482877144,True,True
5,3,exit,28.1,17.510287932530634,30.02039334971526,3.7,42.17486676382927,39.30901415676813,0.6662361257050236,0.36150159474583443,17.131646590904648,30.121994344462994,7.525206675692186,-0.14177559826196973,-0.13016849044963288,2.5304447713486233,12.8,-0.11484101593756718,0.805701372284549,0.5433551018474561,0.4149999999999999,38.085433529037964,17.131646590904648,35.6808370937843,26.5,15.4,True,0.07290573596254149,True,False
5,4,entry,28.1,29.154664736851018,16.90568045754318,4.7,47.80645638098792,48.38841928189965,0.9542308126877179,0.4773873750099708,16.89870958278358,29.193198790004136,9.255962202946733,-0.11497351891917873,-0.16134312592771513,0.003116259852530945,4.7,0.4773873750099708,-0.11497351891917873,0.9633033005809418,0.95,16.964166295475074,16.89870958278358,29.193198790004136,9.700000000000001,6.300000000000001,False,-0.01202690456824707,True,True
5,4,exit,18.6,11.052017491955993,29.209539999218755,7.0,61.06074009752556,62.99484331299165,0.9056236669981258,0.5340391440951947,10.881949374788059,29.39061973205564,13.413885648676814,-0.7327139642148275,-0.5644930912498981,6.170434918818696,24.900000000000002,0.020405980179495308,2.3493178163660673,0.8047396867870029,0.42999999999999994,36.27623058855785,10.881949374788059,43.01240980688406,11.700000000000001,37.9,True,-0.030702564110786687,True,True
5,4,entry,28.1,29.82376765716282,17.938740533967202,9.1,94.20810595328753,97.15047006102057,-0.7644381016899515,0.43914329137468716,17.563975906693496,29.82376765716282,17.706722090125776,-0.48079552735260833,-0.2881390564139441,1.7477352802295334,32.9,0.046077047773675925,0.4814237103128036,0.47193564772554986,0.31999999999999995,15.230785779638445,14.02916805671789,29.82376765716282,29.0,11.4,True,-0.03028666877149366,True,True
5,4,exit,18.6,12.991745787958699,29.147836052295588,4.3,37.21321396789023,40.50186913161464,0.8618339831834099,0.6058929937014622,12.987346524606012,29.163753230008524,8.223674168568698,-0.2892413489165371,-0.2687869733867826,5.053536922015107,21.8,-0.10093364849991862,2.880562267636428,0.8865190631078901,0.32999999999999996,37.740732111273836,12.987346524606012,40.452276196388084,5.5,24.200000000000003,True,-0.08119761468384612,True,False
5,5,entry,18.6,30.00883328611598,12.055113014139115,17.400000000000002,175.58406028658322,163.59711902037452,0.8211926118914514,0.5858337902005413,11.89403588827432,30.009878384116643,34.684849161860946,-1.2747028260538968,-1.344308281876972,1.4060413715447821,35.7,0.2585195405089139,-0.4425720785725247,0.9340715577122767,0.625,10.116812874427636,8.909888042000643,30.009878384116643,25.900000000000002,8.6,True,0.0732711024374203,True,True
5,5,exit,18.6,11.611022537176432,29.441594920251738,8.4,77.14957638661761,77.07908085430847,0.9735130521591865,0.4989471399695526,11.518493277454988,29.54314107020643,16.25995844252703,-0.790241653495297,-0.6474616055307388,3.127164832370738,29.8,-0.03004161186355723,2.6950054173967004,0.9313026781474966,0.4149999999999999,37.91260072890281,11.518493277454988,36.43686342501806,8.1,15.9,True,0.0009145870906580462,True,False
5,5,entry,28.1,30.31697063064699,16.783515204516906,13.3,142.1984846173382,140.02107789854858,0.8235602695860758,0.5270603142914175,16.780174750363123,30.318945043196358,26.380163070591994,-0.7381035494223696,-0.5504393570729849,1.2552917620137114,39.1,0.18421650209320586,-0.6014781273608776,0.8233354500746356,0.37499999999999994,16.694641059390126,13.975507504951517,30.318945043196358,11.100000000000001,17.1,True,0.015550563897010228,True,True
5,5,exit,28.1,17.03127858835593,29.06682419911217,4.0,41.429498202026224,41.215391740219474,0.9617712686645792,0.49005149973527495,16.780761792777543,29.143801913074366,7.844906512705244,-0.16403283479349806,-0.13251002273264334,3.7333260687951135,19.1,-0.24318675242900445,2.178587219060219,0.8698260355772476,0.41999999999999993,39.975523857211726,16.780761792777543,37.418036772472746,18.2,5.6000000000000005,True,0.005194818070789254,True,False
5,6,entry,18.6,29.36851423352823,11.559323194583339,15.4,147.622957348078,140.88212941774506,0.9317468981244973,0.5549796465297689,11.17855306247194,29.388021713896496,30.268658315955825,-1.2052858452791426,-1.185828158661081,1.9955504703788147,37.5,0.2108706512984317,-0.49510773799373453,0.9242622394658417,0.49499999999999994,10.254645057266627,7.095403924766735,29.388021713896496,11.4,26.700000000000003,True,0.04784728878099903,True,True
5,6,exit,18.6,10.711403396969644,28.15720604061905,14.9,103.41092543405463,129.4498825641984,0.1776073850202613,0.7240783916112469,10.711403396969644,28.29069420429696,28.30320552165689,-0.9523809302580482,-1.1264227921903451,4.161978769387172,42.1,0.03635124137771698,5.793838082633542,0.9639850850495428,0.615,37.61802150060882,10.711403396969644,37.46728739662114,15.8,5.7,True,-0.2011508748741444,True,True
5,6,exit,28.1,16.518772279010953,30.41964465361405,5.6000000000000005,58.70337203969986,58.75337973556991,0.9688780435382125,0.5014370119417074,16.424273684961705,30.50879130994269,11.068219282914782,-0.3034578269956807,-0.24499673728427693,3.14118970433325,22.700000000000003,-0.1347547719193246,2.2061521258801093,0.9055474232751917,0.4149999999999999,39.934924461712896,16.424273684961705,37.446285903464734,24.200000000000003,8.1,True,-0.0008511458590998332,True,False
5,7,entry,18.6,29.70426796264266,11.193466783601115,11.200000000000001,95.33305827975582,102.38437070938056,0.7420516066568805,0.42391827784435016,10.84823709302284,29.712737420589807,21.565665678806784,-1.0362003696195252,-0.9320254592192025,1.826514656205704,34.300000000000004,0.13646009841147333,-0.5680647630745739,0.7734085962679846,0.26499999999999996,11.340075972289556,7.107669861165307,29.712737420589807,10.100000000000001,27.5,True,-0.06887098470957048,True,True
5,7,exit,18.6,10.904446912021202,30.28638754901794,18.0,147.2814913642781,165.72555573716645,0.7474308044765459,0.618260709634075,10.859246677403158,30.341537035350882,34.721313621978766,-1.651113626748483,-1.6368021126531824,4.097756165776698,38.1,0.1346389813918208,3.4204106633591067,0.9872207782053334,0.7949999999999999,40.47590086590638,10.859246677403158,39.45280703223353,18.2,13.700000000000001,True,-0.11129281957056654,True,True
5,7,exit,28.1,16.26285936518416,28.358617449186227,5.4,52.756635111328286,53.85847948675957,0.9660154624487307,0.5377352318317975,16.16825717541473,28.38416496629891,10.43204143340516,-0.21554743461440395,-0.18386098513355262,3.8997866041915756,40.400000000000006,-0.231015770510013,4.434415147488181,0.8988200742187014,0.27499999999999997,37.273572669643706,16.16825717541473,37.08219163536996,24.1,17.8,True,-0.020458141149383147,True,False
5,9,entry,18.6,30.28094877370831,9.710966323782422,12.4,99.69199120990723,110.84351149612999,0.5504782987097621,0.402201523817857,9.643597620689372,30.320803672293767,23.77646135579357,-1.5861358696816055,-1.287179809432025,1.3608091787439558,15.0,0.3119211227337814,-1.277714808215503,0.9424357843831015,0.42999999999999994,13.698297911104419,6.666922885289321,30.320803672293767,8.3,12.5,True,-0.10060598167365085,True,True
5,9,exit,18.6,10.905009578972006,27.921114441254026,16.1,120.173674902835,139.72248538011485,0.6593718088440239,0.6596202264111212,10.822340194265664,27.94926607039171,30.77046982394588,-0.9532851008944832,-1.158461873172739,4.675213395808287,55.800000000000004,-0.08668264220217192,10.093866117915397,0.9558570323577716,0.5399999999999999,40.05981292578997,10.822340194265664,38.37926895943649,17.900000000000002,18.8,True,-0.13991170013972576,True,False
5,9,exit,28.1,17.05560428535704,29.896776233139953,7.2,78.13211071156036,75.56253187316003,0.824113827773026,0.43783035252322455,17.02883901071007,29.960822763676873,14.338110557406218,-0.35524074149039464,-0.26875528171308366,3.5668310268424115,35.300000000000004,-0.2400905388564266,4.1342483904349905,0.57583793877042,0.43499999999999994,41.64877381540797,17.02883901071007,37.87555000470941,11.9,10.0,True,0.03400599178854477,True,False
5,10,exit,18.6,9.930782730813325,29.699579240660043,12.0,103.05807793941224,106.29814209436472,0.7051508228553228,0.5305524293178718,9.793304608441904,29.87193052624931,22.892234488831285,-1.679173673676143,-1.155131625408479,5.17192006283817,45.0,-0.12106205107142702,9.107609199712726,0.7892576836174514,0.49499999999999994,44.271635618425584,9.793304608441904,41.26883492882703,6.5,5.300000000000001,True,-0.030480910494899857,True,False
5,10,entry,18.6,29.9676621124976,10.424739820201738,11.700000000000001,83.43795212669218,105.63356325596438,-0.3064802541567129,0.2828572388422408,10.217003994481777,30.001777605056013,22.280232254527892,-1.0455260747097448,-1.0913874005813289,2.2215121136173406,45.300000000000004,0.10860160650908789,-1.534221011531784,0.5563356444262975,0.105,12.617518493161866,5.455358750012627,30.001777605056013,7.800000000000001,10.600000000000001,True,-0.2101189285406309,True,True
5,10,exit,18.6,10.711174876998658,27.664467216587106,9.200000000000001,78.55113619646829,78.91505639097626,0.942592622111655,0.5052193676948968,10.70616267230154,27.81183212854801,17.570908432421504,-0.8163747308451157,-0.6603449632155111,7.073508499509529,49.1,-0.24987157781153116,12.052177667758343,0.3177988686551668,0.69,47.83453074288935,10.70616267230154,43.48745509129525,24.0,5.4,True,-0.0046115432358682625,True,False
5,10,exit,28.1,17.227829123229018,29.78557536832189,6.4,71.30308463640881,67.25399150048933,0.8494887160148181,0.38730109277687336,17.154897736219908,29.882473929888747,12.92487778526721,-0.22993267704000786,-0.2282966387976395,4.68412335185784,39.5,-0.22436686053699856,4.176760880384862,0.659259034606436,0.35999999999999993,39.94144821741887,17.154897736219908,40.26366089055221,9.0,7.800000000000001,True,0.06020598994321425,True,False
5,11,exit,18.6,10.584778957576049,30.74313904801794,16.8,133.8872412916329,155.19195270785417,0.6381516745930025,0.6407229046861515,10.527358490553617,30.8526519119836,32.34685783618303,-1.7042297172438197,-1.6499786320689762,1.1476953252696767,25.700000000000003,0.38977664044385185,-1.1354899782418997,0.9703532783216112,0.9149999999999999,33.473522784952536,10.527358490553617,33.31046037333486,26.0,6.1000000000000005,True,-0.1372797432114729,True,True
5,11,exit,28.1,17.373766039282277,29.953250119660314,8.8,92.50823848570566,93.09110493625226,0.8881520720972584,0.511778152465605,17.33617501187613,30.10375641948914,17.318644979048674,-0.42925022010530967,-0.31380590171897377,5.147979550325008,38.2,-0.2908933076338248,5.786979059981277,0.713884901127797,0.5199999999999999,43.81315730639331,17.33617501187613,41.468952406536225,9.200000000000001,5.6000000000000005,True,-0.006261247526772231,True,False
5,12,entry,18.6,30.145513619877555,10.81870825019333,5.6000000000000005,45.02418619011219,51.27540808543017,0.6262734548454851,0.37079764477512034,10.558871902375657,30.265747625237825,10.690948678607288,-0.5982507225257496,-0.5076255648323489,2.8289564490937025,17.400000000000002,0.0816239644880978,0.2145671004691323,0.6920978713658452,0.195,10.205042153431872,4.4905129005742745,30.265747625237825,10.700000000000001,6.0,True,-0.12191462006314598,True,False
5,12,entry,28.1,30.56804603059894,17.723614880207514,7.2,73.6701550524851,77.71789473684089,0.7806874989864914,0.40209185583676543,17.723614880207514,30.791607626043334,14.06726466314364,-0.332212024277748,-0.26455796000653803,0.0,7.2,0.40209185583676543,-0.332212024277748,0.981064771134326,0.25999999999999995,24.713345097962645,17.723614880207514,30.791607626043334,6.6000000000000005,5.2,False,-0.05208246695386906,True,True
5,13,entry,18.6,29.886130249424628,10.195768903132832,4.800000000000001,37.95712741999861,43.00370927318229,0.7376274325526148,0.38055828962377364,10.195768903132832,30.275601406387036,9.18824853967739,-0.5251791437549027,-0.45610427420713984,0.0,4.800000000000001,0.38055828962377364,-0.5251791437549027,0.9949432265499744,0.4549999999999999,16.22331496260781,10.195768903132832,30.275601406387036,10.600000000000001,8.8,False,-0.11735224561967712,True,True
5,13,entry,28.1,27.80727696379287,19.03181858775061,3.9000000000000004,41.712878800260846,40.83095108695589,0.9281661974877251,0.5576437449357852,18.982499915433074,27.913168040129346,7.6892846740711835,-0.08179572401327118,-0.06807867328202764,4.594065326359306,39.6,0.3071627003088709,3.875044604677612,0.12050909759176132,0.09999999999999999,23.545259732612863,8.755187131148727,34.32266977978335,5.7,5.1000000000000005,True,0.021599489843544203,True,True
5,13,entry,18.6,30.948113336843967,11.02931631803758,13.3,146.902635574441,124.79117451690632,-0.38640921642685067,0.6867051549319675,10.932464476109201,31.030919833532906,26.867499605598447,-1.570169866001315,-1.2660341088413258,3.893111401692583,36.0,0.09064873094099327,4.656798451791673,0.8858855924102983,0.62,2.290889509629701,2.320674134580656,31.030919833532906,8.9,5.2,True,0.1771876989148707,True,False
5,14,entry,18.6,28.8494874876776,11.246168059311483,4.5,36.85741225799943,40.3298141753835,0.7297149588082076,0.40194347023640153,11.094981785613408,29.23342135183177,8.537041406420729,-0.4397504426976422,-0.341704560396299,2.5341308434128407,34.0,0.04938312277708559,0.09161901168026532,0.6039874944464668,0.13,10.696350302854409,5.577478806866868,29.23342135183177,5.300000000000001,5.7,True,-0.08610012191684119,True,True
5,14,entry,28.1,29.424028336170444,17.67737056323311,6.300000000000001,66.76495568631617,66.3270594965665,0.9390265570452561,0.5132364010140732,17.593816552327908,29.452849274912033,12.43003963762957,-0.25408177189830994,-0.1964286561517736,0.03735198503506165,6.300000000000001,0.5132364010140732,-0.25408177189830994,0.9843140094828995,0.35999999999999993,25.50619848362836,17.593816552327908,29.452849274912033,19.0,5.2,False,0.006602074523932926,True,True
5,14,entry,18.6,29.896996627956405,10.688876913873482,11.200000000000001,120.90059237768139,101.60364988558193,0.1318486403742456,0.7006500358628084,10.54777801951718,29.921595533278385,22.542381093392464,-1.0708658288760944,-1.0070791624464164,3.434239811485182,34.1,0.0613582671906146,4.622480985336551,0.9097275948693069,0.5549999999999999,2.3855243558494825,3.006701243944209,29.921595533278385,5.9,5.300000000000001,True,0.18992371350665224,True,False
5,15,entry,18.6,30.19891213541051,12.504660548009111,3.8000000000000003,32.719398859466935,36.27138975155223,0.8066251656983068,0.3818293391068606,12.382932529860646,30.263956028665238,7.297340242558132,-0.30214822445087997,-0.28308703688508413,2.800861301805196,28.0,-0.044562777931796076,1.9182619711771451,0.8046433155655924,0.13999999999999999,8.450455317455518,6.23931225299033,30.263956028665238,10.8,18.1,True,-0.09792817193979411,True,False
5,15,entry,28.1,30.341730007770824,17.051331469721628,8.9,96.33641404235071,94.2803442028971,0.9293412162843909,0.5388833314237916,17.051331469721628,30.35522792072413,17.78947863808877,-0.4058212678554405,-0.35397444626594005,0.0,8.9,0.5388833314237916,-0.4058212678554405,0.9969039529273672,0.43499999999999994,25.59395658593791,17.051331469721628,30.35522792072413,9.5,5.2,False,0.021808043413893616,True,True
5,16,entry,28.1,30.552367529300202,18.797824801719283,11.9,133.10091419672162,131.26598437897076,0.9414064432357437,0.5293440715711272,18.773714929135227,30.552367529300202,23.9761475955776,-0.446070284048961,-0.3614576327270367,0.010778077439976386,11.9,0.5293440715711272,-0.446070284048961,0.9879939954365894,0.6699999999999999,23.366676187989004,18.773714929135227,30.552367529300202,7.6000000000000005,5.300000000000001,False,0.013978715250809662,True,True
5,18,entry,18.6,30.003688032013535,11.982839764646465,6.5,55.99566052813099,61.00138650521138,0.8588026645855034,0.40440567724603815,11.869061194555599,30.188668346844125,12.491592889722572,-0.566195042245635,-0.5063916121735843,3.3028649522356126,32.9,0.02505290245511209,1.4673534752380348,0.7588837414085693,0.22499999999999998,8.831098012090326,4.594541285236094,30.188668346844125,8.9,18.5,True,-0.08205921641883905,True,False
5,18,entry,28.1,30.716581980455633,17.628743544694462,15.4,177.2617749536858,166.41466628527587,0.7135744453181022,0.620386824936258,17.562858697946446,30.766208393000742,31.467209351197784,-0.6826735170272293,-0.5871242224782771,0.029453161890233837,15.4,0.620386824936258,-0.6826735170272293,0.979932130040434,0.7449999999999999,24.117348974933584,17.562858697946446,30.766208393000742,5.6000000000000005,5.300000000000001,False,0.06518120614330533,True,True
5,20,entry,28.1,27.907083315035045,17.655541319959546,47.1,547.8807101539998,479.6738351312989,-1.613934718409383,0.8159887825233187,17.655541319959546,33.012626740384846,96.82067935792138,-0.021471467433187286,-1.1392467615623851,0.0,47.1,0.8159887825233187,-0.021471467433187286,0.20556764425603857,0.74,26.799686786700338,17.655541319959546,33.012626740384846,8.200000000000001,5.2,False,0.14219427875200008,True,True
5,20,exit,28.1,17.655541319959546,30.537022159336953,9.200000000000001,104.45290844865632,99.10241645780967,0.825868688415158,0.39900643223102256,17.534834024348218,30.545320989039098,18.6903418900316,-0.39659189939963824,-0.34041139019950306,0.0037099088300465155,9.200000000000001,0.39900643223102256,-0.39659189939963824,0.9771381166088646,0.3449999999999999,24.701545625777648,17.534834024348218,30.545320989039098,5.2,5.7,False,0.053989520963139026,True,True
5,20,entry,28.1,30.537022159336953,18.290221515307486,3.4000000000000004,40.93755189604378,37.10714272093219,0.45418488611116725,0.705777183730947,17.84988282844629,30.57289370091694,7.102033999010811,-0.09189985327976835,-0.11283099824974743,4.9535464567214325,12.200000000000001,-0.2704255944521688,2.803149209819786,0.9560679649629936,0.5599999999999999,4.808316466053237,7.209453671889821,30.57289370091694,5.7,9.200000000000001,True,0.10322565668606037,True,False
5,20,entry,18.6,28.20281964247352,10.349731440567384,12.9,128.42406723329862,111.16273421324881,0.3955232766869409,0.6676582335389267,10.33045755839167,28.233969453630632,25.455628805904173,-0.9806516293250809,-1.0248314672508025,3.0569271911662765,36.0,0.05781742193544554,4.8160313306933205,0.8974228285616511,0.57,2.237910232321547,3.511580064479613,28.233969453630632,5.300000000000001,5.1000000000000005,True,0.15527985293107816,True,False
5,21,entry,28.1,28.470653173631614,16.477070939059875,59.0,797.5356887690118,592.7562023264592,-2.697556472290441,1.1473499759449846,16.376246912213514,37.16636011108603,133.83168146972386,5.792465847080138,-1.9675135955222571,0.0450723729613971,59.0,1.1473499759449846,5.792465847080138,0.5715181849428046,0.835,33.98410234985263,16.376246912213514,37.16636011108603,5.2,5.300000000000001,False,0.34547000206633144,False,False
5,21,exit,28.1,17.73102095855631,29.230945210990573,8.200000000000001,89.74737936326189,86.07489716138038,0.7896021749040286,0.4128826847243475,17.588298556761693,29.248872348803886,16.358078458811182,-0.30595415473984033,-0.245453313709198,0.008014147688063744,8.200000000000001,0.4128826847243475,-0.30595415473984033,0.9952163348580753,0.3999999999999999,24.334675713020896,17.588298556761693,29.248872348803886,5.2,5.300000000000001,False,0.04266612360855956,True,True
5,21,entry,28.1,29.230945210990573,19.01517522435212,4.3,49.15371068068643,46.37108321074353,0.674033064238172,0.6416997624335096,18.617257969261733,29.26511656398636,8.720045396902183,-0.11011116951549482,-0.10000255524139064,5.4253005702661605,14.5,-0.34184784830164666,2.88814541641538,0.9847596700530795,0.635,5.543683305482912,6.879123483420302,29.26511656398636,5.300000000000001,5.9,True,0.06000781688227215,True,False
5,21,entry,18.6,28.34398607717677,10.626578815025736,10.8,104.51052200246828,94.07556717881512,0.5864967876404668,0.6219888859164991,10.483980321837574,28.34398607717677,21.108259048579974,-0.9385702846843209,-0.8411461371908907,4.079574842904298,34.4,-0.022984856291747974,5.8922021997214955,0.8962636415347538,0.4799999999999999,1.307759209627419,1.5008297927809737,28.34398607717677,5.2,5.2,True,0.11092098763347137,True,False
5,21,exit,28.1,16.802590020406747,27.874594884670085,19.1,199.07844325487332,190.73726746667097,-2.4416193441656446,0.4117689892634272,16.68219351195597,27.976387836193457,37.27415802631815,-0.8338556753314066,-0.5445430777794461,2.3289051432929764,26.900000000000002,0.19628637198298116,-0.10608739708120396,0.46804627141980515,0.12,24.856668137613347,16.68219351195597,33.084207320454304,5.2,5.300000000000001,True,0.04373123249057696,True,True
5,22,entry,28.1,29.41266937014563,16.88055240153281,44.2,511.3333087474041,457.35777312392594,-2.1171385538284535,0.7179735850756601,16.878093018822764,35.133817159309196,90.89860162148402,-0.9754286293863998,-1.5838635230258113,0.0010994424466996833,44.2,0.7179735850756601,-0.9754286293863998,-0.5149957941080061,0.7849999999999999,25.038298478256667,16.878093018822764,35.133817159309196,5.4,5.300000000000001,False,0.11801600146599653,True,True
5,22,exit,28.1,16.88055240153281,30.060829196849202,8.5,90.74189254839864,89.18486972639795,0.9545234408430752,0.46891111565294213,16.850583276892504,30.103067812643197,16.887750695947812,-0.3998471634533196,-0.3343032948110816,0.0188823508045477,8.5,0.46891111565294213,-0.3998471634533196,0.9923069255975455,0.605,25.674140064602827,16.850583276892504,30.103067812643197,5.300000000000001,5.4,False,0.01745837412531225,True,True
5,22,entry,18.6,30.060829196849202,10.500739468688051,4.5,42.70041414677926,40.79844822654399,0.9526444274174777,0.548336253989668,10.216511406988744,30.14957213456238,8.830088329278171,-0.48917120402721714,-0.4197087754534341,1.8935894991100626,27.8,0.21852831628102806,-1.4064171584805365,0.14255185396614178,0.18,15.528790266820822,6.264900395875635,30.14957213456238,5.4,8.4,True,0.04661858484602428,True,True
5,23,entry,18.6,30.70325875832461,11.047368380101696,4.5,44.93900839054079,41.99445080091471,0.9459166102555799,0.5744677844603596,11.039269632329658,30.74351686770331,9.005417343502046,-0.4067905323923391,-0.4181984990506144,2.1810549925538196,29.3,0.18207565826627561,-0.6422138413394194,0.29529128925367965,0.175,14.765305922762066,6.168487312291614,30.74351686770331,5.2,8.0,True,0.07011777826516882,True,True
5,23,exit,28.1,17.198287077023362,29.486042562432,5.4,56.8616117739994,56.348359349459734,0.9369129505477051,0.48269712363479145,17.17474037921228,29.675223582151645,10.64084371795167,-0.24023129107500374,-0.1851623781141382,3.5472017907086,29.200000000000003,-0.20300374684470662,2.7117439181056255,0.7713007388658237,0.3,38.1612900157537,17.17474037921228,37.420906983308434,5.2,11.5,True,0.009108560221897327,True,False
5,23,exit,28.1,17.673955967044304,29.354929990808113,6.6000000000000005,70.8807040245531,69.37851748937453,0.9771001648725973,0.45641325007683453,17.57571472369236,29.407304736871044,13.124126504016047,-0.2174172724157959,-0.20366537927484593,0.023413606479971705,6.6000000000000005,0.45641325007683453,-0.2174172724157959,0.9927263949432278,0.8599999999999999,28.737865014746745,17.57571472369236,29.407304736871044,5.2,7.5,False,0.02165204143211376,True,True
5,24,entry,28.1,29.444238642405058,18.785360306857022,21.3,229.09709193726712,229.61996308706193,-1.112638424472543,0.4948482214477424,18.785360306857022,29.536468287053406,42.16322209895903,-0.7026996769831797,-0.5393749183441301,0.0,21.3,0.4948482214477424,-0.7026996769831797,-0.4721058564730123,0.44499999999999995,24.591213421485783,18.785360306857022,29.536468287053406,5.800000000000001,5.2,False,-0.0022771153812813725,True,True
5,24,entry,28.1,29.351440744762133,18.30931055021776,6.300000000000001,66.40427572554468,67.1147261155596,0.979919631314983,0.47715485285686393,18.30931055021776,29.396616096094455,12.421040533455061,-0.19408283688596484,-0.1724024301193417,0.0,6.300000000000001,0.47715485285686393,-0.19408283688596484,0.9880599434509444,0.7899999999999999,20.12363971293602,18.30931055021776,29.396616096094455,5.300000000000001,5.2,False,-0.01058561110406169,True,True
5,24,exit,28.1,18.30931055021776,29.69366971421017,6.300000000000001,66.55994583378639,67.59664473684107,0.9435209203713698,0.5323338274458261,18.213100595496854,29.75357647851703,12.414590294113271,-0.22963014245983437,-0.18249336578570804,3.6729191638515992,30.3,-0.1838353362605504,2.448761410136541,0.9129516835078804,0.36499999999999994,38.03465579911425,18.213100595496854,37.90975588961192,5.2,12.3,True,-0.01533654380466121,True,False
5,25,exit,28.1,17.466447645651062,30.4822372893133,6.7,76.03578597762412,71.80718337964367,0.8240005263343636,0.3915311179492003,17.24694456489149,30.562693585056145,13.632546356882804,-0.2726718617401609,-0.25385896511436595,0.035967182448882085,6.7,0.3915311179492003,-0.2726718617401609,0.98259647828567,0.62,28.35985352803449,17.24694456489149,30.562693585056145,5.300000000000001,7.300000000000001,False,0.05888829500001235,True,True
5,25,entry,28.1,30.4822372893133,18.556792600581392,8.1,85.12934387599297,88.78575208401301,0.8479726408595575,0.41532627040284953,18.521007388768226,30.551320400010876,15.945109947781988,-0.31187213913045575,-0.25421694593908845,0.015997421088957964,8.1,0.41532627040284953,-0.31187213913045575,0.981062660067933,0.5349999999999999,22.082580623042812,18.521007388768226,30.551320400010876,7.300000000000001,5.4,False,-0.041182375800119186,True,True
5,25,entry,28.1,30.761009309749586,18.402989519304384,3.7,42.840594239220536,40.65980696759953,0.8696301781042718,0.6066881805622127,18.303974354983986,30.805016162296894,7.621825081490396,-0.09625253782934617,-0.12450859566151251,0.28744596999744854,44.5,0.5929991734355318,-0.548005238600922,-0.7485434458037712,0.735,23.976436015395052,17.75999119701231,37.672874118969425,10.100000000000001,5.2,False,0.05363496372126914,True,True
5,25,exit,28.1,18.402989519304384,28.725476301107843,4.800000000000001,50.47602498092985,50.563942464857,0.9876514022902443,0.50396920284044,18.37006233059513,28.877591381532465,9.439598355336638,-0.13380813870926644,-0.11553240996543997,0.06800152555302219,4.800000000000001,0.50396920284044,-0.13380813870926644,0.9920548013628542,0.135,19.71458114713837,18.37006233059513,28.877591381532465,5.2,5.2,False,-0.0017387387067029916,True,True
5,25,entry,28.1,29.57426041203406,18.52494402613521,7.1000000000000005,74.45076931458964,76.33305264973912,0.9091729958005562,0.4463283613763693,18.49540299557388,29.718760191380834,13.943162365371943,-0.24560617700140774,-0.1935124356134957,0.013206022302135523,7.1000000000000005,0.4463283613763693,-0.24560617700140774,0.993878005985532,0.22999999999999998,25.846847811073072,18.49540299557388,29.718760191380834,5.300000000000001,5.300000000000001,False,-0.024658824320658343,True,True
5,25,exit,28.1,18.52494402613521,29.69769775956552,6.4,69.44879826377436,68.9838393084149,0.96382259996198,0.48545452084857277,18.514584454116868,29.833257837647125,12.734573230262454,-0.21716747928612712,-0.17808423996270034,3.1632250917147484,22.5,-0.14693666349433282,1.6287537799364884,0.8728980948308565,0.5099999999999999,38.67917647488318,18.514584454116868,36.77363076715936,5.300000000000001,11.4,True,0.00674011420675953,True,False
