sensor,date,period,holdout,eligible,P_h,Tf_h,wt2_local_min,wbar_local_min,corridor_peak_delay_min,corridor_Tff_min
137,2016-01-04,NT,False,False,0.5833333333333334,0.0174584826120149,,,0.5394226544299735,3.865159571629759
137,2016-01-04,PM,False,True,4.416666666666667,0.0174584826120149,27.0357968284028,4.322689192081458,36.31734750115308,3.865159571629759
137,2016-01-05,PM,False,True,4.916666666666667,0.0174584826120149,18.240512769979883,5.11107094579752,36.378328666460874,3.865159571629759
137,2016-01-06,NT,False,False,8.333333333333334,0.0174584826120149,,,2.386111482713929,3.865159571629759
137,2016-01-06,PM,False,True,4.0,0.0174584826120149,5.642211517892719,2.349489535655616,20.886507383746196,3.865159571629759
137,2016-01-07,AM,False,True,0.5833333333333334,0.0174584826120149,0.8557513385393759,0.424788679171326,2.5811280267613927,3.865159571629759
137,2016-01-07,MD,False,False,4.333333333333333,0.0174584826120149,0.947533733067054,0.6595107862047059,2.9781431752400938,3.865159571629759
137,2016-01-07,PM,False,True,3.75,0.0174584826120149,15.80925574916129,4.95192892598763,26.339385576510796,3.865159571629759
137,2016-01-08,PM,False,True,4.833333333333333,0.0174584826120149,7.65311195915244,2.9511643550740203,21.31758327201469,3.865159571629759
137,2016-01-11,MD,False,False,1.25,0.0174584826120149,,,6.587758636054149,3.865159571629759
137,2016-01-11,PM,False,True,3.083333333333333,0.0174584826120149,9.715526757564708,2.744038830482082,15.000043054983099,3.865159571629759
137,2016-01-12,PM,False,True,5.083333333333333,0.0174584826120149,14.628806832752634,3.5619394053564544,39.74383905125622,3.865159571629759
137,2016-01-13,PM,False,True,5.0,0.0174584826120149,8.093373077911044,2.762171864048724,26.31750278905736,3.865159571629759
137,2016-01-14,PM,False,True,5.166666666666667,0.0174584826120149,17.88604066159953,4.089496686245898,38.244024107008784,3.865159571629759
137,2016-01-15,PM,False,True,5.75,0.0174584826120149,11.13951333627261,3.610585493000532,27.220201409535196,3.865159571629759
137,2016-01-18,PM,False,True,2.0,0.0174584826120149,6.080320261386024,1.080167338766832,8.418396988610242,3.865159571629759
137,2016-01-19,PM,False,True,4.583333333333333,0.0174584826120149,11.140276653390792,2.842347184269894,27.045776403711788,3.865159571629759
137,2016-01-20,PM,False,True,4.75,0.0174584826120149,7.89101145144228,2.7307542116261283,29.639625831322878,3.865159571629759
137,2016-01-21,PM,False,True,5.0,0.0174584826120149,11.452056260670282,2.634459956069874,26.99200043963197,3.865159571629759
137,2016-01-22,MD,False,True,4.5,0.0174584826120149,9.114348966776268,2.089923447956826,16.780048599524395,3.865159571629759
137,2016-01-25,PM,False,True,4.25,0.0174584826120149,9.589777614575718,2.788348743471108,31.3714333451661,3.865159571629759
137,2016-01-26,PM,False,True,5.083333333333333,0.0174584826120149,9.299366043278999,2.5643366396360157,21.460710826346432,3.865159571629759
137,2016-01-27,PM,False,True,4.75,0.0174584826120149,7.70915770994568,2.3129980047632337,24.29688591845336,3.865159571629759
137,2016-01-28,MD,False,True,1.9166666666666667,0.0174584826120149,6.242901600463776,2.695048059958344,9.3023291462846,3.865159571629759
137,2016-01-28,PM,False,True,2.75,0.0174584826120149,3.930694630557156,1.2458835783428939,10.76760573785103,3.865159571629759
137,2016-01-29,PM,False,False,5.25,0.0174584826120149,,,17.84159721719094,3.865159571629759
137,2016-02-01,NT,False,False,0.5833333333333334,0.0174584826120149,,,0.4760510814823232,3.865159571629759
137,2016-02-01,PM,False,True,3.75,0.0174584826120149,5.557575094119546,2.424109590297888,16.79447673665594,3.865159571629759
137,2016-02-02,PM,False,True,4.833333333333333,0.0174584826120149,13.742381753661467,2.7948211902508557,34.35922438340286,3.865159571629759
137,2016-02-03,PM,False,True,5.333333333333333,0.0174584826120149,7.42602045504372,3.1417346157016617,26.52826564532079,3.865159571629759
137,2016-02-04,PM,False,True,5.0,0.0174584826120149,9.40181168918442,2.476563365906496,27.12061455453105,3.865159571629759
137,2016-02-08,PM,False,True,4.666666666666667,0.0174584826120149,5.7846572736455215,1.8669135702847979,15.144794383873919,3.865159571629759
137,2016-02-09,PM,False,True,4.833333333333333,0.0174584826120149,5.681065724517648,2.059381210746264,22.53932395566375,3.865159571629759
137,2016-02-10,PM,False,True,4.75,0.0174584826120149,8.065777206801018,2.3800138702207136,23.71538403751069,3.865159571629759
137,2016-02-11,PM,False,True,5.583333333333333,0.0174584826120149,14.39777161603437,3.324216392884128,29.57045370695015,3.865159571629759
137,2016-02-12,PM,False,True,6.666666666666667,0.0174584826120149,11.621054873066209,2.294602705904898,25.610864212817166,3.865159571629759
137,2016-02-15,MD,False,True,3.5,0.0174584826120149,5.541625269376825,2.024623878496746,13.180609476027898,3.865159571629759
137,2016-02-16,PM,False,True,5.083333333333333,0.0174584826120149,12.85250794659201,2.533158720026508,32.33106719036927,3.865159571629759
137,2016-02-17,PM,False,True,4.583333333333333,0.0174584826120149,7.238053058782896,2.466491772929976,24.22469282397616,3.865159571629759
137,2016-02-18,PM,False,True,5.416666666666667,0.0174584826120149,12.724280516963177,2.2949453993929017,23.88856440212459,3.865159571629759
137,2016-02-19,NT,False,False,0.5833333333333334,0.0174584826120149,,,0.694783766527774,3.865159571629759
137,2016-02-19,PM,False,True,5.666666666666667,0.0174584826120149,7.416154686917322,2.442276824300328,20.266734930087313,3.865159571629759
137,2016-02-22,PM,False,True,4.583333333333333,0.0174584826120149,6.640268821056804,2.217221320618752,27.41225676538564,3.865159571629759
137,2016-02-23,PM,False,True,4.75,0.0174584826120149,7.591537086841188,2.0110247965911423,21.473030514148608,3.865159571629759
137,2016-02-24,PM,False,True,5.416666666666667,0.0174584826120149,11.00199435453726,2.879077022042502,32.70888494067444,3.865159571629759
137,2016-02-24,NT,False,True,0.6666666666666666,0.0174584826120149,1.362501459945744,0.646757855551008,1.453013799565655,3.865159571629759
137,2016-02-25,PM,False,True,4.666666666666667,0.0174584826120149,8.535046976026061,2.2229172782651037,23.56030379132081,3.865159571629759
137,2016-02-26,PM,False,True,5.416666666666667,0.0174584826120149,8.997991043279004,3.058183832117622,26.80953145482272,3.865159571629759
137,2016-02-29,PM,False,True,4.5,0.0174584826120149,6.838507992431568,2.675037847914684,20.470313732172105,3.865159571629759
137,2016-03-01,PM,False,True,4.416666666666667,0.0174584826120149,10.05045060210252,2.207709686384652,26.59482435344872,3.865159571629759
137,2016-03-02,MD,False,True,0.5,0.0174584826120149,0.5809370169063061,0.342214138014258,1.711083710646884,3.865159571629759
137,2016-03-02,PM,False,True,4.833333333333333,0.0174584826120149,9.458865186027282,2.51818929924021,24.819713336853457,3.865159571629759
137,2016-03-03,MD,False,True,0.75,0.0174584826120149,1.612366606005264,0.6831128074016101,14.292985858958092,3.865159571629759
137,2016-03-03,PM,False,True,3.6666666666666665,0.0174584826120149,6.5664843505852195,2.426511420340074,22.329883088823852,3.865159571629759
137,2016-03-04,MD,False,True,7.916666666666667,0.0174584826120149,8.234472426257737,2.228512842408426,25.44730620315983,3.865159571629759
137,2016-03-07,MD,False,True,0.5833333333333334,0.0174584826120149,1.843062045245772,0.506619315763554,5.56950097225238,3.865159571629759
137,2016-03-07,PM,False,True,5.333333333333333,0.0174584826120149,10.589504932167875,2.5914613651545597,16.973388595470258,3.865159571629759
137,2016-03-08,PM,False,True,5.166666666666667,0.0174584826120149,14.340138102102479,2.4284067745685762,27.687220747783048,3.865159571629759
137,2016-03-09,MD,False,False,1.25,0.0174584826120149,,,9.466783963334551,3.865159571629759
137,2016-03-09,PM,False,False,2.9166666666666665,0.0174584826120149,,,23.48524306852811,3.865159571629759
137,2016-03-09,NT,False,True,1.5,0.0174584826120149,9.569157709945662,3.4067648983304224,10.143436164694622,3.865159571629759
137,2016-03-11,PM,False,True,7.25,0.0174584826120149,9.38184974659119,1.68299102923986,16.894349782833675,3.865159571629759
137,2016-03-14,PM,False,True,4.416666666666667,0.0174584826120149,9.091999733118575,2.617892447330604,27.69427552061062,3.865159571629759
137,2016-03-15,PM,False,True,5.583333333333333,0.0174584826120149,9.60320532899328,3.048709744097406,22.469821293125012,3.865159571629759
137,2016-03-16,NT,False,False,0.9166666666666666,0.0174584826120149,0.686888793531864,0.563345221355988,0.8657622255910741,3.865159571629759
137,2016-03-16,NT,False,False,0.5833333333333334,0.0174584826120149,0.73760298357759,0.54749947406622,0.9297839877756947,3.865159571629759
137,2016-03-16,PM,False,True,5.25,0.0174584826120149,10.405381216689396,2.564243599174266,27.219896646975048,3.865159571629759
137,2016-03-17,PM,False,True,5.166666666666667,0.0174584826120149,11.270572594081116,3.6134689912916698,35.484354847620466,3.865159571629759
137,2016-03-18,MD,False,True,7.666666666666667,0.0174584826120149,11.365910956698894,2.647403227696746,20.76153632898654,3.865159571629759
137,2016-03-21,PM,False,True,4.083333333333333,0.0174584826120149,7.637196038250523,2.042284724665278,17.41302450353297,3.865159571629759
137,2016-03-22,PM,False,True,5.166666666666667,0.0174584826120149,10.751025526037603,2.734328667145074,29.337734412131642,3.865159571629759
137,2016-03-23,PM,False,True,6.166666666666667,0.0174584826120149,7.925367059539177,1.953181813018218,20.61500241211812,3.865159571629759
137,2016-03-24,PM,False,True,6.5,0.0174584826120149,11.090756349401431,2.77937697387066,29.74231718768083,3.865159571629759
137,2016-03-25,PM,False,True,6.0,0.0174584826120149,3.9134441797203485,1.36367990035641,10.760291182571693,3.865159571629759
137,2016-03-28,MD,False,True,0.5,0.0174584826120149,0.827748321448992,0.39321278680923,4.1672437904913,3.865159571629759
137,2016-03-28,MD,False,True,4.5,0.0174584826120149,8.64531383277216,2.715316434743154,25.41161781692809,3.865159571629759
137,2016-03-29,MD,False,True,6.166666666666667,0.0174584826120149,8.583544502398505,2.98243661180658,24.90480175534822,3.865159571629759
137,2016-03-30,PM,False,True,6.416666666666667,0.0174584826120149,7.839887827285969,2.340697418160456,26.756559040788392,3.865159571629759
137,2016-03-31,PM,False,True,4.833333333333333,0.0174584826120149,7.024130151834018,2.116865918040888,22.315574479598812,3.865159571629759
137,2016-04-01,PM,False,True,4.916666666666667,0.0174584826120149,10.093097103885054,1.869144265039374,21.808759488256815,3.865159571629759
137,2016-04-01,PM,False,True,1.0833333333333333,0.0174584826120149,5.322283972571964,1.3170623120593559,6.351612985793922,3.865159571629759
137,2016-04-04,PM,False,True,4.333333333333333,0.0174584826120149,9.089813101066175,2.5785734688538917,19.253959358492825,3.865159571629759
137,2016-04-05,PM,False,True,4.666666666666667,0.0174584826120149,9.145269449158025,2.069332833645204,27.68236422882838,3.865159571629759
137,2016-04-06,PM,False,True,4.25,0.0174584826120149,7.719965953673279,2.155219518063006,24.076059004457466,3.865159571629759
137,2016-04-07,PM,False,True,5.416666666666667,0.0174584826120149,8.09239833992973,1.6667408585238601,18.37099095580287,3.865159571629759
137,2016-04-08,PM,False,True,4.5,0.0174584826120149,4.80901065112218,1.334168087646996,21.525082561261915,3.865159571629759
137,2016-04-11,PM,False,True,3.5,0.0174584826120149,4.0267423453623845,1.209425654596866,16.582553056572298,3.865159571629759
137,2016-04-12,PM,False,True,4.0,0.0174584826120149,7.185774941584098,2.254951391289888,34.05553228229935,3.865159571629759
137,2016-04-13,PM,False,True,4.416666666666667,0.0174584826120149,8.03113411112562,1.5149682218448601,21.273246643229502,3.865159571629759
137,2016-04-14,PM,False,True,5.083333333333333,0.0174584826120149,7.516374041619421,1.6207936802004181,22.52198915019216,3.865159571629759
137,2016-04-15,PM,False,True,4.25,0.0174584826120149,4.568003728268472,1.314864752763798,19.252590597335715,3.865159571629759
137,2016-04-18,PM,False,True,4.25,0.0174584826120149,5.5726183518678845,1.2387178473124019,17.683799190837153,3.865159571629759
137,2016-04-19,PM,False,True,3.9166666666666665,0.0174584826120149,4.0546983010418645,1.129101921629838,13.104436407099358,3.865159571629759
137,2016-04-20,PM,False,True,4.25,0.0174584826120149,6.20627111200755,1.396658924206116,23.67448706671988,3.865159571629759
137,2016-04-21,PM,False,True,4.166666666666667,0.0174584826120149,7.183677911965891,1.415346511816848,19.39538362045278,3.865159571629759
137,2016-04-22,PM,False,True,4.5,0.0174584826120149,6.556244826542262,1.481087683657554,16.972581241938176,3.865159571629759
137,2016-04-25,PM,False,True,3.083333333333333,0.0174584826120149,2.9526118896620703,0.93260484678021,10.320500980951637,3.865159571629759
137,2016-04-26,PM,False,True,3.8333333333333335,0.0174584826120149,6.077533778321766,1.2737242540046938,21.162283732471412,3.865159571629759
137,2016-04-27,PM,False,True,3.75,0.0174584826120149,2.8695474018322082,1.09851699333144,18.721781322885267,3.865159571629759
137,2016-04-28,PM,False,True,4.166666666666667,0.0174584826120149,5.062130541711642,1.1113274941664641,21.929078651921632,3.865159571629759
137,2016-04-29,PM,False,True,4.0,0.0174584826120149,3.6755526113406183,1.025314733695836,16.96842224644948,3.865159571629759
137,2016-05-02,PM,False,True,3.583333333333333,0.0174584826120149,4.133825015531694,1.307876471541228,13.539472317062947,3.865159571629759
137,2016-05-03,PM,False,True,4.583333333333333,0.0174584826120149,4.900689870027738,1.27761154313679,21.79923342758693,3.865159571629759
137,2016-05-04,PM,False,True,4.0,0.0174584826120149,5.92249104327903,1.600749052841304,19.226886472183313,3.865159571629759
137,2016-05-05,PM,False,True,5.0,0.0174584826120149,4.950716351921017,1.261081871702022,21.2840319370971,3.865159571629759
137,2016-05-06,MD,False,False,0.5,0.0174584826120149,0.673563609846924,0.25853177433611996,4.7906972819478515,3.865159571629759
137,2016-05-06,PM,False,True,4.083333333333333,0.0174584826120149,5.894977291903896,1.7424544776853559,14.315883331403557,3.865159571629759
137,2016-05-09,PM,False,True,4.75,0.0174584826120149,3.9264974982862317,1.351349173901574,22.075195820987492,3.865159571629759
137,2016-05-10,PM,False,True,4.5,0.0174584826120149,11.51326351518909,1.7231879838981299,28.83699839433925,3.865159571629759
137,2016-05-11,PM,False,True,4.75,0.0174584826120149,5.9565047349626035,1.6929178774237321,24.715434137046035,3.865159571629759
137,2016-05-12,PM,False,True,4.333333333333333,0.0174584826120149,5.843799219379662,1.6937223704803979,19.634576657649934,3.865159571629759
137,2016-05-13,PM,False,True,4.25,0.0174584826120149,6.84224303729697,1.5643421868635579,23.84540301066851,3.865159571629759
137,2016-05-16,PM,False,True,4.416666666666667,0.0174584826120149,7.461203164491138,1.309794053574354,28.42229299387215,3.865159571629759
137,2016-05-17,PM,False,True,4.416666666666667,0.0174584826120149,3.538686165230274,1.309317327534282,13.047828513557834,3.865159571629759
137,2016-05-18,PM,False,True,4.5,0.0174584826120149,5.612386996445178,1.503995492854974,21.177553813849332,3.865159571629759
137,2016-05-19,PM,False,True,4.333333333333333,0.0174584826120149,3.6242607062004,1.2853015013637181,18.965105088040506,3.865159571629759
137,2016-05-20,PM,False,True,3.4166666666666665,0.0174584826120149,3.096191873698638,0.9617122328100479,15.037446538334738,3.865159571629759
137,2016-05-23,PM,False,True,3.4166666666666665,0.0174584826120149,3.028089609151686,1.18537490606538,11.841463858453894,3.865159571629759
137,2016-05-24,PM,False,True,4.0,0.0174584826120149,4.241604125318958,1.263088851745146,17.431627974007373,3.865159571629759
137,2016-05-25,PM,False,True,4.583333333333333,0.0174584826120149,3.3465524910905042,1.120214156364768,18.139267806442323,3.865159571629759
137,2016-05-26,PM,False,True,4.166666666666667,0.0174584826120149,6.056418683435484,1.4102330873100721,18.049949173974955,3.865159571629759
137,2016-05-27,MD,False,True,3.583333333333333,0.0174584826120149,2.0802110349578697,0.851892477288138,11.32489444601992,3.865159571629759
137,2016-05-31,PM,False,True,3.5,0.0174584826120149,6.185079288367271,1.3159624191389039,16.733053015123733,3.865159571629759
137,2016-06-01,PM,False,True,2.9166666666666665,0.0174584826120149,3.376048735586748,1.20508584171327,14.586042897281517,3.865159571629759
137,2016-06-02,PM,False,True,4.583333333333333,0.0174584826120149,4.254396907476576,1.591851470820372,21.941309138918346,3.865159571629759
137,2016-06-03,PM,False,False,5.5,0.0174584826120149,,,32.43738598462981,3.865159571629759
137,2016-06-06,PM,False,True,2.9166666666666665,0.0174584826120149,2.640416054848374,0.851821208668398,6.86210052089409,3.865159571629759
137,2016-06-07,MD,False,True,0.75,0.0174584826120149,0.949525422066084,0.351253055813838,20.637562181749818,3.865159571629759
137,2016-06-07,PM,False,False,1.6666666666666667,0.0174584826120149,4.504838408557446,1.703953926534642,10.075265899993171,3.865159571629759
137,2016-06-08,MD,False,True,1.25,0.0174584826120149,4.878212478276792,1.41945985466595,8.745190840062714,3.865159571629759
137,2016-06-08,PM,False,False,4.25,0.0174584826120149,,,19.289269547725514,3.865159571629759
137,2016-06-09,PM,False,True,3.9166666666666665,0.0174584826120149,3.180081250959762,1.2252366003036181,14.390450317969739,3.865159571629759
137,2016-06-13,PM,False,True,4.833333333333333,0.0174584826120149,4.737088191229134,1.564425269201712,13.185836105161231,3.865159571629759
137,2016-06-14,PM,False,True,3.8333333333333335,0.0174584826120149,3.208534999323012,1.302658181891082,11.376072893278051,3.865159571629759
137,2016-06-15,PM,False,True,3.9166666666666665,0.0174584826120149,4.3108977518744345,1.595903070602136,18.524636674551704,3.865159571629759
137,2016-06-16,PM,False,True,5.583333333333333,0.0174584826120149,3.761486035215222,1.682702133519012,23.31735503936942,3.865159571629759
137,2016-06-17,MD,False,False,8.916666666666666,0.0174584826120149,5.782885780121136,2.899284111275496,13.428280572711289,3.865159571629759
137,2016-06-20,PM,False,True,3.1666666666666665,0.0174584826120149,5.567852333601612,1.29220558033872,11.603422428896708,3.865159571629759
137,2016-06-21,AM,False,False,0.5833333333333334,0.0174584826120149,,,0.1879261091160861,3.865159571629759
137,2016-06-21,PM,False,True,3.9166666666666665,0.0174584826120149,3.93379256999661,1.231985271561924,12.39866163396181,3.865159571629759
137,2016-06-22,PM,False,False,0.9166666666666666,0.0174584826120149,,,19.885390367433207,3.865159571629759
137,2016-06-22,PM,False,True,1.0,0.0174584826120149,5.762532495537462,0.675440175579636,1.7120995103923224,3.865159571629759
137,2016-06-23,PM,False,False,3.5,0.0174584826120149,6.358678334248926,1.140709269869628,17.557175547237964,3.865159571629759
137,2016-06-24,PM,False,True,4.166666666666667,0.0174584826120149,3.277152860097918,0.691712869693674,8.340209921257243,3.865159571629759
137,2016-06-27,PM,False,True,3.8333333333333335,0.0174584826120149,4.253746302467742,0.804603234740844,8.62404832493249,3.865159571629759
137,2016-06-28,MD,False,False,0.8333333333333334,0.0174584826120149,,,7.075220556229292,3.865159571629759
137,2016-06-28,PM,False,False,2.4166666666666665,0.0174584826120149,,,11.998839535946091,3.865159571629759
137,2016-06-29,PM,False,False,3.6666666666666665,0.0174584826120149,,,17.842016789101276,3.865159571629759
137,2016-06-30,PM,False,False,3.9166666666666665,0.0174584826120149,,,12.811615741979184,3.865159571629759
137,2016-07-01,MD,False,True,3.25,0.0174584826120149,5.729989008276996,0.739659093410256,11.396516502342438,3.865159571629759
137,2016-07-05,MD,False,False,4.416666666666667,0.0174584826120149,,,5.777570866172981,3.865159571629759
137,2016-07-06,PM,False,False,3.9166666666666665,0.0174584826120149,,,25.343478057435025,3.865159571629759
137,2016-07-07,PM,False,False,3.083333333333333,0.0174584826120149,,,11.238763857396934,3.865159571629759
137,2016-07-08,PM,False,False,3.1666666666666665,0.0174584826120149,,,5.698237259962953,3.865159571629759
137,2016-07-11,PM,False,False,3.9166666666666665,0.0174584826120149,,,9.319104105282266,3.865159571629759
137,2016-07-12,MD,False,True,0.5,0.0174584826120149,1.069946322440622,0.26720701789359,3.9730226361126046,3.865159571629759
137,2016-07-12,PM,False,True,4.0,0.0174584826120149,3.32380395321975,1.1823008583159,13.304859771320084,3.865159571629759
137,2016-07-13,PM,False,True,4.333333333333333,0.0174584826120149,3.459576728677992,1.12116231772197,12.595789805763234,3.865159571629759
137,2016-07-14,MD,False,True,5.5,0.0174584826120149,6.04438901777265,1.486275871213518,,3.865159571629759
137,2016-07-15,PM,False,False,4.833333333333333,0.0174584826120149,,,13.838506087752139,3.865159571629759
137,2016-07-18,PM,False,False,2.5,0.0174584826120149,,,8.432751630154572,3.865159571629759
137,2016-07-18,PM,False,False,0.75,0.0174584826120149,,,1.899041233840551,3.865159571629759
137,2016-07-19,PM,False,True,4.0,0.0174584826120149,5.411200077191832,1.3444006320945598,19.38660683659373,3.865159571629759
137,2016-07-20,PM,False,True,3.5,0.0174584826120149,3.9781512235062895,1.221214387933254,14.615080015100206,3.865159571629759
137,2016-07-21,PM,False,True,4.833333333333333,0.0174584826120149,5.312083657454982,1.242297723603324,17.043129702554385,3.865159571629759
137,2016-07-22,MD,False,True,3.583333333333333,0.0174584826120149,4.104713736577207,1.17232450384071,12.966228569114351,3.865159571629759
137,2016-07-25,PM,False,True,3.4166666666666665,0.0174584826120149,2.911761406485594,1.0045528845906242,9.569015516578732,3.865159571629759
137,2016-07-26,PM,False,False,2.9166666666666665,0.0174584826120149,,,11.034493899950506,3.865159571629759
137,2016-07-26,PM,False,True,0.6666666666666666,0.0174584826120149,1.40560191791169,0.577413454024842,5.107883062041639,3.865159571629759
137,2016-07-28,MD,False,True,1.0833333333333333,0.0174584826120149,3.3138003158272498,0.644276817722184,6.7465858543086,3.865159571629759
137,2016-07-28,PM,False,True,2.833333333333333,0.0174584826120149,4.073835931943016,1.316894649283242,12.200242872682752,3.865159571629759
137,2016-07-29,PM,False,False,4.416666666666667,0.0174584826120149,,,11.13820780346101,3.865159571629759
137,2016-08-01,PM,False,True,3.9166666666666665,0.0174584826120149,3.89201532149427,1.122114325631604,12.982399124194488,3.865159571629759
137,2016-08-02,PM,False,False,5.0,0.0174584826120149,,,24.25628364815525,3.865159571629759
137,2016-08-03,PM,False,False,3.75,0.0174584826120149,,,17.374498605995203,3.865159571629759
137,2016-08-04,PM,False,True,4.416666666666667,0.0174584826120149,7.667349131200481,1.546456164705882,26.74391285481585,3.865159571629759
137,2016-08-05,PM,False,True,3.6666666666666665,0.0174584826120149,3.484650791045736,0.971557501147932,7.2560658058483956,3.865159571629759
137,2016-08-08,PM,False,True,4.5,0.0174584826120149,4.0929960402917045,1.639958527391058,,3.865159571629759
137,2016-08-09,PM,False,True,4.25,0.0174584826120149,5.796457523725956,1.501027532681496,,3.865159571629759
137,2016-08-10,PM,False,True,4.083333333333333,0.0174584826120149,3.923896101769086,1.428318588345354,,3.865159571629759
137,2016-08-10,NT,False,False,0.5,0.0174584826120149,0.455530836941574,0.26165863668482403,,3.865159571629759
137,2016-08-11,PM,False,True,3.6666666666666665,0.0174584826120149,6.234648577525602,1.340536224342606,,3.865159571629759
137,2016-08-12,NT,False,False,0.5833333333333334,0.0174584826120149,,,,3.865159571629759
137,2016-08-12,PM,False,True,7.666666666666667,0.0174584826120149,7.476578067366036,2.172305112708492,,3.865159571629759
137,2016-08-15,PM,False,True,5.333333333333333,0.0174584826120149,7.04571724468704,1.6562805852268019,18.921386796763873,3.865159571629759
137,2016-08-16,PM,False,True,4.083333333333333,0.0174584826120149,6.260637896425878,1.375657491411738,13.617425228185114,3.865159571629759
137,2016-08-17,PM,False,True,4.5,0.0174584826120149,7.293642650817822,1.868016328345158,28.461486561288343,3.865159571629759
137,2016-08-18,PM,False,True,4.25,0.0174584826120149,6.3570066801974106,1.472696402724864,,3.865159571629759
137,2016-08-19,PM,False,True,4.5,0.0174584826120149,5.6455887014956865,1.434975457580628,12.92923476484164,3.865159571629759
137,2016-08-22,PM,False,True,4.0,0.0174584826120149,4.0649496446967,1.422700660562334,13.753411215197689,3.865159571629759
137,2016-08-23,PM,False,True,5.0,0.0174584826120149,4.6352374375098115,1.526449198355538,22.361753490913205,3.865159571629759
137,2016-08-24,PM,False,True,5.25,0.0174584826120149,6.32923627335759,1.203528208092306,13.00279522819318,3.865159571629759
137,2016-08-25,PM,False,True,5.5,0.0174584826120149,7.516561091588196,1.83907515774555,22.493823242722346,3.865159571629759
137,2016-08-26,PM,False,True,5.333333333333333,0.0174584826120149,4.07961898999464,1.477939343687892,16.191998575261994,3.865159571629759
137,2016-08-29,PM,False,True,4.25,0.0174584826120149,4.440933550139274,1.39903884204339,4.872016217762381,3.865159571629759
137,2016-08-30,PM,False,True,4.583333333333333,0.0174584826120149,7.252908552547638,1.5739572713015941,,3.865159571629759
137,2016-08-31,PM,False,True,4.833333333333333,0.0174584826120149,5.069982903645396,1.792189998273558,,3.865159571629759
137,2016-09-01,PM,False,True,5.5,0.0174584826120149,8.229739105294511,2.2490371190462524,,3.865159571629759
137,2016-09-02,PM,False,True,5.583333333333333,0.0174584826120149,8.354366043279008,1.82952033905652,,3.865159571629759
137,2016-09-06,PM,False,True,3.6666666666666665,0.0174584826120149,6.617727785703265,1.1436167763468659,,3.865159571629759
137,2016-09-07,PM,False,True,3.75,0.0174584826120149,4.164482149998414,1.117717850175324,,3.865159571629759
137,2016-09-08,NT,False,False,0.5833333333333334,0.0174584826120149,,,,3.865159571629759
137,2016-09-08,PM,False,True,3.5,0.0174584826120149,5.60278090425438,2.322072695963844,,3.865159571629759
137,2016-09-09,PM,False,True,5.25,0.0174584826120149,5.298706700281212,2.1002636905045082,,3.865159571629759
137,2016-09-12,PM,False,True,4.416666666666667,0.0174584826120149,4.88014899534876,1.6156557496908,,3.865159571629759
137,2016-09-13,NT,False,False,0.6666666666666666,0.0174584826120149,,,,3.865159571629759
137,2016-09-13,PM,False,True,4.75,0.0174584826120149,6.007883200141776,1.7412575430203039,,3.865159571629759
137,2016-09-14,PM,False,True,5.416666666666667,0.0174584826120149,7.407491939818374,2.089213600083324,,3.865159571629759
137,2016-09-15,PM,False,True,4.583333333333333,0.0174584826120149,6.7791003907217044,2.194374337751634,,3.865159571629759
137,2016-09-16,PM,False,True,4.583333333333333,0.0174584826120149,3.3822457901144998,1.228717939341216,,3.865159571629759
137,2016-09-19,PM,False,True,3.9166666666666665,0.0174584826120149,5.000818508067774,1.373608687604076,,3.865159571629759
137,2016-09-20,PM,False,True,4.25,0.0174584826120149,4.044583478736714,1.351469082866262,,3.865159571629759
137,2016-09-21,PM,False,True,5.0,0.0174584826120149,6.548454006241986,2.047746658602126,,3.865159571629759
137,2016-09-22,PM,False,True,5.75,0.0174584826120149,11.319793303165985,2.558608068289566,,3.865159571629759
137,2016-09-23,PM,False,True,6.166666666666667,0.0174584826120149,8.790956490433476,2.32339968272379,,3.865159571629759
137,2016-09-26,PM,False,True,4.083333333333333,0.0174584826120149,4.946595708860688,1.227173155799178,,3.865159571629759
137,2016-09-27,PM,False,True,3.8333333333333335,0.0174584826120149,5.058826118555886,2.3072901315013263,22.544026673701882,3.865159571629759
137,2016-09-28,NT,False,False,0.5833333333333334,0.0174584826120149,,,0.18808956457755877,3.865159571629759
137,2016-09-28,PM,False,True,4.583333333333333,0.0174584826120149,6.385250385164136,1.6173520561386718,22.867290176256763,3.865159571629759
137,2016-09-28,NT,False,False,1.3333333333333333,0.0174584826120149,8.57481808730416,4.533568978407258,7.555170371673528,3.865159571629759
137,2016-09-29,PM,False,True,4.75,0.0174584826120149,7.9901703681735246,2.050874712433194,24.18001107836007,3.865159571629759
137,2016-09-30,PM,False,True,4.916666666666667,0.0174584826120149,5.683748470492344,1.557172726894722,22.997067021299475,3.865159571629759
137,2016-10-03,PM,False,True,6.0,0.0174584826120149,5.5112789220669125,2.0327272049423097,29.007726604364965,3.865159571629759
137,2016-10-04,PM,False,True,4.75,0.0174584826120149,7.9782486190365836,1.9804433934548342,24.135133726362117,3.865159571629759
137,2016-10-05,PM,False,True,4.5,0.0174584826120149,7.867837730490109,1.961788643567688,25.095654833959404,3.865159571629759
137,2016-10-06,PM,False,True,4.25,0.0174584826120149,5.438629843797473,2.103412757733912,23.15268586191154,3.865159571629759
137,2016-10-07,PM,False,True,5.5,0.0174584826120149,7.464312856731264,1.846304681395116,21.58602694256496,3.865159571629759
137,2016-10-10,PM,False,True,3.083333333333333,0.0174584826120149,1.1732296285242418,0.522337481985756,1.421882539103139,3.865159571629759
137,2016-10-11,PM,False,True,4.083333333333333,0.0174584826120149,4.022328147351444,1.4028355321483859,8.142946436441052,3.865159571629759
137,2016-10-12,PM,False,True,5.166666666666667,0.0174584826120149,5.480421990219882,1.801723951444212,19.724511741192234,3.865159571629759
137,2016-10-13,PM,False,True,4.583333333333333,0.0174584826120149,6.626109924397908,2.261945951325948,17.819212034362497,3.865159571629759
137,2016-10-14,PM,False,True,4.0,0.0174584826120149,2.837033990012412,1.102176458855586,,3.865159571629759
137,2016-10-17,PM,False,True,4.666666666666667,0.0174584826120149,6.946787632358214,2.272341949208214,,3.865159571629759
137,2016-10-18,PM,False,True,3.75,0.0174584826120149,4.85861427328287,1.723938697933566,12.604769332614596,3.865159571629759
137,2016-10-19,PM,False,True,4.5,0.0174584826120149,4.56869254877991,1.609987600646178,20.869899719742282,3.865159571629759
137,2016-10-20,PM,True,True,4.833333333333333,0.0174584826120149,8.555657084554806,1.918811987032962,15.764707684446027,3.865159571629759
137,2016-10-21,NT,True,False,0.5833333333333334,0.0174584826120149,,,,3.865159571629759
137,2016-10-21,PM,True,False,4.416666666666667,0.0174584826120149,,,,3.865159571629759
137,2016-10-24,PM,True,True,4.083333333333333,0.0174584826120149,3.56511143102139,1.2138800069665618,,3.865159571629759
137,2016-10-25,PM,True,True,4.333333333333333,0.0174584826120149,5.330559905554482,1.784996688388068,13.112592251021924,3.865159571629759
137,2016-10-26,MD,True,True,0.5,0.0174584826120149,0.9725391275389981,0.263959650366768,,3.865159571629759
137,2016-10-26,MD,True,True,5.25,0.0174584826120149,10.423339667132195,2.252087296808928,16.454596594574102,3.865159571629759
137,2016-10-27,PM,True,True,4.666666666666667,0.0174584826120149,5.56056121871763,1.579690767503202,22.414760903745634,3.865159571629759
137,2016-10-28,PM,True,True,4.166666666666667,0.0174584826120149,5.779805944872282,1.771958627629434,12.899007114235717,3.865159571629759
137,2016-10-31,PM,True,True,4.583333333333333,0.0174584826120149,6.625397842362294,2.427467011152768,,3.865159571629759
137,2016-11-01,PM,True,True,4.416666666666667,0.0174584826120149,6.167933627011086,2.172755926804446,22.52097045067595,3.865159571629759
137,2016-11-02,PM,True,True,4.833333333333333,0.0174584826120149,10.123894552050924,2.0050107560189643,32.55068691430205,3.865159571629759
137,2016-11-03,PM,True,True,6.166666666666667,0.0174584826120149,11.000811686256982,3.456472419714966,31.81677348830222,3.865159571629759
137,2016-11-04,PM,True,True,4.583333333333333,0.0174584826120149,5.233162960358724,1.662698645739522,15.974193499172618,3.865159571629759
137,2016-11-07,PM,True,True,5.0,0.0174584826120149,5.697684783964578,1.450562277350376,5.310857967855734,3.865159571629759
137,2016-11-08,PM,True,True,5.416666666666667,0.0174584826120149,7.509588112876086,1.745968124501976,26.454435718068243,3.865159571629759
137,2016-11-09,PM,True,True,6.916666666666667,0.0174584826120149,4.699839736427778,1.34949318827883,11.363169543266325,3.865159571629759
137,2016-11-10,PM,True,True,5.166666666666667,0.0174584826120149,9.589991043278994,2.144728384324026,,3.865159571629759
137,2016-11-11,PM,True,True,3.75,0.0174584826120149,4.296943175962566,1.079417016559068,,3.865159571629759
137,2016-11-14,PM,True,True,4.166666666666667,0.0174584826120149,4.80312669505242,1.677224249963748,,3.865159571629759
137,2016-11-15,PM,True,True,5.166666666666667,0.0174584826120149,6.9265795216455714,1.49535716469939,,3.865159571629759
137,2016-11-16,PM,True,True,4.75,0.0174584826120149,6.665016943304922,1.8108825069415861,,3.865159571629759
137,2016-11-17,PM,True,True,4.666666666666667,0.0174584826120149,5.809622190820014,1.9158447256166882,,3.865159571629759
137,2016-11-18,PM,True,True,6.083333333333333,0.0174584826120149,7.7390393971884786,2.625415760972274,,3.865159571629759
137,2016-11-21,MD,True,True,5.75,0.0174584826120149,6.46357956002544,3.0140245532018763,,3.865159571629759
137,2016-11-22,AM,True,True,0.5833333333333334,0.0174584826120149,2.186200271046006,0.47230695651609,,3.865159571629759
137,2016-11-22,PM,True,True,6.25,0.0174584826120149,12.028125371637179,2.795913365657646,,3.865159571629759
137,2016-11-23,PM,True,True,8.583333333333334,0.0174584826120149,6.576964486502465,1.9942726919923621,,3.865159571629759
137,2016-11-28,PM,True,True,5.166666666666667,0.0174584826120149,6.025068718768098,2.455455234187524,7.330887297757458,3.865159571629759
137,2016-11-29,PM,True,True,5.75,0.0174584826120149,7.638413209099657,2.420780173219074,14.214933175730467,3.865159571629759
137,2016-11-30,PM,True,True,5.5,0.0174584826120149,5.966503992539076,2.051539415448324,,3.865159571629759
137,2016-12-01,PM,True,True,5.5,0.0174584826120149,7.296523965089718,2.702757206926272,,3.865159571629759
137,2016-12-02,PM,True,True,5.916666666666667,0.0174584826120149,9.057972706502142,2.604153908436174,,3.865159571629759
137,2016-12-05,PM,True,True,4.916666666666667,0.0174584826120149,8.019229298312569,2.595943746036282,,3.865159571629759
137,2016-12-06,PM,True,True,5.0,0.0174584826120149,5.825824376612364,2.583614881557546,,3.865159571629759
137,2016-12-07,PM,True,True,5.166666666666667,0.0174584826120149,10.4832767575647,3.7674995825484356,,3.865159571629759
137,2016-12-08,PM,True,True,6.083333333333333,0.0174584826120149,12.218997067375357,4.236985696805531,,3.865159571629759
137,2016-12-09,MD,True,True,0.5833333333333334,0.0174584826120149,1.38019558873362,0.589310753272248,,3.865159571629759
137,2016-12-09,PM,True,True,6.333333333333333,0.0174584826120149,12.842410398117673,3.728854028318448,,3.865159571629759
137,2016-12-12,PM,True,True,4.916666666666667,0.0174584826120149,12.330216607188746,4.133166417232086,,3.865159571629759
137,2016-12-12,PM,True,True,0.5833333333333334,0.0174584826120149,3.65249257850853,0.900776882399388,,3.865159571629759
137,2016-12-13,PM,True,True,5.083333333333333,0.0174584826120149,11.357188623924138,3.840587989019508,,3.865159571629759
137,2016-12-14,PM,True,True,5.5,0.0174584826120149,13.5300342531555,4.254233475919392,,3.865159571629759
137,2016-12-15,PM,True,True,5.083333333333333,0.0174584826120149,12.834793674857911,4.140384477032003,,3.865159571629759
137,2016-12-16,PM,True,True,5.75,0.0174584826120149,10.377698340128076,3.841059333735864,,3.865159571629759
137,2016-12-19,PM,True,True,5.333333333333333,0.0174584826120149,12.239057308339213,4.12795428180204,,3.865159571629759
137,2016-12-20,MD,True,True,0.6666666666666666,0.0174584826120149,1.147960370605122,0.6066967283083741,,3.865159571629759
137,2016-12-20,PM,True,True,5.083333333333333,0.0174584826120149,9.928809310698954,3.423394056575712,,3.865159571629759
137,2016-12-21,PM,True,True,5.583333333333333,0.0174584826120149,10.36244009713634,4.03018138923999,,3.865159571629759
137,2016-12-22,NT,True,False,1.3333333333333333,0.0174584826120149,0.599331706226274,0.50118094403721,,3.865159571629759
137,2016-12-22,AM,True,True,1.4166666666666667,0.0174584826120149,0.604669617798726,0.49993257648701406,,3.865159571629759
137,2016-12-22,MD,True,True,0.6666666666666666,0.0174584826120149,1.543084816089864,0.6852254402681339,,3.865159571629759
137,2016-12-22,PM,True,True,5.0,0.0174584826120149,9.362317523852369,4.464550059566208,,3.865159571629759
137,2016-12-23,MD,True,True,6.0,0.0174584826120149,4.759629408058914,1.377040342483554,,3.865159571629759
137,2016-12-27,PM,True,False,5.416666666666667,0.0174584826120149,15.689327777972814,7.5454763570982655,,3.865159571629759
137,2016-12-28,PM,True,True,4.0,0.0174584826120149,9.639991043278993,3.63552212057007,,3.865159571629759
137,2016-12-29,PM,True,True,5.0,0.0174584826120149,8.796749764209233,3.178695276191454,,3.865159571629759
137,2016-12-30,PM,True,True,5.0,0.0174584826120149,4.457118250604094,1.4820791610308581,,3.865159571629759
139,2016-01-04,MD,False,True,1.9166666666666667,0.0141387518606697,1.090417832669118,0.809821252683744,2.502660474724701,3.865159571629759
139,2016-01-04,PM,False,True,3.333333333333333,0.0141387518606697,8.385358985480478,1.992996506780202,36.31734750115308,3.865159571629759
139,2016-01-05,PM,False,True,6.916666666666667,0.0141387518606697,10.246390335514327,2.8292556194533978,36.378328666460874,3.865159571629759
139,2016-01-06,NT,False,False,0.5833333333333334,0.0141387518606697,,,1.6549020352456871,3.865159571629759
139,2016-01-06,PM,False,True,3.5,0.0141387518606697,4.4738736769506,2.048040695502702,20.886507383746196,3.865159571629759
139,2016-01-07,AM,False,True,3.6666666666666665,0.0141387518606697,1.2501735102218279,0.605734572441672,2.9781431752400938,3.865159571629759
139,2016-01-07,PM,False,True,2.5,0.0141387518606697,7.013618324366676,2.85327239248725,26.339385576510796,3.865159571629759
139,2016-01-08,AM,False,True,0.75,0.0141387518606697,0.451342512579744,0.38870993364006,0.8140888100250426,3.865159571629759
139,2016-01-08,MD,False,True,5.333333333333333,0.0141387518606697,6.314039594242188,2.500870204758198,21.31758327201469,3.865159571629759
139,2016-01-11,AM,False,True,3.0,0.0141387518606697,1.06288107869727,0.416069364417258,5.5752415623593325,3.865159571629759
139,2016-01-11,MD,False,False,2.25,0.0141387518606697,,,6.587758636054149,3.865159571629759
139,2016-01-11,PM,False,True,2.0,0.0141387518606697,5.98440521550396,2.01927199828227,15.000043054983099,3.865159571629759
139,2016-01-12,PM,False,True,5.25,0.0141387518606697,7.851484412169366,3.305695623892704,39.74383905125622,3.865159571629759
139,2016-01-13,AM,False,True,1.25,0.0141387518606697,0.411640323578304,0.368332747865226,0.7145822641188265,3.865159571629759
139,2016-01-13,PM,False,True,4.5,0.0141387518606697,6.758138147465772,2.7445177312548483,26.31750278905736,3.865159571629759
139,2016-01-14,AM,False,True,1.0833333333333333,0.0141387518606697,0.417804068992758,0.36890733407784,0.9240298843379674,3.865159571629759
139,2016-01-14,AM,False,True,2.0,0.0141387518606697,1.0554401528977082,0.630733336839414,1.4341063357440635,3.865159571629759
139,2016-01-14,PM,False,True,5.916666666666667,0.0141387518606697,8.54683019139015,3.0148783516274578,38.244024107008784,3.865159571629759
139,2016-01-15,MD,False,True,8.916666666666666,0.0141387518606697,8.051522161087115,1.9407184295676718,27.220201409535196,3.865159571629759
139,2016-01-18,PM,False,True,2.833333333333333,0.0141387518606697,3.140672917916472,1.251723225152052,8.418396988610242,3.865159571629759
139,2016-01-19,PM,False,True,4.833333333333333,0.0141387518606697,5.669314093793352,2.3522374377242397,27.045776403711788,3.865159571629759
139,2016-01-20,PM,False,True,4.666666666666667,0.0141387518606697,8.176862872749444,2.840681452606014,29.639625831322878,3.865159571629759
139,2016-01-21,AM,False,True,1.5833333333333333,0.0141387518606697,0.422988904734234,0.369505452172212,0.7449582021966511,3.865159571629759
139,2016-01-21,PM,False,True,4.833333333333333,0.0141387518606697,6.801141555026509,2.686263655270338,26.99200043963197,3.865159571629759
139,2016-01-22,PM,False,True,6.5,0.0141387518606697,5.707673825434668,1.8906323435900938,16.780048599524395,3.865159571629759
139,2016-01-25,AM,False,True,0.5833333333333334,0.0141387518606697,0.43184813370930597,0.384731348972262,0.7305920708752983,3.865159571629759
139,2016-01-25,PM,False,True,4.083333333333333,0.0141387518606697,7.665697728265038,3.129654311268126,31.3714333451661,3.865159571629759
139,2016-01-26,AM,False,True,0.75,0.0141387518606697,0.41553822342234004,0.359026115108676,0.7422249401495568,3.865159571629759
139,2016-01-26,PM,False,True,4.333333333333333,0.0141387518606697,6.691676232897654,2.44933511035317,21.460710826346432,3.865159571629759
139,2016-01-26,PM,False,True,0.6666666666666666,0.0141387518606697,1.297286892633954,0.591726744435438,12.153124722720337,3.865159571629759
139,2016-01-27,PM,False,True,4.333333333333333,0.0141387518606697,6.212441895590832,2.385942357138954,24.29688591845336,3.865159571629759
139,2016-01-28,AM,False,True,0.8333333333333334,0.0141387518606697,0.46448166520531803,0.375173660904558,0.725620933674323,3.865159571629759
139,2016-01-28,MD,False,True,2.0,0.0141387518606697,1.282863292819356,0.65597694493416,1.6619225317571011,3.865159571629759
139,2016-01-28,PM,False,True,4.25,0.0141387518606697,3.976922079371064,1.3379859110880061,10.76760573785103,3.865159571629759
139,2016-01-29,MD,False,False,6.25,0.0141387518606697,,,17.84159721719094,3.865159571629759
139,2016-02-01,AM,False,True,0.5,0.0141387518606697,0.389918841940734,0.36932983131276004,0.6947418370341102,3.865159571629759
139,2016-02-01,PM,False,True,3.0,0.0141387518606697,4.175839430375082,1.9875070765068719,16.79447673665594,3.865159571629759
139,2016-02-02,PM,False,True,5.416666666666667,0.0141387518606697,6.83956089124584,2.632108718758788,34.35922438340286,3.865159571629759
139,2016-02-03,PM,False,True,4.916666666666667,0.0141387518606697,6.745744728569448,3.0946762273341717,26.52826564532079,3.865159571629759
139,2016-02-04,PM,False,True,6.0,0.0141387518606697,9.116661652394532,2.298098836217322,27.12061455453105,3.865159571629759
139,2016-02-08,AM,False,True,0.5833333333333334,0.0141387518606697,0.617204012132628,0.36448372908492,0.9030621654910737,3.865159571629759
139,2016-02-08,PM,False,True,3.4166666666666665,0.0141387518606697,4.898867142854994,1.667336028114114,15.144794383873919,3.865159571629759
139,2016-02-09,NT,False,False,0.5833333333333334,0.0141387518606697,,,0.6020637368961862,3.865159571629759
139,2016-02-09,AM,False,True,0.5,0.0141387518606697,0.39745543933913396,0.368413637578956,0.7235985876963885,3.865159571629759
139,2016-02-09,PM,False,True,5.166666666666667,0.0141387518606697,6.68869688324475,2.222781891912498,22.53932395566375,3.865159571629759
139,2016-02-10,AM,False,True,0.5833333333333334,0.0141387518606697,0.583700911015248,0.37728216427279804,0.8695638105582565,3.865159571629759
139,2016-02-10,PM,False,True,5.583333333333333,0.0141387518606697,7.163381635645812,2.2582153074638938,23.71538403751069,3.865159571629759
139,2016-02-11,PM,False,True,6.25,0.0141387518606697,6.07861866152403,2.386686938557596,29.57045370695015,3.865159571629759
139,2016-02-12,MD,False,True,0.5,0.0141387518606697,0.737381328732978,0.331140589101012,0.9910595184405385,3.865159571629759
139,2016-02-12,PM,False,True,7.666666666666667,0.0141387518606697,8.475690428375387,2.272750837875522,25.610864212817166,3.865159571629759
139,2016-02-15,PM,False,True,4.75,0.0141387518606697,4.690792977939456,1.723992035860968,13.180609476027898,3.865159571629759
139,2016-02-16,AM,False,True,1.1666666666666667,0.0141387518606697,1.034294845020306,0.6584281535550599,1.30132103843623,3.865159571629759
139,2016-02-16,PM,False,True,4.916666666666667,0.0141387518606697,8.020696493298113,2.8475459723437138,32.33106719036927,3.865159571629759
139,2016-02-17,AM,False,True,2.083333333333333,0.0141387518606697,0.83926095900651,0.506969677243818,1.3431579412506682,3.865159571629759
139,2016-02-17,PM,False,True,4.416666666666667,0.0141387518606697,6.3916712847562325,2.460911153962716,24.22469282397616,3.865159571629759
139,2016-02-18,MD,False,True,0.5833333333333334,0.0141387518606697,0.43370000461542,0.36806791516237797,0.7872072537324276,3.865159571629759
139,2016-02-18,PM,False,True,6.083333333333333,0.0141387518606697,7.855953558016344,2.5575976581817077,23.88856440212459,3.865159571629759
139,2016-02-19,PM,False,True,7.083333333333333,0.0141387518606697,7.686464559330275,1.9875309814487279,20.266734930087313,3.865159571629759
139,2016-02-19,NT,False,True,1.0,0.0141387518606697,3.737113785347196,1.371266448430212,4.202408630047161,3.865159571629759
139,2016-02-22,AM,False,True,1.3333333333333333,0.0141387518606697,0.619332244557294,0.355986802800192,0.9286386192061064,3.865159571629759
139,2016-02-22,PM,False,True,5.083333333333333,0.0141387518606697,7.197737729889901,2.757109370665614,27.41225676538564,3.865159571629759
139,2016-02-23,AM,False,True,1.5,0.0141387518606697,0.5159621400972361,0.367833374347536,0.8450950637794269,3.865159571629759
139,2016-02-23,MD,False,True,0.5,0.0141387518606697,0.933795497307792,0.381205864921002,3.1403370130744594,3.865159571629759
139,2016-02-23,PM,False,True,5.25,0.0141387518606697,6.37636757576997,1.8729374256359281,21.473030514148608,3.865159571629759
139,2016-02-24,AM,False,True,1.4166666666666667,0.0141387518606697,0.423233178536328,0.37434783994841997,0.7944951873080958,3.865159571629759
139,2016-02-24,PM,False,True,9.083333333333334,0.0141387518606697,6.80197665379827,2.2101196967352177,32.70888494067444,3.865159571629759
139,2016-02-25,AM,False,True,1.1666666666666667,0.0141387518606697,0.511397507040252,0.384595679323476,0.8057374083679908,3.865159571629759
139,2016-02-25,AM,False,True,1.0,0.0141387518606697,2.1150098751921957,0.65083641946014,2.3732047248734904,3.865159571629759
139,2016-02-25,PM,False,True,5.666666666666667,0.0141387518606697,8.13047405044416,2.2369887136029183,23.56030379132081,3.865159571629759
139,2016-02-26,PM,False,True,7.5,0.0141387518606697,8.737319368879326,2.464882684246926,26.80953145482272,3.865159571629759
139,2016-02-29,PM,False,True,4.583333333333333,0.0141387518606697,6.556403994988081,2.431785959751384,20.470313732172105,3.865159571629759
139,2016-03-01,AM,False,True,2.333333333333333,0.0141387518606697,0.8890899472728541,0.48709765540692,1.291548727936858,3.865159571629759
139,2016-03-01,PM,False,True,5.25,0.0141387518606697,6.043457935409874,2.557380798388446,26.59482435344872,3.865159571629759
139,2016-03-02,AM,False,True,1.0833333333333333,0.0141387518606697,0.702060549739746,0.43501689918307795,1.0192988290977727,3.865159571629759
139,2016-03-02,MD,False,False,4.583333333333333,0.0141387518606697,,,24.819713336853457,3.865159571629759
139,2016-03-03,PM,False,True,6.833333333333333,0.0141387518606697,7.166735154890694,2.497002238543842,22.329883088823852,3.865159571629759
139,2016-03-04,PM,False,True,11.166666666666666,0.0141387518606697,7.228691585947968,1.892029974361176,25.44730620315983,3.865159571629759
139,2016-03-07,MD,False,True,0.9166666666666666,0.0141387518606697,1.705919388630774,0.650750918314698,5.56950097225238,3.865159571629759
139,2016-03-07,MD,False,True,4.0,0.0141387518606697,6.974297349530688,2.25120568001259,16.973388595470258,3.865159571629759
139,2016-03-08,PM,False,True,5.166666666666667,0.0141387518606697,8.071436289144414,2.60585908536387,27.687220747783048,3.865159571629759
139,2016-03-09,MD,False,False,2.25,0.0141387518606697,,,9.466783963334551,3.865159571629759
139,2016-03-09,PM,False,False,0.5833333333333334,0.0141387518606697,,,23.48524306852811,3.865159571629759
139,2016-03-11,PM,False,True,8.0,0.0141387518606697,3.9810019681241697,1.7058358345121039,16.894349782833675,3.865159571629759
139,2016-03-14,AM,False,True,0.5,0.0141387518606697,0.39536435023504196,0.36759252520283403,0.684873349379112,3.865159571629759
139,2016-03-14,PM,False,True,5.416666666666667,0.0141387518606697,5.497479270781182,2.134382810913156,27.69427552061062,3.865159571629759
139,2016-03-15,AM,False,True,3.0,0.0141387518606697,1.124326423369794,0.644001586174206,1.467182243071024,3.865159571629759
139,2016-03-15,PM,False,True,5.083333333333333,0.0141387518606697,5.954105175134981,2.3921259494054583,22.469821293125012,3.865159571629759
139,2016-03-16,AM,False,True,0.5833333333333334,0.0141387518606697,0.413350157930172,0.384808762460814,0.7307115737292041,3.865159571629759
139,2016-03-16,PM,False,True,9.083333333333334,0.0141387518606697,6.630509931769464,1.8373807675348741,27.219896646975048,3.865159571629759
139,2016-03-17,AM,False,True,1.4166666666666667,0.0141387518606697,0.858311486955042,0.45950424858378003,1.1741841778505862,3.865159571629759
139,2016-03-17,PM,False,True,7.916666666666667,0.0141387518606697,7.943571763359846,2.3091625926384003,35.484354847620466,3.865159571629759
139,2016-03-18,PM,False,True,7.166666666666667,0.0141387518606697,5.456548238654862,2.181098727116142,20.76153632898654,3.865159571629759
139,2016-03-21,MD,False,True,5.083333333333333,0.0141387518606697,4.121838245313642,1.2083028895244639,15.83982885298676,3.865159571629759
139,2016-03-22,MD,False,True,2.1666666666666665,0.0141387518606697,0.819851588713548,0.566326873634076,1.1888328567309419,3.865159571629759
139,2016-03-22,PM,False,True,5.666666666666667,0.0141387518606697,8.19926578413009,3.225935467978374,29.337734412131642,3.865159571629759
139,2016-03-23,AM,False,True,0.5833333333333334,0.0141387518606697,0.41029925357380803,0.370908450283752,0.7930686167132156,3.865159571629759
139,2016-03-23,MD,False,True,0.5,0.0141387518606697,0.43494205310782796,0.25886508900949196,0.7459589971356256,3.865159571629759
139,2016-03-23,PM,False,True,7.583333333333333,0.0141387518606697,6.47454365476404,1.490337434519304,20.61500241211812,3.865159571629759
139,2016-03-24,MD,False,True,0.75,0.0141387518606697,0.814553142805638,0.439332754679046,1.102279288264592,3.865159571629759
139,2016-03-24,PM,False,True,7.666666666666667,0.0141387518606697,8.769286232897663,2.520280848177114,29.74231718768083,3.865159571629759
139,2016-03-25,MD,False,True,6.25,0.0141387518606697,4.236013411714926,1.617519778643172,10.760291182571693,3.865159571629759
139,2016-03-28,AM,False,True,1.0,0.0141387518606697,0.778376213546676,0.481032386406078,1.123859798094509,3.865159571629759
139,2016-03-28,MD,False,True,5.333333333333333,0.0141387518606697,6.71588209768035,2.713926225987162,25.41161781692809,3.865159571629759
139,2016-03-29,AM,False,True,0.5,0.0141387518606697,0.3932520136464,0.36514735868680803,0.7116775223739308,3.865159571629759
139,2016-03-29,AM,False,True,0.8333333333333334,0.0141387518606697,0.726082293273024,0.47009538047950805,1.159373873434662,3.865159571629759
139,2016-03-29,PM,False,True,5.666666666666667,0.0141387518606697,7.42525461515673,3.652611707668032,24.90480175534822,3.865159571629759
139,2016-03-30,PM,False,True,6.916666666666667,0.0141387518606697,8.569040763863653,2.5934231074505463,26.756559040788392,3.865159571629759
139,2016-03-31,PM,False,True,5.0,0.0141387518606697,6.115339907758584,1.923315724552824,22.315574479598812,3.865159571629759
139,2016-04-01,AM,False,True,0.8333333333333334,0.0141387518606697,0.865719557204484,0.5029428485331661,1.1496091307193428,3.865159571629759
139,2016-04-01,NT,False,True,11.0,0.0141387518606697,5.994352415511048,1.411612537615488,21.808759488256815,3.865159571629759
139,2016-04-04,AM,False,True,0.75,0.0141387518606697,0.715445172050454,0.39706641329765396,1.157970320354929,3.865159571629759
139,2016-04-04,PM,False,True,3.1666666666666665,0.0141387518606697,5.385326570011518,1.646938060472208,15.562217667588119,3.865159571629759
139,2016-04-05,AM,False,True,1.25,0.0141387518606697,1.178327012750988,0.653039696754378,1.4387478461648744,3.865159571629759
139,2016-04-05,PM,False,True,4.583333333333333,0.0141387518606697,4.785918380550462,2.09399464277835,27.68236422882838,3.865159571629759
139,2016-04-06,PM,False,True,4.583333333333333,0.0141387518606697,5.573453719323497,2.277252689306886,24.076059004457466,3.865159571629759
139,2016-04-06,NT,False,True,0.5833333333333334,0.0141387518606697,0.580828334350314,0.326428616106948,1.719992216781792,3.865159571629759
139,2016-04-07,AM,False,True,0.8333333333333334,0.0141387518606697,0.45876935518012196,0.394350484557672,0.7877275403448342,3.865159571629759
139,2016-04-07,PM,False,True,4.75,0.0141387518606697,4.632381839499444,1.8267851503492798,18.37099095580287,3.865159571629759
139,2016-04-07,PM,False,True,0.5833333333333334,0.0141387518606697,0.83521004666193,0.354651691401318,5.246455389521019,3.865159571629759
139,2016-04-08,AM,False,True,1.0833333333333333,0.0141387518606697,0.45375636476224196,0.352022124208332,0.5243901231067999,3.865159571629759
139,2016-04-08,PM,False,True,7.416666666666667,0.0141387518606697,6.5356361110452,1.871825127141786,21.525082561261915,3.865159571629759
139,2016-04-11,PM,False,True,3.333333333333333,0.0141387518606697,4.05876824878092,1.720181838505944,16.582553056572298,3.865159571629759
139,2016-04-12,AM,False,True,1.25,0.0141387518606697,4.8446329457549755,1.02849915321909,4.676019628032096,3.865159571629759
139,2016-04-12,PM,False,True,5.25,0.0141387518606697,7.217437998515178,3.0107701995526077,34.05553228229935,3.865159571629759
139,2016-04-13,PM,False,True,4.75,0.0141387518606697,6.634734519419472,2.1589634886471902,21.273246643229502,3.865159571629759
139,2016-04-14,AM,False,True,0.8333333333333334,0.0141387518606697,0.446264072003568,0.393498529295268,0.514180645447036,3.865159571629759
139,2016-04-14,PM,False,True,5.5,0.0141387518606697,6.018931384300542,2.4067135027220097,22.52198915019216,3.865159571629759
139,2016-04-15,PM,False,True,6.0,0.0141387518606697,6.1121465727402775,2.200618072060662,19.252590597335715,3.865159571629759
139,2016-04-18,PM,False,True,4.666666666666667,0.0141387518606697,4.50176229040926,1.448983050374604,17.317277303736578,3.865159571629759
139,2016-04-19,AM,False,True,1.25,0.0141387518606697,0.9709225964589839,0.623770512149154,1.069460834128984,3.865159571629759
139,2016-04-19,PM,False,True,2.9166666666666665,0.0141387518606697,3.130107485382894,1.497281104463274,11.411114054541772,3.865159571629759
139,2016-04-20,MD,False,True,0.5,0.0141387518606697,0.540942296965428,0.28787548929818996,0.6273206333761455,3.865159571629759
139,2016-04-20,PM,False,True,5.083333333333333,0.0141387518606697,6.216125781216977,2.210944181511666,23.67448706671988,3.865159571629759
139,2016-04-21,PM,False,True,4.916666666666667,0.0141387518606697,7.378884364669068,2.334576439578588,19.39538362045278,3.865159571629759
139,2016-04-22,PM,False,True,5.75,0.0141387518606697,4.932185523280464,2.33588446408011,16.972581241938176,3.865159571629759
139,2016-04-25,AM,False,True,0.5833333333333334,0.0141387518606697,0.40999734355546197,0.371395268675058,1.0623841705576869,3.865159571629759
139,2016-04-25,MD,False,True,0.5833333333333334,0.0141387518606697,1.1314256944127639,0.38265878898888,2.4448585198702038,3.865159571629759
139,2016-04-25,MD,False,True,3.5,0.0141387518606697,2.903158906624662,1.218661151749464,10.320500980951637,3.865159571629759
139,2016-04-26,AM,False,True,0.75,0.0141387518606697,0.396451793877144,0.370985746634946,0.5230815280243722,3.865159571629759
139,2016-04-26,PM,False,True,4.666666666666667,0.0141387518606697,6.042316705546482,2.239482883061628,21.162283732471412,3.865159571629759
139,2016-04-27,PM,False,True,4.666666666666667,0.0141387518606697,7.021409736844692,2.2161112996925216,18.721781322885267,3.865159571629759
139,2016-04-28,AM,False,True,0.5833333333333334,0.0141387518606697,0.42577885395336595,0.378325139807676,0.6202222153499709,3.865159571629759
139,2016-04-28,PM,False,True,5.5,0.0141387518606697,8.064974603164098,2.446504113530634,21.929078651921632,3.865159571629759
139,2016-04-29,PM,False,True,5.916666666666667,0.0141387518606697,7.1471786270454,2.283157212201198,16.96842224644948,3.865159571629759
139,2016-05-02,PM,False,True,3.083333333333333,0.0141387518606697,5.28437421933189,1.9624761148719663,13.539472317062947,3.865159571629759
139,2016-05-03,PM,False,True,4.25,0.0141387518606697,6.1675269490391225,2.381617668212148,21.79923342758693,3.865159571629759
139,2016-05-04,MD,False,True,0.8333333333333334,0.0141387518606697,2.43938234265174,0.9624813228767459,2.4866188408041783,3.865159571629759
139,2016-05-04,MD,False,False,4.333333333333333,0.0141387518606697,,,19.226886472183313,3.865159571629759
139,2016-05-05,PM,False,True,4.666666666666667,0.0141387518606697,7.200404233089186,2.649082219270974,21.2840319370971,3.865159571629759
139,2016-05-06,MD,False,True,5.166666666666667,0.0141387518606697,5.576892976215132,2.3563940780802,14.315883331403557,3.865159571629759
139,2016-05-09,PM,False,True,4.166666666666667,0.0141387518606697,6.447295953735144,3.05015793801639,22.075195820987492,3.865159571629759
139,2016-05-10,PM,False,True,5.416666666666667,0.0141387518606697,5.9815482840999,2.380015079879976,28.83699839433925,3.865159571629759
139,2016-05-11,AM,False,True,1.5,0.0141387518606697,2.06994425999427,0.850214413762344,2.245291828008769,3.865159571629759
139,2016-05-11,PM,False,True,4.833333333333333,0.0141387518606697,7.4013824874668455,2.704937200367922,24.715434137046035,3.865159571629759
139,2016-05-12,PM,False,True,6.0,0.0141387518606697,5.167454276443572,1.678606971133122,19.634576657649934,3.865159571629759
139,2016-05-13,AM,False,True,0.75,0.0141387518606697,0.83015182858956,0.432495072524454,3.6194273366546685,3.865159571629759
139,2016-05-13,PM,False,True,5.333333333333333,0.0141387518606697,6.273873217953455,2.334944746011126,23.84540301066851,3.865159571629759
139,2016-05-16,PM,False,True,4.583333333333333,0.0141387518606697,6.602658236581283,1.8318162067524841,28.42229299387215,3.865159571629759
139,2016-05-17,AM,False,True,0.5833333333333334,0.0141387518606697,0.41495031868696797,0.361143381188628,0.4749051292448475,3.865159571629759
139,2016-05-17,AM,False,True,1.5,0.0141387518606697,1.281080045702478,0.8829453250446719,1.327794586396978,3.865159571629759
139,2016-05-17,MD,False,True,3.75,0.0141387518606697,3.7534206559408383,1.7584597621781461,13.047828513557834,3.865159571629759
139,2016-05-18,PM,False,True,5.25,0.0141387518606697,5.323724235047514,2.283232267537446,21.177553813849332,3.865159571629759
139,2016-05-19,AM,False,True,0.5833333333333334,0.0141387518606697,0.434722665896496,0.375887206335948,0.4803099599566868,3.865159571629759
139,2016-05-19,PM,False,True,5.833333333333333,0.0141387518606697,5.6075201943199495,2.066019157731822,18.965105088040506,3.865159571629759
139,2016-05-20,MD,False,True,5.166666666666667,0.0141387518606697,7.513466065482433,1.8697900266799141,15.037446538334738,3.865159571629759
139,2016-05-23,NT,False,False,0.5833333333333334,0.0141387518606697,,,0.26075216377158317,3.865159571629759
139,2016-05-23,MD,False,True,2.6666666666666665,0.0141387518606697,3.9090883040689564,1.106624949480864,11.841463858453894,3.865159571629759
139,2016-05-24,PM,False,True,4.25,0.0141387518606697,5.613586129562107,2.3620663315216857,17.431627974007373,3.865159571629759
139,2016-05-25,PM,False,True,4.916666666666667,0.0141387518606697,6.162353626288572,2.338533853982676,18.139267806442323,3.865159571629759
139,2016-05-26,PM,False,True,5.333333333333333,0.0141387518606697,6.233950828209462,2.223392914130442,18.049949173974955,3.865159571629759
139,2016-05-27,MD,False,True,4.833333333333333,0.0141387518606697,3.8002048723320234,1.9827262588331998,11.32489444601992,3.865159571629759
139,2016-05-31,MD,False,True,3.1666666666666665,0.0141387518606697,3.835568044275528,1.6698640167001861,8.899325795338358,3.865159571629759
139,2016-06-01,PM,False,True,4.416666666666667,0.0141387518606697,5.038472030638098,1.446786153047592,14.586042897281517,3.865159571629759
139,2016-06-02,PM,False,True,5.666666666666667,0.0141387518606697,6.369070448015682,2.2488668199871023,21.941309138918346,3.865159571629759
139,2016-06-03,MD,False,True,0.9166666666666666,0.0141387518606697,0.9635663155593539,0.43391671485933003,1.1196447074031983,3.865159571629759
139,2016-06-03,PM,False,True,5.166666666666667,0.0141387518606697,6.7878817008103685,2.57532239847063,32.43738598462981,3.865159571629759
139,2016-06-06,MD,False,True,3.4166666666666665,0.0141387518606697,2.45316875050059,0.9414299079895141,5.6823199486190905,3.865159571629759
139,2016-06-07,AM,False,True,0.5,0.0141387518606697,0.42172381510531204,0.37815821325507,0.5426974551432712,3.865159571629759
139,2016-06-07,PM,False,True,4.083333333333333,0.0141387518606697,6.135829599063846,2.271861277369998,21.715888963931693,3.865159571629759
139,2016-06-08,AM,False,True,1.3333333333333333,0.0141387518606697,0.41967852735001804,0.37715532732225,0.526974849551623,3.865159571629759
139,2016-06-08,PM,False,True,6.833333333333333,0.0141387518606697,6.212817155183922,2.0252627686457343,19.289269547725514,3.865159571629759
139,2016-06-09,AM,False,True,0.5,0.0141387518606697,0.418130099334084,0.37759828312533,0.5173307943751998,3.865159571629759
139,2016-06-09,MD,False,True,4.5,0.0141387518606697,4.951832033055192,1.8997946668466161,14.390450317969739,3.865159571629759
139,2016-06-10,MD,False,False,10.916666666666666,0.0141387518606697,5.980226241034584,2.4055261372026657,13.974904377409219,3.865159571629759
139,2016-06-13,PM,False,True,4.666666666666667,0.0141387518606697,3.016609520347902,1.514861888763372,13.185836105161231,3.865159571629759
139,2016-06-14,AM,False,True,1.0,0.0141387518606697,0.451374946077216,0.416324666452392,0.5489500464642366,3.865159571629759
139,2016-06-14,MD,False,True,3.0,0.0141387518606697,2.13154915147707,1.190274920934672,7.904227294815003,3.865159571629759
139,2016-06-15,AM,False,True,1.4166666666666667,0.0141387518606697,0.522457762033992,0.375647456051232,0.5799264375013086,3.865159571629759
139,2016-06-15,PM,False,True,5.833333333333333,0.0141387518606697,5.0274788099284615,1.70517472821261,18.524636674551704,3.865159571629759
139,2016-06-16,AM,False,True,0.6666666666666666,0.0141387518606697,0.38878170687610203,0.35595790241014796,0.4489864229286217,3.865159571629759
139,2016-06-16,PM,False,True,4.833333333333333,0.0141387518606697,5.412037089073026,2.478295818317358,23.31735503936942,3.865159571629759
139,2016-06-17,MD,False,True,5.25,0.0141387518606697,3.572913776337522,1.624268148601458,13.428280572711289,3.865159571629759
139,2016-06-20,MD,False,True,2.9166666666666665,0.0141387518606697,2.0371574784993958,1.262877943236192,11.256262389823933,3.865159571629759
139,2016-06-21,MD,False,True,3.5,0.0141387518606697,5.645299284495102,1.613674311261594,12.39866163396181,3.865159571629759
139,2016-06-22,NT,False,False,0.5833333333333334,0.0141387518606697,,,0.24755743882562353,3.865159571629759
139,2016-06-22,AM,False,True,0.6666666666666666,0.0141387518606697,0.398622984266016,0.35476017731088,0.4670709876223872,3.865159571629759
139,2016-06-22,MD,False,False,3.333333333333333,0.0141387518606697,,,19.885390367433207,3.865159571629759
139,2016-06-23,MD,False,True,2.833333333333333,0.0141387518606697,3.48328665313575,1.407739535875242,8.071921682768968,3.865159571629759
139,2016-06-24,NT,False,False,0.5833333333333334,0.0141387518606697,,,0.06385188334302516,3.865159571629759
139,2016-06-24,MD,False,False,3.9166666666666665,0.0141387518606697,,,8.340209921257243,3.865159571629759
139,2016-06-27,NT,False,False,0.6666666666666666,0.0141387518606697,,,0.1176108195310005,3.865159571629759
139,2016-06-27,MD,False,True,2.6666666666666665,0.0141387518606697,2.321971729200138,0.737622286860846,5.208933536699741,3.865159571629759
139,2016-06-28,MD,False,False,2.083333333333333,0.0141387518606697,,,7.075220556229292,3.865159571629759
139,2016-06-29,NT,False,False,1.4166666666666667,0.0141387518606697,,,-0.015156680129184141,3.865159571629759
139,2016-06-29,MD,False,False,0.9166666666666666,0.0141387518606697,,,3.600519385401755,3.865159571629759
139,2016-06-29,MD,False,False,2.5,0.0141387518606697,,,17.842016789101276,3.865159571629759
139,2016-06-30,PM,False,False,5.416666666666667,0.0141387518606697,,,12.811615741979184,3.865159571629759
139,2016-07-01,MD,False,True,1.0,0.0141387518606697,2.096762231357124,0.5452664792243941,2.105172408613159,3.865159571629759
139,2016-07-01,PM,False,True,4.666666666666667,0.0141387518606697,4.9890807949532405,1.033507777290858,11.396516502342438,3.865159571629759
139,2016-07-06,MD,False,True,2.333333333333333,0.0141387518606697,1.624283353968282,0.448447162426008,10.504935109829477,3.865159571629759
139,2016-07-06,PM,False,False,2.333333333333333,0.0141387518606697,,,25.343478057435025,3.865159571629759
139,2016-07-07,PM,False,True,3.75,0.0141387518606697,2.8848008496433017,0.9235076589618659,11.238763857396934,3.865159571629759
139,2016-07-08,MD,False,True,3.0,0.0141387518606697,1.77212648939037,0.8517564931770061,5.698237259962953,3.865159571629759
139,2016-07-11,MD,False,False,2.5,0.0141387518606697,,,8.095701808363403,3.865159571629759
139,2016-07-12,MD,False,True,3.1666666666666665,0.0141387518606697,1.6312239499213799,0.7307119978412401,4.508811765039463,3.865159571629759
139,2016-07-12,PM,False,True,1.6666666666666667,0.0141387518606697,2.4487749034665782,0.578131272175614,13.304859771320084,3.865159571629759
139,2016-07-13,MD,False,True,3.333333333333333,0.0141387518606697,2.608451679541698,0.9791691365505899,11.916516197317522,3.865159571629759
139,2016-07-15,MD,False,False,5.333333333333333,0.0141387518606697,,,13.838506087752139,3.865159571629759
139,2016-07-18,MD,False,True,2.75,0.0141387518606697,2.7168585429868743,0.851026171067328,7.6922174649888735,3.865159571629759
139,2016-07-19,PM,False,True,5.083333333333333,0.0141387518606697,3.8187793804760704,0.89994973262016,19.38660683659373,3.865159571629759
139,2016-07-20,PM,False,True,4.916666666666667,0.0141387518606697,3.344391384833136,1.0022867512807019,14.615080015100206,3.865159571629759
139,2016-07-21,PM,False,True,4.916666666666667,0.0141387518606697,2.822586997147782,1.151322169296594,17.043129702554385,3.865159571629759
139,2016-07-22,MD,False,True,4.416666666666667,0.0141387518606697,3.2443779931153323,1.007172347883822,12.966228569114351,3.865159571629759
139,2016-07-22,NT,False,False,1.0,0.0141387518606697,4.350960424454081,1.697676049155384,10.880759352415426,3.865159571629759
139,2016-07-25,MD,False,True,0.5,0.0141387518606697,0.619874926288038,0.183411261988602,0.8707075859241958,3.865159571629759
139,2016-07-25,PM,False,True,3.333333333333333,0.0141387518606697,2.22184912128231,0.759080043621858,7.983898341808613,3.865159571629759
139,2016-07-26,MD,False,True,3.083333333333333,0.0141387518606697,1.719387892483128,0.725597213521068,7.872714988814751,3.865159571629759
139,2016-07-28,MD,False,True,4.333333333333333,0.0141387518606697,2.755974727191324,0.7857316956678541,12.200242872682752,3.865159571629759
139,2016-07-29,PM,False,False,3.6666666666666665,0.0141387518606697,,,11.13820780346101,3.865159571629759
139,2016-07-29,PM,False,True,0.5,0.0141387518606697,0.544483102188504,0.17884530652146,0.8335758658532361,3.865159571629759
139,2016-08-01,PM,False,True,3.583333333333333,0.0141387518606697,3.87366218211183,1.0014970528319882,12.982399124194488,3.865159571629759
139,2016-08-02,PM,False,True,5.0,0.0141387518606697,2.30333251491837,1.0207479869518081,24.25628364815525,3.865159571629759
139,2016-08-03,MD,False,False,2.75,0.0141387518606697,,,10.36552974205202,3.865159571629759
139,2016-08-03,PM,False,True,1.6666666666666667,0.0141387518606697,3.490907961276492,1.4204456627264879,17.374498605995203,3.865159571629759
139,2016-08-04,PM,False,True,5.5,0.0141387518606697,4.739980993673496,1.59077312239866,26.74391285481585,3.865159571629759
139,2016-08-05,MD,False,True,1.4166666666666667,0.0141387518606697,0.713785435123152,0.32989301147097,1.28019936513242,3.865159571629759
139,2016-08-05,MD,False,True,2.9166666666666665,0.0141387518606697,1.8957846732413999,0.794287633573812,7.166928973327538,3.865159571629759
139,2016-08-08,NT,False,False,0.5833333333333334,0.0141387518606697,,,0.13037696580193103,3.865159571629759
139,2016-08-08,NT,False,False,0.6666666666666666,0.0141387518606697,,,0.12191303033913858,3.865159571629759
139,2016-08-08,AM,False,False,14.75,0.0141387518606697,,,0.3878592272689635,3.865159571629759
139,2016-08-15,NT,False,False,6.083333333333333,0.0141387518606697,,,0.133633168573562,3.865159571629759
139,2016-08-15,AM,False,False,0.5833333333333334,0.0141387518606697,,,0.2672431114246071,3.865159571629759
139,2016-08-15,AM,False,False,4.333333333333333,0.0141387518606697,,,0.8695515293526573,3.865159571629759
139,2016-08-15,MD,False,False,7.75,0.0141387518606697,,,18.921386796763873,3.865159571629759
139,2016-08-16,AM,False,False,0.5833333333333334,0.0141387518606697,,,0.25070208366926583,3.865159571629759
139,2016-08-16,AM,False,False,2.4166666666666665,0.0141387518606697,,,0.6373218038081224,3.865159571629759
139,2016-08-16,MD,False,False,5.416666666666667,0.0141387518606697,,,13.617425228185114,3.865159571629759
139,2016-08-16,PM,False,False,1.6666666666666667,0.0141387518606697,,,11.868370305338177,3.865159571629759
139,2016-08-16,NT,False,False,1.5,0.0141387518606697,,,0.1648734417347858,3.865159571629759
139,2016-08-16,NT,False,False,0.8333333333333334,0.0141387518606697,,,0.037791682121566805,3.865159571629759
139,2016-08-17,NT,False,False,0.5833333333333334,0.0141387518606697,,,0.22216663612283416,3.865159571629759
139,2016-08-17,MD,False,False,0.75,0.0141387518606697,,,0.16466153579431098,3.865159571629759
139,2016-08-17,MD,False,False,0.75,0.0141387518606697,,,0.3528765487494373,3.865159571629759
139,2016-08-17,MD,False,False,8.083333333333334,0.0141387518606697,,,28.461486561288343,3.865159571629759
139,2016-08-17,NT,False,False,0.75,0.0141387518606697,,,0.12074878215935503,3.865159571629759
139,2016-08-18,NT,False,False,0.9166666666666666,0.0141387518606697,,,3.6884750594608144,3.865159571629759
139,2016-08-18,NT,False,False,3.25,0.0141387518606697,,,7.386863202269767,3.865159571629759
139,2016-08-18,NT,False,False,1.3333333333333333,0.0141387518606697,,,0.19979225276653356,3.865159571629759
139,2016-08-18,AM,False,False,15.666666666666666,0.0141387518606697,,,2.3822460570316455,3.865159571629759
139,2016-08-19,NT,False,False,23.666666666666668,0.0141387518606697,,,13.565598901130905,3.865159571629759
139,2016-08-22,NT,False,False,6.166666666666667,0.0141387518606697,,,5.111546306377644,3.865159571629759
139,2016-08-22,AM,False,False,0.5833333333333334,0.0141387518606697,,,0.22188780516627038,3.865159571629759
139,2016-08-22,AM,False,False,14.25,0.0141387518606697,,,13.753411215197689,3.865159571629759
139,2016-08-22,NT,False,False,0.6666666666666666,0.0141387518606697,,,0.14346473275873184,3.865159571629759
139,2016-08-23,NT,False,False,4.166666666666667,0.0141387518606697,,,5.303862989586719,3.865159571629759
139,2016-08-23,NT,False,False,15.416666666666666,0.0141387518606697,,,22.361753490913205,3.865159571629759
139,2016-08-23,NT,False,False,2.75,0.0141387518606697,,,1.5344876890877561,3.865159571629759
139,2016-08-24,NT,False,False,2.6666666666666665,0.0141387518606697,,,5.2334338161467535,3.865159571629759
139,2016-08-24,AM,False,False,11.75,0.0141387518606697,,,13.00279522819318,3.865159571629759
139,2016-08-24,PM,False,False,0.6666666666666666,0.0141387518606697,,,2.817557308556518,3.865159571629759
139,2016-08-24,NT,False,False,1.6666666666666667,0.0141387518606697,,,0.24518076024536317,3.865159571629759
139,2016-08-25,NT,False,False,1.3333333333333333,0.0141387518606697,,,0.27566624281906205,3.865159571629759
139,2016-08-25,NT,False,False,0.6666666666666666,0.0141387518606697,,,0.21908137304821385,3.865159571629759
139,2016-08-25,AM,False,False,14.083333333333334,0.0141387518606697,,,22.493823242722346,3.865159571629759
139,2016-08-25,NT,False,False,0.6666666666666666,0.0141387518606697,,,0.3314647911500562,3.865159571629759
139,2016-08-25,NT,False,False,1.0,0.0141387518606697,,,0.18581757821175604,3.865159571629759
139,2016-08-26,NT,False,False,23.58333333333333,0.0141387518606697,,,16.191998575261994,3.865159571629759
139,2016-08-29,NT,False,False,1.1666666666666667,0.0141387518606697,,,5.14399948450633,3.865159571629759
139,2016-08-29,AM,False,False,16.416666666666668,0.0141387518606697,,,4.872016217762381,3.865159571629759
139,2016-08-29,NT,False,False,0.6666666666666666,0.0141387518606697,,,0.19347168403429482,3.865159571629759
139,2016-08-30,NT,False,False,3.1666666666666665,0.0141387518606697,,,4.940002603453253,3.865159571629759
139,2016-08-30,NT,False,False,1.8333333333333333,0.0141387518606697,,,0.8988988784969881,3.865159571629759
139,2016-08-30,AM,False,False,4.666666666666667,0.0141387518606697,,,0.432945175962674,3.865159571629759
139,2016-09-27,MD,False,False,6.75,0.0141387518606697,,,22.544026673701882,3.865159571629759
139,2016-09-27,NT,False,False,0.8333333333333334,0.0141387518606697,,,0.1691802738445053,3.865159571629759
139,2016-09-28,NT,False,False,0.5833333333333334,0.0141387518606697,,,0.25229539056627115,3.865159571629759
139,2016-09-28,NT,False,False,0.5833333333333334,0.0141387518606697,,,0.10900423678174509,3.865159571629759
139,2016-09-28,NT,False,False,0.6666666666666666,0.0141387518606697,,,0.12815548530093868,3.865159571629759
139,2016-09-28,AM,False,False,0.6666666666666666,0.0141387518606697,,,1.3025883658063702,3.865159571629759
139,2016-09-28,AM,False,False,11.166666666666666,0.0141387518606697,,,22.867290176256763,3.865159571629759
139,2016-09-28,NT,False,False,1.4166666666666667,0.0141387518606697,,,0.286848858245195,3.865159571629759
139,2016-09-28,NT,False,False,0.6666666666666666,0.0141387518606697,,,3.986309993030604,3.865159571629759
139,2016-09-29,NT,False,False,0.6666666666666666,0.0141387518606697,,,1.5587791081718019,3.865159571629759
139,2016-09-29,NT,False,False,0.5833333333333334,0.0141387518606697,17.200912150981303,2.714677552765152,4.908251982014658,3.865159571629759
139,2016-09-29,NT,False,False,1.5833333333333333,0.0141387518606697,,,1.4607761943382673,3.865159571629759
139,2016-09-29,AM,False,False,3.25,0.0141387518606697,,,0.9965418838229018,3.865159571629759
139,2016-09-29,MD,False,False,10.416666666666666,0.0141387518606697,,,24.18001107836007,3.865159571629759
139,2016-09-29,NT,False,False,0.5833333333333334,0.0141387518606697,,,0.14350651711838414,3.865159571629759
139,2016-09-30,NT,False,False,0.6666666666666666,0.0141387518606697,,,2.326897641956261,3.865159571629759
139,2016-09-30,NT,False,False,0.6666666666666666,0.0141387518606697,,,2.8240440824769824,3.865159571629759
139,2016-09-30,AM,False,False,4.666666666666667,0.0141387518606697,,,0.49693112200264455,3.865159571629759
139,2016-09-30,MD,False,False,7.416666666666667,0.0141387518606697,,,22.997067021299475,3.865159571629759
139,2016-09-30,NT,False,False,0.5833333333333334,0.0141387518606697,,,0.16586214618983963,3.865159571629759
139,2016-10-03,NT,False,False,0.5833333333333334,0.0141387518606697,,,0.19261677669665966,3.865159571629759
139,2016-10-03,NT,False,False,0.5833333333333334,0.0141387518606697,,,0.2986509718808589,3.865159571629759
139,2016-10-03,NT,False,False,1.0833333333333333,0.0141387518606697,,,0.4249932849412891,3.865159571629759
139,2016-10-03,NT,False,False,0.5833333333333334,0.0141387518606697,,,0.09071841130362135,3.865159571629759
139,2016-10-03,AM,False,False,1.1666666666666667,0.0141387518606697,,,0.2720788682693237,3.865159571629759
139,2016-10-03,AM,False,False,1.5,0.0141387518606697,,,1.254536314281685,3.865159571629759
139,2016-10-03,AM,False,False,1.5,0.0141387518606697,,,1.3938056659724811,3.865159571629759
139,2016-10-03,MD,False,False,8.083333333333334,0.0141387518606697,,,29.007726604364965,3.865159571629759
139,2016-10-03,NT,False,False,2.5,0.0141387518606697,,,0.2306956824730283,3.865159571629759
139,2016-10-04,NT,False,False,0.5833333333333334,0.0141387518606697,,,0.27286251158024577,3.865159571629759
139,2016-10-04,NT,False,False,0.5833333333333334,0.0141387518606697,,,0.23554247844418452,3.865159571629759
139,2016-10-04,AM,False,False,2.6666666666666665,0.0141387518606697,,,0.5226315454501834,3.865159571629759
139,2016-10-04,MD,False,False,0.5833333333333334,0.0141387518606697,,,0.2619024016452248,3.865159571629759
139,2016-10-04,MD,False,False,6.083333333333333,0.0141387518606697,,,24.135133726362117,3.865159571629759
139,2016-10-04,NT,False,False,0.8333333333333334,0.0141387518606697,,,0.21447762107273338,3.865159571629759
139,2016-10-04,NT,False,False,2.0,0.0141387518606697,,,0.4726466062608542,3.865159571629759
139,2016-10-05,NT,False,False,3.5,0.0141387518606697,,,0.4152898601196925,3.865159571629759
139,2016-10-05,NT,False,False,0.75,0.0141387518606697,,,0.1579354094132751,3.865159571629759
139,2016-10-05,AM,False,False,1.25,0.0141387518606697,,,0.44854691849257666,3.865159571629759
139,2016-10-05,AM,False,False,3.8333333333333335,0.0141387518606697,,,1.7691284888798524,3.865159571629759
139,2016-10-05,MD,False,False,7.333333333333333,0.0141387518606697,,,25.095654833959404,3.865159571629759
139,2016-10-05,NT,False,False,2.25,0.0141387518606697,,,0.20140448481770268,3.865159571629759
139,2016-10-06,NT,False,False,0.75,0.0141387518606697,,,0.22647737447987926,3.865159571629759
139,2016-10-06,NT,False,False,1.25,0.0141387518606697,,,0.16663327727682475,3.865159571629759
139,2016-10-06,NT,False,False,1.8333333333333333,0.0141387518606697,,,0.283298642381718,3.865159571629759
139,2016-10-06,AM,False,False,1.3333333333333333,0.0141387518606697,,,2.3166998902342844,3.865159571629759
139,2016-10-06,MD,False,False,10.0,0.0141387518606697,,,23.15268586191154,3.865159571629759
139,2016-10-06,NT,False,False,0.75,0.0141387518606697,,,0.21897385944720515,3.865159571629759
139,2016-10-06,NT,False,False,2.333333333333333,0.0141387518606697,,,0.39480040712811804,3.865159571629759
139,2016-10-07,NT,False,False,1.4166666666666667,0.0141387518606697,,,0.3036754913866774,3.865159571629759
139,2016-10-07,AM,False,False,1.6666666666666667,0.0141387518606697,,,0.37460400858261356,3.865159571629759
139,2016-10-07,AM,False,False,1.1666666666666667,0.0141387518606697,,,3.3086272247586184,3.865159571629759
139,2016-10-07,MD,False,False,8.75,0.0141387518606697,,,21.58602694256496,3.865159571629759
139,2016-10-07,NT,False,False,0.5833333333333334,0.0141387518606697,,,0.2520939220505075,3.865159571629759
139,2016-10-10,NT,False,False,3.583333333333333,0.0141387518606697,,,5.0897259803692645,3.865159571629759
139,2016-10-10,NT,False,False,0.5833333333333334,0.0141387518606697,,,0.283660220084217,3.865159571629759
139,2016-10-10,AM,False,False,10.75,0.0141387518606697,,,1.421882539103139,3.865159571629759
139,2016-10-10,NT,False,False,1.5,0.0141387518606697,,,2.1723373826875463,3.865159571629759
139,2016-10-10,NT,False,False,1.9166666666666667,0.0141387518606697,,,3.621482887326424,3.865159571629759
139,2016-10-11,NT,False,False,3.333333333333333,0.0141387518606697,,,1.7724778444807203,3.865159571629759
139,2016-10-11,NT,False,False,17.416666666666668,0.0141387518606697,,,8.142946436441052,3.865159571629759
139,2016-10-11,NT,False,False,2.25,0.0141387518606697,,,0.6335664321010787,3.865159571629759
139,2016-10-12,NT,False,False,6.166666666666667,0.0141387518606697,,,0.7732410414206897,3.865159571629759
139,2016-10-12,AM,False,False,5.5,0.0141387518606697,,,1.3138840832354663,3.865159571629759
139,2016-10-12,MD,False,False,8.0,0.0141387518606697,,,19.724511741192234,3.865159571629759
139,2016-10-12,NT,False,False,2.9166666666666665,0.0141387518606697,,,0.5199504801314153,3.865159571629759
139,2016-10-13,NT,False,False,7.25,0.0141387518606697,,,7.716398937086273,3.865159571629759
139,2016-10-13,AM,False,False,12.75,0.0141387518606697,,,17.819212034362497,3.865159571629759
139,2016-10-13,NT,False,False,3.333333333333333,0.0141387518606697,,,0.8346382674285896,3.865159571629759
139,2016-10-14,NT,False,False,4.5,0.0141387518606697,,,7.74450464822402,3.865159571629759
139,2016-10-14,NT,False,False,1.5833333333333333,0.0141387518606697,,,0.6868313070786575,3.865159571629759
139,2016-10-14,AM,False,False,16.083333333333332,0.0141387518606697,,,3.3861181539026735,3.865159571629759
139,2016-10-17,NT,False,False,24.0,0.0141387518606697,,,5.913291484320434,3.865159571629759
139,2016-10-18,NT,False,False,6.5,0.0141387518606697,,,4.244550597509942,3.865159571629759
139,2016-10-18,AM,False,False,17.166666666666668,0.0141387518606697,,,12.604769332614596,3.865159571629759
139,2016-10-19,NT,False,False,4.833333333333333,0.0141387518606697,,,4.8289374142703405,3.865159571629759
139,2016-10-19,AM,False,False,18.416666666666668,0.0141387518606697,,,20.869899719742282,3.865159571629759
139,2016-10-20,NT,True,False,3.4166666666666665,0.0141387518606697,,,5.5432055803547335,3.865159571629759
139,2016-10-20,NT,True,False,19.83333333333333,0.0141387518606697,,,15.764707684446027,3.865159571629759
139,2016-10-21,NT,True,False,24.0,0.0141387518606697,,,1.0952597045358008,3.865159571629759
139,2016-10-24,NT,True,False,24.0,0.0141387518606697,,,0.3923302515264543,3.865159571629759
139,2016-10-25,NT,True,False,24.0,0.0141387518606697,,,13.112592251021924,3.865159571629759
139,2016-10-26,NT,True,False,24.0,0.0141387518606697,,,16.454596594574102,3.865159571629759
139,2016-10-27,NT,True,False,23.916666666666668,0.0141387518606697,,,22.414760903745634,3.865159571629759
139,2016-10-28,NT,True,False,24.0,0.0141387518606697,,,12.899007114235717,3.865159571629759
139,2016-10-31,NT,True,False,24.0,0.0141387518606697,,,8.145989791905837,3.865159571629759
139,2016-11-01,NT,True,False,9.333333333333334,0.0141387518606697,,,6.477100422572162,3.865159571629759
139,2016-11-01,AM,True,True,0.6666666666666666,0.0141387518606697,0.8157484234089599,0.405836439588036,0.8859805024563078,3.865159571629759
139,2016-11-01,MD,True,False,2.1666666666666665,0.0141387518606697,,,0.6801089506616426,3.865159571629759
139,2016-11-01,MD,True,False,8.75,0.0141387518606697,,,22.52097045067595,3.865159571629759
139,2016-11-02,NT,True,False,1.1666666666666667,0.0141387518606697,,,0.24644424459078496,3.865159571629759
139,2016-11-02,NT,True,False,1.3333333333333333,0.0141387518606697,,,0.19809520347146947,3.865159571629759
139,2016-11-02,AM,True,False,2.0,0.0141387518606697,,,0.6849283066694573,3.865159571629759
139,2016-11-02,MD,True,False,0.8333333333333334,0.0141387518606697,,,0.28326037869296716,3.865159571629759
139,2016-11-02,MD,True,False,9.416666666666666,0.0141387518606697,,,32.55068691430205,3.865159571629759
139,2016-11-02,NT,True,False,2.1666666666666665,0.0141387518606697,,,0.28810604474068857,3.865159571629759
139,2016-11-03,NT,True,False,0.5833333333333334,0.0141387518606697,,,0.2870230817696956,3.865159571629759
139,2016-11-03,NT,True,False,0.75,0.0141387518606697,,,0.21277798508619494,3.865159571629759
139,2016-11-03,NT,True,False,0.8333333333333334,0.0141387518606697,,,0.09259721612616734,3.865159571629759
139,2016-11-03,AM,True,False,0.5833333333333334,0.0141387518606697,,,0.40778758926370007,3.865159571629759
139,2016-11-03,AM,True,False,1.5833333333333333,0.0141387518606697,,,1.0311746687743355,3.865159571629759
139,2016-11-03,MD,True,False,0.6666666666666666,0.0141387518606697,,,0.2891663564752084,3.865159571629759
139,2016-11-03,MD,True,False,7.333333333333333,0.0141387518606697,,,31.81677348830222,3.865159571629759
139,2016-11-03,NT,True,False,1.8333333333333333,0.0141387518606697,,,0.36158824114218835,3.865159571629759
139,2016-11-03,NT,True,False,1.25,0.0141387518606697,,,0.6638585795767132,3.865159571629759
139,2016-11-04,NT,True,False,0.8333333333333334,0.0141387518606697,,,0.2353365703908833,3.865159571629759
139,2016-11-04,NT,True,False,0.5833333333333334,0.0141387518606697,,,0.09627015489337698,3.865159571629759
139,2016-11-04,AM,True,False,4.333333333333333,0.0141387518606697,,,1.7357723307610389,3.865159571629759
139,2016-11-04,MD,True,False,8.583333333333334,0.0141387518606697,,,15.974193499172618,3.865159571629759
139,2016-11-04,NT,True,False,1.8333333333333333,0.0141387518606697,,,2.2651827505369386,3.865159571629759
139,2016-11-04,NT,True,False,0.8333333333333334,0.0141387518606697,,,0.33986467111434326,3.865159571629759
139,2016-11-07,NT,True,False,23.916666666666668,0.0141387518606697,,,11.133718077876098,3.865159571629759
139,2016-11-08,NT,True,False,24.0,0.0141387518606697,,,26.454435718068243,3.865159571629759
139,2016-11-09,NT,True,False,24.0,0.0141387518606697,,,13.391300289956806,3.865159571629759
139,2016-11-23,NT,True,False,23.916666666666668,0.0141387518606697,,,,3.865159571629759
139,2016-11-28,NT,True,False,2.25,0.0141387518606697,,,5.07786723521037,3.865159571629759
139,2016-11-28,NT,True,False,1.6666666666666667,0.0141387518606697,,,0.3734708845257889,3.865159571629759
139,2016-11-28,MD,True,False,17.833333333333332,0.0141387518606697,,,7.330887297757458,3.865159571629759
139,2016-11-29,NT,True,False,24.0,0.0141387518606697,,,14.214933175730467,3.865159571629759
139,2016-12-15,NT,True,False,24.0,0.0141387518606697,,,2.9386827662360364,3.865159571629759
78,2016-01-04,PM,False,True,6.166666666666667,0.0161415576094969,8.365752636320526,1.684109364545154,36.31734750115308,3.865159571629759
78,2016-01-05,MD,False,True,1.5,0.0161415576094969,2.37743945932524,0.8097488879227199,5.906037929288297,3.865159571629759
78,2016-01-05,PM,False,False,5.333333333333333,0.0161415576094969,,,36.378328666460874,3.865159571629759
78,2016-01-06,PM,False,True,3.6666666666666665,0.0161415576094969,8.611081148391971,2.648306588365434,20.886507383746196,3.865159571629759
78,2016-01-07,AM,False,True,0.5833333333333334,0.0161415576094969,0.8159005601011801,0.390859614929046,2.5811280267613927,3.865159571629759
78,2016-01-07,MD,False,True,0.5,0.0161415576094969,0.9734562425645339,0.43124940572480397,2.3949322380897247,3.865159571629759
78,2016-01-07,MD,False,True,0.5,0.0161415576094969,0.468087996956808,0.25922234339076,1.5977471378811519,3.865159571629759
78,2016-01-07,PM,False,False,4.0,0.0161415576094969,,,26.339385576510796,3.865159571629759
78,2016-01-08,MD,False,True,4.75,0.0161415576094969,7.996491706635108,2.361563265533874,21.31758327201469,3.865159571629759
78,2016-01-11,AM,False,True,1.75,0.0161415576094969,2.88681283324113,0.97473229996719,5.5752415623593325,3.865159571629759
78,2016-01-11,MD,False,False,1.1666666666666667,0.0161415576094969,,,6.587758636054149,3.865159571629759
78,2016-01-11,PM,False,True,2.833333333333333,0.0161415576094969,6.281404094559546,1.9181019234708603,15.000043054983099,3.865159571629759
78,2016-01-12,PM,False,True,5.0,0.0161415576094969,17.09653672451705,4.1410657332070615,39.74383905125622,3.865159571629759
78,2016-01-13,PM,False,True,4.916666666666667,0.0161415576094969,11.194945536048744,2.466611842823718,26.31750278905736,3.865159571629759
78,2016-01-14,PM,False,True,5.25,0.0161415576094969,17.507515035999553,4.221721808793828,38.244024107008784,3.865159571629759
78,2016-01-15,MD,False,True,2.083333333333333,0.0161415576094969,3.266681058239334,1.394954441567388,7.383586101011462,3.865159571629759
78,2016-01-15,PM,False,False,6.416666666666667,0.0161415576094969,,,27.220201409535196,3.865159571629759
78,2016-01-18,PM,False,True,2.083333333333333,0.0161415576094969,2.439510433534794,0.683020183353474,8.418396988610242,3.865159571629759
78,2016-01-19,PM,False,False,4.916666666666667,0.0161415576094969,,,27.045776403711788,3.865159571629759
78,2016-01-20,PM,False,True,7.083333333333333,0.0161415576094969,14.306294817046115,2.0944640751204537,29.639625831322878,3.865159571629759
78,2016-01-21,PM,False,True,4.916666666666667,0.0161415576094969,13.61601832794225,2.55493616846907,26.99200043963197,3.865159571629759
78,2016-01-22,MD,False,True,4.916666666666667,0.0161415576094969,8.6212005645795,1.626444479204766,16.780048599524395,3.865159571629759
78,2016-01-25,PM,False,True,4.5,0.0161415576094969,12.910510102149317,3.061118901630768,31.3714333451661,3.865159571629759
78,2016-01-26,PM,False,True,4.333333333333333,0.0161415576094969,10.923353233325885,2.705604710773674,21.460710826346432,3.865159571629759
78,2016-01-27,PM,False,True,4.75,0.0161415576094969,8.196859165491846,2.260076047045212,24.29688591845336,3.865159571629759
78,2016-01-28,MD,False,True,1.3333333333333333,0.0161415576094969,0.678546539253102,0.35377206525501,9.3023291462846,3.865159571629759
78,2016-01-28,PM,False,True,3.083333333333333,0.0161415576094969,3.82447069293447,0.8714923894509721,10.76760573785103,3.865159571629759
78,2016-01-29,PM,False,False,5.083333333333333,0.0161415576094969,,,17.84159721719094,3.865159571629759
78,2016-02-01,PM,False,True,3.9166666666666665,0.0161415576094969,6.081475390782348,1.7868686179770539,16.79447673665594,3.865159571629759
78,2016-02-02,PM,False,True,4.833333333333333,0.0161415576094969,12.776014479938388,2.739033218585496,34.35922438340286,3.865159571629759
78,2016-02-03,PM,False,True,4.916666666666667,0.0161415576094969,10.24105983843261,2.703028292229552,26.52826564532079,3.865159571629759
78,2016-02-04,PM,False,True,4.75,0.0161415576094969,14.166523608276893,2.527173920513676,27.12061455453105,3.865159571629759
78,2016-02-08,PM,False,True,3.75,0.0161415576094969,5.700094439683914,1.84301706043179,15.144794383873919,3.865159571629759
78,2016-02-09,PM,False,True,4.666666666666667,0.0161415576094969,13.721127534684115,2.4775873931413317,22.53932395566375,3.865159571629759
78,2016-02-10,PM,False,True,4.833333333333333,0.0161415576094969,11.765197475742054,2.345218352866374,23.71538403751069,3.865159571629759
78,2016-02-11,PM,False,True,5.416666666666667,0.0161415576094969,18.676840903589728,2.9620561617167698,29.57045370695015,3.865159571629759
78,2016-02-12,PM,False,True,6.333333333333333,0.0161415576094969,21.05350654343062,2.0544322049197317,25.610864212817166,3.865159571629759
78,2016-02-15,PM,False,True,3.8333333333333335,0.0161415576094969,5.003781738376507,1.067323708183164,13.180609476027898,3.865159571629759
78,2016-02-16,PM,False,True,4.75,0.0161415576094969,14.130919186536499,3.373105009508832,32.33106719036927,3.865159571629759
78,2016-02-17,PM,False,True,4.333333333333333,0.0161415576094969,11.02663805451861,2.790711315860358,24.22469282397616,3.865159571629759
78,2016-02-18,PM,False,True,5.416666666666667,0.0161415576094969,12.854419164789677,2.657292939088404,23.88856440212459,3.865159571629759
78,2016-02-19,PM,False,True,6.083333333333333,0.0161415576094969,10.986218407837193,1.646868667966644,20.266734930087313,3.865159571629759
78,2016-02-22,PM,False,True,4.5,0.0161415576094969,11.662421369928852,2.422862524225464,27.41225676538564,3.865159571629759
78,2016-02-23,MD,False,True,0.6666666666666666,0.0161415576094969,0.863883359713116,0.294877858922958,3.1403370130744594,3.865159571629759
78,2016-02-23,PM,False,True,4.583333333333333,0.0161415576094969,9.95732233290408,2.2518711210335223,21.473030514148608,3.865159571629759
78,2016-02-24,PM,False,True,5.333333333333333,0.0161415576094969,19.064293428676475,3.3224004718944657,32.70888494067444,3.865159571629759
78,2016-02-25,PM,False,True,4.666666666666667,0.0161415576094969,13.404061586953247,2.151245394314946,23.56030379132081,3.865159571629759
78,2016-02-26,PM,False,True,5.916666666666667,0.0161415576094969,11.903637690971417,2.780352751392828,26.80953145482272,3.865159571629759
78,2016-02-29,PM,False,True,4.333333333333333,0.0161415576094969,9.011979308075803,2.705360181610188,20.470313732172105,3.865159571629759
78,2016-03-01,PM,False,True,4.666666666666667,0.0161415576094969,12.470219187108606,2.439320446400922,26.59482435344872,3.865159571629759
78,2016-03-02,PM,False,True,4.666666666666667,0.0161415576094969,13.62090583671669,2.907977796016476,24.819713336853457,3.865159571629759
78,2016-03-03,PM,False,True,5.083333333333333,0.0161415576094969,12.539598146483879,2.469044260701834,22.329883088823852,3.865159571629759
78,2016-03-04,MD,False,True,0.6666666666666666,0.0161415576094969,0.491410572591198,0.296501285717424,4.749269554895912,3.865159571629759
78,2016-03-04,PM,False,True,6.5,0.0161415576094969,9.762780674704524,2.339538063039912,25.44730620315983,3.865159571629759
78,2016-03-07,PM,False,True,5.416666666666667,0.0161415576094969,5.3639966620073825,1.6106038050712799,16.973388595470258,3.865159571629759
78,2016-03-08,PM,False,True,4.916666666666667,0.0161415576094969,22.98201321009732,2.662620642370416,27.687220747783048,3.865159571629759
78,2016-03-09,MD,False,False,1.0833333333333333,0.0161415576094969,,,9.466783963334551,3.865159571629759
78,2016-03-09,PM,False,False,4.583333333333333,0.0161415576094969,,,23.48524306852811,3.865159571629759
78,2016-03-11,PM,False,True,7.0,0.0161415576094969,5.432584666034316,1.019079947723994,16.894349782833675,3.865159571629759
78,2016-03-14,PM,False,True,4.25,0.0161415576094969,14.220365483232817,2.59298345077869,27.69427552061062,3.865159571629759
78,2016-03-15,PM,False,True,5.5,0.0161415576094969,10.0764201012102,2.212999873654938,22.469821293125012,3.865159571629759
78,2016-03-16,PM,False,True,5.0,0.0161415576094969,9.870965190046931,2.9280606282452397,27.219896646975048,3.865159571629759
78,2016-03-17,PM,False,True,5.416666666666667,0.0161415576094969,16.741724461106077,3.9474942842385117,35.484354847620466,3.865159571629759
78,2016-03-18,MD,False,True,2.75,0.0161415576094969,5.3840476062322375,1.958082413840028,20.76153632898654,3.865159571629759
78,2016-03-18,PM,False,True,4.666666666666667,0.0161415576094969,7.499334371258172,1.480224270872958,19.18018152922487,3.865159571629759
78,2016-03-21,PM,False,True,3.75,0.0161415576094969,7.74642909076254,2.238165268034238,17.41302450353297,3.865159571629759
78,2016-03-22,PM,False,True,5.833333333333333,0.0161415576094969,12.66384103820397,2.374219482168948,29.337734412131642,3.865159571629759
78,2016-03-23,PM,False,True,6.0,0.0161415576094969,7.527898198422587,1.779375138267822,20.61500241211812,3.865159571629759
78,2016-03-24,PM,False,True,6.5,0.0161415576094969,12.515520384260897,2.913765927946026,29.74231718768083,3.865159571629759
78,2016-03-25,PM,False,True,5.083333333333333,0.0161415576094969,2.2985305678712944,0.894113522578596,10.760291182571693,3.865159571629759
78,2016-03-28,MD,False,True,5.25,0.0161415576094969,15.281506543430506,2.565868012931694,25.41161781692809,3.865159571629759
78,2016-03-29,PM,False,True,6.0,0.0161415576094969,12.729740670414577,2.9836448689475943,24.90480175534822,3.865159571629759
78,2016-03-30,PM,False,True,6.166666666666667,0.0161415576094969,11.605310464999057,2.520525872066442,26.756559040788392,3.865159571629759
78,2016-03-31,MD,False,True,1.0833333333333333,0.0161415576094969,1.0372413765484199,0.436167271814052,1.961701002988912,3.865159571629759
78,2016-03-31,PM,False,True,4.5,0.0161415576094969,14.79548537940933,2.4135693102745077,22.315574479598812,3.865159571629759
78,2016-04-01,PM,False,True,4.5,0.0161415576094969,12.464970202578318,1.483105726190292,21.808759488256815,3.865159571629759
78,2016-04-01,PM,False,True,0.6666666666666666,0.0161415576094969,0.9933792430425299,0.390913311437898,6.351612985793922,3.865159571629759
78,2016-04-04,PM,False,True,4.583333333333333,0.0161415576094969,10.933240158652405,2.761324840347936,19.253959358492825,3.865159571629759
78,2016-04-05,PM,False,True,4.5,0.0161415576094969,14.249117784648282,2.862270699751386,27.68236422882838,3.865159571629759
78,2016-04-06,PM,False,True,4.083333333333333,0.0161415576094969,14.254771849552926,2.481818502390126,24.076059004457466,3.865159571629759
78,2016-04-07,PM,False,True,5.75,0.0161415576094969,6.982762997819322,1.368007078627554,18.37099095580287,3.865159571629759
78,2016-04-08,PM,False,True,5.166666666666667,0.0161415576094969,8.05478696671078,1.91938021981821,21.525082561261915,3.865159571629759
78,2016-04-11,PM,False,True,4.166666666666667,0.0161415576094969,7.087784662039747,1.718787262611834,16.582553056572298,3.865159571629759
78,2016-04-12,PM,False,True,4.916666666666667,0.0161415576094969,18.46915481573588,3.9349525877218134,34.05553228229935,3.865159571629759
78,2016-04-13,PM,False,True,4.75,0.0161415576094969,10.661918165706439,2.301683959785192,21.273246643229502,3.865159571629759
78,2016-04-14,PM,False,True,5.25,0.0161415576094969,10.55204526396913,2.2861134779072096,22.52198915019216,3.865159571629759
78,2016-04-15,AM,False,True,0.5,0.0161415576094969,0.75779664721164,0.315542633300112,0.9910914477684135,3.865159571629759
78,2016-04-15,PM,False,True,3.6666666666666665,0.0161415576094969,7.022078873308662,2.0683069000593,19.252590597335715,3.865159571629759
78,2016-04-18,PM,False,True,4.416666666666667,0.0161415576094969,16.032169069310434,2.5374663088481397,17.683799190837153,3.865159571629759
78,2016-04-19,PM,False,True,4.083333333333333,0.0161415576094969,8.714458838659896,1.717148668107432,13.104436407099358,3.865159571629759
78,2016-04-20,PM,False,True,4.583333333333333,0.0161415576094969,12.68354416098531,2.648401199018712,23.67448706671988,3.865159571629759
78,2016-04-21,PM,False,True,4.583333333333333,0.0161415576094969,8.899524976610099,2.018234970615144,19.39538362045278,3.865159571629759
78,2016-04-21,NT,False,True,1.0833333333333333,0.0161415576094969,1.1212196269027381,0.563361800158218,1.6938836246506543,3.865159571629759
78,2016-04-22,PM,False,True,6.083333333333333,0.0161415576094969,8.131389373534015,1.5181998530671499,16.972581241938176,3.865159571629759
78,2016-04-25,PM,False,True,3.333333333333333,0.0161415576094969,4.878067984871736,1.388257447084128,10.320500980951637,3.865159571629759
78,2016-04-26,PM,False,True,5.25,0.0161415576094969,7.587870179793984,1.7636552784808979,21.162283732471412,3.865159571629759
78,2016-04-27,PM,False,True,3.1666666666666665,0.0161415576094969,11.667835888961749,1.706412624716982,18.721781322885267,3.865159571629759
78,2016-04-28,PM,False,True,5.083333333333333,0.0161415576094969,9.744487950512514,2.0102674226342043,21.929078651921632,3.865159571629759
78,2016-04-29,PM,False,True,4.916666666666667,0.0161415576094969,6.805069414667628,1.37012848916763,16.96842224644948,3.865159571629759
78,2016-05-02,PM,False,True,3.583333333333333,0.0161415576094969,9.707601463003572,2.1486449447946963,13.539472317062947,3.865159571629759
78,2016-05-03,PM,False,True,4.416666666666667,0.0161415576094969,10.127361088884948,2.410529052837006,21.79923342758693,3.865159571629759
78,2016-05-04,PM,False,False,4.583333333333333,0.0161415576094969,,,19.226886472183313,3.865159571629759
78,2016-05-05,PM,False,True,4.916666666666667,0.0161415576094969,9.667735114858962,2.210000408674632,21.2840319370971,3.865159571629759
78,2016-05-06,PM,False,True,6.333333333333333,0.0161415576094969,5.832958481043798,0.971854479762756,14.315883331403557,3.865159571629759
78,2016-05-09,PM,False,True,4.75,0.0161415576094969,9.403724894185327,2.543289795706464,22.075195820987492,3.865159571629759
78,2016-05-10,PM,False,True,4.416666666666667,0.0161415576094969,14.87630573000904,3.462101839243866,28.83699839433925,3.865159571629759
78,2016-05-11,PM,False,True,4.666666666666667,0.0161415576094969,12.311469316813417,3.306904196642742,24.715434137046035,3.865159571629759
78,2016-05-12,PM,False,True,4.75,0.0161415576094969,8.92709737235454,2.2238852363861463,19.634576657649934,3.865159571629759
78,2016-05-13,AM,False,True,1.3333333333333333,0.0161415576094969,2.869709956202634,0.744930394879686,3.6194273366546685,3.865159571629759
78,2016-05-13,PM,False,True,4.583333333333333,0.0161415576094969,11.678977517685857,2.471315649125196,23.84540301066851,3.865159571629759
78,2016-05-16,PM,False,True,4.5,0.0161415576094969,13.93286708764816,2.5435826736984537,28.42229299387215,3.865159571629759
78,2016-05-17,PM,False,True,4.333333333333333,0.0161415576094969,6.694615509194166,1.91990536342575,13.047828513557834,3.865159571629759
78,2016-05-18,PM,False,True,4.583333333333333,0.0161415576094969,10.777498482525804,2.758783919944092,21.177553813849332,3.865159571629759
78,2016-05-19,PM,False,True,4.333333333333333,0.0161415576094969,10.948173210097085,2.612599574867328,18.965105088040506,3.865159571629759
78,2016-05-20,MD,False,True,4.25,0.0161415576094969,9.83387963389086,1.589071709112684,15.037446538334738,3.865159571629759
78,2016-05-23,PM,False,True,4.166666666666667,0.0161415576094969,6.5646667165905,1.469022782470218,11.841463858453894,3.865159571629759
78,2016-05-24,PM,False,True,4.166666666666667,0.0161415576094969,7.201689693613494,1.9491032242063198,17.431627974007373,3.865159571629759
78,2016-05-25,PM,False,True,5.083333333333333,0.0161415576094969,8.490667853500769,1.8822150055970759,18.139267806442323,3.865159571629759
78,2016-05-25,NT,False,True,0.5,0.0161415576094969,0.763087429448394,0.21755609775075002,1.0224826503137212,3.865159571629759
78,2016-05-26,PM,False,True,4.916666666666667,0.0161415576094969,11.167281191317747,1.798770712709514,18.049949173974955,3.865159571629759
78,2016-05-27,PM,False,True,4.833333333333333,0.0161415576094969,4.223163129613188,1.1661902273985238,11.32489444601992,3.865159571629759
78,2016-05-31,PM,False,True,3.333333333333333,0.0161415576094969,9.88909722860729,2.388645174918318,16.733053015123733,3.865159571629759
78,2016-06-01,PM,False,True,3.9166666666666665,0.0161415576094969,5.097451164846624,1.743588136405332,14.586042897281517,3.865159571629759
78,2016-06-02,PM,False,True,5.75,0.0161415576094969,11.718815513530105,2.058882433509318,21.941309138918346,3.865159571629759
78,2016-06-03,PM,False,True,5.333333333333333,0.0161415576094969,27.60889784777857,3.30046354350783,32.43738598462981,3.865159571629759
78,2016-06-03,PM,False,True,1.0833333333333333,0.0161415576094969,1.117770535017198,0.45282579504465603,5.8767576552611605,3.865159571629759
78,2016-06-06,AM,False,True,0.5833333333333334,0.0161415576094969,0.7112750180381401,0.275235804547926,1.115681965294078,3.865159571629759
78,2016-06-06,MD,False,True,1.4166666666666667,0.0161415576094969,3.318028960341162,1.09636442143737,5.6823199486190905,3.865159571629759
78,2016-06-06,PM,False,True,3.583333333333333,0.0161415576094969,4.039683339010392,1.099402333478826,6.86210052089409,3.865159571629759
78,2016-06-07,MD,False,True,4.166666666666667,0.0161415576094969,10.837280821645638,3.2523818978340238,21.715888963931693,3.865159571629759
78,2016-06-08,MD,False,True,1.0,0.0161415576094969,1.296501791583372,0.557255392891992,8.745190840062714,3.865159571629759
78,2016-06-08,PM,False,True,5.0,0.0161415576094969,11.259790670878536,2.4236578129226096,19.289269547725514,3.865159571629759
78,2016-06-09,PM,False,True,4.083333333333333,0.0161415576094969,6.084168674949594,1.557166858235448,14.390450317969739,3.865159571629759
78,2016-06-13,PM,False,True,4.75,0.0161415576094969,5.020567283803686,1.6311465857128862,13.185836105161231,3.865159571629759
78,2016-06-14,PM,False,True,4.25,0.0161415576094969,5.976812665879296,2.125826799880146,11.376072893278051,3.865159571629759
78,2016-06-15,MD,False,True,1.0,0.0161415576094969,0.5349536188165019,0.458837806416384,3.262051267714712,3.865159571629759
78,2016-06-15,PM,False,True,3.9166666666666665,0.0161415576094969,6.23787017979396,2.50551119817258,18.524636674551704,3.865159571629759
78,2016-06-16,PM,False,True,5.416666666666667,0.0161415576094969,13.188689732911781,2.886022696440762,23.31735503936942,3.865159571629759
78,2016-06-17,PM,False,True,8.666666666666666,0.0161415576094969,2.7457922577159657,1.897527586640808,13.428280572711289,3.865159571629759
78,2016-06-20,MD,False,True,1.6666666666666667,0.0161415576094969,14.239306944921738,2.6470004018508,12.126728471067183,3.865159571629759
78,2016-06-20,PM,False,True,3.75,0.0161415576094969,8.608417935835433,1.572264742438344,11.603422428896708,3.865159571629759
78,2016-06-21,PM,False,True,4.083333333333333,0.0161415576094969,10.732973628069912,2.4380049056310718,12.39866163396181,3.865159571629759
78,2016-06-22,MD,False,False,2.583333333333333,0.0161415576094969,,,19.885390367433207,3.865159571629759
78,2016-06-22,PM,False,True,0.75,0.0161415576094969,5.271714801670524,0.941782729946946,1.7120995103923224,3.865159571629759
78,2016-06-23,PM,False,False,4.75,0.0161415576094969,23.09985840831454,1.29492848968026,17.557175547237964,3.865159571629759
78,2016-06-24,PM,False,True,3.5,0.0161415576094969,3.647172585737826,0.82355501684622,8.340209921257243,3.865159571629759
78,2016-06-27,MD,False,True,0.5833333333333334,0.0161415576094969,0.503588623340208,0.30466318009904403,2.7609500874967967,3.865159571629759
78,2016-06-27,PM,False,True,3.333333333333333,0.0161415576094969,4.864770190352478,1.179771090474564,8.62404832493249,3.865159571629759
78,2016-06-28,MD,False,False,1.0833333333333333,0.0161415576094969,,,7.075220556229292,3.865159571629759
78,2016-06-28,PM,False,False,2.4166666666666665,0.0161415576094969,,,11.998839535946091,3.865159571629759
78,2016-06-29,PM,False,False,3.583333333333333,0.0161415576094969,,,17.842016789101276,3.865159571629759
78,2016-06-30,PM,False,False,4.75,0.0161415576094969,,,12.811615741979184,3.865159571629759
78,2016-07-01,PM,False,True,4.333333333333333,0.0161415576094969,5.7087270548776265,0.84137597143548,11.396516502342438,3.865159571629759
78,2016-07-01,PM,False,False,0.5833333333333334,0.0161415576094969,0.47052408728985606,0.24663239571477602,0.6384440814794506,3.865159571629759
78,2016-07-04,NT,False,False,2.083333333333333,0.0161415576094969,,,3.4055673623041276,3.865159571629759
78,2016-07-05,MD,False,False,4.75,0.0161415576094969,,,5.777570866172981,3.865159571629759
78,2016-07-06,PM,False,False,5.083333333333333,0.0161415576094969,,,25.343478057435025,3.865159571629759
78,2016-07-07,PM,False,False,3.25,0.0161415576094969,,,11.238763857396934,3.865159571629759
78,2016-07-08,PM,False,False,3.4166666666666665,0.0161415576094969,,,5.698237259962953,3.865159571629759
78,2016-07-08,PM,False,True,1.0833333333333333,0.0161415576094969,0.6980108131542959,0.393290830694586,0.7963043430584255,3.865159571629759
78,2016-07-11,PM,False,False,3.8333333333333335,0.0161415576094969,,,9.319104105282266,3.865159571629759
78,2016-07-12,PM,False,True,4.833333333333333,0.0161415576094969,8.861633974684565,1.7197552785388561,13.304859771320084,3.865159571629759
78,2016-07-13,PM,False,True,4.666666666666667,0.0161415576094969,6.971366079664493,1.7009839903884179,12.595789805763234,3.865159571629759
78,2016-07-14,PM,False,True,5.333333333333333,0.0161415576094969,7.924782156705971,1.718358241420176,,3.865159571629759
78,2016-07-15,PM,False,False,6.083333333333333,0.0161415576094969,,,13.838506087752139,3.865159571629759
78,2016-07-18,PM,False,False,2.5,0.0161415576094969,,,8.432751630154572,3.865159571629759
78,2016-07-18,PM,False,False,0.5,0.0161415576094969,,,1.899041233840551,3.865159571629759
78,2016-07-18,PM,False,True,0.5833333333333334,0.0161415576094969,0.535156269723222,0.22988081941141802,0.664920448419169,3.865159571629759
78,2016-07-19,PM,False,True,4.5,0.0161415576094969,10.225121960271625,2.06877212131545,19.38660683659373,3.865159571629759
78,2016-07-20,PM,False,True,4.083333333333333,0.0161415576094969,6.609954875143968,1.502437023876612,14.615080015100206,3.865159571629759
78,2016-07-21,PM,False,True,5.083333333333333,0.0161415576094969,10.87109571243135,1.7361929629822561,17.043129702554385,3.865159571629759
78,2016-07-22,PM,False,True,4.5,0.0161415576094969,5.839914951838728,1.212819750788412,12.966228569114351,3.865159571629759
78,2016-07-25,MD,False,True,1.6666666666666667,0.0161415576094969,1.2291398564273281,0.605842655733738,7.304770203437927,3.865159571629759
78,2016-07-25,PM,False,True,2.583333333333333,0.0161415576094969,4.604172431910132,1.9477373857509659,9.569015516578732,3.865159571629759
78,2016-07-26,PM,False,False,2.833333333333333,0.0161415576094969,,,11.034493899950506,3.865159571629759
78,2016-07-26,PM,False,True,0.9166666666666666,0.0161415576094969,1.127146024159608,0.46851096235939804,5.107883062041639,3.865159571629759
78,2016-07-28,PM,False,True,4.333333333333333,0.0161415576094969,9.859320657027641,1.6442712157352761,12.200242872682752,3.865159571629759
78,2016-07-29,PM,False,False,4.25,0.0161415576094969,,,11.13820780346101,3.865159571629759
78,2016-07-29,PM,False,True,1.6666666666666667,0.0161415576094969,0.904980016863696,0.46547075688155404,1.068885472824464,3.865159571629759
78,2016-08-01,PM,False,True,4.25,0.0161415576094969,10.85480572871718,1.871160574506528,12.982399124194488,3.865159571629759
78,2016-08-02,PM,False,False,5.25,0.0161415576094969,,,24.25628364815525,3.865159571629759
78,2016-08-03,PM,False,False,4.416666666666667,0.0161415576094969,,,17.374498605995203,3.865159571629759
78,2016-08-04,PM,False,True,5.333333333333333,0.0161415576094969,12.972633303993833,2.493015618732192,26.74391285481585,3.865159571629759
78,2016-08-05,AM,False,False,0.6666666666666666,0.0161415576094969,1.9103474040621422,0.771208409643678,2.594129405673316,3.865159571629759
78,2016-08-05,PM,False,True,4.0,0.0161415576094969,4.702232349881903,1.079038225553274,7.2560658058483956,3.865159571629759
78,2016-08-08,PM,False,True,4.083333333333333,0.0161415576094969,9.193203856018782,2.529716777672886,,3.865159571629759
78,2016-08-09,MD,False,True,0.75,0.0161415576094969,0.940988576844756,0.617466736187922,,3.865159571629759
78,2016-08-09,MD,False,True,1.4166666666666667,0.0161415576094969,1.013486718047964,0.43340781571904996,,3.865159571629759
78,2016-08-09,PM,False,True,4.416666666666667,0.0161415576094969,7.749354496646729,2.12305736795454,,3.865159571629759
78,2016-08-10,PM,False,True,4.166666666666667,0.0161415576094969,9.69734505274716,2.525424734482266,,3.865159571629759
78,2016-08-10,NT,False,True,0.8333333333333334,0.0161415576094969,1.288317086716416,0.44602362931039796,,3.865159571629759
78,2016-08-11,PM,False,True,4.583333333333333,0.0161415576094969,9.862405419834888,1.851367069227756,,3.865159571629759
78,2016-08-12,PM,False,True,6.916666666666667,0.0161415576094969,11.547723955647841,2.9066908817826,,3.865159571629759
78,2016-08-15,PM,False,True,6.333333333333333,0.0161415576094969,9.773375591049438,1.84477866741522,18.921386796763873,3.865159571629759
78,2016-08-16,PM,False,True,4.25,0.0161415576094969,9.98048015046852,2.0173613365716903,13.617425228185114,3.865159571629759
78,2016-08-17,PM,False,True,4.833333333333333,0.0161415576094969,12.601431355460527,2.759866173183654,28.461486561288343,3.865159571629759
78,2016-08-18,PM,False,True,4.25,0.0161415576094969,12.483680456473927,2.751212412712062,,3.865159571629759
78,2016-08-19,MD,False,True,0.5,0.0161415576094969,0.8706725113035659,0.384841806206238,,3.865159571629759
78,2016-08-19,PM,False,True,5.0,0.0161415576094969,6.943097626144416,1.6789849541106658,12.92923476484164,3.865159571629759
78,2016-08-22,MD,False,True,0.5,0.0161415576094969,0.494494918809858,0.327222914406678,4.308264251975745,3.865159571629759
78,2016-08-22,PM,False,True,4.083333333333333,0.0161415576094969,8.546080858004682,2.119925813481558,13.753411215197689,3.865159571629759
78,2016-08-23,PM,False,True,5.166666666666667,0.0161415576094969,16.779769091693083,2.899988962158186,22.361753490913205,3.865159571629759
78,2016-08-24,PM,False,True,5.666666666666667,0.0161415576094969,9.749284321208172,2.064467083384542,13.00279522819318,3.865159571629759
78,2016-08-25,PM,False,True,5.416666666666667,0.0161415576094969,9.924276162181325,2.572595738794098,22.493823242722346,3.865159571629759
78,2016-08-26,PM,False,True,6.083333333333333,0.0161415576094969,5.799134123579634,1.4405461229196,16.191998575261994,3.865159571629759
78,2016-08-29,PM,False,True,4.583333333333333,0.0161415576094969,10.772814954645366,1.8777571932810901,4.872016217762381,3.865159571629759
78,2016-08-30,PM,False,True,4.833333333333333,0.0161415576094969,9.556792257716099,2.296652919917994,,3.865159571629759
78,2016-08-31,PM,False,True,5.416666666666667,0.0161415576094969,12.40429661279883,2.6910723103520464,,3.865159571629759
78,2016-09-01,PM,False,True,5.833333333333333,0.0161415576094969,13.744870598730012,3.742823115363432,,3.865159571629759
78,2016-09-02,PM,False,True,6.916666666666667,0.0161415576094969,8.115084330628326,1.7961586252603319,,3.865159571629759
78,2016-09-05,PM,False,True,0.5,0.0161415576094969,0.667472203992492,0.237381881684508,,3.865159571629759
78,2016-09-06,MD,False,True,1.25,0.0161415576094969,3.314062970134944,1.4774820786448022,,3.865159571629759
78,2016-09-06,PM,False,True,4.5,0.0161415576094969,8.892134844792624,1.671708460157892,,3.865159571629759
78,2016-09-07,PM,False,True,4.5,0.0161415576094969,7.6138958500301825,1.341880999969902,,3.865159571629759
78,2016-09-08,MD,False,False,1.1666666666666667,0.0161415576094969,,,,3.865159571629759
78,2016-09-08,PM,False,True,3.6666666666666665,0.0161415576094969,11.094333611099593,3.468616793058756,,3.865159571629759
78,2016-09-09,PM,False,True,6.333333333333333,0.0161415576094969,9.653925422486441,1.982878496437068,,3.865159571629759
78,2016-09-12,PM,False,True,4.583333333333333,0.0161415576094969,10.958840186985558,2.004777356433204,,3.865159571629759
78,2016-09-13,PM,False,True,5.166666666666667,0.0161415576094969,9.029527570022838,2.25583379519706,,3.865159571629759
78,2016-09-14,PM,False,True,5.666666666666667,0.0161415576094969,19.107316067240106,3.9540786352929422,,3.865159571629759
78,2016-09-15,PM,False,True,5.916666666666667,0.0161415576094969,16.55352674545072,3.297885418750542,,3.865159571629759
78,2016-09-16,PM,False,True,5.666666666666667,0.0161415576094969,3.3068223387460622,0.94406207493147,,3.865159571629759
78,2016-09-19,PM,False,True,4.083333333333333,0.0161415576094969,10.831175226538837,2.472808906103976,,3.865159571629759
78,2016-09-20,PM,False,True,5.5,0.0161415576094969,14.921220829144783,2.46219401011854,,3.865159571629759
78,2016-09-21,PM,False,True,5.916666666666667,0.0161415576094969,10.24608782421858,2.8248311847731817,,3.865159571629759
78,2016-09-22,MD,False,True,0.6666666666666666,0.0161415576094969,0.697052256778164,0.473588563937922,,3.865159571629759
78,2016-09-22,PM,False,True,6.416666666666667,0.0161415576094969,25.4635065434307,3.675682075868694,,3.865159571629759
78,2016-09-23,PM,False,True,6.25,0.0161415576094969,13.533957136315841,3.159282800558298,,3.865159571629759
78,2016-09-26,PM,False,True,4.333333333333333,0.0161415576094969,6.213850996363013,1.4325635321638261,,3.865159571629759
78,2016-09-27,PM,False,True,4.833333333333333,0.0161415576094969,23.553358395282523,3.111597052117578,22.544026673701882,3.865159571629759
78,2016-09-28,PM,False,True,5.083333333333333,0.0161415576094969,11.619358395282283,2.5721646588772322,22.867290176256763,3.865159571629759
78,2016-09-29,PM,False,True,5.25,0.0161415576094969,15.900533596112053,2.650939673166576,24.18001107836007,3.865159571629759
78,2016-09-29,NT,False,True,0.6666666666666666,0.0161415576094969,1.088340796655046,0.395436862422606,1.3352665871857443,3.865159571629759
78,2016-09-30,PM,False,True,5.0,0.0161415576094969,12.414490670414574,1.9946004633602819,22.997067021299475,3.865159571629759
78,2016-09-30,NT,False,True,1.1666666666666667,0.0161415576094969,1.2418833996648242,0.34230194128576197,4.741128728492628,3.865159571629759
78,2016-10-03,PM,False,True,5.75,0.0161415576094969,13.272455695972837,3.795400000246278,29.007726604364965,3.865159571629759
78,2016-10-04,PM,False,True,4.833333333333333,0.0161415576094969,14.176614099966612,3.2482926003100383,24.135133726362117,3.865159571629759
78,2016-10-05,PM,False,True,6.083333333333333,0.0161415576094969,10.247506543430399,2.8183812179851984,25.095654833959404,3.865159571629759
78,2016-10-06,PM,False,True,4.666666666666667,0.0161415576094969,9.054168270418128,2.684256321602688,23.15268586191154,3.865159571629759
78,2016-10-07,PM,False,True,6.333333333333333,0.0161415576094969,10.351761320500469,2.1665835206578317,21.58602694256496,3.865159571629759
78,2016-10-10,PM,False,True,2.5,0.0161415576094969,1.496374558941996,0.58923103309281,1.1561197661406357,3.865159571629759
78,2016-10-11,PM,False,True,4.75,0.0161415576094969,8.003842893948528,1.899380352634266,8.142946436441052,3.865159571629759
78,2016-10-12,PM,False,True,5.333333333333333,0.0161415576094969,12.372614415150563,2.667315804434238,19.724511741192234,3.865159571629759
78,2016-10-13,MD,False,True,0.75,0.0161415576094969,1.209326367532908,0.573052276648242,,3.865159571629759
78,2016-10-13,PM,False,True,5.083333333333333,0.0161415576094969,12.99321890514282,3.319852217328354,17.819212034362497,3.865159571629759
78,2016-10-14,PM,False,True,3.6666666666666665,0.0161415576094969,4.6802696250089095,1.1773668599834701,,3.865159571629759
78,2016-10-17,PM,False,True,5.166666666666667,0.0161415576094969,13.0919991542679,3.389923967873646,,3.865159571629759
78,2016-10-18,PM,False,True,3.6666666666666665,0.0161415576094969,9.535506543430392,3.00958840760916,12.604769332614596,3.865159571629759
78,2016-10-19,PM,False,True,5.25,0.0161415576094969,10.580233816157683,2.289435086311512,20.869899719742282,3.865159571629759
78,2016-10-20,PM,True,True,5.166666666666667,0.0161415576094969,17.33475564090347,3.20862700822953,15.764707684446027,3.865159571629759
78,2016-10-21,PM,True,False,5.666666666666667,0.0161415576094969,,,,3.865159571629759
78,2016-10-24,PM,True,True,4.333333333333333,0.0161415576094969,5.618683014018545,1.441907639776284,,3.865159571629759
78,2016-10-25,PM,True,True,5.166666666666667,0.0161415576094969,14.672458924382868,2.191363537364226,13.112592251021924,3.865159571629759
78,2016-10-26,MD,True,True,6.25,0.0161415576094969,12.142326215561585,3.058821716217732,16.454596594574102,3.865159571629759
78,2016-10-27,PM,True,True,5.75,0.0161415576094969,9.496037567961414,1.861193813199036,22.414760903745634,3.865159571629759
78,2016-10-28,MD,True,True,4.5,0.0161415576094969,4.221365613099162,1.344166390189458,12.899007114235717,3.865159571629759
78,2016-10-28,NT,True,True,0.5833333333333334,0.0161415576094969,1.34895347371749,0.588761502339384,,3.865159571629759
78,2016-10-31,PM,True,True,4.416666666666667,0.0161415576094969,10.112676134073672,3.202579232306706,,3.865159571629759
78,2016-11-01,PM,True,True,4.666666666666667,0.0161415576094969,12.237339876763777,2.6326597252087742,22.52097045067595,3.865159571629759
78,2016-11-02,PM,True,True,5.166666666666667,0.0161415576094969,19.99790654343059,3.042271399347552,32.55068691430205,3.865159571629759
78,2016-11-03,PM,True,False,5.666666666666667,0.0161415576094969,,,31.81677348830222,3.865159571629759
78,2016-11-04,PM,True,True,5.416666666666667,0.0161415576094969,8.317097819185571,1.7067387897120239,15.974193499172618,3.865159571629759
78,2016-11-07,PM,True,True,4.916666666666667,0.0161415576094969,9.847861777507152,1.9761681408377638,5.310857967855734,3.865159571629759
78,2016-11-08,PM,True,False,5.75,0.0161415576094969,,,26.454435718068243,3.865159571629759
78,2016-11-09,PM,True,True,5.916666666666667,0.0161415576094969,10.551921442063128,2.105038111733238,11.363169543266325,3.865159571629759
78,2016-11-10,PM,True,True,6.166666666666667,0.0161415576094969,19.30238373641304,2.741006948210838,,3.865159571629759
78,2016-11-11,MD,True,True,4.833333333333333,0.0161415576094969,3.621066774562554,0.926141698253244,,3.865159571629759
78,2016-11-14,PM,True,True,4.333333333333333,0.0161415576094969,10.183918118993105,2.4285361273168977,,3.865159571629759
78,2016-11-15,NT,True,False,0.6666666666666666,0.0161415576094969,4.7100025470326825,1.507886808545814,,3.865159571629759
78,2016-11-15,NT,True,False,0.6666666666666666,0.0161415576094969,1.48412632442133,0.528816619897032,,3.865159571629759
78,2016-11-15,PM,True,True,5.166666666666667,0.0161415576094969,10.093795100644332,2.54460191370558,,3.865159571629759
78,2016-11-16,PM,True,True,6.0,0.0161415576094969,14.888296666887282,2.5005952888739698,,3.865159571629759
78,2016-11-17,PM,True,True,4.75,0.0161415576094969,11.961435621444624,2.853601730433618,,3.865159571629759
78,2016-11-18,PM,True,True,6.416666666666667,0.0161415576094969,14.709932772938688,3.6944439830557623,,3.865159571629759
78,2016-11-21,MD,True,True,1.0,0.0161415576094969,6.536063379852336,1.782691034180382,,3.865159571629759
78,2016-11-21,PM,True,True,5.333333333333333,0.0161415576094969,14.392032859219956,4.49516635213467,,3.865159571629759
78,2016-11-22,PM,True,False,5.583333333333333,0.0161415576094969,,,,3.865159571629759
78,2016-11-23,PM,True,True,9.083333333333334,0.0161415576094969,8.6378299099863,2.279673640472088,,3.865159571629759
78,2016-11-28,MD,True,True,0.5833333333333334,0.0161415576094969,1.323008737583982,0.45654344700501603,2.1500158135191487,3.865159571629759
78,2016-11-28,PM,True,True,5.333333333333333,0.0161415576094969,15.63266433988242,4.073852234233848,7.330887297757458,3.865159571629759
78,2016-11-29,PM,True,True,5.583333333333333,0.0161415576094969,16.000538801495033,4.482313522699974,14.214933175730467,3.865159571629759
78,2016-11-30,PM,True,True,5.75,0.0161415576094969,15.56528881054611,3.922885848096594,,3.865159571629759
78,2016-12-01,PM,True,True,5.5,0.0161415576094969,13.582150482824407,4.477567643744166,,3.865159571629759
78,2016-12-02,PM,True,True,6.0,0.0161415576094969,11.07039199234683,3.026346073933404,,3.865159571629759
78,2016-12-05,PM,True,False,4.916666666666667,0.0161415576094969,,,,3.865159571629759
78,2016-12-06,PM,True,True,5.166666666666667,0.0161415576094969,11.962287621538248,3.703489021348644,,3.865159571629759
78,2016-12-07,PM,True,True,4.75,0.0161415576094969,16.88330125825555,3.818550287358414,,3.865159571629759
78,2016-12-08,PM,True,True,5.75,0.0161415576094969,17.363978026320275,4.1294832202758665,,3.865159571629759
78,2016-12-09,PM,True,True,5.666666666666667,0.0161415576094969,17.12239383359841,3.5839386097791603,,3.865159571629759
78,2016-12-12,PM,True,True,4.666666666666667,0.0161415576094969,15.57178968371365,3.9793484903595004,,3.865159571629759
78,2016-12-13,PM,True,False,4.833333333333333,0.0161415576094969,,,,3.865159571629759
78,2016-12-14,PM,True,True,5.75,0.0161415576094969,15.512617654541616,3.69807466713327,,3.865159571629759
78,2016-12-15,PM,True,True,5.583333333333333,0.0161415576094969,14.660059358693399,3.193699762222254,,3.865159571629759
78,2016-12-16,PM,True,True,5.416666666666667,0.0161415576094969,8.759413483116456,2.6982746233221957,,3.865159571629759
78,2016-12-19,PM,True,True,5.083333333333333,0.0161415576094969,17.130930411743297,3.9202932999863402,,3.865159571629759
78,2016-12-20,MD,True,True,0.5,0.0161415576094969,0.45319639338141,0.253856311445988,,3.865159571629759
78,2016-12-20,PM,True,True,4.5,0.0161415576094969,12.530282053634533,3.147962773211292,,3.865159571629759
78,2016-12-21,PM,True,True,5.5,0.0161415576094969,15.257269255294908,3.1574840139997202,,3.865159571629759
78,2016-12-22,PM,True,True,5.083333333333333,0.0161415576094969,8.129104269087787,2.853550282570974,,3.865159571629759
78,2016-12-23,MD,True,True,5.583333333333333,0.0161415576094969,2.919873890369034,0.919859979214398,,3.865159571629759
78,2016-12-27,PM,True,True,5.25,0.0161415576094969,14.40812992005386,5.069976048566352,,3.865159571629759
78,2016-12-28,PM,True,True,4.166666666666667,0.0161415576094969,6.21978744771123,1.834443639742674,,3.865159571629759
78,2016-12-29,PM,True,True,4.666666666666667,0.0161415576094969,6.197607493614318,2.163425733024774,,3.865159571629759
78,2016-12-30,MD,True,True,4.0,0.0161415576094969,1.7902312097673598,0.752147931978258,,3.865159571629759
84,2016-01-04,MD,False,True,0.9166666666666666,0.0166805341116476,1.135458665166966,0.5118504890022659,2.502660474724701,3.865159571629759
84,2016-01-04,PM,False,True,3.8333333333333335,0.0166805341116476,10.751774700797148,3.194324466710952,36.31734750115308,3.865159571629759
84,2016-01-05,PM,False,True,7.25,0.0166805341116476,13.223102912650685,3.3524402974165017,36.378328666460874,3.865159571629759
84,2016-01-06,PM,False,True,4.166666666666667,0.0166805341116476,7.828281747816048,2.282498306636682,20.886507383746196,3.865159571629759
84,2016-01-07,AM,False,True,0.5,0.0166805341116476,1.0539909886007819,0.379549602897366,2.5811280267613927,3.865159571629759
84,2016-01-07,AM,False,True,0.9166666666666666,0.0166805341116476,0.621547448871264,0.481779683240664,2.9781431752400938,3.865159571629759
84,2016-01-07,PM,False,True,3.75,0.0166805341116476,9.021138921043045,2.864963499401766,26.339385576510796,3.865159571629759
84,2016-01-08,MD,False,True,0.5833333333333334,0.0166805341116476,0.854348588938554,0.43376581550637,3.292989744430928,3.865159571629759
84,2016-01-08,MD,False,True,4.583333333333333,0.0166805341116476,7.978865467526922,2.8109305989648603,21.31758327201469,3.865159571629759
84,2016-01-11,AM,False,True,1.1666666666666667,0.0166805341116476,2.741260136551242,1.236642972836148,5.5752415623593325,3.865159571629759
84,2016-01-11,MD,False,False,1.0833333333333333,0.0166805341116476,,,6.587758636054149,3.865159571629759
84,2016-01-11,PM,False,True,2.5,0.0166805341116476,8.397462288276474,2.801239480377018,15.000043054983099,3.865159571629759
84,2016-01-12,PM,False,True,5.416666666666667,0.0166805341116476,10.491675889809036,3.524515959123612,39.74383905125622,3.865159571629759
84,2016-01-13,NT,False,False,0.5833333333333334,0.0166805341116476,,,0.6328415378595126,3.865159571629759
84,2016-01-13,PM,False,True,4.916666666666667,0.0166805341116476,9.421928516681389,2.8447081021874343,26.31750278905736,3.865159571629759
84,2016-01-14,PM,False,True,6.083333333333333,0.0166805341116476,10.864573848992706,3.1402500992575804,38.244024107008784,3.865159571629759
84,2016-01-15,MD,False,True,2.25,0.0166805341116476,2.92881527006199,1.722819241483326,7.383586101011462,3.865159571629759
84,2016-01-15,PM,False,True,6.166666666666667,0.0166805341116476,8.389343501890446,2.922578462635782,27.220201409535196,3.865159571629759
84,2016-01-18,PM,False,True,3.25,0.0166805341116476,3.293124125246826,0.83825408565573,8.418396988610242,3.865159571629759
84,2016-01-19,PM,False,True,5.25,0.0166805341116476,8.664709207426517,2.413880559257136,27.045776403711788,3.865159571629759
84,2016-01-20,PM,False,True,4.833333333333333,0.0166805341116476,11.297956057390314,3.032989549522758,29.639625831322878,3.865159571629759
84,2016-01-20,NT,False,True,1.1666666666666667,0.0166805341116476,4.939961074211029,1.853575186042644,4.964537111728278,3.865159571629759
84,2016-01-21,PM,False,True,4.916666666666667,0.0166805341116476,7.724472203946606,2.756745488767716,26.99200043963197,3.865159571629759
84,2016-01-22,PM,False,True,6.0,0.0166805341116476,7.630026880817418,1.823966103009018,16.780048599524395,3.865159571629759
84,2016-01-25,PM,False,True,4.333333333333333,0.0166805341116476,11.282320942156213,3.55166445712425,31.3714333451661,3.865159571629759
84,2016-01-26,PM,False,True,6.0,0.0166805341116476,8.53513108694166,2.837803775426922,21.460710826346432,3.865159571629759
84,2016-01-27,PM,False,True,4.583333333333333,0.0166805341116476,9.808834157646919,2.817936865917906,24.29688591845336,3.865159571629759
84,2016-01-28,MD,False,True,4.833333333333333,0.0166805341116476,4.605489876991465,1.516254570004092,10.76760573785103,3.865159571629759
84,2016-01-29,PM,False,False,4.833333333333333,0.0166805341116476,,,17.84159721719094,3.865159571629759
84,2016-02-01,PM,False,True,3.583333333333333,0.0166805341116476,6.5640501721461,2.357939781541302,16.79447673665594,3.865159571629759
84,2016-02-02,PM,False,True,5.333333333333333,0.0166805341116476,9.023789142638082,2.9007253096887182,34.35922438340286,3.865159571629759
84,2016-02-03,PM,False,True,5.166666666666667,0.0166805341116476,7.681600505269265,3.11111296695957,26.52826564532079,3.865159571629759
84,2016-02-04,PM,False,True,5.5,0.0166805341116476,7.851347365065816,2.686211703827034,27.12061455453105,3.865159571629759
84,2016-02-08,PM,False,True,4.083333333333333,0.0166805341116476,5.643041418834642,2.197013261576832,15.144794383873919,3.865159571629759
84,2016-02-09,PM,False,True,4.5,0.0166805341116476,8.299567904377428,2.839849878829422,22.53932395566375,3.865159571629759
84,2016-02-10,PM,False,True,5.0,0.0166805341116476,10.754362492550245,2.618831829880302,23.71538403751069,3.865159571629759
84,2016-02-11,PM,False,True,5.833333333333333,0.0166805341116476,8.22469592077437,2.9572801280512264,29.57045370695015,3.865159571629759
84,2016-02-12,MD,False,True,1.1666666666666667,0.0166805341116476,1.32670100917761,0.412300439585544,1.8275081801394126,3.865159571629759
84,2016-02-12,PM,False,True,6.25,0.0166805341116476,10.033082544048431,2.7922551148741617,25.610864212817166,3.865159571629759
84,2016-02-15,PM,False,True,4.666666666666667,0.0166805341116476,6.458251829210725,1.5681018297817322,13.180609476027898,3.865159571629759
84,2016-02-16,PM,False,True,5.25,0.0166805341116476,10.872928409574863,3.05447232771054,32.33106719036927,3.865159571629759
84,2016-02-17,PM,False,True,4.416666666666667,0.0166805341116476,8.745562735636481,2.8672088918895,24.22469282397616,3.865159571629759
84,2016-02-18,PM,False,True,6.166666666666667,0.0166805341116476,8.462429402378346,2.559496829543118,23.88856440212459,3.865159571629759
84,2016-02-19,PM,False,True,5.916666666666667,0.0166805341116476,6.281160441564023,2.3611767141550324,20.266734930087313,3.865159571629759
84,2016-02-22,PM,False,True,5.25,0.0166805341116476,9.505058700235331,3.121078594164186,27.41225676538564,3.865159571629759
84,2016-02-23,MD,False,True,0.5833333333333334,0.0166805341116476,1.9479117668580122,0.387023277154482,3.1403370130744594,3.865159571629759
84,2016-02-23,MD,False,True,0.5833333333333334,0.0166805341116476,0.668607929236578,0.310143721368834,2.155546447070174,3.865159571629759
84,2016-02-23,PM,False,True,4.5,0.0166805341116476,8.113053032666189,2.800691271149886,21.473030514148608,3.865159571629759
84,2016-02-24,PM,False,True,6.666666666666667,0.0166805341116476,9.219120869298967,2.809206470119074,32.70888494067444,3.865159571629759
84,2016-02-25,MD,False,True,0.75,0.0166805341116476,0.6134907855201359,0.315819510888666,1.3622207578454653,3.865159571629759
84,2016-02-25,PM,False,True,5.083333333333333,0.0166805341116476,9.273878002445317,2.594462942577486,23.56030379132081,3.865159571629759
84,2016-02-26,PM,False,True,7.666666666666667,0.0166805341116476,10.530748937534256,2.6729327189726937,26.80953145482272,3.865159571629759
84,2016-02-29,PM,False,True,5.416666666666667,0.0166805341116476,7.286477983696248,2.590873382697678,20.470313732172105,3.865159571629759
84,2016-03-01,PM,False,True,5.416666666666667,0.0166805341116476,8.465923334905806,2.301994070454918,26.59482435344872,3.865159571629759
84,2016-03-02,MD,False,True,0.75,0.0166805341116476,0.7222052712307799,0.3560711047767,1.711083710646884,3.865159571629759
84,2016-03-02,PM,False,False,5.333333333333333,0.0166805341116476,,,24.819713336853457,3.865159571629759
84,2016-03-03,PM,False,True,6.0,0.0166805341116476,8.289492277625437,2.716571042967618,22.329883088823852,3.865159571629759
84,2016-03-04,MD,False,True,0.5833333333333334,0.0166805341116476,1.793766526367244,0.620969978088174,4.749269554895912,3.865159571629759
84,2016-03-04,PM,False,True,6.166666666666667,0.0166805341116476,8.949801822742925,2.822810783172396,25.44730620315983,3.865159571629759
84,2016-03-07,MD,False,True,1.0833333333333333,0.0166805341116476,4.46521107882168,1.271173394943198,5.56950097225238,3.865159571629759
84,2016-03-07,MD,False,True,5.166666666666667,0.0166805341116476,6.659571840194364,1.977516440268492,16.973388595470258,3.865159571629759
84,2016-03-08,PM,False,True,5.5,0.0166805341116476,9.95177932599216,2.657320828832796,27.687220747783048,3.865159571629759
84,2016-03-09,MD,False,False,1.8333333333333333,0.0166805341116476,,,9.466783963334551,3.865159571629759
84,2016-03-09,PM,False,False,0.8333333333333334,0.0166805341116476,,,23.48524306852811,3.865159571629759
84,2016-03-11,PM,False,True,6.916666666666667,0.0166805341116476,4.3980477061064525,2.057111062857918,16.894349782833675,3.865159571629759
84,2016-03-14,PM,False,True,4.416666666666667,0.0166805341116476,9.254281005716315,3.002733406093098,27.69427552061062,3.865159571629759
84,2016-03-15,PM,False,True,5.25,0.0166805341116476,8.233733429491584,2.7548762886069658,22.469821293125012,3.865159571629759
84,2016-03-15,PM,False,True,0.5833333333333334,0.0166805341116476,2.14058818936968,0.51828210960117,7.924537274531163,3.865159571629759
84,2016-03-16,PM,False,True,4.75,0.0166805341116476,8.228164695972113,3.306897326467266,27.219896646975048,3.865159571629759
84,2016-03-17,PM,False,True,6.0,0.0166805341116476,10.208346021711563,3.610337918766186,35.484354847620466,3.865159571629759
84,2016-03-18,PM,False,True,7.166666666666667,0.0166805341116476,6.342469147056852,2.919776448096276,20.76153632898654,3.865159571629759
84,2016-03-21,PM,False,True,4.083333333333333,0.0166805341116476,6.843903164798082,2.004396755681262,17.41302450353297,3.865159571629759
84,2016-03-22,PM,False,True,5.75,0.0166805341116476,9.850199981770855,3.395636142148722,29.337734412131642,3.865159571629759
84,2016-03-23,MD,False,True,0.5833333333333334,0.0166805341116476,1.510060545436344,0.410901807870522,2.047501202230764,3.865159571629759
84,2016-03-23,PM,False,True,6.916666666666667,0.0166805341116476,9.414302528870461,2.450932951467078,20.61500241211812,3.865159571629759
84,2016-03-24,MD,False,True,0.5,0.0166805341116476,1.18990968145719,0.416684805409884,1.9320841865825304,3.865159571629759
84,2016-03-24,PM,False,True,6.333333333333333,0.0166805341116476,10.75375391821338,3.4357323860622357,29.74231718768083,3.865159571629759
84,2016-03-25,PM,False,True,6.5,0.0166805341116476,5.0288620369952035,1.66748101012716,10.760291182571693,3.865159571629759
84,2016-03-28,MD,False,True,0.5,0.0166805341116476,0.704192603091348,0.247704591590418,1.6451152815110408,3.865159571629759
84,2016-03-28,PM,False,True,5.333333333333333,0.0166805341116476,10.760284836417984,3.169287744461502,25.41161781692809,3.865159571629759
84,2016-03-29,PM,False,True,5.833333333333333,0.0166805341116476,10.503103771106483,4.093557699163458,24.90480175534822,3.865159571629759
84,2016-03-30,PM,False,True,7.0,0.0166805341116476,8.20278637435374,2.7778263186926697,26.756559040788392,3.865159571629759
84,2016-03-31,MD,False,True,0.5833333333333334,0.0166805341116476,0.8034741637745281,0.306861357725184,1.961701002988912,3.865159571629759
84,2016-03-31,PM,False,True,4.916666666666667,0.0166805341116476,9.396274060961556,2.836856411073204,22.315574479598812,3.865159571629759
84,2016-04-01,PM,False,True,4.75,0.0166805341116476,8.233971562642932,2.51385437266431,21.808759488256815,3.865159571629759
84,2016-04-04,PM,False,True,5.166666666666667,0.0166805341116476,7.621588324470726,2.3460191167281184,19.253959358492825,3.865159571629759
84,2016-04-05,PM,False,True,5.0,0.0166805341116476,8.999969912284884,2.6384814436089243,27.68236422882838,3.865159571629759
84,2016-04-06,PM,False,True,4.916666666666667,0.0166805341116476,9.513174178013214,2.553513259412682,24.076059004457466,3.865159571629759
84,2016-04-06,PM,False,True,1.25,0.0166805341116476,3.71271337866228,1.850715717254394,4.1647351840310325,3.865159571629759
84,2016-04-07,PM,False,True,5.25,0.0166805341116476,7.2562089591421195,2.103806154487866,18.37099095580287,3.865159571629759
84,2016-04-07,PM,False,True,0.75,0.0166805341116476,3.701976381418692,1.094667579377334,7.780755216279987,3.865159571629759
84,2016-04-08,MD,False,True,0.5,0.0166805341116476,1.00013264296233,0.348012689374692,1.4244669838483919,3.865159571629759
84,2016-04-08,PM,False,True,5.916666666666667,0.0166805341116476,8.139941203039879,2.462609803939344,21.525082561261915,3.865159571629759
84,2016-04-11,PM,False,True,4.25,0.0166805341116476,5.1985388906539205,2.0338462013464382,16.582553056572298,3.865159571629759
84,2016-04-12,PM,False,True,4.833333333333333,0.0166805341116476,10.33098262511577,3.683688537507336,34.05553228229935,3.865159571629759
84,2016-04-13,PM,False,True,5.333333333333333,0.0166805341116476,10.00774034387349,2.3739300698682,21.273246643229502,3.865159571629759
84,2016-04-14,PM,False,True,5.833333333333333,0.0166805341116476,8.019506972490875,2.707734751233822,22.52198915019216,3.865159571629759
84,2016-04-14,NT,False,True,0.5,0.0166805341116476,1.182453614032152,0.299471632990104,1.3351553896937833,3.865159571629759
84,2016-04-15,PM,False,True,6.5,0.0166805341116476,7.601700819208212,2.197985312160792,19.252590597335715,3.865159571629759
84,2016-04-18,PM,False,True,5.166666666666667,0.0166805341116476,9.37559578299996,2.1014383756442943,17.683799190837153,3.865159571629759
84,2016-04-19,PM,False,True,4.666666666666667,0.0166805341116476,6.384330472830132,1.903742539319112,13.104436407099358,3.865159571629759
84,2016-04-20,PM,False,True,5.666666666666667,0.0166805341116476,8.229708523476546,2.341766552969088,23.67448706671988,3.865159571629759
84,2016-04-21,PM,False,True,5.25,0.0166805341116476,9.185115832088982,2.535710303370072,19.39538362045278,3.865159571629759
84,2016-04-21,NT,False,False,1.0833333333333333,0.0166805341116476,,,1.6938836246506543,3.865159571629759
84,2016-04-22,NT,False,False,0.5833333333333334,0.0166805341116476,,,0.4658770742937063,3.865159571629759
84,2016-04-22,NT,False,False,0.5833333333333334,0.0166805341116476,,,0.5001851612184344,3.865159571629759
84,2016-04-22,NT,False,False,0.5833333333333334,0.0166805341116476,,,0.21967335186921677,3.865159571629759
84,2016-04-22,PM,False,True,6.0,0.0166805341116476,7.675624409757563,2.5561171856608143,16.972581241938176,3.865159571629759
84,2016-04-25,PM,False,True,5.666666666666667,0.0166805341116476,6.177622552532112,1.6704361870230782,10.320500980951637,3.865159571629759
84,2016-04-26,PM,False,True,5.25,0.0166805341116476,7.360406194609903,2.538254901999468,21.162283732471412,3.865159571629759
84,2016-04-27,NT,False,False,0.5833333333333334,0.0166805341116476,,,0.23134093006838274,3.865159571629759
84,2016-04-27,PM,False,True,5.333333333333333,0.0166805341116476,6.97345188508839,2.479951891114038,18.721781322885267,3.865159571629759
84,2016-04-28,PM,False,True,5.0,0.0166805341116476,10.260845226028373,2.8785918656007956,21.929078651921632,3.865159571629759
84,2016-04-29,MD,False,True,0.9166666666666666,0.0166805341116476,1.0667259547946821,0.507700163361744,2.0346545322396086,3.865159571629759
84,2016-04-29,PM,False,True,4.5,0.0166805341116476,8.805472301127192,2.524919092961448,16.96842224644948,3.865159571629759
84,2016-05-02,PM,False,True,4.0,0.0166805341116476,6.6776346322069315,2.667673746055326,13.539472317062947,3.865159571629759
84,2016-05-03,PM,False,True,4.75,0.0166805341116476,8.927904371812168,2.56017469203147,21.79923342758693,3.865159571629759
84,2016-05-04,PM,False,False,4.916666666666667,0.0166805341116476,,,19.226886472183313,3.865159571629759
84,2016-05-05,PM,False,True,5.333333333333333,0.0166805341116476,8.582589681273731,2.868875524378122,21.2840319370971,3.865159571629759
84,2016-05-06,PM,False,False,5.666666666666667,0.0166805341116476,,,14.315883331403557,3.865159571629759
84,2016-05-09,PM,False,True,4.583333333333333,0.0166805341116476,9.329229718006987,2.67020365685475,22.075195820987492,3.865159571629759
84,2016-05-10,PM,False,True,5.583333333333333,0.0166805341116476,11.81127539131763,2.848195077002442,28.83699839433925,3.865159571629759
84,2016-05-11,PM,False,True,5.166666666666667,0.0166805341116476,9.264724854027499,3.0975055841916603,24.715434137046035,3.865159571629759
84,2016-05-12,MD,False,True,1.1666666666666667,0.0166805341116476,2.395272658442472,0.549654876356634,2.732707303375486,3.865159571629759
84,2016-05-12,PM,False,True,4.5,0.0166805341116476,6.927872563876782,2.9019953172634563,19.634576657649934,3.865159571629759
84,2016-05-13,AM,False,True,1.0833333333333333,0.0166805341116476,1.6680466264699199,0.77917696455996,3.6194273366546685,3.865159571629759
84,2016-05-13,PM,False,True,5.416666666666667,0.0166805341116476,9.097758652924062,2.5795683823640583,23.84540301066851,3.865159571629759
84,2016-05-16,PM,False,True,4.666666666666667,0.0166805341116476,11.346203247418746,2.748007133907318,28.42229299387215,3.865159571629759
84,2016-05-17,PM,False,True,4.75,0.0166805341116476,4.91759603384127,2.1325039413048543,13.047828513557834,3.865159571629759
84,2016-05-18,PM,False,True,5.75,0.0166805341116476,8.001157749219473,2.529138480868728,21.177553813849332,3.865159571629759
84,2016-05-19,PM,False,True,6.166666666666667,0.0166805341116476,8.45744195798495,2.211058306027044,18.965105088040506,3.865159571629759
84,2016-05-20,MD,False,True,0.6666666666666666,0.0166805341116476,1.3165992800522521,0.48216663395140796,2.528521036500864,3.865159571629759
84,2016-05-20,MD,False,True,4.666666666666667,0.0166805341116476,12.047891004710712,2.446861843811766,15.037446538334738,3.865159571629759
84,2016-05-23,PM,False,True,4.5,0.0166805341116476,5.52476767240224,1.929434935497228,11.841463858453894,3.865159571629759
84,2016-05-24,PM,False,True,4.666666666666667,0.0166805341116476,7.541457726028385,2.48199062290452,17.431627974007373,3.865159571629759
84,2016-05-25,PM,False,True,5.666666666666667,0.0166805341116476,7.6594701736613935,2.354108237793966,18.139267806442323,3.865159571629759
84,2016-05-26,PM,False,True,5.333333333333333,0.0166805341116476,6.649545532125564,2.4316901144807703,18.049949173974955,3.865159571629759
84,2016-05-27,MD,False,True,5.0,0.0166805341116476,4.679170447981584,2.050149525364104,11.32489444601992,3.865159571629759
84,2016-05-31,PM,False,True,5.166666666666667,0.0166805341116476,5.562668761381926,2.351496550613076,16.733053015123733,3.865159571629759
84,2016-06-01,PM,False,True,4.833333333333333,0.0166805341116476,5.989203363583716,1.903244824237794,14.586042897281517,3.865159571629759
84,2016-06-02,PM,False,True,5.666666666666667,0.0166805341116476,8.291345373325175,2.618395755845634,21.941309138918346,3.865159571629759
84,2016-06-03,MD,False,True,5.333333333333333,0.0166805341116476,10.235397838358574,3.318241456292808,32.43738598462981,3.865159571629759
84,2016-06-06,MD,False,True,1.75,0.0166805341116476,2.9406933128520603,0.9506486345453279,5.6823199486190905,3.865159571629759
84,2016-06-06,PM,False,True,3.25,0.0166805341116476,3.8526813778555975,1.264921931858106,6.86210052089409,3.865159571629759
84,2016-06-07,PM,False,True,4.166666666666667,0.0166805341116476,8.958949742940042,2.6289601825378797,21.715888963931693,3.865159571629759
84,2016-06-08,PM,False,True,6.416666666666667,0.0166805341116476,9.32554469958321,2.474708920776492,19.289269547725514,3.865159571629759
84,2016-06-09,PM,False,True,4.75,0.0166805341116476,7.586280452090928,2.172841423933632,14.390450317969739,3.865159571629759
84,2016-06-10,MD,False,False,11.083333333333334,0.0166805341116476,9.53117518657416,6.770578610367672,13.974904377409219,3.865159571629759
84,2016-06-13,PM,False,True,5.25,0.0166805341116476,4.10705753864346,1.8924631776973497,13.185836105161231,3.865159571629759
84,2016-06-14,PM,False,True,4.416666666666667,0.0166805341116476,5.100595153013957,1.60159273235691,11.376072893278051,3.865159571629759
84,2016-06-15,PM,False,True,6.5,0.0166805341116476,8.659431298496838,1.836248027800524,18.524636674551704,3.865159571629759
84,2016-06-16,PM,False,True,5.416666666666667,0.0166805341116476,11.638711163177641,2.86484576093337,23.31735503936942,3.865159571629759
84,2016-06-17,MD,False,True,0.5,0.0166805341116476,1.247622042959088,0.27978924137943,1.5218346802075349,3.865159571629759
84,2016-06-17,MD,False,True,0.5,0.0166805341116476,0.780642417144324,0.332046461635986,1.452423870854334,3.865159571629759
84,2016-06-17,MD,False,True,4.333333333333333,0.0166805341116476,3.824595008806782,2.3414976638997778,13.428280572711289,3.865159571629759
84,2016-06-20,MD,False,True,5.0,0.0166805341116476,7.906767953301108,1.26476567522448,12.126728471067183,3.865159571629759
84,2016-06-21,PM,False,True,4.75,0.0166805341116476,7.967738016778002,2.167601694154038,12.39866163396181,3.865159571629759
84,2016-06-22,PM,False,False,3.333333333333333,0.0166805341116476,,,19.885390367433207,3.865159571629759
84,2016-06-23,PM,False,False,5.583333333333333,0.0166805341116476,5.021400405998796,1.5935936307357839,17.557175547237964,3.865159571629759
84,2016-06-24,MD,False,False,4.666666666666667,0.0166805341116476,,,8.340209921257243,3.865159571629759
84,2016-06-27,PM,False,True,4.5,0.0166805341116476,4.203587385596808,1.246060221707598,8.62404832493249,3.865159571629759
84,2016-06-28,MD,False,False,2.25,0.0166805341116476,,,7.075220556229292,3.865159571629759
84,2016-06-28,PM,False,False,2.25,0.0166805341116476,,,11.998839535946091,3.865159571629759
84,2016-06-29,MD,False,False,1.0833333333333333,0.0166805341116476,,,3.600519385401755,3.865159571629759
84,2016-06-29,PM,False,False,3.5,0.0166805341116476,,,17.842016789101276,3.865159571629759
84,2016-06-30,PM,False,False,6.333333333333333,0.0166805341116476,,,12.811615741979184,3.865159571629759
84,2016-07-01,PM,False,True,5.333333333333333,0.0166805341116476,6.573557002292471,1.706118239198346,11.396516502342438,3.865159571629759
84,2016-07-04,NT,False,False,0.8333333333333334,0.0166805341116476,2.342342919380538,0.948102213370332,3.4055673623041276,3.865159571629759
84,2016-07-05,PM,False,True,1.3333333333333333,0.0166805341116476,2.944643690218722,1.015589237251878,5.777570866172981,3.865159571629759
84,2016-07-06,PM,False,False,5.416666666666667,0.0166805341116476,,,25.343478057435025,3.865159571629759
84,2016-07-07,PM,False,True,4.833333333333333,0.0166805341116476,6.07045798179114,1.735043015132412,11.238763857396934,3.865159571629759
84,2016-07-08,PM,False,True,3.583333333333333,0.0166805341116476,2.722432743182808,1.356548210248074,5.698237259962953,3.865159571629759
84,2016-07-11,PM,False,False,4.25,0.0166805341116476,,,9.319104105282266,3.865159571629759
84,2016-07-12,PM,False,True,4.833333333333333,0.0166805341116476,5.992227668779434,1.9111697637183902,13.304859771320084,3.865159571629759
84,2016-07-13,PM,False,True,5.25,0.0166805341116476,5.748684446465544,2.061564322472118,12.595789805763234,3.865159571629759
84,2016-07-15,PM,False,False,7.0,0.0166805341116476,,,13.838506087752139,3.865159571629759
84,2016-07-18,PM,False,False,3.75,0.0166805341116476,,,8.432751630154572,3.865159571629759
84,2016-07-19,PM,False,True,5.5,0.0166805341116476,8.618717502850656,2.001639823295886,19.38660683659373,3.865159571629759
84,2016-07-20,PM,False,True,4.916666666666667,0.0166805341116476,6.501274219212259,1.8785251963368,14.615080015100206,3.865159571629759
84,2016-07-21,PM,False,True,5.583333333333333,0.0166805341116476,8.49958767908616,2.280383716754538,17.043129702554385,3.865159571629759
84,2016-07-22,MD,False,True,5.25,0.0166805341116476,6.338688421137372,1.823572486104744,12.966228569114351,3.865159571629759
84,2016-07-22,NT,False,True,1.5,0.0166805341116476,11.068366919709366,3.72902775277521,10.880759352415426,3.865159571629759
84,2016-07-25,PM,False,True,5.5,0.0166805341116476,6.224745768945384,1.893752455286586,9.569015516578732,3.865159571629759
84,2016-07-26,PM,False,False,3.9166666666666665,0.0166805341116476,,,11.034493899950506,3.865159571629759
84,2016-07-26,PM,False,True,0.75,0.0166805341116476,3.177924071132874,0.6877096130306399,5.107883062041639,3.865159571629759
84,2016-07-28,PM,False,True,4.833333333333333,0.0166805341116476,6.397063321859496,2.128967801924526,12.200242872682752,3.865159571629759
84,2016-07-29,AM,False,True,0.5833333333333334,0.0166805341116476,1.558513370537796,0.479720211174414,1.591169184526711,3.865159571629759
84,2016-07-29,PM,False,False,5.0,0.0166805341116476,,,11.13820780346101,3.865159571629759
84,2016-08-01,PM,False,True,5.166666666666667,0.0166805341116476,9.375641569774722,2.027458753809396,12.982399124194488,3.865159571629759
84,2016-08-02,PM,False,True,5.416666666666667,0.0166805341116476,7.557715975899978,2.560984492204836,24.25628364815525,3.865159571629759
84,2016-08-03,PM,False,False,5.083333333333333,0.0166805341116476,,,17.374498605995203,3.865159571629759
84,2016-08-04,PM,False,True,5.916666666666667,0.0166805341116476,9.891105102571585,2.64714760125258,26.74391285481585,3.865159571629759
84,2016-08-05,MD,False,True,4.583333333333333,0.0166805341116476,3.9892478067809765,1.448264717500476,7.2560658058483956,3.865159571629759
84,2016-08-08,PM,False,True,4.666666666666667,0.0166805341116476,5.910556902380208,2.463550331974668,,3.865159571629759
84,2016-08-09,PM,False,True,7.083333333333333,0.0166805341116476,7.385670474309516,1.639797319084326,,3.865159571629759
84,2016-08-10,MD,False,True,6.5,0.0166805341116476,8.332941026048125,1.850008087400688,,3.865159571629759
84,2016-08-11,PM,False,True,5.0,0.0166805341116476,8.18435072641035,2.18844503256405,,3.865159571629759
84,2016-08-12,MD,False,True,0.5833333333333334,0.0166805341116476,1.0500783139477081,0.572596395670338,,3.865159571629759
84,2016-08-12,PM,False,True,6.75,0.0166805341116476,8.847669411027054,3.701266609629252,,3.865159571629759
84,2016-08-15,PM,False,True,6.416666666666667,0.0166805341116476,6.911330819750622,2.4217395964731003,18.921386796763873,3.865159571629759
84,2016-08-16,PM,False,True,4.25,0.0166805341116476,7.398634724625024,2.216707063070412,13.617425228185114,3.865159571629759
84,2016-08-17,PM,False,True,5.166666666666667,0.0166805341116476,9.250759936857119,2.504069824342428,28.461486561288343,3.865159571629759
84,2016-08-18,PM,False,True,5.333333333333333,0.0166805341116476,8.371765678958532,2.57781648852075,,3.865159571629759
84,2016-08-19,MD,False,True,0.9166666666666666,0.0166805341116476,2.686789068861444,0.716340988120452,,3.865159571629759
84,2016-08-19,PM,False,True,5.5,0.0166805341116476,6.562861445601162,2.3242710295428957,12.92923476484164,3.865159571629759
84,2016-08-22,MD,False,True,1.0,0.0166805341116476,2.945440751948304,0.794702273548248,4.308264251975745,3.865159571629759
84,2016-08-22,PM,False,True,3.25,0.0166805341116476,6.512367129125292,2.59603026484212,13.753411215197689,3.865159571629759
84,2016-08-23,PM,False,True,6.166666666666667,0.0166805341116476,8.841010518898775,2.628824405006214,22.361753490913205,3.865159571629759
84,2016-08-24,PM,False,True,6.75,0.0166805341116476,7.05416588869905,2.1162766666483863,13.00279522819318,3.865159571629759
84,2016-08-25,PM,False,True,5.666666666666667,0.0166805341116476,8.21247256868572,2.963918094985926,22.493823242722346,3.865159571629759
84,2016-08-26,PM,False,True,6.75,0.0166805341116476,6.56017597162872,2.16737674037148,16.191998575261994,3.865159571629759
84,2016-08-29,PM,False,True,5.166666666666667,0.0166805341116476,7.180511268634116,1.87091184999792,4.872016217762381,3.865159571629759
84,2016-08-30,PM,False,True,5.583333333333333,0.0166805341116476,8.422400165104746,2.369103209241672,,3.865159571629759
84,2016-08-31,PM,False,True,6.583333333333333,0.0166805341116476,7.25526906123273,2.18209113229089,,3.865159571629759
84,2016-09-01,PM,False,True,6.916666666666667,0.0166805341116476,10.28371174892154,3.270913025536542,,3.865159571629759
84,2016-09-02,MD,False,True,7.833333333333333,0.0166805341116476,8.181287184070337,2.374693360320348,,3.865159571629759
84,2016-09-06,MD,False,True,1.0,0.0166805341116476,2.709322839251154,1.0890521187517739,,3.865159571629759
84,2016-09-06,PM,False,True,4.25,0.0166805341116476,7.4578513308554575,2.539578870871284,,3.865159571629759
84,2016-09-07,PM,False,True,4.833333333333333,0.0166805341116476,6.878419816380564,1.580897467895688,,3.865159571629759
84,2016-09-09,PM,False,True,6.166666666666667,0.0166805341116476,10.47623438481198,2.962768432803186,,3.865159571629759
84,2016-09-12,PM,False,True,5.25,0.0166805341116476,6.822732286319089,1.8902101745213402,,3.865159571629759
84,2016-09-13,PM,False,False,5.0,0.0166805341116476,,,,3.865159571629759
84,2016-09-14,PM,False,True,6.25,0.0166805341116476,10.816284374246706,3.088499630695482,,3.865159571629759
84,2016-09-15,PM,False,True,6.416666666666667,0.0166805341116476,9.426273849811333,2.8006759736144278,,3.865159571629759
84,2016-09-16,PM,False,True,5.916666666666667,0.0166805341116476,4.649284160040558,1.981075856588088,,3.865159571629759
84,2016-09-16,PM,False,True,0.5833333333333334,0.0166805341116476,0.797087440459488,0.39314268582453604,,3.865159571629759
84,2016-09-19,PM,False,True,4.25,0.0166805341116476,6.613653425456076,2.4123995981410618,,3.865159571629759
84,2016-09-20,PM,False,True,6.083333333333333,0.0166805341116476,7.746029543226337,2.427763703173968,,3.865159571629759
84,2016-09-21,PM,False,True,7.166666666666667,0.0166805341116476,9.464734813766219,2.791560026448276,,3.865159571629759
84,2016-09-22,MD,False,True,0.5,0.0166805341116476,0.78181618259049,0.39266281916047796,,3.865159571629759
84,2016-09-22,MD,False,True,6.583333333333333,0.0166805341116476,10.307082768115913,3.595869369026982,,3.865159571629759
84,2016-09-23,MD,False,True,7.25,0.0166805341116476,9.995321726438263,3.0330889324112102,,3.865159571629759
84,2016-09-26,MD,False,True,4.0,0.0166805341116476,6.276939618380598,2.5826767942604643,,3.865159571629759
84,2016-09-27,PM,False,True,5.166666666666667,0.0166805341116476,7.777411046456741,2.625708903926574,22.544026673701882,3.865159571629759
84,2016-09-28,MD,False,True,0.8333333333333334,0.0166805341116476,2.872381087936962,0.77698713121074,3.281142609709578,3.865159571629759
84,2016-09-28,PM,False,True,5.75,0.0166805341116476,8.232774790907946,2.57668610781618,22.867290176256763,3.865159571629759
84,2016-09-29,PM,False,True,5.5,0.0166805341116476,6.391282378385569,2.925129175688562,24.18001107836007,3.865159571629759
84,2016-09-30,MD,False,True,6.583333333333333,0.0166805341116476,6.641674401713808,2.112362858172402,22.997067021299475,3.865159571629759
84,2016-09-30,NT,False,True,0.75,0.0166805341116476,4.678098604138794,1.704063467370066,4.741128728492628,3.865159571629759
84,2016-10-03,PM,False,True,5.666666666666667,0.0166805341116476,9.258091431310087,3.827114954128128,29.007726604364965,3.865159571629759
84,2016-10-04,PM,False,True,5.583333333333333,0.0166805341116476,8.429969958313638,2.774210681237814,24.135133726362117,3.865159571629759
84,2016-10-05,PM,False,True,6.25,0.0166805341116476,8.052918880463249,3.082142149190874,25.095654833959404,3.865159571629759
84,2016-10-06,MD,False,True,0.9166666666666666,0.0166805341116476,1.276147895306508,0.551603171391744,5.8322469407702275,3.865159571629759
84,2016-10-06,PM,False,True,5.5,0.0166805341116476,8.268685366236433,2.5453401276225422,23.15268586191154,3.865159571629759
84,2016-10-07,PM,False,True,8.25,0.0166805341116476,9.164104730271779,2.238301348891122,21.58602694256496,3.865159571629759
84,2016-10-10,MD,False,True,3.0,0.0166805341116476,2.538667682496444,0.833434557427776,,3.865159571629759
84,2016-10-11,PM,False,True,5.333333333333333,0.0166805341116476,6.533394413540382,2.204087841801006,8.142946436441052,3.865159571629759
84,2016-10-12,PM,False,True,5.166666666666667,0.0166805341116476,6.322370755948063,3.0283625318480576,19.724511741192234,3.865159571629759
84,2016-10-13,MD,False,True,0.9166666666666666,0.0166805341116476,2.0575118125365237,0.768034285143828,,3.865159571629759
84,2016-10-13,PM,False,True,4.75,0.0166805341116476,7.226722881449886,3.410482445034006,17.819212034362497,3.865159571629759
84,2016-10-14,MD,False,True,6.0,0.0166805341116476,7.174002996780468,1.733845449361374,,3.865159571629759
84,2016-10-14,PM,False,True,0.75,0.0166805341116476,1.1019951574912799,0.49410205978602595,3.3861181539026735,3.865159571629759
84,2016-10-17,PM,False,True,5.75,0.0166805341116476,9.274228442361593,3.162658116400956,,3.865159571629759
84,2016-10-18,PM,False,True,5.083333333333333,0.0166805341116476,8.199837193970351,2.5571349746916963,12.604769332614596,3.865159571629759
84,2016-10-19,PM,False,True,5.166666666666667,0.0166805341116476,7.5301311226239,2.408539890854226,20.869899719742282,3.865159571629759
84,2016-10-20,PM,True,True,5.833333333333333,0.0166805341116476,10.78403076918558,2.9724279724729623,15.764707684446027,3.865159571629759
84,2016-10-21,PM,True,True,6.666666666666667,0.0166805341116476,6.009340219440774,1.9729416332185379,,3.865159571629759
84,2016-10-24,PM,True,True,4.75,0.0166805341116476,6.546816428421498,1.687293666533082,,3.865159571629759
84,2016-10-25,PM,True,True,5.25,0.0166805341116476,9.779177192817803,2.354340258115824,13.112592251021924,3.865159571629759
84,2016-10-26,PM,True,True,6.0,0.0166805341116476,9.305060119199725,3.258386104391874,16.454596594574102,3.865159571629759
84,2016-10-27,PM,True,True,6.75,0.0166805341116476,8.0942016302259,2.1740318755637458,22.414760903745634,3.865159571629759
84,2016-10-28,PM,True,True,6.666666666666667,0.0166805341116476,4.813935000528024,1.64426875880076,12.899007114235717,3.865159571629759
84,2016-10-31,PM,True,True,4.833333333333333,0.0166805341116476,9.265916721774012,3.392559483629298,,3.865159571629759
84,2016-11-01,PM,True,True,5.333333333333333,0.0166805341116476,8.738302152435306,2.636953754896758,22.52097045067595,3.865159571629759
84,2016-11-02,PM,True,True,5.5,0.0166805341116476,10.602929752477536,2.645426514878586,32.55068691430205,3.865159571629759
84,2016-11-03,PM,True,True,7.083333333333333,0.0166805341116476,11.223102971351633,3.6182771947939742,31.81677348830222,3.865159571629759
84,2016-11-04,PM,True,True,6.333333333333333,0.0166805341116476,5.886998536051697,2.027276150573442,15.974193499172618,3.865159571629759
84,2016-11-07,PM,True,True,4.666666666666667,0.0166805341116476,7.263770177424294,2.374160366932224,5.310857967855734,3.865159571629759
84,2016-11-08,PM,True,True,6.0,0.0166805341116476,9.431393033686957,2.529018811520718,26.454435718068243,3.865159571629759
84,2016-11-09,PM,True,True,5.833333333333333,0.0166805341116476,7.464638635603884,2.493993119934912,11.363169543266325,3.865159571629759
84,2016-11-10,PM,True,True,6.416666666666667,0.0166805341116476,10.813962055995558,2.949940147926582,,3.865159571629759
84,2016-11-11,MD,True,True,1.1666666666666667,0.0166805341116476,1.09556266286907,0.448883100800574,,3.865159571629759
84,2016-11-11,PM,True,True,5.083333333333333,0.0166805341116476,3.9125046008266375,1.689234220658772,,3.865159571629759
84,2016-11-14,PM,True,True,5.333333333333333,0.0166805341116476,7.25077923225378,2.00703252963057,,3.865159571629759
84,2016-11-14,NT,True,False,0.5833333333333334,0.0166805341116476,,,,3.865159571629759
84,2016-11-15,NT,True,False,0.5833333333333334,0.0166805341116476,,,,3.865159571629759
84,2016-11-15,PM,True,True,5.5,0.0166805341116476,7.704914893142881,2.544342692228706,,3.865159571629759
84,2016-11-16,PM,True,True,5.75,0.0166805341116476,10.757148496055837,2.5870371625031336,,3.865159571629759
84,2016-11-17,PM,True,True,5.833333333333333,0.0166805341116476,8.679331750416042,2.5693762117793697,,3.865159571629759
84,2016-11-18,PM,True,True,7.25,0.0166805341116476,9.918046549108027,3.217542755902386,,3.865159571629759
84,2016-11-21,PM,True,True,8.416666666666666,0.0166805341116476,10.458820731078877,3.000240295763502,,3.865159571629759
84,2016-11-22,PM,True,True,6.583333333333333,0.0166805341116476,11.090148498048181,4.238369530514713,,3.865159571629759
84,2016-11-23,PM,True,True,9.25,0.0166805341116476,8.18249952296601,2.475596443554456,,3.865159571629759
84,2016-11-28,PM,True,True,5.416666666666667,0.0166805341116476,9.995316412684854,3.667587747186564,7.330887297757458,3.865159571629759
84,2016-11-29,PM,True,True,5.5,0.0166805341116476,10.39087516050831,4.046204214072738,14.214933175730467,3.865159571629759
84,2016-11-30,PM,True,True,4.833333333333333,0.0166805341116476,8.611754902936836,4.180356565815744,,3.865159571629759
84,2016-12-01,PM,True,True,6.0,0.0166805341116476,8.62326202283076,3.8946270767691,,3.865159571629759
84,2016-12-02,MD,True,True,6.416666666666667,0.0166805341116476,9.640475228002513,2.882785390357614,,3.865159571629759
84,2016-12-05,PM,True,True,5.416666666666667,0.0166805341116476,8.847820320763674,3.17923258578918,,3.865159571629759
84,2016-12-06,PM,True,True,5.0,0.0166805341116476,8.98258940560296,3.71680357935948,,3.865159571629759
84,2016-12-07,PM,True,True,5.0,0.0166805341116476,8.026943333883828,3.357616894543332,,3.865159571629759
84,2016-12-08,PM,True,True,5.916666666666667,0.0166805341116476,12.540025096158235,3.717647947908366,,3.865159571629759
84,2016-12-09,MD,True,True,0.5,0.0166805341116476,0.668148134895822,0.24728271572421,,3.865159571629759
84,2016-12-09,PM,True,True,5.75,0.0166805341116476,10.37902492299807,3.334217516837112,,3.865159571629759
84,2016-12-12,PM,True,True,5.25,0.0166805341116476,9.525178054311203,3.213045564070188,,3.865159571629759
84,2016-12-13,PM,True,True,5.333333333333333,0.0166805341116476,9.940103497067682,3.0923727898387923,,3.865159571629759
84,2016-12-14,PM,True,True,5.666666666666667,0.0166805341116476,10.069995291430596,3.469830785607072,,3.865159571629759
84,2016-12-15,PM,True,True,6.666666666666667,0.0166805341116476,8.063863635614435,2.99438544409281,,3.865159571629759
84,2016-12-16,MD,True,True,1.0833333333333333,0.0166805341116476,1.126673944708686,0.556862620580106,,3.865159571629759
84,2016-12-16,MD,True,True,4.833333333333333,0.0166805341116476,5.7257943015291595,3.080447160842646,,3.865159571629759
84,2016-12-19,MD,True,False,0.9166666666666666,0.0166805341116476,8.658772696384109,2.104262138495904,,3.865159571629759
84,2016-12-19,PM,True,True,5.416666666666667,0.0166805341116476,11.288744289178961,3.421108734777978,,3.865159571629759
84,2016-12-20,PM,True,True,5.083333333333333,0.0166805341116476,8.886771787166923,3.056748412033056,,3.865159571629759
84,2016-12-21,PM,True,True,5.833333333333333,0.0166805341116476,7.793582399201796,3.0324531244562456,,3.865159571629759
84,2016-12-22,PM,True,True,4.333333333333333,0.0166805341116476,5.85797012737602,2.945464462789692,,3.865159571629759
84,2016-12-23,AM,True,True,0.5833333333333334,0.0166805341116476,2.292511831765944,0.613267037877732,,3.865159571629759
84,2016-12-23,MD,True,True,5.333333333333333,0.0166805341116476,3.76393639995792,1.349293442739462,,3.865159571629759
84,2016-12-26,MD,True,True,0.6666666666666666,0.0166805341116476,0.753642253474398,0.27007653345092403,,3.865159571629759
84,2016-12-27,PM,True,True,4.916666666666667,0.0166805341116476,8.86704493742809,4.255099864339621,,3.865159571629759
84,2016-12-28,PM,True,True,4.416666666666667,0.0166805341116476,5.063278105678578,1.9970302154589061,,3.865159571629759
84,2016-12-29,PM,True,True,4.666666666666667,0.0166805341116476,5.757059813302158,2.47889167216503,,3.865159571629759
84,2016-12-30,MD,True,True,4.666666666666667,0.0166805341116476,2.879028846441246,1.258884709173498,,3.865159571629759
