corridor,period,N_train,N_source,calibration_scope,reference_sensor_uid,reference_selection,x_support_min_h,x_support_max_h,x_empirical_median_h,fd,n,fp,s,theta,C_vphpl,vf_mph,L_mi,kj,slope_max,pollutant,branch_id,a_e,beta_e,alpha_e,x_ref_h,sign_reference,e0_g_per_vehicle,alpha_e_unit,x_low_h,x_high_h,fit_nodes,validation_nodes,fit_success,coefficient_bound_hit,approximation_positive,max_total_relative_error,mean_total_relative_error,rms_increment_relative_error,max_scaled_derivative_error,k_min,k_max,status
AZ_I10_W,AM,0,43,corridor_all_periods,AZ_I10_W::78,nearest median capacity among participating cubic-supported detectors,0.4681022684444174,5.885911238721851,3.498151933696963,1.2373036267126496,1.07538813292762,0.963141822305749,0.9517332475469742,0.4581401484691591,1501.6157386990858,64.16137486955441,1.0400000000000205,220.0,3.4284018566490393,CO2,1.1,0.05502081304978976,1.708783919963433,0.04717820180359241,1.0941672531170914,1.0,294.55975320703556,h^(-beta_e),0.46810231993566737,2.557564717812841,201.0,1001.0,True,False,True,0.010075652106906703,0.0036344206233733076,0.037542322623704605,0.2483645685713997,0.21646445535160033,1.0558444169009384,fitted
AZ_I10_W,AM,0,43,corridor_all_periods,AZ_I10_W::78,nearest median capacity among participating cubic-supported detectors,0.4681022684444174,5.885911238721851,3.498151933696963,1.2373036267126496,1.07538813292762,0.963141822305749,0.9517332475469742,0.4581401484691591,1501.6157386990858,64.16137486955441,1.0400000000000205,220.0,3.4284018566490393,NOx,1.1,0.1315824850203594,0.4970040125405373,0.12582684928734175,1.0941672531170914,-1.0,0.41378724383433846,h^(-beta_e),0.46810231993566737,2.557564717812841,201.0,1001.0,True,False,True,0.004426453742971751,0.001394991107950243,0.008977659748822373,0.0875491519610468,-1.010392594692153,-0.9744612155239967,fitted
AZ_I10_W,AM,0,43,corridor_all_periods,AZ_I10_W::78,nearest median capacity among participating cubic-supported detectors,0.4681022684444174,5.885911238721851,3.498151933696963,1.2373036267126496,1.07538813292762,0.963141822305749,0.9517332475469742,0.4581401484691591,1501.6157386990858,64.16137486955441,1.0400000000000205,220.0,3.4284018566490393,CO,1.1,0.21041337969984047,1.0983735324665076,0.19060962916878774,1.0941672531170914,1.0,1.9527268863067746,h^(-beta_e),0.46810231993566737,2.557564717812841,201.0,1001.0,True,False,True,0.0013904760454481054,0.0004969024147993065,0.002265314360400708,0.0208110189021338,0.9818425704996673,1.0031283550763141,fitted
AZ_I10_W,AM,0,43,corridor_all_periods,AZ_I10_W::78,nearest median capacity among participating cubic-supported detectors,0.4681022684444174,5.885911238721851,3.498151933696963,1.2373036267126496,1.07538813292762,0.963141822305749,0.9517332475469742,0.4581401484691591,1501.6157386990858,64.16137486955441,1.0400000000000205,220.0,3.4284018566490393,HC,1.1,0.21170439764916835,1.1370444281471177,0.19111288195813192,1.0941672531170914,1.0,0.08192572803661438,h^(-beta_e),0.46810231993566737,2.557564717812841,201.0,1001.0,True,False,True,0.0017529818438725942,0.0006627613505633861,0.0029564220952691244,0.02638429219505696,0.9765448765035277,1.0040706996476396,fitted
AZ_I10_W,MD,5,43,corridor_all_periods,AZ_I10_W::78,nearest median capacity among participating cubic-supported detectors,0.4681022684444174,5.885911238721851,3.498151933696963,1.2373036267126496,1.07538813292762,0.963141822305749,0.9517332475469742,0.4581401484691591,1501.6157386990858,64.16137486955441,1.0400000000000205,220.0,3.4284018566490393,CO2,1.1,0.05502081304978976,1.708783919963433,0.04717820180359241,1.0941672531170914,1.0,294.55975320703556,h^(-beta_e),0.46810231993566737,2.557564717812841,201.0,1001.0,True,False,True,0.010075652106906703,0.0036344206233733076,0.037542322623704605,0.2483645685713997,0.21646445535160033,1.0558444169009384,fitted
AZ_I10_W,MD,5,43,corridor_all_periods,AZ_I10_W::78,nearest median capacity among participating cubic-supported detectors,0.4681022684444174,5.885911238721851,3.498151933696963,1.2373036267126496,1.07538813292762,0.963141822305749,0.9517332475469742,0.4581401484691591,1501.6157386990858,64.16137486955441,1.0400000000000205,220.0,3.4284018566490393,NOx,1.1,0.1315824850203594,0.4970040125405373,0.12582684928734175,1.0941672531170914,-1.0,0.41378724383433846,h^(-beta_e),0.46810231993566737,2.557564717812841,201.0,1001.0,True,False,True,0.004426453742971751,0.001394991107950243,0.008977659748822373,0.0875491519610468,-1.010392594692153,-0.9744612155239967,fitted
AZ_I10_W,MD,5,43,corridor_all_periods,AZ_I10_W::78,nearest median capacity among participating cubic-supported detectors,0.4681022684444174,5.885911238721851,3.498151933696963,1.2373036267126496,1.07538813292762,0.963141822305749,0.9517332475469742,0.4581401484691591,1501.6157386990858,64.16137486955441,1.0400000000000205,220.0,3.4284018566490393,CO,1.1,0.21041337969984047,1.0983735324665076,0.19060962916878774,1.0941672531170914,1.0,1.9527268863067746,h^(-beta_e),0.46810231993566737,2.557564717812841,201.0,1001.0,True,False,True,0.0013904760454481054,0.0004969024147993065,0.002265314360400708,0.0208110189021338,0.9818425704996673,1.0031283550763141,fitted
AZ_I10_W,MD,5,43,corridor_all_periods,AZ_I10_W::78,nearest median capacity among participating cubic-supported detectors,0.4681022684444174,5.885911238721851,3.498151933696963,1.2373036267126496,1.07538813292762,0.963141822305749,0.9517332475469742,0.4581401484691591,1501.6157386990858,64.16137486955441,1.0400000000000205,220.0,3.4284018566490393,HC,1.1,0.21170439764916835,1.1370444281471177,0.19111288195813192,1.0941672531170914,1.0,0.08192572803661438,h^(-beta_e),0.46810231993566737,2.557564717812841,201.0,1001.0,True,False,True,0.0017529818438725942,0.0006627613505633861,0.0029564220952691244,0.02638429219505696,0.9765448765035277,1.0040706996476396,fitted
AZ_I10_W,PM,38,38,corridor_period,AZ_I10_W::78,nearest median capacity among participating cubic-supported detectors,1.5471114266555968,5.885911238721851,3.790752629201432,1.6931765723791028,0.8330311856451446,0.3080704729115999,1.6350981000172309,0.4348293681532922,1501.6157386990858,64.16137486955441,1.0400000000000205,220.0,3.584363495177553,CO2,1.1,0.22195728167218162,0.9321995181986558,0.10426006731153231,2.2491499697290327,1.0,294.55975320703556,h^(-beta_e),1.5471115968378553,3.2697548106235823,201.0,1001.0,True,False,True,0.0040324630401390995,0.0014126582163996857,0.008502536206497161,0.1796735066457091,0.9766670637844718,1.009753130907983,fitted
AZ_I10_W,PM,38,38,corridor_period,AZ_I10_W::78,nearest median capacity among participating cubic-supported detectors,1.5471114266555968,5.885911238721851,3.790752629201432,1.6931765723791028,0.8330311856451446,0.3080704729115999,1.6350981000172309,0.4348293681532922,1501.6157386990858,64.16137486955441,1.0400000000000205,220.0,3.584363495177553,NOx,1.1,0.001005001324837623,-19.999999999999996,8.5210371417622,1.571868790853941,1.0,0.41378724383433846,h^(-beta_e),1.5471115968378553,1.59702215451726,201.0,1001.0,True,True,True,0.0007315992810191032,0.0003112219190615677,0.3325336059954655,0.7654896380415946,8.52840843681105e-07,1.3624648020493502,failed_fit_or_positive_cost_check
AZ_I10_W,PM,38,38,corridor_period,AZ_I10_W::78,nearest median capacity among participating cubic-supported detectors,1.5471114266555968,5.885911238721851,3.790752629201432,1.6931765723791028,0.8330311856451446,0.3080704729115999,1.6350981000172309,0.4348293681532922,1501.6157386990858,64.16137486955441,1.0400000000000205,220.0,3.584363495177553,NOx,1.2,0.03837958727701746,3.906516916555543,0.0015205486729751468,2.285141347234929,-1.0,0.41378724383433846,h^(-beta_e),1.5970221864577034,3.2697548106235823,201.0,1001.0,True,False,True,0.010074531841893926,0.0039007996077998516,0.05876519905955309,0.3394435011353878,-1.0743411052746865,-6.590276580505121e-08,fitted
AZ_I10_W,PM,38,38,corridor_period,AZ_I10_W::78,nearest median capacity among participating cubic-supported detectors,1.5471114266555968,5.885911238721851,3.790752629201432,1.6931765723791028,0.8330311856451446,0.3080704729115999,1.6350981000172309,0.4348293681532922,1501.6157386990858,64.16137486955441,1.0400000000000205,220.0,3.584363495177553,CO,1.1,0.383896370966177,1.2810288718131342,0.13591527067048725,2.2491499697290327,1.0,1.9527268863067746,h^(-beta_e),1.5471115968378553,3.2697548106235823,201.0,1001.0,True,False,True,0.0007031963077801137,0.0002695919218138568,0.0010236737729605774,0.018219176671864446,0.9965611368447179,1.0012004322116022,fitted
AZ_I10_W,PM,38,38,corridor_period,AZ_I10_W::78,nearest median capacity among participating cubic-supported detectors,1.5471114266555968,5.885911238721851,3.790752629201432,1.6931765723791028,0.8330311856451446,0.3080704729115999,1.6350981000172309,0.4348293681532922,1501.6157386990858,64.16137486955441,1.0400000000000205,220.0,3.584363495177553,HC,1.1,0.41354239863700387,1.2331190533715275,0.15220868307477403,2.2491499697290327,1.0,0.08192572803661438,h^(-beta_e),1.5471115968378553,3.2697548106235823,201.0,1001.0,True,False,True,0.0011388608404682375,0.0004399733415678638,0.0015942940689822958,0.029423337907628057,0.9947322491713888,1.0018682582608298,fitted
AZ_I10_W,NT,0,43,corridor_all_periods,AZ_I10_W::78,nearest median capacity among participating cubic-supported detectors,0.4681022684444174,5.885911238721851,3.498151933696963,1.2373036267126496,1.07538813292762,0.963141822305749,0.9517332475469742,0.4581401484691591,1501.6157386990858,64.16137486955441,1.0400000000000205,220.0,3.4284018566490393,CO2,1.1,0.05502081304978976,1.708783919963433,0.04717820180359241,1.0941672531170914,1.0,294.55975320703556,h^(-beta_e),0.46810231993566737,2.557564717812841,201.0,1001.0,True,False,True,0.010075652106906703,0.0036344206233733076,0.037542322623704605,0.2483645685713997,0.21646445535160033,1.0558444169009384,fitted
AZ_I10_W,NT,0,43,corridor_all_periods,AZ_I10_W::78,nearest median capacity among participating cubic-supported detectors,0.4681022684444174,5.885911238721851,3.498151933696963,1.2373036267126496,1.07538813292762,0.963141822305749,0.9517332475469742,0.4581401484691591,1501.6157386990858,64.16137486955441,1.0400000000000205,220.0,3.4284018566490393,NOx,1.1,0.1315824850203594,0.4970040125405373,0.12582684928734175,1.0941672531170914,-1.0,0.41378724383433846,h^(-beta_e),0.46810231993566737,2.557564717812841,201.0,1001.0,True,False,True,0.004426453742971751,0.001394991107950243,0.008977659748822373,0.0875491519610468,-1.010392594692153,-0.9744612155239967,fitted
AZ_I10_W,NT,0,43,corridor_all_periods,AZ_I10_W::78,nearest median capacity among participating cubic-supported detectors,0.4681022684444174,5.885911238721851,3.498151933696963,1.2373036267126496,1.07538813292762,0.963141822305749,0.9517332475469742,0.4581401484691591,1501.6157386990858,64.16137486955441,1.0400000000000205,220.0,3.4284018566490393,CO,1.1,0.21041337969984047,1.0983735324665076,0.19060962916878774,1.0941672531170914,1.0,1.9527268863067746,h^(-beta_e),0.46810231993566737,2.557564717812841,201.0,1001.0,True,False,True,0.0013904760454481054,0.0004969024147993065,0.002265314360400708,0.0208110189021338,0.9818425704996673,1.0031283550763141,fitted
AZ_I10_W,NT,0,43,corridor_all_periods,AZ_I10_W::78,nearest median capacity among participating cubic-supported detectors,0.4681022684444174,5.885911238721851,3.498151933696963,1.2373036267126496,1.07538813292762,0.963141822305749,0.9517332475469742,0.4581401484691591,1501.6157386990858,64.16137486955441,1.0400000000000205,220.0,3.4284018566490393,HC,1.1,0.21170439764916835,1.1370444281471177,0.19111288195813192,1.0941672531170914,1.0,0.08192572803661438,h^(-beta_e),0.46810231993566737,2.557564717812841,201.0,1001.0,True,False,True,0.0017529818438725942,0.0006627613505633861,0.0029564220952691244,0.02638429219505696,0.9765448765035277,1.0040706996476396,fitted
D12_I405_N,AM,1,15,corridor_all_periods,PeMS::D12_I405_N::L405N-100,nearest median capacity among participating cubic-supported detectors,0.5617575031607657,4.683450868526896,3.1904977231544374,1.0922327945724597,0.9767746759318446,0.4561731688367127,0.5058138555090778,0.812737110501748,1333.1291304347826,70.92021739130435,0.2206,220.0,8.680172699239852,CO2,1.1,0.05114097901072182,0.880181489691829,0.04233220531169592,1.2395787101033726,-1.0,64.11563258287454,h^(-beta_e),0.5617575649540916,2.73526423924013,201.0,1001.0,True,False,True,0.001554399505776142,0.0005585407438651857,0.008785069173580339,0.10351707879889394,-1.0115522496178364,-0.9507278780160351,fitted
D12_I405_N,AM,1,15,corridor_all_periods,PeMS::D12_I405_N::L405N-100,nearest median capacity among participating cubic-supported detectors,0.5617575031607657,4.683450868526896,3.1904977231544374,1.0922327945724597,0.9767746759318446,0.4561731688367127,0.5058138555090778,0.812737110501748,1333.1291304347826,70.92021739130435,0.2206,220.0,8.680172699239852,NOx,1.1,0.19782598187629916,0.6350713248181824,0.1726027131976937,1.2395787101033726,-1.0,0.09421930168349232,h^(-beta_e),0.5617575649540916,2.73526423924013,201.0,1001.0,True,False,True,0.0004950207079832394,0.00014737030898444824,0.0005424860423954281,0.005625279768379109,-1.0006443315782003,-0.9981752981579002,fitted
D12_I405_N,AM,1,15,corridor_all_periods,PeMS::D12_I405_N::L405N-100,nearest median capacity among participating cubic-supported detectors,0.5617575031607657,4.683450868526896,3.1904977231544374,1.0922327945724597,0.9767746759318446,0.4561731688367127,0.5058138555090778,0.812737110501748,1333.1291304347826,70.92021739130435,0.2206,220.0,8.680172699239852,CO,1.1,0.10818939287674095,0.4166242075488962,0.09892918518939336,1.2395787101033726,1.0,0.4062112672108551,h^(-beta_e),0.5617575649540916,2.73526423924013,201.0,1001.0,True,False,True,0.0003281708832448241,0.00012397795702340366,0.001337995903461394,0.025462175887280315,0.9959232689796332,1.0015867517871904,fitted
D12_I405_N,AM,1,15,corridor_all_periods,PeMS::D12_I405_N::L405N-100,nearest median capacity among participating cubic-supported detectors,0.5617575031607657,4.683450868526896,3.1904977231544374,1.0922327945724597,0.9767746759318446,0.4561731688367127,0.5058138555090778,0.812737110501748,1333.1291304347826,70.92021739130435,0.2206,220.0,8.680172699239852,HC,1.1,0.10947148689346091,0.44518422523850903,0.09948940994727667,1.2395787101033726,1.0,0.016818229464479348,h^(-beta_e),0.5617575649540916,2.73526423924013,201.0,1001.0,True,False,True,0.000503887603761378,0.0001659322921594511,0.0017909649171057496,0.021355546262644295,0.9979854288208416,1.0043460981929715,fitted
D12_I405_N,MD,0,15,corridor_all_periods,PeMS::D12_I405_N::L405N-100,nearest median capacity among participating cubic-supported detectors,0.5617575031607657,4.683450868526896,3.1904977231544374,1.0922327945724597,0.9767746759318446,0.4561731688367127,0.5058138555090778,0.812737110501748,1333.1291304347826,70.92021739130435,0.2206,220.0,8.680172699239852,CO2,1.1,0.05114097901072182,0.880181489691829,0.04233220531169592,1.2395787101033726,-1.0,64.11563258287454,h^(-beta_e),0.5617575649540916,2.73526423924013,201.0,1001.0,True,False,True,0.001554399505776142,0.0005585407438651857,0.008785069173580339,0.10351707879889394,-1.0115522496178364,-0.9507278780160351,fitted
D12_I405_N,MD,0,15,corridor_all_periods,PeMS::D12_I405_N::L405N-100,nearest median capacity among participating cubic-supported detectors,0.5617575031607657,4.683450868526896,3.1904977231544374,1.0922327945724597,0.9767746759318446,0.4561731688367127,0.5058138555090778,0.812737110501748,1333.1291304347826,70.92021739130435,0.2206,220.0,8.680172699239852,NOx,1.1,0.19782598187629916,0.6350713248181824,0.1726027131976937,1.2395787101033726,-1.0,0.09421930168349232,h^(-beta_e),0.5617575649540916,2.73526423924013,201.0,1001.0,True,False,True,0.0004950207079832394,0.00014737030898444824,0.0005424860423954281,0.005625279768379109,-1.0006443315782003,-0.9981752981579002,fitted
D12_I405_N,MD,0,15,corridor_all_periods,PeMS::D12_I405_N::L405N-100,nearest median capacity among participating cubic-supported detectors,0.5617575031607657,4.683450868526896,3.1904977231544374,1.0922327945724597,0.9767746759318446,0.4561731688367127,0.5058138555090778,0.812737110501748,1333.1291304347826,70.92021739130435,0.2206,220.0,8.680172699239852,CO,1.1,0.10818939287674095,0.4166242075488962,0.09892918518939336,1.2395787101033726,1.0,0.4062112672108551,h^(-beta_e),0.5617575649540916,2.73526423924013,201.0,1001.0,True,False,True,0.0003281708832448241,0.00012397795702340366,0.001337995903461394,0.025462175887280315,0.9959232689796332,1.0015867517871904,fitted
D12_I405_N,MD,0,15,corridor_all_periods,PeMS::D12_I405_N::L405N-100,nearest median capacity among participating cubic-supported detectors,0.5617575031607657,4.683450868526896,3.1904977231544374,1.0922327945724597,0.9767746759318446,0.4561731688367127,0.5058138555090778,0.812737110501748,1333.1291304347826,70.92021739130435,0.2206,220.0,8.680172699239852,HC,1.1,0.10947148689346091,0.44518422523850903,0.09948940994727667,1.2395787101033726,1.0,0.016818229464479348,h^(-beta_e),0.5617575649540916,2.73526423924013,201.0,1001.0,True,False,True,0.000503887603761378,0.0001659322921594511,0.0017909649171057496,0.021355546262644295,0.9979854288208416,1.0043460981929715,fitted
D12_I405_N,PM,14,14,corridor_period,PeMS::D12_I405_N::L405N-100,nearest median capacity among participating cubic-supported detectors,0.5617575031607657,4.683450868526896,3.198032374834847,1.056527818742748,1.000221039096835,0.4672443773604893,0.5039590405280147,0.7938530206665482,1333.1291304347826,70.92021739130435,0.2206,220.0,7.7018156970658875,CO2,1.1,0.06973423393953047,0.501462245506709,0.06863238231023173,1.0322706547690776,-1.0,64.11563258287454,h^(-beta_e),0.5617575649540916,1.8968729059918628,201.0,1001.0,True,False,True,8.440200634868336e-08,3.0791935392920483e-08,4.345039843169307e-07,9.800401410217609e-06,-1.0000005122039473,-0.9999986751613573,fitted
D12_I405_N,PM,14,14,corridor_period,PeMS::D12_I405_N::L405N-100,nearest median capacity among participating cubic-supported detectors,0.5617575031607657,4.683450868526896,3.198032374834847,1.056527818742748,1.000221039096835,0.4672443773604893,0.5039590405280147,0.7938530206665482,1333.1291304347826,70.92021739130435,0.2206,220.0,7.7018156970658875,NOx,1.1,0.2101167739916965,0.5028398392908191,0.20678772819057956,1.0322706547690776,-1.0,0.09421930168349232,h^(-beta_e),0.5617575649540916,1.8968729059918628,201.0,1001.0,True,False,True,5.875741588591154e-08,2.0358066481879473e-08,7.926823674981327e-08,1.787828716533133e-06,-1.0000000934831308,-0.9999997577550112,fitted
D12_I405_N,PM,14,14,corridor_period,PeMS::D12_I405_N::L405N-100,nearest median capacity among participating cubic-supported detectors,0.5617575031607657,4.683450868526896,3.198032374834847,1.056527818742748,1.000221039096835,0.4672443773604893,0.5039590405280147,0.7938530206665482,1333.1291304347826,70.92021739130435,0.2206,220.0,7.7018156970658875,CO,1.1,0.08772790987761268,0.5049837967427421,0.08633208849914913,1.0322706547690776,1.0,0.4062112672108551,h^(-beta_e),0.5617575649540916,1.8968729059918628,201.0,1001.0,True,False,True,1.4264790845544712e-08,5.419240238918642e-09,7.20564734462652e-08,1.612555524277254e-06,0.99999977987165,1.0000000849666173,fitted
D12_I405_N,PM,14,14,corridor_period,PeMS::D12_I405_N::L405N-100,nearest median capacity among participating cubic-supported detectors,0.5617575031607657,4.683450868526896,3.198032374834847,1.056527818742748,1.000221039096835,0.4672443773604893,0.5039590405280147,0.7938530206665482,1333.1291304347826,70.92021739130435,0.2206,220.0,7.7018156970658875,HC,1.1,0.09435236368137492,0.5041050924446934,0.09285373329822356,1.0322706547690776,1.0,0.016818229464479348,h^(-beta_e),0.5617575649540916,1.8968729059918628,201.0,1001.0,True,False,True,6.983095095909329e-08,2.6601145865952587e-08,3.3106287767505223e-07,7.449840497030714e-06,0.9999996095066102,1.000001012702283,fitted
D12_I405_N,NT,0,15,corridor_all_periods,PeMS::D12_I405_N::L405N-100,nearest median capacity among participating cubic-supported detectors,0.5617575031607657,4.683450868526896,3.1904977231544374,1.0922327945724597,0.9767746759318446,0.4561731688367127,0.5058138555090778,0.812737110501748,1333.1291304347826,70.92021739130435,0.2206,220.0,8.680172699239852,CO2,1.1,0.05114097901072182,0.880181489691829,0.04233220531169592,1.2395787101033726,-1.0,64.11563258287454,h^(-beta_e),0.5617575649540916,2.73526423924013,201.0,1001.0,True,False,True,0.001554399505776142,0.0005585407438651857,0.008785069173580339,0.10351707879889394,-1.0115522496178364,-0.9507278780160351,fitted
D12_I405_N,NT,0,15,corridor_all_periods,PeMS::D12_I405_N::L405N-100,nearest median capacity among participating cubic-supported detectors,0.5617575031607657,4.683450868526896,3.1904977231544374,1.0922327945724597,0.9767746759318446,0.4561731688367127,0.5058138555090778,0.812737110501748,1333.1291304347826,70.92021739130435,0.2206,220.0,8.680172699239852,NOx,1.1,0.19782598187629916,0.6350713248181824,0.1726027131976937,1.2395787101033726,-1.0,0.09421930168349232,h^(-beta_e),0.5617575649540916,2.73526423924013,201.0,1001.0,True,False,True,0.0004950207079832394,0.00014737030898444824,0.0005424860423954281,0.005625279768379109,-1.0006443315782003,-0.9981752981579002,fitted
D12_I405_N,NT,0,15,corridor_all_periods,PeMS::D12_I405_N::L405N-100,nearest median capacity among participating cubic-supported detectors,0.5617575031607657,4.683450868526896,3.1904977231544374,1.0922327945724597,0.9767746759318446,0.4561731688367127,0.5058138555090778,0.812737110501748,1333.1291304347826,70.92021739130435,0.2206,220.0,8.680172699239852,CO,1.1,0.10818939287674095,0.4166242075488962,0.09892918518939336,1.2395787101033726,1.0,0.4062112672108551,h^(-beta_e),0.5617575649540916,2.73526423924013,201.0,1001.0,True,False,True,0.0003281708832448241,0.00012397795702340366,0.001337995903461394,0.025462175887280315,0.9959232689796332,1.0015867517871904,fitted
D12_I405_N,NT,0,15,corridor_all_periods,PeMS::D12_I405_N::L405N-100,nearest median capacity among participating cubic-supported detectors,0.5617575031607657,4.683450868526896,3.1904977231544374,1.0922327945724597,0.9767746759318446,0.4561731688367127,0.5058138555090778,0.812737110501748,1333.1291304347826,70.92021739130435,0.2206,220.0,8.680172699239852,HC,1.1,0.10947148689346091,0.44518422523850903,0.09948940994727667,1.2395787101033726,1.0,0.016818229464479348,h^(-beta_e),0.5617575649540916,2.73526423924013,201.0,1001.0,True,False,True,0.000503887603761378,0.0001659322921594511,0.0017909649171057496,0.021355546262644295,0.9979854288208416,1.0043460981929715,fitted
D12_I405_S,AM,6,7,unavailable,,,,,,,,,,,,,,,,CO2,unavailable,,,,,,,,,,,,,,,,,,,,,unavailable_calibration
D12_I405_S,AM,6,7,unavailable,,,,,,,,,,,,,,,,NOx,unavailable,,,,,,,,,,,,,,,,,,,,,unavailable_calibration
D12_I405_S,AM,6,7,unavailable,,,,,,,,,,,,,,,,CO,unavailable,,,,,,,,,,,,,,,,,,,,,unavailable_calibration
D12_I405_S,AM,6,7,unavailable,,,,,,,,,,,,,,,,HC,unavailable,,,,,,,,,,,,,,,,,,,,,unavailable_calibration
D12_I405_S,MD,0,7,unavailable,,,,,,,,,,,,,,,,CO2,unavailable,,,,,,,,,,,,,,,,,,,,,unavailable_calibration
D12_I405_S,MD,0,7,unavailable,,,,,,,,,,,,,,,,NOx,unavailable,,,,,,,,,,,,,,,,,,,,,unavailable_calibration
D12_I405_S,MD,0,7,unavailable,,,,,,,,,,,,,,,,CO,unavailable,,,,,,,,,,,,,,,,,,,,,unavailable_calibration
D12_I405_S,MD,0,7,unavailable,,,,,,,,,,,,,,,,HC,unavailable,,,,,,,,,,,,,,,,,,,,,unavailable_calibration
D12_I405_S,PM,1,7,unavailable,,,,,,,,,,,,,,,,CO2,unavailable,,,,,,,,,,,,,,,,,,,,,unavailable_calibration
D12_I405_S,PM,1,7,unavailable,,,,,,,,,,,,,,,,NOx,unavailable,,,,,,,,,,,,,,,,,,,,,unavailable_calibration
D12_I405_S,PM,1,7,unavailable,,,,,,,,,,,,,,,,CO,unavailable,,,,,,,,,,,,,,,,,,,,,unavailable_calibration
D12_I405_S,PM,1,7,unavailable,,,,,,,,,,,,,,,,HC,unavailable,,,,,,,,,,,,,,,,,,,,,unavailable_calibration
D12_I405_S,NT,0,7,unavailable,,,,,,,,,,,,,,,,CO2,unavailable,,,,,,,,,,,,,,,,,,,,,unavailable_calibration
D12_I405_S,NT,0,7,unavailable,,,,,,,,,,,,,,,,NOx,unavailable,,,,,,,,,,,,,,,,,,,,,unavailable_calibration
D12_I405_S,NT,0,7,unavailable,,,,,,,,,,,,,,,,CO,unavailable,,,,,,,,,,,,,,,,,,,,,unavailable_calibration
D12_I405_S,NT,0,7,unavailable,,,,,,,,,,,,,,,,HC,unavailable,,,,,,,,,,,,,,,,,,,,,unavailable_calibration
D12_I5_N,AM,7,37,corridor_all_periods,PeMS::D12_I5_N::L5N-132,nearest median capacity among participating cubic-supported detectors,0.4326947176145229,7.440247361926498,3.880094414796485,1.0950814475203023,1.0319513382002132,0.5711776848269564,0.3319749441213607,0.7891126472686983,1133.599372822974,68.72198042606713,0.192,220.0,7.4837360993774915,CO2,1.1,0.025182290996078785,-0.7991027599954716,0.027507332912704612,1.1168513822814161,-1.0,55.38506223555838,h^(-beta_e),0.43269476521094224,2.8827642726294895,201.0,1001.0,True,False,True,0.011803579346219159,0.004372471695243023,0.21669021071316394,2.381619381223096,-1.1665345444136164,-3.296584760626437e-08,fitted
D12_I5_N,AM,7,37,corridor_all_periods,PeMS::D12_I5_N::L5N-132,nearest median capacity among participating cubic-supported detectors,0.4326947176145229,7.440247361926498,3.880094414796485,1.0950814475203023,1.0319513382002132,0.5711776848269564,0.3319749441213607,0.7891126472686983,1133.599372822974,68.72198042606713,0.192,220.0,7.4837360993774915,CO2,1.2,0.018531366169755932,2.1461529121764342,0.000690585150657002,4.631250084385895,1.0,55.38506223555838,h^(-beta_e),2.8827643302847754,7.4402465434992955,201.0,1001.0,True,False,True,0.006699431246610809,0.002117886032975692,0.0898779100508794,0.630494707113313,5.8081794339922366e-08,1.122391232843139,fitted
D12_I5_N,AM,7,37,corridor_all_periods,PeMS::D12_I5_N::L5N-132,nearest median capacity among participating cubic-supported detectors,0.4326947176145229,7.440247361926498,3.880094414796485,1.0950814475203023,1.0319513382002132,0.5711776848269564,0.3319749441213607,0.7891126472686983,1133.599372822974,68.72198042606713,0.192,220.0,7.4837360993774915,NOx,1.1,0.20038529261501542,0.10119095875728441,0.1888752398049883,1.7942563170436248,-1.0,0.08030521498085366,h^(-beta_e),0.43269476521094224,7.4402465434992955,201.0,1001.0,True,False,True,0.001431318973565583,0.000534434703591154,0.002320914900826353,0.10989380094752235,-1.0024356453989545,-0.9941658233587,fitted
D12_I5_N,AM,7,37,corridor_all_periods,PeMS::D12_I5_N::L5N-132,nearest median capacity among participating cubic-supported detectors,0.4326947176145229,7.440247361926498,3.880094414796485,1.0950814475203023,1.0319513382002132,0.5711776848269564,0.3319749441213607,0.7891126472686983,1133.599372822974,68.72198042606713,0.192,220.0,7.4837360993774915,CO,1.1,0.16601105518589312,0.41849023036542027,0.1299836816812348,1.7942563170436248,1.0,0.35563337396144995,h^(-beta_e),0.43269476521094224,7.4402465434992955,201.0,1001.0,True,False,True,0.002377123361535759,0.0008407655577614438,0.005258190973127756,0.08232844301670657,0.9717233605332996,1.0072715875138354,fitted
D12_I5_N,AM,7,37,corridor_all_periods,PeMS::D12_I5_N::L5N-132,nearest median capacity among participating cubic-supported detectors,0.4326947176145229,7.440247361926498,3.880094414796485,1.0950814475203023,1.0319513382002132,0.5711776848269564,0.3319749441213607,0.7891126472686983,1133.599372822974,68.72198042606713,0.192,220.0,7.4837360993774915,HC,1.1,0.16389435804940944,0.4333341374584048,0.12721759750000508,1.7942563170436248,1.0,0.014801878419863357,h^(-beta_e),0.43269476521094224,7.4402465434992955,201.0,1001.0,True,False,True,0.0012790950958189908,0.00048192879173248053,0.003056134189281787,0.019221837652389426,0.9924336101235481,1.0039269497456738,fitted
D12_I5_N,MD,6,37,corridor_all_periods,PeMS::D12_I5_N::L5N-132,nearest median capacity among participating cubic-supported detectors,0.4326947176145229,7.440247361926498,3.880094414796485,1.0950814475203023,1.0319513382002132,0.5711776848269564,0.3319749441213607,0.7891126472686983,1133.599372822974,68.72198042606713,0.192,220.0,7.4837360993774915,CO2,1.1,0.025182290996078785,-0.7991027599954716,0.027507332912704612,1.1168513822814161,-1.0,55.38506223555838,h^(-beta_e),0.43269476521094224,2.8827642726294895,201.0,1001.0,True,False,True,0.011803579346219159,0.004372471695243023,0.21669021071316394,2.381619381223096,-1.1665345444136164,-3.296584760626437e-08,fitted
D12_I5_N,MD,6,37,corridor_all_periods,PeMS::D12_I5_N::L5N-132,nearest median capacity among participating cubic-supported detectors,0.4326947176145229,7.440247361926498,3.880094414796485,1.0950814475203023,1.0319513382002132,0.5711776848269564,0.3319749441213607,0.7891126472686983,1133.599372822974,68.72198042606713,0.192,220.0,7.4837360993774915,CO2,1.2,0.018531366169755932,2.1461529121764342,0.000690585150657002,4.631250084385895,1.0,55.38506223555838,h^(-beta_e),2.8827643302847754,7.4402465434992955,201.0,1001.0,True,False,True,0.006699431246610809,0.002117886032975692,0.0898779100508794,0.630494707113313,5.8081794339922366e-08,1.122391232843139,fitted
D12_I5_N,MD,6,37,corridor_all_periods,PeMS::D12_I5_N::L5N-132,nearest median capacity among participating cubic-supported detectors,0.4326947176145229,7.440247361926498,3.880094414796485,1.0950814475203023,1.0319513382002132,0.5711776848269564,0.3319749441213607,0.7891126472686983,1133.599372822974,68.72198042606713,0.192,220.0,7.4837360993774915,NOx,1.1,0.20038529261501542,0.10119095875728441,0.1888752398049883,1.7942563170436248,-1.0,0.08030521498085366,h^(-beta_e),0.43269476521094224,7.4402465434992955,201.0,1001.0,True,False,True,0.001431318973565583,0.000534434703591154,0.002320914900826353,0.10989380094752235,-1.0024356453989545,-0.9941658233587,fitted
D12_I5_N,MD,6,37,corridor_all_periods,PeMS::D12_I5_N::L5N-132,nearest median capacity among participating cubic-supported detectors,0.4326947176145229,7.440247361926498,3.880094414796485,1.0950814475203023,1.0319513382002132,0.5711776848269564,0.3319749441213607,0.7891126472686983,1133.599372822974,68.72198042606713,0.192,220.0,7.4837360993774915,CO,1.1,0.16601105518589312,0.41849023036542027,0.1299836816812348,1.7942563170436248,1.0,0.35563337396144995,h^(-beta_e),0.43269476521094224,7.4402465434992955,201.0,1001.0,True,False,True,0.002377123361535759,0.0008407655577614438,0.005258190973127756,0.08232844301670657,0.9717233605332996,1.0072715875138354,fitted
D12_I5_N,MD,6,37,corridor_all_periods,PeMS::D12_I5_N::L5N-132,nearest median capacity among participating cubic-supported detectors,0.4326947176145229,7.440247361926498,3.880094414796485,1.0950814475203023,1.0319513382002132,0.5711776848269564,0.3319749441213607,0.7891126472686983,1133.599372822974,68.72198042606713,0.192,220.0,7.4837360993774915,HC,1.1,0.16389435804940944,0.4333341374584048,0.12721759750000508,1.7942563170436248,1.0,0.014801878419863357,h^(-beta_e),0.43269476521094224,7.4402465434992955,201.0,1001.0,True,False,True,0.0012790950958189908,0.00048192879173248053,0.003056134189281787,0.019221837652389426,0.9924336101235481,1.0039269497456738,fitted
D12_I5_N,PM,23,23,corridor_period,PeMS::D12_I5_N::L5N-178,nearest median capacity among participating cubic-supported detectors,0.4326947176145229,7.440247361926498,4.322126764549134,1.1564936787796356,1.007107174601273,0.578937023705007,0.330373729445042,0.7858244175018997,1139.6321419104645,70.20837579453372,0.1678,220.0,7.3381326511286105,CO2,1.1,0.019769790635920055,0.6220213543201196,0.013742966871030597,1.7942563170436248,1.0,48.655921799324084,h^(-beta_e),0.43269476521094224,7.4402465434992955,201.0,1001.0,True,False,True,0.0013219877724966653,0.0005010941212251237,0.018297748984947078,0.21623128378961878,0.8369179563481255,1.0279328040082012,fitted
D12_I5_N,PM,23,23,corridor_period,PeMS::D12_I5_N::L5N-178,nearest median capacity among participating cubic-supported detectors,0.4326947176145229,7.440247361926498,4.322126764549134,1.1564936787796356,1.007107174601273,0.578937023705007,0.330373729445042,0.7858244175018997,1139.6321419104645,70.20837579453372,0.1678,220.0,7.3381326511286105,NOx,1.1,0.15027156683961146,0.27764173517092794,0.127757935743766,1.7942563170436248,-1.0,0.07119940699972545,h^(-beta_e),0.43269476521094224,7.4402465434992955,201.0,1001.0,True,False,True,7.658092625624181e-05,2.7596379115738997e-05,0.00014391260681237194,0.0023413412907845395,-1.0001730153471133,-0.9995273383804709,fitted
D12_I5_N,PM,23,23,corridor_period,PeMS::D12_I5_N::L5N-178,nearest median capacity among participating cubic-supported detectors,0.4326947176145229,7.440247361926498,4.322126764549134,1.1564936787796356,1.007107174601273,0.578937023705007,0.330373729445042,0.7858244175018997,1139.6321419104645,70.20837579453372,0.1678,220.0,7.3381326511286105,CO,1.1,0.18097199424277757,0.3452029712899206,0.1479005176287669,1.7942563170436248,1.0,0.30956263609443607,h^(-beta_e),0.43269476521094224,7.4402465434992955,201.0,1001.0,True,False,True,7.564411462288209e-05,2.997761434146795e-05,0.00018557242071394272,0.002932147759868602,0.999241451126163,1.0002370991233303,fitted
D12_I5_N,PM,23,23,corridor_period,PeMS::D12_I5_N::L5N-178,nearest median capacity among participating cubic-supported detectors,0.4326947176145229,7.440247361926498,4.322126764549134,1.1564936787796356,1.007107174601273,0.578937023705007,0.330373729445042,0.7858244175018997,1139.6321419104645,70.20837579453372,0.1678,220.0,7.3381326511286105,HC,1.1,0.1837061261691949,0.3494471175454614,0.1497629679423618,1.7942563170436248,1.0,0.012839936135309168,h^(-beta_e),0.43269476521094224,7.4402465434992955,201.0,1001.0,True,False,True,7.48551855398825e-05,2.9829822997907872e-05,0.00018214039469534088,0.0026958190819352914,0.999269246992132,1.0002312845038195,fitted
D12_I5_N,NT,1,37,corridor_all_periods,PeMS::D12_I5_N::L5N-132,nearest median capacity among participating cubic-supported detectors,0.4326947176145229,7.440247361926498,3.880094414796485,1.0950814475203023,1.0319513382002132,0.5711776848269564,0.3319749441213607,0.7891126472686983,1133.599372822974,68.72198042606713,0.192,220.0,7.4837360993774915,CO2,1.1,0.025182290996078785,-0.7991027599954716,0.027507332912704612,1.1168513822814161,-1.0,55.38506223555838,h^(-beta_e),0.43269476521094224,2.8827642726294895,201.0,1001.0,True,False,True,0.011803579346219159,0.004372471695243023,0.21669021071316394,2.381619381223096,-1.1665345444136164,-3.296584760626437e-08,fitted
D12_I5_N,NT,1,37,corridor_all_periods,PeMS::D12_I5_N::L5N-132,nearest median capacity among participating cubic-supported detectors,0.4326947176145229,7.440247361926498,3.880094414796485,1.0950814475203023,1.0319513382002132,0.5711776848269564,0.3319749441213607,0.7891126472686983,1133.599372822974,68.72198042606713,0.192,220.0,7.4837360993774915,CO2,1.2,0.018531366169755932,2.1461529121764342,0.000690585150657002,4.631250084385895,1.0,55.38506223555838,h^(-beta_e),2.8827643302847754,7.4402465434992955,201.0,1001.0,True,False,True,0.006699431246610809,0.002117886032975692,0.0898779100508794,0.630494707113313,5.8081794339922366e-08,1.122391232843139,fitted
D12_I5_N,NT,1,37,corridor_all_periods,PeMS::D12_I5_N::L5N-132,nearest median capacity among participating cubic-supported detectors,0.4326947176145229,7.440247361926498,3.880094414796485,1.0950814475203023,1.0319513382002132,0.5711776848269564,0.3319749441213607,0.7891126472686983,1133.599372822974,68.72198042606713,0.192,220.0,7.4837360993774915,NOx,1.1,0.20038529261501542,0.10119095875728441,0.1888752398049883,1.7942563170436248,-1.0,0.08030521498085366,h^(-beta_e),0.43269476521094224,7.4402465434992955,201.0,1001.0,True,False,True,0.001431318973565583,0.000534434703591154,0.002320914900826353,0.10989380094752235,-1.0024356453989545,-0.9941658233587,fitted
D12_I5_N,NT,1,37,corridor_all_periods,PeMS::D12_I5_N::L5N-132,nearest median capacity among participating cubic-supported detectors,0.4326947176145229,7.440247361926498,3.880094414796485,1.0950814475203023,1.0319513382002132,0.5711776848269564,0.3319749441213607,0.7891126472686983,1133.599372822974,68.72198042606713,0.192,220.0,7.4837360993774915,CO,1.1,0.16601105518589312,0.41849023036542027,0.1299836816812348,1.7942563170436248,1.0,0.35563337396144995,h^(-beta_e),0.43269476521094224,7.4402465434992955,201.0,1001.0,True,False,True,0.002377123361535759,0.0008407655577614438,0.005258190973127756,0.08232844301670657,0.9717233605332996,1.0072715875138354,fitted
D12_I5_N,NT,1,37,corridor_all_periods,PeMS::D12_I5_N::L5N-132,nearest median capacity among participating cubic-supported detectors,0.4326947176145229,7.440247361926498,3.880094414796485,1.0950814475203023,1.0319513382002132,0.5711776848269564,0.3319749441213607,0.7891126472686983,1133.599372822974,68.72198042606713,0.192,220.0,7.4837360993774915,HC,1.1,0.16389435804940944,0.4333341374584048,0.12721759750000508,1.7942563170436248,1.0,0.014801878419863357,h^(-beta_e),0.43269476521094224,7.4402465434992955,201.0,1001.0,True,False,True,0.0012790950958189908,0.00048192879173248053,0.003056134189281787,0.019221837652389426,0.9924336101235481,1.0039269497456738,fitted
D12_I5_S,AM,42,42,corridor_period,PeMS::D12_I5_S::L5S-083,nearest median capacity among participating cubic-supported detectors,0.5721829080408543,3.577676363220585,2.012165146373347,1.1194930392880404,1.0308417618895644,0.4819823587442288,0.8871068054286773,0.7812577427578122,1241.522608695652,72.2036956521739,0.0404,220.0,7.143180769985533,CO2,1.1,0.02151994681803541,0.09751269476633034,0.02236396711883034,0.6740029265844044,-1.0,11.788567312597827,h^(-beta_e),0.5721829709809747,0.7939417425609595,201.0,1001.0,True,False,True,0.00011152916968108558,4.137158037234724e-05,0.002182954232024671,0.4532660366004926,-1.002451389511741,-0.9950104873488725,fitted
D12_I5_S,AM,42,42,corridor_period,PeMS::D12_I5_S::L5S-083,nearest median capacity among participating cubic-supported detectors,0.5721829080408543,3.577676363220585,2.012165146373347,1.1194930392880404,1.0308417618895644,0.4819823587442288,0.8871068054286773,0.7812577427578122,1241.522608695652,72.2036956521739,0.0404,220.0,7.143180769985533,CO2,1.2,0.014916436784612096,-0.935668811803909,0.02114426451570189,1.451929894285636,-1.0,11.788567312597827,h^(-beta_e),0.7939417584397945,2.6552330766213976,201.0,1001.0,True,False,True,0.008479552554986173,0.0027220107143503614,0.21900078432463968,1.6785057996880257,-1.204035070468309,-5.768960755006574e-08,fitted
D12_I5_S,AM,42,42,corridor_period,PeMS::D12_I5_S::L5S-083,nearest median capacity among participating cubic-supported detectors,0.5721829080408543,3.577676363220585,2.012165146373347,1.1194930392880404,1.0308417618895644,0.4819823587442288,0.8871068054286773,0.7812577427578122,1241.522608695652,72.2036956521739,0.0404,220.0,7.143180769985533,CO2,1.3,0.0073960995671129015,6.86352352425169,3.264049277364935e-06,3.082136233541441,1.0,11.788567312597827,h^(-beta_e),2.6552331297260596,3.577675969676189,201.0,1001.0,True,False,True,0.0026582461755347004,0.0008894630606710456,0.10099889682409367,0.8090070365600188,1.8402428286574793e-07,1.121599181594758,fitted
D12_I5_S,AM,42,42,corridor_period,PeMS::D12_I5_S::L5S-083,nearest median capacity among participating cubic-supported detectors,0.5721829080408543,3.577676363220585,2.012165146373347,1.1194930392880404,1.0308417618895644,0.4819823587442288,0.8871068054286773,0.7812577427578122,1241.522608695652,72.2036956521739,0.0404,220.0,7.143180769985533,NOx,1.1,0.19208701098994518,0.7031273875932612,0.14931859713164644,1.4307638748362923,-1.0,0.017451402279721792,h^(-beta_e),0.5721829709809747,3.577675969676189,201.0,1001.0,True,False,True,0.0005672876272409073,0.00017039417593464444,0.0005733875019254127,0.006624091998719896,-1.0007237313310953,-0.9972974383394704,fitted
D12_I5_S,AM,42,42,corridor_period,PeMS::D12_I5_S::L5S-083,nearest median capacity among participating cubic-supported detectors,0.5721829080408543,3.577676363220585,2.012165146373347,1.1194930392880404,1.0308417618895644,0.4819823587442288,0.8871068054286773,0.7812577427578122,1241.522608695652,72.2036956521739,0.0404,220.0,7.143180769985533,CO,1.1,0.1617749465966322,0.9825624211074868,0.11377740587774003,1.4307638748362923,1.0,0.07414880783123272,h^(-beta_e),0.5721829709809747,3.577675969676189,201.0,1001.0,True,False,True,0.0006711161644055531,0.0002619425598541783,0.0014914737464278302,0.013977382436308933,0.9891272856341133,1.0020466276662041,fitted
D12_I5_S,AM,42,42,corridor_period,PeMS::D12_I5_S::L5S-083,nearest median capacity among participating cubic-supported detectors,0.5721829080408543,3.577676363220585,2.012165146373347,1.1194930392880404,1.0308417618895644,0.4819823587442288,0.8871068054286773,0.7812577427578122,1241.522608695652,72.2036956521739,0.0404,220.0,7.143180769985533,HC,1.1,0.1638237518590971,0.9918928414461418,0.1148339003186695,1.4307638748362923,1.0,0.003059157523542174,h^(-beta_e),0.5721829709809747,3.577675969676189,201.0,1001.0,True,False,True,0.00033040474481051,0.0001196581436576719,0.0006817655333231318,0.00768545486722745,0.9968246371181168,1.000894524900859,fitted
D12_I5_S,MD,0,59,corridor_all_periods,PeMS::D12_I5_S::L5S-174,nearest median capacity among participating cubic-supported detectors,0.4951043127133344,3.577676363220585,1.945299290361924,1.0884668732713347,1.0357878232411757,0.5647231368289346,0.6287442318822004,0.7854871194024728,1243.448932645027,71.7991773052975,0.0963,220.0,7.323449456410197,CO2,1.1,0.0492931876406735,0.08202899076555294,0.051080635879838,0.6477621365052296,-1.0,28.0658826398595,h^(-beta_e),0.49510436717480927,0.8474895664607837,201.0,1001.0,True,False,True,0.0003682340922102757,0.00013856776606895808,0.0030984740858710693,0.46848042475672697,-1.0034727481357228,-0.9930582798594493,fitted
D12_I5_S,MD,0,59,corridor_all_periods,PeMS::D12_I5_S::L5S-174,nearest median capacity among participating cubic-supported detectors,0.4951043127133344,3.577676363220585,1.945299290361924,1.0884668732713347,1.0357878232411757,0.5647231368289346,0.6287442318822004,0.7854871194024728,1243.448932645027,71.7991773052975,0.0963,220.0,7.323449456410197,CO2,1.2,0.04082311647945164,-0.4335625604551795,0.051920320779678945,1.7412762897136396,-1.0,28.0658826398595,h^(-beta_e),0.8474895834105751,3.577675969676189,201.0,1001.0,True,False,True,0.009068998445260431,0.003144656303655462,0.09291007186988669,2.005187854197476,-1.0885069959060365,-0.7028151681822236,fitted
D12_I5_S,MD,0,59,corridor_all_periods,PeMS::D12_I5_S::L5S-174,nearest median capacity among participating cubic-supported detectors,0.4951043127133344,3.577676363220585,1.945299290361924,1.0884668732713347,1.0357878232411757,0.5647231368289346,0.6287442318822004,0.7854871194024728,1243.448932645027,71.7991773052975,0.0963,220.0,7.323449456410197,NOx,1.1,0.22866150042183656,0.41326160162544984,0.20318286679996317,1.3309105893797117,-1.0,0.041453113315322296,h^(-beta_e),0.49510436717480927,3.577675969676189,201.0,1001.0,True,False,True,0.001153360795253993,0.00041870391110441276,0.0013120184671775162,0.0381534279992762,-1.0016663448365093,-0.994057848804195,fitted
D12_I5_S,MD,0,59,corridor_all_periods,PeMS::D12_I5_S::L5S-174,nearest median capacity among participating cubic-supported detectors,0.4951043127133344,3.577676363220585,1.945299290361924,1.0884668732713347,1.0357878232411757,0.5647231368289346,0.6287442318822004,0.7854871194024728,1243.448932645027,71.7991773052975,0.0963,220.0,7.323449456410197,CO,1.1,0.1467749752903035,0.7532997814356581,0.11833976196066846,1.3309105893797117,1.0,0.17692651760057174,h^(-beta_e),0.49510436717480927,3.577675969676189,201.0,1001.0,True,False,True,0.0013692172480722572,0.000527949455382736,0.0035130811045383063,0.03888712441372216,0.9790111506705815,1.0047812640940215,fitted
D12_I5_S,MD,0,59,corridor_all_periods,PeMS::D12_I5_S::L5S-174,nearest median capacity among participating cubic-supported detectors,0.4951043127133344,3.577676363220585,1.945299290361924,1.0884668732713347,1.0357878232411757,0.5647231368289346,0.6287442318822004,0.7854871194024728,1243.448932645027,71.7991773052975,0.0963,220.0,7.323449456410197,HC,1.1,0.14883778919970556,0.7430143509775895,0.1203562951303708,1.3309105893797117,1.0,0.007307838371136367,h^(-beta_e),0.49510436717480927,3.577675969676189,201.0,1001.0,True,False,True,0.001025097065865036,0.00017913704483127831,0.0012263786780518974,0.06919728879923916,0.9975189045954922,1.0154004353461732,fitted
D12_I5_S,PM,17,17,corridor_period,PeMS::D12_I5_S::L5S-185,nearest median capacity among participating cubic-supported detectors,0.4951043127133344,2.8517041796795146,1.291051429288909,1.0469665074095271,0.9737926137278072,0.6837686791053256,0.3024774154539397,0.787935820366546,1432.9152302351267,72.20558997995316,0.1864,220.0,7.43110714622778,CO2,1.1,0.08369175590872573,0.573127857491828,0.11302395782422434,0.5920022380826239,-1.0,54.391120565276545,h^(-beta_e),0.49510436717480927,0.7078641860799715,201.0,1001.0,True,False,True,0.00010501427491634007,3.9549127571505196e-05,0.0004972605412670862,0.03124971668073198,-1.0005629171072712,-0.998794877513038,fitted
D12_I5_S,PM,17,17,corridor_period,PeMS::D12_I5_S::L5S-185,nearest median capacity among participating cubic-supported detectors,0.4951043127133344,2.8517041796795146,1.291051429288909,1.0469665074095271,0.9737926137278072,0.6837686791053256,0.3024774154539397,0.787935820366546,1432.9152302351267,72.20558997995316,0.1864,220.0,7.43110714622778,NOx,1.1,0.24878657987185238,0.42810152481915403,0.31138355417253283,0.5920022380826239,-1.0,0.08051965685225826,h^(-beta_e),0.49510436717480927,0.7078641860799715,201.0,1001.0,True,False,True,7.874435613750981e-05,2.8514959662796856e-05,9.906842161451994e-05,0.007975910110111546,-1.000111690355796,-0.999773431741566,fitted
D12_I5_S,PM,17,17,corridor_period,PeMS::D12_I5_S::L5S-185,nearest median capacity among participating cubic-supported detectors,0.4951043127133344,2.8517041796795146,1.291051429288909,1.0469665074095271,0.9737926137278072,0.6837686791053256,0.3024774154539397,0.787935820366546,1432.9152302351267,72.20558997995316,0.1864,220.0,7.43110714622778,CO,1.1,0.10355719444274017,0.19264611737868048,0.11456218785296952,0.5920022380826239,1.0,0.3421106919230384,h^(-beta_e),0.49510436717480927,0.7078641860799715,201.0,1001.0,True,False,True,1.6298940120008245e-05,6.248424568536312e-06,7.705903230705962e-05,0.015214200023550584,0.999820799304977,1.0000871074981186,fitted
D12_I5_S,PM,17,17,corridor_period,PeMS::D12_I5_S::L5S-185,nearest median capacity among participating cubic-supported detectors,0.4951043127133344,2.8517041796795146,1.291051429288909,1.0469665074095271,0.9737926137278072,0.6837686791053256,0.3024774154539397,0.787935820366546,1432.9152302351267,72.20558997995316,0.1864,220.0,7.43110714622778,HC,1.1,0.11446288049901503,0.30076614588574135,0.13401150972949594,0.5920022380826239,1.0,0.01411438457595432,h^(-beta_e),0.49510436717480927,0.7078641860799715,201.0,1001.0,True,False,True,9.642356394523362e-05,3.608582673494425e-05,0.0004065476802462469,0.049240846839389875,0.9995422981927323,1.0009102769027232,fitted
D12_I5_S,NT,0,59,corridor_all_periods,PeMS::D12_I5_S::L5S-174,nearest median capacity among participating cubic-supported detectors,0.4951043127133344,3.577676363220585,1.945299290361924,1.0884668732713347,1.0357878232411757,0.5647231368289346,0.6287442318822004,0.7854871194024728,1243.448932645027,71.7991773052975,0.0963,220.0,7.323449456410197,CO2,1.1,0.0492931876406735,0.08202899076555294,0.051080635879838,0.6477621365052296,-1.0,28.0658826398595,h^(-beta_e),0.49510436717480927,0.8474895664607837,201.0,1001.0,True,False,True,0.0003682340922102757,0.00013856776606895808,0.0030984740858710693,0.46848042475672697,-1.0034727481357228,-0.9930582798594493,fitted
D12_I5_S,NT,0,59,corridor_all_periods,PeMS::D12_I5_S::L5S-174,nearest median capacity among participating cubic-supported detectors,0.4951043127133344,3.577676363220585,1.945299290361924,1.0884668732713347,1.0357878232411757,0.5647231368289346,0.6287442318822004,0.7854871194024728,1243.448932645027,71.7991773052975,0.0963,220.0,7.323449456410197,CO2,1.2,0.04082311647945164,-0.4335625604551795,0.051920320779678945,1.7412762897136396,-1.0,28.0658826398595,h^(-beta_e),0.8474895834105751,3.577675969676189,201.0,1001.0,True,False,True,0.009068998445260431,0.003144656303655462,0.09291007186988669,2.005187854197476,-1.0885069959060365,-0.7028151681822236,fitted
D12_I5_S,NT,0,59,corridor_all_periods,PeMS::D12_I5_S::L5S-174,nearest median capacity among participating cubic-supported detectors,0.4951043127133344,3.577676363220585,1.945299290361924,1.0884668732713347,1.0357878232411757,0.5647231368289346,0.6287442318822004,0.7854871194024728,1243.448932645027,71.7991773052975,0.0963,220.0,7.323449456410197,NOx,1.1,0.22866150042183656,0.41326160162544984,0.20318286679996317,1.3309105893797117,-1.0,0.041453113315322296,h^(-beta_e),0.49510436717480927,3.577675969676189,201.0,1001.0,True,False,True,0.001153360795253993,0.00041870391110441276,0.0013120184671775162,0.0381534279992762,-1.0016663448365093,-0.994057848804195,fitted
D12_I5_S,NT,0,59,corridor_all_periods,PeMS::D12_I5_S::L5S-174,nearest median capacity among participating cubic-supported detectors,0.4951043127133344,3.577676363220585,1.945299290361924,1.0884668732713347,1.0357878232411757,0.5647231368289346,0.6287442318822004,0.7854871194024728,1243.448932645027,71.7991773052975,0.0963,220.0,7.323449456410197,CO,1.1,0.1467749752903035,0.7532997814356581,0.11833976196066846,1.3309105893797117,1.0,0.17692651760057174,h^(-beta_e),0.49510436717480927,3.577675969676189,201.0,1001.0,True,False,True,0.0013692172480722572,0.000527949455382736,0.0035130811045383063,0.03888712441372216,0.9790111506705815,1.0047812640940215,fitted
D12_I5_S,NT,0,59,corridor_all_periods,PeMS::D12_I5_S::L5S-174,nearest median capacity among participating cubic-supported detectors,0.4951043127133344,3.577676363220585,1.945299290361924,1.0884668732713347,1.0357878232411757,0.5647231368289346,0.6287442318822004,0.7854871194024728,1243.448932645027,71.7991773052975,0.0963,220.0,7.323449456410197,HC,1.1,0.14883778919970556,0.7430143509775895,0.1203562951303708,1.3309105893797117,1.0,0.007307838371136367,h^(-beta_e),0.49510436717480927,3.577675969676189,201.0,1001.0,True,False,True,0.001025097065865036,0.00017913704483127831,0.0012263786780518974,0.06919728879923916,0.9975189045954922,1.0154004353461732,fitted
D7_I10_E,AM,5,23,corridor_all_periods,PeMS::D7_I10_E::L10E-214,nearest median capacity among participating cubic-supported detectors,0.6197546917514648,8.760340890209694,5.8671983793886175,1.0595126839963975,1.016582383397227,0.5583298400842733,0.5867351821124374,0.6576863444889413,1330.0828675075054,68.96647498221901,0.0889,220.0,3.557137119757692,CO2,1.1,0.06554073507062852,0.3765363780670463,0.06521849461087643,1.0131758048783333,-1.0,25.667042229787366,h^(-beta_e),0.6197547599244815,1.6563409883547207,201.0,1001.0,True,False,True,0.0002925734423804298,0.0001085058221613732,0.0017222645655889037,0.05810587043509155,-1.0019749808542509,-0.995473853773991,fitted
D7_I10_E,AM,5,23,corridor_all_periods,PeMS::D7_I10_E::L10E-214,nearest median capacity among participating cubic-supported detectors,0.6197546917514648,8.760340890209694,5.8671983793886175,1.0595126839963975,1.016582383397227,0.5583298400842733,0.5867351821124374,0.6576863444889413,1330.0828675075054,68.96647498221901,0.0889,220.0,3.557137119757692,NOx,1.1,0.20886029406752138,0.49949449441661325,0.20749916519058084,1.0131758048783333,-1.0,0.037273340158609794,h^(-beta_e),0.6197547599244815,1.6563409883547207,201.0,1001.0,True,False,True,0.00014703170768340414,5.460888672712028e-05,0.0002227917445125717,0.007154117167347214,-1.000262091112678,-0.9993169991898944,fitted
D7_I10_E,AM,5,23,corridor_all_periods,PeMS::D7_I10_E::L10E-214,nearest median capacity among participating cubic-supported detectors,0.6197546917514648,8.760340890209694,5.8671983793886175,1.0595126839963975,1.016582383397227,0.5583298400842733,0.5867351821124374,0.6576863444889413,1330.0828675075054,68.96647498221901,0.0889,220.0,3.557137119757692,CO,1.1,0.09135970700506703,0.6616242161455564,0.09057190244023032,1.0131758048783333,1.0,0.1645548965128974,h^(-beta_e),0.6197547599244815,1.6563409883547207,201.0,1001.0,True,False,True,5.927542450880922e-05,2.238081437449892e-05,0.000287473123752618,0.005874902664163712,0.9991170101975059,1.0003382539646863,fitted
D7_I10_E,AM,5,23,corridor_all_periods,PeMS::D7_I10_E::L10E-214,nearest median capacity among participating cubic-supported detectors,0.6197546917514648,8.760340890209694,5.8671983793886175,1.0595126839963975,1.016582383397227,0.5583298400842733,0.5867351821124374,0.6576863444889413,1330.0828675075054,68.96647498221901,0.0889,220.0,3.557137119757692,HC,1.1,0.09355707598331217,0.6163884434367634,0.09280525935134687,1.0131758048783333,1.0,0.00684528216874322,h^(-beta_e),0.6197547599244815,1.6563409883547207,201.0,1001.0,True,False,True,0.00018884033773424095,6.966614591835077e-05,0.0008800791789308391,0.02458036465233532,0.9989514292491729,1.0029221141312856,fitted
D7_I10_E,MD,3,23,corridor_all_periods,PeMS::D7_I10_E::L10E-214,nearest median capacity among participating cubic-supported detectors,0.6197546917514648,8.760340890209694,5.8671983793886175,1.0595126839963975,1.016582383397227,0.5583298400842733,0.5867351821124374,0.6576863444889413,1330.0828675075054,68.96647498221901,0.0889,220.0,3.557137119757692,CO2,1.1,0.06554073507062852,0.3765363780670463,0.06521849461087643,1.0131758048783333,-1.0,25.667042229787366,h^(-beta_e),0.6197547599244815,1.6563409883547207,201.0,1001.0,True,False,True,0.0002925734423804298,0.0001085058221613732,0.0017222645655889037,0.05810587043509155,-1.0019749808542509,-0.995473853773991,fitted
D7_I10_E,MD,3,23,corridor_all_periods,PeMS::D7_I10_E::L10E-214,nearest median capacity among participating cubic-supported detectors,0.6197546917514648,8.760340890209694,5.8671983793886175,1.0595126839963975,1.016582383397227,0.5583298400842733,0.5867351821124374,0.6576863444889413,1330.0828675075054,68.96647498221901,0.0889,220.0,3.557137119757692,NOx,1.1,0.20886029406752138,0.49949449441661325,0.20749916519058084,1.0131758048783333,-1.0,0.037273340158609794,h^(-beta_e),0.6197547599244815,1.6563409883547207,201.0,1001.0,True,False,True,0.00014703170768340414,5.460888672712028e-05,0.0002227917445125717,0.007154117167347214,-1.000262091112678,-0.9993169991898944,fitted
D7_I10_E,MD,3,23,corridor_all_periods,PeMS::D7_I10_E::L10E-214,nearest median capacity among participating cubic-supported detectors,0.6197546917514648,8.760340890209694,5.8671983793886175,1.0595126839963975,1.016582383397227,0.5583298400842733,0.5867351821124374,0.6576863444889413,1330.0828675075054,68.96647498221901,0.0889,220.0,3.557137119757692,CO,1.1,0.09135970700506703,0.6616242161455564,0.09057190244023032,1.0131758048783333,1.0,0.1645548965128974,h^(-beta_e),0.6197547599244815,1.6563409883547207,201.0,1001.0,True,False,True,5.927542450880922e-05,2.238081437449892e-05,0.000287473123752618,0.005874902664163712,0.9991170101975059,1.0003382539646863,fitted
D7_I10_E,MD,3,23,corridor_all_periods,PeMS::D7_I10_E::L10E-214,nearest median capacity among participating cubic-supported detectors,0.6197546917514648,8.760340890209694,5.8671983793886175,1.0595126839963975,1.016582383397227,0.5583298400842733,0.5867351821124374,0.6576863444889413,1330.0828675075054,68.96647498221901,0.0889,220.0,3.557137119757692,HC,1.1,0.09355707598331217,0.6163884434367634,0.09280525935134687,1.0131758048783333,1.0,0.00684528216874322,h^(-beta_e),0.6197547599244815,1.6563409883547207,201.0,1001.0,True,False,True,0.00018884033773424095,6.966614591835077e-05,0.0008800791789308391,0.02458036465233532,0.9989514292491729,1.0029221141312856,fitted
D7_I10_E,PM,15,15,corridor_period,PeMS::D7_I10_E::L10E-214,nearest median capacity among participating cubic-supported detectors,1.6080873470089874,8.760340890209694,6.317299895693677,1.1496493415609208,0.9725510182682272,0.2159925759172105,1.1491174153228814,0.6233252791378618,1330.0828675075054,68.96647498221901,0.0889,220.0,3.0962658274224797,CO2,1.1,0.024090983218638066,1.9990065507438373,0.003696453964926521,2.5540941137057445,-1.0,25.667042229787366,h^(-beta_e),1.6080875238985972,4.056617966820122,201.0,1001.0,True,False,True,0.0012571414400154319,0.0004664813520857645,0.015045317351563257,0.12684618230985417,-1.0194124685918111,-0.884162852555232,fitted
D7_I10_E,PM,15,15,corridor_period,PeMS::D7_I10_E::L10E-214,nearest median capacity among participating cubic-supported detectors,1.6080873470089874,8.760340890209694,6.317299895693677,1.1496493415609208,0.9725510182682272,0.2159925759172105,1.1491174153228814,0.6233252791378618,1330.0828675075054,68.96647498221901,0.0889,220.0,3.0962658274224797,NOx,1.1,0.17386566326973207,1.2943455892507103,0.05165454510625157,2.5540941137057445,-1.0,0.037273340158609794,h^(-beta_e),1.6080875238985972,4.056617966820122,201.0,1001.0,True,False,True,8.802912513295124e-05,2.658094429103281e-05,0.00011512402280014573,0.0015494811470569143,-1.0001393435792634,-0.9995162808287531,fitted
D7_I10_E,PM,15,15,corridor_period,PeMS::D7_I10_E::L10E-214,nearest median capacity among participating cubic-supported detectors,1.6080873470089874,8.760340890209694,6.317299895693677,1.1496493415609208,0.9725510182682272,0.2159925759172105,1.1491174153228814,0.6233252791378618,1330.0828675075054,68.96647498221901,0.0889,220.0,3.0962658274224797,CO,1.1,0.12805702261451635,1.0497501088995616,0.0478526974520872,2.5540941137057445,1.0,0.1645548965128974,h^(-beta_e),1.6080875238985972,4.056617966820122,201.0,1001.0,True,False,True,0.0001332865685747056,4.94782383312371e-05,0.00044562632752970287,0.007237204153215152,0.9983936567285956,1.0005323298006812,fitted
D7_I10_E,PM,15,15,corridor_period,PeMS::D7_I10_E::L10E-214,nearest median capacity among participating cubic-supported detectors,1.6080873470089874,8.760340890209694,6.317299895693677,1.1496493415609208,0.9725510182682272,0.2159925759172105,1.1491174153228814,0.6233252791378618,1330.0828675075054,68.96647498221901,0.0889,220.0,3.0962658274224797,HC,1.1,0.1255723014014645,1.0434278126269796,0.0472032118078311,2.5540941137057445,1.0,0.00684528216874322,h^(-beta_e),1.6080875238985972,4.056617966820122,201.0,1001.0,True,False,True,3.251520315220796e-05,1.0703277499483755e-05,9.720830150563661e-05,0.0020402032981039707,0.9995478896601668,1.0001271174926403,fitted
D7_I10_E,NT,0,23,corridor_all_periods,PeMS::D7_I10_E::L10E-214,nearest median capacity among participating cubic-supported detectors,0.6197546917514648,8.760340890209694,5.8671983793886175,1.0595126839963975,1.016582383397227,0.5583298400842733,0.5867351821124374,0.6576863444889413,1330.0828675075054,68.96647498221901,0.0889,220.0,3.557137119757692,CO2,1.1,0.06554073507062852,0.3765363780670463,0.06521849461087643,1.0131758048783333,-1.0,25.667042229787366,h^(-beta_e),0.6197547599244815,1.6563409883547207,201.0,1001.0,True,False,True,0.0002925734423804298,0.0001085058221613732,0.0017222645655889037,0.05810587043509155,-1.0019749808542509,-0.995473853773991,fitted
D7_I10_E,NT,0,23,corridor_all_periods,PeMS::D7_I10_E::L10E-214,nearest median capacity among participating cubic-supported detectors,0.6197546917514648,8.760340890209694,5.8671983793886175,1.0595126839963975,1.016582383397227,0.5583298400842733,0.5867351821124374,0.6576863444889413,1330.0828675075054,68.96647498221901,0.0889,220.0,3.557137119757692,NOx,1.1,0.20886029406752138,0.49949449441661325,0.20749916519058084,1.0131758048783333,-1.0,0.037273340158609794,h^(-beta_e),0.6197547599244815,1.6563409883547207,201.0,1001.0,True,False,True,0.00014703170768340414,5.460888672712028e-05,0.0002227917445125717,0.007154117167347214,-1.000262091112678,-0.9993169991898944,fitted
D7_I10_E,NT,0,23,corridor_all_periods,PeMS::D7_I10_E::L10E-214,nearest median capacity among participating cubic-supported detectors,0.6197546917514648,8.760340890209694,5.8671983793886175,1.0595126839963975,1.016582383397227,0.5583298400842733,0.5867351821124374,0.6576863444889413,1330.0828675075054,68.96647498221901,0.0889,220.0,3.557137119757692,CO,1.1,0.09135970700506703,0.6616242161455564,0.09057190244023032,1.0131758048783333,1.0,0.1645548965128974,h^(-beta_e),0.6197547599244815,1.6563409883547207,201.0,1001.0,True,False,True,5.927542450880922e-05,2.238081437449892e-05,0.000287473123752618,0.005874902664163712,0.9991170101975059,1.0003382539646863,fitted
D7_I10_E,NT,0,23,corridor_all_periods,PeMS::D7_I10_E::L10E-214,nearest median capacity among participating cubic-supported detectors,0.6197546917514648,8.760340890209694,5.8671983793886175,1.0595126839963975,1.016582383397227,0.5583298400842733,0.5867351821124374,0.6576863444889413,1330.0828675075054,68.96647498221901,0.0889,220.0,3.557137119757692,HC,1.1,0.09355707598331217,0.6163884434367634,0.09280525935134687,1.0131758048783333,1.0,0.00684528216874322,h^(-beta_e),0.6197547599244815,1.6563409883547207,201.0,1001.0,True,False,True,0.00018884033773424095,6.966614591835077e-05,0.0008800791789308391,0.02458036465233532,0.9989514292491729,1.0029221141312856,fitted
D7_I10_W,AM,26,26,corridor_period,PeMS::D7_I10_W::L10W-084,nearest median capacity among participating cubic-supported detectors,0.7615971219376251,7.221374829402467,3.4058874036957385,1.0661326851232302,1.0030818253761506,0.4945362210794696,0.5406357821612428,0.7421465046958853,1359.7055217254951,67.92813036719309,0.1541,220.0,5.756342405369305,CO2,1.1,0.06748417508050077,0.49805049882711305,0.06051134069124658,1.2448044607930107,-1.0,44.32201216437908,h^(-beta_e),0.7615972057133092,2.034590114020818,201.0,1001.0,True,False,True,1.0872299056049071e-05,3.9947335747544845e-06,6.028252234799253e-05,0.0016578151408093845,-1.000069944854929,-0.9998298945919765,fitted
D7_I10_W,AM,26,26,corridor_period,PeMS::D7_I10_W::L10W-084,nearest median capacity among participating cubic-supported detectors,0.7615971219376251,7.221374829402467,3.4058874036957385,1.0661326851232302,1.0030818253761506,0.4945362210794696,0.5406357821612428,0.7421465046958853,1359.7055217254951,67.92813036719309,0.1541,220.0,5.756342405369305,NOx,1.1,0.2289848546239895,0.5240862563453783,0.2041576039791932,1.2448044607930107,-1.0,0.06393633937634956,h^(-beta_e),0.7615972057133092,2.034590114020818,201.0,1001.0,True,False,True,4.444902196556311e-06,1.5626835083043908e-06,5.624359621242683e-06,0.00015277496663677076,-1.0000065599995767,-0.9999836106745039,fitted
D7_I10_W,AM,26,26,corridor_period,PeMS::D7_I10_W::L10W-084,nearest median capacity among participating cubic-supported detectors,0.7615971219376251,7.221374829402467,3.4058874036957385,1.0661326851232302,1.0030818253761506,0.4945362210794696,0.5406357821612428,0.7421465046958853,1359.7055217254951,67.92813036719309,0.1541,220.0,5.756342405369305,CO,1.1,0.10653471924185352,0.5535351414420401,0.09437334420653588,1.2448044607930107,1.0,0.2860671980449313,h^(-beta_e),0.7615972057133092,2.034590114020818,201.0,1001.0,True,False,True,2.26060792700558e-06,8.62984262733568e-07,9.808271635774356e-06,0.0002463549974333392,0.999971317281999,1.0000114422462,fitted
D7_I10_W,AM,26,26,corridor_period,PeMS::D7_I10_W::L10W-084,nearest median capacity among participating cubic-supported detectors,0.7615971219376251,7.221374829402467,3.4058874036957385,1.0661326851232302,1.0030818253761506,0.4945362210794696,0.5406357821612428,0.7421465046958853,1359.7055217254951,67.92813036719309,0.1541,220.0,5.756342405369305,HC,1.1,0.10574175534016739,0.5480031535526988,0.09378444077640018,1.2448044607930107,1.0,0.011926330024239627,h^(-beta_e),0.7615972057133092,2.034590114020818,201.0,1001.0,True,False,True,4.657358212496981e-06,1.8002347385162852e-06,2.0602045445769683e-05,0.0005423312095954055,0.9999759002151578,1.0000611687919012,fitted
D7_I10_W,MD,1,30,corridor_all_periods,PeMS::D7_I10_W::L10W-084,nearest median capacity among participating cubic-supported detectors,0.5464997413178933,7.221374829402467,3.0601137442496182,1.0471059671714955,1.017484835632129,0.570513881260172,0.4004929861594133,0.7556973297196432,1359.7055217254951,67.92813036719309,0.1541,220.0,6.186566269230052,CO2,unavailable,,,,,,,,,,,,,,,,,,,,,no_admitted_reference_interval
D7_I10_W,MD,1,30,corridor_all_periods,PeMS::D7_I10_W::L10W-084,nearest median capacity among participating cubic-supported detectors,0.5464997413178933,7.221374829402467,3.0601137442496182,1.0471059671714955,1.017484835632129,0.570513881260172,0.4004929861594133,0.7556973297196432,1359.7055217254951,67.92813036719309,0.1541,220.0,6.186566269230052,NOx,unavailable,,,,,,,,,,,,,,,,,,,,,no_admitted_reference_interval
D7_I10_W,MD,1,30,corridor_all_periods,PeMS::D7_I10_W::L10W-084,nearest median capacity among participating cubic-supported detectors,0.5464997413178933,7.221374829402467,3.0601137442496182,1.0471059671714955,1.017484835632129,0.570513881260172,0.4004929861594133,0.7556973297196432,1359.7055217254951,67.92813036719309,0.1541,220.0,6.186566269230052,CO,unavailable,,,,,,,,,,,,,,,,,,,,,no_admitted_reference_interval
D7_I10_W,MD,1,30,corridor_all_periods,PeMS::D7_I10_W::L10W-084,nearest median capacity among participating cubic-supported detectors,0.5464997413178933,7.221374829402467,3.0601137442496182,1.0471059671714955,1.017484835632129,0.570513881260172,0.4004929861594133,0.7556973297196432,1359.7055217254951,67.92813036719309,0.1541,220.0,6.186566269230052,HC,unavailable,,,,,,,,,,,,,,,,,,,,,no_admitted_reference_interval
D7_I10_W,PM,3,30,corridor_all_periods,PeMS::D7_I10_W::L10W-084,nearest median capacity among participating cubic-supported detectors,0.5464997413178933,7.221374829402467,3.0601137442496182,1.0471059671714955,1.017484835632129,0.570513881260172,0.4004929861594133,0.7556973297196432,1359.7055217254951,67.92813036719309,0.1541,220.0,6.186566269230052,CO2,unavailable,,,,,,,,,,,,,,,,,,,,,no_admitted_reference_interval
D7_I10_W,PM,3,30,corridor_all_periods,PeMS::D7_I10_W::L10W-084,nearest median capacity among participating cubic-supported detectors,0.5464997413178933,7.221374829402467,3.0601137442496182,1.0471059671714955,1.017484835632129,0.570513881260172,0.4004929861594133,0.7556973297196432,1359.7055217254951,67.92813036719309,0.1541,220.0,6.186566269230052,NOx,unavailable,,,,,,,,,,,,,,,,,,,,,no_admitted_reference_interval
D7_I10_W,PM,3,30,corridor_all_periods,PeMS::D7_I10_W::L10W-084,nearest median capacity among participating cubic-supported detectors,0.5464997413178933,7.221374829402467,3.0601137442496182,1.0471059671714955,1.017484835632129,0.570513881260172,0.4004929861594133,0.7556973297196432,1359.7055217254951,67.92813036719309,0.1541,220.0,6.186566269230052,CO,unavailable,,,,,,,,,,,,,,,,,,,,,no_admitted_reference_interval
D7_I10_W,PM,3,30,corridor_all_periods,PeMS::D7_I10_W::L10W-084,nearest median capacity among participating cubic-supported detectors,0.5464997413178933,7.221374829402467,3.0601137442496182,1.0471059671714955,1.017484835632129,0.570513881260172,0.4004929861594133,0.7556973297196432,1359.7055217254951,67.92813036719309,0.1541,220.0,6.186566269230052,HC,unavailable,,,,,,,,,,,,,,,,,,,,,no_admitted_reference_interval
D7_I10_W,NT,0,30,corridor_all_periods,PeMS::D7_I10_W::L10W-084,nearest median capacity among participating cubic-supported detectors,0.5464997413178933,7.221374829402467,3.0601137442496182,1.0471059671714955,1.017484835632129,0.570513881260172,0.4004929861594133,0.7556973297196432,1359.7055217254951,67.92813036719309,0.1541,220.0,6.186566269230052,CO2,unavailable,,,,,,,,,,,,,,,,,,,,,no_admitted_reference_interval
D7_I10_W,NT,0,30,corridor_all_periods,PeMS::D7_I10_W::L10W-084,nearest median capacity among participating cubic-supported detectors,0.5464997413178933,7.221374829402467,3.0601137442496182,1.0471059671714955,1.017484835632129,0.570513881260172,0.4004929861594133,0.7556973297196432,1359.7055217254951,67.92813036719309,0.1541,220.0,6.186566269230052,NOx,unavailable,,,,,,,,,,,,,,,,,,,,,no_admitted_reference_interval
D7_I10_W,NT,0,30,corridor_all_periods,PeMS::D7_I10_W::L10W-084,nearest median capacity among participating cubic-supported detectors,0.5464997413178933,7.221374829402467,3.0601137442496182,1.0471059671714955,1.017484835632129,0.570513881260172,0.4004929861594133,0.7556973297196432,1359.7055217254951,67.92813036719309,0.1541,220.0,6.186566269230052,CO,unavailable,,,,,,,,,,,,,,,,,,,,,no_admitted_reference_interval
D7_I10_W,NT,0,30,corridor_all_periods,PeMS::D7_I10_W::L10W-084,nearest median capacity among participating cubic-supported detectors,0.5464997413178933,7.221374829402467,3.0601137442496182,1.0471059671714955,1.017484835632129,0.570513881260172,0.4004929861594133,0.7556973297196432,1359.7055217254951,67.92813036719309,0.1541,220.0,6.186566269230052,HC,unavailable,,,,,,,,,,,,,,,,,,,,,no_admitted_reference_interval
D7_I210_E,AM,4,20,corridor_all_periods,PeMS::D7_I210_E::L210E-245,nearest median capacity among participating cubic-supported detectors,0.7120711900425016,6.955811639634703,5.00578450825784,1.0870095154357462,1.0125005024368583,0.498084344462563,0.6092129135159142,0.7212380421318988,1400.519539509389,69.18443357411284,0.2989,220.0,5.1745801159364735,CO2,1.1,0.05613805176961275,0.3885720311071997,0.04705959912088474,1.574546535904813,-1.0,86.36486558504578,h^(-beta_e),0.7120712683703333,3.4816694674450313,201.0,1001.0,True,False,True,0.0005843576433516051,0.00020753905264229774,0.0036497697676149844,0.06634467823973682,-1.0042522403479106,-0.9895652935846244,fitted
D7_I210_E,AM,4,20,corridor_all_periods,PeMS::D7_I210_E::L210E-245,nearest median capacity among participating cubic-supported detectors,0.7120711900425016,6.955811639634703,5.00578450825784,1.0870095154357462,1.0125005024368583,0.498084344462563,0.6092129135159142,0.7212380421318988,1400.519539509389,69.18443357411284,0.2989,220.0,5.1745801159364735,NOx,1.1,0.23135472184574066,0.5423483755656832,0.18086369623807821,1.574546535904813,-1.0,0.12558939957117596,h^(-beta_e),0.7120712683703333,3.4816694674450313,201.0,1001.0,True,False,True,0.00010673509476673253,3.613774488809763e-05,0.00011223409550173377,0.0021245613260382676,-1.000139059186268,-0.9995692381351882,fitted
D7_I210_E,AM,4,20,corridor_all_periods,PeMS::D7_I210_E::L210E-245,nearest median capacity among participating cubic-supported detectors,0.7120711900425016,6.955811639634703,5.00578450825784,1.0870095154357462,1.0125005024368583,0.498084344462563,0.6092129135159142,0.7212380421318988,1400.519539509389,69.18443357411284,0.2989,220.0,5.1745801159364735,CO,1.1,0.13064059116179805,0.6539560756902033,0.0970838743192318,1.574546535904813,1.0,0.5529377580812855,h^(-beta_e),0.7120712683703333,3.4816694674450313,201.0,1001.0,True,False,True,9.423287925924267e-05,3.639710149715062e-05,0.00030654404644054874,0.004359094854468364,0.9987492474529289,1.0003830718180424,fitted
D7_I210_E,AM,4,20,corridor_all_periods,PeMS::D7_I210_E::L210E-245,nearest median capacity among participating cubic-supported detectors,0.7120711900425016,6.955811639634703,5.00578450825784,1.0870095154357462,1.0125005024368583,0.498084344462563,0.6092129135159142,0.7212380421318988,1400.519539509389,69.18443357411284,0.2989,220.0,5.1745801159364735,HC,1.1,0.1287461375642653,0.6472307762581725,0.09596858713177843,1.574546535904813,1.0,0.022990272444983834,h^(-beta_e),0.7120712683703333,3.4816694674450313,201.0,1001.0,True,False,True,7.519868282388154e-05,2.5837512035699465e-05,0.00021959237913861878,0.004466785453868535,0.9997130218239451,1.001051463552237,fitted
D7_I210_E,MD,8,8,corridor_period,PeMS::D7_I210_E::L210E-237,nearest median capacity among participating cubic-supported detectors,2.4764848536208617,6.955811639634703,5.126435934559256,1.2050928023458418,0.9315153760202036,0.1879437857622811,1.025540565984698,0.73768409081611,1437.427578326397,66.73256411910097,0.4816,220.0,5.624394594374182,CO2,1.1,0.03966900330755638,2.5772537114408127,0.001870547817873319,3.271058832808555,-1.0,137.87750691314326,h^(-beta_e),2.4764851260341985,4.32056941316235,201.0,1001.0,True,False,True,0.0023958639540071418,0.0009205650554512156,0.020702417218631558,0.21197787943832327,-1.025281159651478,-0.8815842467062635,fitted
D7_I210_E,MD,8,8,corridor_period,PeMS::D7_I210_E::L210E-237,nearest median capacity among participating cubic-supported detectors,2.4764848536208617,6.955811639634703,5.126435934559256,1.2050928023458418,0.9315153760202036,0.1879437857622811,1.025540565984698,0.73768409081611,1437.427578326397,66.73256411910097,0.4816,220.0,5.624394594374182,NOx,1.1,0.227043391460602,1.3668256287608442,0.04493860952610489,3.271058832808555,-1.0,0.19730822178237023,h^(-beta_e),2.4764851260341985,4.32056941316235,201.0,1001.0,True,False,True,0.00028470569446569747,8.742133311747447e-05,0.0003104050248044476,0.006563369726708986,-1.0003571916287266,-0.9990432300814175,fitted
D7_I210_E,MD,8,8,corridor_period,PeMS::D7_I210_E::L210E-237,nearest median capacity among participating cubic-supported detectors,2.4764848536208617,6.955811639634703,5.126435934559256,1.2050928023458418,0.9315153760202036,0.1879437857622811,1.025540565984698,0.73768409081611,1437.427578326397,66.73256411910097,0.4816,220.0,5.624394594374182,CO,1.1,0.14808472590500882,0.7821130055806169,0.05860920214169362,3.271058832808555,1.0,0.8971212142056794,h^(-beta_e),2.4764851260341985,4.32056941316235,201.0,1001.0,True,False,True,0.0003347828152249485,0.00012464105256293183,0.001088358696423991,0.03165465061807617,0.9971514003016249,1.0012437063401287,fitted
D7_I210_E,MD,8,8,corridor_period,PeMS::D7_I210_E::L210E-237,nearest median capacity among participating cubic-supported detectors,2.4764848536208617,6.955811639634703,5.126435934559256,1.2050928023458418,0.9315153760202036,0.1879437857622811,1.025540565984698,0.73768409081611,1437.427578326397,66.73256411910097,0.4816,220.0,5.624394594374182,HC,1.1,0.14228461255111988,0.7729872459670583,0.056925964977163755,3.271058832808555,1.0,0.03748716387726086,h^(-beta_e),2.4764851260341985,4.32056941316235,201.0,1001.0,True,False,True,4.066785383048558e-05,1.1481798856093405e-05,0.00010527312859697898,0.007969614606402008,0.9997297648420852,1.0002711814541343,fitted
D7_I210_E,PM,8,8,corridor_period,PeMS::D7_I210_E::L210E-245,nearest median capacity among participating cubic-supported detectors,4.365760819500726,6.344698214791453,5.546054726745283,0.98239491031959,1.087651227810984,0.00684891142952,3.0871132773869587,0.6416577808454678,1400.519539509389,69.18443357411284,0.2989,220.0,3.2546128898920847,CO2,1.1,0.04295502160370727,0.6719126872496879,0.015266772948014524,4.6627110792985365,-1.0,86.36486558504578,h^(-beta_e),4.36576129973442,4.979858750027372,201.0,1001.0,True,False,True,0.0004217346573775488,0.00015246978249585353,0.0039389062072723285,0.4261526612362795,-1.0044343484728364,-0.9910245436763233,fitted
D7_I210_E,PM,8,8,corridor_period,PeMS::D7_I210_E::L210E-245,nearest median capacity among participating cubic-supported detectors,4.365760819500726,6.344698214791453,5.546054726745283,0.98239491031959,1.087651227810984,0.00684891142952,3.0871132773869587,0.6416577808454678,1400.519539509389,69.18443357411284,0.2989,220.0,3.2546128898920847,NOx,1.1,0.2855170857126266,2.819268653449399,0.00372015061088086,4.6627110792985365,-1.0,0.12558939957117596,h^(-beta_e),4.36576129973442,4.979858750027372,201.0,1001.0,True,False,True,2.7315290064880306e-05,9.551745500893176e-06,2.7120073631666578e-05,0.0009852833969260376,-1.0000306978961895,-0.9999283891779446,fitted
D7_I210_E,PM,8,8,corridor_period,PeMS::D7_I210_E::L210E-245,nearest median capacity among participating cubic-supported detectors,4.365760819500726,6.344698214791453,5.546054726745283,0.98239491031959,1.087651227810984,0.00684891142952,3.0871132773869587,0.6416577808454678,1400.519539509389,69.18443357411284,0.2989,220.0,3.2546128898920847,CO,1.1,0.20603583177723955,3.5652342598227094,0.0008513141413304459,4.6627110792985365,1.0,0.5529377580812855,h^(-beta_e),4.36576129973442,4.979858750027372,201.0,1001.0,True,False,True,3.6644038911784226e-05,1.4175560570255326e-05,9.422086711687234e-05,0.002703384382279939,0.9997384861330892,1.0001068817936158,fitted
D7_I210_E,PM,8,8,corridor_period,PeMS::D7_I210_E::L210E-245,nearest median capacity among participating cubic-supported detectors,4.365760819500726,6.344698214791453,5.546054726745283,0.98239491031959,1.087651227810984,0.00684891142952,3.0871132773869587,0.6416577808454678,1400.519539509389,69.18443357411284,0.2989,220.0,3.2546128898920847,HC,1.1,0.20223298446318277,3.5833849183123916,0.0008125738730098902,4.6627110792985365,1.0,0.022990272444983834,h^(-beta_e),4.36576129973442,4.979858750027372,201.0,1001.0,True,False,True,7.689941776374517e-06,2.6786280577636007e-06,1.8137689246150892e-05,0.0006411519948277653,0.9999573152125496,1.00002066370082,fitted
D7_I210_E,NT,0,20,corridor_all_periods,PeMS::D7_I210_E::L210E-245,nearest median capacity among participating cubic-supported detectors,0.7120711900425016,6.955811639634703,5.00578450825784,1.0870095154357462,1.0125005024368583,0.498084344462563,0.6092129135159142,0.7212380421318988,1400.519539509389,69.18443357411284,0.2989,220.0,5.1745801159364735,CO2,1.1,0.05613805176961275,0.3885720311071997,0.04705959912088474,1.574546535904813,-1.0,86.36486558504578,h^(-beta_e),0.7120712683703333,3.4816694674450313,201.0,1001.0,True,False,True,0.0005843576433516051,0.00020753905264229774,0.0036497697676149844,0.06634467823973682,-1.0042522403479106,-0.9895652935846244,fitted
D7_I210_E,NT,0,20,corridor_all_periods,PeMS::D7_I210_E::L210E-245,nearest median capacity among participating cubic-supported detectors,0.7120711900425016,6.955811639634703,5.00578450825784,1.0870095154357462,1.0125005024368583,0.498084344462563,0.6092129135159142,0.7212380421318988,1400.519539509389,69.18443357411284,0.2989,220.0,5.1745801159364735,NOx,1.1,0.23135472184574066,0.5423483755656832,0.18086369623807821,1.574546535904813,-1.0,0.12558939957117596,h^(-beta_e),0.7120712683703333,3.4816694674450313,201.0,1001.0,True,False,True,0.00010673509476673253,3.613774488809763e-05,0.00011223409550173377,0.0021245613260382676,-1.000139059186268,-0.9995692381351882,fitted
D7_I210_E,NT,0,20,corridor_all_periods,PeMS::D7_I210_E::L210E-245,nearest median capacity among participating cubic-supported detectors,0.7120711900425016,6.955811639634703,5.00578450825784,1.0870095154357462,1.0125005024368583,0.498084344462563,0.6092129135159142,0.7212380421318988,1400.519539509389,69.18443357411284,0.2989,220.0,5.1745801159364735,CO,1.1,0.13064059116179805,0.6539560756902033,0.0970838743192318,1.574546535904813,1.0,0.5529377580812855,h^(-beta_e),0.7120712683703333,3.4816694674450313,201.0,1001.0,True,False,True,9.423287925924267e-05,3.639710149715062e-05,0.00030654404644054874,0.004359094854468364,0.9987492474529289,1.0003830718180424,fitted
D7_I210_E,NT,0,20,corridor_all_periods,PeMS::D7_I210_E::L210E-245,nearest median capacity among participating cubic-supported detectors,0.7120711900425016,6.955811639634703,5.00578450825784,1.0870095154357462,1.0125005024368583,0.498084344462563,0.6092129135159142,0.7212380421318988,1400.519539509389,69.18443357411284,0.2989,220.0,5.1745801159364735,HC,1.1,0.1287461375642653,0.6472307762581725,0.09596858713177843,1.574546535904813,1.0,0.022990272444983834,h^(-beta_e),0.7120712683703333,3.4816694674450313,201.0,1001.0,True,False,True,7.519868282388154e-05,2.5837512035699465e-05,0.00021959237913861878,0.004466785453868535,0.9997130218239451,1.001051463552237,fitted
D7_I210_W,AM,22,22,corridor_period,PeMS::D7_I210_W::L210W-301,nearest median capacity among participating cubic-supported detectors,0.8906470615160893,5.940498467987643,4.712319777738765,1.135069666363396,0.985918407638151,0.6309753587002819,0.771464174786203,0.5274075565658645,1327.7630584053009,66.3842287062521,0.1342,220.0,3.097958007730195,CO2,1.1,0.014387668891556911,1.57763418067005,0.008014367437135565,1.4490300195566361,-1.0,38.36666771684429,h^(-beta_e),0.8906471594872669,2.3574857621339818,201.0,1001.0,True,False,True,0.0007224260214656549,0.0002787251460819941,0.016621596538503466,0.16456188364664898,-1.0213657901782411,-0.8944180665800587,fitted
D7_I210_W,AM,22,22,corridor_period,PeMS::D7_I210_W::L210W-301,nearest median capacity among participating cubic-supported detectors,0.8906470615160893,5.940498467987643,4.712319777738765,1.135069666363396,0.985918407638151,0.6309753587002819,0.771464174786203,0.5274075565658645,1327.7630584053009,66.3842287062521,0.1342,220.0,3.097958007730195,NOx,1.1,0.1821649729639924,0.8538362190754869,0.13271841001195284,1.4490300195566361,-1.0,0.05477249221575093,h^(-beta_e),0.8906471594872669,2.3574857621339818,201.0,1001.0,True,False,True,2.3884889650516068e-05,7.963090206686559e-06,3.5829721928714555e-05,0.0006060473562285272,-1.0000427447511835,-0.9998756422081363,fitted
D7_I210_W,AM,22,22,corridor_period,PeMS::D7_I210_W::L210W-301,nearest median capacity among participating cubic-supported detectors,0.8906470615160893,5.940498467987643,4.712319777738765,1.135069666363396,0.985918407638151,0.6309753587002819,0.771464174786203,0.5274075565658645,1327.7630584053009,66.3842287062521,0.1342,220.0,3.097958007730195,CO,1.1,0.14763867247076107,0.7298425858078893,0.11262608759826431,1.4490300195566361,1.0,0.2502449908832754,h^(-beta_e),0.8906471594872669,2.3574857621339818,201.0,1001.0,True,False,True,3.749769491418377e-05,1.4192752712261578e-05,0.0001180322714316582,0.0021926200503520317,0.9996281562717354,1.0001389942266328,fitted
D7_I210_W,AM,22,22,corridor_period,PeMS::D7_I210_W::L210W-301,nearest median capacity among participating cubic-supported detectors,0.8906470615160893,5.940498467987643,4.712319777738765,1.135069666363396,0.985918407638151,0.6309753587002819,0.771464174786203,0.5274075565658645,1327.7630584053009,66.3842287062521,0.1342,220.0,3.097958007730195,HC,1.1,0.1427448767485448,0.7221771135035497,0.10920288966028481,1.4490300195566361,1.0,0.01046319240106115,h^(-beta_e),0.8906471594872669,2.3574857621339818,201.0,1001.0,True,False,True,2.1272960491398045e-05,8.31336038722861e-06,7.11171450481726e-05,0.001456438007530067,0.9997669663789961,1.0000844828934172,fitted
D7_I210_W,MD,0,33,corridor_all_periods,PeMS::D7_I210_W::L210W-301,nearest median capacity among participating cubic-supported detectors,0.6588584315487581,5.940498467987643,4.010356118605395,1.065208563094172,1.017976211358848,0.5575744731385895,0.8170581441761328,0.608950738847266,1327.7630584053009,66.3842287062521,0.1342,220.0,3.0343976355621427,CO2,1.1,0.05432703540596138,0.5539185587719124,0.055152244002316164,0.9731510290907852,-1.0,38.36666771684429,h^(-beta_e),0.6588585040231862,1.4373692069505823,201.0,1001.0,True,False,True,0.00020694192450443943,7.527462895844882e-05,0.0014558780713130103,0.04147979879797338,-1.0016704571652306,-0.9961159185491545,fitted
D7_I210_W,MD,0,33,corridor_all_periods,PeMS::D7_I210_W::L210W-301,nearest median capacity among participating cubic-supported detectors,0.6588584315487581,5.940498467987643,4.010356118605395,1.065208563094172,1.017976211358848,0.5575744731385895,0.8170581441761328,0.608950738847266,1327.7630584053009,66.3842287062521,0.1342,220.0,3.0343976355621427,NOx,1.1,0.19096367994542404,0.7212207344853654,0.194749085319623,0.9731510290907852,-1.0,0.05477249221575093,h^(-beta_e),0.6588585040231862,1.4373692069505823,201.0,1001.0,True,False,True,6.756753929051093e-05,2.4534626462088408e-05,0.00011179024660822219,0.003049098238989992,-1.0001310115014876,-0.9996510877842052,fitted
D7_I210_W,MD,0,33,corridor_all_periods,PeMS::D7_I210_W::L210W-301,nearest median capacity among participating cubic-supported detectors,0.6588584315487581,5.940498467987643,4.010356118605395,1.065208563094172,1.017976211358848,0.5575744731385895,0.8170581441761328,0.608950738847266,1327.7630584053009,66.3842287062521,0.1342,220.0,3.0343976355621427,CO,1.1,0.0897373376599554,0.8970037244114624,0.09195504130815728,0.9731510290907852,1.0,0.2502449908832754,h^(-beta_e),0.6588585040231862,1.4373692069505823,201.0,1001.0,True,False,True,4.34730210438044e-05,1.64875864632996e-05,0.00021528017793250005,0.004221372139073247,0.9993141061232222,1.0002528204002845,fitted
D7_I210_W,MD,0,33,corridor_all_periods,PeMS::D7_I210_W::L210W-301,nearest median capacity among participating cubic-supported detectors,0.6588584315487581,5.940498467987643,4.010356118605395,1.065208563094172,1.017976211358848,0.5575744731385895,0.8170581441761328,0.608950738847266,1327.7630584053009,66.3842287062521,0.1342,220.0,3.0343976355621427,HC,1.1,0.08720606145502748,0.871732763536466,0.08929976977178536,0.9731510290907852,1.0,0.01046319240106115,h^(-beta_e),0.6588585040231862,1.4373692069505823,201.0,1001.0,True,False,True,7.573973086655833e-05,2.8055584135838093e-05,0.0003766910269914986,0.009252545265395684,0.9995525070829622,1.0012960581583683,fitted
D7_I210_W,PM,11,11,corridor_period,PeMS::D7_I210_W::L210W-301,nearest median capacity among participating cubic-supported detectors,0.6588584315487581,5.377355235201476,2.6495580143366486,1.0390021491339378,1.003480148216952,0.4909133222521189,0.3922538262169067,0.8161548147919869,1327.7630584053009,66.3842287062521,0.1342,220.0,8.878718405037828,CO2,unavailable,,,,,,,,,,,,,,,,,,,,,no_admitted_reference_interval
D7_I210_W,PM,11,11,corridor_period,PeMS::D7_I210_W::L210W-301,nearest median capacity among participating cubic-supported detectors,0.6588584315487581,5.377355235201476,2.6495580143366486,1.0390021491339378,1.003480148216952,0.4909133222521189,0.3922538262169067,0.8161548147919869,1327.7630584053009,66.3842287062521,0.1342,220.0,8.878718405037828,NOx,unavailable,,,,,,,,,,,,,,,,,,,,,no_admitted_reference_interval
D7_I210_W,PM,11,11,corridor_period,PeMS::D7_I210_W::L210W-301,nearest median capacity among participating cubic-supported detectors,0.6588584315487581,5.377355235201476,2.6495580143366486,1.0390021491339378,1.003480148216952,0.4909133222521189,0.3922538262169067,0.8161548147919869,1327.7630584053009,66.3842287062521,0.1342,220.0,8.878718405037828,CO,unavailable,,,,,,,,,,,,,,,,,,,,,no_admitted_reference_interval
D7_I210_W,PM,11,11,corridor_period,PeMS::D7_I210_W::L210W-301,nearest median capacity among participating cubic-supported detectors,0.6588584315487581,5.377355235201476,2.6495580143366486,1.0390021491339378,1.003480148216952,0.4909133222521189,0.3922538262169067,0.8161548147919869,1327.7630584053009,66.3842287062521,0.1342,220.0,8.878718405037828,HC,unavailable,,,,,,,,,,,,,,,,,,,,,no_admitted_reference_interval
D7_I210_W,NT,0,33,corridor_all_periods,PeMS::D7_I210_W::L210W-301,nearest median capacity among participating cubic-supported detectors,0.6588584315487581,5.940498467987643,4.010356118605395,1.065208563094172,1.017976211358848,0.5575744731385895,0.8170581441761328,0.608950738847266,1327.7630584053009,66.3842287062521,0.1342,220.0,3.0343976355621427,CO2,1.1,0.05432703540596138,0.5539185587719124,0.055152244002316164,0.9731510290907852,-1.0,38.36666771684429,h^(-beta_e),0.6588585040231862,1.4373692069505823,201.0,1001.0,True,False,True,0.00020694192450443943,7.527462895844882e-05,0.0014558780713130103,0.04147979879797338,-1.0016704571652306,-0.9961159185491545,fitted
D7_I210_W,NT,0,33,corridor_all_periods,PeMS::D7_I210_W::L210W-301,nearest median capacity among participating cubic-supported detectors,0.6588584315487581,5.940498467987643,4.010356118605395,1.065208563094172,1.017976211358848,0.5575744731385895,0.8170581441761328,0.608950738847266,1327.7630584053009,66.3842287062521,0.1342,220.0,3.0343976355621427,NOx,1.1,0.19096367994542404,0.7212207344853654,0.194749085319623,0.9731510290907852,-1.0,0.05477249221575093,h^(-beta_e),0.6588585040231862,1.4373692069505823,201.0,1001.0,True,False,True,6.756753929051093e-05,2.4534626462088408e-05,0.00011179024660822219,0.003049098238989992,-1.0001310115014876,-0.9996510877842052,fitted
D7_I210_W,NT,0,33,corridor_all_periods,PeMS::D7_I210_W::L210W-301,nearest median capacity among participating cubic-supported detectors,0.6588584315487581,5.940498467987643,4.010356118605395,1.065208563094172,1.017976211358848,0.5575744731385895,0.8170581441761328,0.608950738847266,1327.7630584053009,66.3842287062521,0.1342,220.0,3.0343976355621427,CO,1.1,0.0897373376599554,0.8970037244114624,0.09195504130815728,0.9731510290907852,1.0,0.2502449908832754,h^(-beta_e),0.6588585040231862,1.4373692069505823,201.0,1001.0,True,False,True,4.34730210438044e-05,1.64875864632996e-05,0.00021528017793250005,0.004221372139073247,0.9993141061232222,1.0002528204002845,fitted
D7_I210_W,NT,0,33,corridor_all_periods,PeMS::D7_I210_W::L210W-301,nearest median capacity among participating cubic-supported detectors,0.6588584315487581,5.940498467987643,4.010356118605395,1.065208563094172,1.017976211358848,0.5575744731385895,0.8170581441761328,0.608950738847266,1327.7630584053009,66.3842287062521,0.1342,220.0,3.0343976355621427,HC,1.1,0.08720606145502748,0.871732763536466,0.08929976977178536,0.9731510290907852,1.0,0.01046319240106115,h^(-beta_e),0.6588585040231862,1.4373692069505823,201.0,1001.0,True,False,True,7.573973086655833e-05,2.8055584135838093e-05,0.0003766910269914986,0.009252545265395684,0.9995525070829622,1.0012960581583683,fitted
D7_I405_N,AM,6,15,corridor_all_periods,PeMS::D7_I405_N::L405N-115,nearest median capacity among participating cubic-supported detectors,0.5525206873470863,12.47038304128513,4.570712067223893,1.0406362711123256,1.046261768797571,0.6423927798647298,0.6520950144204359,0.6113885541347807,1365.0352844325575,68.30466277344011,0.5021,220.0,3.042247855284893,CO2,unavailable,,,,,,,,,,,,,,,,,,,,,no_admitted_reference_interval
D7_I405_N,AM,6,15,corridor_all_periods,PeMS::D7_I405_N::L405N-115,nearest median capacity among participating cubic-supported detectors,0.5525206873470863,12.47038304128513,4.570712067223893,1.0406362711123256,1.046261768797571,0.6423927798647298,0.6520950144204359,0.6113885541347807,1365.0352844325575,68.30466277344011,0.5021,220.0,3.042247855284893,NOx,unavailable,,,,,,,,,,,,,,,,,,,,,no_admitted_reference_interval
D7_I405_N,AM,6,15,corridor_all_periods,PeMS::D7_I405_N::L405N-115,nearest median capacity among participating cubic-supported detectors,0.5525206873470863,12.47038304128513,4.570712067223893,1.0406362711123256,1.046261768797571,0.6423927798647298,0.6520950144204359,0.6113885541347807,1365.0352844325575,68.30466277344011,0.5021,220.0,3.042247855284893,CO,unavailable,,,,,,,,,,,,,,,,,,,,,no_admitted_reference_interval
D7_I405_N,AM,6,15,corridor_all_periods,PeMS::D7_I405_N::L405N-115,nearest median capacity among participating cubic-supported detectors,0.5525206873470863,12.47038304128513,4.570712067223893,1.0406362711123256,1.046261768797571,0.6423927798647298,0.6520950144204359,0.6113885541347807,1365.0352844325575,68.30466277344011,0.5021,220.0,3.042247855284893,HC,unavailable,,,,,,,,,,,,,,,,,,,,,no_admitted_reference_interval
D7_I405_N,MD,2,15,corridor_all_periods,PeMS::D7_I405_N::L405N-115,nearest median capacity among participating cubic-supported detectors,0.5525206873470863,12.47038304128513,4.570712067223893,1.0406362711123256,1.046261768797571,0.6423927798647298,0.6520950144204359,0.6113885541347807,1365.0352844325575,68.30466277344011,0.5021,220.0,3.042247855284893,CO2,unavailable,,,,,,,,,,,,,,,,,,,,,no_admitted_reference_interval
D7_I405_N,MD,2,15,corridor_all_periods,PeMS::D7_I405_N::L405N-115,nearest median capacity among participating cubic-supported detectors,0.5525206873470863,12.47038304128513,4.570712067223893,1.0406362711123256,1.046261768797571,0.6423927798647298,0.6520950144204359,0.6113885541347807,1365.0352844325575,68.30466277344011,0.5021,220.0,3.042247855284893,NOx,unavailable,,,,,,,,,,,,,,,,,,,,,no_admitted_reference_interval
D7_I405_N,MD,2,15,corridor_all_periods,PeMS::D7_I405_N::L405N-115,nearest median capacity among participating cubic-supported detectors,0.5525206873470863,12.47038304128513,4.570712067223893,1.0406362711123256,1.046261768797571,0.6423927798647298,0.6520950144204359,0.6113885541347807,1365.0352844325575,68.30466277344011,0.5021,220.0,3.042247855284893,CO,unavailable,,,,,,,,,,,,,,,,,,,,,no_admitted_reference_interval
D7_I405_N,MD,2,15,corridor_all_periods,PeMS::D7_I405_N::L405N-115,nearest median capacity among participating cubic-supported detectors,0.5525206873470863,12.47038304128513,4.570712067223893,1.0406362711123256,1.046261768797571,0.6423927798647298,0.6520950144204359,0.6113885541347807,1365.0352844325575,68.30466277344011,0.5021,220.0,3.042247855284893,HC,unavailable,,,,,,,,,,,,,,,,,,,,,no_admitted_reference_interval
D7_I405_N,PM,7,15,corridor_all_periods,PeMS::D7_I405_N::L405N-115,nearest median capacity among participating cubic-supported detectors,0.5525206873470863,12.47038304128513,4.570712067223893,1.0406362711123256,1.046261768797571,0.6423927798647298,0.6520950144204359,0.6113885541347807,1365.0352844325575,68.30466277344011,0.5021,220.0,3.042247855284893,CO2,unavailable,,,,,,,,,,,,,,,,,,,,,no_admitted_reference_interval
D7_I405_N,PM,7,15,corridor_all_periods,PeMS::D7_I405_N::L405N-115,nearest median capacity among participating cubic-supported detectors,0.5525206873470863,12.47038304128513,4.570712067223893,1.0406362711123256,1.046261768797571,0.6423927798647298,0.6520950144204359,0.6113885541347807,1365.0352844325575,68.30466277344011,0.5021,220.0,3.042247855284893,NOx,unavailable,,,,,,,,,,,,,,,,,,,,,no_admitted_reference_interval
D7_I405_N,PM,7,15,corridor_all_periods,PeMS::D7_I405_N::L405N-115,nearest median capacity among participating cubic-supported detectors,0.5525206873470863,12.47038304128513,4.570712067223893,1.0406362711123256,1.046261768797571,0.6423927798647298,0.6520950144204359,0.6113885541347807,1365.0352844325575,68.30466277344011,0.5021,220.0,3.042247855284893,CO,unavailable,,,,,,,,,,,,,,,,,,,,,no_admitted_reference_interval
D7_I405_N,PM,7,15,corridor_all_periods,PeMS::D7_I405_N::L405N-115,nearest median capacity among participating cubic-supported detectors,0.5525206873470863,12.47038304128513,4.570712067223893,1.0406362711123256,1.046261768797571,0.6423927798647298,0.6520950144204359,0.6113885541347807,1365.0352844325575,68.30466277344011,0.5021,220.0,3.042247855284893,HC,unavailable,,,,,,,,,,,,,,,,,,,,,no_admitted_reference_interval
D7_I405_N,NT,0,15,corridor_all_periods,PeMS::D7_I405_N::L405N-115,nearest median capacity among participating cubic-supported detectors,0.5525206873470863,12.47038304128513,4.570712067223893,1.0406362711123256,1.046261768797571,0.6423927798647298,0.6520950144204359,0.6113885541347807,1365.0352844325575,68.30466277344011,0.5021,220.0,3.042247855284893,CO2,unavailable,,,,,,,,,,,,,,,,,,,,,no_admitted_reference_interval
D7_I405_N,NT,0,15,corridor_all_periods,PeMS::D7_I405_N::L405N-115,nearest median capacity among participating cubic-supported detectors,0.5525206873470863,12.47038304128513,4.570712067223893,1.0406362711123256,1.046261768797571,0.6423927798647298,0.6520950144204359,0.6113885541347807,1365.0352844325575,68.30466277344011,0.5021,220.0,3.042247855284893,NOx,unavailable,,,,,,,,,,,,,,,,,,,,,no_admitted_reference_interval
D7_I405_N,NT,0,15,corridor_all_periods,PeMS::D7_I405_N::L405N-115,nearest median capacity among participating cubic-supported detectors,0.5525206873470863,12.47038304128513,4.570712067223893,1.0406362711123256,1.046261768797571,0.6423927798647298,0.6520950144204359,0.6113885541347807,1365.0352844325575,68.30466277344011,0.5021,220.0,3.042247855284893,CO,unavailable,,,,,,,,,,,,,,,,,,,,,no_admitted_reference_interval
D7_I405_N,NT,0,15,corridor_all_periods,PeMS::D7_I405_N::L405N-115,nearest median capacity among participating cubic-supported detectors,0.5525206873470863,12.47038304128513,4.570712067223893,1.0406362711123256,1.046261768797571,0.6423927798647298,0.6520950144204359,0.6113885541347807,1365.0352844325575,68.30466277344011,0.5021,220.0,3.042247855284893,HC,unavailable,,,,,,,,,,,,,,,,,,,,,no_admitted_reference_interval
D7_I405_S,AM,3,11,corridor_all_periods,PeMS::D7_I405_S::L405S-087,nearest median capacity among participating cubic-supported detectors,1.1059571674441326,7.441206615098297,4.554588285193421,1.042038734145725,1.0606067942740236,0.5737011351294166,0.5014416410781618,0.7352596129135058,1390.6566140712982,69.4853321127462,0.5872,220.0,5.554570808067051,CO2,1.1,0.05008784243427806,-0.9527185958524506,0.14179144115056952,2.9808862863631616,-1.0,169.84642259468018,h^(-beta_e),1.40980334888901,6.302781915811369,201.0,1001.0,True,False,True,0.024542608931682884,0.008829201260616083,0.20672796386729597,2.873199164652907,-1.1756566422419965,-4.248001427146279e-08,fitted
D7_I405_S,AM,3,11,corridor_all_periods,PeMS::D7_I405_S::L405S-087,nearest median capacity among participating cubic-supported detectors,1.1059571674441326,7.441206615098297,4.554588285193421,1.042038734145725,1.0606067942740236,0.5737011351294166,0.5014416410781618,0.7352596129135058,1390.6566140712982,69.4853321127462,0.5872,220.0,5.554570808067051,CO2,1.2,0.00791171149049502,11.480592962465465,2.0194216083394427e-12,6.848379243618902,1.0,169.84642259468018,h^(-beta_e),6.302782041867009,7.441205796565577,201.0,1001.0,True,False,True,0.0030502231981758715,0.0009994708634252405,0.11243200362669732,0.9556427173287689,3.418013471073455e-07,1.132456002921081,fitted
D7_I405_S,AM,3,11,corridor_all_periods,PeMS::D7_I405_S::L405S-087,nearest median capacity among participating cubic-supported detectors,1.1059571674441326,7.441206615098297,4.554588285193421,1.042038734145725,1.0606067942740236,0.5737011351294166,0.5014416410781618,0.7352596129135058,1390.6566140712982,69.4853321127462,0.5872,220.0,5.554570808067051,NOx,1.1,0.3200994593213285,0.1598974573658046,0.2652608336356006,3.238925261837708,-1.0,0.24744783676064616,h^(-beta_e),1.40980334888901,7.441205796565577,201.0,1001.0,True,False,True,0.0029405693916363025,0.0010470668469347217,0.002446566289864247,0.16508488279307543,-1.0027718243144264,-0.9924250880559095,fitted
D7_I405_S,AM,3,11,corridor_all_periods,PeMS::D7_I405_S::L405S-087,nearest median capacity among participating cubic-supported detectors,1.1059571674441326,7.441206615098297,4.554588285193421,1.042038734145725,1.0606067942740236,0.5737011351294166,0.5014416410781618,0.7352596129135058,1390.6566140712982,69.4853321127462,0.5872,220.0,5.554570808067051,CO,1.1,0.2215686090179959,0.675884859810146,0.10012348839180688,3.238925261837708,1.0,1.0853802981094582,h^(-beta_e),1.40980334888901,7.441205796565577,201.0,1001.0,True,False,True,0.003175076047973547,0.0011216555704461827,0.0059193580425452265,0.08570241010757891,0.9717722978106226,1.0077267241181527,fitted
D7_I405_S,AM,3,11,corridor_all_periods,PeMS::D7_I405_S::L405S-087,nearest median capacity among participating cubic-supported detectors,1.1059571674441326,7.441206615098297,4.554588285193421,1.042038734145725,1.0606067942740236,0.5737011351294166,0.5014416410781618,0.7352596129135058,1390.6566140712982,69.4853321127462,0.5872,220.0,5.554570808067051,HC,1.1,0.21967905546785416,0.6799455321995511,0.09879701489993033,3.238925261837708,1.0,0.04509719729798988,h^(-beta_e),1.40980334888901,7.441205796565577,201.0,1001.0,True,False,True,0.0012951577948054262,0.00025213752445403667,0.0013483001537866952,0.12254430856638195,0.9969754750037731,1.0116893850409223,fitted
D7_I405_S,MD,1,11,corridor_all_periods,PeMS::D7_I405_S::L405S-087,nearest median capacity among participating cubic-supported detectors,1.1059571674441326,7.441206615098297,4.554588285193421,1.042038734145725,1.0606067942740236,0.5737011351294166,0.5014416410781618,0.7352596129135058,1390.6566140712982,69.4853321127462,0.5872,220.0,5.554570808067051,CO2,1.1,0.05008784243427806,-0.9527185958524506,0.14179144115056952,2.9808862863631616,-1.0,169.84642259468018,h^(-beta_e),1.40980334888901,6.302781915811369,201.0,1001.0,True,False,True,0.024542608931682884,0.008829201260616083,0.20672796386729597,2.873199164652907,-1.1756566422419965,-4.248001427146279e-08,fitted
D7_I405_S,MD,1,11,corridor_all_periods,PeMS::D7_I405_S::L405S-087,nearest median capacity among participating cubic-supported detectors,1.1059571674441326,7.441206615098297,4.554588285193421,1.042038734145725,1.0606067942740236,0.5737011351294166,0.5014416410781618,0.7352596129135058,1390.6566140712982,69.4853321127462,0.5872,220.0,5.554570808067051,CO2,1.2,0.00791171149049502,11.480592962465465,2.0194216083394427e-12,6.848379243618902,1.0,169.84642259468018,h^(-beta_e),6.302782041867009,7.441205796565577,201.0,1001.0,True,False,True,0.0030502231981758715,0.0009994708634252405,0.11243200362669732,0.9556427173287689,3.418013471073455e-07,1.132456002921081,fitted
D7_I405_S,MD,1,11,corridor_all_periods,PeMS::D7_I405_S::L405S-087,nearest median capacity among participating cubic-supported detectors,1.1059571674441326,7.441206615098297,4.554588285193421,1.042038734145725,1.0606067942740236,0.5737011351294166,0.5014416410781618,0.7352596129135058,1390.6566140712982,69.4853321127462,0.5872,220.0,5.554570808067051,NOx,1.1,0.3200994593213285,0.1598974573658046,0.2652608336356006,3.238925261837708,-1.0,0.24744783676064616,h^(-beta_e),1.40980334888901,7.441205796565577,201.0,1001.0,True,False,True,0.0029405693916363025,0.0010470668469347217,0.002446566289864247,0.16508488279307543,-1.0027718243144264,-0.9924250880559095,fitted
D7_I405_S,MD,1,11,corridor_all_periods,PeMS::D7_I405_S::L405S-087,nearest median capacity among participating cubic-supported detectors,1.1059571674441326,7.441206615098297,4.554588285193421,1.042038734145725,1.0606067942740236,0.5737011351294166,0.5014416410781618,0.7352596129135058,1390.6566140712982,69.4853321127462,0.5872,220.0,5.554570808067051,CO,1.1,0.2215686090179959,0.675884859810146,0.10012348839180688,3.238925261837708,1.0,1.0853802981094582,h^(-beta_e),1.40980334888901,7.441205796565577,201.0,1001.0,True,False,True,0.003175076047973547,0.0011216555704461827,0.0059193580425452265,0.08570241010757891,0.9717722978106226,1.0077267241181527,fitted
D7_I405_S,MD,1,11,corridor_all_periods,PeMS::D7_I405_S::L405S-087,nearest median capacity among participating cubic-supported detectors,1.1059571674441326,7.441206615098297,4.554588285193421,1.042038734145725,1.0606067942740236,0.5737011351294166,0.5014416410781618,0.7352596129135058,1390.6566140712982,69.4853321127462,0.5872,220.0,5.554570808067051,HC,1.1,0.21967905546785416,0.6799455321995511,0.09879701489993033,3.238925261837708,1.0,0.04509719729798988,h^(-beta_e),1.40980334888901,7.441205796565577,201.0,1001.0,True,False,True,0.0012951577948054262,0.00025213752445403667,0.0013483001537866952,0.12254430856638195,0.9969754750037731,1.0116893850409223,fitted
D7_I405_S,PM,7,11,corridor_all_periods,PeMS::D7_I405_S::L405S-087,nearest median capacity among participating cubic-supported detectors,1.1059571674441326,7.441206615098297,4.554588285193421,1.042038734145725,1.0606067942740236,0.5737011351294166,0.5014416410781618,0.7352596129135058,1390.6566140712982,69.4853321127462,0.5872,220.0,5.554570808067051,CO2,1.1,0.05008784243427806,-0.9527185958524506,0.14179144115056952,2.9808862863631616,-1.0,169.84642259468018,h^(-beta_e),1.40980334888901,6.302781915811369,201.0,1001.0,True,False,True,0.024542608931682884,0.008829201260616083,0.20672796386729597,2.873199164652907,-1.1756566422419965,-4.248001427146279e-08,fitted
D7_I405_S,PM,7,11,corridor_all_periods,PeMS::D7_I405_S::L405S-087,nearest median capacity among participating cubic-supported detectors,1.1059571674441326,7.441206615098297,4.554588285193421,1.042038734145725,1.0606067942740236,0.5737011351294166,0.5014416410781618,0.7352596129135058,1390.6566140712982,69.4853321127462,0.5872,220.0,5.554570808067051,CO2,1.2,0.00791171149049502,11.480592962465465,2.0194216083394427e-12,6.848379243618902,1.0,169.84642259468018,h^(-beta_e),6.302782041867009,7.441205796565577,201.0,1001.0,True,False,True,0.0030502231981758715,0.0009994708634252405,0.11243200362669732,0.9556427173287689,3.418013471073455e-07,1.132456002921081,fitted
D7_I405_S,PM,7,11,corridor_all_periods,PeMS::D7_I405_S::L405S-087,nearest median capacity among participating cubic-supported detectors,1.1059571674441326,7.441206615098297,4.554588285193421,1.042038734145725,1.0606067942740236,0.5737011351294166,0.5014416410781618,0.7352596129135058,1390.6566140712982,69.4853321127462,0.5872,220.0,5.554570808067051,NOx,1.1,0.3200994593213285,0.1598974573658046,0.2652608336356006,3.238925261837708,-1.0,0.24744783676064616,h^(-beta_e),1.40980334888901,7.441205796565577,201.0,1001.0,True,False,True,0.0029405693916363025,0.0010470668469347217,0.002446566289864247,0.16508488279307543,-1.0027718243144264,-0.9924250880559095,fitted
D7_I405_S,PM,7,11,corridor_all_periods,PeMS::D7_I405_S::L405S-087,nearest median capacity among participating cubic-supported detectors,1.1059571674441326,7.441206615098297,4.554588285193421,1.042038734145725,1.0606067942740236,0.5737011351294166,0.5014416410781618,0.7352596129135058,1390.6566140712982,69.4853321127462,0.5872,220.0,5.554570808067051,CO,1.1,0.2215686090179959,0.675884859810146,0.10012348839180688,3.238925261837708,1.0,1.0853802981094582,h^(-beta_e),1.40980334888901,7.441205796565577,201.0,1001.0,True,False,True,0.003175076047973547,0.0011216555704461827,0.0059193580425452265,0.08570241010757891,0.9717722978106226,1.0077267241181527,fitted
D7_I405_S,PM,7,11,corridor_all_periods,PeMS::D7_I405_S::L405S-087,nearest median capacity among participating cubic-supported detectors,1.1059571674441326,7.441206615098297,4.554588285193421,1.042038734145725,1.0606067942740236,0.5737011351294166,0.5014416410781618,0.7352596129135058,1390.6566140712982,69.4853321127462,0.5872,220.0,5.554570808067051,HC,1.1,0.21967905546785416,0.6799455321995511,0.09879701489993033,3.238925261837708,1.0,0.04509719729798988,h^(-beta_e),1.40980334888901,7.441205796565577,201.0,1001.0,True,False,True,0.0012951577948054262,0.00025213752445403667,0.0013483001537866952,0.12254430856638195,0.9969754750037731,1.0116893850409223,fitted
D7_I405_S,NT,0,11,corridor_all_periods,PeMS::D7_I405_S::L405S-087,nearest median capacity among participating cubic-supported detectors,1.1059571674441326,7.441206615098297,4.554588285193421,1.042038734145725,1.0606067942740236,0.5737011351294166,0.5014416410781618,0.7352596129135058,1390.6566140712982,69.4853321127462,0.5872,220.0,5.554570808067051,CO2,1.1,0.05008784243427806,-0.9527185958524506,0.14179144115056952,2.9808862863631616,-1.0,169.84642259468018,h^(-beta_e),1.40980334888901,6.302781915811369,201.0,1001.0,True,False,True,0.024542608931682884,0.008829201260616083,0.20672796386729597,2.873199164652907,-1.1756566422419965,-4.248001427146279e-08,fitted
D7_I405_S,NT,0,11,corridor_all_periods,PeMS::D7_I405_S::L405S-087,nearest median capacity among participating cubic-supported detectors,1.1059571674441326,7.441206615098297,4.554588285193421,1.042038734145725,1.0606067942740236,0.5737011351294166,0.5014416410781618,0.7352596129135058,1390.6566140712982,69.4853321127462,0.5872,220.0,5.554570808067051,CO2,1.2,0.00791171149049502,11.480592962465465,2.0194216083394427e-12,6.848379243618902,1.0,169.84642259468018,h^(-beta_e),6.302782041867009,7.441205796565577,201.0,1001.0,True,False,True,0.0030502231981758715,0.0009994708634252405,0.11243200362669732,0.9556427173287689,3.418013471073455e-07,1.132456002921081,fitted
D7_I405_S,NT,0,11,corridor_all_periods,PeMS::D7_I405_S::L405S-087,nearest median capacity among participating cubic-supported detectors,1.1059571674441326,7.441206615098297,4.554588285193421,1.042038734145725,1.0606067942740236,0.5737011351294166,0.5014416410781618,0.7352596129135058,1390.6566140712982,69.4853321127462,0.5872,220.0,5.554570808067051,NOx,1.1,0.3200994593213285,0.1598974573658046,0.2652608336356006,3.238925261837708,-1.0,0.24744783676064616,h^(-beta_e),1.40980334888901,7.441205796565577,201.0,1001.0,True,False,True,0.0029405693916363025,0.0010470668469347217,0.002446566289864247,0.16508488279307543,-1.0027718243144264,-0.9924250880559095,fitted
D7_I405_S,NT,0,11,corridor_all_periods,PeMS::D7_I405_S::L405S-087,nearest median capacity among participating cubic-supported detectors,1.1059571674441326,7.441206615098297,4.554588285193421,1.042038734145725,1.0606067942740236,0.5737011351294166,0.5014416410781618,0.7352596129135058,1390.6566140712982,69.4853321127462,0.5872,220.0,5.554570808067051,CO,1.1,0.2215686090179959,0.675884859810146,0.10012348839180688,3.238925261837708,1.0,1.0853802981094582,h^(-beta_e),1.40980334888901,7.441205796565577,201.0,1001.0,True,False,True,0.003175076047973547,0.0011216555704461827,0.0059193580425452265,0.08570241010757891,0.9717722978106226,1.0077267241181527,fitted
D7_I405_S,NT,0,11,corridor_all_periods,PeMS::D7_I405_S::L405S-087,nearest median capacity among participating cubic-supported detectors,1.1059571674441326,7.441206615098297,4.554588285193421,1.042038734145725,1.0606067942740236,0.5737011351294166,0.5014416410781618,0.7352596129135058,1390.6566140712982,69.4853321127462,0.5872,220.0,5.554570808067051,HC,1.1,0.21967905546785416,0.6799455321995511,0.09879701489993033,3.238925261837708,1.0,0.04509719729798988,h^(-beta_e),1.40980334888901,7.441205796565577,201.0,1001.0,True,False,True,0.0012951577948054262,0.00025213752445403667,0.0013483001537866952,0.12254430856638195,0.9969754750037731,1.0116893850409223,fitted
