sensor_uid,corridor,dataset,old_C_vphpl,old_vf_mph,n_fit_pairs,n_free_branch,n_congested_branch,accepted,fallback_reason,fit_scope,candidate_fit_success,candidate_fit_error,candidate_vf_mph,candidate_kc_vpmpl,candidate_s3_m,candidate_vc_mph,candidate_capacity_vphpl,candidate_n_obs,candidate_r2,candidate_rmse_vphpl,candidate_bound_active,candidate_fd_source,C_vphpl,vf_mph,s3_m,s3_kc_vpmpl,s3_vc_mph,recorded_flow_above_fitted_C_share,flow_rmse,flow_r2,speed_rmse,speed_r2,C_change_pct,vf_change_pct
AZ_I10_W::137,AZ_I10_W,I10_monthly_average_weekday,1195.0903676470589,75.63411266962444,3168,2389,604,True,,constructed_monthly_average_weekday,True,,73.14105520230916,18.38350972125979,5.691782956601729,57.3302947947666,1053.9320316822814,3168,0.8559289999933412,106.56766910358633,False,robust_measured_s3,1053.9320316822814,73.14105520230916,5.691782956601729,18.38350972125979,57.3302947947666,0.0789141414141414,106.56766910358633,0.8559289999933412,6.3313083742977705,0.8739236699911676,-11.811519847046847,-3.296207728654321
AZ_I10_W::139,AZ_I10_W,I10_monthly_average_weekday,1666.5166666666669,70.22054595962561,1728,1293,336,True,,constructed_monthly_average_weekday,True,,69.02253302035383,31.90980290137768,4.274189423202713,49.90354968792008,1592.4124346206372,1728,0.948624395362224,109.9056037072227,False,robust_measured_s3,1592.4124346206372,69.02253302035383,4.274189423202713,31.90980290137768,49.90354968792008,0.0688657407407407,109.9056037072227,0.948624395362224,4.303295654519944,0.9394125238426138,-4.44665412163271,-1.7060718097529404
AZ_I10_W::141,AZ_I10_W,I10_monthly_average_weekday,947.6240526315788,68.64155652998684,3168,2691,268,False,active_parameter_bound,constructed_monthly_average_weekday,True,,67.44972422597613,13.751682253143382,14.999999999103204,61.49543042353261,845.665619204707,3168,0.9380254774177492,60.96771816244652,True,robust_measured_s3,947.6240526315788,68.64155652998684,4.0,19.523782020838613,48.536910093553445,0.005050505050505,83.97206939359168,0.8824336541362021,5.249349196193087,0.7150457496353353,0.0,0.0
AZ_I10_W::78,AZ_I10_W,I10_monthly_average_weekday,1570.879263157895,65.3967336353144,3168,2311,608,True,,constructed_monthly_average_weekday,True,,64.16137486955441,28.226247954060614,7.399222966205652,53.19926832439888,1501.6157386990858,3168,0.9360630213327288,98.83951780037332,False,robust_measured_s3,1501.6157386990858,64.16137486955441,7.399222966205652,28.226247954060614,53.19926832439888,0.0378787878787878,98.83951780037332,0.9360630213327288,2.705526522814022,0.9747912410110836,-4.409220115336576,-1.8890221224946655
AZ_I10_W::84,AZ_I10_W,I10_monthly_average_weekday,1717.0843815789472,69.83850848463494,3168,2381,649,True,,constructed_monthly_average_weekday,True,,68.79623913843852,32.98998363290729,4.276278914060162,49.74782180500218,1641.1798271198104,3168,0.951349745093675,100.3208918639952,False,robust_measured_s3,1641.1798271198104,68.79623913843852,4.276278914060162,32.98998363290729,49.747821805002175,0.0359848484848484,100.3208918639952,0.951349745093675,3.9140201804628414,0.9584760870546056,-4.420548883528874,-1.4923992061281366
PeMS::D12_I405_N::L405N-001,D12_I405_N,PeMS_average_weekday,1294.573695652174,70.5154347826087,288,239,29,True,,released_profile,True,,69.5013718528299,25.98202546101886,3.702323597266687,47.79435264566972,1241.7940873327047,288,0.9921167572170194,37.287047435394605,False,robust_measured_s3,1241.7940873327047,69.5013718528299,3.702323597266687,25.98202546101886,47.79435264566972,0.0694444444444444,37.287047435394605,0.9921167572170194,2.00536164127024,0.9588641958098424,-4.076987543986832,-1.4380722928321044
PeMS::D12_I405_N::L405N-002,D12_I405_N,PeMS_average_weekday,1442.7284347826087,71.87369565217391,288,251,0,False,insufficient_two_branch_support,released_profile,True,,71.39014958222775,27.442505220560893,4.046960932631994,50.68388187326634,1390.892692905403,288,0.9955378356048074,31.11362760494664,False,robust_measured_s3,1442.7284347826087,71.87369565217391,4.0,28.38766117113056,50.82237758459025,0.0069444444444444,38.42864114424231,0.9931930223681732,1.8703220347905007,0.9220399307771296,0.0,0.0
PeMS::D12_I405_N::L405N-016,D12_I405_N,PeMS_average_weekday,1301.4208571428571,67.94345238095238,288,226,47,True,,released_profile,True,,67.26942609494725,27.13554866565788,3.593071696550208,45.73580835504911,1241.0662533816374,288,0.9951928070419191,28.830516322547027,False,robust_measured_s3,1241.0662533816374,67.26942609494725,3.593071696550208,27.13554866565788,45.73580835504912,0.0659722222222222,28.830516322547027,0.9951928070419191,1.4789297887864523,0.982394541035184,-4.637593091424897,-0.9920400897880932
PeMS::D12_I405_N::L405N-017,D12_I405_N,PeMS_average_weekday,1326.736956521739,69.23413043478261,288,288,0,False,insufficient_two_branch_support,released_profile,True,,68.05188578477096,31.344772989056537,2.8808725884482267,42.05860608734711,1318.3174600440466,288,0.9958785045563284,27.19024189589685,False,robust_measured_s3,1326.736956521739,69.23413043478261,4.0,27.100642209727464,48.955923119988725,0.0069444444444444,48.62641688951922,0.9868182454770884,3.089552150317983,0.7213859214160341,0.0,0.0
PeMS::D12_I405_N::L405N-027,D12_I405_N,PeMS_average_weekday,1143.2941304347826,70.70239130434783,288,232,33,True,,released_profile,True,,69.52946237146797,21.576698031263863,4.339026862288157,50.51429063925248,1089.9315953866496,288,0.9906658300110432,35.19012632758997,False,robust_measured_s3,1089.9315953866496,69.52946237146797,4.339026862288157,21.576698031263863,50.51429063925248,0.0868055555555555,35.19012632758997,0.9906658300110432,2.0651378544262964,0.9604611830410966,-4.667437156162057,-1.6589664242484092
PeMS::D12_I405_N::L405N-063,D12_I405_N,PeMS_average_weekday,1158.3626086956522,71.34347826086957,288,224,45,True,,released_profile,True,,70.58477531332669,20.449076525554474,4.52238678087947,51.9496016810945,1062.3213802487749,288,0.987759453312588,40.03777186325164,False,robust_measured_s3,1062.3213802487749,70.58477531332669,4.52238678087947,20.449076525554474,51.9496016810945,0.0729166666666666,40.03777186325164,0.987759453312588,2.0663024033907247,0.9665421322394104,-8.29111952733198,-1.0634510203843206
PeMS::D12_I405_N::L405N-065,D12_I405_N,PeMS_average_weekday,1366.8647999999998,68.482,288,225,14,True,,released_profile,True,,67.72814868372754,22.47619613568661,5.860660832836519,53.46138140671477,1201.608494182071,288,0.975075959586742,63.81337655480715,False,robust_measured_s3,1201.608494182071,67.72814868372754,5.860660832836519,22.47619613568661,53.46138140671477,0.1180555555555555,63.81337655480715,0.975075959586742,2.971543481769809,0.8323993692108148,-12.090172035883084,-1.1008021323449355
PeMS::D12_I405_N::L405N-071,D12_I405_N,PeMS_average_weekday,1316.200869565217,70.36434782608696,288,217,53,True,,released_profile,True,,69.23271268378657,23.05415589091479,4.826366502771093,51.947829304372775,1197.6133549776414,288,0.9915968940439054,36.77508742275559,False,robust_measured_s3,1197.6133549776414,69.23271268378657,4.826366502771093,23.05415589091479,51.947829304372775,0.0798611111111111,36.77508742275559,0.9915968940439054,1.785505077406582,0.9791589119405966,-9.009834086095758,-1.6082507367187415
PeMS::D12_I405_N::L405N-074,D12_I405_N,PeMS_average_weekday,1449.1567826086955,69.62304347826087,288,242,18,True,,released_profile,True,,68.78651884704944,29.487790609126552,3.838268384814037,47.934272639081335,1413.4757945820145,288,0.9969656766743852,25.87221099237389,False,robust_measured_s3,1413.4757945820145,68.78651884704944,3.838268384814037,29.487790609126552,47.93427263908134,0.0763888888888889,25.87221099237389,0.9969656766743852,1.316984780327295,0.9783076079149872,-2.462189630196532,-1.2015054059976935
PeMS::D12_I405_N::L405N-076,D12_I405_N,PeMS_average_weekday,1982.51895652174,70.33521739130434,288,288,0,False,insufficient_two_branch_support,released_profile,True,,69.88008715718574,55.22874267291685,2.028618544830846,35.28338101956609,1948.6567709600945,288,0.9856073284271052,71.20236219904801,False,robust_measured_s3,1982.51895652174,70.33521739130434,4.0,39.86203924524199,49.73450917362129,0.0069444444444444,168.12469112958738,0.9197554380971984,6.057345902356128,0.3368703814263484,0.0,0.0
PeMS::D12_I405_N::L405N-080,D12_I405_N,PeMS_average_weekday,1643.3827826086956,71.42543478260869,288,276,0,False,insufficient_two_branch_support,released_profile,True,,70.94220646646974,34.30594614607707,3.3981488827066597,47.177156667610994,1618.4569959641035,288,0.9963789000892898,31.88377119638864,False,robust_measured_s3,1643.3827826086956,71.42543478260869,4.0,32.538747946152434,50.50540928398011,0.0069444444444444,43.5130966933992,0.9932556341059348,2.0148411840857205,0.8980416187383247,0.0,0.0
PeMS::D12_I405_N::L405N-086,D12_I405_N,PeMS_average_weekday,1474.8447826086956,70.90891304347826,288,205,27,True,,released_profile,True,,69.37059910582124,26.303199880763767,4.991404330728708,52.54798728176739,1382.18021280416,288,0.991934623842352,42.71381515768682,False,robust_measured_s3,1382.18021280416,69.37059910582124,4.991404330728708,26.303199880763767,52.54798728176739,0.1527777777777778,42.71381515768682,0.991934623842352,1.9804301772111783,0.9412515738505336,-6.283004889547172,-2.1694225332629102
PeMS::D12_I405_N::L405N-087,D12_I405_N,PeMS_average_weekday,1514.0752173913042,70.35586956521738,288,246,2,False,insufficient_two_branch_support,released_profile,True,,69.77301588366498,30.11055698829341,3.815216696737755,48.51572980240951,1460.8356470440967,288,0.9968969858110356,27.103059739998947,False,robust_measured_s3,1514.0752173913042,70.35586956521738,4.0,30.43421565421681,49.74911246584144,0.0069444444444444,38.32370711520012,0.9937958521100256,1.7772304317774166,0.944628591764009,0.0,0.0
PeMS::D12_I405_N::L405N-091,D12_I405_N,PeMS_average_weekday,1382.393152173913,69.84434782608696,288,239,33,True,,released_profile,True,,68.48311744677504,30.35198570268108,3.397802130748367,45.53994605272176,1382.2277914930785,288,0.989156475605556,46.48078597128159,False,robust_measured_s3,1382.2277914930785,68.48311744677504,3.397802130748367,30.35198570268108,45.53994605272177,0.0104166666666666,46.48078597128159,0.989156475605556,2.1922539447581424,0.9624492280589552,-0.0119619140600102,-1.9489485143470708
PeMS::D12_I405_N::L405N-095,D12_I405_N,PeMS_average_weekday,1451.4305454545454,71.58136363636363,288,240,17,True,,released_profile,True,,71.06854944487148,27.780363607997348,3.2205147581225635,46.20959735193477,1283.7194166158993,288,0.9839037915758362,55.05634433411372,False,robust_measured_s3,1283.7194166158993,71.06854944487148,3.2205147581225635,27.780363607997348,46.209597351934775,0.1006944444444444,55.05634433411372,0.9839037915758362,2.626791825808808,0.9317507898492912,-11.554884893656691,-0.7164074075163951
PeMS::D12_I405_N::L405N-100,D12_I405_N,PeMS_average_weekday,1333.1291304347826,70.92021739130435,288,223,1,False,insufficient_two_branch_support,released_profile,True,,70.30922124035565,23.549031788308277,4.146612681613999,50.32909036394224,1185.2013488571154,288,0.9876526362886142,46.16401525655806,False,robust_measured_s3,1333.1291304347826,70.92021739130435,4.0,26.583805944264967,50.14816664061543,0.0069444444444444,81.6003365806248,0.9614209979164948,3.743734204844353,0.7888720126871744,0.0,0.0
PeMS::D12_I405_N::L405N-110,D12_I405_N,PeMS_average_weekday,4462.077391304348,71.00999999999999,288,237,45,False,capacity_outside_range,released_profile,True,,70.09951542569233,111.78618721402324,2.652123960455642,41.56277287487316,4646.1439097244975,288,0.9534536074619548,307.91574504169654,False,robust_measured_s3,4462.077391304348,71.00999999999999,4.0,88.8653761884378,50.21165253205674,0.0069444444444444,577.1374064918435,0.83647630905996,3.885877423687552,0.9470410785667568,0.0,0.0
PeMS::D12_I405_N::L405N-116,D12_I405_N,PeMS_average_weekday,4603.56652173913,69.59152173913044,288,225,45,False,capacity_outside_range,released_profile,True,,68.52436755853965,92.964638186463,3.874233585962976,47.91196465662822,4454.1184591060455,288,0.994882794775892,102.8381630163582,False,robust_measured_s3,4603.56652173913,69.59152173913044,4.0,93.55200242258076,49.20863693483018,0.0069444444444444,136.14989147953256,0.9910306945740848,2.0294106547539865,0.9788970270854764,0.0,0.0
PeMS::D12_I405_N::L405N-126,D12_I405_N,PeMS_average_weekday,6919.891304347826,69.34478260869565,288,282,0,False,active_parameter_bound;insufficient_two_branch_support;capacity_outside_range,released_profile,True,,68.359663808739,149.99999999999997,3.199038816836296,44.31998872599202,6647.998308898802,288,0.9935517941313184,178.9464274315179,True,robust_measured_s3,6919.891304347826,69.34478260869565,4.0,141.1238706735693,49.03416602251566,0.0069444444444444,289.05070192409937,0.9831755495863816,3.2827308981834613,0.7390183954953904,0.0,0.0
PeMS::D12_I405_N::L405N-134,D12_I405_N,PeMS_average_weekday,4203.766363636364,68.10000000000001,288,288,0,False,insufficient_two_branch_support;capacity_outside_range,released_profile,True,,68.03768664495493,104.5927302680998,2.598851747624153,39.91036435282593,4174.333973656708,288,0.996137390013256,79.42527159490028,False,robust_measured_s3,4203.766363636364,68.10000000000001,4.0,87.29843472103337,48.15397179880389,0.0069444444444444,157.32234668420196,0.9848454071233316,2.8265205857977547,0.8233680424990469,0.0,0.0
PeMS::D12_I405_S::L405S-001,D12_I405_S,PeMS_average_weekday,1506.5916521739132,70.53304347826088,288,288,0,False,insufficient_two_branch_support,released_profile,True,,69.60609596175917,51.99162993723108,2.2578763609642025,37.67024888638171,1958.537639744149,288,0.994883093980116,35.580262856810684,False,robust_measured_s3,1506.5916521739132,70.53304347826088,4.0,30.207718856185835,49.87439334120386,0.0069444444444444,45.42880464869239,0.9916583540049098,2.4794289326230783,0.657958513899838,0.0,0.0
PeMS::D12_I405_S::L405S-004,D12_I405_S,PeMS_average_weekday,1303.990760869565,70.06630434782609,288,251,24,True,,released_profile,True,,69.46812089861896,25.0392663791542,3.876589630658652,48.58239739260289,1216.4675896513102,288,0.995164845217314,27.52202966815013,False,robust_measured_s3,1216.4675896513102,69.46812089861896,3.876589630658652,25.0392663791542,48.58239739260289,0.03125,27.52202966815013,0.995164845217314,1.3248388339731825,0.9835077402168828,-6.7119471889425135,-0.8537391186462462
PeMS::D12_I405_S::L405S-005,D12_I405_S,PeMS_average_weekday,1412.8725465838509,70.54434782608696,288,255,23,True,,released_profile,True,,70.2102160286858,26.678230918197208,4.124995807856822,50.17024521190216,1338.4533869857034,288,0.9945123011750062,31.03373859574385,False,robust_measured_s3,1338.4533869857034,70.2102160286858,4.124995807856822,26.678230918197208,50.17024521190216,0.0277777777777777,31.03373859574385,0.9945123011750062,1.3204657516228595,0.9868097912134984,-5.267223839693369,-0.4736478650633979
PeMS::D12_I405_S::L405S-020,D12_I405_S,PeMS_average_weekday,1407.0140909090908,71.20727272727272,288,263,0,False,insufficient_two_branch_support,released_profile,True,,70.14809765147736,28.57783240891295,3.554584255297236,47.49416487806327,1357.2802842865715,288,0.9918999399697048,39.723209144849655,False,robust_measured_s3,1407.0140909090908,71.20727272727272,4.0,27.944033433702582,50.35114541525445,0.0069444444444444,54.36690513683013,0.9848270926365404,2.7671162582229067,0.8699463260538418,0.0,0.0
PeMS::D12_I405_S::L405S-024,D12_I405_S,PeMS_average_weekday,1695.191,70.74145833333334,288,273,5,False,insufficient_two_branch_support,released_profile,True,,67.23008361053824,29.468050981526577,6.081872735599364,53.52677991748353,1577.3298794853577,288,0.9923898694055464,44.074268394318814,False,robust_measured_s3,1695.191,70.74145833333334,4.0,33.88906815740853,50.02176489852561,0.0069444444444444,56.4356379464199,0.9875224659730653,4.647090331738072,0.0988397835195172,0.0,0.0
PeMS::D12_I405_S::L405S-041,D12_I405_S,PeMS_average_weekday,1193.660652173913,70.39521739130436,288,288,0,False,insufficient_two_branch_support;capacity_outside_range,released_profile,True,,68.77104278166559,104.09451893402938,14.82734640187455,62.63266728296992,6519.717370375874,288,0.9992093942318894,10.37224799536534,False,robust_measured_s3,1193.660652173913,70.39521739130436,4.0,23.980195611754507,49.7769355804925,0.0069444444444444,53.24615294807801,0.9791651362261534,3.6540355478999738,-13.519500719808772,0.0,0.0
PeMS::D12_I405_S::L405S-108,D12_I405_S,PeMS_average_weekday,3894.6698113207535,69.1724213836478,288,199,5,False,insufficient_two_branch_support;capacity_outside_range,released_profile,True,,68.37187767263555,65.15490921356394,6.248317015956012,54.76737957214481,3568.363643887892,288,0.9880199867858172,137.7368758783698,False,robust_measured_s3,3894.6698113207535,69.1724213836478,4.0,79.62559005397092,48.91228823147071,0.0069444444444444,195.0386318568005,0.9759786105473218,2.9893120848087498,0.803617022046011,0.0,0.0
PeMS::D12_I405_S::L405S-110,D12_I405_S,PeMS_average_weekday,5269.736086956522,68.92385869565217,288,288,0,False,insufficient_two_branch_support;capacity_outside_range,released_profile,True,,67.70998343678741,138.71863191175916,3.0065816059982846,42.69778638773569,5922.978513367228,288,0.9956148326337936,108.7627079092139,False,robust_measured_s3,5269.736086956522,68.92385869565217,4.0,108.1270315582455,48.73652786923905,0.0069444444444444,129.95148516666478,0.9937397937141358,2.9111993673819523,0.4129709674793752,0.0,0.0
PeMS::D12_I405_S::L405S-112,D12_I405_S,PeMS_average_weekday,3658.832727272727,70.95,288,213,10,False,insufficient_two_branch_support,released_profile,True,,69.53337341165532,57.361240974685664,5.654739446055505,54.4155872570435,3121.3456134303065,288,0.9741915406462484,173.43253045365665,False,robust_measured_s3,3658.832727272727,70.95,4.0,72.929821921968,50.16922612518555,0.0069444444444444,279.9575966061426,0.9327510556102896,5.127634547935548,0.5324245788771187,0.0,0.0
PeMS::D12_I405_S::L405S-114,D12_I405_S,PeMS_average_weekday,3325.561304347826,67.95913043478261,288,189,42,True,,released_profile,True,,66.44048832909807,48.14497404633359,8.960615571938613,56.91716189847602,2740.2752823930946,288,0.9578453198962406,190.47048220437756,False,robust_measured_s3,2740.2752823930946,66.44048832909807,8.960615571938613,48.14497404633359,56.91716189847602,0.15625,190.47048220437756,0.9578453198962406,3.413534117738334,0.8961724540740872,-17.599616076526114,-2.234640284489675
PeMS::D12_I405_S::L405S-115,D12_I405_S,PeMS_average_weekday,3960.86625,69.73531249999999,288,243,38,True,,released_profile,True,,68.34076074160181,65.17094509024412,4.763957328666574,51.08597477552616,3329.3212569774114,288,0.9645900849827324,205.0523643271372,False,robust_measured_s3,3329.3212569774114,68.34076074160181,4.763957328666574,65.17094509024412,51.08597477552616,0.125,205.0523643271372,0.9645900849827324,3.023790145769563,0.9554075312729284,-15.944617999221478,-1.9997784600136128
PeMS::D12_I405_S::L405S-117,D12_I405_S,PeMS_average_weekday,4443.073043478261,70.72152173913044,288,249,25,False,capacity_outside_range,released_profile,True,,70.13496024508883,81.02698097176562,4.224681245671794,50.515469908626976,4093.116019066117,288,0.9940971728926636,101.67573907612848,False,robust_measured_s3,4443.073043478261,70.72152173913044,4.0,88.84783588055355,50.00766759757097,0.0069444444444444,200.8076546592516,0.9769757276014592,2.4197152061370315,0.9481152792868144,0.0,0.0
PeMS::D12_I405_S::L405S-132,D12_I405_S,PeMS_average_weekday,4427.844782608695,70.91869565217392,288,246,33,False,capacity_outside_range,released_profile,True,,69.94526677441709,76.77501568093317,4.9534161171421385,52.87056246031897,4059.138261950745,288,0.9852852509610248,162.9280537830713,False,robust_measured_s3,4427.844782608695,70.91869565217392,4.0,88.29714204502876,50.14709060855711,0.0069444444444444,320.3113700130108,0.9431270402732242,3.3526642028209235,0.9377697850819308,0.0,0.0
PeMS::D12_I5_N::L5N-006,D12_I5_N,PeMS_average_weekday,1288.7645217391305,68.0054347826087,288,288,0,False,insufficient_two_branch_support,released_profile,True,,67.48065605456722,33.66448202453451,2.8549202460262597,41.52352829385193,1397.8680718436285,288,0.9966444434424264,22.910175820162387,False,robust_measured_s3,1288.7645217391305,68.0054347826087,4.0,26.800626614254828,48.08710409232212,0.0069444444444444,28.83562689138035,0.9946842259352456,1.8474545667410545,0.6862730543208713,0.0,0.0
PeMS::D12_I5_N::L5N-007,D12_I5_N,PeMS_average_weekday,1404.0931304347826,67.69717391304349,288,288,0,False,insufficient_two_branch_support,released_profile,True,,67.30546817148954,46.56785862954299,2.59741902471196,39.46923590191398,1837.997797696413,288,0.9984104855544148,16.750221617381325,False,robust_measured_s3,1404.0931304347826,67.69717391304349,4.0,29.331912000438383,47.869130741078095,0.0069444444444444,20.21664279264839,0.9976845178385352,1.1432294868671755,0.708121039662104,0.0,0.0
PeMS::D12_I5_N::L5N-010,D12_I5_N,PeMS_average_weekday,1192.6842857142858,71.38452380952381,288,239,13,True,,released_profile,True,,69.87101816281965,21.135010663297383,4.082656013799626,49.75415417405563,1051.5545790120077,288,0.984819662312546,43.77411865109104,False,robust_measured_s3,1051.5545790120077,69.87101816281965,4.082656013799626,21.135010663297383,49.75415417405563,0.125,43.77411865109104,0.984819662312546,2.904456253978069,0.8842217650236442,-11.83294761176107,-2.120215371531597
PeMS::D12_I5_N::L5N-018,D12_I5_N,PeMS_average_weekday,1044.4082608695653,70.27804347826088,288,288,0,False,insufficient_two_branch_support,released_profile,True,,69.62352587926671,18.996021371274956,8.280276262974102,58.89058652345919,1118.6868401665474,288,0.9995011137211652,7.740120975422603,False,robust_measured_s3,1044.4082608695653,70.27804347826088,4.0,21.01675365554424,49.69408111200129,0.0069444444444444,43.074019339305664,0.9845497020258016,3.076253041073727,-7.8687053971095136,0.0,0.0
PeMS::D12_I5_N::L5N-021,D12_I5_N,PeMS_average_weekday,1208.2101818181818,69.03772727272728,288,198,0,False,insufficient_two_branch_support,released_profile,True,,67.20364758259407,19.20114902165217,7.392564598288645,55.71236009694962,1069.7413285694777,288,0.990940651408494,36.52027060082555,False,robust_measured_s3,1208.2101818181818,69.03772727272728,4.0,24.74976064282361,48.81704511225292,0.0069444444444444,45.77902654828353,0.9857648481424308,3.106747468685909,0.5793099626392559,0.0,0.0
PeMS::D12_I5_N::L5N-025,D12_I5_N,PeMS_average_weekday,1522.5218181818182,69.38159090909092,288,288,0,False,active_parameter_bound;insufficient_two_branch_support,released_profile,True,,69.14116211961948,149.99999999999997,1.2715152816094315,23.24013447533378,3486.020171300066,288,0.9896030362961906,48.846288574228936,True,robust_measured_s3,1522.5218181818182,69.38159090909092,4.0,31.03375082740493,49.06019342132911,0.0069444444444444,58.47453013025181,0.9851003225246184,3.3124416605499105,0.3541959054411907,0.0,0.0
PeMS::D12_I5_N::L5N-028,D12_I5_N,PeMS_average_weekday,1326.5866666666668,70.51642857142856,288,135,103,True,,released_profile,True,,68.50149197511861,17.946765080499606,9.53844140505051,59.23531533581963,1063.0822888012706,288,0.9067035518976924,107.50686309912696,False,robust_measured_s3,1063.0822888012706,68.50149197511861,9.53844140505051,17.946765080499606,59.23531533581963,0.2291666666666666,107.50686309912696,0.9067035518976924,4.872959989341787,0.8359305168128689,-19.863336824235343,-2.8574002358456863
PeMS::D12_I5_N::L5N-034,D12_I5_N,PeMS_average_weekday,1311.203021978022,69.52499999999999,288,288,0,False,insufficient_two_branch_support,released_profile,True,,68.20927043844232,42.43887923921713,2.11908241678944,35.459276631891974,1504.8519588908573,288,0.990719871468372,39.15955636809756,False,robust_measured_s3,1311.203021978022,69.52499999999999,4.0,26.67128510184691,49.16159896199471,0.0069444444444444,63.78824998706519,0.9753759298210986,3.613683393666826,0.6289482955594905,0.0,0.0
PeMS::D12_I5_N::L5N-035,D12_I5_N,PeMS_average_weekday,1382.0488695652173,68.25217391304348,288,133,77,True,,released_profile,True,,67.31278267451971,20.506840656612656,6.50879504611112,54.39989856589942,1115.5700516267907,288,0.9451239605383268,87.69556764556482,False,robust_measured_s3,1115.5700516267907,67.31278267451971,6.50879504611112,20.506840656612656,54.39989856589941,0.1909722222222222,87.69556764556482,0.9451239605383268,3.768698010230394,0.8900713258914518,-19.281432357906336,-1.37635357918503
PeMS::D12_I5_N::L5N-038,D12_I5_N,PeMS_average_weekday,1436.357142857143,71.93249999999999,288,189,5,False,insufficient_two_branch_support,released_profile,True,,70.79204784688137,24.4582337252355,4.0257362901945015,50.1685687307876,1227.0345796781444,288,0.9556800757686792,88.51685145760338,False,robust_measured_s3,1436.357142857143,71.93249999999999,4.0,28.239193019011445,50.86395853770133,0.0069444444444444,158.14348714056035,0.8585347681023745,7.007575856907125,0.5302694035759856,0.0,0.0
PeMS::D12_I5_N::L5N-042,D12_I5_N,PeMS_average_weekday,1105.3382608695651,70.35065217391305,288,112,11,False,insufficient_two_branch_support,released_profile,True,,69.00593605859967,17.084038516931436,7.261142999672761,57.01263740981894,974.0060934611928,288,0.9485542582550912,53.50103120821142,False,robust_measured_s3,1105.3382608695651,70.35065217391305,4.0,22.21989862535032,49.74542321307005,0.0069444444444444,88.81095716094488,0.8582385232099108,5.134171243575294,0.5748963952358066,0.0,0.0
PeMS::D12_I5_N::L5N-043,D12_I5_N,PeMS_average_weekday,1201.511304347826,71.09521739130435,288,205,60,True,,released_profile,True,,70.51108480368515,19.28110177008977,6.206669515225583,56.39690797967048,1087.3945222744142,288,0.9727241338497896,54.61356249036565,False,robust_measured_s3,1087.3945222744142,70.51108480368515,6.206669515225583,19.28110177008977,56.39690797967048,0.1284722222222222,54.61356249036565,0.9727241338497896,2.5041220139990137,0.971668592772203,-9.497770155009375,-0.8216200878944591
PeMS::D12_I5_N::L5N-045,D12_I5_N,PeMS_average_weekday,1170.9515789473685,71.88078947368422,288,201,64,True,,released_profile,True,,71.23791508631481,18.22787203515468,6.842526576012892,58.17323763577041,1060.3743314954677,288,0.9626220299268016,63.54371497375468,False,robust_measured_s3,1060.3743314954677,71.23791508631481,6.842526576012892,18.22787203515468,58.17323763577043,0.1284722222222222,63.54371497375468,0.9626220299268016,2.92724855323274,0.947744033621067,-9.443366356045646,-0.8943618901191441
PeMS::D12_I5_N::L5N-050,D12_I5_N,PeMS_average_weekday,1265.0834375,72.12484375000001,288,288,0,False,insufficient_two_branch_support,released_profile,True,,71.94652220797792,78.85472717188618,1.6335681040662635,30.793185820387915,2428.188266619883,288,0.9974850896533216,20.377396024689403,False,robust_measured_s3,1265.0834375,72.12484375000001,4.0,24.805574082731724,50.99996610764519,0.0069444444444444,26.66423657821171,0.9956939066166208,1.77872479651638,0.6570653601099306,0.0,0.0
PeMS::D12_I5_N::L5N-051,D12_I5_N,PeMS_average_weekday,1770.7671428571427,68.6475,288,288,0,False,insufficient_two_branch_support,released_profile,True,,68.62844737537068,43.83113527538565,2.666248565052512,40.80339249822741,1788.4590162844615,288,0.9919067680149604,44.70292635102572,False,robust_measured_s3,1770.7671428571427,68.6475,4.0,36.47973938210754,48.54111276150352,0.0069444444444444,65.95325521869083,0.9823833813715016,2.864112004739508,0.5849779536951725,0.0,0.0
PeMS::D12_I5_N::L5N-056,D12_I5_N,PeMS_average_weekday,1209.6652173913042,69.3245652173913,288,288,0,False,insufficient_two_branch_support,released_profile,True,,68.6009525191734,27.18035131364851,3.604976344965424,46.70056314832388,1269.3377129166702,288,0.9955088488998656,26.626975368249383,False,robust_measured_s3,1209.6652173913042,69.3245652173913,4.0,24.6770383773949,49.01987016802645,0.0069444444444444,26.88352669919153,0.9954218873459648,1.7203247305582634,0.7840445474592476,0.0,0.0
PeMS::D12_I5_N::L5N-057,D12_I5_N,PeMS_average_weekday,962.1130434782608,70.19999999999999,288,288,0,False,insufficient_two_branch_support,released_profile,True,,69.75258882859703,61.02873107957165,1.765536094095839,31.809250061575096,1941.2781678507145,288,0.99564913621534,20.09133164982009,False,robust_measured_s3,962.1130434782608,70.19999999999999,4.0,19.38224094904575,49.63889603929563,0.0069444444444444,22.817274965772004,0.9943884143822722,1.9793781827290255,0.4255207258939807,0.0,0.0
PeMS::D12_I5_N::L5N-061,D12_I5_N,PeMS_average_weekday,1616.533913043478,71.4054347826087,288,288,0,False,insufficient_two_branch_support,released_profile,True,,71.11007669564026,46.80289736399308,2.237337710181779,38.26789184826851,1791.0482145108988,288,0.994370436834269,33.96136549208089,False,robust_measured_s3,1616.533913043478,71.4054347826087,4.0,32.01610900937946,50.49126714835638,0.0069444444444444,58.63193869962668,0.9832207355699336,3.1304357796806803,0.3088422146765404,0.0,0.0
PeMS::D12_I5_N::L5N-062,D12_I5_N,PeMS_average_weekday,1233.7345341614907,72.35000000000001,288,288,0,False,active_parameter_bound;insufficient_two_branch_support;capacity_outside_range,released_profile,True,,72.29054233200186,149.99999999999997,1.2957686439916871,24.799679934812517,3719.951990221876,288,0.9978241689760388,18.485899483983435,True,robust_measured_s3,1233.7345341614907,72.35000000000001,4.0,24.115606227771007,51.15917561884672,0.0069444444444444,27.86602283937505,0.9950558234803528,1.9445884768810144,0.429436317447863,0.0,0.0
PeMS::D12_I5_N::L5N-070,D12_I5_N,PeMS_average_weekday,1507.512,69.20065217391306,288,254,0,False,insufficient_two_branch_support,released_profile,True,,68.4866807094016,30.611262668420387,3.804300908850113,47.571669964596,1456.228884861653,288,0.9961304096590534,26.83681082770536,False,robust_measured_s3,1507.512,69.20065217391306,4.0,30.808147739449765,48.93225041470553,0.0069444444444444,39.14905312875771,0.9917653393677054,1.8705802514933263,0.9043679094444452,0.0,0.0
PeMS::D12_I5_N::L5N-072,D12_I5_N,PeMS_average_weekday,1352.6621739130435,68.04836956521739,288,133,40,True,,released_profile,True,,66.61512746928959,20.63063889236115,11.1671526820964,58.838201557792026,1213.8696894147686,288,0.98199229990865,48.92257190383836,False,robust_measured_s3,1213.8696894147686,66.61512746928959,11.1671526820964,20.63063889236115,58.83820155779203,0.2083333333333333,48.92257190383836,0.98199229990865,2.355196634089575,0.8698815350961406,-10.260690893482272,-2.106210780780249
PeMS::D12_I5_N::L5N-073,D12_I5_N,PeMS_average_weekday,1369.990909090909,68.75136363636364,288,288,0,False,insufficient_two_branch_support,released_profile,True,,68.26404585855862,29.590966831105785,4.5210955826327766,50.237172610494135,1486.566508405668,288,0.9984308291237012,17.886222241259173,False,robust_measured_s3,1369.990909090909,68.75136363636364,4.0,28.180673393065003,48.61455544309494,0.0069444444444444,35.51979995365506,0.9938116621465544,1.8651457650244565,0.4038890494380714,0.0,0.0
PeMS::D12_I5_N::L5N-074,D12_I5_N,PeMS_average_weekday,1201.2211764705885,69.78882352941176,288,284,0,False,insufficient_two_branch_support,released_profile,True,,68.66729803299238,21.553754491663376,5.702545993457715,53.848369387799465,1160.6345335610313,288,0.9951784971269364,27.962017514355257,False,robust_measured_s3,1201.2211764705885,69.78882352941176,4.0,24.34176696586004,49.34815036867834,0.0069444444444444,29.96846614887442,0.9944617258002654,2.053955183185623,0.7068421121449124,0.0,0.0
PeMS::D12_I5_N::L5N-079,D12_I5_N,PeMS_average_weekday,1213.282588235294,69.89529411764707,288,247,0,False,insufficient_two_branch_support,released_profile,True,,68.28524729739992,20.338667304536944,7.372413697040478,56.58000678292228,1150.7619340462998,288,0.9950075045582932,28.69977937568249,False,robust_measured_s3,1213.282588235294,69.89529411764707,4.0,24.54872982414808,49.42343644361645,0.0069444444444444,32.018590449405075,0.993786089712943,2.274271496545285,0.5779396175070316,0.0,0.0
PeMS::D12_I5_N::L5N-080,D12_I5_N,PeMS_average_weekday,1240.4182114624505,65.17869565217393,288,233,0,False,active_parameter_bound;insufficient_two_branch_support,released_profile,True,,62.62121219783066,21.1046993118295,14.999999999999998,57.09316742153833,1204.9341311915064,288,0.9934856545420416,25.71428088926103,True,robust_measured_s3,1240.4182114624505,65.17869565217393,4.0,26.913951562120072,46.088297684546326,0.0069444444444444,44.42232610707562,0.9805587309583406,2.900864593509834,-1.0264291819843057,0.0,0.0
PeMS::D12_I5_N::L5N-086,D12_I5_N,PeMS_average_weekday,1527.16099378882,71.09391304347828,288,288,0,False,insufficient_two_branch_support,released_profile,True,,70.89475252431257,39.046884384046976,2.6018664451163755,41.61200730369787,1624.8192381756091,288,0.9949622587846544,33.5308783795018,False,robust_measured_s3,1527.16099378882,71.09391304347828,4.0,30.37857528003157,50.27098801413024,0.0069444444444444,47.83097476262446,0.9897490419389902,2.4697190113655227,0.6960666970250404,0.0,0.0
PeMS::D12_I5_N::L5N-090,D12_I5_N,PeMS_average_weekday,1943.7563478260868,71.49391304347826,288,288,0,False,insufficient_two_branch_support;capacity_outside_range,released_profile,True,,71.1845222174032,124.52406198188646,1.733886060069397,32.00029612666879,3984.806858316026,288,0.9989816954566052,17.400302122283545,False,robust_measured_s3,1943.7563478260868,71.49391304347826,4.0,38.44923955096346,50.55383072660484,0.0069444444444444,27.982998714194988,0.9973663830512638,1.3047631367003618,0.5039146237309708,0.0,0.0
PeMS::D12_I5_N::L5N-095,D12_I5_N,PeMS_average_weekday,805.6273043478261,67.89521739130434,288,243,0,False,insufficient_two_branch_support,released_profile,True,,66.76978026932382,13.855898122987558,7.148467248178059,54.99936782429071,762.0656374020919,288,0.9959456401597911,16.577373450439786,False,robust_measured_s3,805.6273043478261,67.89521739130434,4.0,16.780696841434548,48.00916862752612,0.0069444444444444,18.32941670435448,0.9950433513156544,1.919627808151974,0.6676008147223973,0.0,0.0
PeMS::D12_I5_N::L5N-101,D12_I5_N,PeMS_average_weekday,1116.6655714285714,70.83652777777777,288,288,0,False,insufficient_two_branch_support,released_profile,True,,70.3312874490131,27.105743120634177,3.075035421470452,44.80835038494283,1214.5636351936298,288,0.9781136824591876,39.175725185143584,False,robust_measured_s3,1116.6655714285714,70.83652777777777,4.0,22.29363359965255,50.08898914737591,0.0069444444444444,42.11383846147197,0.9747077037023616,2.86530460162821,0.5341086838606102,0.0,0.0
PeMS::D12_I5_N::L5N-106,D12_I5_N,PeMS_average_weekday,1931.589391304348,71.3258695652174,288,288,0,False,active_parameter_bound;insufficient_two_branch_support;capacity_outside_range,released_profile,True,,71.02353341123491,149.99999999999997,1.484633585267786,27.91737688069381,4187.606532104071,288,0.9974018764997756,27.417059022750447,True,robust_measured_s3,1931.589391304348,71.3258695652174,4.0,38.29858550299013,50.435006043592416,0.0069444444444444,44.35831469093649,0.9931990726999036,2.1881271466716004,0.2034410205235055,0.0,0.0
PeMS::D12_I5_N::L5N-114,D12_I5_N,PeMS_average_weekday,1298.304,68.31824999999999,288,288,0,False,insufficient_two_branch_support,released_profile,True,,68.0285264144792,41.17056731489895,2.4466359455314906,38.60240900682036,1589.2830785325589,288,0.9958930482134634,25.19461153881771,False,robust_measured_s3,1298.304,68.31824999999999,4.0,26.875382857190267,48.308297853797846,0.0069444444444444,29.37124482957171,0.9944185250729064,1.79663908736029,0.6579476776043687,0.0,0.0
PeMS::D12_I5_N::L5N-115,D12_I5_N,PeMS_average_weekday,1206.0219130434782,68.14326086956521,288,288,0,False,insufficient_two_branch_support,released_profile,True,,67.82419268961506,42.382467695586456,3.0114164096968508,42.80147947628019,1814.032321226752,288,0.9995156727701036,8.219811394808524,False,robust_measured_s3,1206.0219130434782,68.14326086956521,4.0,25.02921821146647,48.18456185303348,0.0069444444444444,29.59662488572542,0.9937208687982496,1.8289006860700936,-1.3899127561986333,0.0,0.0
PeMS::D12_I5_N::L5N-116,D12_I5_N,PeMS_average_weekday,1223.4647826086955,71.80239130434784,288,288,0,False,insufficient_two_branch_support,released_profile,True,,71.04522288588745,28.78823921290545,3.1922289994858053,46.01857075120724,1324.7936230217683,288,0.9941796975226688,29.896694933841317,False,robust_measured_s3,1223.4647826086955,71.80239130434784,4.0,24.09725438414885,50.771957796714354,0.0069444444444444,30.172868056211588,0.9940716698355596,2.035177035342349,0.6751005770958189,0.0,0.0
PeMS::D12_I5_N::L5N-117,D12_I5_N,PeMS_average_weekday,1098.7352999999998,69.32225,288,288,0,False,insufficient_two_branch_support,released_profile,True,,68.9013263705065,35.55521295688859,2.55392179717676,40.039457320918096,1423.611431723495,288,0.9962128243097452,21.244283222913047,False,robust_measured_s3,1098.7352999999998,69.32225,4.0,22.41482875581896,49.01823306210915,0.0069444444444444,23.188124070222653,0.9954880682838064,1.6377945126827371,0.6866942790510353,0.0,0.0
PeMS::D12_I5_N::L5N-119,D12_I5_N,PeMS_average_weekday,1118.4928695652177,67.82152173913045,288,288,0,False,insufficient_two_branch_support,released_profile,True,,67.14497849913398,27.26194577365432,3.747056268497999,46.38078326808109,1264.43039839404,288,0.9970154304556909,19.78989548856768,False,robust_measured_s3,1118.4928695652177,67.82152173913045,4.0,23.32279997551427,47.95705793212999,0.0069444444444444,26.392930132102368,0.994691523271991,1.779476012507661,0.4584309274180104,0.0,0.0
PeMS::D12_I5_N::L5N-122,D12_I5_N,PeMS_average_weekday,1041.4851,69.26837499999999,288,217,0,False,insufficient_two_branch_support,released_profile,True,,67.9903021031411,17.33260752001086,8.843186479873106,58.12529604974159,1007.4629434146088,288,0.9965472361335004,20.58189282624504,False,robust_measured_s3,1041.4851,69.26837499999999,4.0,21.263417157245268,48.98013768427272,0.0069444444444444,29.71109789522652,0.9928049526908632,2.245476276109439,0.520618368568194,0.0,0.0
PeMS::D12_I5_N::L5N-125,D12_I5_N,PeMS_average_weekday,921.7721739130436,69.03478260869565,288,224,0,False,insufficient_two_branch_support,released_profile,True,,68.01248049746503,15.4866347160733,8.263913892502105,57.50882793915372,890.6182112431842,288,0.996619619256638,17.757353358496704,False,robust_measured_s3,921.7721739130436,69.03478260869565,4.0,18.882984207467576,48.81496292034784,0.0069444444444444,25.586740673519056,0.992981584423958,2.103235587887031,0.5702523405539089,0.0,0.0
PeMS::D12_I5_N::L5N-128,D12_I5_N,PeMS_average_weekday,1209.6373684210528,72.3421052631579,288,223,52,True,,released_profile,True,,71.77175513891335,22.14551688915769,4.207733069812939,51.62610940323791,1143.286877710908,288,0.9934601186581358,28.55679927141944,False,robust_measured_s3,1143.286877710908,71.77175513891335,4.207733069812939,22.14551688915769,51.62610940323791,0.0694444444444444,28.55679927141944,0.9934601186581358,1.5888642613954966,0.979675630589982,-5.485155505467942,-0.7884068650888754
PeMS::D12_I5_N::L5N-129,D12_I5_N,PeMS_average_weekday,1337.3702608695653,68.32173913043476,288,287,0,False,insufficient_two_branch_support,released_profile,True,,67.57371453603331,24.40326883327005,6.933749230186357,55.32831264314592,1350.1916875219042,288,0.9992886733429844,10.484379523726146,False,robust_measured_s3,1337.3702608695653,68.32173913043476,4.0,27.68265540233692,48.31076504158872,0.0069444444444444,38.13578440585084,0.9905887137162244,2.038183280009741,0.2590855486785877,0.0,0.0
PeMS::D12_I5_N::L5N-130,D12_I5_N,PeMS_average_weekday,1040.1245454545451,70.06045454545455,288,288,0,False,insufficient_two_branch_support,released_profile,True,,69.17195128946275,23.2222116052902,4.219252411189075,49.80082116500806,1156.4852072110318,288,0.9885588325638812,20.766639739269586,False,robust_measured_s3,1040.1245454545451,70.06045454545455,4.0,20.995556598688992,49.54022250210279,0.0069444444444444,28.172649764347582,0.978943156165845,2.0745898434939214,0.2174994084401041,0.0,0.0
PeMS::D12_I5_N::L5N-131,D12_I5_N,PeMS_average_weekday,1608.801538461539,71.68833333333333,288,141,79,True,,released_profile,True,,70.73118574239156,23.33641127049648,7.159562562984666,58.27995532303294,1360.045006244457,288,0.964754399201573,84.89964930837363,False,robust_measured_s3,1360.045006244457,70.73118574239156,7.159562562984666,23.33641127049648,58.27995532303294,0.1458333333333333,84.89964930837363,0.964754399201573,3.301772694399062,0.9281973863594626,-15.46222615220534,-1.335151127717349
PeMS::D12_I5_N::L5N-132,D12_I5_N,PeMS_average_weekday,1330.402857142857,70.06349999999998,288,140,76,True,,released_profile,True,,68.72198042606713,20.734808040922783,6.060838510159158,54.67132228018081,1133.599372822974,288,0.9600311912123988,73.3998252152435,False,robust_measured_s3,1133.599372822974,68.72198042606713,6.060838510159158,20.734808040922783,54.6713222801808,0.1666666666666666,73.3998252152435,0.9600311912123988,3.264253686699153,0.9316850358389818,-14.792773727390651,-1.91471960997216
PeMS::D12_I5_N::L5N-133,D12_I5_N,PeMS_average_weekday,1346.9186363636363,70.90590909090909,288,161,69,True,,released_profile,True,,68.99411697406033,19.731628088432775,6.41975222227453,55.59421807532614,1096.9644349295625,288,0.967393315528666,68.32878260577732,False,robust_measured_s3,1096.9644349295625,68.99411697406033,6.41975222227453,19.731628088432775,55.59421807532614,0.1770833333333333,68.32878260577732,0.967393315528666,3.455240217952271,0.8979210389911833,-18.55748333165034,-2.696238072905366
PeMS::D12_I5_N::L5N-134,D12_I5_N,PeMS_average_weekday,1327.9265934065936,71.60817307692308,288,222,55,True,,released_profile,True,,71.00246051540262,24.219785716210705,3.7915477626265695,49.25874771970135,1193.0363144200494,288,0.9681687474667906,65.38794234874374,False,robust_measured_s3,1193.0363144200494,71.00246051540262,3.7915477626265695,24.219785716210705,49.25874771970135,0.0694444444444444,65.38794234874374,0.9681687474667906,2.880552703293922,0.976067948481026,-10.157962018104003,-0.845870709297103
PeMS::D12_I5_N::L5N-135,D12_I5_N,PeMS_average_weekday,1147.9304347826087,68.99891304347825,288,198,46,True,,released_profile,True,,68.24928256364005,19.21131075505547,5.529506852883805,53.11494950271487,1020.4078006357344,288,0.9656929606641071,59.53058925431908,False,robust_measured_s3,1020.4078006357344,68.24928256364005,5.529506852883805,19.21131075505547,53.11494950271488,0.15625,59.53058925431908,0.9656929606641071,3.0271227798621663,0.9123593232793024,-11.108916558260262,-1.0864380999246137
PeMS::D12_I5_N::L5N-138,D12_I5_N,PeMS_average_weekday,1041.9405194805197,70.72522727272727,288,248,28,True,,released_profile,True,,69.70282999503613,20.802702134141555,3.38538168941546,46.28170126878654,962.7844457558876,288,0.9888563706252824,32.66818953266419,False,robust_measured_s3,962.7844457558876,69.70282999503613,3.38538168941546,20.802702134141555,46.28170126878655,0.0868055555555555,32.66818953266419,0.9888563706252824,2.2078310256151923,0.9488259226755356,-7.596985839853598,-1.445590657133733
PeMS::D12_I5_N::L5N-140,D12_I5_N,PeMS_average_weekday,1284.441081081081,69.65702702702703,288,288,0,False,insufficient_two_branch_support,released_profile,True,,69.01630195413703,28.35586347602604,2.8751875837138487,42.61408587728904,1208.3592012920574,288,0.9900375454077132,37.477310043373,False,robust_measured_s3,1284.441081081081,69.65702702702703,4.0,26.07739770790433,49.25495616810543,0.0069444444444444,65.92831504999425,0.9691700028376216,3.8114556140828446,0.5446581659861783,0.0,0.0
PeMS::D12_I5_N::L5N-142,D12_I5_N,PeMS_average_weekday,1098.51,72.25021739130433,288,288,0,False,insufficient_two_branch_support,released_profile,True,,71.66401627953772,25.71931123664093,3.347785155601369,47.365578256737926,1218.210049088515,288,0.989332712944308,28.74590340360044,False,robust_measured_s3,1098.51,72.25021739130433,4.0,21.502049357009174,51.08861865959353,0.0069444444444444,30.298984744925665,0.9881489123198796,2.2363432673813763,0.5973293383958734,0.0,0.0
PeMS::D12_I5_N::L5N-144,D12_I5_N,PeMS_average_weekday,1157.7839130434784,68.90239130434782,288,288,0,False,insufficient_two_branch_support,released_profile,True,,68.29743036241763,29.52018554532025,3.1314840947479907,43.867621699930254,1294.9803320138578,288,0.9939729544780912,23.82803593515879,False,robust_measured_s3,1157.7839130434784,68.90239130434782,4.0,23.76338006748048,48.72134813127335,0.0069444444444444,27.015188558606106,0.9922528139600084,1.8611299640097243,0.6770827709727025,0.0,0.0
PeMS::D12_I5_N::L5N-145,D12_I5_N,PeMS_average_weekday,1633.410559006211,69.00478260869565,288,288,0,False,insufficient_two_branch_support,released_profile,True,,68.7327214327925,64.63414144521444,2.0999085667528536,35.518598647909315,2295.714128944773,288,0.99509546845319,31.670390695750157,False,robust_measured_s3,1633.410559006211,69.00478260869565,4.0,33.47581541658111,48.79374971691224,0.0069444444444444,41.61495793293444,0.9915318291754938,2.152609775858566,0.4001119455877897,0.0,0.0
PeMS::D12_I5_N::L5N-146,D12_I5_N,PeMS_average_weekday,1247.516347826087,69.36652173913043,288,224,51,True,,released_profile,True,,68.62908541126373,25.958725457007333,3.862598666089264,47.93349057424116,1244.292322012775,288,0.9941033819253576,28.38423612226117,False,robust_measured_s3,1244.292322012775,68.62908541126373,3.862598666089264,25.958725457007333,47.93349057424116,0.0069444444444444,28.38423612226117,0.9941033819253576,1.5450990456085538,0.982512618590109,-0.2584355562899154,-1.0631012041226628
PeMS::D12_I5_N::L5N-147,D12_I5_N,PeMS_average_weekday,1310.4147368421052,71.70631578947369,288,288,0,False,insufficient_two_branch_support,released_profile,True,,71.23626352048778,33.14662955840237,2.889465689319668,44.08972118659244,1461.425655505224,288,0.9931976908220732,28.631956560693165,False,robust_measured_s3,1310.4147368421052,71.70631578947369,4.0,25.8443942178901,50.70402214864085,0.0069444444444444,34.59386399377109,0.9900699265267188,2.164654385481096,0.6707172532765759,0.0,0.0
PeMS::D12_I5_N::L5N-148,D12_I5_N,PeMS_average_weekday,1471.1741739130434,68.38021739130436,288,288,0,False,insufficient_two_branch_support,released_profile,True,,67.76040980550624,33.602391026379934,3.199251902059685,43.932739163617214,1476.2450802358214,288,0.9938420062343014,30.195767482116423,False,robust_measured_s3,1471.1741739130434,68.38021739130436,4.0,30.426262868614927,48.3521154164016,0.0069444444444444,42.8939120996316,0.9875737978387896,2.328246851628589,0.7675914005710893,0.0,0.0
PeMS::D12_I5_N::L5N-152,D12_I5_N,PeMS_average_weekday,1353.0452631578949,72.35763157894738,288,288,0,False,insufficient_two_branch_support,released_profile,True,,71.96306939299177,31.38280913885751,2.9960178975082234,45.30605792940249,1421.8313688324604,288,0.9941004081994432,27.845580206270995,False,robust_measured_s3,1353.0452631578949,72.35763157894738,4.0,26.44496399215068,51.16457196007157,0.0069444444444444,35.77496189224083,0.9902620446268832,2.2073194854126204,0.7506958031677301,0.0,0.0
PeMS::D12_I5_N::L5N-157,D12_I5_N,PeMS_average_weekday,1410.51625,71.83875,288,174,9,False,insufficient_two_branch_support,released_profile,True,,70.53747366715005,21.964812892738813,4.563999647913778,52.06008897493557,1143.4901135137943,288,0.9503610564584954,88.79990351278823,False,robust_measured_s3,1410.51625,71.83875,4.0,27.76734298268885,50.7976672769651,0.0069444444444444,159.15563288992917,0.8405437413410144,7.378048458865034,0.3880313306355399,0.0,0.0
PeMS::D12_I5_N::L5N-159,D12_I5_N,PeMS_average_weekday,1661.084869565217,70.41521739130435,288,154,33,True,,released_profile,True,,69.79447675150786,26.011633187192448,6.145540666511132,55.699857847255565,1448.8442709015746,288,0.9873779801954298,53.958194618179306,False,robust_measured_s3,1448.8442709015746,69.79447675150786,6.145540666511132,26.011633187192448,55.69985784725556,0.1909722222222222,53.958194618179306,0.9873779801954298,2.159210625300275,0.9298081685340848,-12.777227855864805,-0.8815433123595673
PeMS::D12_I5_N::L5N-161,D12_I5_N,PeMS_average_weekday,1232.5636363636363,70.92659090909092,288,145,101,True,,released_profile,True,,70.27219530423932,19.49083282024697,5.136672124562196,53.65069361449311,1045.6966999303768,288,0.9311970678661856,91.17078492686308,False,robust_measured_s3,1045.6966999303768,70.27219530423932,5.136672124562196,19.49083282024697,53.65069361449311,0.2152777777777778,91.17078492686308,0.9311970678661856,4.022111248292617,0.9208722536351304,-15.160834777225997,-0.9226378942847612
PeMS::D12_I5_N::L5N-162,D12_I5_N,PeMS_average_weekday,1259.8254545454545,67.97886363636364,288,210,0,False,insufficient_two_branch_support,released_profile,True,,67.17059933970357,22.19659898010752,3.541825145845556,45.41438322845744,1008.0448524509904,288,0.972698998806936,58.89934411466024,False,robust_measured_s3,1259.8254545454545,67.97886363636364,4.0,26.20906188681821,48.06831545462834,0.0069444444444444,131.74553152227017,0.863406685164452,6.739912627654307,0.3778897442867314,0.0,0.0
PeMS::D12_I5_N::L5N-163,D12_I5_N,PeMS_average_weekday,1438.3081818181818,71.34931818181819,288,206,68,True,,released_profile,True,,71.03119660002716,25.797420163922887,3.6805542720686217,48.73831496355241,1257.3227891963716,288,0.9805103870518634,56.60197094875841,False,robust_measured_s3,1257.3227891963716,71.03119660002716,3.6805542720686217,25.797420163922887,48.738314963552405,0.0659722222222222,56.60197094875841,0.9805103870518634,2.4323466020734306,0.9805320178203264,-12.583213730525022,-0.4458649219048816
PeMS::D12_I5_N::L5N-165,D12_I5_N,PeMS_average_weekday,1134.78,71.15249999999999,288,214,44,True,,released_profile,True,,68.60926782945062,19.10015545429604,5.614349888128318,53.5977874242345,1023.726071809192,288,0.9861635831647608,40.33549953764904,False,robust_measured_s3,1023.726071809192,68.60926782945062,5.614349888128318,19.10015545429604,53.59778742423449,0.1041666666666666,40.33549953764904,0.9861635831647608,3.087133863594602,0.9099110160146378,-9.786383985513314,-3.574339862337061
PeMS::D12_I5_N::L5N-166,D12_I5_N,PeMS_average_weekday,1719.6651538461538,71.96846153846154,288,288,0,False,insufficient_two_branch_support,released_profile,True,,71.2319597263754,39.858280754472375,2.566569560857959,41.504691496277125,1654.3056462863758,288,0.9888899483456718,53.49608023364729,False,robust_measured_s3,1719.6651538461538,71.96846153846154,4.0,33.7922158028895,50.88938718540939,0.0069444444444444,98.86107339719752,0.9620577747342174,4.46949422288446,0.5470303199683771,0.0,0.0
PeMS::D12_I5_N::L5N-167,D12_I5_N,PeMS_average_weekday,1211.7682608695652,72.09826086956522,288,288,0,False,insufficient_two_branch_support,released_profile,True,,71.75714482178363,29.0789871279884,2.814796134375968,43.85044417113208,1275.126501608924,288,0.9954324752429896,24.92606496440766,False,robust_measured_s3,1211.7682608695652,72.09826086956522,4.0,23.7689382282784,50.98116917262628,0.0069444444444444,32.74652059373706,0.9921167774274676,2.1806503691283297,0.7956198395989798,0.0,0.0
PeMS::D12_I5_N::L5N-171,D12_I5_N,PeMS_average_weekday,1112.6968695652174,69.25326086956522,288,288,0,False,insufficient_two_branch_support,released_profile,True,,68.4592452967767,26.332575796073456,3.8464298991066967,47.74278438627724,1257.1904885672377,288,0.996613325268415,21.082716060918887,False,robust_measured_s3,1112.6968695652174,69.25326086956522,4.0,22.722265839770213,48.96945038015056,0.0069444444444444,29.54149774923877,0.993350555151356,2.0268882413820317,0.3407274174579776,0.0,0.0
PeMS::D12_I5_N::L5N-173,D12_I5_N,PeMS_average_weekday,1373.568,69.73022727272728,288,288,0,False,active_parameter_bound;insufficient_two_branch_support;capacity_outside_range,released_profile,True,,69.59589965051421,149.99999999999997,1.290767839532437,23.77651042776169,3566.4765641642525,288,0.997208806357289,22.699118635998783,True,robust_measured_s3,1373.568,69.73022727272728,4.0,27.8576245972088,49.3067165582246,0.0069444444444444,30.98262702960501,0.9947999387882812,2.070742730173297,0.5186231889252412,0.0,0.0
PeMS::D12_I5_N::L5N-174,D12_I5_N,PeMS_average_weekday,1314.993652173913,70.04673913043479,288,288,0,False,insufficient_two_branch_support,released_profile,True,,69.9212603428611,96.5830122813111,1.6851575344992575,30.71404507500196,2966.454992687657,288,0.9987142473813364,14.991974013950928,False,robust_measured_s3,1314.993652173913,70.04673913043479,4.0,26.549156754833977,49.53052423913553,0.0069444444444444,26.925628113321928,0.9958526426010772,1.5405968684829692,0.4361292832401808,0.0,0.0
PeMS::D12_I5_N::L5N-178,D12_I5_N,PeMS_average_weekday,1228.8736363636365,70.6165909090909,288,210,67,True,,released_profile,True,,70.20837579453372,23.075019927511008,3.9410518345866983,49.388132512585486,1139.6321419104645,288,0.9644133497723004,65.64691102400072,False,robust_measured_s3,1139.6321419104645,70.20837579453372,3.9410518345866983,23.075019927511008,49.388132512585486,0.0277777777777777,65.64691102400072,0.9644133497723004,2.9402494554337597,0.9743335515784874,-7.262056228763026,-0.578072531259266
PeMS::D12_I5_N::L5N-182,D12_I5_N,PeMS_average_weekday,1115.8630434782608,69.37,288,288,0,False,insufficient_two_branch_support,released_profile,True,,68.47383516339701,21.774254438234344,4.997731247576257,51.88693208511638,1129.7992612407093,288,0.9980390063247696,16.416556805092036,False,robust_measured_s3,1115.8630434782608,69.37,4.0,22.748575030097665,49.05199741091081,0.0069444444444444,21.171540718848743,0.996738503073043,1.5531640442886931,0.7815610720198747,0.0,0.0
PeMS::D12_I5_N::L5N-185,D12_I5_N,PeMS_average_weekday,1235.020909090909,67.76931818181818,288,287,0,False,insufficient_two_branch_support,released_profile,True,,66.18858577719796,26.95565707784441,3.504381211729782,44.56367711919771,1201.243198552875,288,0.9931308501829736,34.20828709267184,False,robust_measured_s3,1235.020909090909,67.76931818181818,4.0,25.77247884898012,47.92014444275242,0.0069444444444444,44.13283630008506,0.9885668997815408,2.956815203317434,0.6822089729813168,0.0,0.0
PeMS::D12_I5_N::L5N-186,D12_I5_N,PeMS_average_weekday,1051.3408695652174,68.73021739130435,288,288,0,False,insufficient_two_branch_support,released_profile,True,,67.68531988645194,20.49025698064064,6.406333350032753,54.51494927156328,1117.02531986092,288,0.9947770431288396,22.40259725629936,False,robust_measured_s3,1051.3408695652174,68.73021739130435,4.0,21.63270498551288,48.59960278981689,0.0069444444444444,37.00173561272457,0.9857516725233684,2.650764800623107,-0.608513248644716,0.0,0.0
PeMS::D12_I5_N::L5N-187,D12_I5_N,PeMS_average_weekday,1392.6711801242236,71.61434782608696,288,288,0,False,active_parameter_bound;insufficient_two_branch_support;capacity_outside_range,released_profile,True,,71.39779610661998,149.99999999999753,1.9206832175590505,34.69152864510401,5203.729296765516,288,0.9999579601550412,2.844182882304446,True,robust_measured_s3,1392.6711801242236,71.61434782608696,4.0,27.501953597912657,50.638990978078176,0.0069444444444444,41.26392682996229,0.9911511429662456,2.359637890387015,-18.88864450836876,0.0,0.0
PeMS::D12_I5_N::L5N-188,D12_I5_N,PeMS_average_weekday,1120.2252,71.45799999999998,288,288,0,False,insufficient_two_branch_support,released_profile,True,,70.12767460518735,23.199442499838327,3.956753788066292,49.400273518542186,1146.0588049697053,288,0.9940916287373316,28.12574780503752,False,robust_measured_s3,1120.2252,71.45799999999998,4.0,22.170193270901976,50.5284363700283,0.0069444444444444,28.723666106828507,0.9938377493396258,2.2336455498527936,0.693787663737581,0.0,0.0
PeMS::D12_I5_N::L5N-190,D12_I5_N,PeMS_average_weekday,1294.1660869565217,71.72804347826087,288,288,0,False,insufficient_two_branch_support,released_profile,True,,71.80605404937079,39.93043984560956,2.2389763635113447,38.659959780373576,1543.709198443892,288,0.9954780603604308,23.763284758186167,False,robust_measured_s3,1294.1660869565217,71.72804347826087,4.0,25.516201800372976,50.71938594472178,0.0069444444444444,36.77461555783886,0.9891705076446372,2.348613809284192,0.7107286878775942,0.0,0.0
PeMS::D12_I5_N::L5N-191,D12_I5_N,PeMS_average_weekday,1179.9976086956522,70.49336956521739,288,288,0,False,insufficient_two_branch_support,released_profile,True,,69.82860815601728,29.08387836835692,3.224241244372107,45.42596737576884,1321.1633099218109,288,0.9843944810307612,37.52968208410594,False,robust_measured_s3,1179.9976086956522,70.49336956521739,4.0,23.672703292205934,49.846339648254606,0.0069444444444444,39.41355681082329,0.9827884611074236,2.5998255514321693,0.4587981959711236,0.0,0.0
PeMS::D12_I5_N::L5N-192,D12_I5_N,PeMS_average_weekday,1212.1337142857142,69.6923076923077,288,288,0,False,insufficient_two_branch_support,released_profile,True,,68.6424902016963,28.17764078541821,3.5742650734457064,46.57469437616731,1312.3650078222802,288,0.9871837473237942,35.29195034996062,False,robust_measured_s3,1212.1337142857142,69.6923076923077,4.0,24.59691743485972,49.27990336577016,0.0069444444444444,36.62740991235805,0.986195453003069,2.418561017139812,0.5277706633595093,0.0,0.0
PeMS::D12_I5_N::L5N-209,D12_I5_N,PeMS_average_weekday,1210.394906832298,72.24782608695654,288,288,0,False,active_parameter_bound;insufficient_two_branch_support,released_profile,True,,72.29304011028461,149.99999999999997,1.2099468110856149,22.98816864509821,3448.225296764731,288,0.99597879190632,24.810046296023987,True,robust_measured_s3,1210.394906832298,72.24782608695654,4.0,23.69284981681395,51.08692775207332,0.0069444444444444,33.693854070469776,0.992583435469276,2.5384702074361885,0.4014267004176364,0.0,0.0
PeMS::D12_I5_N::L5N-225,D12_I5_N,PeMS_average_weekday,1318.9084444444445,69.82259259259258,288,288,0,False,insufficient_two_branch_support,released_profile,True,,69.11977777685449,31.85838021598857,2.8121842849958587,42.21944559015029,1345.0431501192502,288,0.9892951472641004,40.9142566197425,False,robust_measured_s3,1318.9084444444445,69.82259259259258,4.0,26.713677341445702,49.37202870224783,0.0069444444444444,54.52203568664273,0.9809902899385444,3.1549242539023985,0.619802371218581,0.0,0.0
PeMS::D12_I5_N::L5N-230,D12_I5_N,PeMS_average_weekday,1291.6404968944098,71.11260869565218,288,140,94,True,,released_profile,True,,70.34599963326036,20.41515734650607,5.569223444076368,54.84468780603529,1119.6629311802133,288,0.9603741686699552,72.00628270608028,False,robust_measured_s3,1119.6629311802133,70.34599963326036,5.569223444076368,20.41515734650607,54.84468780603529,0.1354166666666666,72.00628270608028,0.9603741686699552,3.133173677408095,0.9464311478384022,-13.314661945618411,-1.0780212910944664
PeMS::D12_I5_N::L5N-233,D12_I5_N,PeMS_average_weekday,1832.596363636364,71.02727272727273,241,129,38,True,,released_profile,True,,69.62448889262245,25.45928574941439,8.286387625387388,58.89867321995713,1499.5181517682695,241,0.9010527482830676,162.97356597257445,False,robust_measured_s3,1499.5181517682695,69.62448889262245,8.286387625387388,25.45928574941439,58.898673219957125,0.2406639004149377,162.97356597257445,0.9010527482830676,6.198623085786941,0.6409427490979818,-18.175208598972524,-1.97499323962026
PeMS::D12_I5_N::L5N-235,D12_I5_N,PeMS_average_weekday,1212.8360869565215,72.00847826086957,288,288,0,False,insufficient_two_branch_support,released_profile,True,,71.62581153390468,26.37812086081714,3.3012374573899708,47.06472461998501,1241.4789943070407,288,0.9904964172860268,31.22295333472676,False,robust_measured_s3,1212.8360869565215,72.00847826086957,4.0,23.81954576092599,50.91768328118496,0.0069444444444444,36.44347083247665,0.987052710380104,2.4004249803807864,0.7095343335228652,0.0,0.0
PeMS::D12_I5_N::L5N-238,D12_I5_N,PeMS_average_weekday,966.1995789473684,70.17342105263158,288,288,0,False,insufficient_two_branch_support,released_profile,True,,69.92031671333808,28.14375576552306,3.455806586454272,46.81515476365828,1317.554281793562,288,0.9988743235483876,8.266887056906397,False,robust_measured_s3,966.1995789473684,70.17342105263158,4.0,19.471938634453966,49.62010188537463,0.0069444444444444,27.066541950742323,0.9879331165161488,2.1138881170153945,-1.7064389285696984,0.0,0.0
PeMS::D12_I5_N::L5N-242,D12_I5_N,PeMS_average_weekday,910.278887634105,71.51739130434783,288,196,60,True,,released_profile,True,,70.90366399118822,14.410539903610498,6.381671534426017,57.05932446175864,822.2556720292315,288,0.9699912150938834,43.22750954385331,False,robust_measured_s3,822.2556720292315,70.90366399118822,6.381671534426017,14.410539903610498,57.05932446175864,0.1354166666666666,43.22750954385331,0.9699912150938834,2.606434407194858,0.9638915546648004,-9.66991729684664,-0.8581511461286939
PeMS::D12_I5_N::L5N-248,D12_I5_N,PeMS_average_weekday,1015.6095652173912,69.2245652173913,288,186,66,True,,released_profile,True,,68.26473482360103,16.028350512730814,7.328335589635156,56.49907378090206,905.5869582049376,288,0.9430571703780474,66.04097841942153,False,robust_measured_s3,905.5869582049376,68.26473482360103,7.328335589635156,16.028350512730814,56.49907378090207,0.1111111111111111,66.04097841942153,0.9430571703780474,3.3305556201075066,0.9384050067144528,-10.833159787039149,-1.3865459331901089
PeMS::D12_I5_N::L5N-252,D12_I5_N,PeMS_average_weekday,7857.027692307693,71.7075,288,288,0,False,active_parameter_bound;insufficient_two_branch_support;capacity_outside_range,released_profile,True,,70.59319418743797,149.99999999999892,4.584304642643203,52.17135561406482,7825.703342109667,288,0.9918297457059034,185.5768208464937,True,robust_measured_s3,7857.027692307693,71.7075,4.0,154.95610811146005,50.70485951193436,0.0069444444444444,184.7108077811231,0.9919058224223268,2.0164399458786466,0.6440616957443803,0.0,0.0
PeMS::D12_I5_S::L5S-002,D12_I5_S,PeMS_average_weekday,1432.258956521739,63.57956521739131,288,288,0,False,insufficient_two_branch_support;capacity_outside_range,released_profile,True,,61.51391389843484,149.37980425802516,14.921330040711627,56.056297709575645,8373.678779285994,288,0.9974618095873884,22.26062606350836,False,robust_measured_s3,1432.258956521739,63.57956521739131,4.0,31.8580354272276,44.95754171010975,0.0069444444444444,61.31828439888664,0.9807411903211822,3.737661711891759,-2.8289874364790357,0.0,0.0
PeMS::D12_I5_S::L5S-005,D12_I5_S,PeMS_average_weekday,1024.2318260869563,68.04478260869566,288,288,0,False,insufficient_two_branch_support,released_profile,True,,67.21566652192803,29.2715541883874,6.457394725664987,54.229395970520805,1587.378702754617,288,0.9999122940012704,3.0976377145131044,False,robust_measured_s3,1024.2318260869563,68.04478260869566,4.0,21.287194755196836,48.11492720697316,0.0069444444444444,41.70514900391485,0.9841018201351818,3.05888845066802,-32.24443294661399,0.0,0.0
PeMS::D12_I5_S::L5S-009,D12_I5_S,PeMS_average_weekday,1290.144255319149,72.26521276595744,288,288,0,False,insufficient_two_branch_support;capacity_outside_range,released_profile,True,,72.38102749707822,139.09217694292025,1.3809132182228936,26.52393183882065,3689.271420547198,288,0.9986133312711316,15.795311254648514,False,robust_measured_s3,1290.144255319149,72.26521276595744,4.0,25.24782579965748,51.09922199069717,0.0069444444444444,31.0491647874648,0.9946418336858586,1.8390160618374272,0.4279542899082128,0.0,0.0
PeMS::D12_I5_S::L5S-010,D12_I5_S,PeMS_average_weekday,1291.682608695652,67.7695652173913,288,288,0,False,insufficient_two_branch_support;capacity_outside_range,released_profile,True,,65.79809410862164,82.03902065198163,14.445823954337367,59.77728941141359,4904.070280542443,288,0.9973204993463624,18.12551074375547,False,robust_measured_s3,1291.682608695652,67.7695652173913,4.0,26.954799807835737,47.92031912328138,0.0069444444444444,53.802516740300014,0.976390948266158,4.314358207783634,-2.3897098010147406,0.0,0.0
PeMS::D12_I5_S::L5S-013,D12_I5_S,PeMS_average_weekday,1109.1032608695652,69.05347826086957,288,288,0,False,insufficient_two_branch_support,released_profile,True,,68.37858134295108,47.99293222918152,2.6577938924563203,40.587646664507744,1947.9201757116853,288,0.9976839631420936,15.805047154723637,False,robust_measured_s3,1109.1032608695652,69.05347826086957,4.0,22.71440792118344,48.82818274277872,0.0069444444444444,38.487092486889445,0.986266409878739,2.524141410016397,-1.632125265841684,0.0,0.0
PeMS::D12_I5_S::L5S-017,D12_I5_S,PeMS_average_weekday,1330.8406956521735,70.85913043478261,288,288,0,False,insufficient_two_branch_support,released_profile,True,,69.83345355865389,65.86386554836722,2.272995785565003,37.94795858373104,2499.399241993869,288,0.9967466309732504,23.65082262708701,False,robust_measured_s3,1330.8406956521735,70.85913043478261,4.0,26.56105077215971,50.10497163941686,0.0069444444444444,40.366290182449575,0.9905228337001364,2.4341769147546795,-0.401278049983796,0.0,0.0
PeMS::D12_I5_S::L5S-022,D12_I5_S,PeMS_average_weekday,1204.0746734693878,70.6707142857143,288,236,4,False,insufficient_two_branch_support,released_profile,True,,69.9210929427772,21.030784311796744,5.396318085053151,54.0803564770404,1137.3523125737167,288,0.991886656133136,32.14405379832914,False,robust_measured_s3,1204.0746734693878,70.6707142857143,4.0,24.09511139856385,49.9717413027256,0.0069444444444444,37.40614504350184,0.989012864070248,2.135515954901136,0.8772746257246244,0.0,0.0
PeMS::D12_I5_S::L5S-028,D12_I5_S,PeMS_average_weekday,1294.2881818181818,71.65613636363635,288,229,18,True,,released_profile,True,,70.62540543331079,23.589795523006263,4.507874898138408,51.92823567617854,1224.976461471531,288,0.9887708631095246,41.08729958129066,False,robust_measured_s3,1224.976461471531,70.62540543331079,4.507874898138408,23.589795523006263,51.92823567617854,0.1076388888888889,41.08729958129066,0.9887708631095246,2.17448064470252,0.9338298006433436,-5.355199971716019,-1.4384405615938678
PeMS::D12_I5_S::L5S-033,D12_I5_S,PeMS_average_weekday,1218.0048000000002,69.02899999999998,288,223,34,True,,released_profile,True,,68.35633590125659,21.521299822368764,5.168468493107825,52.2747131964269,1125.0197758286404,288,0.9816410142221454,46.5409469554936,False,robust_measured_s3,1125.0197758286404,68.35633590125659,5.168468493107825,21.521299822368764,52.2747131964269,0.1111111111111111,46.5409469554936,0.9816410142221454,2.473786924449425,0.9284300283055006,-7.634208352164107,-0.9744659472734618
PeMS::D12_I5_S::L5S-035,D12_I5_S,PeMS_average_weekday,1535.9665384615382,72.21923076923076,288,219,24,True,,released_profile,True,,71.29601291949618,25.183094971636287,6.107199818337836,56.81764650232464,1430.8441879328998,288,0.9894557638760272,46.70943792107903,False,robust_measured_s3,1430.8441879328998,71.29601291949618,6.107199818337836,25.183094971636287,56.81764650232465,0.125,46.70943792107903,0.9894557638760272,2.169015440378609,0.9158534568508296,-6.844052125896671,-1.278354587692343
PeMS::D12_I5_S::L5S-036,D12_I5_S,PeMS_average_weekday,1688.85,71.9725,288,190,49,True,,released_profile,True,,71.59288433896538,29.67383598908951,5.067683611445378,54.4585501865102,1615.9940864381035,288,0.9647988979384208,87.88236141433649,False,robust_measured_s3,1615.9940864381035,71.59288433896538,5.067683611445378,29.67383598908951,54.4585501865102,0.1319444444444444,87.88236141433649,0.9647988979384208,2.782243206335038,0.9639391177161794,-4.313936321277579,-0.5274454285103647
PeMS::D12_I5_S::L5S-041,D12_I5_S,PeMS_average_weekday,1135.968447204969,71.44891304347826,288,262,1,False,insufficient_two_branch_support,released_profile,True,,70.6824869803228,20.410990118035304,4.490200759799935,51.9073350020013,1059.4801017793966,288,0.988961525954548,31.083971987220348,False,robust_measured_s3,1135.968447204969,71.44891304347826,4.0,22.484624552476813,50.52201092145145,0.0069444444444444,40.698854698732326,0.9810765464292392,2.5347172935836517,0.811406276745151,0.0,0.0
PeMS::D12_I5_S::L5S-045,D12_I5_S,PeMS_average_weekday,1213.6675384615385,69.1952619047619,288,288,0,False,insufficient_two_branch_support,released_profile,True,,68.66821825929313,26.452825337687663,3.7313640685192455,47.35922643033175,1252.7853448895669,288,0.9815786173848424,42.43063548448704,False,robust_measured_s3,1213.6675384615385,69.1952619047619,4.0,24.80495117522141,48.92843891883633,0.0069444444444444,42.91082666467297,0.9811593052714364,2.621470280428232,0.5351141473420791,0.0,0.0
PeMS::D12_I5_S::L5S-048,D12_I5_S,PeMS_average_weekday,864.1163478260869,69.83869565217393,288,288,0,False,insufficient_two_branch_support,released_profile,True,,69.16065146229631,33.39313565771529,2.4688934521268098,39.4458068517691,1317.2191793291609,288,0.9933247585870992,21.078043499402757,False,robust_measured_s3,864.1163478260869,69.83869565217393,4.0,17.498108278686317,49.38341528487564,0.0069444444444444,27.199312436656164,0.9888846732109656,2.4064052094671715,0.1106154028246988,0.0,0.0
PeMS::D12_I5_S::L5S-049,D12_I5_S,PeMS_average_weekday,1147.4882608695652,68.13760869565218,288,271,5,False,insufficient_two_branch_support,released_profile,True,,67.73520501699247,22.47653275151726,4.275680033490796,48.97834456056352,1100.8633656306033,288,0.99328814338064,25.399837053743894,False,robust_measured_s3,1147.4882608695652,68.13760869565218,4.0,23.816413464612896,48.18056516253112,0.0069444444444444,30.560780401522635,0.9902835036968628,1.681706338474921,0.9058051614596596,0.0,0.0
PeMS::D12_I5_S::L5S-051,D12_I5_S,PeMS_average_weekday,1368.2981739130437,71.01695652173912,288,288,0,False,insufficient_two_branch_support,released_profile,True,,70.44164678554755,89.09454599006372,1.8368341964395176,33.11761395544394,2950.5987796344766,288,0.997438669982566,21.84584381296567,False,robust_measured_s3,1368.2981739130437,71.01695652173912,4.0,27.247940910081383,50.216571535751946,0.0069444444444444,38.0932321243207,0.9922120431462286,2.179819367470217,-0.0113741922640249,0.0,0.0
PeMS::D12_I5_S::L5S-052,D12_I5_S,PeMS_average_weekday,1220.7711801242235,71.71239130434782,288,288,0,False,active_parameter_bound;insufficient_two_branch_support;capacity_outside_range,released_profile,True,,70.99850816254416,149.99999999999997,1.337559391031109,25.18435887172774,3777.65383075916,288,0.9945973343334956,27.927334193386145,True,robust_measured_s3,1220.7711801242235,71.71239130434782,4.0,24.07437721828158,50.70831818640755,0.0069444444444444,39.93385826194253,0.9889533225554298,2.919102579184083,-0.2209883926016131,0.0,0.0
PeMS::D12_I5_S::L5S-053,D12_I5_S,PeMS_average_weekday,1278.0845217391304,69.30869565217391,288,288,0,False,insufficient_two_branch_support,released_profile,True,,68.59327189338923,47.78270572298998,2.5088059498041906,39.47324396621072,1886.1384003692365,288,0.9979491461904454,17.659195739111187,False,robust_measured_s3,1278.0845217391304,69.30869565217391,4.0,26.078754584756297,49.00864869084676,0.0069444444444444,27.527808500303458,0.9950164807545088,1.6948422126195548,0.3858025766558678,0.0,0.0
PeMS::D12_I5_S::L5S-054,D12_I5_S,PeMS_average_weekday,1184.9310559006212,71.93173913043478,288,288,0,False,insufficient_two_branch_support,released_profile,True,,71.55357084117367,21.998418609988807,8.41650847146831,60.687337897123456,1335.0254633867596,288,0.9999042177827931,3.589974820088997,False,robust_measured_s3,1184.9310559006212,71.93173913043478,4.0,23.296330520982934,50.86342052167217,0.0069444444444444,50.36166704157784,0.981150394039628,3.2989239665188883,-35.40107583924264,0.0,0.0
PeMS::D12_I5_S::L5S-055,D12_I5_S,PeMS_average_weekday,835.5245217391305,68.76456521739131,288,288,0,False,insufficient_two_branch_support,released_profile,True,,67.4393075616512,28.854319593230056,2.8015477477831974,41.11596314605956,1186.373140999871,288,0.9893001138854788,26.407971283775197,False,robust_measured_s3,835.5245217391305,68.76456521739131,4.0,17.18341571132235,48.623890370562,0.0069444444444444,30.373917136097617,0.9858449735665564,2.9003244646926354,0.0207816198571442,0.0,0.0
PeMS::D12_I5_S::L5S-058,D12_I5_S,PeMS_average_weekday,1629.6552173913044,68.9913043478261,288,288,0,False,active_parameter_bound;insufficient_two_branch_support;capacity_outside_range,released_profile,True,,68.53988457955626,149.99999999999997,1.8782614111390792,32.764403226152666,4914.660483922899,288,0.9996038826546816,10.00723062155992,True,robust_measured_s3,1629.6552173913044,68.9913043478261,4.0,33.405376695120815,48.78421914725278,0.0069444444444444,57.56723687245278,0.986891686721412,2.5202434448804447,-5.529720843182177,0.0,0.0
PeMS::D12_I5_S::L5S-061,D12_I5_S,PeMS_average_weekday,1417.92,69.67107142857142,288,222,46,True,,released_profile,True,,68.8687955161524,25.113522274534677,5.482669552170507,53.482416227069805,1343.1318512144524,288,0.98736384942211,46.760081695098464,False,robust_measured_s3,1343.1318512144524,68.8687955161524,5.482669552170507,25.113522274534677,53.4824162270698,0.0798611111111111,46.760081695098464,0.98736384942211,2.1892606139526034,0.9506097943275252,-5.274497065105765,-1.151519412531976
PeMS::D12_I5_S::L5S-062,D12_I5_S,PeMS_average_weekday,1138.068,72.1721739130435,288,225,23,True,,released_profile,True,,71.79067806151733,17.79962213843526,7.333526489321002,59.42526511314922,1057.7472644903955,288,0.9846307901280628,37.09856322909737,False,robust_measured_s3,1057.7472644903955,71.79067806151733,7.333526489321002,17.79962213843526,59.42526511314922,0.125,37.09856322909737,0.9846307901280628,2.1505832476275484,0.937529307110636,-7.057639394975035,-0.5285913266043663
PeMS::D12_I5_S::L5S-063,D12_I5_S,PeMS_average_weekday,1138.0060714285714,68.34035714285713,288,288,0,False,insufficient_two_branch_support,released_profile,True,,67.70647473883861,26.91283039240159,4.824922668080679,50.79827084720487,1367.125247538103,288,0.9973644270392138,16.46508215123081,False,robust_measured_s3,1138.0060714285714,68.34035714285713,4.0,23.54953482190606,48.32392996442479,0.0069444444444444,36.07790264391991,0.9873459424859582,2.3599154669893654,-1.4809615344842588,0.0,0.0
PeMS::D12_I5_S::L5S-065,D12_I5_S,PeMS_average_weekday,1323.6693913043478,69.20739130434782,288,244,0,False,insufficient_two_branch_support,released_profile,True,,68.37166927121615,24.04322440012716,5.182813261191013,52.32526961014823,1258.0681990339483,288,0.9930117888652672,33.90905341444841,False,robust_measured_s3,1323.6693913043478,69.20739130434782,4.0,27.048428932230912,48.93701569953525,0.0069444444444444,37.65650391652303,0.9913818374928092,1.926108125856933,0.8771627235057377,0.0,0.0
PeMS::D12_I5_S::L5S-066,D12_I5_S,PeMS_average_weekday,1227.493859649123,72.59394736842106,288,205,36,True,,released_profile,True,,72.07329643192863,22.25834657159135,4.765031119370341,53.87964687701346,1199.2718533435252,288,0.990131644828355,34.27446634577929,False,robust_measured_s3,1199.2718533435252,72.07329643192863,4.765031119370341,22.25834657159135,53.87964687701347,0.0833333333333333,34.27446634577929,0.990131644828355,1.6582972612763398,0.9853013218077749,-2.2991566176685296,-0.7172098437492003
PeMS::D12_I5_S::L5S-067,D12_I5_S,PeMS_average_weekday,1549.7286877470356,61.54086956521739,288,218,0,False,insufficient_two_branch_support,released_profile,True,,58.06863620827036,31.04276949197465,7.028480178331802,47.67399783453487,1479.9329255383643,288,0.892556814735903,102.61463470178656,False,robust_measured_s3,1549.7286877470356,61.54086956521739,4.0,35.612875536117315,43.51596618968204,0.0069444444444444,105.68156605534746,0.8860383447207987,4.695290730359262,0.2770504034001411,0.0,0.0
PeMS::D12_I5_S::L5S-068,D12_I5_S,PeMS_average_weekday,1018.2560158102766,69.69108695652173,288,196,32,True,,released_profile,True,,68.37933608166523,15.124499988267267,12.668853580142958,61.29175158065438,927.0070960624874,288,0.9825026931428632,34.67521280301783,False,robust_measured_s3,927.0070960624874,68.37933608166523,12.668853580142958,15.124499988267267,61.29175158065438,0.1388888888888889,34.67521280301783,0.9825026931428632,2.3948025570027305,0.9450094848633468,-8.961294441769429,-1.882236211461108
PeMS::D12_I5_S::L5S-069,D12_I5_S,PeMS_average_weekday,1349.8943478260867,68.3863043478261,288,288,0,False,insufficient_two_branch_support,released_profile,True,,67.42816906300865,59.61600563992464,2.35380487410015,37.41620711139452,2230.604814177484,288,0.9934832165580956,32.07155335635669,False,robust_measured_s3,1349.8943478260867,68.3863043478261,4.0,27.915514848655825,48.35641954463492,0.0069444444444444,41.62238759141045,0.9890239196587368,2.410212525585297,0.0010840048597491,0.0,0.0
PeMS::D12_I5_S::L5S-071,D12_I5_S,PeMS_average_weekday,962.7130434782608,69.6486956521739,288,288,0,False,insufficient_two_branch_support,released_profile,True,,69.12100103189107,91.13368364693066,1.670065601008065,30.13763823758866,2746.553989010046,288,0.996716019088201,17.05828677223843,False,robust_measured_s3,962.7130434782608,69.6486956521739,4.0,19.547844076789115,49.24906499645018,0.0034722222222222,33.79037020505574,0.9871140719667632,2.598509248847724,-0.8675064029243797,0.0,0.0
PeMS::D12_I5_S::L5S-077,D12_I5_S,PeMS_average_weekday,868.3888695652173,69.70826086956521,288,288,0,False,insufficient_two_branch_support,released_profile,True,,68.99017852999283,38.506994731605474,2.1870647207201706,36.60202111432456,1409.433834215408,288,0.992408235802946,22.5793062381654,False,robust_measured_s3,868.3888695652173,69.70826086956521,4.0,17.617529134042083,49.29118396559042,0.0069444444444444,27.66193036755244,0.9886057304263748,2.4788236943138693,0.1832284094089762,0.0,0.0
PeMS::D12_I5_S::L5S-079,D12_I5_S,PeMS_average_weekday,1310.6762637362638,70.78326923076922,288,262,0,False,insufficient_two_branch_support,released_profile,True,,70.05058976524191,22.996040755267146,5.221386147529032,53.71619627842903,1235.2598388366837,288,0.9927289833876024,33.47882055059101,False,robust_measured_s3,1310.6762637362638,70.78326923076922,4.0,26.18664224187285,50.051329667630014,0.0069444444444444,35.80855900104932,0.9916818159190296,2.0045252554687023,0.7966358808480342,0.0,0.0
PeMS::D12_I5_S::L5S-083,D12_I5_S,PeMS_average_weekday,1241.522608695652,72.2036956521739,288,269,8,False,insufficient_two_branch_support,released_profile,True,,72.0388169976372,23.154344744398458,4.474137787433328,52.8447806823597,1223.5862698614844,288,0.9934841531341172,27.22808760735251,False,robust_measured_s3,1241.522608695652,72.2036956521739,4.0,24.31701168965516,51.05572282238181,0.0069444444444444,27.4751713479883,0.9933653592839392,1.6503852979714493,0.9347224970046256,0.0,0.0
PeMS::D12_I5_S::L5S-084,D12_I5_S,PeMS_average_weekday,1340.3353571428572,71.95499999999998,288,226,16,True,,released_profile,True,,70.16313570197848,23.710563930613592,5.234142442956657,53.837323799613465,1276.5133078038798,288,0.988777457242964,42.80918321959991,False,robust_measured_s3,1276.5133078038798,70.16313570197848,5.234142442956657,23.710563930613592,53.837323799613465,0.1145833333333333,42.80918321959991,0.988777457242964,2.3716097825077043,0.9053839074848444,-4.761647821857395,-2.490256824434034
PeMS::D12_I5_S::L5S-085,D12_I5_S,PeMS_average_weekday,1402.3826086956522,65.7895652173913,288,288,0,False,insufficient_two_branch_support,released_profile,True,,63.906621728030856,29.25332456920914,11.154775327988483,56.43812331684124,1651.0027394646072,288,0.99881739440726,14.212389538983404,False,robust_measured_s3,1402.3826086956522,65.7895652173913,4.0,30.145639332014927,46.52024769653201,0.0069444444444444,52.745892538891255,0.9837114278763164,3.037044792558651,-4.706750342067493,0.0,0.0
PeMS::D12_I5_S::L5S-086,D12_I5_S,PeMS_average_weekday,1603.932717391304,69.24195652173914,288,145,79,True,,released_profile,True,,68.62489714542446,26.346478512267858,6.734602000763697,55.85778374994958,1471.655899310951,288,0.9799191812858612,57.808198003541534,False,robust_measured_s3,1471.655899310951,68.62489714542446,6.734602000763697,26.346478512267858,55.857783749949576,0.1215277777777777,57.808198003541534,0.9799191812858612,2.1244036877986034,0.9782056427409548,-8.24703035520672,-0.8911639810769256
PeMS::D12_I5_S::L5S-091,D12_I5_S,PeMS_average_weekday,1124.043125,71.95916666666666,288,129,71,True,,released_profile,True,,71.20613750460755,16.167627218210608,14.287842118991584,64.62186766253097,1044.7822665123397,288,0.9764104956583152,48.41042564661912,False,robust_measured_s3,1044.7822665123397,71.20613750460755,14.287842118991584,16.167627218210608,64.62186766253099,0.2326388888888889,48.41042564661912,0.9764104956583152,2.8169052502566863,0.8870193301031604,-7.05140725696447,-1.0464673188161466
PeMS::D12_I5_S::L5S-093,D12_I5_S,PeMS_average_weekday,1569.219696969697,70.63515151515152,288,250,14,True,,released_profile,True,,69.7288582914912,29.84054482646989,4.507341383202294,51.267171689938486,1529.8403349399375,288,0.9932175173638124,40.74365330854777,False,robust_measured_s3,1529.8403349399375,69.7288582914912,4.507341383202294,29.84054482646989,51.26717168993848,0.0798611111111111,40.74365330854777,0.9932175173638124,2.0645992267549618,0.9230359306836036,-2.509486855524712,-1.2830626171530302
PeMS::D12_I5_S::L5S-095,D12_I5_S,PeMS_average_weekday,1176.638260869565,72.05782608695652,288,288,0,False,insufficient_two_branch_support,released_profile,True,,71.94957308514266,33.076152216273584,2.543379011786597,41.71686245070509,1379.833292404869,288,0.9801522240832126,41.44299712934257,False,robust_measured_s3,1176.638260869565,72.05782608695652,4.0,23.092811383468053,50.95257746364786,0.0069444444444444,45.521643276344925,0.9760533151389358,3.1438107375206963,0.3823307528915263,0.0,0.0
PeMS::D12_I5_S::L5S-096,D12_I5_S,PeMS_average_weekday,1017.427738095238,71.94999999999999,288,285,0,False,insufficient_two_branch_support,released_profile,True,,70.7594214692318,17.425206333144725,4.781775877043277,52.95135496786661,922.6882859346638,288,0.9519049212327144,56.57570709851396,False,robust_measured_s3,1017.427738095238,71.94999999999999,4.0,19.998055676843183,50.87633290637209,0.0069444444444444,62.16762413925087,0.9419276769080336,4.610676114828521,0.3680121618210563,0.0,0.0
PeMS::D12_I5_S::L5S-101,D12_I5_S,PeMS_average_weekday,876.4173913043478,72.9204347826087,288,288,0,False,insufficient_two_branch_support,released_profile,True,,72.44673081208502,73.37253815175397,1.5621367671520578,29.827084369264508,2188.4888858394447,288,0.9915375776229292,24.6989347538197,False,robust_measured_s3,876.4173913043478,72.9204347826087,4.0,16.997174588677296,51.562533921854,0.0069444444444444,30.95425865887017,0.9867083447919952,2.927008735428525,0.0438981894553255,0.0,0.0
PeMS::D12_I5_S::L5S-107,D12_I5_S,PeMS_average_weekday,1053.8833333333334,72.2842105263158,288,207,60,True,,released_profile,True,,71.41591523085482,20.55102136145617,4.084546662684298,50.86224688867562,1045.2711223008305,288,0.9806819654793588,39.98658034334459,False,robust_measured_s3,1045.2711223008305,71.41591523085482,4.084546662684298,20.55102136145617,50.86224688867562,0.0173611111111111,39.98658034334459,0.9806819654793588,2.1246125094431103,0.9837250384471904,-0.8171882750307446,-1.2012240143992048
PeMS::D12_I5_S::L5S-121,D12_I5_S,PeMS_average_weekday,1040.9591304347823,68.04304347826086,288,288,0,False,insufficient_two_branch_support,released_profile,True,,67.47053043071068,62.831348513530926,2.0878119324002222,34.73323567378218,2182.3360356220137,288,0.9963805252387496,19.71956801716304,False,robust_measured_s3,1040.9591304347823,68.04304347826086,4.0,21.63540084163501,48.113697456049344,0.0069444444444444,33.9669423236881,0.9892610043522808,2.374668217207517,-0.4283572199002914,0.0,0.0
PeMS::D12_I5_S::L5S-122,D12_I5_S,PeMS_average_weekday,1229.5966956521738,68.06717391304349,288,288,0,False,insufficient_two_branch_support,released_profile,True,,67.41165601231283,59.928126464185965,2.4214020923787247,38.02716354890418,2278.896666233012,288,0.9972552855020996,20.188122753410003,False,robust_measured_s3,1229.5966956521738,68.06717391304349,4.0,25.547003397877592,48.13076025011712,0.0069444444444444,39.09245196672357,0.9897082050435322,2.356230934410509,-0.7693655495155718,0.0,0.0
PeMS::D12_I5_S::L5S-123,D12_I5_S,PeMS_average_weekday,1177.5490434782607,68.27934782608696,288,288,0,False,insufficient_two_branch_support,released_profile,True,,67.67349304532588,46.46788551160966,2.5653336177133763,39.42102157741723,1831.8115174101176,288,0.9949620771340728,26.020204518586954,False,robust_measured_s3,1177.5490434782607,68.27934782608696,4.0,24.389597743201804,48.280789862821045,0.0069444444444444,35.83297687912522,0.9904457658404524,2.3011782962276657,0.0433696593697829,0.0,0.0
PeMS::D12_I5_S::L5S-125,D12_I5_S,PeMS_average_weekday,1042.606956521739,68.55934782608698,288,288,0,False,insufficient_two_branch_support,released_profile,True,,67.93673966939396,31.299013460433446,3.244606067158435,44.31466890424724,1387.0054185286858,288,0.9943946568414276,24.36296481747497,False,robust_measured_s3,1042.606956521739,68.55934782608698,4.0,21.50646038637696,48.47877976155329,0.0069444444444444,34.989794037639506,0.9884382199998284,2.469133860585836,-0.0695120087896401,0.0,0.0
PeMS::D12_I5_S::L5S-130,D12_I5_S,PeMS_average_weekday,1182.770117647059,69.42705882352942,288,288,0,False,insufficient_two_branch_support,released_profile,True,,67.65006685805258,45.97324739967864,3.1576498044198646,43.61150870954383,2004.9626793770976,288,0.995352689906052,25.16115154938996,False,robust_measured_s3,1182.770117647059,69.42705882352942,4.0,24.09276109186413,49.092344091954985,0.0069444444444444,40.81455515093545,0.9877715683749412,2.8007123239632006,-0.9941726400534204,0.0,0.0
PeMS::D12_I5_S::L5S-132,D12_I5_S,PeMS_average_weekday,1001.2629411764706,69.24676470588236,288,288,0,False,insufficient_two_branch_support,released_profile,True,,67.04445243354239,39.57555673025908,3.558388077538328,45.41175267654414,1797.1953942710672,288,0.9954173950744398,21.213943641521773,False,robust_measured_s3,1001.2629411764706,69.24676470588236,4.0,20.448603439130107,48.9648568987587,0.0069444444444444,36.98533694097803,0.98607071721956,3.1619013902742847,-1.53735576700987,0.0,0.0
PeMS::D12_I5_S::L5S-135,D12_I5_S,PeMS_average_weekday,1409.1986086956522,69.09021739130435,288,255,7,False,insufficient_two_branch_support,released_profile,True,,68.51950316199216,25.7709432433046,5.136291389660537,52.311519704963146,1348.1172052876154,288,0.995025251300766,27.307681220360674,False,robust_measured_s3,1409.1986086956522,69.09021739130435,4.0,28.84500671357728,48.854161231044046,0.0069444444444444,33.01964641829608,0.9927264515652856,1.6498700420217347,0.9225111418031898,0.0,0.0
PeMS::D12_I5_S::L5S-136,D12_I5_S,PeMS_average_weekday,1167.8090909090909,72.56045454545453,288,215,32,True,,released_profile,True,,71.16705867071465,20.13222919416688,5.692206872031007,55.78402511399113,1123.0567789680308,288,0.9765501351175006,46.934503194958296,False,robust_measured_s3,1123.0567789680308,71.16705867071465,5.692206872031007,20.13222919416688,55.78402511399113,0.0729166666666666,46.934503194958296,0.9765501351175006,2.271381866342923,0.97584284794904,-3.83215992146646,-1.9203240711054392
PeMS::D12_I5_S::L5S-137,D12_I5_S,PeMS_average_weekday,1503.8164102564103,71.70541666666666,288,182,47,True,,released_profile,True,,71.33567931554013,25.82045821648225,5.576968856686422,55.63551375694518,1436.5344583137266,288,0.96850200432273,74.90954825868226,False,robust_measured_s3,1436.5344583137266,71.33567931554013,5.576968856686422,25.82045821648225,55.63551375694518,0.1493055555555555,74.90954825868226,0.96850200432273,2.6404197690584668,0.964017128193581,-4.474080179189677,-0.5156337809810285
PeMS::D12_I5_S::L5S-142,D12_I5_S,PeMS_average_weekday,1717.6460869565217,71.0186956521739,288,135,80,True,,released_profile,True,,70.2060094759031,27.92331007853149,6.978609263180744,57.557521696241125,1607.1965256759447,288,0.9797268946046108,68.70022781011352,False,robust_measured_s3,1607.1965256759447,70.2060094759031,6.978609263180744,27.92331007853149,57.557521696241125,0.1944444444444444,68.70022781011352,0.9797268946046108,2.4621593598680187,0.9513530144219003,-6.430286315633349,-1.1443270941655537
PeMS::D12_I5_S::L5S-146,D12_I5_S,PeMS_average_weekday,1325.8168181818182,70.8541304347826,288,288,0,False,active_parameter_bound;insufficient_two_branch_support,released_profile,True,,73.35627062887778,149.99999999670632,0.9585540184020646,17.27210893435145,2590.8163400958288,288,0.9658692506585076,66.63063875575872,True,robust_measured_s3,1325.8168181818182,70.8541304347826,4.0,26.462650998460795,50.10143610551092,0.0069444444444444,112.55919423605214,0.902599806196541,7.3907443301064175,-0.3450137892040559,0.0,0.0
PeMS::D12_I5_S::L5S-147,D12_I5_S,PeMS_average_weekday,867.2958260869566,69.14021739130433,288,288,0,False,insufficient_two_branch_support,released_profile,True,,68.86667358389958,28.19413715977367,4.422568763891771,50.3356353621944,1419.1698074260628,288,0.99998526198866,1.0070941916309677,False,robust_measured_s3,867.2958260869566,69.14021739130433,4.0,17.73991413564765,48.88951657010336,0.0069444444444444,37.17371682195528,0.9799196778230108,3.1989687554525714,-91.22514743582428,0.0,0.0
PeMS::D12_I5_S::L5S-149,D12_I5_S,PeMS_average_weekday,1293.2168421052631,72.25,288,268,7,False,insufficient_two_branch_support,released_profile,True,,71.90569290913562,23.65803043959236,4.643143648986383,53.345380546519685,1262.0466367812005,288,0.994552836262392,25.991354589539323,False,robust_measured_s3,1293.2168421052631,72.25,4.0,25.313284390236245,51.08846494072806,0.0069444444444444,27.671844224432952,0.9938256846075976,1.5818427071033117,0.9328140606836892,0.0,0.0
PeMS::D12_I5_S::L5S-152,D12_I5_S,PeMS_average_weekday,879.7873043478261,68.42434782608694,288,288,0,False,insufficient_two_branch_support,released_profile,True,,67.84873601590175,18.50632365650716,3.9949478265760847,47.95527835566623,887.4759022878516,288,0.9952927192556028,16.611648672702795,False,robust_measured_s3,879.7873043478261,68.42434782608694,4.0,18.183690124087736,48.383320346093086,0.0069444444444444,16.875266976066836,0.99514212953258,1.5507147059362638,0.7381377947578505,0.0,0.0
PeMS::D12_I5_S::L5S-154,D12_I5_S,PeMS_average_weekday,1236.9680952380952,72.18022727272728,288,267,0,False,insufficient_two_branch_support,released_profile,True,,70.99894950185056,22.326462062634786,4.330339427708212,51.54884557720638,1150.903345152117,288,0.987566747603062,39.83117849262255,False,robust_measured_s3,1236.9680952380952,72.18022727272728,4.0,24.235682299791005,51.03912817213164,0.0069444444444444,48.26638406734319,0.9817430609203286,2.976460527566076,0.7266821422812064,0.0,0.0
PeMS::D12_I5_S::L5S-156,D12_I5_S,PeMS_average_weekday,1317.7128571428573,71.0190909090909,288,232,3,False,insufficient_two_branch_support,released_profile,True,,68.8910361330117,22.549099835831512,6.239033860371271,55.165022895420165,1243.9216087147604,288,0.9875656063460244,44.55828902811483,False,robust_measured_s3,1317.7128571428573,71.0190909090909,4.0,26.239809184128625,50.21808077552208,0.0069444444444444,50.966755481236014,0.9837317223871288,2.967236401557604,0.7583067011304032,0.0,0.0
PeMS::D12_I5_S::L5S-158,D12_I5_S,PeMS_average_weekday,1227.6705,71.78099999999999,288,233,11,False,insufficient_two_branch_support,released_profile,True,,70.54349415335659,22.91303285304336,4.144597243180404,50.488579983802,1156.8464918723623,288,0.986465240625049,42.25435818405384,False,robust_measured_s3,1227.6705,71.78099999999999,4.0,24.187295680268576,50.75683186035157,0.0069444444444444,57.24259841560293,0.9751603084155586,3.214191697762383,0.8529074484869197,0.0,0.0
PeMS::D12_I5_S::L5S-161,D12_I5_S,PeMS_average_weekday,1377.0468,66.4155,288,234,13,True,,released_profile,True,,64.18020451074726,26.972519323199226,4.991778822961955,48.617294441398144,1311.3309137622778,288,0.9880624651795976,43.52333794906761,False,robust_measured_s3,1311.3309137622778,64.18020451074726,4.991778822961955,26.972519323199226,48.617294441398144,0.0902777777777777,43.52333794906761,0.9880624651795976,2.398388405802028,0.8756338854071996,-4.772233321171237,-3.365623219358038
PeMS::D12_I5_S::L5S-165,D12_I5_S,PeMS_average_weekday,1254.2584615384617,69.06653846153846,288,288,0,False,insufficient_two_branch_support,released_profile,True,,68.2473231033902,24.54835382948277,3.969573914361504,48.13012091137102,1181.5152379881238,288,0.9640385280619458,59.866549608041126,False,robust_measured_s3,1254.2584615384617,69.06653846153846,4.0,25.682325573862187,48.83741769923535,0.0069444444444444,66.32123064313392,0.9558659121384012,3.921935424359578,0.4008825472608661,0.0,0.0
PeMS::D12_I5_S::L5S-173,D12_I5_S,PeMS_average_weekday,1195.8387755102042,70.98977272727274,288,241,9,False,insufficient_two_branch_support,released_profile,True,,70.25580125431283,21.66633898651445,4.227540730718008,50.61373960142088,1096.6144395795554,288,0.9805090061222318,48.40275028246667,False,robust_measured_s3,1195.8387755102042,70.98977272727274,4.0,23.82274727424862,50.19734969034639,0.0069444444444444,64.1899968337679,0.9657209628268472,3.633326597989288,0.7813298741271446,0.0,0.0
PeMS::D12_I5_S::L5S-174,D12_I5_S,PeMS_average_weekday,1358.000347826087,72.03,288,208,47,True,,released_profile,True,,71.7991773052975,22.6235405648267,5.187842874566426,54.96261423281568,1243.448932645027,288,0.973278355293962,61.52985539364197,False,robust_measured_s3,1243.448932645027,71.7991773052975,5.187842874566426,22.6235405648267,54.96261423281568,0.1493055555555555,61.52985539364197,0.973278355293962,2.7163017710325903,0.9414639192846946,-8.435300871935414,-0.3204535536616593
PeMS::D12_I5_S::L5S-178,D12_I5_S,PeMS_average_weekday,1058.188695652174,68.3995652173913,288,288,0,False,insufficient_two_branch_support,released_profile,True,,67.42552820954438,22.785720059012668,4.983891822940867,51.053225044619154,1163.2844939764666,288,0.9934453160464344,25.10828267358692,False,robust_measured_s3,1058.188695652174,68.3995652173913,4.0,21.878864290802504,48.3657963954289,0.0069444444444444,36.11908904902244,0.9864358896423052,2.526942315977592,-0.1051869611429991,0.0,0.0
PeMS::D12_I5_S::L5S-179,D12_I5_S,PeMS_average_weekday,831.3198260869565,68.60108695652175,288,288,0,False,insufficient_two_branch_support,released_profile,True,,67.38900259039269,20.884880844724687,4.227365028088466,48.54777657228788,1013.9145289885493,288,0.994236954177431,18.638875704771277,False,robust_measured_s3,831.3198260869565,68.60108695652175,4.0,17.13768432658994,48.50829378372456,0.0069444444444444,29.080461686901764,0.985971370592588,2.637293142077367,-0.4916394522306477,0.0,0.0
PeMS::D12_I5_S::L5S-181,D12_I5_S,PeMS_average_weekday,1152.6802631578948,70.267,288,228,37,True,,released_profile,True,,69.6162044120217,20.812328927856598,4.935757927505866,52.56916793766237,1094.086814582362,288,0.9681166630433322,52.100872039966994,False,robust_measured_s3,1094.086814582362,69.6162044120217,4.935757927505866,20.812328927856598,52.56916793766237,0.0520833333333333,52.100872039966994,0.9681166630433322,2.070917865140557,0.983012927594864,-5.083235173560585,-0.9261752856650984
PeMS::D12_I5_S::L5S-185,D12_I5_S,PeMS_average_weekday,1490.67,72.17717391304348,288,205,66,True,,released_profile,True,,72.20558997995316,29.261405312248296,3.569973610331385,48.96946045292412,1432.9152302351267,288,0.9633392008819018,79.22885684299926,False,robust_measured_s3,1432.9152302351267,72.20558997995316,3.569973610331385,29.261405312248296,48.96946045292412,0.0833333333333333,79.22885684299926,0.9633392008819018,2.7921598041790494,0.9762303518656305,-3.874416857176533,0.0393698802116038
PeMS::D12_I5_S::L5S-187,D12_I5_S,PeMS_average_weekday,1323.528,65.691,287,159,51,False,active_parameter_bound,released_profile,True,,59.12190000000002,22.120179609443515,14.999999999835511,53.90276579623542,1192.338860858496,287,0.8047239961415671,167.63977215459326,True,robust_measured_s3,1323.528,65.691,4.0,28.49326768934158,46.4505515629255,0.0069686411149825,195.9580116317414,0.7331785110182594,12.207087626026476,-0.7000869464638917,0.0,0.0
PeMS::D12_I5_S::L5S-190,D12_I5_S,PeMS_average_weekday,1094.6308695652174,67.57913043478261,288,267,0,False,insufficient_two_branch_support,released_profile,True,,66.80157672761182,20.560427945238875,5.808729317767082,52.618596705225855,1081.8608661373798,288,0.9974166701688169,18.18435545079817,False,robust_measured_s3,1094.6308695652174,67.57913043478261,4.0,22.907098856877504,47.78566139712499,0.0069444444444444,22.89914849083121,0.9959034081024492,1.5768585524756362,0.8171952872545658,0.0,0.0
PeMS::D12_I5_S::L5S-196,D12_I5_S,PeMS_average_weekday,1503.8251228070176,72.58019736842107,288,261,14,True,,released_profile,True,,71.96369039654232,26.942537721628803,5.107716331895236,54.85810353476374,1478.0165238223906,288,0.9886224010829626,44.26148561112218,False,robust_measured_s3,1478.0165238223906,71.96369039654232,5.107716331895236,26.942537721628803,54.858103534763735,0.0347222222222222,44.26148561112218,0.9886224010829626,1.8973490190791584,0.935791956169994,-1.7161968232352054,-0.849414846241503
PeMS::D12_I5_S::L5S-197,D12_I5_S,PeMS_average_weekday,1408.2803076923078,66.00076923076922,288,155,39,True,,released_profile,True,,61.52069318958189,24.232563503450287,7.378355291812698,50.98273041235911,1235.4422522967784,288,0.9399354385706042,61.24138338688008,False,robust_measured_s3,1235.4422522967784,61.52069318958189,7.378355291812698,24.232563503450287,50.98273041235911,0.2152777777777778,61.24138338688008,0.9399354385706042,3.227016270757488,0.839251154942908,-12.27298673789966,-6.787914888571855
PeMS::D12_I5_S::L5S-199,D12_I5_S,PeMS_average_weekday,1431.8921739130433,68.93760869565217,288,288,0,False,insufficient_two_branch_support,released_profile,True,,68.0625738162386,59.100790969288326,2.265200717440621,36.90810696716665,2181.2983149386505,288,0.9946624587532246,32.4739362691197,False,robust_measured_s3,1431.8921739130433,68.93760869565217,4.0,29.3744063729242,48.74625058748036,0.0069444444444444,39.88983909869452,0.9919462907835248,2.30127719283902,0.3328174060808792,0.0,0.0
PeMS::D12_I5_S::L5S-205,D12_I5_S,PeMS_average_weekday,1155.9636363636364,72.8,281,267,0,False,insufficient_two_branch_support,released_profile,True,,71.69553393796507,20.53752958012849,4.999842112689976,54.3345785438061,1115.8980140672325,281,0.9924160400600536,29.61186646106957,False,robust_measured_s3,1155.9636363636364,72.8,4.0,22.455761705433723,51.477373670380665,0.0071174377224199,30.51982575300164,0.991943831050212,2.0432222471401933,0.7973876253757339,0.0,0.0
PeMS::D12_I5_S::L5S-220,D12_I5_S,PeMS_average_weekday,1086.0003260869564,68.95934782608697,288,256,16,True,,released_profile,True,,68.11883393091487,18.530748618790167,6.553001291215893,55.13047667995146,1021.609004590254,288,0.9884215765366772,30.52178402948723,False,robust_measured_s3,1021.609004590254,68.11883393091487,6.553001291215893,18.530748618790167,55.13047667995146,0.0555555555555555,30.52178402948723,0.9884215765366772,1.9058838384096235,0.8978639938082114,-5.929217510340479,-1.218854182455209
PeMS::D12_I5_S::L5S-223,D12_I5_S,PeMS_average_weekday,1127.7990789473686,71.45947368421052,288,220,8,False,insufficient_two_branch_support,released_profile,True,,70.16948823807162,19.214143696781807,5.933038943193436,55.54851959842141,1067.3172377075696,288,0.9902583085232476,33.10606481850052,False,robust_measured_s3,1127.7990789473686,71.45947368421052,4.0,22.319626367912484,50.52947842212691,0.0069444444444444,41.98663581114453,0.9843309954994056,2.510979434523421,0.8711566554836012,0.0,0.0
PeMS::D12_I5_S::L5S-226,D12_I5_S,PeMS_average_weekday,1372.3507826086957,67.98369565217394,288,288,0,False,insufficient_two_branch_support,released_profile,True,,67.43640015358503,28.837377260207177,4.017643990870016,47.7573683093158,1377.1972468904023,288,0.9933006792276898,30.729799930280837,False,robust_measured_s3,1372.3507826086957,67.98369565217394,4.0,28.54797860693363,48.0717322057746,0.0069444444444444,30.86930112763992,0.9932397166085992,1.637050181065485,0.8462251194640994,0.0,0.0
PeMS::D12_I5_S::L5S-239,D12_I5_S,PeMS_average_weekday,1205.1883516483515,70.97153846153846,288,288,0,False,insufficient_two_branch_support,released_profile,True,,70.21599816698922,38.04195899940847,2.7480195236054787,42.398196787473495,1612.9104638379183,288,0.9964895673209544,20.52678922807473,False,robust_measured_s3,1205.1883516483515,70.97153846153846,4.0,24.015172124792446,50.18445611739572,0.0069444444444444,25.156983893122305,0.994727267410318,1.731173321528765,0.4676415668780229,0.0,0.0
PeMS::D12_I5_S::L5S-240,D12_I5_S,PeMS_average_weekday,1176.0227272727273,71.10630434782608,288,148,33,True,,released_profile,True,,69.99232511424623,16.85568115433909,10.117613594138447,61.03012994141648,1028.7044111003995,288,0.9534988411844152,65.63446977477163,False,robust_measured_s3,1028.7044111003995,69.99232511424623,10.117613594138447,16.85568115433909,61.03012994141648,0.2118055555555555,65.63446977477163,0.9534988411844152,3.745727872670848,0.8003774037909565,-12.526825609396884,-1.5666391943683022
PeMS::D12_I5_S::L5S-249,D12_I5_S,PeMS_average_weekday,1290.0297902097902,71.7173076923077,288,288,0,False,insufficient_two_branch_support,released_profile,True,,70.95834530984654,24.914289544607268,4.873621748289704,53.3911246035816,1330.2019374858369,288,0.9960894441847148,23.587923537194104,False,robust_measured_s3,1290.0297902097902,71.7173076923077,4.0,25.438456683388356,50.71179459767293,0.0069444444444444,28.80482431118475,0.9941683758241224,1.7557407646133991,0.6203078935555465,0.0,0.0
PeMS::D12_I5_S::L5S-252,D12_I5_S,PeMS_average_weekday,1398.9045454545455,71.55522727272728,288,218,21,True,,released_profile,True,,67.85539823865251,25.119112439975577,5.748915585082184,53.31612378282657,1339.2537081644766,288,0.9864069809916436,49.93645063758957,False,robust_measured_s3,1339.2537081644766,67.85539823865251,5.748915585082184,25.119112439975577,53.31612378282657,0.1145833333333333,49.93645063758957,0.9864069809916436,3.640894893789673,0.8012891010391097,-4.264110620262985,-5.170592247542105
PeMS::D12_I5_S::L5S-260,D12_I5_S,PeMS_average_weekday,1413.325833333333,71.73375000000001,288,128,68,True,,released_profile,True,,70.76238617560196,21.09598912516198,10.864992041942193,62.28588450824896,1313.9823422371153,288,0.9797119372190694,56.14513302179751,False,robust_measured_s3,1313.9823422371153,70.76238617560196,10.864992041942193,21.09598912516198,62.28588450824896,0.2256944444444444,56.14513302179751,0.9797119372190694,2.57766976417636,0.9250641472858764,-7.029057896855662,-1.3541238599655725
PeMS::D12_I5_S::L5S-262,D12_I5_S,PeMS_average_weekday,1740.5139130434782,71.0432608695652,288,148,26,True,,released_profile,True,,70.57580909049022,29.11820579478252,5.1681464311885845,53.97112739732862,1571.54239453184,288,0.9517630731087332,103.73132978116412,False,robust_measured_s3,1571.54239453184,70.57580909049022,5.1681464311885845,29.11820579478252,53.97112739732862,0.2847222222222222,103.73132978116412,0.9517630731087332,3.885004949282934,0.8339874981722485,-9.708139489455336,-0.6579818737954768
PeMS::D12_I5_S::L5S-264,D12_I5_S,PeMS_average_weekday,871.146956521739,69.75173913043477,288,219,47,True,,released_profile,True,,69.516761724338,15.044284707449677,5.006355891687437,52.70240157427096,792.8699340496762,288,0.949281457507009,47.88213994362411,False,robust_measured_s3,792.8699340496762,69.516761724338,5.006355891687437,15.044284707449677,52.702401574270965,0.0416666666666666,47.88213994362411,0.949281457507009,2.5157952966071626,0.9713222555857782,-8.985512936256168,-0.336876770423411
PeMS::D12_I5_S::L5S-267,D12_I5_S,PeMS_average_weekday,1022.566743083004,69.53695652173913,288,225,31,True,,released_profile,True,,68.36489402379974,16.596033413009945,7.597515580706705,56.962470968388615,945.3510714789865,288,0.982041707445224,34.95630894367203,False,robust_measured_s3,945.3510714789865,68.36489402379974,7.597515580706705,16.596033413009945,56.96247096838861,0.1006944444444444,34.95630894367203,0.982041707445224,2.268014218389224,0.9622822295048168,-7.551162026961187,-1.6855245851505996
PeMS::D12_I5_S::L5S-272,D12_I5_S,PeMS_average_weekday,1859.7203478260872,70.52608695652175,288,206,57,True,,released_profile,True,,69.84211840456094,35.77076611556085,3.998561780992053,49.3796796297804,1766.3489708981992,288,0.9828023544921728,64.51006066304424,False,robust_measured_s3,1766.3489708981992,69.84211840456094,3.998561780992053,35.77076611556085,49.37967962978039,0.03125,64.51006066304424,0.9828023544921728,1.9107457331833544,0.986369683659204,-5.020721370126102,-0.9698093024535392
PeMS::D12_I5_S::L5S-277,D12_I5_S,PeMS_average_weekday,1188.0766798418972,69.33173913043477,288,254,8,False,insufficient_two_branch_support,released_profile,True,,68.26534631365017,21.201364774292,5.650126529777499,53.41255998624756,1132.4191677971874,288,0.9895430938248878,32.93387313183716,False,robust_measured_s3,1188.0766798418972,69.33173913043477,4.0,24.23412674836608,49.024942890587134,0.0069444444444444,38.49694950045749,0.9857120398690914,2.1304083348527745,0.869715435903139,0.0,0.0
PeMS::D12_I5_S::L5S-278,D12_I5_S,PeMS_average_weekday,1107.9578260869564,69.19826086956522,288,288,0,False,insufficient_two_branch_support,released_profile,True,,68.5058949278302,47.32440726994273,2.1839392744699024,36.31213503936124,1718.450267443889,288,0.9984569922872828,13.596441928334237,False,robust_measured_s3,1107.9578260869564,69.19826086956522,4.0,22.643473470281013,48.930559507185286,0.0069444444444444,23.61304438596824,0.9953460520736784,1.7151561566216196,0.54173080259591,0.0,0.0
PeMS::D12_I5_S::L5S-280,D12_I5_S,PeMS_average_weekday,1675.9260869565217,70.33565217391303,288,249,2,False,insufficient_two_branch_support,released_profile,True,,69.51834027155171,31.07035969408044,4.816736085151148,52.13219876557896,1619.7661672898344,288,0.9954691802803048,35.666640924046284,False,robust_measured_s3,1675.9260869565217,70.33565217391303,4.0,33.69724070871475,49.73481661135224,0.0069444444444444,40.254630257427344,0.9942285618358012,1.8359668719865967,0.8986434282922083,0.0,0.0
PeMS::D7_I10_E::L10E-002,D7_I10_E,PeMS_average_weekday,1244.169,68.40325000000001,288,205,7,False,insufficient_two_branch_support,released_profile,True,,67.68684418235678,26.83001372197069,3.3631752632363967,44.82176123194445,1202.5684688959636,288,0.9981891270863742,16.60422000827062,False,robust_measured_s3,1244.169,68.40325000000001,4.0,25.72276425000524,48.36840193019872,0.0069444444444444,35.03094175341737,0.9919396362724168,1.9047932453596912,0.9655684397546166,0.0,0.0
PeMS::D7_I10_E::L10E-028,D7_I10_E,PeMS_average_weekday,1254.3104347826088,69.36652173913042,288,199,64,True,,released_profile,True,,69.28979315400106,24.72898596594548,4.228987322636254,49.923406888018,1234.555228305983,288,0.9872120990640304,37.92097606036247,False,robust_measured_s3,1234.555228305983,69.28979315400106,4.228987322636254,24.72898596594548,49.923406888018,0.0277777777777777,37.92097606036247,0.9872120990640304,1.6220505987059712,0.9870121591201324,-1.5749854205788894,-0.1106132803053272
PeMS::D7_I10_E::L10E-069,D7_I10_E,PeMS_average_weekday,1861.8121428571428,65.25190476190477,288,200,71,True,,released_profile,True,,65.2200906969684,41.038658163707126,3.747585634908432,45.05351029488271,1848.9356080667512,288,0.9909022077866714,48.999748791646745,False,robust_measured_s3,1848.9356080667512,65.2200906969684,3.747585634908432,41.038658163707126,45.05351029488271,0.0104166666666666,48.999748791646745,0.9909022077866714,1.5037478867004497,0.9886730726656854,-0.6916129986471842,-0.0487557643756964
PeMS::D7_I10_E::L10E-073,D7_I10_E,PeMS_average_weekday,1403.5402173913044,67.82000000000001,288,179,80,True,,released_profile,True,,67.86660972521821,27.36275072191082,4.742117452336804,50.663593957337326,1386.2952921307287,288,0.9824992178769244,51.24086384484165,False,robust_measured_s3,1386.2952921307287,67.86660972521821,4.742117452336804,27.36275072191082,50.66359395733732,0.0208333333333333,51.24086384484165,0.9824992178769244,1.90003851219366,0.98219897579422,-1.2286733965221175,0.0687256343530062
PeMS::D7_I10_E::L10E-100,D7_I10_E,PeMS_average_weekday,1102.011304347826,71.83760869565218,288,257,0,False,insufficient_two_branch_support,released_profile,True,,71.53161738328316,19.69861390246062,3.94900426960449,50.35462448081581,991.9163058509822,288,0.9872962800467108,34.61496788231292,False,robust_measured_s3,1102.011304347826,71.83760869565218,4.0,21.69447676216265,50.79686025292136,0.0069444444444444,54.74023585497379,0.9682300615086112,3.403355294123432,0.744116776917373,0.0,0.0
PeMS::D7_I10_E::L10E-106,D7_I10_E,PeMS_average_weekday,1118.9406,68.69375,288,186,59,True,,released_profile,True,,68.00856051527317,20.58943705621593,4.907965328405035,51.273575808340034,1055.6940617529333,288,0.9953284350698832,20.691764704455743,False,robust_measured_s3,1055.6940617529333,68.00856051527317,4.907965328405035,20.58943705621593,51.27357580834004,0.1076388888888889,20.691764704455743,0.9953284350698832,1.22457610548364,0.9872623581937612,-5.652358869368634,-0.9974553503438344
PeMS::D7_I10_E::L10E-169,D7_I10_E,PeMS_average_weekday,1449.6502173913043,69.17195652173913,288,210,64,True,,released_profile,True,,69.69952645518173,36.44838489393515,2.5121145347268348,40.13905942362014,1463.0038871526417,288,0.9763753640829438,60.55395392670008,False,robust_measured_s3,1463.0038871526417,69.69952645518173,2.5121145347268348,36.44838489393515,40.13905942362014,0.0034722222222222,60.55395392670008,0.9763753640829438,1.8985476367956484,0.9891331973776286,0.9211649542168576,0.762693380339452
PeMS::D7_I10_E::L10E-178,D7_I10_E,PeMS_average_weekday,1327.607857142857,67.19738095238094,288,140,81,True,,released_profile,True,,66.46095403119959,23.75761716848333,5.538620404192937,51.74452599977439,1229.3266392672722,288,0.9856259875360908,41.05132176952054,False,robust_measured_s3,1229.3266392672722,66.46095403119959,5.538620404192937,23.75761716848333,51.74452599977438,0.1388888888888889,41.05132176952054,0.9856259875360908,1.6228435943406452,0.986153558171297,-7.402880100988229,-1.0959161067649492
PeMS::D7_I10_E::L10E-187,D7_I10_E,PeMS_average_weekday,1413.553695652174,69.00456521739132,288,217,57,True,,released_profile,True,,69.56088838748884,35.28562758438033,2.5574910154185897,40.45337092376796,1427.4225809488755,288,0.9592018637866684,80.07353930785843,False,robust_measured_s3,1427.4225809488755,69.56088838748884,2.5574910154185897,35.28562758438033,40.45337092376796,0.0034722222222222,80.07353930785843,0.9592018637866684,2.033017225785238,0.98683250761017,0.98113607847794,0.806212122842731
PeMS::D7_I10_E::L10E-214,D7_I10_E,PeMS_average_weekday,1326.2432608695651,69.1,288,200,67,True,,released_profile,True,,68.96647498221901,27.48750473994341,3.9121568182709714,48.38863622185022,1330.0828675075054,288,0.956179790253404,72.85072089410053,False,robust_measured_s3,1330.0828675075054,68.96647498221901,3.9121568182709714,27.48750473994341,48.38863622185022,0.0034722222222222,72.85072089410053,0.956179790253404,2.0103477645793566,0.9851625910351232,0.2895099829139047,-0.1932344685687148
PeMS::D7_I10_E::L10E-216,D7_I10_E,PeMS_average_weekday,1151.4496363636365,70.87863636363635,288,210,72,True,,released_profile,True,,71.13942841022958,26.257708570198098,3.148017322873657,45.799405245959534,1202.5874356368074,288,0.9869537297497248,36.24696781347769,False,robust_measured_s3,1202.5874356368074,71.13942841022958,3.148017322873657,26.257708570198098,45.79940524595953,0.0,36.24696781347769,0.9869537297497248,1.6931354588229337,0.9925707315288376,4.441166826424814,0.3679416816870784
PeMS::D7_I10_E::L10E-217,D7_I10_E,PeMS_average_weekday,1312.5932608695653,69.42108695652175,288,205,71,True,,released_profile,True,,69.7552424464421,30.76048317256224,3.001874114828601,43.95572831747806,1352.099441247501,288,0.977210829642424,54.16031990119589,False,robust_measured_s3,1352.099441247501,69.7552424464421,3.001874114828601,30.76048317256224,43.95572831747807,0.0,54.16031990119589,0.977210829642424,2.003312047813598,0.9873081422368593,3.009780832774056,0.4813458051004415
PeMS::D7_I10_E::L10E-221,D7_I10_E,PeMS_average_weekday,1379.5460869565218,69.29065217391303,288,189,79,True,,released_profile,True,,69.76447644752635,32.14491484242293,3.016960997702496,44.063187680149056,1416.4074156640904,288,0.9654815485655016,71.8115969487107,False,robust_measured_s3,1416.4074156640904,69.76447644752635,3.016960997702496,32.14491484242293,44.063187680149056,0.0,71.8115969487107,0.9654815485655016,2.365118344036043,0.983433615151134,2.67198965341493,0.6838213507127433
PeMS::D7_I10_E::L10E-222,D7_I10_E,PeMS_average_weekday,1305.9397826086956,69.00282608695653,288,214,57,True,,released_profile,True,,69.50976829038417,30.556516581242693,2.630426754636624,41.03579310399998,1253.9108924068198,288,0.9819428638132024,47.4018390611156,False,robust_measured_s3,1253.9108924068198,69.50976829038417,2.630426754636624,30.556516581242693,41.03579310399997,0.0520833333333333,47.4018390611156,0.9819428638132024,2.0548688031610114,0.9813883463577894,-3.984019086848312,0.7346687551446074
PeMS::D7_I10_E::L10E-233,D7_I10_E,PeMS_average_weekday,1676.286,71.00000000000001,288,190,69,True,,released_profile,True,,71.53006689468943,37.71968002252265,2.8640260691644257,44.08329691697881,1662.8078540463,288,0.9907729024211144,37.947004635215485,False,robust_measured_s3,1662.8078540463,71.53006689468943,2.8640260691644257,37.71968002252265,44.08329691697881,0.0381944444444444,37.947004635215485,0.9907729024211144,1.4779836623961344,0.9898065265292584,-0.8040481131322497,0.7465730911118573
PeMS::D7_I10_E::L10E-258,D7_I10_E,PeMS_average_weekday,1310.719304347826,72.58108695652174,288,288,0,False,insufficient_two_branch_support,released_profile,True,,70.88776686659473,36.64678472836209,2.7323334177043552,42.68004189071916,1564.0863073666612,288,0.9920421987858398,33.67019799583978,False,robust_measured_s3,1310.719304347826,72.58108695652174,4.0,25.538843442552853,51.322578772847,0.0069444444444444,39.67790616836936,0.988949059568943,2.6826851721088825,0.5178911875391305,0.0,0.0
PeMS::D7_I10_E::L10E-303,D7_I10_E,PeMS_average_weekday,6372.522666666667,69.1278888888889,288,184,73,False,capacity_outside_range,released_profile,True,,68.3469785242525,125.50470913072296,3.846747781115547,47.6659102933806,5982.296206821866,288,0.9955923018041416,117.70234962228643,False,robust_measured_s3,6372.522666666667,69.1278888888889,4.0,130.36862728753894,48.88079900244354,0.0069444444444444,300.74695825447964,0.9712230957323384,2.48831744388467,0.9670131292617116,0.0,0.0
PeMS::D7_I10_E::L10E-304,D7_I10_E,PeMS_average_weekday,1606.194130434783,68.77239130434782,288,185,57,True,,released_profile,True,,67.86650512480273,31.52098360425712,4.008993964454153,48.02619277237808,1513.8328349530211,288,0.9961512533684044,29.079375317144283,False,robust_measured_s3,1513.8328349530211,67.86650512480273,4.008993964454153,31.52098360425712,48.02619277237808,0.0729166666666666,29.079375317144283,0.9961512533684044,1.3058421963081177,0.984665712392328,-5.750319574182495,-1.3172236159946116
PeMS::D7_I10_E::L10E-308,D7_I10_E,PeMS_average_weekday,6106.502608695652,69.17804347826088,288,187,77,False,capacity_outside_range,released_profile,True,,68.83005768608342,126.0595770728148,3.448511145723513,46.04607837890589,5804.549166306559,288,0.9942714127404436,127.28384138773136,False,robust_measured_s3,6106.502608695652,69.17804347826088,4.0,124.83583480642812,48.91626365269609,0.0069444444444444,223.04900981242872,0.9824085521749284,2.0912278474544523,0.98183346065524,0.0,0.0
PeMS::D7_I10_E::L10E-311,D7_I10_E,PeMS_average_weekday,6515.966086956521,70.05652173913042,288,149,18,False,capacity_outside_range,released_profile,True,,67.86997020423267,101.29112151355102,7.317602037117347,56.1567639027977,5688.181596286077,288,0.9732574740129516,299.2878773219812,False,robust_measured_s3,6515.966086956521,70.05652173913042,4.0,131.53618511708086,49.537441588081904,0.0069444444444444,489.6538728278037,0.928418208728599,4.742187801229703,0.6402731895662286,0.0,0.0
PeMS::D7_I10_E::L10E-326,D7_I10_E,PeMS_average_weekday,1220.941142857143,68.66714285714285,288,187,43,True,,released_profile,True,,68.11886697127713,24.057337495757665,4.269485481876428,49.23259957180609,1184.4052636924334,288,0.9927912072341812,29.28247262554454,False,robust_measured_s3,1184.4052636924334,68.11886697127713,4.269485481876428,24.057337495757665,49.23259957180609,0.0902777777777777,29.28247262554454,0.9927912072341812,1.5888490382788911,0.9739611497154108,-2.9924357433980253,-0.7984544908273938
PeMS::D7_I10_E::L10E-331,D7_I10_E,PeMS_average_weekday,5029.729090909091,68.2165909090909,288,184,47,False,capacity_outside_range,released_profile,True,,67.84773163859829,97.58301471545649,4.285191120065824,49.09502855127652,4790.840893574972,288,0.9901330203980024,132.80408722016435,False,robust_measured_s3,5029.729090909091,68.2165909090909,4.0,104.27245044985388,48.236414021246766,0.0069444444444444,214.6440985651597,0.9742249656413728,2.2408843058947188,0.9673697758614542,0.0,0.0
PeMS::D7_I10_E::L10E-333,D7_I10_E,PeMS_average_weekday,4757.185714285714,68.55666666666667,288,184,45,False,capacity_outside_range,released_profile,True,,68.39976106816776,91.13261839369204,4.592479622913179,50.577534164499255,4609.263120307232,288,0.9947271478119774,91.21840809960732,False,robust_measured_s3,4757.185714285714,68.55666666666667,4.0,98.133075643561,48.47688389554575,0.0069444444444444,161.88128599951253,0.983393660554983,1.7109065741144027,0.9778099840645466,0.0,0.0
PeMS::D7_I10_E::L10E-337,D7_I10_E,PeMS_average_weekday,6020.026956521739,70.70782608695652,288,199,46,False,capacity_outside_range,released_profile,True,,70.03230793062566,111.18386646136312,4.061198543315157,49.77961853112606,5534.690459262317,288,0.9872334695277328,181.0987737410554,False,robust_measured_s3,6020.026956521739,70.70782608695652,4.0,120.40539553987468,49.99798330904602,0.0069444444444444,360.254857501448,0.949480207556564,3.236128319188993,0.9456485461324702,0.0,0.0
PeMS::D7_I10_E::L10E-349,D7_I10_E,PeMS_average_weekday,1156.451052631579,68.76973684210526,288,202,73,True,,released_profile,True,,68.57092217078552,24.764264293030237,3.462130797056958,45.945322633103096,1137.8021127147088,288,0.9826743665899648,39.57387297593058,False,robust_measured_s3,1137.8021127147088,68.57092217078552,3.462130797056958,24.764264293030237,45.9453226331031,0.0173611111111111,39.57387297593058,0.9826743665899648,1.9441787886062687,0.98827464221526,-1.6126008856521268,-0.2891019806811501
PeMS::D7_I10_E::L10E-351,D7_I10_E,PeMS_average_weekday,5912.872173913043,69.81641304347826,288,189,62,False,capacity_outside_range,released_profile,True,,68.91391931793325,118.88307046451386,3.796634269416189,47.83322419219428,5686.560562185522,288,0.9909988796656052,155.5892703553857,False,robust_measured_s3,5912.872173913043,69.81641304347826,4.0,119.77218044299732,49.36765910116441,0.0069444444444444,211.6039334510009,0.9833511303801264,2.0983478573719494,0.980825907566786,0.0,0.0
PeMS::D7_I10_W::L10W-001,D7_I10_W,PeMS_average_weekday,1314.996,69.80678571428571,288,171,20,True,,released_profile,True,,66.51032340696449,21.463872561169293,6.713815791056372,54.10211884223708,1161.2409841190126,288,0.970747541805947,63.62757558728168,False,robust_measured_s3,1161.2409841190126,66.51032340696449,6.713815791056372,21.463872561169293,54.10211884223708,0.2048611111111111,63.62757558728168,0.970747541805947,3.402808391999631,0.8277686118214629,-11.692432211275738,-4.722266286279686
PeMS::D7_I10_W::L10W-068,D7_I10_W,PeMS_average_weekday,1515.462391304348,70.00434782608694,288,242,17,True,,released_profile,True,,69.46721580883491,27.891077715972106,4.0166183810978495,49.19122488911556,1371.9962763261833,288,0.9867233149173932,48.09278838982496,False,robust_measured_s3,1371.9962763261833,69.46721580883491,4.0166183810978495,27.891077715972106,49.19122488911557,0.1041666666666666,48.09278838982496,0.9867233149173932,2.202270732256356,0.9299067764025236,-9.466821202648555,-0.7672837958385692
PeMS::D7_I10_W::L10W-071,D7_I10_W,PeMS_average_weekday,1477.889347826087,66.07934782608694,288,236,44,True,,released_profile,True,,65.9863431047008,32.41397637713003,3.829212618257942,45.94369469389162,1489.2178344858771,288,0.9889436453725692,47.35436038412806,False,robust_measured_s3,1489.2178344858771,65.9863431047008,3.829212618257942,32.41397637713003,45.94369469389162,0.0034722222222222,47.35436038412806,0.9889436453725692,1.813287825660601,0.97649289396186,0.7665314508460197,-0.1407470328413818
PeMS::D7_I10_W::L10W-084,D7_I10_W,PeMS_average_weekday,1596.5771739130437,69.39934782608697,288,194,59,True,,released_profile,True,,67.92813036719309,25.97661266511137,5.319147034090927,52.34344982753221,1359.7055217254951,288,0.9429692731642408,97.43798415931712,False,robust_measured_s3,1359.7055217254951,67.92813036719309,5.319147034090927,25.97661266511137,52.34344982753221,0.1527777777777778,97.43798415931712,0.9429692731642408,3.26759981338326,0.9532937499133016,-14.836216880578402,-2.1199298047882342
PeMS::D7_I10_W::L10W-086,D7_I10_W,PeMS_average_weekday,1328.2725714285714,67.12809523809524,288,137,37,True,,released_profile,True,,65.31232545544157,22.051898418720366,7.622122186856554,54.45109880279401,1200.7500995869195,288,0.9769768775816547,55.70350678066095,False,robust_measured_s3,1200.7500995869195,65.31232545544157,7.622122186856554,22.051898418720366,54.45109880279401,0.1840277777777778,55.70350678066095,0.9769768775816547,2.834299833222946,0.8843230130781841,-9.600625247007857,-2.704932675675298
PeMS::D7_I10_W::L10W-099,D7_I10_W,PeMS_average_weekday,1399.6871428571428,67.91880952380951,288,225,33,True,,released_profile,True,,66.31149816133697,23.800736701651136,5.492247539399193,51.519171866218535,1226.1942446749802,288,0.9810569552790251,50.3038187759624,False,robust_measured_s3,1226.1942446749802,66.31149816133697,5.492247539399193,23.800736701651136,51.51917186621853,0.1631944444444444,50.3038187759624,0.9810569552790251,2.513444911900248,0.9019120176910816,-12.39511979998733,-2.3665187504634977
PeMS::D7_I10_W::L10W-107,D7_I10_W,PeMS_average_weekday,1584.1741304347825,69.57304347826086,288,212,41,True,,released_profile,True,,65.51016658521564,25.614131131971067,5.896263378568982,51.78452170986436,1326.4155296828685,288,0.950268645822684,96.55509397794266,False,robust_measured_s3,1326.4155296828685,65.51016658521564,5.896263378568982,25.614131131971067,51.78452170986436,0.1701388888888889,96.55509397794266,0.950268645822684,3.817239323087701,0.8836521519144928,-16.27085026828278,-5.839728564289015
PeMS::D7_I10_W::L10W-109,D7_I10_W,PeMS_average_weekday,1592.164565217391,69.58347826086955,288,134,57,True,,released_profile,True,,67.09801849854979,24.602635646001115,8.647583158580222,57.1594355272466,1406.2727660079397,288,0.9649196271268856,81.79305611509022,False,robust_measured_s3,1406.2727660079397,67.09801849854979,8.647583158580222,24.602635646001115,57.1594355272466,0.1909722222222222,81.79305611509022,0.9649196271268856,3.1694164226297903,0.9210629734844076,-11.675413664546042,-3.5719107817544504
PeMS::D7_I10_W::L10W-116,D7_I10_W,PeMS_average_weekday,2313.224869565217,72.34478260869565,288,288,0,False,insufficient_two_branch_support,released_profile,True,,77.6932153762701,57.8744699172945,2.3557545669964504,43.1333492288641,2496.319722378053,288,0.9735224155285672,43.24612124997272,False,robust_measured_s3,2313.224869565217,72.34478260869565,4.0,45.21948736859776,51.15548636607531,0.0069444444444444,47.5611481225988,0.9679750324160568,1.6520675479132425,0.8269294553257629,0.0,0.0
PeMS::D7_I10_W::L10W-124,D7_I10_W,PeMS_average_weekday,1200.9824347826086,72.37630434782609,288,239,11,False,insufficient_two_branch_support,released_profile,True,,71.8646617242043,19.378044248174216,5.819289254151979,56.631232969542495,1097.402538312457,288,0.9888414616120804,36.26579467994848,False,robust_measured_s3,1200.9824347826086,72.37630434782609,4.0,23.46687445215543,51.17777560156924,0.0069444444444444,50.03192438052694,0.978762307423606,2.707540603040421,0.8363754479260744,0.0,0.0
PeMS::D7_I10_W::L10W-147,D7_I10_W,PeMS_average_weekday,997.345652173913,69.51282608695651,288,238,22,True,,released_profile,True,,68.95120686925475,18.75228505974535,3.866922836921989,48.17780582218915,903.44394833075,288,0.9788230486449288,40.760740771811456,False,robust_measured_s3,903.44394833075,68.95120686925475,3.866922836921989,18.75228505974535,48.17780582218915,0.0729166666666666,40.760740771811456,0.9788230486449288,2.606063539613816,0.9418973036222292,-9.415161497770152,-0.8079361023233478
PeMS::D7_I10_W::L10W-169,D7_I10_W,PeMS_average_weekday,1480.44,69.02434782608695,288,234,41,True,,released_profile,True,,68.61891744633478,28.440149405693543,4.426027947839264,50.16683550406725,1426.752296946524,288,0.990969752600178,42.60109865286003,False,robust_measured_s3,1426.752296946524,68.61891744633478,4.426027947839264,28.440149405693543,50.16683550406726,0.0729166666666666,42.60109865286003,0.990969752600178,1.8121449638540488,0.9657254720573918,-3.626469364072582,-0.5873729959371632
PeMS::D7_I10_W::L10W-190,D7_I10_W,PeMS_average_weekday,1519.8560869565215,68.56934782608697,288,288,0,False,insufficient_two_branch_support,released_profile,True,,67.48080006507598,55.77435385013355,2.4248098418028583,38.0968082204202,2124.824862246393,288,0.9937179622804296,28.73006055673336,False,robust_measured_s3,1519.8560869565215,68.56934782608697,4.0,31.34638375853828,48.48585082936515,0.0069444444444444,35.83017241579088,0.990229309582538,2.198151071417496,-0.1222384158868166,0.0,0.0
PeMS::D7_I10_W::L10W-221,D7_I10_W,PeMS_average_weekday,1686.302608695652,69.20743083003953,288,235,39,True,,released_profile,True,,67.32720934951263,30.42859313513189,4.893494798573917,50.717506142876594,1543.2623592501443,288,0.9758803405605442,73.10496236817276,False,robust_measured_s3,1543.2623592501443,67.32720934951263,4.893494798573917,30.42859313513189,50.717506142876594,0.1215277777777777,73.10496236817276,0.9758803405605442,3.048403234662909,0.906899923449715,-8.48247809781595,-2.716791330029822
PeMS::D7_I10_W::L10W-232,D7_I10_W,PeMS_average_weekday,1396.630909090909,67.83181818181818,288,198,35,True,,released_profile,True,,65.95115487625075,24.1006464461759,6.156446767428149,52.65371080579207,1268.9884682095862,288,0.9792655307073344,53.83129596770391,False,robust_measured_s3,1268.9884682095862,65.95115487625075,6.156446767428149,24.1006464461759,52.65371080579206,0.1493055555555555,53.83129596770391,0.9792655307073344,2.6433098141810976,0.9152025267124348,-9.139310898138964,-2.772538546035208
PeMS::D7_I10_W::L10W-248,D7_I10_W,PeMS_average_weekday,1418.1661363636365,67.41659090909091,288,212,36,True,,released_profile,True,,66.0538612019521,24.06396232827008,5.5369214631263945,51.42362609729339,1237.4562011883145,288,0.9765813477734332,54.06475342648318,False,robust_measured_s3,1237.4562011883145,66.0538612019521,5.5369214631263945,24.06396232827008,51.42362609729339,0.1215277777777777,54.06475342648318,0.9765813477734332,2.6176467336373723,0.9138731182094604,-12.742508126635022,-2.0213565959993574
PeMS::D7_I10_W::L10W-262,D7_I10_W,PeMS_average_weekday,1714.306304347826,67.41934782608695,288,177,31,True,,released_profile,True,,64.57096329693383,30.933219509731646,4.727702456977136,48.16039026507272,1489.7559237438377,288,0.9722151381806876,77.75307813585312,False,robust_measured_s3,1489.7559237438377,64.57096329693383,4.727702456977136,30.933219509731646,48.16039026507272,0.1875,77.75307813585312,0.9722151381806876,3.1656865300762544,0.8814541293611706,-13.098614876144566,-4.224877013792439
PeMS::D7_I10_W::L10W-291,D7_I10_W,PeMS_average_weekday,1516.966304347826,69.82478260869566,288,241,10,False,insufficient_two_branch_support,released_profile,True,,69.31454565521294,27.67041992643791,4.099416092335299,49.42646658196333,1367.6510858029756,288,0.9868360635318042,47.97124442408575,False,robust_measured_s3,1516.966304347826,69.82478260869566,4.0,30.724253497418268,49.37357727748521,0.0069444444444444,82.26456885864206,0.9612876567199788,3.415079035602561,0.817798778906062,0.0,0.0
PeMS::D7_I10_W::L10W-292,D7_I10_W,PeMS_average_weekday,1474.0285714285717,68.03619047619047,288,233,21,True,,released_profile,True,,67.10749646576987,27.951464867827315,5.031083554311691,50.94516587582618,1423.9920141637904,288,0.993553743350926,35.00511662700159,False,robust_measured_s3,1423.9920141637904,67.10749646576987,5.031083554311691,27.951464867827315,50.94516587582618,0.0763888888888889,35.00511662700159,0.993553743350926,1.6578844118341796,0.9511707870421104,-3.394544599382343,-1.3650000153162645
PeMS::D7_I10_W::L10W-296,D7_I10_W,PeMS_average_weekday,1510.803,72.7359375,288,149,81,True,,released_profile,True,,70.7823095230676,25.96071109663164,3.755316603956955,48.933096199540266,1270.3379734999485,288,0.9453378022590953,83.668425464946,False,robust_measured_s3,1270.3379734999485,70.7823095230676,3.755316603956955,25.96071109663164,48.93309619954026,0.1180555555555555,83.668425464946,0.9453378022590953,3.3344947900851483,0.9648974980700026,-15.916372055129068,-2.685918466277293
PeMS::D7_I10_W::L10W-297,D7_I10_W,PeMS_average_weekday,1483.4347826086955,70.33760869565218,288,288,0,False,insufficient_two_branch_support,released_profile,True,,69.95875244834541,31.59643500782453,3.37715409439949,46.40531171911879,1466.2424157509747,288,0.9862057867606264,49.5686729507512,False,robust_measured_s3,1483.4347826086955,70.33760869565218,4.0,29.826057885173444,49.73620008114153,0.0069444444444444,53.8655459861105,0.9837106226702478,2.7176000984251445,0.6595162215999624,0.0,0.0
PeMS::D7_I10_W::L10W-301,D7_I10_W,PeMS_average_weekday,1483.9845652173913,68.88369565217391,288,236,45,True,,released_profile,True,,68.99808140309305,30.843287988127884,3.610237669463477,46.997242063454365,1449.5494716108806,288,0.9867559652807408,49.65964882628786,False,robust_measured_s3,1449.5494716108806,68.99808140309305,3.610237669463477,30.843287988127884,46.997242063454365,0.0208333333333333,49.65964882628786,0.9867559652807408,2.0274676418167377,0.9745461368066972,-2.320448231984562,0.1660563502526413
PeMS::D7_I10_W::L10W-302,D7_I10_W,PeMS_average_weekday,1716.1304347826087,69.63500000000002,288,265,0,False,insufficient_two_branch_support,released_profile,True,,68.64396937576518,37.50386237065295,3.0865975615806014,43.80726993959267,1642.941822648526,288,0.9873170592657874,53.4833785390374,False,robust_measured_s3,1716.1304347826087,69.63500000000002,4.0,34.85280298227616,49.23938070792526,0.0034722222222222,79.14246416762184,0.9722283660693783,3.4232004021983897,0.7646582157718518,0.0,0.0
PeMS::D7_I10_W::L10W-312,D7_I10_W,PeMS_average_weekday,1218.6777391304347,69.48695652173912,288,239,41,True,,released_profile,True,,68.96633553713282,23.968890231403872,4.274644736624601,49.86464134829366,1195.2001149055734,288,0.9894991743001986,38.105929011578375,False,robust_measured_s3,1195.2001149055734,68.96633553713282,4.274644736624601,23.968890231403872,49.86464134829367,0.0277777777777777,38.105929011578375,0.9894991743001986,1.9512012365022489,0.9631853269831968,-1.9264833902368104,-0.7492355553713415
PeMS::D7_I10_W::L10W-315,D7_I10_W,PeMS_average_weekday,1493.7326086956523,69.73891304347825,288,226,39,True,,released_profile,True,,68.84940311267945,29.656951007939053,3.9045410814305086,48.27311943793357,1431.6335381711865,288,0.988933087048492,47.60823331757072,False,robust_measured_s3,1431.6335381711865,68.84940311267945,3.9045410814305086,29.656951007939053,48.27311943793357,0.1076388888888889,47.60823331757072,0.988933087048492,2.0743372053512403,0.965265384207781,-4.157308353781708,-1.2754857969240696
PeMS::D7_I10_W::L10W-371,D7_I10_W,PeMS_average_weekday,1305.5702608695651,69.8058695652174,288,187,19,True,,released_profile,True,,68.14187484852394,21.662227196917733,5.826480810575892,53.71337094701314,1163.5512449665189,288,0.9739849960118784,59.88450611502039,False,robust_measured_s3,1163.5512449665189,68.14187484852394,5.826480810575892,21.662227196917733,53.71337094701314,0.1979166666666666,59.88450611502039,0.9739849960118784,3.110509761001412,0.8734527825504597,-10.87792975679881,-2.383746133466391
PeMS::D7_I10_W::L10W-377,D7_I10_W,PeMS_average_weekday,4133.890588235295,66.28147058823528,288,119,78,False,capacity_outside_range,released_profile,True,,64.7816608805805,60.53529507476585,14.41455869560719,58.84161505138896,3561.994529811614,288,0.9259257218398864,277.96647909778346,False,robust_measured_s3,4133.890588235295,66.28147058823528,4.0,88.20269199468434,46.86807731995787,0.0069444444444444,440.9608972352669,0.8135841930939591,6.380440782965787,0.4238328698428425,0.0,0.0
PeMS::D7_I10_W::L10W-383,D7_I10_W,PeMS_average_weekday,7157.887826086956,67.84760869565217,288,217,31,False,capacity_outside_range,released_profile,True,,66.59013866722302,125.00245961696956,5.388582222866992,51.48504403003607,6435.7571372424845,288,0.9789488901434532,289.5594486196173,False,robust_measured_s3,7157.887826086956,67.84760869565217,4.0,149.19880355703876,47.97550419598702,0.0069444444444444,450.1694493426777,0.949119478680873,3.8061391671826783,0.7730961087584062,0.0,0.0
PeMS::D7_I10_W::L10W-385,D7_I10_W,PeMS_average_weekday,7326.231818181818,69.05636363636364,288,232,0,False,insufficient_two_branch_support;capacity_outside_range,released_profile,True,,66.88154849293986,131.16200053878595,5.049931463055806,50.8258793696273,6666.424017263327,288,0.9811104076636296,289.0235811146092,False,robust_measured_s3,7326.231818181818,69.05636363636364,4.0,150.0347810510285,48.83022301135685,0.0069444444444444,389.2503668681357,0.9657378911218714,3.8362588624828735,0.6398203858826721,0.0,0.0
PeMS::D7_I10_W::L10W-388,D7_I10_W,PeMS_average_weekday,1389.0171428571427,66.21904761904761,288,125,47,True,,released_profile,True,,64.83187877058694,21.84017180002367,8.223528767013077,54.77428642371683,1196.2798257176796,288,0.9767685324526748,55.1270352179176,False,robust_measured_s3,1196.2798257176796,64.83187877058694,8.223528767013077,21.84017180002367,54.77428642371683,0.2013888888888889,55.1270352179176,0.9767685324526748,2.5866589549603463,0.9151795296495376,-13.87580550251608,-2.0948184825021032
PeMS::D7_I10_W::L10W-395,D7_I10_W,PeMS_average_weekday,5372.928571428572,66.47476190476192,288,204,36,False,capacity_outside_range,released_profile,True,,65.16291373709618,92.40718469974476,6.47365278708483,52.60159426648741,4860.765236884337,288,0.9820471250082784,191.89999443625425,False,robust_measured_s3,5372.928571428572,66.47476190476192,4.0,114.30606500347416,47.00475492061833,0.0069444444444444,372.9645670436519,0.9321860204355764,3.7762038586002,0.8190525361491549,0.0,0.0
PeMS::D7_I210_E::L210E-008,D7_I210_E,PeMS_average_weekday,1301.6707826086956,71.84021739130434,288,205,69,True,,released_profile,True,,71.68241596766359,30.69664739736104,2.8767400036548003,44.2717945977451,1358.995668415375,288,0.9749725157102604,63.12710028863185,False,robust_measured_s3,1358.995668415375,71.68241596766359,2.8767400036548003,30.69664739736104,44.2717945977451,0.0,63.12710028863185,0.9749725157102604,2.3480037428316867,0.9868701702715345,4.40394657178933,-0.2196561054112922
PeMS::D7_I210_E::L210E-009,D7_I210_E,PeMS_average_weekday,1576.8234782608697,68.34434782608695,288,197,74,True,,released_profile,True,,67.60103220318528,31.52276871614203,4.043260661231379,47.97873099242078,1512.4224403680755,288,0.9893220643150562,48.51239731383368,False,robust_measured_s3,1512.4224403680755,67.60103220318528,4.043260661231379,31.52276871614203,47.97873099242077,0.0520833333333333,48.51239731383368,0.9893220643150562,1.8873600513902216,0.9885336443046032,-4.084226216863796,-1.0876036520139798
PeMS::D7_I210_E::L210E-035,D7_I210_E,PeMS_average_weekday,1293.2959090909092,69.03219696969695,288,280,0,False,insufficient_two_branch_support,released_profile,True,,66.90757018023045,26.564550251231868,4.123219111722269,47.80334433392069,1269.874342735376,288,0.9892919351581586,42.85151644252805,False,robust_measured_s3,1293.2959090909092,69.03219696969695,4.0,26.49483422352731,48.81313459747816,0.0069444444444444,49.31168792950392,0.9858199311800486,3.1481412103596957,0.5734841819806048,0.0,0.0
PeMS::D7_I210_E::L210E-042,D7_I210_E,PeMS_average_weekday,1185.151956521739,65.41347826086957,288,288,0,False,insufficient_two_branch_support,released_profile,True,,64.958199374689,35.435816333830935,1.8995469780559469,31.310119644874977,1109.4996491260615,288,0.986859597438206,41.32728414579893,False,robust_measured_s3,1185.151956521739,65.41347826086957,4.0,25.622517177605463,46.25431405925968,0.0069444444444444,106.60150868388256,0.9125697661504308,6.004492444670077,0.4633701662292517,0.0,0.0
PeMS::D7_I210_E::L210E-046,D7_I210_E,PeMS_average_weekday,1317.6,66.361,288,279,1,False,insufficient_two_branch_support,released_profile,True,,64.37658231299935,28.067449515616936,4.328210374334421,46.73331053361143,1311.684834099788,288,0.9946322428959634,30.771045436111024,False,robust_measured_s3,1317.6,66.361,4.0,28.079260255011068,46.92431310632049,0.0034722222222222,35.38502075138864,0.9929018158589472,2.466995638719251,0.6848646889484089,0.0,0.0
PeMS::D7_I210_E::L210E-051,D7_I210_E,PeMS_average_weekday,1223.4626086956523,67.28543478260869,288,288,0,False,insufficient_two_branch_support,released_profile,True,,65.73679211101127,99.3678981642048,1.78157802647029,30.19062809072725,2999.979257632767,288,0.994925629961774,27.85044070401556,False,robust_measured_s3,1223.4626086956523,67.28543478260869,4.0,25.71488792283132,47.5779872098678,0.0069444444444444,34.092802727543884,0.9923959773559649,2.497109380418232,-0.1589045593462692,0.0,0.0
PeMS::D7_I210_E::L210E-052,D7_I210_E,PeMS_average_weekday,1357.9557142857143,64.595,288,288,0,False,active_parameter_bound;insufficient_two_branch_support;capacity_outside_range,released_profile,True,,63.20719290399677,149.99999999999997,1.6793652035219435,27.686113699806448,4152.917054970966,288,0.9966058010913464,22.329627239388333,True,robust_measured_s3,1357.9557142857143,64.595,4.0,29.73046502430375,45.67556253074504,0.0069444444444444,31.04560132010895,0.9934389326596812,2.334622473974478,-0.5169681333921288,0.0,0.0
PeMS::D7_I210_E::L210E-065,D7_I210_E,PeMS_average_weekday,1250.6942857142856,65.47928571428572,288,259,20,True,,released_profile,True,,64.15332200754574,25.559762347417504,5.0732414809301645,48.81412605444095,1247.6774611483916,288,0.9823016663303242,57.4028550073026,False,robust_measured_s3,1247.6774611483916,64.15332200754574,5.0732414809301645,25.559762347417504,48.81412605444095,0.0069444444444444,57.4028550073026,0.9823016663303242,2.753387575319524,0.90417841759338,-0.2412119892409303,-2.0250124787947965
PeMS::D7_I210_E::L210E-070,D7_I210_E,PeMS_average_weekday,1661.121818181818,66.29715909090908,288,244,17,True,,released_profile,True,,64.50486756988954,34.40681627666008,4.258964885438349,46.58321970195211,1602.7802818603584,288,0.9902820807882045,57.22214070264109,False,robust_measured_s3,1602.7802818603584,64.50486756988954,4.258964885438349,34.40681627666008,46.58321970195211,0.1006944444444444,57.22214070264109,0.9902820807882045,2.3482822858910146,0.909054864235084,-3.512176872453432,-2.703421301298714
PeMS::D7_I210_E::L210E-128,D7_I210_E,PeMS_average_weekday,1066.317882352941,64.81558823529411,288,215,58,True,,released_profile,True,,63.13814774004796,20.90945755316473,5.271513202155199,48.53798556021295,1014.9029487873956,288,0.9896300740438392,30.90595339265053,False,robust_measured_s3,1014.9029487873956,63.13814774004796,5.271513202155199,20.90945755316473,48.53798556021296,0.0868055555555555,30.90595339265053,0.9896300740438392,1.7569814665699464,0.982097535272866,-4.821726655478487,-2.5880201675508974
PeMS::D7_I210_E::L210E-136,D7_I210_E,PeMS_average_weekday,1692.413,66.99199999999998,288,288,0,False,insufficient_two_branch_support,released_profile,True,,65.77712295857084,35.287145665914764,4.318252516168697,47.71475931156745,1683.7176622413433,288,0.9969051421694411,28.623699232722423,False,robust_measured_s3,1692.413,66.99199999999998,4.0,35.72715276057645,47.37049748524918,0.0069444444444444,29.218266078278223,0.9967752350619924,1.4624658514324915,0.8791325633177809,0.0,0.0
PeMS::D7_I210_E::L210E-139,D7_I210_E,PeMS_average_weekday,1282.769347826087,67.74760869565218,288,218,62,True,,released_profile,True,,67.15884220713484,34.654239551703306,2.5556735163725977,39.04139994046062,1352.9500259705776,288,0.9763792347695722,60.54335251247248,False,robust_measured_s3,1352.9500259705776,67.15884220713484,2.5556735163725977,34.654239551703306,39.04139994046062,0.0,60.54335251247248,0.9763792347695722,2.2233929617149,0.9827470022309612,5.471028619714535,-0.8690587016322526
PeMS::D7_I210_E::L210E-141,D7_I210_E,PeMS_average_weekday,1350.041,67.55074999999998,288,197,72,True,,released_profile,True,,67.50673650206721,30.11014127860414,3.434413296369585,45.08633939568063,1357.556048939039,288,0.9943175874238362,31.28780424618002,False,robust_measured_s3,1357.556048939039,67.50673650206721,3.434413296369585,30.11014127860414,45.08633939568063,0.0034722222222222,31.28780424618002,0.9943175874238362,1.3034835884230176,0.9912043600746678,0.5566533860111855,-0.0651561943172618
PeMS::D7_I210_E::L210E-145,D7_I210_E,PeMS_average_weekday,1474.4050434782607,69.97804347826086,288,220,45,True,,released_profile,True,,69.09562301290538,28.726759890456908,4.373236066730795,50.3247143722209,1445.6659863266157,288,0.9962324167136504,30.245729115625338,False,robust_measured_s3,1445.6659863266157,69.09562301290538,4.373236066730795,28.726759890456908,50.3247143722209,0.0451388888888888,30.245729115625338,0.9962324167136504,1.3886320654922724,0.9821081562152224,-1.949196883093052,-1.260996194655839
PeMS::D7_I210_E::L210E-168,D7_I210_E,PeMS_average_weekday,1185.7134782608694,69.3795652173913,288,288,0,False,insufficient_two_branch_support,released_profile,True,,68.73555452053954,41.131890038288525,1.8736362577162915,32.79812858586956,1349.049018455634,288,0.998411385057198,15.321601263953786,False,robust_measured_s3,1185.7134782608694,69.3795652173913,4.0,24.16925036631337,49.05876104099172,0.0069444444444444,45.83845209688079,0.9857809618692922,3.495115125118553,0.6163069184143255,0.0,0.0
PeMS::D7_I210_E::L210E-170,D7_I210_E,PeMS_average_weekday,1438.2166956521737,70.77673913043479,288,218,60,True,,released_profile,True,,69.88620644248189,29.06101776164934,3.8548468147870345,48.776301727173845,1417.4889708409664,288,0.9894581870869216,46.51943720094516,False,robust_measured_s3,1417.4889708409664,69.88620644248189,3.8548468147870345,29.06101776164934,48.77630172717385,0.0104166666666666,46.51943720094516,0.9894581870869216,1.955791208610075,0.9828836663049928,-1.441210137100246,-1.258227913427501
PeMS::D7_I210_E::L210E-172,D7_I210_E,PeMS_average_weekday,1268.6452173913042,65.93347826086956,288,288,0,False,active_parameter_bound;insufficient_two_branch_support;capacity_outside_range,released_profile,True,,64.65465287611255,149.99999999998656,1.6648828535318474,28.11750291395153,4217.625437092352,288,0.9971033822113105,20.336181264170143,True,robust_measured_s3,1268.6452173913042,65.93347826086956,4.0,27.211294164945272,46.62200958547668,0.0069444444444444,30.870526265998823,0.993325166279286,2.26770768177339,-0.54885936796001,0.0,0.0
PeMS::D7_I210_E::L210E-173,D7_I210_E,PeMS_average_weekday,1192.2476086956522,67.2558695652174,288,288,0,False,insufficient_two_branch_support,released_profile,True,,65.0566647830836,54.85005011319621,2.477000520748632,37.17334959496618,2038.960088159257,288,0.9945443233424192,27.669710919455493,False,robust_measured_s3,1192.2476086956522,67.2558695652174,4.0,25.069822884221185,47.55708144416316,0.0069444444444444,32.59059223558639,0.9924312548122284,2.7487583002132125,-0.3278107312550506,0.0,0.0
PeMS::D7_I210_E::L210E-203,D7_I210_E,PeMS_average_weekday,1041.0019565217392,66.28673913043478,288,288,0,False,insufficient_two_branch_support,released_profile,True,,64.84610727002975,101.73194486386927,1.6120094624721877,27.44098875052611,2791.6251545785794,288,0.9940764657741624,22.600079342025296,False,robust_measured_s3,1041.0019565217392,66.28673913043478,4.0,22.209556612417938,46.871802741874106,0.0069444444444444,28.837607003939564,0.990355506771603,2.751578604617344,-0.2936574318570868,0.0,0.0
PeMS::D7_I210_E::L210E-206,D7_I210_E,PeMS_average_weekday,571.1955,67.37575,288,267,0,False,active_parameter_bound;insufficient_two_branch_support,released_profile,True,,65.74332007096054,9.40801041978328,14.999999999958955,59.93966338116034,563.9129776482588,288,0.9969889929855072,10.372998693164307,True,robust_measured_s3,571.1955,67.37575,4.0,11.989364465204192,47.64184971252953,0.0069444444444444,18.653017657120824,0.9902635346290324,2.641173373211869,-1.3240654845151223,0.0,0.0
PeMS::D7_I210_E::L210E-220,D7_I210_E,PeMS_average_weekday,1576.53,67.58673913043478,288,169,50,True,,released_profile,True,,67.04179298587735,28.80247279033553,5.60576758073579,52.35347601496117,1507.909568400403,288,0.9939219056196036,36.03050352705991,False,robust_measured_s3,1507.909568400403,67.04179298587735,5.60576758073579,28.80247279033553,52.35347601496117,0.1388888888888889,36.03050352705991,0.9939219056196036,1.3743660928172192,0.9754552982813312,-4.352624536139304,-0.8062915174909424
PeMS::D7_I210_E::L210E-224,D7_I210_E,PeMS_average_weekday,1501.4680434782608,70.12804347826086,288,221,0,False,insufficient_two_branch_support,released_profile,True,,69.54025001913728,32.45038374334478,3.114548762425769,44.55849972145246,1445.940414988854,288,0.9966316580254242,27.00202126397188,False,robust_measured_s3,1501.4680434782608,70.12804347826086,4.0,30.27884944793859,49.5880150948233,0.0069444444444444,58.6102735498573,0.9841302120383792,2.5666067787496614,0.9163263890582414,0.0,0.0
PeMS::D7_I210_E::L210E-231,D7_I210_E,PeMS_average_weekday,1213.2154285714284,69.42690476190477,288,189,71,True,,released_profile,True,,68.69407323291408,24.55683117281017,3.9739419826802393,48.46378292653776,1190.116935322708,288,0.9913616417538575,33.4570499106187,False,robust_measured_s3,1190.116935322708,68.69407323291408,3.9739419826802393,24.55683117281017,48.46378292653776,0.0381944444444444,33.4570499106187,0.9913616417538575,1.5735262352605952,0.9873310022508826,-1.903906981789627,-1.0555440020030948
PeMS::D7_I210_E::L210E-237,D7_I210_E,PeMS_average_weekday,1501.6731818181818,67.79659090909091,288,176,61,True,,released_profile,True,,66.73256411910097,27.066482577682088,6.070152986282186,53.10729143326665,1437.427578326397,288,0.9899158632052074,41.98688866690804,False,robust_measured_s3,1437.427578326397,66.73256411910097,6.070152986282186,27.066482577682088,53.10729143326665,0.1041666666666666,41.98688866690804,0.9899158632052074,1.563287500585114,0.9834348666430592,-4.278268019276876,-1.569439961098784
PeMS::D7_I210_E::L210E-243,D7_I210_E,PeMS_average_weekday,1152.887608695652,67.37195652173914,288,288,0,False,active_parameter_bound;insufficient_two_branch_support;capacity_outside_range,released_profile,True,,65.37479084793826,149.99999999999997,1.472502499954338,25.500091721301413,3825.0137581952113,288,0.9958063456175452,24.21825243640708,True,robust_measured_s3,1152.887608695652,67.37195652173914,4.0,24.200414776186303,47.63916731832699,0.0069444444444444,33.52336208464288,0.9919646986690565,2.818369963830586,-0.4471229667609733,0.0,0.0
PeMS::D7_I210_E::L210E-245,D7_I210_E,PeMS_average_weekday,1450.9786363636365,69.76409090909091,288,214,65,True,,released_profile,True,,69.18443357411284,31.042683387750586,3.242486769511846,45.11593028269047,1400.519539509389,288,0.9887891760868318,44.452634004003095,False,robust_measured_s3,1400.519539509389,69.18443357411284,3.242486769511846,31.042683387750586,45.11593028269048,0.0381944444444444,44.452634004003095,0.9887891760868318,1.7400065198542656,0.9901655328229716,-3.477590612960735,-0.8308820876536838
PeMS::D7_I210_E::L210E-260,D7_I210_E,PeMS_average_weekday,1193.4218181818185,67.64518398268399,288,288,0,False,insufficient_two_branch_support,released_profile,True,,66.91209229514914,23.397113948884478,4.737709069896037,49.93744462470655,1168.3920822003677,288,0.9965763099818806,19.622730790368077,False,robust_measured_s3,1193.4218181818185,67.64518398268399,4.0,24.95008841038442,47.83236830876748,0.0069444444444444,19.97317905981915,0.9964529285540517,1.300208014658199,0.8715104399049323,0.0,0.0
PeMS::D7_I210_E::L210E-304,D7_I210_E,PeMS_average_weekday,1597.0612173913044,71.25478260869566,288,191,44,True,,released_profile,True,,70.65198969380688,25.323587602686956,6.910453365132389,57.80977984510043,1463.9510241994474,288,0.9955132239727668,33.55507296511127,False,robust_measured_s3,1463.9510241994474,70.65198969380688,6.910453365132389,25.323587602686956,57.80977984510043,0.0833333333333333,33.55507296511127,0.9955132239727668,1.4320509366981051,0.9672238709791328,-8.334695736290175,-0.8459683586421018
PeMS::D7_I210_E::L210E-314,D7_I210_E,PeMS_average_weekday,1052.7765,68.21875,288,174,65,True,,released_profile,True,,67.08846341321176,18.24527990821918,5.546984771195526,52.25280393923274,953.3670338605992,288,0.989643051052667,28.882296272210475,False,robust_measured_s3,953.3670338605992,67.08846341321176,5.546984771195526,18.24527990821918,52.25280393923274,0.1423611111111111,28.882296272210475,0.989643051052667,1.8911680338125447,0.9686499248676927,-9.442599273388108,-1.6568561968494655
PeMS::D7_I210_E::L210E-319,D7_I210_E,PeMS_average_weekday,1579.7604545454544,68.32704545454544,288,209,64,True,,released_profile,True,,66.9890999968746,32.74027761753283,4.053355648522726,47.58503832806839,1557.9473653018997,288,0.990363079953082,46.43143177487197,False,robust_measured_s3,1557.9473653018997,66.9890999968746,4.053355648522726,32.74027761753283,47.58503832806839,0.0243055555555555,46.43143177487197,0.990363079953082,1.8114772729220177,0.9890219623192588,-1.3807846107801949,-1.9581491469010004
PeMS::D7_I210_W::L210W-001,D7_I210_W,PeMS_average_weekday,1443.0332727272728,71.01113636363637,288,202,36,True,,released_profile,True,,70.21932136592828,24.92603104083234,3.963134669422931,49.49274367730582,1233.657665196483,288,0.9801744809327088,57.16259168760178,False,robust_measured_s3,1233.657665196483,70.21932136592828,3.963134669422931,24.92603104083234,49.49274367730582,0.125,57.16259168760178,0.9801744809327088,2.532002394385823,0.9548993875389508,-14.509409553327778,-1.1150574941560354
PeMS::D7_I210_W::L210W-004,D7_I210_W,PeMS_average_weekday,1199.5728260869566,66.96,288,288,0,False,active_parameter_bound;insufficient_two_branch_support,released_profile,True,,66.60796689112112,149.9999999999642,1.1306262215047187,19.54451176204803,2931.676764306505,288,0.9870635479664662,40.18475479357456,True,robust_measured_s3,1199.5728260869566,66.96,4.0,25.335307044599706,47.34787006825122,0.0069444444444444,64.67079260585678,0.9664950553584788,4.500981661806521,-0.0196499815550748,0.0,0.0
PeMS::D7_I210_W::L210W-022,D7_I210_W,PeMS_average_weekday,1423.0415217391303,68.93152173913042,288,288,0,False,insufficient_two_branch_support,released_profile,True,,66.8195073288853,34.8720730808343,2.886486453415959,41.33561759995271,1441.458677786971,288,0.9926096149835864,35.87223519310985,False,robust_measured_s3,1423.0415217391303,68.93152173913042,4.0,29.195418425255752,48.74194645924704,0.0069444444444444,49.41577740343966,0.985975691655574,3.5083787118644505,0.6407441922237889,0.0,0.0
PeMS::D7_I210_W::L210W-028,D7_I210_W,PeMS_average_weekday,987.8504347826088,66.03847826086957,288,284,0,False,insufficient_two_branch_support,released_profile,True,,64.33769996028768,24.209642833104287,2.5217119137917923,37.12915167964857,898.883500860446,288,0.9820424465247096,40.62263585868248,False,robust_measured_s3,987.8504347826088,66.03847826086957,4.0,21.154810335681532,46.69625579750127,0.0069444444444444,74.41824352565824,0.93973435634815,5.399656002100716,0.3284963761888355,0.0,0.0
PeMS::D7_I210_W::L210W-038,D7_I210_W,PeMS_average_weekday,1419.2752173913043,67.71717391304348,288,288,0,False,active_parameter_bound;insufficient_two_branch_support;capacity_outside_range,released_profile,True,,65.81237996994724,149.9999999999985,1.3976438558415214,24.408426338121934,3661.2639507182535,288,0.9924173464548396,35.432889744738894,True,robust_measured_s3,1419.2752173913043,67.71717391304348,4.0,29.640313456557177,47.883272876701824,0.0069444444444444,55.992680385275,0.9810647700660368,4.148198165532144,-0.5183582076434581,0.0,0.0
PeMS::D7_I210_W::L210W-052,D7_I210_W,PeMS_average_weekday,1528.7739130434782,68.92456521739129,288,288,0,False,insufficient_two_branch_support,released_profile,True,,66.16340037960818,73.1028007727825,1.803816204029315,30.679457421838517,2242.7542637257243,288,0.9949574693341092,31.82739482854796,False,robust_measured_s3,1528.7739130434782,68.92456521739129,4.0,31.36781196673761,48.73702745555183,0.0069444444444444,55.15684698560087,0.9848558386331638,4.397224645418975,-0.1489122478053879,0.0,0.0
PeMS::D7_I210_W::L210W-053,D7_I210_W,PeMS_average_weekday,1533.104,69.86866666666667,288,288,0,False,insufficient_two_branch_support,released_profile,True,,67.40711132767376,63.906428415311815,1.9255796331495991,32.812658979223336,2096.9398421717747,288,0.9903617607295904,41.140039793361495,False,robust_measured_s3,1533.104,69.86866666666667,4.0,31.0315993243768,49.4046079924625,0.0069444444444444,60.36181655332236,0.9792512044711998,4.50948936467234,-0.0880806417653015,0.0,0.0
PeMS::D7_I210_W::L210W-054,D7_I210_W,PeMS_average_weekday,1156.7054347826088,68.08652173913043,288,288,0,False,insufficient_two_branch_support,released_profile,True,,65.35679312265037,56.22576648982961,1.6027485110412043,27.520006067236885,1547.333434935155,288,0.9929977321602697,28.30148878372157,False,robust_measured_s3,1156.7054347826088,68.08652173913043,4.0,24.025731844663987,48.14444122914442,0.0069444444444444,58.23175124471693,0.9703557916407012,5.722706295542146,-0.029566398282169,0.0,0.0
PeMS::D7_I210_W::L210W-106,D7_I210_W,PeMS_average_weekday,569.1254347826085,68.51956521739132,288,288,0,False,insufficient_two_branch_support,released_profile,True,,67.87286375498076,12.36388684964343,3.5713862933641045,46.03809879454632,569.2098442684763,288,0.9939334982021064,13.851726198540906,False,robust_measured_s3,569.1254347826085,68.51956521739132,4.0,11.74649760265499,48.450649209171296,0.0069444444444444,15.13011409613032,0.9927620606462212,2.102737438762441,0.6537431174258724,0.0,0.0
PeMS::D7_I210_W::L210W-108,D7_I210_W,PeMS_average_weekday,1706.3713636363636,70.63931818181818,288,130,70,True,,released_profile,True,,67.86559989377635,26.487818107611357,10.254467673579734,59.284030639287096,1570.304620259495,288,0.9762413157366138,71.01771503048734,False,robust_measured_s3,1570.304620259495,67.86559989377635,10.254467673579734,26.487818107611357,59.2840306392871,0.1666666666666666,71.01771503048734,0.9762413157366138,2.7921514012805204,0.94498293087903,-7.974040485941081,-3.9265926674186935
PeMS::D7_I210_W::L210W-112,D7_I210_W,PeMS_average_weekday,1486.176818181818,70.89318181818183,288,178,56,True,,released_profile,True,,68.79452284839005,26.548818188696583,4.709547867781118,51.252575087920725,1360.695297711727,288,0.972587104518152,66.47753117468058,False,robust_measured_s3,1360.695297711727,68.79452284839005,4.709547867781118,26.548818188696583,51.252575087920725,0.15625,66.47753117468058,0.972587104518152,3.021134235855526,0.9630516663560844,-8.443243020275625,-2.960311437528884
PeMS::D7_I210_W::L210W-113,D7_I210_W,PeMS_average_weekday,1520.6530434782608,69.39021739130436,288,197,54,True,,released_profile,True,,68.13067336874299,28.387746170000643,4.281761265983178,49.28699289267324,1399.1466437198335,288,0.9703908632173645,71.36037062311641,False,robust_measured_s3,1399.1466437198335,68.13067336874299,4.281761265983178,28.387746170000643,49.28699289267324,0.1597222222222222,71.36037062311641,0.9703908632173645,3.055914825421929,0.9622737461817852,-7.990409138990695,-1.815160796310189
PeMS::D7_I210_W::L210W-129,D7_I210_W,PeMS_average_weekday,1432.6875,69.10363636363637,288,172,62,True,,released_profile,True,,67.13304261933492,29.676175240249957,3.50503141490366,45.20288129374095,1341.448626637273,288,0.9866307201840931,50.16129130624413,False,robust_measured_s3,1341.448626637273,67.13304261933492,3.50503141490366,29.676175240249957,45.20288129374095,0.125,50.16129130624413,0.9866307201840931,2.200408835643952,0.9783645284346074,-6.368372262808675,-2.8516498523056266
PeMS::D7_I210_W::L210W-132,D7_I210_W,PeMS_average_weekday,1507.4230434782608,69.70891304347825,288,217,49,True,,released_profile,True,,67.67999889720927,27.18617875732733,5.507818176113865,52.61993082045116,1430.534845482983,288,0.9845742148138096,57.8022825322333,False,robust_measured_s3,1430.534845482983,67.67999889720927,5.507818176113865,27.18617875732733,52.61993082045117,0.09375,57.8022825322333,0.9845742148138096,2.316000320227592,0.9647556277418036,-5.100638359478982,-2.910551976335529
PeMS::D7_I210_W::L210W-141,D7_I210_W,PeMS_average_weekday,1279.2096,69.03819999999999,288,216,22,True,,released_profile,True,,68.06837884513781,21.85084731182665,5.611679985852397,53.16899657527346,1161.7876258893343,288,0.9894616722164008,39.84726889258567,False,robust_measured_s3,1161.7876258893343,68.06837884513781,5.611679985852397,21.85084731182665,53.168996575273454,0.0798611111111111,39.84726889258567,0.9894616722164008,2.1858911363656857,0.9173942014986712,-9.179259920396577,-1.4047601977777102
PeMS::D7_I210_W::L210W-143,D7_I210_W,PeMS_average_weekday,1262.2189090909092,70.8015909090909,288,134,41,True,,released_profile,True,,67.65721221283277,20.16450635171078,7.279134456977702,55.924706936388006,1127.69410823636,288,0.9454811978024809,81.3078027743416,False,robust_measured_s3,1127.69410823636,67.65721221283277,7.279134456977702,20.16450635171078,55.924706936388006,0.2256944444444444,81.3078027743416,0.9454811978024809,4.317285292104406,0.8136205677003943,-10.657802690615558,-4.441113053936185
PeMS::D7_I210_W::L210W-150,D7_I210_W,PeMS_average_weekday,1572.3991304347826,71.54456521739131,288,183,73,True,,released_profile,True,,71.11878637652643,31.66601180849344,2.5100983167824964,40.93824244539837,1296.3508686949522,288,0.9594953759019422,90.0342933475492,False,robust_measured_s3,1296.3508686949522,71.11878637652643,2.5100983167824964,31.66601180849344,40.93824244539837,0.1597222222222222,90.0342933475492,0.9594953759019422,3.6558888961296,0.957778272038825,-17.555864563693856,-0.595123947669729
PeMS::D7_I210_W::L210W-154,D7_I210_W,PeMS_average_weekday,1469.1084782608696,69.95347826086956,288,216,51,True,,released_profile,True,,67.9627516109467,27.12992594097885,5.271353335400943,52.246523935662296,1417.444325048097,288,0.9827843218376212,58.082069580086106,False,robust_measured_s3,1417.444325048097,67.9627516109467,5.271353335400943,27.12992594097885,52.246523935662296,0.0590277777777777,58.082069580086106,0.9827843218376212,2.18074235218719,0.975176949235792,-3.5167010453804326,-2.84578651328683
PeMS::D7_I210_W::L210W-155,D7_I210_W,PeMS_average_weekday,1416.4773913043475,70.08630434782607,288,161,63,True,,released_profile,True,,69.13334548622781,26.95011911894779,3.733673049215914,47.69097240867082,1285.2773873121312,288,0.987541427229663,46.71919549291511,False,robust_measured_s3,1285.2773873121312,69.13334548622781,3.733673049215914,26.95011911894779,47.69097240867082,0.1388888888888889,46.71919549291511,0.987541427229663,2.109843193717908,0.9811200650427292,-9.26241426779162,-1.3596934100974956
PeMS::D7_I210_W::L210W-167,D7_I210_W,PeMS_average_weekday,567.0547826086956,67.85652173913046,288,288,0,False,insufficient_two_branch_support;capacity_outside_range,released_profile,True,,66.98288638629758,60.907256967737496,13.186179214409208,60.298352578639744,3672.607255238448,288,0.999701254565275,2.943772081213589,False,robust_measured_s3,567.0547826086956,67.85652173913046,4.0,11.818120699683549,47.98180666947153,0.0069444444444444,15.032169069891946,0.9922100222625332,2.197420979177711,-9.056265562486628,0.0,0.0
PeMS::D7_I210_W::L210W-182,D7_I210_W,PeMS_average_weekday,1351.5078260869566,73.80391304347826,288,219,35,True,,released_profile,True,,71.84175370180901,25.26269293695275,3.631492219712369,49.04427631851263,1238.990492949648,288,0.9710391273874718,63.38816515475257,False,robust_measured_s3,1238.990492949648,71.84175370180901,3.631492219712369,25.26269293695275,49.04427631851263,0.0833333333333333,63.38816515475257,0.9710391273874718,3.2515150208901966,0.947951464429402,-8.325318652654923,-2.658611529870148
PeMS::D7_I210_W::L210W-202,D7_I210_W,PeMS_average_weekday,2932.2429545454547,69.47181818181818,288,284,0,False,active_parameter_bound;insufficient_two_branch_support,released_profile,True,,76.41899999999998,59.2485468673808,3.0273726310506945,48.34251465248141,2864.2237450745884,288,0.9077985546904837,56.12942131068652,True,robust_measured_s3,2932.2429545454547,69.47181818181818,4.0,59.69064669702889,49.12399373772252,0.0069444444444444,74.71652796208481,0.8366233585372661,1.9577464383532177,0.8277111851861267,0.0,0.0
PeMS::D7_I210_W::L210W-211,D7_I210_W,PeMS_average_weekday,1644.0547826086956,70.07086956521741,288,176,39,True,,released_profile,True,,69.3479321452884,30.814917884770004,3.830541190996464,48.29030011928214,1488.0616328065785,288,0.989871397332395,49.97062613200512,False,robust_measured_s3,1488.0616328065785,69.3479321452884,3.830541190996464,30.814917884770004,48.29030011928214,0.1354166666666666,49.97062613200512,0.989871397332395,1.956591924996239,0.9767361900950912,-9.488318239286151,-1.031723203115309
PeMS::D7_I210_W::L210W-221,D7_I210_W,PeMS_average_weekday,1205.625391304348,68.30565217391305,288,264,0,False,insufficient_two_branch_support,released_profile,True,,65.66913433510138,31.984443122986832,2.376813113900827,36.64845960598996,1172.1805718128664,288,0.9927384411433566,30.22879024533812,False,robust_measured_s3,1205.625391304348,68.30565217391305,4.0,24.961503554388848,48.29938984554356,0.0069444444444444,52.49123619321754,0.97810414395848,4.784189774928552,0.6927209538456207,0.0,0.0
PeMS::D7_I210_W::L210W-222,D7_I210_W,PeMS_average_weekday,1353.8754782608696,71.1145652173913,288,191,43,True,,released_profile,True,,68.44052828078823,24.415453156425368,4.314487317733353,49.63288782508271,1211.809447711422,288,0.9787710315296144,54.42516163163192,False,robust_measured_s3,1211.809447711422,68.44052828078823,4.314487317733353,24.415453156425368,49.63288782508271,0.15625,54.42516163163192,0.9787710315296144,2.910043397488769,0.9427742792077712,-10.493286334718144,-3.760181797397999
PeMS::D7_I210_W::L210W-233,D7_I210_W,PeMS_average_weekday,1612.8102272727272,70.8934090909091,288,191,54,True,,released_profile,True,,68.54572327345998,29.103927622239517,4.479134093583431,50.29976921568996,1463.9208426687917,288,0.9751397169382496,69.45632479853538,False,robust_measured_s3,1463.9208426687917,68.54572327345998,4.479134093583431,29.103927622239517,50.29976921568995,0.1388888888888889,69.45632479853538,0.9751397169382496,2.890645170472637,0.959343603945774,-9.231674135382216,-3.3115713400643454
PeMS::D7_I210_W::L210W-234,D7_I210_W,PeMS_average_weekday,1315.3473529411765,67.04705882352943,288,132,67,True,,released_profile,True,,63.777275929702505,22.2972859760271,8.175150001910838,53.82956060332167,1200.2531067361451,288,0.9796152201371192,48.69350016484032,False,robust_measured_s3,1200.2531067361451,63.777275929702505,8.175150001910838,22.2972859760271,53.82956060332167,0.1840277777777778,48.69350016484032,0.9796152201371192,2.440844328205182,0.953916149980694,-8.750102849082065,-4.876847621956282
PeMS::D7_I210_W::L210W-238,D7_I210_W,PeMS_average_weekday,1336.2371739130435,67.59304347826087,288,288,0,False,insufficient_two_branch_support,released_profile,True,,64.7896425395883,34.65806820520277,2.80282760139121,39.50945876127895,1369.3215164990518,288,0.9907335943874191,36.8016446995723,False,robust_measured_s3,1336.2371739130435,67.59304347826087,4.0,27.957384911994552,47.79549940451541,0.0069444444444444,53.39499180952264,0.980493565283704,4.178494571365476,0.1568627896761455,0.0,0.0
PeMS::D7_I210_W::L210W-251,D7_I210_W,PeMS_average_weekday,1484.299090909091,64.34818181818181,288,288,0,False,insufficient_two_branch_support,released_profile,True,,63.30948802588983,45.43114076277744,2.0547170279103377,32.24446844373515,1464.9029846882668,288,0.992681485503436,37.70012708197792,False,robust_measured_s3,1484.299090909091,64.34818181818181,4.0,32.621215482246605,45.501035720661264,0.0069444444444444,80.40514970498906,0.9667106711895638,4.402405376994712,0.7512516404219728,0.0,0.0
PeMS::D7_I210_W::L210W-256,D7_I210_W,PeMS_average_weekday,1301.394545454545,70.95363636363638,288,261,23,True,,released_profile,True,,68.8638716515756,30.87970033147706,2.6247400969244,40.60808764323336,1253.9655774574028,288,0.9924988001318668,32.85631563663761,False,robust_measured_s3,1253.9655774574028,68.8638716515756,2.6247400969244,30.87970033147706,40.60808764323336,0.03125,32.85631563663761,0.9924988001318668,2.3120993703218766,0.9521506221766164,-3.644472628443096,-2.9452538575341918
PeMS::D7_I210_W::L210W-291,D7_I210_W,PeMS_average_weekday,1538.4299999999998,70.87181818181818,288,191,58,True,,released_profile,True,,68.84823502366453,27.431444699163787,4.436792908055529,50.37275425763955,1381.7974227630066,288,0.9675970839937956,73.73296607377242,False,robust_measured_s3,1381.7974227630066,68.84823502366453,4.436792908055529,27.431444699163787,50.37275425763955,0.1527777777777778,73.73296607377242,0.9675970839937956,3.107063838878562,0.9630998127871851,-10.181326237592437,-2.855271968559137
PeMS::D7_I210_W::L210W-299,D7_I210_W,PeMS_average_weekday,1177.4921739130434,69.5591304347826,288,206,51,True,,released_profile,True,,68.15452128124008,19.90890083073073,5.562824464979278,53.12090687847319,1057.5788670820048,288,0.980049754593142,48.339384954033015,False,robust_measured_s3,1057.5788670820048,68.15452128124008,5.562824464979278,19.90890083073073,53.12090687847319,0.0763888888888889,48.339384954033015,0.980049754593142,2.465137581284955,0.965698233209869,-10.183788010458072,-2.019302347172758
PeMS::D7_I210_W::L210W-301,D7_I210_W,PeMS_average_weekday,1407.78075,68.50300000000001,288,180,53,True,,released_profile,True,,66.3842287062521,29.62272444034148,3.5297083465025514,44.82244909914825,1327.7630584053009,288,0.9828744094458391,54.83453198514445,False,robust_measured_s3,1327.7630584053009,66.3842287062521,3.5297083465025514,29.62272444034148,44.82244909914824,0.1423611111111111,54.83453198514445,0.9828744094458391,2.458524495571072,0.9725409725900565,-5.683959778161407,-3.0929613210339824
PeMS::D7_I210_W::L210W-305,D7_I210_W,PeMS_average_weekday,1683.7147826086955,69.75467391304349,288,152,34,True,,released_profile,True,,67.88819285179075,31.625548259237707,4.186301684902384,48.75033142388317,1541.7559590998496,288,0.9842978158826836,60.54745131489467,False,robust_measured_s3,1541.7559590998496,67.88819285179075,4.186301684902384,31.625548259237707,48.75033142388316,0.21875,60.54745131489467,0.9842978158826836,2.515147238984836,0.9429958700240536,-8.431286876801025,-2.6757792081137155
PeMS::D7_I405_N::L405N-069,D7_I405_N,PeMS_average_weekday,1507.71,68.84416666666667,288,178,61,True,,released_profile,True,,67.99861554093745,27.282362085750137,4.172228593025946,48.7751142777125,1330.7003284983937,288,0.982937279291046,56.11412648525285,False,robust_measured_s3,1330.7003284983937,67.99861554093745,4.172228593025946,27.282362085750137,48.7751142777125,0.1388888888888889,56.11412648525285,0.982937279291046,2.426079179263288,0.9614848882796264,-11.740299626692565,-1.228210270629393
PeMS::D7_I405_N::L405N-076,D7_I405_N,PeMS_average_weekday,1484.1984,69.547,288,204,31,True,,released_profile,True,,68.43879176243695,32.701007901310966,2.7412415967622383,41.27356025491312,1349.687020011148,288,0.984186697114994,56.76248174377872,False,robust_measured_s3,1349.687020011148,68.43879176243695,2.7412415967622383,32.701007901310966,41.27356025491312,0.15625,56.76248174377872,0.984186697114994,2.747701024924167,0.9501040614892652,-9.06289752022722,-1.5934666305707612
PeMS::D7_I405_N::L405N-098,D7_I405_N,PeMS_average_weekday,1226.292105263158,71.09815789473686,288,166,109,True,,released_profile,True,,71.22904376747431,26.937628995376127,2.5249338407367885,41.134977669028366,1108.078767181368,288,0.9275621999673164,87.61308292619208,False,robust_measured_s3,1108.078767181368,71.22904376747431,2.5249338407367885,26.937628995376127,41.13497766902837,0.2638888888888889,87.61308292619208,0.9275621999673164,4.026722253270919,0.9377131024052272,-9.639900442515026,0.184091791704688
PeMS::D7_I405_N::L405N-115,D7_I405_N,PeMS_average_weekday,1451.501176470588,69.53088235294116,288,204,49,True,,released_profile,True,,68.30466277344011,26.39007321807772,4.986125090685564,51.725331459007904,1365.0352844325575,288,0.9884149203749516,43.38291927242223,False,robust_measured_s3,1365.0352844325575,68.30466277344011,4.986125090685564,26.39007321807772,51.725331459007904,0.0868055555555555,43.38291927242223,0.9884149203749516,1.7407022791644724,0.9850041348871936,-5.956997723438118,-1.7635610796318035
PeMS::D7_I405_N::L405N-122,D7_I405_N,PeMS_average_weekday,1325.1995,70.97825,288,198,68,True,,released_profile,True,,70.48127511002458,26.677154524544555,3.768835788163874,48.78954979636348,1301.56635910055,288,0.9855549406415643,47.2224478758743,False,robust_measured_s3,1301.56635910055,70.48127511002458,3.768835788163874,26.677154524544555,48.78954979636349,0.0729166666666666,47.2224478758743,0.9855549406415643,1.799134404176607,0.9876110052868226,-1.783364761264239,-0.7001791252607914
PeMS::D7_I405_N::L405N-129,D7_I405_N,PeMS_average_weekday,1551.4863157894736,69.29789473684211,288,194,64,True,,released_profile,True,,68.12870262445598,29.76526308534966,4.135984861561653,48.7263436733552,1450.3524386245806,288,0.9474182478581572,96.16575840090982,False,robust_measured_s3,1450.3524386245806,68.12870262445598,4.135984861561653,29.76526308534966,48.7263436733552,0.0347222222222222,96.16575840090982,0.9474182478581572,3.2130519984071477,0.96024153430223,-6.518515576686279,-1.6871971606440828
PeMS::D7_I405_N::L405N-135,D7_I405_N,PeMS_average_weekday,1740.0075,69.95541666666666,288,180,99,True,,released_profile,True,,68.69298270702213,30.93516174246029,4.258228834613958,49.60494284785683,1534.53693022395,288,0.9587726201568216,80.49287557776677,False,robust_measured_s3,1534.53693022395,68.69298270702213,4.258228834613958,30.93516174246029,49.60494284785684,0.03125,80.49287557776677,0.9587726201568216,2.634232802250388,0.98609601904161,-11.808602536256318,-1.8046264603925664
PeMS::D7_I405_N::L405N-215,D7_I405_N,PeMS_average_weekday,1192.4092307692308,70.29666666666665,288,182,46,True,,released_profile,True,,68.56877884610519,20.37967650915995,4.332852755443039,49.79366393430888,1014.7787631870395,288,0.9729020052576298,51.58799935098586,False,robust_measured_s3,1014.7787631870395,68.56877884610519,4.332852755443039,20.37967650915995,49.79366393430888,0.1770833333333333,51.58799935098586,0.9729020052576298,2.81817357465978,0.943201639911056,-14.896770588365936,-2.457993959734639
PeMS::D7_I405_N::L405N-217,D7_I405_N,PeMS_average_weekday,1651.0624615384615,66.24230769230768,288,131,0,False,active_parameter_bound;insufficient_two_branch_support,released_profile,True,,62.92751743466096,27.22681548189185,14.99999999999997,57.37243279431966,1562.068641438182,288,0.9913369733456032,43.13134720134228,True,robust_measured_s3,1651.0624615384615,66.24230769230768,4.0,35.24869538480682,46.84038497067656,0.0069444444444444,51.17125471555642,0.9878062935509536,3.71944847123219,-0.0668707157596457,0.0,0.0
PeMS::D7_I405_N::L405N-241,D7_I405_N,PeMS_average_weekday,1785.744,68.52625,288,184,78,True,,released_profile,True,,66.46643381268947,30.994303355933223,6.001876862944823,52.75825522752173,1635.2053670515584,288,0.9584178010818536,101.18559358454031,False,robust_measured_s3,1635.2053670515584,66.46643381268947,6.001876862944823,30.994303355933223,52.75825522752173,0.1145833333333333,101.18559358454031,0.9584178010818536,3.128771117822165,0.9716260437172825,-8.430023169527189,-3.0058790424261184
PeMS::D7_I405_N::L405N-273,D7_I405_N,PeMS_average_weekday,1626.043,67.89500000000001,288,229,51,True,,released_profile,True,,68.13189646750052,39.49435533374897,2.899747454809727,42.24015501355349,1668.2476914579197,288,0.9665405252486186,79.85426096505905,False,robust_measured_s3,1668.2476914579197,68.13189646750052,2.899747454809727,39.49435533374897,42.24015501355349,0.0,79.85426096505905,0.9665405252486186,1.972362769822164,0.9884522935635696,2.595545840910707,0.3489159253266205
PeMS::D7_I405_S::L405S-001,D7_I405_S,PeMS_average_weekday,1494.2676,71.99049999999998,274,134,58,True,,released_profile,True,,70.87225044231599,20.92693828781392,6.288404696421815,56.8505841082029,1189.7086652585367,274,0.9350119185179476,93.05890019358924,False,robust_measured_s3,1189.7086652585367,70.87225044231599,6.288404696421815,20.92693828781392,56.85058410820291,0.1897810218978102,93.05890019358924,0.9350119185179476,4.145858830055846,0.8949737236539409,-20.3818201466366,-1.5533293388488745
PeMS::D7_I405_S::L405S-061,D7_I405_S,PeMS_average_weekday,1388.753333333333,67.81972222222221,288,189,62,True,,released_profile,True,,66.95070852378527,23.97154629258244,6.27797638026085,53.68523392776937,1286.9180703276406,288,0.9897465615621646,39.283562276840975,False,robust_measured_s3,1286.9180703276406,66.95070852378527,6.27797638026085,23.97154629258244,53.68523392776937,0.1006944444444444,39.283562276840975,0.9897465615621646,1.7762559992059554,0.9735826234172128,-7.332854623021068,-1.2813583865611822
PeMS::D7_I405_S::L405S-073,D7_I405_S,PeMS_average_weekday,1455.2326666666663,69.54805555555556,288,157,104,True,,released_profile,True,,69.0090397161734,24.356766023741542,5.314773414960782,53.16496367058737,1294.926580785216,288,0.9760669537728202,57.06896365375756,False,robust_measured_s3,1294.926580785216,69.0090397161734,5.314773414960782,24.356766023741542,53.16496367058736,0.1006944444444444,57.06896365375756,0.9760669537728202,2.0909325776474583,0.9787778879835544,-11.01583887947245,-0.7750264692182318
PeMS::D7_I405_S::L405S-084,D7_I405_S,PeMS_average_weekday,1794.937,64.92033333333333,288,136,100,True,,released_profile,True,,63.161320745407416,33.80162421178917,6.118810637247607,50.3565844170946,1702.13434305587,288,0.9875720701170492,55.92387117136336,False,robust_measured_s3,1702.13434305587,63.161320745407416,6.118810637247607,33.80162421178917,50.3565844170946,0.0833333333333333,55.92387117136336,0.9875720701170492,1.9761085700768068,0.9812403837025416,-5.170245916382021,-2.7094940792960376
PeMS::D7_I405_S::L405S-087,D7_I405_S,PeMS_average_weekday,1432.0510588235295,70.23852941176469,288,133,114,True,,released_profile,True,,69.4853321127462,24.67583128932452,6.620043224231795,56.35703201913755,1390.6566140712982,288,0.9614675343069816,75.67818053660892,False,robust_measured_s3,1390.6566140712982,69.4853321127462,6.620043224231795,24.67583128932452,56.35703201913756,0.0902777777777777,75.67818053660892,0.9614675343069816,2.368344025902401,0.9842750508289542,-2.8905704511847485,-1.072342068272747
PeMS::D7_I405_S::L405S-231,D7_I405_S,PeMS_average_weekday,1676.81625,68.75625000000001,288,222,0,False,insufficient_two_branch_support,released_profile,True,,68.18144371167233,31.323730060547003,4.196008212309817,48.99843456736018,1534.8137377773653,288,0.9916510589423024,46.70515991792269,False,robust_measured_s3,1676.81625,68.75625000000001,4.0,34.48961050606445,48.61801062395757,0.0069444444444444,78.66439833147642,0.976315832780414,2.865661776501258,0.8299349649482175,0.0,0.0
PeMS::D7_I405_S::L405S-234,D7_I405_S,PeMS_average_weekday,1328.9955789473684,66.86289473684212,288,226,18,True,,released_profile,True,,66.41896528186905,28.435854222222765,3.64654444368352,45.41380114700034,1291.3802290931148,288,0.9966633899271692,25.034734774450488,False,robust_measured_s3,1291.3802290931148,66.41896528186905,3.64654444368352,28.435854222222765,45.41380114700034,0.0833333333333333,25.034734774450488,0.9966633899271692,1.2633003242423018,0.9794799069411796,-2.8303592916423925,-0.6639399276987423
PeMS::D7_I405_S::L405S-336,D7_I405_S,PeMS_average_weekday,1648.021894736842,72.31184210526317,288,142,59,True,,released_profile,True,,70.035845536502,25.02285347427414,8.539731822274417,59.54144006873484,1489.896730487227,288,0.9806011064282516,65.53111304730115,False,robust_measured_s3,1489.896730487227,70.035845536502,8.539731822274417,25.02285347427414,59.54144006873484,0.1909722222222222,65.53111304730115,0.9806011064282516,2.8937504917780785,0.9126894927587365,-9.594846085152565,-3.147474193020894
PeMS::D7_I405_S::L405S-392,D7_I405_S,PeMS_average_weekday,7142.391,71.50049999999999,288,157,108,False,capacity_outside_range,released_profile,True,,71.13153826227459,137.80718473020983,3.926400111622847,49.971894874056574,6886.48614822774,288,0.9705707151863874,318.6289822153432,False,robust_measured_s3,7142.391,71.50049999999999,4.0,141.269868322201,50.55848840822873,0.0069444444444444,377.8336610348953,0.9586180979631528,2.651031915483334,0.9867509695391216,0.0,0.0
PeMS::D7_I405_S::L405S-417,D7_I405_S,PeMS_average_weekday,7507.872,68.75525,288,201,79,False,capacity_outside_range,released_profile,True,,66.64760856301508,141.9991297510097,4.500336067912801,48.97827130582807,6954.871902136435,288,0.9762183092796596,298.3088318548389,False,robust_measured_s3,7507.872,68.75525,4.0,154.42798051001506,48.61730351717637,0.0069444444444444,533.5090970703761,0.9239333724167706,3.775434938664066,0.9540847167147788,0.0,0.0
PeMS::D7_I405_S::L405S-425,D7_I405_S,PeMS_average_weekday,1491.8431578947368,68.3028947368421,288,177,96,True,,released_profile,True,,67.75849259270203,27.360698591467887,4.162101201122124,48.5635962712469,1328.7339200953202,288,0.9262737587077136,105.32638363569733,False,robust_measured_s3,1328.7339200953202,67.75849259270203,4.162101201122124,27.360698591467887,48.5635962712469,0.03125,105.32638363569733,0.9262737587077136,2.8723492144673317,0.9802648552576204,-10.933403886075633,-0.7970411008750844
