detector,sensor_uid,date,t0_timestamp,t2_timestamp,t3_timestamp,t3_last_sample_timestamp,t0_boundary_speed_mph,t0_boundary_speed_source,t0_boundary_shift_intervals,original_t0_speed_post_qc_mph,original_t0_speed_pre_qc_mph,t3_boundary_speed_mph,t3_boundary_speed_source,t3_boundary_shift_intervals,original_t3_speed_post_qc_mph,original_t3_speed_pre_qc_mph,t0_index,t2_index,t3_index,time_period_tag,calibration_period,duration_min,min_speed_mph,mean_speed_mph,freeflow_speed_mph,threshold_used,episode_demand,per_lane_hourly_capacity,demand_capacity_ratio,mu_obs_vphpl,discharge_duration_min,discharge_positive_dq_share,discharge_net_dq,discharge_speed_gain_mph,is_valid_for_mu,n_episode_missing_speeds,n_episode_flagged_speeds,_start_idx,_end_idx,detection_speed_column,detection_smoothing,corridor,direction,road_order,length_mi,flow_synthetic,source_format,episode_id,C_vphpl,vf_mph,L_mi,dataset,sensor,lanes,holdout,period,flow_source,P_h,D_veh,x_h,vco_mph,vt2_obs_mph,t0,t2,t3,mu_vphpl,Tf_h,wt2_h,wbar_h,theta_observed,kj,vq_mph,kq,omega_mph,observed_bound_h,physical_observed_pass,day_boundary_censored,incomplete_episode,invalid_observed_speed_or_flow,metadata_capacity_flag,qc_hard_fail,qc_reason,wt2_normalized,outlier_votes,outlier_duration_relation,outlier_normalized_severity_relation,outlier_recovery_relation,outlier_duration_marginal,qc_outlier_fail,calibration_eligible,legacy_raw_delay_outlier_votes,legacy_raw_delay_outlier_fail,paper_corridor,profile_kind,month,calibration_scope,fd,n,fp,s,theta,alpha,beta,P_hat_h,wt2_hat_h,wbar_hat_h,wt2_conditional_hat_h,vt2_hat_mph,mu_hat_vphpl,k_mu,vq_hat_mph,kq_hat,predicted_bound_h,lower_branch,near_capacity,physical_predicted_pass,physical_pass,physical_failure_reason,calibration_split,wt2_hat_normalized,P_hat_h_lo,P_hat_h_hi,wt2_hat_h_lo,wt2_hat_h_hi,vt2_hat_mph_lo,vt2_hat_mph_hi,profile_closed_pass,arrival_min_relative,conservation_error_veh,theta_quadrature_error,profile_shape_a,space_mean_speed_mph,cubic_domain_pass,O_CO2,S_CO2,R_CO2,Gamma_CO2,Gamma_cubic_CO2,congestion_CO2,M_CO2,A_CO2,congestion_share_CO2,O_NOx,S_NOx,R_NOx,Gamma_NOx,Gamma_cubic_NOx,congestion_NOx,M_NOx,A_NOx,congestion_share_NOx,O_CO,S_CO,R_CO,Gamma_CO,Gamma_cubic_CO,congestion_CO,M_CO,A_CO,congestion_share_CO,O_HC,S_HC,R_HC,Gamma_HC,Gamma_cubic_HC,congestion_HC,M_HC,A_HC,congestion_share_HC,matched_ladder_pass,profile_family,Gamma_observed_cubic_CO2,Gamma_observed_cubic_NOx,Gamma_observed_cubic_CO,Gamma_observed_cubic_HC,figure5_gamma_pass,figure8_pair_vq_pass,figure8_pair_mobility_pass
state_transition,AZ_I10_W::137,2016-01-01,2016-01-01 14:40:00,2016-01-01 17:35:00,2016-01-01 19:30:00,2016-01-01 19:25:00,53.79885649887718,post_qc,0,53.79885649887718,53.79885649887718,51.18702619127931,post_qc,0,51.18702619127931,51.18702619127931,176,211,233,MD;PM,PM,290.0,12.400696294004607,24.595801225439644,73.14105520230916,51.19873864161641,4549.350000000001,1053.9320316822814,4.316549704574735,922.5,110.0,0.6190476190476191,201.4,38.7863298972747,True,0,4,176,233,speed_mph,True,AZ_I10_W,W,143.346,1.2949999999999875,False,I10_monthly_average_weekday,state_transition__AZ_I10_W::137__2016-01-01__001,1053.9320316822814,73.14105520230916,1.2949999999999875,I10_monthly_average_weekday,137,4,False,PM,measured,4.833333333333333,4549.35,4.316549704574734,51.19873864161641,12.400696294004607,2016-01-01 14:40:00,2016-01-01 17:35:00,2016-01-01 19:30:00,941.2448275862071,0.01770551431638496,0.08672410554504847,0.04224221026823828,0.4870872983094157,220.0,25.864439854585857,36.39146383521316,5.126367473141059,0.03236322899608154,False,False,False,False,False,False,,4.898140996943118,0,False,False,False,False,False,True,0,False,AZ_I10,constructed_monthly_average_weekday,2016-01,corridor_period,1.6931765723791028,0.8330311856451446,0.30807047291159995,1.6350981000172307,0.4348293681532922,0.3168980445386109,1.3620877089034769,5.725204018090353,0.09458476585699363,0.041128233974523636,0.0717082590760066,11.53260992848606,794.6179709273383,0.7539556129240829,12.226029750736675,64.99395037701908,0.08821603392146043,False,False,False,False,queue_exceeds_link,constructed_monthly_profile_fit,5.342107784435464,5.575950169281784,5.8345672339924395,0.07918253387403813,0.11524081818851095,9.740777826891225,13.365942513248868,False,,,,,21.602154359869708,False,2070566.8998982362,1890475.1778440317,,,,,,,,1452.9860578667576,1111.5866437278723,,,,,,,,18554.895340997755,17094.460290472623,,,,,,,,799.8791004668112,750.3724175059754,,,,,,,,False,,-434.53405614406756,-9.952079867919144,37.689445363987396,1.584553144916594,False,True,True
state_transition,AZ_I10_W::137,2016-02-01,2016-02-01 14:35:00,2016-02-01 17:50:00,2016-02-01 19:50:00,2016-02-01 19:45:00,51.92438098682512,post_qc,0,51.92438098682512,51.92438098682512,49.71540768304587,post_qc,0,49.71540768304587,49.71540768304587,175,214,237,MD;PM,PM,315.0,11.340375276362249,25.75601347689021,73.14105520230916,51.19873864161641,4656.882352941177,1053.9320316822814,4.418579389325403,973.7647058823528,110.0,0.6190476190476191,344.2941176470588,38.375032406683616,True,0,8,175,237,speed_mph,True,AZ_I10_W,W,143.346,1.2949999999999875,False,I10_monthly_average_weekday,state_transition__AZ_I10_W::137__2016-02-01__002,1053.9320316822814,73.14105520230916,1.2949999999999875,I10_monthly_average_weekday,137,4,False,PM,measured,5.25,4656.882352941177,4.418579389325403,51.19873864161641,11.340375276362249,2016-02-01 14:35:00,2016-02-01 17:50:00,2016-02-01 19:50:00,887.0252100840337,0.01770551431638496,0.09648823751643762,0.03890120252460426,0.4031704125383894,220.0,18.885703296284202,46.968079301476564,5.126367473141059,0.05086487354175645,False,False,False,False,False,False,,5.449615062983282,0,False,False,False,False,False,True,0,False,AZ_I10,constructed_monthly_average_weekday,2016-02,corridor_period,1.6931765723791028,0.8330311856451446,0.30807047291159995,1.6350981000172307,0.4348293681532922,0.3168980445386109,1.3620877089034769,5.837714239076484,0.09764293405899004,0.042458015321504214,0.08208990078786807,11.226852361166642,797.7235887582409,0.7569023094258918,12.389294299737621,64.38813781145993,0.08682021319235723,False,False,False,False,queue_exceeds_link,constructed_monthly_profile_fit,5.514831837933663,5.671164834386852,5.953331434756473,0.08142833203569864,0.11945960477896808,9.441176943201368,13.063146994630602,False,,,,,22.87714377849717,False,2054236.1273071214,1827309.697837551,,,,,,,,1519.7747961605323,1074.445767855628,,,,,,,,18409.203782658267,16523.291833804047,,,,,,,,790.2154187723779,725.3006077880385,,,,,,,,False,,1562.8310115122724,-6.126691430703133,42.30781380355359,1.8315518368886066,False,True,True
state_transition,AZ_I10_W::137,2016-03-01,2016-03-01 13:30:00,2016-03-01 17:40:00,2016-03-01 19:50:00,2016-03-01 19:45:00,55.40601393498624,post_qc,0,55.40601393498624,55.40601393498624,62.04249681272097,post_qc,0,62.04249681272097,62.04249681272097,162,212,237,MD;PM,PM,380.0,12.53023045539232,29.2584114396872,73.14105520230916,51.19873864161641,5716.187500000001,1053.9320316822814,5.423677550511345,886.2,115.0,0.6818181818181818,436.8,49.51226635732865,True,0,4,162,237,speed_mph,True,AZ_I10_W,W,143.346,1.2949999999999875,False,I10_monthly_average_weekday,state_transition__AZ_I10_W::137__2016-03-01__003,1053.9320316822814,73.14105520230916,1.2949999999999875,I10_monthly_average_weekday,137,4,False,PM,measured,6.333333333333333,5716.1875,5.423677550511344,51.19873864161641,12.53023045539232,2016-03-01 13:30:00,2016-03-01 17:40:00,2016-03-01 19:50:00,902.5559210526317,0.01770551431638496,0.0856445401467148,0.032368865402933204,0.3779442956606829,220.0,20.54134341392577,43.93850503666445,5.126367473141059,0.0453380741142557,False,False,False,False,False,False,,4.837167597411051,0,False,False,False,False,False,True,0,False,AZ_I10,constructed_monthly_average_weekday,2016-03,corridor_period,1.6931765723791028,0.8330311856451446,0.30807047291159995,1.6350981000172307,0.4348293681532922,0.3168980445386109,1.3620877089034769,6.9245560840590015,0.1290868138847631,0.05613073771843316,0.11155939447268833,8.821986924449227,825.4951553008889,0.7832527435220251,13.99838531092826,58.970741050858294,0.0748051553955715,False,False,False,False,queue_exceeds_link,constructed_monthly_profile_fit,7.290768942266994,6.6102744880476045,7.150581919486349,0.10218212958470094,0.16482463284658128,7.094728105049598,10.801780616353383,False,,,,,25.861528535327828,False,2348338.817464118,2248211.3727779905,,,,,,,,1879.9942651593285,1738.2470440853463,,,,,,,,21328.97541230162,20136.320090036577,,,,,,,,896.8901527385683,876.6639311151957,,,,,,,,False,,1055.8926804133382,-7.091907963506211,41.15130134169736,1.7649808760230896,False,True,True
state_transition,AZ_I10_W::137,2016-04-01,2016-04-01 14:50:00,2016-04-01 17:35:00,2016-04-01 19:15:00,2016-04-01 19:10:00,53.79430615562249,post_qc,0,53.79430615562249,53.79430615562249,71.81814927296627,post_qc,0,71.81814927296627,71.81814927296627,178,211,230,MD;PM,PM,265.0,16.884458619239737,33.61251011675844,73.14105520230916,51.19873864161641,3623.5,1053.9320316822814,3.438077495582126,819.5,70.0,0.6153846153846154,327.0,54.93369065372653,True,0,6,178,230,speed_mph,True,AZ_I10_W,W,143.346,1.2949999999999875,False,I10_monthly_average_weekday,state_transition__AZ_I10_W::137__2016-04-01__004,1053.9320316822814,73.14105520230916,1.2949999999999875,I10_monthly_average_weekday,137,4,False,PM,measured,4.416666666666667,3623.5000000000005,3.4380774955821267,51.19873864161641,16.884458619239737,2016-04-01 14:50:00,2016-04-01 17:35:00,2016-04-01 19:15:00,820.4150943396227,0.01770551431638496,0.05899223650900088,0.023666607309733523,0.40118172678743136,220.0,13.682316950274627,59.96170804413032,5.126367473141059,0.07694219810735001,True,False,False,False,False,False,,3.331856700395794,0,False,False,False,False,False,True,0,False,AZ_I10,constructed_monthly_average_weekday,2016-04,corridor_period,1.6931765723791028,0.8330311856451446,0.30807047291159995,1.6350981000172307,0.4348293681532922,0.3168980445386109,1.3620877089034769,4.736635026877573,0.06937743009638644,0.03016734409291092,0.061880186704720654,14.870879811570372,764.9945540323043,0.725848091751442,10.809192967096703,70.77258740416198,0.10209991463117672,False,False,True,True,,constructed_monthly_profile_fit,3.9184080652310387,4.649185368027333,4.816514185718063,0.05970190398079762,0.08447711847960206,12.673389949757663,16.729666738052543,True,0.9474998756679279,-4.022893129729255e-13,6.050715484207103e-15,3.3963859344185683,31.301271220822425,True,1328304.4396146382,1177473.534812104,1537974.8020045636,4558.89115594703,4330.817295872661,498338.6439582111,1820953.9156555599,1846325.2903064007,0.2736690037423625,1163.8801529969462,910.385881042324,1351.4248625126356,-0.4794354671669769,-0.9037705199873757,-52.40774837578481,1894.3637675857437,1944.1532317524693,-0.027665092244968048,11603.4093243394,10546.154281403815,12882.539726399285,50.115575146891594,48.49217250874891,5478.202243830444,14148.091268295266,13893.022370973384,0.3872043330754202,488.7991996548945,459.1421386401901,552.1956831774578,2.279925873041801,2.2274043264974477,249.22182369165847,600.1695254181693,596.984329653281,0.4152523797638887,True,beta_power,3290.0204329208727,-2.8596057650057984,46.18894165633059,2.0730598992710227,True,True,True
state_transition,AZ_I10_W::137,2016-06-01,2016-06-01 14:55:00,2016-06-01 17:40:00,2016-06-01 19:00:00,2016-06-01 18:55:00,54.04057439525431,post_qc,0,54.04057439525431,54.04057439525431,52.30047268021183,post_qc,0,52.30047268021183,52.30047268021183,179,212,227,MD;PM,PM,245.0,26.24569894278272,35.787284772102694,73.14105520230916,51.19873864161641,3160.833333333333,1053.9320316822814,2.999086504931467,823.375,70.0,0.4615384615384615,220.25,26.054773737429105,True,0,3,179,227,speed_mph,True,AZ_I10_W,W,143.346,1.2949999999999875,False,I10_monthly_average_weekday,state_transition__AZ_I10_W::137__2016-06-01__005,1053.9320316822814,73.14105520230916,1.2949999999999875,I10_monthly_average_weekday,137,4,False,PM,measured,4.083333333333333,3160.833333333333,2.9990865049314666,51.19873864161641,26.24569894278272,2016-06-01 14:55:00,2016-06-01 17:40:00,2016-06-01 19:00:00,774.0816326530612,0.01770551431638496,0.03163590359834344,0.01921996253006862,0.6075363856866426,220.0,11.218578960007799,68.99997186921107,5.126367473141059,0.09772800044661917,True,False,False,False,False,False,,1.7867825262250123,0,False,False,False,False,False,True,0,False,AZ_I10,constructed_monthly_average_weekday,2016-06,corridor_period,1.6931765723791028,0.8330311856451446,0.30807047291159995,1.6350981000172307,0.4348293681532922,0.3168980445386109,1.3620877089034769,4.227162631989268,0.05759835521756044,0.02504545640592069,0.05442868178378047,17.196991442999202,747.743488602394,0.7094798014714947,10.085866890527583,74.13775104494565,0.1106919763560551,False,False,True,True,,constructed_monthly_profile_fit,3.2531308714516145,4.142846945723002,4.332139059620523,0.04999961711687731,0.0721560280087408,14.411060385023799,19.12705853008948,True,0.9511602794125434,-7.018459887338697e-13,6.106226635438361e-15,3.3963859344185683,35.07063714803083,True,1087056.6095497655,1135125.5204661186,1254103.5098138622,4743.083162654582,4602.609079343349,375483.8708547027,1529220.986338821,1561979.9967915455,0.2455393132902695,1023.0276859685063,1079.8636546967718,1160.8232416453636,-0.12584577577671682,-0.3943520655033931,-9.962519609904602,1688.2354381754035,1750.8733859199103,-0.0059011435162573105,9762.395680626618,10703.468453809333,10372.606908872074,51.090891648341426,49.08998523069736,4044.585579393627,11607.459658275708,11381.35630372402,0.3484470933749902,403.72433061686644,421.68755718345085,442.86108649889127,2.316522864635727,2.2686148252651783,183.3864054894692,489.523343222015,487.96036936610955,0.374622391411266,True,beta_power,4178.730037240118,-1.1890548379981998,48.157025792401484,2.2044996305293076,True,True,True
state_transition,AZ_I10_W::137,2016-08-01,2016-08-01 14:45:00,2016-08-01 17:45:00,2016-08-01 19:05:00,2016-08-01 19:00:00,51.303570518661935,post_qc,0,51.303570518661935,51.303570518661935,50.9590228308776,post_qc,0,50.9590228308776,50.9590228308776,177,213,228,MD;PM,PM,260.0,17.949905213834867,32.37744820730173,73.14105520230916,51.19873864161641,3467.4444444444443,1053.9320316822814,3.29000764775099,828.75,70.0,0.6923076923076923,276.0,33.00911761704273,True,0,8,177,228,speed_mph,True,AZ_I10_W,W,143.346,1.2949999999999875,False,I10_monthly_average_weekday,state_transition__AZ_I10_W::137__2016-08-01__006,1053.9320316822814,73.14105520230916,1.2949999999999875,I10_monthly_average_weekday,137,4,False,PM,measured,4.333333333333333,3467.4444444444443,3.29000764775099,51.19873864161641,17.949905213834867,2016-08-01 14:45:00,2016-08-01 17:45:00,2016-08-01 19:05:00,800.1794871794872,0.01770551431638496,0.05443971344793035,0.02429761137396398,0.44632144137209284,220.0,12.520594305636541,63.90906594739366,5.126367473141059,0.08572408082807255,True,False,False,False,False,False,,3.074732113122012,0,False,False,False,False,False,True,0,False,AZ_I10,constructed_monthly_average_weekday,2016-08,corridor_period,1.6931765723791028,0.8330311856451446,0.30807047291159995,1.6350981000172307,0.4348293681532922,0.3168980445386109,1.3620877089034769,4.566078817304861,0.0653396476975472,0.028411597723683166,0.05998259132275095,15.593924662134206,759.3921575123208,0.7205323822449751,10.566860656250658,71.86544634362284,0.10484744082587397,False,False,True,True,,constructed_monthly_profile_fit,3.6903558140121846,4.482039678137963,4.658751099298872,0.05654243588920876,0.07999805620423188,13.254377489363591,17.441570132388033,True,0.9487084964220814,-3.8496366588308066e-13,6.106226635438361e-15,3.3963859344185683,30.831038850462022,True,1279056.6256178261,1143947.8268515698,1435569.0556486293,4621.0744236015435,4421.436799240162,455248.0890088385,1720901.4561909419,1749370.062683416,0.2645404752091317,1111.4609737877333,884.4648473402043,1280.2253071803536,-0.3600634986835264,-0.73386545395696,-35.471884819755466,1827.456796737714,1882.6635788415465,-0.019410518969902944,11342.300161294714,10245.878072986527,11980.034408725558,50.444842242362306,48.69164995316989,4969.6057509693865,13266.103206973363,13019.116411265515,0.37460930865946374,475.83710763920254,446.0691779346381,512.995151461173,2.29228102658138,2.2411054267401886,225.8255247940957,561.6587409227382,559.0630694919229,0.40206892253308724,True,beta_power,3703.3945090464067,-2.0817927204822215,47.10650622534877,2.133669116074558,True,True,True
state_transition,AZ_I10_W::137,2016-09-01,2016-09-01 14:40:00,2016-09-01 17:50:00,2016-09-01 19:20:00,2016-09-01 19:15:00,51.365934093955445,post_qc,0,51.365934093955445,51.365934093955445,52.050355224048666,post_qc,0,52.050355224048666,52.050355224048666,176,214,231,MD;PM,PM,280.0,18.078875926321576,30.09904819305181,73.14105520230916,51.19873864161641,3610.421052631579,1053.9320316822814,3.4256678268603737,820.3421052631579,80.0,0.7333333333333333,304.8947368421052,33.971479297727086,True,0,5,176,231,speed_mph,True,AZ_I10_W,W,143.346,1.2949999999999875,False,I10_monthly_average_weekday,state_transition__AZ_I10_W::137__2016-09-01__007,1053.9320316822814,73.14105520230916,1.2949999999999875,I10_monthly_average_weekday,137,4,False,PM,measured,4.666666666666667,3610.4210526315787,3.4256678268603733,51.19873864161641,18.078875926321576,2016-09-01 14:40:00,2016-09-01 17:50:00,2016-09-01 19:20:00,773.6616541353383,0.01770551431638496,0.05392504530898192,0.027137081151162947,0.5032370579509353,220.0,11.19919526407707,69.08189703745612,5.126367473141059,0.09792779410121849,True,False,False,False,False,False,,3.045663873151589,0,False,False,False,False,False,True,0,False,AZ_I10,constructed_monthly_average_weekday,2016-09,corridor_period,1.6931765723791028,0.8330311856451446,0.30807047291159995,1.6350981000172307,0.4348293681532922,0.3168980445386109,1.3620877089034769,4.722388574150186,0.06903656408579885,0.03001912554090218,0.06770961408580943,14.929317164798123,764.5328197672276,0.725409985449331,10.788937965842035,70.86265786194636,0.10232483566801388,False,False,True,True,,constructed_monthly_profile_fit,3.8991560963530634,4.63491457901984,4.803688826179141,0.05943939831968018,0.08407679408106644,12.723235289268905,16.786592389467096,True,0.9476002162346089,0.0,6.050715484207103e-15,3.3963859344185683,28.878792284384268,True,1323663.9707619688,1271638.5656376262,1530182.481806923,4564.10716760915,4338.374713134866,494665.61546231667,1812506.935034041,1838162.547198142,0.2729179160095331,1044.3606227271703,983.1913514133846,1347.289148507327,-0.46942239446711137,-0.8895986858641071,-50.87678907252891,1888.8678958704807,1939.155454573176,-0.026935070040502992,11798.490854667865,11389.552382200683,12813.73775513795,50.14319449008001,48.508814490674034,5434.603801530673,14073.199043122297,13818.72980045193,0.38616691094031064,501.7303918717736,495.8606994911132,549.0107727150089,2.2809622390511874,2.2285454441698294,247.21452595023365,596.8954892967391,593.761249518488,0.4141671873605566,True,beta_power,4185.902720418295,-1.1755966102952193,48.17284219751287,2.2055772881014546,True,True,True
state_transition,AZ_I10_W::137,2016-11-01,2016-11-01 14:30:00,2016-11-01 17:45:00,2016-11-01 19:50:00,2016-11-01 19:45:00,52.57229632977639,post_qc,0,52.57229632977639,52.57229632977639,72.50603109835467,post_qc,0,72.50603109835467,72.50603109835467,174,213,237,MD;PM,PM,320.0,13.602349003738126,31.02389275484469,73.14105520230916,51.19873864161641,4334.788461538461,1053.9320316822814,4.112967754305078,828.9230769230769,90.0,0.6470588235294118,406.1538461538462,58.90368209461654,True,0,5,174,237,speed_mph,True,AZ_I10_W,W,143.346,1.2949999999999875,False,I10_monthly_average_weekday,state_transition__AZ_I10_W::137__2016-11-01__008,1053.9320316822814,73.14105520230916,1.2949999999999875,I10_monthly_average_weekday,137,4,False,PM,measured,5.333333333333333,4334.788461538461,4.112967754305078,51.19873864161641,13.602349003738126,2016-11-01 14:30:00,2016-11-01 17:45:00,2016-11-01 19:50:00,812.7728365384614,0.01770551431638496,0.0774986301769009,0.02945278462459301,0.3800426479456879,220.0,13.226037470932008,61.452482523564726,5.126367473141059,0.08020740955413329,True,False,False,False,False,False,,4.37709002924487,0,False,False,False,False,False,True,0,False,AZ_I10,constructed_monthly_average_weekday,2016-11,corridor_period,1.6931765723791028,0.8330311856451446,0.30807047291159995,1.6350981000172307,0.4348293681532922,0.3168980445386109,1.3620877089034769,5.499367874551415,0.08856102400995682,0.038508934113258064,0.08423117535459827,12.186338431605593,788.2339498686567,0.7478982763342731,11.899796330516102,66.23928073855282,0.09111987765095997,False,False,True,True,,constructed_monthly_profile_fit,5.00188937906204,5.373339016870454,5.593719345857963,0.07475351378157244,0.10704031626747361,10.381115784792211,14.006204120735134,True,0.9422779292460544,-4.812581956879459e-13,6.106226635438361e-15,3.3963859344185683,27.46070212627419,True,1756876.393747711,1605613.9620753443,2051931.632750676,4272.947669847934,3928.445969075212,713274.9643992633,2295517.939094509,2298187.6770439455,0.310725066553225,1492.1147923307078,1241.4107309096123,1690.3417194294095,-1.0283554274417148,-1.6589050351033692,-171.66140041316774,2157.2588989222177,2167.0554283472134,-0.07957385202996776,15085.285452726815,14380.834948553418,17442.822201002888,48.601473609807336,47.60447180534092,8112.9508333109925,18484.728094541584,18225.45272446343,0.43890019868383634,647.3407414736816,626.0905290711801,751.2815046822661,2.223111945314082,2.167058369060979,371.09981590434745,790.9381070724226,784.6389383819344,0.46918945058537626,True,beta_power,3451.1694478451845,-2.5562176332584943,46.547103018468626,2.0965736537214297,True,True,True
state_transition,AZ_I10_W::137,2016-12-01,2016-12-01 14:05:00,2016-12-01 17:30:00,2016-12-01 19:45:00,2016-12-01 19:40:00,55.05645522155454,post_qc,0,55.05645522155454,55.05645522155454,67.4900478146004,post_qc,0,67.4900478146004,67.4900478146004,169,210,236,MD;PM,PM,340.0,12.150761501999911,24.94931524056165,73.14105520230916,51.19873864161641,4359.055555555556,1053.9320316822814,4.135993047481109,715.0,105.0,0.7,448.33333333333326,55.33928631260049,True,0,2,169,236,speed_mph,True,AZ_I10_W,W,143.346,1.2949999999999875,False,I10_monthly_average_weekday,state_transition__AZ_I10_W::137__2016-12-01__009,1053.9320316822814,73.14105520230916,1.2949999999999875,I10_monthly_average_weekday,137,4,False,PM,measured,5.666666666666667,4359.055555555555,4.135993047481108,51.19873864161641,12.150761501999911,2016-12-01 14:05:00,2016-12-01 17:30:00,2016-12-01 19:45:00,769.2450980392155,0.01770551431638496,0.08887216806071063,0.042748124025228144,0.4810068771589539,220.0,10.998103064541448,69.94343420178598,5.126367473141059,0.10004206382508074,True,False,False,False,False,False,,5.01946266415243,0,False,False,False,False,False,True,0,False,AZ_I10,constructed_monthly_average_weekday,2016-12,corridor_period,1.6931765723791028,0.8330311856451446,0.30807047291159995,1.6350981000172307,0.4348293681532922,0.3168980445386109,1.3620877089034769,5.525002165917369,0.08923700890222112,0.038802872196842524,0.0930086323938814,12.109308449294945,788.9690220296554,0.7485957332279831,11.936733413180095,66.09589028423014,0.0907831278585418,False,False,True,True,,constructed_monthly_profile_fit,5.040068721394882,5.39437012249061,5.621641713410659,0.0753301276677245,0.10789271769153261,10.310665485884883,13.91939775624844,True,0.9421071942557606,0.0,6.106226635438361e-15,3.3963859344185683,21.42137405663106,True,2051969.1755289566,1826685.466719496,2071265.8877564406,4263.084784639276,3914.9745977075722,721074.6825754793,2312175.3995493846,2313808.322518325,0.3118598540214588,1508.000330270608,1074.0787241718172,1702.6887273023017,-1.0472890098456673,-1.6842077246492506,-177.14252202074186,2164.8155825878985,2172.781741218346,-0.0818279965487773,18113.732059237085,16517.647277247725,17611.870484658557,48.549248571012996,47.574694274809524,8211.808061796133,18641.648800900177,18383.441358260025,0.4405086776122291,781.88482444051,725.052836318396,758.6334050294214,2.221152294982207,2.165052219999412,375.6943075181214,797.8829452773047,791.4688264639523,0.4708639403083727,True,beta_power,4260.480684228785,-1.035686808904321,48.337232370722305,2.2167973354425494,True,True,True
state_transition,AZ_I10_W::139,2016-01-01,2016-01-01 14:05:00,2016-01-01 17:25:00,2016-01-01 19:50:00,2016-01-01 19:45:00,48.76275555045543,post_qc,0,48.76275555045543,48.76275555045543,65.66240806339137,post_qc,0,65.66240806339137,65.66240806339137,169,209,237,MD;PM,PM,345.0,13.65761290131204,28.795540883498237,69.02253302035383,48.31577311424768,6725.711111111112,1592.4124346206372,4.223598714056379,1055.4666666666667,95.0,0.7222222222222222,209.46666666666655,52.004795162079326,True,0,6,169,237,speed_mph,True,AZ_I10_W,W,146.823,1.1140000000000043,False,I10_monthly_average_weekday,state_transition__AZ_I10_W::139__2016-01-01__010,1592.4124346206372,69.02253302035383,1.1140000000000043,I10_monthly_average_weekday,139,6,False,PM,measured,5.75,6725.711111111112,4.223598714056379,48.31577311424768,13.65761290131204,2016-01-01 14:05:00,2016-01-01 17:25:00,2016-01-01 19:50:00,1169.688888888889,0.016139656880913084,0.06542657347351336,0.029974540084983757,0.4581401484691591,220.0,15.523837957190848,75.34791925260168,8.086222353976936,0.055620947878812894,False,False,False,False,False,False,,4.053777224402302,0,False,False,False,False,False,True,0,False,AZ_I10,constructed_monthly_average_weekday,2016-01,corridor_period,1.6931765723791028,0.8330311856451446,0.30807047291159995,1.6350981000172307,0.4348293681532922,0.3168980445386109,1.3620877089034769,5.622318049918002,0.08370080490685543,0.03639556811156993,0.08683120388357937,11.157800956169865,1196.2523378073927,0.7512201687199068,16.600115263331354,72.06289346977255,0.05096831088487482,False,False,False,False,queue_exceeds_link,constructed_monthly_profile_fit,5.186033725775225,5.484367208125781,5.723478531476775,0.07059890863933237,0.10135509319801005,9.48130135852743,12.843198630005537,False,,,,,24.15741947808065,False,2478196.756861013,2149917.452690889,,,,,,,,1918.9311461733748,1264.1369500836722,,,,,,,,22705.123286108792,19440.444896362744,,,,,,,,955.6431350423031,853.3509327817508,,,,,,,,False,,2775.1168211085346,-3.804885261368238,45.11093997806054,1.9814554414910786,False,True,True
state_transition,AZ_I10_W::139,2016-02-01,2016-02-01 13:40:00,2016-02-01 17:15:00,2016-02-01 19:20:00,2016-02-01 19:15:00,51.81401419918606,post_qc,0,51.81401419918606,51.81401419918606,50.75877377324616,post_qc,0,50.75877377324616,50.75877377324616,164,207,231,MD;PM,PM,340.0,12.67732138988274,24.66502565734716,69.02253302035383,48.31577311424768,6823.916666666666,1592.4124346206372,4.285269643911276,1068.3333333333333,115.0,0.7727272727272727,310.33333333333326,38.08145238336342,True,0,10,164,231,speed_mph,True,AZ_I10_W,W,146.823,1.1140000000000043,False,I10_monthly_average_weekday,state_transition__AZ_I10_W::139__2016-02-01__011,1592.4124346206372,69.02253302035383,1.1140000000000043,I10_monthly_average_weekday,139,6,False,PM,measured,5.666666666666667,6823.916666666665,4.285269643911275,48.31577311424768,12.67732138988274,2016-02-01 13:40:00,2016-02-01 17:15:00,2016-02-01 19:20:00,1204.2205882352937,0.016139656880913084,0.07173379569945952,0.035095162159780355,0.4892416721794185,220.0,16.94236405317258,71.0774827205885,8.086222353976936,0.04961267830110656,False,False,False,False,False,False,,4.4445675784032685,0,False,False,False,False,False,True,0,False,AZ_I10,constructed_monthly_average_weekday,2016-02,corridor_period,1.6931765723791028,0.8330311856451446,0.30807047291159995,1.6350981000172307,0.4348293681532922,0.3168980445386109,1.3620877089034769,5.690622307793407,0.08536987882545376,0.03712133046899518,0.08478304481734578,10.97433844267039,1199.1512171386232,0.7530406012085046,16.723538045684702,71.70439735077764,0.05047304175718748,False,False,False,False,queue_exceeds_link,constructed_monthly_profile_fit,5.289448186870255,5.546635834498183,5.796899678937017,0.07166435425202795,0.10380046595872594,9.287978305024518,12.687350844229119,False,,,,,21.743025951066706,False,2654858.1363702617,2423526.9142791918,,,,,,,,1869.513228763334,1425.017466613905,,,,,,,,23992.955048320055,21914.535078045476,,,,,,,,1029.917483337149,961.9527253631616,,,,,,,,False,,2309.564296508286,-4.682366842573776,44.07345541398282,1.9142129482370183,False,True,True
state_transition,AZ_I10_W::139,2016-03-01,2016-03-01 11:40:00,2016-03-01 17:10:00,2016-03-01 19:05:00,2016-03-01 19:00:00,48.9875126940428,post_qc,0,48.9875126940428,48.9875126940428,51.44400912258793,post_qc,0,51.44400912258793,51.44400912258793,140,206,228,MD;PM,PM,445.0,12.565516975565744,28.611629135500685,69.02253302035383,48.31577311424768,9372.798245614036,1592.4124346206372,5.885911238721853,987.578947368421,100.0,0.7368421052631579,280.0000000000001,38.878492147022186,True,0,8,140,228,speed_mph,True,AZ_I10_W,W,146.823,1.1140000000000043,False,I10_monthly_average_weekday,state_transition__AZ_I10_W::139__2016-03-01__012,1592.4124346206372,69.02253302035383,1.1140000000000043,I10_monthly_average_weekday,139,6,False,PM,measured,7.416666666666667,9372.798245614034,5.885911238721851,48.31577311424768,12.565516975565744,2016-03-01 11:40:00,2016-03-01 17:10:00,2016-03-01 19:05:00,1263.7480780603191,0.016139656880913084,0.07251566881449852,0.028425103067851502,0.39198567058059447,220.0,19.834112227067237,63.71588824306974,8.086222353976936,0.04002620460290718,False,False,False,False,False,False,,4.493011800037475,0,False,False,False,False,False,True,0,False,AZ_I10,constructed_monthly_average_weekday,2016-03,corridor_period,1.6931765723791028,0.8330311856451446,0.30807047291159995,1.6350981000172307,0.4348293681532922,0.3168980445386109,1.3620877089034769,7.412779418892253,0.1315372563869431,0.05719626208335208,0.13165006078917793,7.543494615027824,1264.4107852078353,0.7940221752344314,19.87007124532625,63.633933144816694,0.039924560818459,False,False,False,False,queue_exceeds_link,constructed_monthly_profile_fit,8.149941312723962,7.034938605131187,7.693318416386842,0.10197715048413046,0.17029816699345576,5.975208279668109,9.431342314180188,False,,,,,24.997329757430606,False,3310290.2296060896,2895407.973747227,,,,,,,,2520.8458652373697,1702.4803443497697,,,,,,,,30615.614158831115,26181.47924501511,,,,,,,,1285.0672161035645,1149.2530060111856,,,,,,,,False,,1404.6610959429443,-6.394183636986127,42.039692453436246,1.787776072761778,False,True,True
state_transition,AZ_I10_W::139,2016-04-01,2016-04-01 13:35:00,2016-04-01 16:25:00,2016-04-01 18:55:00,2016-04-01 18:50:00,48.565293253107214,post_qc,0,48.565293253107214,48.565293253107214,51.31436168505209,post_qc,0,51.31436168505209,51.31436168505209,163,197,226,MD;PM,PM,320.0,15.124389625678248,27.388374669884,69.02253302035383,48.31577311424768,6422.898148148148,1592.4124346206372,4.033438830611923,1016.1666666666666,140.0,0.4074074074074074,120.1111111111112,36.18997205937384,True,0,2,163,226,speed_mph,True,AZ_I10_W,W,146.823,1.1140000000000043,False,I10_monthly_average_weekday,state_transition__AZ_I10_W::139__2016-04-01__013,1592.4124346206372,69.02253302035383,1.1140000000000043,I10_monthly_average_weekday,139,6,False,PM,measured,5.333333333333333,6422.898148148148,4.033438830611923,48.31577311424768,15.124389625678248,2016-04-01 13:35:00,2016-04-01 16:25:00,2016-04-01 18:55:00,1204.2934027777778,0.016139656880913084,0.057516208087591225,0.029303459936719883,0.5094817775903054,220.0,16.945535312466536,71.06847795429633,8.086222353976936,0.049600373130440634,False,False,False,False,False,False,,3.5636574254320394,0,False,False,False,False,False,True,0,False,AZ_I10,constructed_monthly_average_weekday,2016-04,corridor_period,1.6931765723791028,0.8330311856451446,0.30807047291159995,1.6350981000172307,0.4348293681532922,0.3168980445386109,1.3620877089034769,5.410642129512548,0.07861005653966933,0.034181961215639,0.07678185703090087,11.757291497601626,1187.0861155488756,0.7454639826595407,16.217809076262267,73.19645397024641,0.052550262624339164,False,False,False,False,queue_exceeds_link,constructed_monthly_profile_fit,4.8706151016527715,5.296315324666233,5.502577658725175,0.06650919193374613,0.09491447818813487,10.0311441458481,13.47871326650282,False,,,,,24.51416359644916,False,2245046.4989176765,2023243.1180499606,,,,,,,,1629.62889816912,1189.653296375743,,,,,,,,20527.51349697644,18295.00304728704,,,,,,,,874.281553063576,803.0710201785733,,,,,,,,False,,2308.539477489444,-4.68430069637152,44.07116538705738,1.9140664698314496,False,True,True
state_transition,AZ_I10_W::139,2016-06-01,2016-06-01 12:50:00,2016-06-01 16:00:00,2016-06-01 18:35:00,2016-06-01 18:30:00,49.72385124942779,post_qc,0,49.72385124942779,49.72385124942779,46.20635307607965,post_qc,0,46.20635307607965,46.20635307607965,154,192,222,MD;PM,PM,345.0,17.40516289981496,30.250776069462603,69.02253302035383,48.31577311424768,7246.273809523809,1592.4124346206372,4.55050064416892,1065.7142857142858,145.0,0.5,52.0,28.801190176264683,True,0,7,154,222,speed_mph,True,AZ_I10_W,W,146.823,1.1140000000000043,False,I10_monthly_average_weekday,state_transition__AZ_I10_W::139__2016-06-01__014,1592.4124346206372,69.02253302035383,1.1140000000000043,I10_monthly_average_weekday,139,6,False,PM,measured,5.75,7246.273809523811,4.550500644168922,48.31577311424768,17.40516289981496,2016-06-01 12:50:00,2016-06-01 16:00:00,2016-06-01 18:35:00,1260.2215320910975,0.016139656880913084,0.047864340462418165,0.023702310519778762,0.4951976835111559,220.0,19.644304343549287,64.15200610068555,8.086222353976936,0.04056889235136426,False,False,False,False,False,False,,2.965635565587705,0,False,False,False,False,False,True,0,False,AZ_I10,constructed_monthly_average_weekday,2016-06,corridor_period,1.6931765723791028,0.8330311856451446,0.30807047291159995,1.6350981000172307,0.4348293681532922,0.3168980445386109,1.3620877089034769,5.982546319872166,0.09264656238085131,0.04028544618164014,0.08683120388357937,10.240267632791493,1211.2357217283773,0.7606294044149008,17.251627059072284,70.20994121777127,0.04843396253396837,False,False,False,False,queue_exceeds_link,constructed_monthly_profile_fit,5.740305575542689,5.793721243617094,6.110887449877931,0.07685414882861931,0.11330076657515764,8.606285425919834,11.979293283121526,False,,,,,27.96046663048723,False,2303560.4403592027,2267621.7419245476,,,,,,,,1779.4796740692063,1753.2545372428592,,,,,,,,21195.928544231374,20310.170916935425,,,,,,,,892.753553485807,884.2327792788769,,,,,,,,False,,1462.2402210860314,-6.284991231773587,42.16984266970832,1.795637280376806,False,True,True
state_transition,AZ_I10_W::141,2016-01-01,2016-01-01 15:55:00,2016-01-01 16:55:00,2016-01-01 18:15:00,2016-01-01 18:10:00,55.42679061005644,post_qc,0,55.42679061005644,55.42679061005644,65.71152675326904,post_qc,0,65.71152675326904,65.71152675326904,191,203,218,MD;PM,PM,140.0,26.06677146203805,44.69169034420166,68.64155652998684,48.04908957099079,1466.08,947.6240526315788,1.5471114266555963,609.84,40.0,0.2857142857142857,-63.12000000000012,39.644755291230986,False,0,1,191,218,speed_mph,True,AZ_I10_W,W,147.937,1.1140000000000043,False,I10_monthly_average_weekday,state_transition__AZ_I10_W::141__2016-01-01__015,947.6240526315788,68.64155652998684,1.1140000000000043,I10_monthly_average_weekday,141,5,False,PM,measured,2.333333333333333,1466.0800000000002,1.5471114266555968,48.04908957099079,26.06677146203805,2016-01-01 15:55:00,2016-01-01 16:55:00,2016-01-01 18:15:00,628.3200000000002,0.01622923570378741,0.02650716537382059,0.010709984749821645,0.40404111864783565,220.0,7.544384800395433,83.28313263754353,4.5957752845099336,0.13143025270693295,True,False,False,False,False,False,,1.6332972086685897,0,False,False,False,False,False,True,0,False,AZ_I10,constructed_monthly_average_weekday,2016-01,corridor_period,1.6931765723791028,0.8330311856451446,0.30807047291159995,1.6350981000172307,0.4348293681532922,0.3168980445386109,1.3620877089034769,2.4354524157628923,0.02143106690214125,0.009318857279909014,0.019981417097116247,29.5802190347943,601.9743972459255,0.6352460087671113,6.762564138016265,89.01570247029244,0.14850117975173027,False,False,True,True,,constructed_monthly_profile_fit,1.3205222533763492,2.315002647713458,2.647151587676378,0.015841873377269583,0.03580783203616731,21.407833792533133,34.735316688422536,True,0.9684589469416176,-3.2553515438848993e-13,6.050715484207103e-15,3.3963859344185683,41.35234729298789,True,420409.6048543289,384112.88193478703,440926.24364875624,5436.387259483053,5973.028021366871,74272.95717987565,564788.1433180458,552589.9792596763,0.13150587181864892,440.22702267291277,365.41292837102543,501.13825609189314,1.2050761573688697,2.1787505784644847,16.46397976498425,738.4585105667346,712.3193760213992,0.022295064014292237,3568.857981478179,3621.9255407124806,3485.459618434752,54.76201146644075,52.11673463706065,748.1690208209297,3963.550182400152,3737.832395441991,0.18876234345237214,146.60198120740824,142.6940192475483,145.1762060178745,2.4542750106555644,2.473308787965026,33.53077219730539,163.6859132431394,159.75029582374066,0.2048482458444589,True,beta_power,5666.791456769996,1.608766436058369,51.454160392502835,2.42414627158646,True,True,True
state_transition,AZ_I10_W::141,2016-02-01,2016-02-01 14:55:00,2016-02-01 18:00:00,2016-02-01 18:40:00,2016-02-01 18:35:00,53.95252473221513,post_qc,0,53.95252473221513,53.95252473221513,65.25003470148718,post_qc,0,65.25003470148718,65.25003470148718,179,216,223,MD;PM,PM,225.0,25.49686711074941,37.04144998039551,68.64155652998684,48.04908957099079,2464.9076923076923,947.6240526315788,2.601145132885318,559.5692307692307,20.0,1.0,46.15384615384619,39.753167590737775,False,0,2,179,223,speed_mph,True,AZ_I10_W,W,147.937,1.1140000000000043,False,I10_monthly_average_weekday,state_transition__AZ_I10_W::141__2016-02-01__016,947.6240526315788,68.64155652998684,1.1140000000000043,I10_monthly_average_weekday,141,5,False,PM,measured,3.75,2464.9076923076923,2.6011451328853186,48.04908957099079,25.49686711074941,2016-02-01 14:55:00,2016-02-01 18:00:00,2016-02-01 18:40:00,657.3087179487179,0.01622923570378741,0.02746240669138141,0.01491828469226741,0.5432256852036661,220.0,8.539200046534502,76.97544434685966,4.5957752845099336,0.11422794927012633,True,False,False,False,False,False,,1.6921565003195143,0,False,False,False,False,False,True,0,False,AZ_I10,constructed_monthly_average_weekday,2016-02,corridor_period,1.6931765723791028,0.8330311856451446,0.30807047291159995,1.6350981000172307,0.4348293681532922,0.3168980445386109,1.3620877089034769,3.754458402555423,0.043489992880961864,0.018910726125419827,0.04340558144065476,18.653958304553363,656.528166786982,0.6928150092473746,8.510282432236966,77.14528536679958,0.11467123779638341,False,False,True,True,,constructed_monthly_profile_fit,2.6797314226456534,3.666479596046047,3.8840318851426914,0.03736808373069933,0.0581695080854941,14.973371116322117,20.784638032618464,True,0.9584803116257857,-2.736597273575661e-13,6.050715484207103e-15,3.3963859344185683,35.76528679763237,True,727832.1119417134,746689.9702275783,817282.0785786193,4995.201708236671,5294.399462647164,232842.3077621151,1057541.27064662,1038652.4611029831,0.22017325869443055,687.263630083408,710.3385005776934,769.9595359950695,0.35814112636758844,0.9149499675380436,16.69410190792671,1230.5772957154388,1190.2190111520563,0.013566073391774238,6569.167631233383,7040.783064964371,6744.213007306421,52.42588648456229,50.64652343721166,2443.738032722862,7849.73071994175,7448.053885101728,0.3113148870845593,268.32080795650154,277.3877107347173,287.56024319556934,2.36661613664177,2.364841822952445,110.31553779582073,329.144256799742,322.0074224534017,0.33515862882863223,True,beta_power,5283.351913976367,0.8943547719728883,50.6225303239327,2.3630907550880726,True,True,True
state_transition,AZ_I10_W::141,2016-03-01,2016-03-01 14:30:00,2016-03-01 17:30:00,2016-03-01 18:45:00,2016-03-01 18:40:00,49.569115807884366,post_qc,0,49.569115807884366,49.569115807884366,66.2818072262163,post_qc,0,66.2818072262163,66.2818072262163,174,210,224,MD;PM,PM,255.0,18.033326451404893,29.6149332067064,68.64155652998684,48.04908957099079,2724.5578947368417,947.6240526315788,2.875146411882082,553.8315789473684,50.0,0.4444444444444444,-3.6631578947368553,48.24848077481141,False,0,5,174,224,speed_mph,True,AZ_I10_W,W,147.937,1.1140000000000043,False,I10_monthly_average_weekday,state_transition__AZ_I10_W::141__2016-03-01__017,947.6240526315788,68.64155652998684,1.1140000000000043,I10_monthly_average_weekday,141,5,False,PM,measured,4.25,2724.5578947368417,2.8751464118820826,48.04908957099079,18.033326451404893,2016-03-01 14:30:00,2016-03-01 17:30:00,2016-03-01 18:45:00,641.0724458204334,0.01622923570378741,0.04554527955283724,0.02554676970633146,0.5609092744000959,220.0,7.962810534788143,80.50831336745972,4.5957752845099336,0.12367111670735322,True,False,False,False,False,False,,2.8063724246859243,0,False,False,False,False,False,True,0,False,AZ_I10,constructed_monthly_average_weekday,2016-03,corridor_period,1.6931765723791028,0.8330311856451446,0.30807047291159995,1.6350981000172307,0.4348293681532922,0.3168980445386109,1.3620877089034769,4.08112883895718,0.049846407080674886,0.021674681695601654,0.053263007906757455,16.859465198603587,667.5990889405558,0.7044978302171777,8.932722593510782,74.73635075442019,0.10848078280829254,False,False,True,True,,constructed_monthly_profile_fit,3.0713958433077817,3.998427939940253,4.194137159981626,0.04327326864947647,0.06332728355518805,14.002623803580983,18.72190110271702,True,0.956221023899019,-6.049733813322171e-13,6.106226635438361e-15,3.3963859344185683,26.666024888300456,True,893079.9934275963,894001.0886910034,941503.4990136741,4884.687099151053,5133.598050777478,288459.9462350804,1200031.635966243,1178436.596195093,0.24037695139830034,669.6585706037637,691.2138105173059,854.5798651719979,0.14598845362570226,0.6151081020830066,8.621191210207003,1350.3732776261804,1304.7783930116163,0.006384302291113302,8047.4686012790835,8007.206217660611,7840.453038940158,51.84069973395799,50.297099516262115,3061.39680075832,9036.849796753617,8593.383967034368,0.33876814040420267,343.6955190946779,348.605348377318,335.2922705160046,2.344658059893446,2.339402655649416,138.4612615236005,380.3411160179079,372.2335630997893,0.3640449472653943,True,beta_power,5504.6646849622575,1.3067989521347334,51.10280870663706,2.3982611672739975,True,True,True
state_transition,AZ_I10_W::141,2016-06-01,2016-06-01 14:50:00,2016-06-01 16:10:00,2016-06-01 17:05:00,2016-06-01 17:00:00,51.9545108670068,post_qc,0,51.9545108670068,51.9545108670068,66.51508047816749,post_qc,0,66.51508047816749,66.51508047816749,178,194,204,MD;PM,PM,135.0,33.283368898039456,45.250253328944986,68.64155652998684,48.04908957099079,1491.4666666666665,947.6240526315788,1.5739012349093726,639.6,30.0,0.2,-45.0,33.231711580128035,False,0,1,178,204,speed_mph,True,AZ_I10_W,W,147.937,1.1140000000000043,False,I10_monthly_average_weekday,state_transition__AZ_I10_W::141__2016-06-01__018,947.6240526315788,68.64155652998684,1.1140000000000043,I10_monthly_average_weekday,141,5,False,PM,measured,2.25,1491.4666666666665,1.5739012349093728,48.04908957099079,33.283368898039456,2016-06-01 14:50:00,2016-06-01 16:10:00,2016-06-01 17:05:00,662.874074074074,0.01622923570378741,0.01724093383982583,0.009298094962707453,0.5393034419765156,220.0,8.749141323444382,75.76447214286307,4.5957752845099336,0.11109754515582754,True,False,False,False,False,False,,1.062338002510021,0,False,False,False,False,False,True,0,False,AZ_I10,constructed_monthly_average_weekday,2016-06,corridor_period,1.6931765723791028,0.8330311856451446,0.30807047291159995,1.6350981000172307,0.4348293681532922,0.3168980445386109,1.3620877089034769,2.470532840098206,0.021938117478470024,0.009539337761635817,0.018827866454638666,29.187247925744586,603.70242502317,0.6370695460363962,6.810745436982414,88.63969893002607,0.1473358263452173,False,False,True,True,,constructed_monthly_profile_fit,1.3517652882045663,2.3503632908358494,2.681261248500435,0.01627308133102948,0.036378055131392105,21.175789141996326,34.27448018840453,True,0.96817116284938,-1.6558606337942666e-13,6.106226635438361e-15,3.3963859344185683,43.63950209107259,True,416577.5978953932,370284.1601420652,449441.44968176587,5424.558919049713,5954.0310429970805,77178.47776731069,576187.4333624188,563852.5217067722,0.13394682580445283,443.13773290538745,352.2574369424286,508.65678544575934,1.182369530093106,2.143407032065219,16.82228580292061,751.3188864021038,724.8675154700695,0.02239034064946608,3610.896862765952,3491.530016344282,3561.931428004282,54.699379130675396,52.07567310840321,778.241121374359,4049.2998788250825,3819.110588715076,0.19219152561261235,145.25813954910728,137.55679009834563,148.37398784090274,2.4519248452865736,2.470249037029271,34.88501645627204,167.29392617822435,163.28632289058595,0.20852530186366572,True,beta_power,5203.323596820369,0.7451420819602476,50.44866574343181,2.3504206131668544,True,True,True
state_transition,AZ_I10_W::141,2016-08-01,2016-08-01 15:30:00,2016-08-01 16:45:00,2016-08-01 19:35:00,2016-08-01 19:30:00,45.372420994407264,post_qc,0,45.372420994407264,45.372420994407264,68.96347147688412,post_qc,0,68.96347147688412,68.96347147688412,186,201,234,MD;PM,PM,245.0,35.87358507016269,47.33458735357014,68.64155652998684,48.04908957099079,2393.2000000000003,947.6240526315788,2.525474098461321,552.4235294117648,125.0,0.5,16.941176470588402,33.08988640672143,True,0,7,186,234,speed_mph,True,AZ_I10_W,W,147.937,1.1140000000000043,False,I10_monthly_average_weekday,state_transition__AZ_I10_W::141__2016-08-01__019,947.6240526315788,68.64155652998684,1.1140000000000043,I10_monthly_average_weekday,141,5,False,PM,measured,4.083333333333333,2393.2,2.525474098461321,48.04908957099079,35.87358507016269,2016-08-01 15:30:00,2016-08-01 16:45:00,2016-08-01 19:35:00,586.0897959183674,0.01622923570378741,0.014824253871375152,0.007742479863377055,0.5222846242755849,220.0,6.338020940727541,92.47205103918293,4.5957752845099336,0.1595354091937298,True,False,False,False,False,False,,0.9134289588212477,1,False,True,False,False,False,True,1,False,AZ_I10,constructed_monthly_average_weekday,2016-08,corridor_period,1.6931765723791028,0.8330311856451446,0.30807047291159995,1.6350981000172307,0.4348293681532922,0.3168980445386109,1.3620877089034769,3.663249081023562,0.04177583151631211,0.018165358422316386,0.04989044034140033,19.205218671205824,653.299829486699,0.689408239134989,8.392020173557015,77.8477429719754,0.11651591706767309,False,False,True,True,,constructed_monthly_profile_fit,2.5741096055782164,3.5707398014700886,3.7980208766755124,0.035455322253872296,0.05661658281551242,15.292574133603578,21.553830708998277,True,0.9591237826978672,0.0,6.106226635438361e-15,3.3963859344185683,46.471434089845395,True,664976.9976417808,557948.724288293,786463.1960426166,5025.862653655623,5339.641134275422,218491.0147078746,1019198.3045323512,1000959.1571573261,0.21437537105021676,742.7239601365295,530.785836174266,750.4198727525682,0.41700032673253296,0.9992835442759224,18.12839522286503,1196.6979897298147,1157.62799814002,0.01514868026723934,5696.486596936542,5261.080348903282,6473.206552311982,52.58823949081755,50.74475910364986,2286.1861932681372,7534.910816679816,7145.305993855471,0.30341250864008534,228.34385686376285,207.2722622623616,275.5643139916619,2.37270814020814,2.3720178150721605,103.14953767839928,315.6122160799121,308.7332921021904,0.3268236539116791,True,beta_power,6141.124404015545,2.4914082589909508,52.47984328945473,2.5004397696528033,True,True,True
state_transition,AZ_I10_W::141,2016-09-01,2016-09-01 14:35:00,2016-09-01 15:35:00,2016-09-01 17:35:00,2016-09-01 17:30:00,52.98746592029912,post_qc,0,52.98746592029912,52.98746592029912,62.76262525740769,post_qc,0,62.76262525740769,62.76262525740769,175,187,210,MD;PM,MD,180.0,26.914142764956928,40.52848857171668,68.64155652998684,48.04908957099079,2074.6857142857143,947.6240526315788,2.189355270715484,653.657142857143,95.0,0.4444444444444444,-88.4571428571428,35.84848249245076,False,0,2,175,210,speed_mph,True,AZ_I10_W,W,147.937,1.1140000000000043,False,I10_monthly_average_weekday,state_transition__AZ_I10_W::141__2016-09-01__020,947.6240526315788,68.64155652998684,1.1140000000000043,I10_monthly_average_weekday,141,5,False,MD,measured,3.0,2074.6857142857143,2.189355270715484,48.04908957099079,26.914142764956928,2016-09-01 14:35:00,2016-09-01 15:35:00,2016-09-01 17:35:00,691.5619047619048,0.01622923570378741,0.025161642308885835,0.01238824161395088,0.49234630481874275,220.0,9.947345812774913,69.52225425537776,4.5957752845099336,0.09576043681461907,True,False,False,False,False,False,,1.550389850029344,0,False,False,False,False,False,True,0,False,AZ_I10,constructed_monthly_average_weekday,2016-09,corridor_all_periods,1.2373036267126496,1.07538813292762,0.963141822305749,0.9517332475469742,0.4581401484691591,0.5403825914601623,1.023482640124681,2.8737456903150203,0.0426882970573892,0.019557222751767855,0.04447136609181667,18.907784284104793,721.9447849118086,0.7618472567332452,11.475614612773832,62.911208616939035,0.08084617485940625,False,False,True,True,,constructed_monthly_profile_fit,2.630333173818349,2.80157683180346,3.0607742350404332,0.03380746917327745,0.04963769157392412,16.912888735638514,22.26372067138242,True,0.9490725162696296,-2.303363848860889e-13,1.5543122344752192e-15,2.9836201635310986,38.9272606956694,True,602073.529716324,577430.6633816523,685385.8926984831,4184.93299683776,4192.212618603168,169804.03572842956,863944.0890141026,836602.2880818755,0.19654516754921367,601.5124772735907,549.3193265862303,630.8488720196275,-1.197315425347019,-1.1434854572108746,-48.58118192512292,973.130961236784,919.5002583705602,-0.049922552935094684,5384.485483857144,5444.781901502663,5706.793013271999,48.13542644255525,48.24258964966378,1953.0992915850777,6503.26392237727,6239.33629958845,0.30032600781656754,216.93905194274737,214.5096039988966,243.58049903823667,2.2056243664235953,2.1926726816556124,89.49340861674169,273.67913638646365,267.2162386623435,0.3270012095126156,True,beta_power,4752.519295017473,-0.09610110090015889,49.467295387168626,2.279540384616105,True,True,True
state_transition,AZ_I10_W::141,2016-11-01,2016-11-01 14:40:00,2016-11-01 15:00:00,2016-11-01 15:15:00,2016-11-01 15:10:00,46.82283578511216,post_qc,0,46.82283578511216,46.82283578511216,49.56997446053489,post_qc,0,49.56997446053489,49.56997446053489,176,180,182,MD,MD,35.0,39.881738700893,45.01044309970875,68.64155652998684,48.04908957099079,490.2000000000001,947.6240526315788,0.5172937502363946,743.2615384615384,5.0,,,9.688235759641884,False,0,2,176,182,speed_mph,True,AZ_I10_W,W,147.937,1.1140000000000043,False,I10_monthly_average_weekday,state_transition__AZ_I10_W::141__2016-11-01__021,947.6240526315788,68.64155652998684,1.1140000000000043,I10_monthly_average_weekday,141,5,False,MD,measured,0.5833333333333334,490.20000000000005,0.5172937502363947,48.04908957099079,39.881738700893,2016-11-01 14:40:00,2016-11-01 15:00:00,2016-11-01 15:15:00,840.3428571428572,0.01622923570378741,0.011703347886783594,0.008631985545539414,0.7375654922885253,220.0,22.620973691454253,37.1488366771905,4.5957752845099336,0.03301709715503427,True,False,False,False,False,False,,0.7211274825500494,1,False,False,False,True,False,True,1,False,AZ_I10,constructed_monthly_average_weekday,2016-11,corridor_all_periods,1.2373036267126496,1.07538813292762,0.963141822305749,0.9517332475469742,0.4581401484691591,0.5403825914601623,1.023482640124681,0.6090216081283333,0.009750257627624949,0.004466984477132644,0.009358441704852455,42.879974054499485,804.8975495409761,0.8493848877154951,17.94186450495457,44.86142169442351,0.045860186479307216,False,False,True,True,,constructed_monthly_profile_fit,0.6007835369197044,0.565548018903084,0.7742172281994125,0.006048345805262474,0.012050929845598102,39.391572561922665,50.007276377990465,True,0.9451122900941272,-5.442313266712518e-14,1.4988010832439613e-15,2.9836201635310986,44.8087400384713,True,122431.58657721167,118525.54043105489,145791.69726038963,2089.3576180585,2003.6119874520318,4575.099368662027,168584.25592555592,161866.47609819207,0.027138354904756447,121.94055574828829,112.75530411141807,185.42880664162882,-5.220149340415063,-5.257558172493913,-11.430643440469058,229.9761822436805,216.70651405921745,-0.049703596820114444,1179.179114275561,1117.6159465197798,1090.3982482229444,37.03912924980856,43.39569709169057,81.10516619172931,1156.2032818512669,1106.735029235117,0.07014784291380573,45.73977162380604,44.031029791045654,44.83073785533158,1.7892558394039186,1.8690159134950892,3.9179617651278074,47.43676711044854,46.20855368956104,0.0825933554031094,True,beta_power,603.6119252235815,-7.914275274500959,40.22629423359405,1.6790870044227009,True,True,True
state_transition,AZ_I10_W::141,2016-11-01,2016-11-01 15:45:00,2016-11-01 17:40:00,2016-11-01 19:05:00,2016-11-01 19:00:00,51.84938179446325,post_qc,0,51.84938179446325,51.84938179446325,67.2734763072907,post_qc,0,67.2734763072907,67.2734763072907,189,212,228,MD;PM,PM,200.0,22.62841559086655,36.711569247763535,68.64155652998684,48.04908957099079,2089.9692307692308,947.6240526315788,2.2054835195089515,593.5384615384614,60.0,0.4545454545454545,-41.723076923076974,44.64506071642414,False,0,3,189,228,speed_mph,True,AZ_I10_W,W,147.937,1.1140000000000043,False,I10_monthly_average_weekday,state_transition__AZ_I10_W::141__2016-11-01__022,947.6240526315788,68.64155652998684,1.1140000000000043,I10_monthly_average_weekday,141,5,False,PM,measured,3.333333333333333,2089.9692307692303,2.2054835195089515,48.04908957099079,22.62841559086655,2016-11-01 15:45:00,2016-11-01 17:40:00,2016-11-01 19:05:00,626.9907692307692,0.01622923570378741,0.03300090131250663,0.016540335812550638,0.5012086080898102,220.0,7.50236989982746,83.57236148076205,4.5957752845099336,0.1322571779060806,True,False,False,False,False,False,,2.0334230098590056,0,False,False,False,False,False,True,0,False,AZ_I10,constructed_monthly_average_weekday,2016-11,corridor_period,1.6931765723791028,0.8330311856451446,0.30807047291159995,1.6350981000172307,0.4348293681532922,0.3168980445386109,1.3620877089034769,3.2722889255417793,0.0347361023317158,0.01510427742900808,0.035801909130230694,21.857992960313055,638.6872548007669,0.6739880156345909,7.882370231774676,81.02730980919299,0.12509881249031435,False,False,True,True,,constructed_monthly_profile_fit,2.140341231448715,3.1690892548120777,3.4409266331675616,0.028503569626492756,0.05000171620160187,16.819946474866377,24.90343962226985,True,0.9619511540711705,-2.3203319607581267e-13,6.106226635438361e-15,3.3963859344185683,33.994951671693144,True,616894.9812652994,666080.6752692494,658748.7536401842,5156.630149936095,5535.736987853148,162781.79375297157,862035.3448919388,846162.0244910453,0.18883424527491643,558.7643210499573,633.6535469872861,660.9584218134669,0.6680320597604614,1.3646837380996981,21.088085398881642,1050.3268405550295,1016.0923469311707,0.020077641153812616,5435.872589297153,6280.691753374448,5357.029642070471,53.28066745908504,51.17017818999295,1681.9361422406703,6265.620315611564,5928.745420536752,0.26843888673718697,228.36726593927386,247.44217954509188,227.05904482230432,2.3986902501144263,2.4032143697755886,75.72059469423637,261.2631571821104,255.42485156722057,0.28982500062745636,True,beta_power,5683.139055268404,1.6392063685284066,51.48956561173126,2.426761866930656,True,True,True
state_transition,AZ_I10_W::141,2016-12-01,2016-12-01 15:20:00,2016-12-01 16:25:00,2016-12-01 18:45:00,2016-12-01 18:40:00,54.7376359388246,post_qc,0,54.7376359388246,54.7376359388246,66.88082733753437,post_qc,0,66.88082733753437,66.88082733753437,184,197,224,MD;PM,PM,205.0,27.196418601850077,45.54908527290228,68.64155652998684,48.04908957099079,2118.3777777777777,947.6240526315788,2.235462229873738,614.5333333333333,70.0,0.4615384615384615,-6.133333333333439,39.6844087356843,False,0,2,184,224,speed_mph,True,AZ_I10_W,W,147.937,1.1140000000000043,False,I10_monthly_average_weekday,state_transition__AZ_I10_W::141__2016-12-01__023,947.6240526315788,68.64155652998684,1.1140000000000043,I10_monthly_average_weekday,141,5,False,PM,measured,3.4166666666666665,2118.3777777777777,2.235462229873738,48.04908957099079,27.196418601850077,2016-12-01 15:20:00,2016-12-01 16:25:00,2016-12-01 18:45:00,620.0130081300813,0.01622923570378741,0.024732039981395008,0.009773132710570053,0.39516080023815325,220.0,7.286498947087884,85.09066049860272,4.5957752845099336,0.13665625952368735,True,False,False,False,False,False,,1.5239189591425617,0,False,False,False,False,False,True,0,False,AZ_I10,constructed_monthly_average_weekday,2016-12,corridor_period,1.6931765723791028,0.8330311856451446,0.30807047291159995,1.6350981000172307,0.4348293681532922,0.3168980445386109,1.3620877089034769,3.309299984398195,0.035380805291913946,0.015384613209837599,0.03727698319178607,21.58494700852476,640.1286639968997,0.6755090926821077,7.930857916142409,80.71367193377486,0.12423476097588794,False,False,True,True,,constructed_monthly_profile_fit,2.1800660202166604,3.2069907914621836,3.474322335723894,0.029119872638919343,0.05062575312667859,16.66294706080202,24.564989305975708,True,0.9616784010164665,-2.351871783743162e-13,6.106226635438361e-15,3.3963859344185683,42.84225122296546,True,616097.3416791231,535713.385600319,670793.2883374416,5144.283539299194,5517.001814128214,167654.37525781058,876412.7444993457,860340.5904394896,0.19129614021482974,669.8921626197657,509.63299125438743,670.4620692383637,0.6443305195967267,1.3297825183328769,20.999004020148924,1064.2280022518423,1029.5768750305265,0.019731677775548375,5006.870716631523,5051.416094232337,5455.296169297699,53.2152908268066,51.12955927586153,1734.308824460009,6380.298129119183,6038.397694323188,0.2718225370292273,208.5220737927254,199.01206064991945,231.43965910091367,2.396237109971328,2.400227370488477,78.09438040745196,266.1589870148861,260.22661042776537,0.2934125249097232,True,beta_power,5767.328506208378,1.7959475050323463,51.67183698694515,2.440247959717039,True,True,True
state_transition,AZ_I10_W::78,2016-01-01,2016-01-01 14:45:00,2016-01-01 17:30:00,2016-01-01 19:30:00,2016-01-01 19:25:00,46.639173194263,post_qc,0,46.639173194263,46.639173194263,52.03397765983085,post_qc,0,52.03397765983085,52.03397765983085,177,210,233,MD;PM,PM,285.0,9.92144322383536,24.06785059280027,64.16137486955441,44.91296240868808,5257.753846153846,1501.6157386990858,3.50139766829353,1077.1384615384616,100.0,0.6842105263157895,319.20000000000005,42.11253443599549,True,0,11,177,233,speed_mph,True,AZ_I10_W,W,144.641,1.0400000000000205,False,I10_monthly_average_weekday,state_transition__AZ_I10_W::78__2016-01-01__024,1501.6157386990858,64.16137486955441,1.0400000000000205,I10_monthly_average_weekday,78,5,False,PM,measured,4.75,5257.753846153846,3.50139766829353,44.91296240868808,9.92144322383536,2016-01-01 14:45:00,2016-01-01 17:30:00,2016-01-01 19:30:00,1106.8955465587044,0.01620912896761377,0.08861433033531463,0.035704995200212086,0.4029257464916249,220.0,14.742538769062374,75.08174568152097,7.638068452895794,0.054335030101005356,False,False,False,False,False,False,,5.466939680248593,0,False,False,False,False,False,True,0,False,AZ_I10,constructed_monthly_average_weekday,2016-01,corridor_period,1.6931765723791028,0.8330311856451446,0.30807047291159995,1.6350981000172307,0.4348293681532922,0.3168980445386109,1.3620877089034769,4.80919449459442,0.06511258573217603,0.02831286451274917,0.06380727362636242,12.788712139670473,1093.2712020825131,0.7280632280996607,14.223173926786655,76.86548780954888,0.056910978074132895,False,False,False,False,queue_exceeds_link,constructed_monthly_profile_fit,4.017031751815446,4.721882443046675,4.88543520781201,0.055799062265932564,0.0789366295464288,10.930599748507607,14.442801858928815,False,,,,,20.03308380274222,False,2044976.1763995953,1892059.1405941013,,,,,,,,1405.8723189199238,1112.51800313305,,,,,,,,18399.99239703089,17108.78313832061,,,,,,,,794.7577853641307,751.0011281983658,,,,,,,,False,,3207.5876359281183,-2.9664810414123703,46.13880879841652,2.0280144501802804,False,True,True
state_transition,AZ_I10_W::78,2016-02-01,2016-02-01 14:40:00,2016-02-01 17:30:00,2016-02-01 19:20:00,2016-02-01 19:15:00,44.84954214450613,post_qc,0,44.84954214450613,44.84954214450613,46.14717402352223,post_qc,0,46.14717402352223,46.14717402352223,176,210,231,MD;PM,PM,280.0,7.07206209956628,22.056236754011454,64.16137486955441,44.91296240868808,4936.568421052632,1501.6157386990858,3.287504448594414,1022.7157894736844,100.0,0.8421052631578947,420.88421052631577,39.07511192395595,True,0,8,176,231,speed_mph,True,AZ_I10_W,W,144.641,1.0400000000000205,False,I10_monthly_average_weekday,state_transition__AZ_I10_W::78__2016-02-01__025,1501.6157386990858,64.16137486955441,1.0400000000000205,I10_monthly_average_weekday,78,5,False,PM,measured,4.666666666666667,4936.5684210526315,3.287504448594414,44.91296240868808,7.07206209956628,2016-02-01 14:40:00,2016-02-01 17:30:00,2016-02-01 19:20:00,1057.8360902255638,0.01620912896761377,0.1308484032426594,0.04203076880498713,0.321217284761517,220.0,12.978825207881208,81.5047643590429,7.638068452895794,0.06392139003872088,False,False,False,False,False,False,,8.072512934168001,0,False,False,False,False,False,True,0,False,AZ_I10,constructed_monthly_average_weekday,2016-02,corridor_period,1.6931765723791028,0.8330311856451446,0.30807047291159995,1.6350981000172307,0.4348293681532922,0.3168980445386109,1.3620877089034769,4.563184602548488,0.05975547045976406,0.025983433463721922,0.061987121495170945,13.690587561042308,1081.8252713895495,0.7204408181861367,13.805126389133113,78.3640251378736,0.059125204864973975,False,False,False,False,queue_exceeds_link,constructed_monthly_profile_fit,3.686531866034068,4.479396749861515,4.655868144469595,0.05170982773352313,0.07318451251461364,11.633937102327563,15.312376693305882,False,,,,,17.8571742014508,False,2116115.3197964462,1992942.1415746564,,,,,,,,1409.0110566365051,1171.8365267420504,,,,,,,,19240.972618689564,18021.009056151775,,,,,,,,829.8646145975622,791.043876295893,,,,,,,,False,,3801.450495287856,-1.8550415170051338,47.44051966117677,2.119176805810214,False,True,True
state_transition,AZ_I10_W::78,2016-03-01,2016-03-01 14:10:00,2016-03-01 17:30:00,2016-03-01 19:10:00,2016-03-01 19:05:00,44.75213127973245,post_qc,0,44.75213127973245,44.75213127973245,46.36580672458852,post_qc,0,46.36580672458852,46.36580672458852,170,210,229,MD;PM,PM,300.0,8.869607070872544,22.550922807875835,64.16137486955441,44.91296240868808,5252.879999999999,1501.6157386990858,3.498151933696962,958.2,90.0,0.7647058823529411,459.60000000000014,37.496199653715976,True,0,8,170,229,speed_mph,True,AZ_I10_W,W,144.641,1.0400000000000205,False,I10_monthly_average_weekday,state_transition__AZ_I10_W::78__2016-03-01__026,1501.6157386990858,64.16137486955441,1.0400000000000205,I10_monthly_average_weekday,78,5,False,PM,measured,5.0,5252.88,3.498151933696963,44.91296240868808,8.869607070872544,2016-03-01 14:10:00,2016-03-01 17:30:00,2016-03-01 19:10:00,1050.576,0.01620912896761377,0.10104521969630184,0.039606474356344984,0.3919678187190338,220.0,12.74116129610219,82.45527825798698,7.638068452895794,0.06541608366651087,False,False,False,False,False,False,,6.233846365106516,0,False,False,False,False,False,True,0,False,AZ_I10,constructed_monthly_average_weekday,2016-03,corridor_period,1.6931765723791028,0.8330311856451446,0.30807047291159995,1.6350981000172307,0.4348293681532922,0.3168980445386109,1.3620877089034769,4.805480521201011,0.06503038632658328,0.0282771217971527,0.06938958323245772,12.801651957594926,1093.1019232780434,0.7279504969926891,14.216872523325227,76.88765032426235,0.056943387402897505,False,False,False,False,queue_exceeds_link,constructed_monthly_profile_fit,4.011960572126704,4.718160874862496,4.881587595972535,0.055741017345665334,0.07886737611502435,10.938561150909493,14.4544538970439,False,,,,,18.632782556586683,False,2178970.59681988,2032366.5059487252,,,,,,,,1472.617564500472,1195.017786876687,,,,,,,,19860.80813675185,18377.50050294148,,,,,,,,852.4601075707092,806.6922994810861,,,,,,,,False,,3883.04097078133,-1.7025420236461903,47.618808624059305,2.131838588342799,False,True,True
state_transition,AZ_I10_W::78,2016-04-01,2016-04-01 14:35:00,2016-04-01 17:20:00,2016-04-01 19:05:00,2016-04-01 19:00:00,46.279454368525215,post_qc,0,46.279454368525215,46.279454368525215,56.81960879852785,post_qc,0,56.81960879852785,56.81960879852785,175,208,228,MD;PM,PM,270.0,8.592804560660786,25.208875076697264,64.16137486955441,44.91296240868808,4688.744444444444,1501.6157386990858,3.122466236606247,994.8,85.0,0.6875,288.9333333333334,48.22680423786706,True,0,9,175,228,speed_mph,True,AZ_I10_W,W,144.641,1.0400000000000205,False,I10_monthly_average_weekday,state_transition__AZ_I10_W::78__2016-04-01__027,1501.6157386990858,64.16137486955441,1.0400000000000205,I10_monthly_average_weekday,78,5,False,PM,measured,4.5,4688.7444444444445,3.1224662366062472,44.91296240868808,8.592804560660786,2016-04-01 14:35:00,2016-04-01 17:20:00,2016-04-01 19:05:00,1041.9432098765433,0.01620912896761377,0.10482236810160905,0.03571497763652551,0.34071904960118216,220.0,12.465596075841336,83.58551035484436,7.638068452895794,0.06722049555034801,False,False,False,False,False,False,,6.466872360078488,0,False,False,False,False,False,True,0,False,AZ_I10,constructed_monthly_average_weekday,2016-04,corridor_period,1.6931765723791028,0.8330311856451446,0.30807047291159995,1.6350981000172307,0.4348293681532922,0.3168980445386109,1.3620877089034769,4.371538409470127,0.05570698799741664,0.024223034392639713,0.05840853227506953,14.461292459737862,1072.5616488436083,0.714271714928091,13.478312831438965,79.57684780411051,0.06095186388114685,False,False,True,False,,constructed_monthly_profile_fit,3.4367662882268717,4.291231963012039,4.468145369188073,0.04822162469613846,0.06907037900071131,12.195195777803837,16.141360255327136,True,0.9543240672959254,0.0,6.106226635438361e-15,3.3963859344185683,20.02923243203406,True,1858542.1838803757,1687619.4472651943,1601666.3226379545,3292.8714893947545,3631.187869292079,373989.91419209674,1940787.742242589,1793529.8125032468,0.19270005990451575,1320.0165791157317,992.3088434383944,1322.2776182632879,-2.909787962869832,-2.173429009025636,-330.4809659458974,1975.7054574156627,1693.2940979699538,-0.16727238602569114,16660.034468476304,15260.154676881095,13563.1753828771,43.41186474153763,47.06804772809061,4930.529363777494,15201.061984754722,14501.619945450806,0.32435427003207834,717.9066905617724,669.854383340101,587.8948305550953,2.028381238055975,2.092858300394149,230.37465252215057,646.1146704933277,621.8264769086538,0.3565538178327582,True,beta_power,3978.108743146712,-1.524910806529475,47.82638667907722,2.146631836462529,True,True,True
state_transition,AZ_I10_W::78,2016-06-01,2016-06-01 12:25:00,2016-06-01 12:40:00,2016-06-01 13:00:00,2016-06-01 12:55:00,44.94206034983488,post_qc,0,44.94206034983488,44.94206034983488,49.45967351054085,post_qc,0,49.45967351054085,49.45967351054085,149,152,155,MD,MD,35.0,36.48086513207508,42.05796156143471,64.16137486955441,44.91296240868808,827.5,1501.6157386990858,0.5510730732729925,1438.6285714285714,10.0,0.0,-14.400000000000093,12.978808378465772,False,0,2,149,155,speed_mph,True,AZ_I10_W,W,144.641,1.0400000000000205,False,I10_monthly_average_weekday,state_transition__AZ_I10_W::78__2016-06-01__028,1501.6157386990858,64.16137486955441,1.0400000000000205,I10_monthly_average_weekday,78,5,False,MD,measured,0.5833333333333334,827.5,0.5510730732729925,44.91296240868808,36.48086513207508,2016-06-01 12:25:00,2016-06-01 12:40:00,2016-06-01 13:00:00,1418.5714285714284,0.01620912896761377,0.012298966885782563,0.008743328067715736,0.7108993908929784,220.0,41.38653704934244,34.27615668544965,7.638068452895794,0.008919815712152434,False,False,False,False,False,False,,0.7587679085258804,1,False,False,False,True,False,True,1,False,AZ_I10,constructed_monthly_average_weekday,2016-06,corridor_all_periods,1.2373036267126496,1.07538813292762,0.963141822305749,0.9517332475469742,0.4581401484691591,0.5403825914601623,1.023482640124681,0.651892104261302,0.01038950304351541,0.00475984846687693,0.009346847337638235,39.099755189096655,1269.3818418581552,0.8453439912383146,23.590718731010742,53.80852768124919,0.027876005184441874,False,False,True,False,,constructed_monthly_profile_fit,0.6409661533493802,0.6068410227498344,0.8223040914768664,0.006512169145841307,0.012779169669830883,35.87655192360314,45.77382194534447,True,0.9453599893430036,0.0,1.4988010832439613e-15,2.9836201635310986,41.679262227664104,True,207789.60238151802,200815.6233546614,220280.50533215018,-1024.8998894664287,537.4902705681154,-4036.8496586717183,272481.7830102503,245865.24880769086,-0.014815117598228058,207.43885947494215,191.03921905211692,260.3300614285743,-11.198526853527765,-8.003269041910976,-44.10847319909913,362.9022495953286,310.8858714029239,-0.12154367532382171,2003.4727933970312,1893.5559555793034,1719.8454681417334,20.54880053714275,40.17708556480288,80.93709374645717,1893.5472380098565,1774.1299827982775,0.042743635924035954,77.65179858980402,74.60095657256143,71.37056080580479,1.1704860140381133,1.6451866742940837,4.610280589170217,77.98277272377014,74.27355944569798,0.059119218618972555,True,beta_power,-3271.394945689086,-15.41128688764478,31.058354347865688,1.251508531025249,True,True,True
state_transition,AZ_I10_W::78,2016-06-01,2016-06-01 14:35:00,2016-06-01 17:00:00,2016-06-01 18:55:00,2016-06-01 18:50:00,45.41206460633058,post_qc,0,45.41206460633058,45.41206460633058,46.169880679596965,post_qc,0,46.169880679596965,46.169880679596965,175,204,226,MD;PM,PM,260.0,12.492541233662577,23.47277914291876,64.16137486955441,44.91296240868808,4553.557142857143,1501.6157386990858,3.0324383432489093,1028.2285714285715,105.0,0.65,211.02857142857133,33.67733944593439,True,0,6,175,226,speed_mph,True,AZ_I10_W,W,144.641,1.0400000000000205,False,I10_monthly_average_weekday,state_transition__AZ_I10_W::78__2016-06-01__029,1501.6157386990858,64.16137486955441,1.0400000000000205,I10_monthly_average_weekday,78,5,False,PM,measured,4.333333333333333,4553.557142857143,3.0324383432489093,44.91296240868808,12.492541233662577,2016-06-01 14:35:00,2016-06-01 17:00:00,2016-06-01 18:55:00,1050.8208791208792,0.01620912896761377,0.06704054622238055,0.03429184022110764,0.5115089621638523,220.0,12.74908825142959,82.42321791152773,7.638068452895794,0.06536533184791965,False,False,False,False,False,False,,4.135974632340157,0,False,False,False,False,False,True,0,False,AZ_I10,constructed_monthly_average_weekday,2016-06,corridor_period,1.6931765723791028,0.8330311856451446,0.30807047291159995,1.6350981000172307,0.4348293681532922,0.3168980445386109,1.3620877089034769,4.266286280557326,0.053530746772342486,0.02327674079579157,0.05491314972208354,14.912558833312783,1067.3351114783345,0.7107911058544264,13.298282873956708,80.26112255204004,0.061996456660042824,False,False,True,False,,constructed_monthly_profile_fit,3.3025060679878733,4.183469279250608,4.369071465862748,0.04641546248835404,0.06688875922035786,12.515361056292827,16.60689477065543,True,0.9550256026008379,-5.055463983946343e-13,6.106226635438361e-15,3.3963859344185683,20.59366417530632,True,1694266.3268010465,1594040.7876656537,1532410.4699180622,3354.18542630055,3692.36612287551,355516.71877493185,1877140.1567479353,1732655.825002726,0.1893927405990021,1128.9547038751662,937.285223256597,1279.8522501875145,-2.792084831143469,-2.059003023505741,-295.9385697421612,1943.7551873575549,1665.9660745019999,-0.15225094789044702,15415.445884429959,14413.977641970576,12941.294186567597,43.73652863712145,47.20194918895339,4635.720801167776,14610.130311289731,13894.881011145973,0.31729496605417684,664.1761751538684,632.7108937806369,560.6760218211422,2.0405636648270487,2.1022986192526045,216.28336134379776,620.0366370522413,595.8802548237147,0.34882351851343063,True,beta_power,3880.3136351512244,-1.707638891345161,47.61285100940704,2.1314148266592046,True,True,True
state_transition,AZ_I10_W::78,2016-08-01,2016-08-01 14:05:00,2016-08-01 17:25:00,2016-08-01 19:15:00,2016-08-01 19:10:00,48.12332207275707,post_qc,0,48.12332207275707,48.12332207275707,47.84021631449349,post_qc,0,47.84021631449349,47.84021631449349,169,209,230,MD;PM,PM,310.0,8.129924858447836,25.69840994419441,64.16137486955441,44.91296240868808,5652.46,1501.6157386990858,3.764251968281159,1063.2,100.0,0.5789473684210527,263.0400000000002,39.71029145604565,True,0,7,169,230,speed_mph,True,AZ_I10_W,W,144.641,1.0400000000000205,False,I10_monthly_average_weekday,state_transition__AZ_I10_W::78__2016-08-01__030,1501.6157386990858,64.16137486955441,1.0400000000000205,I10_monthly_average_weekday,78,5,False,PM,measured,5.166666666666667,5652.46,3.764251968281159,44.91296240868808,8.129924858447836,2016-08-01 14:05:00,2016-08-01 17:25:00,2016-08-01 19:15:00,1094.0245161290322,0.01620912896761377,0.11171333256895903,0.03365325092996533,0.3012465043882892,220.0,14.251260164859266,76.76686155984129,7.638068452895794,0.05676687371350007,False,False,False,False,False,False,,6.892000970080808,0,False,False,False,False,False,True,0,False,AZ_I10,constructed_monthly_average_weekday,2016-08,corridor_period,1.6931765723791028,0.8330311856451446,0.30807047291159995,1.6350981000172307,0.4348293681532922,0.3168980445386109,1.3620877089034769,5.10811362570703,0.07185967212632881,0.0312466958263943,0.07321141385038497,11.808949220174547,1106.565048113554,0.736916256000499,14.729648168097185,75.12501557981903,0.05439676657933808,False,False,False,False,queue_exceeds_link,constructed_monthly_profile_fit,4.43328400125054,5.006069334414908,5.189053045743889,0.06170887544858868,0.086658858693471,10.110045205890765,13.347387249564296,False,,,,,20.857407972428412,False,2154121.811914946,1953706.9742177266,,,,,,,,1534.4224329437398,1148.7665131763981,,,,,,,,19770.54171088955,17666.22840722626,,,,,,,,839.7290724832039,775.4705496921307,,,,,,,,False,,3370.9484103126574,-2.6604808672981304,46.49761147166659,2.0529114404246043,False,True,True
state_transition,AZ_I10_W::78,2016-09-01,2016-09-01 14:10:00,2016-09-01 17:05:00,2016-09-01 19:35:00,2016-09-01 19:30:00,46.61276236685984,post_qc,0,46.61276236685984,46.61276236685984,45.25974215425005,post_qc,0,45.25974215425005,45.25974215425005,170,205,234,MD;PM,PM,325.0,8.3638068314543,23.563723704428288,64.16137486955441,44.91296240868808,5732.047619047619,1501.6157386990858,3.817253290121705,971.0857142857144,140.0,0.6296296296296297,417.71428571428567,36.89593532279575,True,0,5,170,234,speed_mph,True,AZ_I10_W,W,144.641,1.0400000000000205,False,I10_monthly_average_weekday,state_transition__AZ_I10_W::78__2016-09-01__031,1501.6157386990858,64.16137486955441,1.0400000000000205,I10_monthly_average_weekday,78,5,False,PM,measured,5.416666666666667,5732.047619047618,3.817253290121704,44.91296240868808,8.3638068314543,2016-09-01 14:10:00,2016-09-01 17:05:00,2016-09-01 19:35:00,1058.2241758241757,0.01620912896761377,0.1081361627109107,0.03792154554513645,0.35068329219814504,220.0,12.991685624423297,81.45395496907665,7.638068452895794,0.06384206916520638,False,False,False,False,False,False,,6.671312377547823,0,False,False,False,False,False,True,0,False,AZ_I10,constructed_monthly_average_weekday,2016-09,corridor_period,1.6931765723791028,0.8330311856451446,0.30807047291159995,1.6350981000172307,0.4348293681532922,0.3168980445386109,1.3620877089034769,5.167957789054831,0.07324133057452192,0.03184748149642577,0.07909221403199171,11.626547312595168,1109.1514004211622,0.7386386355953272,14.830923377142343,74.78640218252386,0.053914623515855006,False,False,False,False,queue_exceeds_link,constructed_monthly_profile_fit,4.5185235259007355,5.064057988611138,5.249555507142664,0.06271411619388781,0.08838641282247131,9.943062481799055,13.177378512816464,False,,,,,19.212766317091678,False,2331155.734448245,2150810.531285611,,,,,,,,1605.6454893856737,1264.6620742690234,,,,,,,,21276.587908026897,19448.520483258922,,,,,,,,909.959509775146,853.7054159043003,,,,,,,,False,,3797.046098833848,-1.8632750384532555,47.430891641924774,2.118494211075844,False,True,True
state_transition,AZ_I10_W::78,2016-11-01,2016-11-01 14:35:00,2016-11-01 17:15:00,2016-11-01 19:20:00,2016-11-01 19:15:00,46.2152477299037,post_qc,0,46.2152477299037,46.2152477299037,44.16825450875183,post_qc,0,44.16825450875183,44.16825450875183,175,207,231,MD;PM,PM,285.0,6.686485004887182,20.28848686218217,64.16137486955441,44.91296240868808,5003.016666666666,1501.6157386990858,3.3317556134574047,1045.8,120.0,0.7391304347826086,485.6,37.48176950386465,True,0,10,175,231,speed_mph,True,AZ_I10_W,W,144.641,1.0400000000000205,False,I10_monthly_average_weekday,state_transition__AZ_I10_W::78__2016-11-01__032,1501.6157386990858,64.16137486955441,1.0400000000000205,I10_monthly_average_weekday,78,5,False,PM,measured,4.75,5003.016666666666,3.3317556134574047,44.91296240868808,6.686485004887182,2016-11-01 14:35:00,2016-11-01 17:15:00,2016-11-01 19:20:00,1053.2666666666667,0.01620912896761377,0.1393284964424305,0.04874008123372963,0.349821339340073,220.0,12.82860026963951,82.10300769596464,7.638068452895794,0.06485973109043253,False,False,False,False,False,False,,8.595680663705755,0,False,False,False,False,False,True,0,False,AZ_I10,constructed_monthly_average_weekday,2016-11,corridor_period,1.6931765723791028,0.8330311856451446,0.30807047291159995,1.6350981000172307,0.4348293681532922,0.3168980445386109,1.3620877089034769,4.614294132923054,0.06085370513694169,0.02646097815448311,0.06380727362636242,13.495480825283355,1084.2431198674726,0.7220509827679343,13.89209773314573,78.04747279315004,0.058653574993836305,False,False,False,False,queue_exceeds_link,constructed_monthly_profile_fit,3.754285949512084,4.526749116843955,4.7050271699255495,0.052594433194892834,0.07421578840459257,11.501255088110963,15.115500199237141,False,,,,,16.012511880837454,False,2353468.9310349557,2252447.876505234,,,,,,,,1519.119309066596,1324.4241471987177,,,,,,,,21366.957354380214,20367.56749442748,,,,,,,,925.9029492595145,894.0475803162733,,,,,,,,False,,3852.979750302829,-1.7587235532288195,47.55313474287747,2.1271697654284765,False,True,True
state_transition,AZ_I10_W::78,2016-12-01,2016-12-01 13:35:00,2016-12-01 17:20:00,2016-12-01 19:15:00,2016-12-01 19:10:00,48.58114218014643,post_qc,0,48.58114218014643,48.58114218014643,45.296023933048126,post_qc,0,45.296023933048126,45.296023933048126,163,208,230,MD;PM,PM,340.0,7.783620775482156,22.66818071281713,64.16137486955441,44.91296240868808,6125.874999999999,1501.6157386990858,4.079522371886637,1003.2,105.0,0.6,238.79999999999995,37.51240315756597,True,0,8,163,230,speed_mph,True,AZ_I10_W,W,144.641,1.0400000000000205,False,I10_monthly_average_weekday,state_transition__AZ_I10_W::78__2016-12-01__033,1501.6157386990858,64.16137486955441,1.0400000000000205,I10_monthly_average_weekday,78,5,False,PM,measured,5.666666666666667,6125.875,4.079522371886638,44.91296240868808,7.783620775482156,2016-12-01 13:35:00,2016-12-01 17:20:00,2016-12-01 19:15:00,1081.0367647058822,0.01620912896761377,0.11740478029116531,0.0437079984880081,0.37228465808301603,220.0,13.776915105797615,78.46725891857744,7.638068452895794,0.05927946858949585,False,False,False,False,False,False,,7.2431270382105595,0,False,False,False,False,False,True,0,False,AZ_I10,constructed_monthly_average_weekday,2016-12,corridor_period,1.6931765723791028,0.8330311856451446,0.30807047291159995,1.6350981000172307,0.4348293681532922,0.3168980445386109,1.3620877089034769,5.462090050070428,0.08017958741382317,0.03486443933394438,0.0851479878321669,10.789644670486652,1121.5258159138211,0.7468793693421508,15.328446893061676,73.16630469727971,0.0516385797569257,False,False,False,False,queue_exceeds_link,constructed_monthly_profile_fit,4.946569773985012,5.342648312551915,5.5554745619310335,0.06772685281991023,0.09686354878017178,9.197627209313707,12.390395517332962,False,,,,,17.357307403802114,False,2733739.0376291606,2544298.376453899,,,,,,,,1869.143127398309,1496.030271156513,,,,,,,,25086.7521948057,23006.600707133664,,,,,,,,1072.8363881635512,1009.8896541839446,,,,,,,,False,,3530.1866792112965,-2.3623983355591553,46.84682096106189,2.0773137669798625,False,True,True
state_transition,AZ_I10_W::84,2016-01-01,2016-01-01 14:25:00,2016-01-01 17:20:00,2016-01-01 19:15:00,2016-01-01 19:10:00,51.19343856089398,post_qc,0,51.19343856089398,51.19343856089398,48.294215413156,post_qc,0,48.294215413156,48.294215413156,173,208,230,MD;PM,PM,290.0,11.52013262715258,23.238718062052637,68.79623913843852,48.15736739690696,5718.066666666667,1641.1798271198104,3.4841195170559653,1100.48,105.0,0.45,245.91999999999985,36.77408278600342,True,0,11,173,230,speed_mph,True,AZ_I10_W,W,145.681,1.141999999999996,False,I10_monthly_average_weekday,state_transition__AZ_I10_W::84__2016-01-01__034,1641.1798271198104,68.79623913843852,1.141999999999996,I10_monthly_average_weekday,84,5,False,PM,measured,4.833333333333333,5718.066666666667,3.4841195170559653,48.15736739690696,11.52013262715258,2016-01-01 14:25:00,2016-01-01 17:20:00,2016-01-01 19:15:00,1183.048275862069,0.016599744612520922,0.08253105856142334,0.03958265306579154,0.47960917690559296,220.0,15.049800651903771,78.60890009280061,8.367204701275757,0.05928165916245433,False,False,False,False,False,False,,4.971827006252342,0,False,False,False,False,False,True,0,False,AZ_I10,constructed_monthly_average_weekday,2016-01,corridor_period,1.6931765723791028,0.8330311856451446,0.30807047291159995,1.6350981000172307,0.4348293681532922,0.3168980445386109,1.3620877089034769,4.789417119236787,0.06623390642474929,0.028800447680998018,0.06722983393759066,13.786667443719992,1193.896151517048,0.7274621170626236,15.442487509031436,77.31242462192739,0.057352071720961934,False,False,False,False,queue_exceeds_link,constructed_monthly_profile_fit,3.990055749098098,4.702065307026739,4.86623542757623,0.05682830492776559,0.08050466678353951,11.760536968621341,15.552643623527377,False,,,,,20.326651178876812,False,2393726.0985489115,2226888.1786456658,,,,,,,,1631.1435157104452,1309.3952173871041,,,,,,,,21672.51863936682,20136.44611012284,,,,,,,,933.8586255248588,883.9023573065328,,,,,,,,False,,2941.0844655184983,-3.491246571575589,45.4830575109109,2.0048668122497277,False,True,True
state_transition,AZ_I10_W::84,2016-02-01,2016-02-01 13:45:00,2016-02-01 17:35:00,2016-02-01 19:30:00,2016-02-01 19:25:00,49.536837263665305,post_qc,0,49.536837263665305,49.536837263665305,49.0536368037824,post_qc,0,49.0536368037824,49.0536368037824,165,211,233,MD;PM,PM,345.0,9.963274111045832,24.1860166707344,68.79623913843852,48.15736739690696,7082.042105263159,1641.1798271198104,4.315213962684268,1161.7263157894736,105.0,0.75,480.884210526316,39.09036269273656,True,0,6,165,233,speed_mph,True,AZ_I10_W,W,145.681,1.141999999999996,False,I10_monthly_average_weekday,state_transition__AZ_I10_W::84__2016-02-01__035,1641.1798271198104,68.79623913843852,1.141999999999996,I10_monthly_average_weekday,84,5,False,PM,measured,5.75,7082.042105263158,4.315213962684267,48.15736739690696,9.963274111045832,2016-02-01 13:45:00,2016-02-01 17:35:00,2016-02-01 19:30:00,1231.6594965675058,0.016599744612520922,0.09802121103637687,0.039547636770789436,0.40345998945180167,220.0,16.918593117505257,72.7991676384213,8.367204701275757,0.0508999577603907,False,False,False,False,False,False,,5.904983078019226,0,False,False,False,False,False,True,0,False,AZ_I10,constructed_monthly_average_weekday,2016-02,corridor_period,1.6931765723791028,0.8330311856451446,0.30807047291159995,1.6350981000172307,0.4348293681532922,0.3168980445386109,1.3620877089034769,5.723728144204735,0.08864024996646916,0.03854338388586967,0.08930647159976104,10.851387864172152,1237.312801523202,0.7539166525673331,17.15546951107927,72.12351726801333,0.04996794677374364,False,False,False,False,queue_exceeds_link,constructed_monthly_profile_fit,5.339856246921367,5.574699566821868,5.832961096533736,0.0742146706437059,0.1079886758679836,9.166185959340087,12.575096986593019,False,,,,,20.33932788786214,False,3015107.2040531854,2756366.3328099307,,,,,,,,2131.824690028996,1620.7247980197897,,,,,,,,27788.56759147092,24924.207085305825,,,,,,,,1180.4929351233802,1094.0642294184656,,,,,,,,False,,2324.9900080095185,-4.651797072310199,44.11194956671579,1.915419292158998,False,True,True
state_transition,AZ_I10_W::84,2016-03-01,2016-03-01 12:40:00,2016-03-01 12:55:00,2016-03-01 13:15:00,2016-03-01 13:10:00,50.16291385612831,post_qc,0,50.16291385612831,50.16291385612831,50.30013714460819,post_qc,0,50.30013714460819,50.30013714460819,152,155,158,MD,MD,35.0,46.17201089283403,47.656673292485735,68.79623913843852,48.15736739690696,923.7263157894736,1641.1798271198104,0.5628428405743737,1567.7684210526315,10.0,1.0,33.473684210526244,4.128126251774162,False,0,0,152,158,speed_mph,True,AZ_I10_W,W,145.681,1.141999999999996,False,I10_monthly_average_weekday,state_transition__AZ_I10_W::84__2016-03-01__036,1641.1798271198104,68.79623913843852,1.141999999999996,I10_monthly_average_weekday,84,5,False,MD,measured,0.5833333333333334,923.7263157894737,0.5628428405743737,48.15736739690696,46.17201089283403,2016-03-01 12:40:00,2016-03-01 12:55:00,2016-03-01 13:15:00,1583.5308270676692,0.016599744612520922,0.008133854334481754,0.007381190044747772,0.907465236186586,220.0,51.504411626144496,30.745537655338296,8.367204701275757,0.005573113283409252,False,False,False,False,False,False,,0.48999876349582616,1,False,False,False,True,False,True,1,False,AZ_I10,constructed_monthly_average_weekday,2016-03,corridor_all_periods,1.2373036267126496,1.07538813292762,0.963141822305749,0.9517332475469742,0.4581401484691591,0.5403825914601623,1.023482640124681,0.6668767632874949,0.010872514143342657,0.004981135243864037,0.009572092309649692,41.56920660032191,1385.1529497531005,0.8439982790819307,25.436879154762277,54.454516268509025,0.028295700031135032,False,False,True,False,,constructed_monthly_profile_fit,0.6549808082674774,0.6213144280476629,0.8390257997914667,0.0068354953245051905,0.013351725642292615,38.12835294317548,48.731958415153,True,0.944104593640775,0.0,1.5543122344752192e-15,2.9836201635310986,47.621163074803356,True,261820.02797335899,277724.66917455336,280495.48855045857,368.04854309877686,-170.87659182347625,1693.4670570561557,317805.80245500937,303594.7734036004,0.005328622208827964,297.0820704867183,351.4174793803642,352.6518412352877,-8.166169749624052,-9.397118918040642,-37.574226858453784,427.71488900594625,398.30514254345667,-0.08784876987981452,2212.8110600555456,3013.124555315898,2121.4467231845056,32.34054115108317,38.436793530926685,148.8054825203581,2220.9567163765146,2130.392927329238,0.06700062248990331,89.32902547608181,107.28088498277785,86.99562743020228,1.650390610377265,1.5829906340735858,7.593786695682175,91.4722205602335,88.57898992962394,0.08301740844567937,True,beta_power,-4625.4871881808795,-18.36875111488636,26.924604904716595,1.3328530396765705,True,True,True
state_transition,AZ_I10_W::84,2016-03-01,2016-03-01 13:35:00,2016-03-01 17:20:00,2016-03-01 19:15:00,2016-03-01 19:10:00,51.70087406172892,post_qc,0,51.70087406172892,51.70087406172892,49.37459469741006,post_qc,0,49.37459469741006,49.37459469741006,163,208,230,MD;PM,PM,340.0,10.286141565764602,21.71474117378584,68.79623913843852,48.15736739690696,6754.031578947368,1641.1798271198104,4.115351326734475,1066.7368421052631,105.0,0.7,404.71578947368425,39.08845313164546,True,0,1,163,230,speed_mph,True,AZ_I10_W,W,145.681,1.141999999999996,False,I10_monthly_average_weekday,state_transition__AZ_I10_W::84__2016-03-01__037,1641.1798271198104,68.79623913843852,1.141999999999996,I10_monthly_average_weekday,84,5,False,PM,measured,5.666666666666667,6754.031578947368,4.115351326734475,48.15736739690696,10.286141565764602,2016-03-01 13:35:00,2016-03-01 17:20:00,2016-03-01 19:15:00,1191.8879256965943,0.016599744612520922,0.09442342113904896,0.044046351935439494,0.4664769757767658,220.0,15.368800574629569,77.55243617801463,8.367204701275757,0.05770663957501163,False,False,False,False,False,False,,5.68824541239188,0,False,False,False,False,False,True,0,False,AZ_I10,constructed_monthly_average_weekday,2016-03,corridor_period,1.6931765723791028,0.8330311856451446,0.30807047291159995,1.6350981000172307,0.4348293681532922,0.3168980445386109,1.3620877089034769,5.502022639491753,0.08309563423098064,0.03613242212895439,0.08719992635681327,11.454894030671863,1227.5543052965825,0.7479706276008032,16.74932071875257,73.28979639885995,0.05158212491974079,False,False,False,False,queue_exceeds_link,constructed_monthly_profile_fit,5.0058381120094415,5.375482258827654,5.596682640900771,0.07014081226471139,0.10043792585426115,9.757549307321856,13.16569854004734,False,,,,,18.83056066266152,False,3040240.5411220985,2839323.4266438335,,,,,,,,2066.39331827584,1669.5030092277307,,,,,,,,27575.58819382314,25674.339519191533,,,,,,,,1189.4721730125057,1126.991778946202,,,,,,,,False,,2834.1725715809544,-3.6923940724197326,45.24580098727746,1.9891775839682142,False,True,True
state_transition,AZ_I10_W::84,2016-04-01,2016-04-01 13:40:00,2016-04-01 17:10:00,2016-04-01 19:00:00,2016-04-01 18:55:00,52.389831556901385,post_qc,0,52.389831556901385,52.389831556901385,57.29101413141971,post_qc,0,57.29101413141971,57.29101413141971,164,206,227,MD;PM,PM,320.0,9.920126265022104,24.50960043769073,68.79623913843852,48.15736739690696,6435.0875,1641.1798271198104,3.921013038097879,977.625,90.0,0.6470588235294118,212.69999999999985,47.3708878663976,True,0,6,164,227,speed_mph,True,AZ_I10_W,W,145.681,1.141999999999996,False,I10_monthly_average_weekday,state_transition__AZ_I10_W::84__2016-04-01__038,1641.1798271198104,68.79623913843852,1.141999999999996,I10_monthly_average_weekday,84,5,False,PM,measured,5.333333333333333,6435.087499999999,3.9210130380978785,48.15736739690696,9.920126265022104,2016-04-01 13:40:00,2016-04-01 17:10:00,2016-04-01 19:00:00,1206.5789062499998,0.016599744612520922,0.09851975785053077,0.038729238250525086,0.3931113828891372,220.0,15.918630001548943,75.79665499685558,8.367204701275757,0.055140097314132,False,False,False,False,False,False,,5.935016480688438,0,False,False,False,False,False,True,0,False,AZ_I10,constructed_monthly_average_weekday,2016-04,corridor_period,1.6931765723791028,0.8330311856451446,0.30807047291159995,1.6350981000172307,0.4348293681532922,0.3168980445386109,1.3620877089034769,5.284714484835947,0.07779695694848458,0.033828401634158435,0.07897065142043724,12.097880340257001,1217.6793123762793,0.7419536191309678,16.35127348216588,74.46999854197205,0.053241910304789364,False,False,False,False,queue_exceeds_link,constructed_monthly_profile_fit,4.686635774492794,5.178152135514899,5.373486941872586,0.06608947154950921,0.09378681003839803,10.345464575322469,13.81075091166317,False,,,,,20.640177008616813,False,2706757.440485297,2468062.019737946,,,,,,,,1907.9474681230981,1451.2038080084637,,,,,,,,24357.41659104877,22317.239964477732,,,,,,,,1047.6334690415856,979.6297174435758,,,,,,,,False,,2651.5855074900755,-4.0361519271486985,44.839967049536796,1.9625420612698445,False,True,True
state_transition,AZ_I10_W::84,2016-06-01,2016-06-01 13:35:00,2016-06-01 17:10:00,2016-06-02 00:00:00,2016-06-01 23:55:00,52.20494268420968,post_qc,0,52.20494268420968,52.20494268420968,32.05995251576217,post_qc,0,32.05995251576217,32.05995251576217,163,206,287,MD;PM;NT,PM,625.0,11.25231572664404,32.74444022093364,68.79623913843852,48.15736739690696,11311.369230769227,1641.1798271198104,6.892218051826852,1053.046153846154,405.0,0.425,-501.2307692307692,20.80763678911813,False,0,16,163,287,speed_mph,True,AZ_I10_W,W,145.681,1.141999999999996,False,I10_monthly_average_weekday,state_transition__AZ_I10_W::84__2016-06-01__039,1641.1798271198104,68.79623913843852,1.141999999999996,I10_monthly_average_weekday,84,5,False,PM,measured,10.416666666666666,11311.369230769229,6.892218051826852,48.15736739690696,11.25231572664404,2016-06-01 13:35:00,2016-06-01 17:10:00,2016-06-02 00:00:00,1085.8914461538461,0.016599744612520922,0.08489047551131425,0.02629972585186489,0.30980773394725125,220.0,12.035969249492668,90.2205234696506,8.367204701275757,0.07828251840490351,False,True,False,False,False,True,day_boundary_censored,5.11396274417877,0,False,False,False,False,False,False,0,False,AZ_I10,constructed_monthly_average_weekday,2016-06,corridor_period,1.6931765723791028,0.8330311856451446,0.30807047291159995,1.6350981000172307,0.4348293681532922,0.3168980445386109,1.3620877089034769,8.454373882114695,0.16773380504890698,0.07293558446736371,0.23595971063212134,6.195291101904936,1337.931038831691,0.8152251305572613,22.262412110497415,60.09820643832279,0.0346974820461082,False,False,False,False,queue_exceeds_link,constructed_monthly_profile_fit,10.10460154443509,7.911072221047147,8.852899673326888,0.12330662930619585,0.2295609648805202,4.639249274096684,8.162606293856186,False,,,,,26.62037520831543,False,3932319.7249727515,3811379.613652643,,,,,,,,3053.829870525409,2946.8400647455856,,,,,,,,36086.49084137174,34136.985878831016,,,,,,,,1510.1374762449452,1486.2032438473004,,,,,,,,False,,3986.626167693133,-1.529022117696018,47.789828034785266,2.1616417934738985,False,False,False
state_transition,AZ_I10_W::84,2016-08-01,2016-08-01 13:40:00,2016-08-01 17:30:00,2016-08-01 19:30:00,2016-08-01 19:25:00,49.51784387355743,post_qc,0,49.51784387355743,49.51784387355743,50.76820994425856,post_qc,0,50.76820994425856,50.76820994425856,164,210,233,MD;PM,PM,350.0,9.953824469225502,24.781357009532517,68.79623913843852,48.15736739690696,6895.96,1641.1798271198104,4.201830832945388,1127.76,110.0,0.8095238095238095,406.6800000000002,40.814385475033056,True,0,13,164,233,speed_mph,True,AZ_I10_W,W,145.681,1.141999999999996,False,I10_monthly_average_weekday,state_transition__AZ_I10_W::84__2016-08-01__040,1641.1798271198104,68.79623913843852,1.141999999999996,I10_monthly_average_weekday,84,5,False,PM,measured,5.833333333333333,6895.960000000003,4.201830832945389,48.15736739690696,9.953824469225502,2016-08-01 13:40:00,2016-08-01 17:30:00,2016-08-01 19:30:00,1182.164571428572,0.016599744612520922,0.09813002619374023,0.03658057471650165,0.3727765714061854,220.0,15.018380869772773,78.71451534485274,8.367204701275757,0.059440409775791264,False,False,False,False,False,False,,5.911538308831711,0,False,False,False,False,False,True,0,False,AZ_I10,constructed_monthly_average_weekday,2016-08,corridor_period,1.6931765723791028,0.8330311856451446,0.30807047291159995,1.6350981000172307,0.4348293681532922,0.3168980445386109,1.3620877089034769,5.598169148653397,0.0854830682771435,0.03717054856675504,0.0914324961345064,11.186995809317281,1231.8241583784193,0.7505723248744838,16.925430346995675,72.77948820941339,0.05087269045042003,False,False,False,False,queue_exceeds_link,constructed_monthly_profile_fit,5.149661652786211,5.461855063234825,5.697780508566448,0.07217754477531005,0.10344990707934197,9.512753421966444,12.863657374252154,False,,,,,21.474109490289614,False,2766762.011743097,2542111.5295543885,,,,,,,,1931.8019094119916,1494.7444199409758,,,,,,,,25132.162816693548,22986.826330869357,,,,,,,,1078.5645696432462,1009.021645117265,,,,,,,,False,,2951.6535877811443,-3.4713668443172594,45.50649750692241,2.006421485774537,False,True,True
state_transition,AZ_I10_W::84,2016-09-01,2016-09-01 13:40:00,2016-09-01 17:20:00,2016-09-01 19:55:00,2016-09-01 19:50:00,51.71294325005174,post_qc,0,51.71294325005174,51.71294325005174,56.20206387343823,post_qc,0,56.20206387343823,56.20206387343823,164,208,238,MD;PM,PM,375.0,11.159200700775587,24.009243190932093,68.79623913843852,48.15736739690696,7370.776470588235,1641.1798271198104,4.491144936581132,1133.364705882353,135.0,0.6538461538461539,365.9294117647058,45.04286317266264,True,0,4,164,238,speed_mph,True,AZ_I10_W,W,145.681,1.141999999999996,False,I10_monthly_average_weekday,state_transition__AZ_I10_W::84__2016-09-01__041,1641.1798271198104,68.79623913843852,1.141999999999996,I10_monthly_average_weekday,84,5,False,PM,measured,6.25,7370.776470588234,4.491144936581132,48.15736739690696,11.159200700775587,2016-09-01 13:40:00,2016-09-01 17:20:00,2016-09-01 19:55:00,1179.3242352941174,0.016599744612520922,0.08573733405661929,0.03841937527179536,0.4481055504527811,220.0,14.917962335787696,79.05397592169527,8.367204701275757,0.05995226525952278,False,False,False,False,False,False,,5.164979104073022,0,False,False,False,False,False,True,0,False,AZ_I10,constructed_monthly_average_weekday,2016-09,corridor_period,1.6931765723791028,0.8330311856451446,0.30807047291159995,1.6350981000172307,0.4348293681532922,0.3168980445386109,1.3620877089034769,5.917469590370636,0.0935986629991377,0.04069944749190798,0.10235130536221079,10.363126153550482,1245.596003160292,0.7589637543536296,17.510666676626386,71.13355682927482,0.04861764665473231,False,False,False,False,queue_exceeds_link,constructed_monthly_profile_fit,5.638560422702993,5.738637851356626,6.040265720459617,0.07787497500260393,0.11443352779065694,8.715354401589321,12.087890485364348,False,,,,,20.756420720672672,False,3067180.5026236433,2811096.8309352966,,,,,,,,2136.8758744313386,1652.9059614826774,,,,,,,,27485.46463752367,25419.102938923348,,,,,,,,1185.6654313341403,1115.7880037747484,,,,,,,,False,,2985.47955231604,-3.4077491623823124,45.581498388350674,2.011401532656954,False,True,True
state_transition,AZ_I10_W::84,2016-11-01,2016-11-01 13:35:00,2016-11-01 17:15:00,2016-11-01 19:20:00,2016-11-01 19:15:00,49.21289056859512,post_qc,0,49.21289056859512,49.21289056859512,46.26086026880981,post_qc,0,46.26086026880981,46.26086026880981,163,207,231,MD;PM,PM,345.0,9.106381001739782,21.21682786176614,68.79623913843852,48.15736739690696,6758.550000000001,1641.1798271198104,4.118104480884902,1078.8000000000002,120.0,0.6956521739130435,478.6,37.15447926707003,True,0,3,163,231,speed_mph,True,AZ_I10_W,W,145.681,1.141999999999996,False,I10_monthly_average_weekday,state_transition__AZ_I10_W::84__2016-11-01__042,1641.1798271198104,68.79623913843852,1.141999999999996,I10_monthly_average_weekday,84,5,False,PM,measured,5.75,6758.549999999999,4.118104480884901,48.15736739690696,9.106381001739782,2016-11-01 13:35:00,2016-11-01 17:15:00,2016-11-01 19:20:00,1175.3999999999999,0.016599744612520922,0.10880682466915265,0.046061986825850595,0.4233372949344916,220.0,14.780633616912839,79.52297786848871,8.367204701275757,0.060663519574831286,False,False,False,False,False,False,,6.554728835230477,0,False,False,False,False,False,True,0,False,AZ_I10,constructed_monthly_average_weekday,2016-11,corridor_period,1.6931765723791028,0.8330311856451446,0.30807047291159995,1.6350981000172307,0.4348293681532922,0.3168980445386109,1.3620877089034769,5.505088716050451,0.08317136275331605,0.03616535111447268,0.08930647159976104,11.446199507564378,1227.6913867518608,0.7480541537647332,16.754936516388035,73.27341321472949,0.05155927221711633,False,False,False,False,queue_exceeds_link,constructed_monthly_profile_fit,5.010400141372128,5.377957336948076,5.600105222964774,0.07020540670512525,0.10053340704772483,9.749595806456647,13.155901607089376,False,,,,,18.22483952782513,False,3124174.286471447,2935653.8655415685,,,,,,,,2092.762616911108,1726.1446570621572,,,,,,,,28283.290401220656,26545.39928331873,,,,,,,,1222.2666774970976,1165.2275120371494,,,,,,,,False,,3031.8539829417855,-3.320546958147153,45.68427888240649,2.018239844784564,False,True,True
state_transition,AZ_I10_W::84,2016-12-01,2016-12-01 12:00:00,2016-12-01 12:15:00,2016-12-01 12:30:00,2016-12-01 12:25:00,46.91198347133994,post_qc,0,46.91198347133994,46.91198347133994,51.16030843871491,post_qc,0,51.16030843871491,51.16030843871491,144,147,149,MD,MD,30.0,43.29472749494519,46.791375509298895,68.79623913843852,48.15736739690696,768.2400000000001,1641.1798271198104,0.4681022684444174,1625.52,5.0,,,7.8655809437697215,False,0,0,144,149,speed_mph,True,AZ_I10_W,W,145.681,1.141999999999996,False,I10_monthly_average_weekday,state_transition__AZ_I10_W::84__2016-12-01__043,1641.1798271198104,68.79623913843852,1.141999999999996,I10_monthly_average_weekday,84,5,False,MD,measured,0.5,768.24,0.4681022684444174,48.15736739690696,43.29472749494519,2016-12-01 12:00:00,2016-12-01 12:15:00,2016-12-01 12:30:00,1536.48,0.016599744612520922,0.009777601223258464,0.007846871375277516,0.80253542725917,220.0,42.24722311875653,36.36878087066148,8.367204701275757,0.010431617822587417,True,False,False,False,False,False,,0.5890211838490199,1,False,False,False,True,False,True,1,False,AZ_I10,constructed_monthly_average_weekday,2016-12,corridor_all_periods,1.2373036267126496,1.07538813292762,0.963141822305749,0.9517332475469742,0.4581401484691591,0.5403825914601623,1.023482640124681,0.5469714219136238,0.009003344746943906,0.004124793699083904,0.008265923709325978,44.603992274777056,1404.5340747643636,0.8558075425709147,26.938677972194125,52.13819609908518,0.02579283312194543,False,False,True,True,,constructed_monthly_profile_fit,0.5423785098568822,0.5064075897936943,0.7039204934985775,0.00548322707657496,0.011237729208742789,41.02383974785936,51.715743391879215,True,0.9435672822933178,-8.529177364380303e-14,1.5543122344752192e-15,2.9836201635310986,46.714031936771136,True,209734.7605839897,182655.11781426307,236627.15031324647,-358.4104488471568,-557.7740037311423,-1135.742324316232,261766.9555798447,251378.55853539312,-0.004338753613115256,228.9885985833453,173.7628302031175,306.43928694709325,-9.547881589091041,-10.141098576166396,-30.25562804647692,356.7136552375709,335.0849845486326,-0.0848176894891414,1874.7559942839328,1722.3146305872756,1743.67642964461,28.65230079218229,37.53397063573809,90.79431362392627,1814.1505033164428,1743.6468138121784,0.050047839723300507,74.21288523167483,67.85451392769652,71.85652495383508,1.5133393780720485,1.5371871645115909,4.795517508653304,74.55510639405769,72.48236867262166,0.06432178479240322,True,beta_power,-3592.9934297587206,-16.140670851173418,30.002266751666234,1.2892665026100625,True,True,True
state_transition,AZ_I10_W::84,2016-12-01,2016-12-01 13:35:00,2016-12-01 17:20:00,2016-12-01 19:20:00,2016-12-01 19:15:00,54.00811750651632,post_qc,0,54.00811750651632,54.00811750651632,49.54387276125647,post_qc,0,49.54387276125647,49.54387276125647,163,208,231,MD;PM,PM,345.0,10.375885556045969,21.95060005907656,68.79623913843852,48.15736739690696,6720.02,1641.1798271198104,4.094627467968152,1074.48,105.0,0.65,301.20000000000005,39.16798720521051,True,0,7,163,231,speed_mph,True,AZ_I10_W,W,145.681,1.141999999999996,False,I10_monthly_average_weekday,state_transition__AZ_I10_W::84__2016-12-01__044,1641.1798271198104,68.79623913843852,1.141999999999996,I10_monthly_average_weekday,84,5,False,PM,measured,5.75,6720.020000000001,4.094627467968154,48.15736739690696,10.375885556045969,2016-12-01 13:35:00,2016-12-01 17:20:00,2016-12-01 19:20:00,1168.6991304347828,0.016599744612520922,0.09346315014777827,0.04492479104862996,0.4806684878221802,220.0,14.54984370687407,80.32382711318274,8.367204701275757,0.061889071006883865,False,False,False,False,False,False,,5.630396872327813,0,False,False,False,False,False,True,0,False,AZ_I10,constructed_monthly_average_weekday,2016-12,corridor_period,1.6931765723791028,0.8330311856451446,0.30807047291159995,1.6350981000172307,0.4348293681532922,0.3168980445386109,1.3620877089034769,5.478932304136061,0.08252619099317232,0.03588481148565903,0.08930647159976104,11.520698322008128,1226.519990934555,0.7473404015006918,16.707028904742366,73.4134116800625,0.05175471903935161,False,False,False,False,queue_exceeds_link,constructed_monthly_profile_fit,4.9715337747379635,5.356834970973714,5.5723025223532545,0.06965687046417321,0.09972007422668301,9.817764136785737,13.239564281503506,False,,,,,18.561700429396357,False,3063305.3605541703,2865944.897603285,,,,,,,,2068.7255728075684,1685.1562544550306,,,,,,,,27802.022425537405,25915.061896043535,,,,,,,,1198.135762960906,1137.5584437485352,,,,,,,,False,,3110.0892174209685,-3.173474949293508,45.85755996068323,2.029804368350849,False,True,True
state_transition,PeMS::D12_I405_N::L405N-001,2025-10-01,2025-10-01 15:15:00,2025-10-01 16:25:00,2025-10-01 18:45:00,2025-10-01 18:40:00,49.75217391304348,post_qc,0,49.75217391304348,49.75217391304348,49.19565217391304,post_qc,0,49.19565217391304,49.19565217391304,183,197,224,MD;PM,PM,210.0,36.1695652173913,40.86211180124224,69.5013718528299,48.65096029698093,4233.641304347826,1241.7940873327047,3.4092941394506235,1199.445652173913,130.0,0.4,2.086956521739012,13.026086956521738,True,0,3,183,224,speed_mph,True,D12_I405_N,N,83.0,1.0545,False,PeMS_average_weekday,state_transition__PeMS::D12_I405_N::L405N-001__2025-10-01__045,1241.7940873327047,69.5013718528299,1.0545,PeMS_average_weekday,L405N-001,8,False,PM,measured,3.5,4233.641304347826,3.4092941394506235,48.65096029698093,36.1695652173913,2025-10-01 15:15:00,2025-10-01 16:25:00,2025-10-01 18:45:00,1209.611801242236,0.01517236238491692,0.013981983089298732,0.010835602485615829,0.7749689308313482,220.0,52.35133352608551,23.10565404488719,6.143456255051623,0.004970390988778251,False,False,False,False,False,False,,0.9215429169552685,0,False,False,False,False,False,True,0,False,D12_I405,released_monthly_average_weekday,2025-10,corridor_period,1.056527818742748,1.0002210390968347,0.46724437736048935,0.5039590405280147,0.7938530206665482,0.38134600364984783,0.5040704351791746,3.602990759246849,0.013524858095402863,0.010736749453121983,0.01332862350709317,36.74571900519647,1175.0352935217643,0.9462400453570092,40.89378018123241,28.733838943581674,0.010613955126613775,False,False,False,False,queue_exceeds_link,released_profile_fit,0.8914141220913715,3.540616936558559,3.6877581943363213,0.011541987669331467,0.01528380956258514,34.62352399048696,39.47316717810529,False,,,,,40.54527162156997,False,1102034.0636621956,1070869.6451690837,,,,,,,,1092.0205784365105,1018.7359793137857,,,,,,,,10588.761061542451,10097.578865553665,,,,,,,,411.4503641968169,397.81715465953914,,,,,,,,False,,-4696.342833106652,-18.556241918994754,26.61813641465987,1.3594791794132144,False,True,True
state_transition,PeMS::D12_I405_N::L405N-002,2025-10-01,2025-10-01 16:05:00,2025-10-01 16:30:00,2025-10-01 17:25:00,2025-10-01 17:20:00,50.66521739130437,post_qc,0,50.66521739130437,50.66521739130437,50.36956521739132,post_qc,0,50.36956521739132,50.36956521739132,193,198,208,PM,PM,80.0,48.6695652173913,49.6710597826087,71.87369565217391,50.31158695652173,1843.7434782608696,1442.7284347826087,1.2779560129337064,1367.4521739130437,40.0,0.4285714285714285,13.721739130434798,1.700000000000017,True,0,1,193,208,speed_mph,True,D12_I405_N,N,82.0,0.9681,False,PeMS_average_weekday,state_transition__PeMS::D12_I405_N::L405N-002__2025-10-01__046,1442.7284347826087,71.87369565217391,0.9681,PeMS_average_weekday,L405N-002,5,False,PM,measured,1.3333333333333333,1843.7434782608693,1.2779560129337062,50.31158695652173,48.6695652173913,2025-10-01 16:05:00,2025-10-01 16:30:00,2025-10-01 17:25:00,1382.807608695652,0.013469461827662657,0.006421819215753457,0.006022074825021734,0.9377521575582345,220.0,48.73044082430168,28.376669394011543,7.216280002662879,0.006396970398766377,False,False,False,False,False,False,,0.47676880471681243,0,False,False,False,False,False,True,0,False,D12_I405,released_monthly_average_weekday,2025-10,corridor_period,1.056527818742748,1.0002210390968347,0.46724437736048935,0.5039590405280147,0.7938530206665482,0.38134600364984783,0.5040704351791746,1.3502692782520032,0.007321850560644261,0.005812473184436506,0.007275424422663279,46.562717250329115,1365.4635471286847,0.9464453005907751,44.36184783786973,30.780132336215473,0.008353344191106836,False,False,True,False,,released_profile_fit,0.5435889461899024,1.3163857241164323,1.4388419153923868,0.005640372410983392,0.008533942141277721,43.997737896296755,50.659789300506084,True,0.9582368165462947,-4.093932922135378e-13,9.71445146547012e-14,3.8509078485329438,49.6677105171527,True,494911.33987568936,450558.9407550765,441263.68630472757,-7834.196403634135,-3945.9725916739835,-83956.80723028733,428016.66829275637,478033.1220549208,-0.1961531254499235,637.4362107792413,570.1124345310527,520.6224260820732,-24.758368735237262,-16.94557465359162,-265.328246082323,488.2509695855875,587.2345849319778,-0.5434259481502424,4387.298682287774,4888.259339875131,3727.8375099854366,21.67336011558441,28.831151963596803,232.26710481915262,3588.3097207175542,3587.702206500409,0.06472883415780123,169.44360119302416,174.04417851958112,148.9116527286781,0.6181783709006023,1.3336803866553235,6.624838036426988,142.47380214914526,149.69014637147336,0.046498640006054845,True,flat_top_power,-4416.050116644505,-17.97613294718313,27.385462306932762,1.364560508162827,True,True,True
state_transition,PeMS::D12_I405_N::L405N-016,2025-10-01,2025-10-01 14:30:00,2025-10-01 18:00:00,2025-10-01 19:20:00,2025-10-01 19:15:00,46.966666666666654,post_qc,0,46.966666666666654,46.966666666666654,47.485714285714295,post_qc,0,47.485714285714295,47.485714285714295,174,216,231,MD;PM,PM,290.0,35.44761904761906,38.36472525932156,67.26942609494725,47.08859826646307,5812.472822299651,1241.0662533816374,4.683450868526896,1170.5142857142855,70.0,0.4615384615384615,18.28571428571422,12.038095238095238,True,0,1,174,231,speed_mph,True,D12_I405_N,N,70.0,0.6301,False,PeMS_average_weekday,state_transition__PeMS::D12_I405_N::L405N-016__2025-10-01__047,1241.0662533816374,67.26942609494725,0.6301,PeMS_average_weekday,L405N-016,5,False,PM,measured,4.833333333333333,5812.472822299651,4.683450868526896,47.08859826646307,35.44761904761906,2025-10-01 14:30:00,2025-10-01 18:00:00,2025-10-01 19:20:00,1202.5805839240659,0.00936681099539406,0.00840871291648127,0.007176727059771966,0.8534869879676136,220.0,48.68883030003997,24.699311454255223,6.157584967461026,0.003574555558640464,False,False,False,False,False,False,,0.8977135249783608,0,False,False,False,False,False,True,0,False,D12_I405,released_monthly_average_weekday,2025-10,corridor_period,1.056527818742748,1.0002210390968347,0.46724437736048935,0.5039590405280147,0.7938530206665482,0.38134600364984783,0.5040704351791746,4.949885199010266,0.009799035580059198,0.0077789939948489754,0.00968206904540423,32.87618929429412,1174.264167472381,0.9461736343831482,40.08009982379719,29.297935200629723,0.006354207733852813,False,False,False,False,queue_exceeds_link,released_profile_fit,1.0461442624258859,4.8185392775389015,5.090979165801532,0.008144786186247172,0.01152430434590762,30.161147666124336,35.98187920132027,False,,,,,38.087378763772946,False,938791.7168944291,935202.1763103764,,,,,,,,898.1142494710177,889.6732755829545,,,,,,,,8874.900815239867,8818.326089577797,,,,,,,,348.9883563114023,347.4180732356643,,,,,,,,False,,-4339.692751522809,-17.690364124294398,27.946312790410396,1.2786572735024186,False,True,True
state_transition,PeMS::D12_I405_N::L405N-027,2025-10-01,2025-10-01 14:45:00,2025-10-01 16:10:00,2025-10-01 18:45:00,2025-10-01 18:40:00,50.17826086956522,post_qc,0,50.17826086956522,50.17826086956522,48.76956521739131,post_qc,0,48.76956521739131,48.76956521739131,177,194,224,MD;PM,PM,240.0,34.708695652173915,40.73152173913044,69.52946237146797,48.67062366002758,4174.755434782608,1089.9315953866496,3.8302912333701338,1024.8260869565215,145.0,0.5357142857142857,45.39130434782589,14.060869565217397,True,0,4,177,224,speed_mph,True,D12_I405_N,N,84.0,0.2517,False,PeMS_average_weekday,state_transition__PeMS::D12_I405_N::L405N-027__2025-10-01__048,1089.9315953866496,69.52946237146797,0.2517,PeMS_average_weekday,L405N-027,8,False,PM,measured,4.0,4174.755434782608,3.8302912333701338,48.67062366002758,34.708695652173915,2025-10-01 14:45:00,2025-10-01 16:10:00,2025-10-01 18:45:00,1043.688858695652,0.0036200481265807587,0.003631736916636076,0.0026236661748766377,0.7224273770653047,220.0,42.87125327152777,24.34472470597916,5.334325165152073,0.0022510188656959134,False,False,False,False,False,False,,1.003228904601983,0,False,False,False,False,False,True,0,False,D12_I405,released_monthly_average_weekday,2025-10,corridor_period,1.056527818742748,1.0002210390968347,0.46724437736048935,0.5039590405280147,0.7938530206665482,0.38134600364984783,0.5040704351791746,4.048010684943781,0.0034220263365015054,0.002716585944032202,0.003401511971637763,35.74230879260438,1031.3103792710435,0.946215692467553,38.67618221647464,26.665258052066548,0.002887833095800724,False,False,False,False,queue_exceeds_link,released_profile_fit,0.9452985752799119,3.9710067352848215,4.15003133301383,0.0028901507538899073,0.003885538725167619,33.535019325380546,38.6624167918169,False,,,,,40.31254279864289,False,264299.1314495538,253507.16586913547,,,,,,,,265.24018014809076,241.16555366921327,,,,,,,,2518.1973465040737,2390.4016813758985,,,,,,,,98.05035278535294,94.1753273769748,,,,,,,,False,,-3702.491693202798,-16.381549435746656,29.663243667084952,1.2970225759480576,False,True,True
state_transition,PeMS::D12_I405_N::L405N-063,2025-10-01,2025-10-01 14:45:00,2025-10-01 17:35:00,2025-10-01 19:05:00,2025-10-01 19:00:00,50.82608695652175,post_qc,0,50.82608695652175,50.82608695652175,51.39565217391305,post_qc,0,51.39565217391305,51.39565217391305,177,211,228,MD;PM,PM,260.0,33.695652173913054,39.90969899665552,70.58477531332669,49.40934271932868,4284.913043478262,1062.3213802487749,4.03353742393363,950.608695652174,75.0,0.4285714285714285,72.0,17.699999999999996,True,0,4,177,228,speed_mph,True,D12_I405_N,N,55.0,0.2336,False,PeMS_average_weekday,state_transition__PeMS::D12_I405_N::L405N-063__2025-10-01__049,1062.3213802487749,70.58477531332669,0.2336,PeMS_average_weekday,L405N-063,6,False,PM,measured,4.333333333333333,4284.91304347826,4.033537423933629,49.40934271932868,33.695652173913054,2025-10-01 14:45:00,2025-10-01 17:35:00,2025-10-01 19:05:00,988.8260869565216,0.0033094955528730767,0.003623149608417244,0.002586383255780412,0.7138494225498629,220.0,33.829771519656106,29.22946394663009,5.183327087155051,0.003595664887370259,False,False,False,False,False,False,,1.0947739770406624,0,False,False,False,False,False,True,0,False,D12_I405,released_monthly_average_weekday,2025-10,corridor_period,1.056527818742748,1.0002210390968347,0.46724437736048935,0.5039590405280147,0.7938530206665482,0.38134600364984783,0.5040704351791746,4.26285840855807,0.0032110668795603003,0.002549115141901252,0.0032377114347355643,35.825130488448366,1005.1736728754382,0.9462048788287083,38.548460982976664,26.075585049149737,0.0027504091500192072,False,False,False,False,queue_exceeds_link,released_profile_fit,0.9702587080900207,4.176732865682963,4.3736668844330975,0.002700859290791941,0.003648442178499552,33.573166220122545,38.86626257817272,False,,,,,39.6208958123666,False,254113.8696054528,245700.8956438959,,,,,,,,251.28686315044268,233.73931988009335,,,,,,,,2376.8200650161584,2316.793815469181,,,,,,,,93.50412797810489,91.27537758054747,,,,,,,,False,,-2193.8533516351536,-13.352813821942327,33.53540971035151,1.3883496561366848,False,True,True
state_transition,PeMS::D12_I405_N::L405N-065,2025-10-01,2025-10-01 16:20:00,2025-10-01 17:30:00,2025-10-01 18:10:00,2025-10-01 18:05:00,47.66,post_qc,0,47.66,47.66,47.32000000000001,post_qc,0,47.32000000000001,47.32000000000001,196,210,217,PM,PM,110.0,43.94,45.4530303030303,67.72814868372754,47.40970407860927,1940.9333333333332,1201.608494182071,1.6152793049740526,997.76,35.0,0.5,0.8000000000001819,3.3800000000000097,True,0,2,196,217,speed_mph,True,D12_I405_N,N,59.0,0.292,False,PeMS_average_weekday,state_transition__PeMS::D12_I405_N::L405N-065__2025-10-01__050,1201.608494182071,67.72814868372754,0.292,PeMS_average_weekday,L405N-065,5,False,PM,measured,1.8333333333333333,1940.9333333333334,1.6152793049740526,47.40970407860927,43.94,2025-10-01 16:20:00,2025-10-01 17:30:00,2025-10-01 18:10:00,1058.6909090909091,0.004311353634713425,0.0023340719456233982,0.0021140367759464175,0.9057290542866225,220.0,25.328770406042054,41.797959084439555,5.940958384379901,0.007217038597478975,True,False,False,False,False,False,,0.5413779855195163,0,False,False,False,False,False,True,0,False,D12_I405,released_monthly_average_weekday,2025-10,corridor_period,1.056527818742748,1.0002210390968347,0.46724437736048935,0.5039590405280147,0.7938530206665482,0.38134600364984783,0.5040704351791746,1.7067684115250035,0.002637328437822136,0.0020936511468548917,0.002734139264458474,42.02235718253976,1137.1978296687028,0.9463962972755015,39.78520129950759,28.58343787449374,0.0030280587714672114,False,False,True,True,,released_profile_fit,0.6117170293309607,1.6716382175629738,1.7939944622244204,0.002140824583943663,0.003043222692659624,39.703170793311635,45.25603886698705,True,0.988099019513381,0.0,9.725553695716371e-14,3.8509078485329438,45.44470940093642,True,122926.67990333306,121290.36924538779,136569.83926252136,-5779.657107969997,-3177.641113398753,-23486.430201124083,149026.235511634,149972.39827959868,-0.15759929867711497,119.23339306978875,115.38553142480846,145.89127868407763,-20.779057006246575,-15.274139804255078,-84.43855109491072,169.48468035333514,172.59158329116562,-0.49820757202879035,1169.4763000036323,1143.6864184286867,1197.293724141374,29.86733039840766,31.15832185379712,121.36999783755243,1252.2095541695921,1179.3184909011488,0.09692467002301339,45.77395717482546,45.058135505546474,47.90153759316188,0.9685752013833913,1.2920843247538965,3.9359383155207093,49.7110967052389,49.15602733198061,0.07917625191129433,True,flat_top_power,-97.58654380292546,-9.2461620442838,38.63542588818647,1.5848168790673633,True,True,True
state_transition,PeMS::D12_I405_N::L405N-071,2025-10-01,2025-10-01 14:40:00,2025-10-01 17:05:00,2025-10-01 19:20:00,2025-10-01 19:15:00,49.05652173913043,post_qc,0,49.05652173913043,49.05652173913043,48.92608695652173,post_qc,0,48.92608695652173,48.92608695652173,176,205,231,MD;PM,PM,280.0,32.10000000000001,37.310481366459626,69.23271268378657,48.4628988786506,5117.057971014492,1197.6133549776414,4.272712849891377,1050.5217391304348,125.0,0.5,106.608695652174,16.82608695652172,True,0,2,176,231,speed_mph,True,D12_I405_N,N,69.0,0.2896,False,PeMS_average_weekday,state_transition__PeMS::D12_I405_N::L405N-071__2025-10-01__051,1197.6133549776414,69.23271268378657,0.2896,PeMS_average_weekday,L405N-071,6,False,PM,measured,4.666666666666667,5117.057971014492,4.272712849891377,48.4628988786506,32.10000000000001,2025-10-01 14:40:00,2025-10-01 17:05:00,2025-10-01 19:20:00,1096.5124223602481,0.004182993685697667,0.004838813167884885,0.0036670996307920185,0.7578510480897449,220.0,31.865934111412283,34.41017666472703,5.908257266775718,0.0049050813409899805,True,False,False,False,False,False,,1.1567823265977117,0,False,False,False,False,False,True,0,False,D12_I405,released_monthly_average_weekday,2025-10,corridor_period,1.056527818742748,1.0002210390968347,0.46724437736048935,0.5039590405280147,0.7938530206665482,0.38134600364984783,0.5040704351791746,4.5156893081927905,0.004178163192463394,0.0033168474711748534,0.004247988265492331,34.63635525801714,1133.1731706454298,0.9461928308795332,40.17607353927005,28.205174643007638,0.0030252766724529596,False,False,False,True,queue_exceeds_link,released_profile_fit,0.9988452066636414,4.4129806429545075,4.637411448149401,0.0034982412307951894,0.004791991971868604,32.2674616264599,37.70227759714329,False,,,,,36.891281201928436,False,364373.4700681898,390671.1448732961,,,,,,,,330.1820134276992,371.6519122169111,,,,,,,,3405.0207032296057,3683.765539204712,,,,,,,,138.10376026182183,145.13034706156046,,,,,,,,False,,-1732.6059477775025,-12.426536622996107,34.72004464564492,1.4160811446721486,False,True,True
state_transition,PeMS::D12_I405_N::L405N-074,2025-10-01,2025-10-01 15:40:00,2025-10-01 17:40:00,2025-10-01 18:55:00,2025-10-01 18:50:00,48.89782608695652,post_qc,0,48.89782608695652,48.89782608695652,49.75869565217391,post_qc,0,49.75869565217391,49.75869565217391,188,212,226,MD;PM,PM,195.0,38.14565217391304,42.73338907469341,68.78651884704944,48.150563192934605,4509.691304347826,1413.4757945820145,3.1904977231544374,1362.3652173913044,65.0,0.5,-3.5478260869565474,11.61304347826087,False,0,1,188,226,speed_mph,True,D12_I405_N,N,73.0,0.6257,False,PeMS_average_weekday,state_transition__PeMS::D12_I405_N::L405N-074__2025-10-01__052,1413.4757945820145,68.78651884704944,0.6257,PeMS_average_weekday,L405N-074,5,False,PM,measured,3.25,4509.691304347826,3.1904977231544374,48.150563192934605,38.14565217391304,2025-10-01 15:40:00,2025-10-01 17:40:00,2025-10-01 18:55:00,1387.5973244147158,0.009096259128787691,0.0073066587489122,0.005610759272946955,0.7678967180152313,220.0,57.33786775225134,24.200364938757815,7.08682283284493,0.0018162499080596412,False,False,False,False,False,False,,0.8032597406760551,0,False,False,False,False,False,True,0,False,D12_I405,released_monthly_average_weekday,2025-10,corridor_period,1.056527818742748,1.0002210390968347,0.46724437736048935,0.5039590405280147,0.7938530206665482,0.38134600364984783,0.5040704351791746,3.371714146705994,0.007841913802762435,0.006225326960129658,0.00769795122773396,36.940229771449026,1337.5070092325539,0.9462539184323806,42.77496057454275,31.2684568557747,0.005531457451093422,False,False,False,False,queue_exceeds_link,released_profile_fit,0.8621031669980108,3.3148361503049486,3.4507639727023576,0.006721842053126633,0.008875415014555516,34.81589979331702,39.55594878090271,False,,,,,42.54431339571865,False,657776.1758718514,645041.4593143968,,,,,,,,643.5848796550141,613.6385933778982,,,,,,,,6283.0179141036515,6082.30612975357,,,,,,,,245.1972638456384,239.62632533241086,,,,,,,,False,,-4965.326181690109,-19.2305445608146,25.557870668174136,1.4349644251589448,False,True,True
state_transition,PeMS::D12_I405_N::L405N-076,2025-10-01,2025-10-01 07:40:00,2025-10-01 08:45:00,2025-10-01 09:20:00,2025-10-01 09:15:00,50.73913043478261,post_qc,0,50.73913043478261,50.73913043478261,50.23181818181818,post_qc,0,50.23181818181818,50.23181818181818,92,105,111,AM,AM,100.0,44.21739130434783,46.62441699604743,70.33521739130434,49.23465217391304,2529.234782608696,1982.51895652174,1.2757682716165042,1531.7217391304348,25.0,0.75,55.61739130434762,6.014426877470349,False,0,1,92,111,speed_mph,True,D12_I405_N,N,71.0,0.4548,False,PeMS_average_weekday,state_transition__PeMS::D12_I405_N::L405N-076__2025-10-01__053,1982.51895652174,70.33521739130434,0.4548,PeMS_average_weekday,L405N-076,5,False,AM,measured,1.6666666666666667,2529.2347826086952,1.275768271616504,49.23465217391304,44.21739130434783,2025-10-01 07:40:00,2025-10-01 08:45:00,2025-10-01 09:20:00,1517.540869565217,0.0064661774978209945,0.0038193682248928683,0.0032918678372359424,0.8618880514795816,220.0,20.73867966528158,73.17442065059316,10.33567091163225,0.01546385890470738,True,False,False,False,False,False,,0.5906686332350045,0,False,False,False,False,False,True,0,False,D12_I405,released_monthly_average_weekday,2025-10,corridor_all_periods,1.0922327945724595,0.9767746759318446,0.4561731688367127,0.5058138555090778,0.812737110501748,0.38766821376084454,0.49406616479671633,1.3855762322159408,0.0034786920974597068,0.0028272621636146675,0.003819368224892868,45.73212304521555,1825.4028351537977,0.9207492463811812,42.07154245241033,43.38806539405161,0.004343979997936425,False,False,True,True,,released_profile_fit,0.5379827724543557,1.3239762036592544,1.5601757577232056,0.002807083766471331,0.004059982370722217,43.20664600922107,49.04423539026113,True,0.9782071549212853,-2.808014690334976e-13,-4.884981308350689e-15,4.340086349619926,46.60769492083389,True,265210.97734415677,240031.45402627246,275886.66915445734,-6484.639230836069,-3610.5279246982736,-46370.42178575941,290787.59310254076,307867.2252710697,-0.15946492520885427,280.8413974497994,228.34588643602558,311.9094998728904,-22.144493839783934,-16.206626598812786,-158.35106364900113,337.9154121798606,372.77130688309825,-0.46861154579334896,2442.235889065138,2263.3348028658634,2370.7510718491258,27.05570125270227,29.872558576439708,193.47017376563434,2403.578158560862,2335.00380220398,0.08049256608383988,95.8246742245008,89.16923782487702,94.75039778387506,0.848342163290319,1.3092203535533427,6.06633345820594,95.52910693115409,97.32461396909518,0.06350246174265844,True,flat_top_power,1086.2027365818258,-7.009661473462418,41.288027406665705,1.752194758215178,True,True,True
state_transition,PeMS::D12_I405_N::L405N-080,2025-10-01,2025-10-01 16:25:00,2025-10-01 16:35:00,2025-10-01 17:00:00,2025-10-01 16:55:00,50.18260869565218,post_qc,0,50.18260869565218,50.18260869565218,49.83478260869565,post_qc,0,49.83478260869565,49.83478260869565,197,199,203,PM,PM,35.0,49.81304347826087,49.9608695652174,71.42543478260869,49.99780434782608,923.1826086956524,1643.3827826086956,0.5617575031607658,1574.504347826087,15.0,0.0,-57.80869565217381,0.0217391304347742,False,0,0,197,203,speed_mph,True,D12_I405_N,N,81.0,0.8345,False,PeMS_average_weekday,state_transition__PeMS::D12_I405_N::L405N-080__2025-10-01__054,1643.3827826086956,71.42543478260869,0.8345,PeMS_average_weekday,L405N-080,5,False,PM,measured,0.5833333333333334,923.1826086956522,0.5617575031607657,49.99780434782608,49.81304347826087,2025-10-01 16:25:00,2025-10-01 16:35:00,2025-10-01 17:00:00,1582.598757763975,0.011683513058616923,0.005069127248618827,0.005019193613757656,0.9901494611572877,220.0,52.24042013436118,30.294525842126973,8.342398999234652,0.0042907076282321654,False,False,False,False,False,False,,0.4338701230688659,1,False,False,False,True,False,True,1,False,D12_I405,released_monthly_average_weekday,2025-10,corridor_period,1.056527818742748,1.0002210390968347,0.46724437736048935,0.5039590405280147,0.7938530206665482,0.38134600364984783,0.5040704351791746,0.5934367793082401,0.004196696300476921,0.0033315600349537312,0.004160535043360423,52.549685028057986,1555.6545210625327,0.9466172686761976,46.40375979021287,33.52432061745651,0.006299943535691337,False,False,True,False,,released_profile_fit,0.3591981520816411,0.5672598660572357,0.6641071576996571,0.0025230179050208476,0.0050873872160781914,49.75880766747514,58.74058971065876,True,0.945533909306213,-2.0498771762148587e-13,9.725553695716371e-14,3.8509078485329438,49.961962235750704,True,208015.38007645385,193321.2100271538,224721.18303181598,-10470.447515979979,-4178.480780479816,-32203.309231752944,190157.26315825127,211416.19781377615,-0.1693509293145061,266.92269852140754,244.6179971711677,299.5749047735512,-29.864362567558416,-17.43558874014082,-91.85197684286926,235.4429197646893,276.9091257104389,-0.39012418353743517,1931.4334374790276,2097.4041907313967,1406.3486234867987,11.159390721955061,28.17039595706577,34.322249331616895,1491.920333439447,1503.3963523478321,0.02300541695312308,73.15289726591992,74.67709137721356,63.40771448269574,0.16857196226575888,1.335480517097175,0.5184663807695459,59.5204554737251,62.685912318539685,0.008710726029279452,True,flat_top_power,-4693.417179941649,-18.613499195360905,26.45176754622227,1.402796447866741,True,True,True
state_transition,PeMS::D12_I405_N::L405N-086,2025-10-01,2025-10-01 15:45:00,2025-10-01 17:35:00,2025-10-01 18:20:00,2025-10-01 18:15:00,48.71739130434783,post_qc,0,48.71739130434783,48.71739130434783,48.6086956521739,post_qc,0,48.6086956521739,48.6086956521739,189,211,219,MD;PM,PM,155.0,43.77391304347825,45.86171107994391,69.37059910582124,48.559419374074864,3500.260869565216,1382.18021280416,2.5324200398325085,1324.7826086956522,35.0,0.6666666666666666,38.78260869565224,4.834782608695647,True,0,1,189,219,speed_mph,True,D12_I405_N,N,87.0,0.1087,False,PeMS_average_weekday,state_transition__PeMS::D12_I405_N::L405N-086__2025-10-01__055,1382.18021280416,69.37059910582124,0.1087,PeMS_average_weekday,L405N-086,6,False,PM,measured,2.583333333333333,3500.260869565217,2.5324200398325094,48.559419374074864,43.77391304347825,2025-10-01 15:45:00,2025-10-01 17:35:00,2025-10-01 18:20:00,1354.9396914446004,0.0015669462481386935,0.0009162678956833174,0.0008043746132414709,0.8778814766194545,220.0,56.768655935086144,23.867743019914855,6.908296025891234,0.0003478427883376385,False,False,False,False,False,False,,0.5847474964579746,0,False,False,False,False,False,True,0,False,D12_I405,released_monthly_average_weekday,2025-10,corridor_period,1.056527818742748,1.0002210390968347,0.46724437736048935,0.5039590405280147,0.7938530206665482,0.38134600364984783,0.5040704351791746,2.6761217972188804,0.0012023852323154785,0.0009545171486784919,0.0011811913170735836,39.251350286955585,1307.960225578227,0.9463022357443854,42.648765431933,30.66818493646008,0.0009817793456533264,False,False,False,False,queue_exceeds_link,released_profile_fit,0.7673429983598602,2.6288108821748946,2.7423231864324036,0.0010491715885579678,0.0013653358014892824,37.070103837523355,41.550116912133205,False,,,,,45.83943141997834,False,83634.32364442089,80724.78809431607,,,,,,,,83.6367341145774,76.79482411808969,,,,,,,,807.0375047774143,761.1803340067229,,,,,,,,31.261243283304967,29.9884357120838,,,,,,,,False,,-4941.389568413071,-19.18478165416659,25.612994781317745,1.4379797724692591,False,True,True
state_transition,PeMS::D12_I405_N::L405N-087,2025-10-01,2025-10-01 16:35:00,2025-10-01 17:50:00,2025-10-01 18:45:00,2025-10-01 18:40:00,49.24782608695652,post_qc,0,49.24782608695652,49.24782608695652,49.44347826086956,post_qc,0,49.44347826086956,49.44347826086956,199,214,224,PM,PM,130.0,42.44347826086957,45.92090301003345,70.35586956521738,49.24910869565216,3095.913043478261,1514.0752173913042,2.044755113826118,1412.7826086956522,45.0,0.5,-14.34782608695673,6.999999999999993,False,0,7,199,224,speed_mph,True,D12_I405_N,N,75.0,0.0802,False,PeMS_average_weekday,state_transition__PeMS::D12_I405_N::L405N-087__2025-10-01__056,1514.0752173913042,70.35586956521738,0.0802,PeMS_average_weekday,L405N-087,6,False,PM,measured,2.1666666666666665,3095.9130434782605,2.0447551138261177,49.24910869565216,42.44347826086957,2025-10-01 16:35:00,2025-10-01 17:50:00,2025-10-01 18:45:00,1428.8829431438126,0.0011399191069006327,0.0007496527021548884,0.0006092705710291916,0.812737110501748,220.0,43.71266688968107,32.688075215129885,7.628360793285856,0.000694789358780564,False,False,False,False,False,False,,0.6576367547633676,0,False,False,False,False,False,True,0,False,D12_I405,released_monthly_average_weekday,2025-10,corridor_period,1.056527818742748,1.0002210390968347,0.46724437736048935,0.5039590405280147,0.7938530206665482,0.38134600364984783,0.5040704351791746,2.160682246662868,0.000785304756393384,0.0006234165530066957,0.0007864001409296825,41.65749320329923,1432.840505937344,0.9463469776660601,44.540646831524015,32.16927925086259,0.0006606833922808065,False,False,False,False,queue_exceeds_link,released_profile_fit,0.6889127058573283,2.121152204024133,2.240031557486159,0.0006726006564068101,0.0008968062051736656,39.376935376837295,44.24779464577633,False,,,,,45.84980177502369,False,55455.72173452866,52667.395057616806,,,,,,,,56.66024436018278,50.10336274258257,,,,,,,,540.5648300698331,496.6180315565738,,,,,,,,20.78518371840579,19.565400270396868,,,,,,,,False,,-3836.197375133467,-16.67824857675988,29.242197515199088,1.3082482470278796,False,True,True
state_transition,PeMS::D12_I405_N::L405N-091,2025-10-01,2025-10-01 14:40:00,2025-10-01 16:10:00,2025-10-01 19:05:00,2025-10-01 19:00:00,51.082608695652176,post_qc,0,51.082608695652176,51.082608695652176,48.83478260869566,post_qc,0,48.83478260869566,48.83478260869566,176,194,228,MD;PM,PM,265.0,30.13478260869565,37.95077932731747,68.48311744677504,47.938182212742525,5853.282608695652,1382.2277914930785,4.234672927805158,1313.5434782608695,165.0,0.3125,-96.32608695652176,18.70000000000001,False,0,3,176,228,speed_mph,True,D12_I405_N,N,85.0,0.2666,False,PeMS_average_weekday,state_transition__PeMS::D12_I405_N::L405N-091__2025-10-01__057,1382.2277914930785,68.48311744677504,0.2666,PeMS_average_weekday,L405N-091,8,False,PM,measured,4.416666666666667,5853.282608695652,4.234672927805158,47.938182212742525,30.13478260869565,2025-10-01 14:40:00,2025-10-01 16:10:00,2025-10-01 19:05:00,1325.2715340442985,0.003892930256967362,0.0049539893794487404,0.0032868291033065614,0.6634711646621064,220.0,46.636332057353926,28.417147652488268,6.917485139225254,0.0018236428146912774,False,False,False,False,False,False,,1.2725605270174956,0,False,False,False,False,False,True,0,False,D12_I405,released_monthly_average_weekday,2025-10,corridor_period,1.056527818742748,1.0002210390968347,0.46724437736048935,0.5039590405280147,0.7938530206665482,0.38134600364984783,0.5040704351791746,4.475477322215818,0.0038709457694188418,0.003072961991889543,0.003845226925819235,34.33851842738561,1307.8566122188906,0.9461947012410651,42.27802080981868,30.934669768532615,0.0024129467659722886,False,False,False,False,queue_exceeds_link,released_profile_fit,0.9943527147682203,4.3759004378845106,4.595201114187945,0.0032433222848089827,0.004428932631930836,32.03609797410347,37.358549638233356,False,,,,,37.1321637150007,False,396341.681824678,408719.69023483415,,,,,,,,371.75778763423665,388.8217914986912,,,,,,,,3696.26917065086,3853.9511551840296,,,,,,,,148.35438008329982,151.83519764151788,,,,,,,,False,,-4150.308734712213,-17.305431541824397,28.445414508444898,1.286892301003411,False,True,True
state_transition,PeMS::D12_I405_N::L405N-095,2025-10-01,2025-10-01 16:00:00,2025-10-01 17:45:00,2025-10-01 19:10:00,2025-10-01 19:05:00,50.04545454545454,post_qc,0,50.04545454545454,50.04545454545454,51.154545454545456,post_qc,0,51.154545454545456,51.154545454545456,192,213,229,PM,PM,190.0,36.081818181818186,41.733971291866034,71.06854944487148,49.74798461141003,3971.0181818181823,1283.7194166158993,3.093369259994879,1275.0545454545454,75.0,0.5714285714285714,-34.4727272727273,15.07272727272727,False,0,1,192,229,speed_mph,True,D12_I405_N,N,77.0,0.2392,False,PeMS_average_weekday,state_transition__PeMS::D12_I405_N::L405N-095__2025-10-01__058,1283.7194166158993,71.06854944487148,0.2392,PeMS_average_weekday,L405N-095,5,False,PM,measured,3.1666666666666665,3971.018181818181,3.093369259994878,49.74798461141003,36.081818181818186,2025-10-01 16:00:00,2025-10-01 17:45:00,2025-10-01 19:10:00,1254.0057416267941,0.0033657644889115066,0.0032636131880852174,0.002403301908673043,0.736393000692302,220.0,55.15202249421863,22.737257582135754,6.357032890531438,0.0009713384709133011,False,False,False,False,False,False,,0.9696498964313082,0,False,False,False,False,False,True,0,False,D12_I405,released_monthly_average_weekday,2025-10,corridor_period,1.056527818742748,1.0002210390968347,0.46724437736048935,0.5039590405280147,0.7938530206665482,0.38134600364984783,0.5040704351791746,3.269046564335804,0.0028567680188047993,0.0022678539210717803,0.002811323922960228,38.440940196516124,1214.7328291804254,0.946260384829783,42.0102900823131,28.91512595605343,0.0023280786036099237,False,False,False,False,queue_exceeds_link,released_profile_fit,0.8487724046695503,3.213270073635209,3.3437715160730765,0.002455908551797629,0.0032370437901564787,36.227009863266154,41.08784517606324,False,,,,,41.4625146453767,False,235279.0674982015,222804.31204005764,,,,,,,,238.4605570972378,211.95742175101418,,,,,,,,2205.598537237751,2100.894466996198,,,,,,,,86.38830374297977,82.76953022387411,,,,,,,,False,,-4860.465937256629,-19.031259309005502,25.796076632166905,1.4489873939823776,False,True,True
state_transition,PeMS::D12_I405_N::L405N-100,2025-10-01,2025-10-01 15:00:00,2025-10-01 17:45:00,2025-10-01 18:45:00,2025-10-01 18:40:00,49.952173913043474,post_qc,0,49.952173913043474,49.952173913043474,49.59130434782609,post_qc,0,49.59130434782609,49.59130434782609,180,213,224,MD;PM,PM,225.0,44.69130434782609,47.76821256038647,70.92021739130435,49.64415217391304,4273.434782608696,1333.1291304347826,3.205567026515257,1101.2173913043478,55.0,0.8,108.3478260869565,4.899999999999999,True,0,2,180,224,speed_mph,True,D12_I405_N,N,58.0,0.2206,False,PeMS_average_weekday,state_transition__PeMS::D12_I405_N::L405N-100__2025-10-01__059,1333.1291304347826,70.92021739130435,0.2206,PeMS_average_weekday,L405N-100,6,False,PM,measured,3.75,4273.434782608696,3.205567026515257,49.64415217391304,44.69130434782609,2025-10-01 15:00:00,2025-10-01 17:45:00,2025-10-01 18:45:00,1139.5826086956522,0.003110537560577869,0.001825545716005456,0.0015069284541608045,0.8254673881617002,220.0,23.737059753403305,48.008583225319825,6.625810927463775,0.006182947070279643,True,False,False,False,False,False,,0.5868907481272497,0,False,False,False,False,False,True,0,False,D12_I405,released_monthly_average_weekday,2025-10,corridor_period,1.056527818742748,1.0002210390968347,0.46724437736048935,0.5039590405280147,0.7938530206665482,0.38134600364984783,0.5040704351791746,3.387642896725455,0.002687981230582082,0.002133862019392571,0.0028292269139531144,38.04419851778571,1261.4773495575523,0.9462529328619037,42.60074151695099,29.611628920956832,0.0020677760589684585,False,False,False,True,queue_exceeds_link,released_profile_fit,0.8641532784071942,3.330488937663403,3.4673594975238315,0.0023033301278414004,0.0030416866178809058,35.856951197000825,40.747209349363814,False,,,,,47.77512152679805,False,234075.8334647732,247392.09836129635,,,,,,,,281.7224925571054,313.0363171667129,,,,,,,,2474.1591425769284,2684.036706494518,,,,,,,,89.73852356905581,95.56386664832178,,,,,,,,False,,206.85631506461914,-8.69384038807598,39.254667541207866,1.6434796425980058,False,True,True
state_transition,PeMS::D12_I405_N::L405N-110,2025-10-01,2025-10-01 14:20:00,2025-10-01 16:15:00,2025-10-01 19:40:00,2025-10-01 19:35:00,50.51739130434783,post_qc,0,50.51739130434783,50.51739130434783,50.20434782608696,post_qc,0,50.20434782608696,50.20434782608696,172,195,235,MD;PM,PM,320.0,14.65217391304348,27.871671195652176,71.00999999999999,49.707,21608.826086956524,4462.077391304348,4.842772590423373,3999.913043478261,195.0,0.4210526315789473,-320.6086956521731,35.552173913043475,False,0,2,172,235,speed_mph,True,D12_I405_N,N,86.0,4.8287,False,PeMS_average_weekday,state_transition__PeMS::D12_I405_N::L405N-110__2025-10-01__060,4462.077391304348,71.00999999999999,4.8287,PeMS_average_weekday,L405N-110,2,False,PM,measured,5.333333333333333,21608.82608695652,4.8427725904233725,49.707,14.65217391304348,2025-10-01 14:20:00,2025-10-01 16:15:00,2025-10-01 19:40:00,4051.6548913043475,0.06800028165047178,0.2615549112278665,0.1318211491862432,0.5039903420945543,220.0,52.419322606068214,77.2931562231847,28.391454705850588,0.024116513453649156,False,False,False,False,True,True,metadata_capacity_flag,3.8463798219584557,2,False,True,True,False,True,False,2,True,D12_I405,released_monthly_average_weekday,2025-10,corridor_period,1.056527818742748,1.0002210390968347,0.46724437736048935,0.5039590405280147,0.7938530206665482,0.38134600364984783,0.5040704351791746,5.118308334979571,0.0723478248083051,0.05743353926272723,0.0738639241974728,34.40516670895228,4221.868764583282,0.9461666381696603,59.21448465339666,71.29790606631764,0.01354564462523746,False,False,False,False,queue_exceeds_link,released_profile_fit,1.0639341933931996,4.973142156902253,5.266634335607702,0.05997458252895365,0.08586449244667482,31.382751723177403,37.73164032274922,False,,,,,24.165075686730493,False,33438857.869882263,29931064.61647722,,,,,,,,24461.833638031956,17599.26395763389,,,,,,,,303675.9275990048,270649.0947537597,,,,,,,,12954.003463912548,11880.317487377517,,,,,,,,False,,-4706.057590353887,-18.62949141399427,26.44517144653605,1.3956183122440184,False,False,False
state_transition,PeMS::D12_I405_N::L405N-116,2025-10-01,2025-10-01 14:30:00,2025-10-01 17:35:00,2025-10-01 19:25:00,2025-10-01 19:20:00,49.31304347826088,post_qc,0,49.31304347826088,49.31304347826088,48.87391304347827,post_qc,0,48.87391304347827,48.87391304347827,174,211,232,MD;PM,PM,295.0,23.3304347826087,33.56160648489315,69.59152173913044,48.71406521739131,19745.97826086957,4603.56652173913,4.289278360076778,3991.826086956522,100.0,0.5263157894736842,340.17391304347893,25.543478260869566,True,0,1,174,232,speed_mph,True,D12_I405_N,N,68.0,0.0826,False,PeMS_average_weekday,state_transition__PeMS::D12_I405_N::L405N-116__2025-10-01__061,4603.56652173913,69.59152173913044,0.0826,PeMS_average_weekday,L405N-116,2,False,PM,measured,4.916666666666667,19745.978260869564,4.289278360076777,48.71406521739131,23.3304347826087,2025-10-01 14:30:00,2025-10-01 17:35:00,2025-10-01 19:25:00,4016.131171702284,0.0011869261935330703,0.002353513612654033,0.001391822018896814,0.5913804838066224,220.0,46.81731416365204,85.78303227014936,29.922678478222487,0.0005773783479719797,False,False,False,False,True,True,metadata_capacity_flag,1.9828643309727914,1,False,False,True,False,False,False,1,False,D12_I405,released_monthly_average_weekday,2025-10,corridor_period,1.056527818742748,1.0002210390968347,0.46724437736048935,0.5039590405280147,0.7938530206665482,0.38134600364984783,0.5040704351791746,4.533200726965609,0.0011878702530072121,0.0009429943885097123,0.0012374895307539588,34.78192841341651,4355.857913683637,0.9461920215802783,58.523236969705614,74.42954524095163,0.0002244789897235849,False,False,False,False,queue_exceeds_link,released_profile_fit,1.0007953817847188,4.429131572429125,4.655795720886599,0.0009942596255276708,0.0013637931335790594,32.38302205903978,37.86931592994586,False,,,,,32.031044986035404,False,433356.16046647023,399947.22762214835,,,,,,,,368.0534222242626,309.2267455907847,,,,,,,,4025.597965116806,3582.1655792849565,,,,,,,,166.69093697212827,155.9547794532396,,,,,,,,False,,-4195.413683740357,-17.4272681253524,28.24348110060137,1.3055396693794872,False,False,False
state_transition,PeMS::D12_I405_N::L405N-126,2025-10-01,2025-10-01 17:10:00,2025-10-01 17:35:00,2025-10-01 18:05:00,2025-10-01 18:00:00,50.0608695652174,post_qc,0,50.0608695652174,50.0608695652174,48.59130434782608,post_qc,0,48.59130434782608,48.59130434782608,206,211,216,PM,PM,55.0,43.15652173913043,45.8707509881423,69.34478260869565,48.54134782608696,5643.608695652175,6919.891304347826,0.8155631999748678,5900.347826086956,20.0,0.3333333333333333,-36.52173913043498,5.434782608695649,False,0,4,206,216,speed_mph,True,D12_I405_N,N,63.0,0.7053,False,PeMS_average_weekday,state_transition__PeMS::D12_I405_N::L405N-126__2025-10-01__062,6919.891304347826,69.34478260869565,0.7053,PeMS_average_weekday,L405N-126,1,False,PM,measured,0.9166666666666666,5643.608695652173,0.8155631999748676,48.54134782608696,43.15652173913043,2025-10-01 17:10:00,2025-10-01 17:35:00,2025-10-01 18:05:00,6156.664031620553,0.010170916591950744,0.006171920401803036,0.00523249673131741,0.8477907021919486,220.0,54.46051771289179,113.04820978892675,57.56485253281084,0.0027797498655045922,False,False,False,False,True,True,metadata_capacity_flag,0.606820471489019,1,False,False,True,False,False,False,1,False,D12_I405,released_monthly_average_weekday,2025-10,corridor_period,1.056527818742748,1.0002210390968347,0.46724437736048935,0.5039590405280147,0.7938530206665482,0.38134600364984783,0.5040704351791746,0.8616263789529353,0.004408670033415481,0.003499836023148972,0.004548417165754628,48.37585715721783,6549.948833403167,0.9465392656222474,61.66620611773402,106.21617974840075,0.0012664661238503698,False,False,False,False,queue_exceeds_link,released_profile_fit,0.4334584787475791,0.8312622873439308,0.9413418208059597,0.0029312549908165142,0.0052440269344986535,45.75430324164956,53.83077121459094,False,,,,,45.78855252391267,False,956402.0914621488,845454.1140985081,,,,,,,,1043.809021503295,804.2944617736547,,,,,,,,9026.644375447502,7972.062363359405,,,,,,,,348.72984234997034,314.07758318965557,,,,,,,,False,,-4830.075642636373,-18.88217394155634,26.116655964233466,1.3906421549273706,False,False,False
state_transition,PeMS::D12_I405_N::L405N-134,2025-10-01,2025-10-01 17:10:00,2025-10-01 17:55:00,2025-10-01 18:25:00,2025-10-01 18:20:00,48.02727272727272,post_qc,0,48.02727272727272,48.02727272727272,47.8,post_qc,0,47.8,47.8,206,215,220,PM,PM,75.0,43.79090909090909,46.120000000000005,68.10000000000001,47.67,4964.363636363637,4203.766363636364,1.1809323370838662,3784.363636363637,20.0,0.3333333333333333,-37.09090909090901,4.009090909090908,False,0,1,206,220,speed_mph,True,D12_I405_N,N,72.0,1.7324,False,PeMS_average_weekday,state_transition__PeMS::D12_I405_N::L405N-134__2025-10-01__063,4203.766363636364,68.10000000000001,1.7324,PeMS_average_weekday,L405N-134,2,False,PM,measured,1.25,4964.363636363636,1.180932337083866,47.67,43.79090909090909,2025-10-01 17:10:00,2025-10-01 17:55:00,2025-10-01 18:25:00,3971.4909090909086,0.025439060205580025,0.014121662235773512,0.012159725989433353,0.8610690290148627,220.0,56.35364818871137,70.47442422523531,26.560612714665595,0.005302516527814679,False,False,False,False,True,True,metadata_capacity_flag,0.5551172929209053,1,False,False,True,False,False,False,1,False,D12_I405,released_monthly_average_weekday,2025-10,corridor_period,1.056527818742748,1.0002210390968347,0.46724437736048935,0.5039590405280147,0.7938530206665482,0.38134600364984783,0.5040704351791746,1.247733731706053,0.01328882724791005,0.010549375651869326,0.013300985630191317,44.73262328291237,3978.704358321511,0.9464618187961882,56.674407626635514,70.20283978145406,0.005128528809427457,False,False,False,False,queue_exceeds_link,released_profile_fit,0.5223788591449288,1.2149055215585522,1.3355149085211635,0.009975457583470916,0.015547264643131525,42.267756565601104,48.91779734684501,False,,,,,46.07595551129155,False,1950391.9911147906,1815321.658929114,,,,,,,,2044.5697280569048,1726.9454749431043,,,,,,,,19246.10213160025,17117.2595096672,,,,,,,,733.4614546882393,674.3734873846283,,,,,,,,False,,-4923.03426521889,-19.085323019668074,25.832546434825588,1.3963076098169647,False,False,False
state_transition,PeMS::D12_I405_S::L405S-004,2025-10-01,2025-10-01 07:05:00,2025-10-01 07:50:00,2025-10-01 09:50:00,2025-10-01 09:45:00,49.52173913043477,post_qc,0,49.52173913043477,49.52173913043477,49.35217391304349,post_qc,0,49.35217391304349,49.35217391304349,85,94,117,AM,AM,165.0,25.98695652173913,36.62301473230328,69.46812089861896,48.62768462903327,3101.296442687747,1216.4675896513102,2.5494279248136045,1095.6699604743085,110.0,0.6190476190476191,91.56521739130449,23.365217391304355,True,0,3,85,117,speed_mph,True,D12_I405_S,S,26.0,0.1317,False,PeMS_average_weekday,state_transition__PeMS::D12_I405_S::L405S-004__2025-10-01__064,1216.4675896513102,69.46812089861896,0.1317,PeMS_average_weekday,L405S-004,8,False,AM,measured,2.75,3101.296442687747,2.5494279248136045,48.62768462903327,25.98695652173913,2025-10-01 07:05:00,2025-10-01 07:50:00,2025-10-01 09:50:00,1127.7441609773625,0.0018958336326989698,0.003172093421006903,0.0018085709040520919,0.5701505800790715,220.0,34.936586006593394,32.27974710421131,6.007578530183529,0.0018738535363662897,False,False,False,False,False,False,,1.6731918699485295,0,False,False,False,False,False,True,0,False,D12_I405,released_monthly_average_weekday,2025-10,unavailable,,,,,,,,,,,,,,,,,,False,False,False,False,invalid_queue_speed,released_profile_fit,,,,,,,,False,,,,,35.55227262395785,False,101292.15847969618,111732.0757600121,,,,,,,,89.51025021723834,106.29256897291702,,,,,,,,940.7724397481844,1053.5581542425732,,,,,,,,38.64768255055001,41.50732693149955,,,,,,,,False,,-2375.179992320459,-13.695238192377293,33.12951419299276,1.3626083556474136,False,False,False
state_transition,PeMS::D12_I405_S::L405S-005,2025-10-01,2025-10-01 07:15:00,2025-10-01 08:40:00,2025-10-01 09:35:00,2025-10-01 09:30:00,49.04347826086956,post_qc,0,49.04347826086956,49.04347826086956,48.95652173913045,post_qc,0,48.95652173913045,48.95652173913045,87,104,114,AM,AM,140.0,22.10434782608696,31.532001693958215,70.2102160286858,49.14715122008006,2690.6645962732914,1338.4533869857034,2.010278895354636,1154.944099378882,50.0,0.8888888888888888,145.9378881987575,26.85217391304349,True,0,3,87,114,speed_mph,True,D12_I405_S,S,29.0,0.0789,False,PeMS_average_weekday,state_transition__PeMS::D12_I405_S::L405S-005__2025-10-01__065,1338.4533869857034,70.2102160286858,0.0789,PeMS_average_weekday,L405S-005,7,False,AM,measured,2.333333333333333,2690.664596273292,2.0102788953546367,49.14715122008006,22.10434782608696,2025-10-01 07:15:00,2025-10-01 08:40:00,2025-10-01 09:35:00,1153.141969831411,0.001123768084800705,0.0024456654321151085,0.0015259801182748473,0.6239529324970338,220.0,24.59587465353411,46.88355206208206,6.661076885339886,0.0020840869360681338,False,False,False,False,False,False,,2.176307963532205,0,False,False,False,False,False,True,0,False,D12_I405,released_monthly_average_weekday,2025-10,unavailable,,,,,,,,,,,,,,,,,,False,False,False,False,invalid_queue_speed,released_profile_fit,,,,,,,,False,,,,,29.7764141922697,False,58025.0627381255,55998.87043263143,,,,,,,,46.18565861083831,43.29658331074199,,,,,,,,536.8262010673423,501.5592365403902,,,,,,,,22.460472340818328,21.83610957844265,,,,,,,,False,,-1.7590544002860042,-9.08675362773469,38.79056293290938,1.6131508309106477,False,False,False
state_transition,PeMS::D12_I405_S::L405S-020,2025-10-01,2025-10-01 07:15:00,2025-10-01 08:50:00,2025-10-01 09:25:00,2025-10-01 09:20:00,53.14090909090909,post_qc,0,53.14090909090909,53.14090909090909,50.409090909090914,post_qc,0,50.409090909090914,50.409090909090914,87,106,112,AM,AM,130.0,43.21363636363637,45.42360139860141,71.20727272727272,49.84509090909091,2896.962121212121,1407.0140909090908,2.058943218784934,1275.6363636363635,25.0,0.5,-60.63636363636374,7.195454545454545,False,0,2,87,112,speed_mph,True,D12_I405_S,S,18.0,0.1603,False,PeMS_average_weekday,state_transition__PeMS::D12_I405_S::L405S-020__2025-10-01__066,1407.0140909090908,71.20727272727272,0.1603,PeMS_average_weekday,L405S-020,6,False,AM,measured,2.1666666666666665,2896.9621212121206,2.0589432187849335,49.84509090909091,43.21363636363637,2025-10-01 07:15:00,2025-10-01 08:50:00,2025-10-01 09:25:00,1337.0594405594404,0.0022511745480543357,0.001458302679251859,0.0012886593997455595,0.8836707345327445,220.0,44.99599005747005,29.71507991827079,7.026617978897963,0.001311365131487345,False,False,False,False,False,False,,0.647796360576417,0,False,False,False,False,False,True,0,False,D12_I405,released_monthly_average_weekday,2025-10,unavailable,,,,,,,,,,,,,,,,,,False,False,False,False,invalid_queue_speed,released_profile_fit,,,,,,,,False,,,,,45.284610059076606,False,106897.22377829146,99733.68949077319,,,,,,,,109.83917239608846,94.8783059565737,,,,,,,,992.1616509896788,940.4214600057255,,,,,,,,38.960374297546466,37.05004876728279,,,,,,,,False,,-4013.617592234842,-17.073990571622872,28.67787813166449,1.3245369439625487,False,False,False
state_transition,PeMS::D12_I405_S::L405S-020,2025-10-01,2025-10-01 17:15:00,2025-10-01 17:30:00,2025-10-01 17:50:00,2025-10-01 17:45:00,52.46818181818182,post_qc,0,52.46818181818182,52.46818181818182,50.4090909090909,post_qc,0,50.4090909090909,50.4090909090909,207,210,213,PM,PM,35.0,45.57272727272726,48.21753246753247,71.20727272727272,49.84509090909091,683.6287878787878,1407.0140909090908,0.4858720266526158,1124.272727272727,10.0,0.0,-9.272727272727252,4.836363636363636,False,0,3,207,213,speed_mph,True,D12_I405_S,S,18.0,0.1603,False,PeMS_average_weekday,state_transition__PeMS::D12_I405_S::L405S-020__2025-10-01__067,1407.0140909090908,71.20727272727272,0.1603,PeMS_average_weekday,L405S-020,6,False,PM,measured,0.5833333333333334,683.6287878787878,0.4858720266526158,49.84509090909091,45.57272727272726,2025-10-01 17:15:00,2025-10-01 17:30:00,2025-10-01 17:50:00,1171.9350649350647,0.0022511745480543357,0.0012662800699388826,0.001078019051580107,0.8513275042164551,220.0,22.022679685185224,53.21491669896247,7.026617978897963,0.005027685349628082,True,False,False,False,False,False,,0.5624975064831441,0,False,False,False,False,False,True,0,False,D12_I405,released_monthly_average_weekday,2025-10,unavailable,,,,,,,,,,,,,,,,,,False,False,False,True,invalid_queue_speed,released_profile_fit,,,,,,,,False,,,,,48.14979820266429,False,27735.555957642366,28534.116487079875,,,,,,,,32.51929179232131,36.105497297155715,,,,,,,,241.5432726361934,309.57583749042857,,,,,,,,9.563893837106276,11.022302332860539,,,,,,,,False,,680.4547573751993,-7.790671317649188,40.339063774608775,1.704693817417883,False,False,False
state_transition,PeMS::D12_I405_S::L405S-024,2025-10-01,2025-10-01 06:40:00,2025-10-01 07:00:00,2025-10-01 07:35:00,2025-10-01 07:30:00,51.4875,post_qc,0,51.4875,51.4875,50.06250000000001,post_qc,0,50.06250000000001,50.06250000000001,80,84,90,AM,AM,55.0,46.15000000000001,47.9844696969697,70.74145833333334,49.519020833333336,1396.6916666666664,1695.191,0.8239140407580422,1459.8,25.0,0.0,-95.29999999999995,3.9124999999999934,False,0,3,80,90,speed_mph,True,D12_I405_S,S,39.0,0.9227,False,PeMS_average_weekday,state_transition__PeMS::D12_I405_S::L405S-024__2025-10-01__068,1695.191,70.74145833333334,0.9227,PeMS_average_weekday,L405S-024,5,False,AM,measured,0.9166666666666666,1396.6916666666668,0.8239140407580425,49.519020833333336,46.15000000000001,2025-10-01 06:40:00,2025-10-01 07:00:00,2025-10-01 07:35:00,1523.6636363636367,0.013043270830695106,0.0069502286275930775,0.006196579771903714,0.891564882815897,220.0,34.78754601591699,43.79911235091106,8.647309651459153,0.01348058916155097,True,False,False,False,False,False,,0.5328593355001802,0,False,False,False,False,False,True,0,False,D12_I405,released_monthly_average_weekday,2025-10,unavailable,,,,,,,,,,,,,,,,,,False,False,False,True,invalid_queue_speed,released_profile_fit,,,,,,,,False,,,,,47.95775284634312,False,324310.5423596578,336904.85808863095,,,,,,,,383.6898532159965,426.30082654304556,,,,,,,,3034.9286493433765,3655.1895217995416,,,,,,,,116.19548060822507,130.1413066335454,,,,,,,,False,,-2389.4969219241993,-13.743006825691003,33.04036501554243,1.3747430189128584,False,False,False
state_transition,PeMS::D12_I405_S::L405S-108,2025-10-01,2025-10-01 07:25:00,2025-10-01 08:10:00,2025-10-01 09:15:00,2025-10-01 09:10:00,49.18301886792453,post_qc,0,49.18301886792453,49.18301886792453,49.11257861635221,post_qc,0,49.11257861635221,49.11257861635221,89,98,110,AM,AM,110.0,44.82075471698114,46.26309319611207,69.1724213836478,48.420694968553455,5869.949685534592,3894.6698113207535,1.5071751829827098,3146.8301886792456,50.0,0.3333333333333333,-71.24528301886812,4.291823899371067,False,0,2,89,110,speed_mph,True,D12_I405_S,S,30.0,2.6905,False,PeMS_average_weekday,state_transition__PeMS::D12_I405_S::L405S-108__2025-10-01__069,3894.6698113207535,69.1724213836478,2.6905,PeMS_average_weekday,L405S-108,2,False,AM,measured,1.8333333333333333,5869.949685534591,1.5071751829827094,48.420694968553455,44.82075471698114,2025-10-01 07:25:00,2025-10-01 08:10:00,2025-10-01 09:15:00,3201.790737564322,0.038895559041916494,0.02113243506458739,0.019269498775692277,0.9118446935622236,220.0,37.480250025500695,85.42607734435865,23.79205922203311,0.03288891406510511,True,False,False,False,True,True,metadata_capacity_flag,0.5433122851329542,0,False,False,False,False,False,False,0,False,D12_I405,released_monthly_average_weekday,2025-10,unavailable,,,,,,,,,,,,,,,,,,False,False,False,True,invalid_queue_speed,released_profile_fit,,,,,,,,False,,,,,46.25629374317383,False,3580192.5428150333,3320570.6245092833,,,,,,,,3769.426854740923,3158.913675721878,,,,,,,,35402.64190138786,31310.74254544692,,,,,,,,1347.1325268546059,1233.5581306721579,,,,,,,,False,,-2838.7954011730726,-14.614838728546376,31.97028428261575,1.3269224261660872,False,False,False
state_transition,PeMS::D12_I405_S::L405S-112,2025-10-01,2025-10-01 06:55:00,2025-10-01 07:35:00,2025-10-01 08:35:00,2025-10-01 08:30:00,51.45454545454545,post_qc,0,51.45454545454545,51.45454545454545,49.60909090909091,post_qc,0,49.60909090909091,49.60909090909091,83,91,102,AM,AM,100.0,38.78181818181818,45.54409090909091,70.95,49.665,4614.545454545454,3658.832727272727,1.2612070019350434,2708.454545454545,40.0,0.7142857142857143,206.18181818181847,10.827272727272728,True,0,2,83,102,speed_mph,True,D12_I405_S,S,34.0,1.0756,False,PeMS_average_weekday,state_transition__PeMS::D12_I405_S::L405S-112__2025-10-01__070,3658.832727272727,70.95,1.0756,PeMS_average_weekday,L405S-112,2,False,AM,measured,1.6666666666666667,4614.545454545454,1.2612070019350434,49.665,38.78181818181818,2025-10-01 06:55:00,2025-10-01 07:35:00,2025-10-01 08:35:00,2768.7272727272725,0.0151599718111346,0.012574674227308904,0.008635945440098552,0.6867728963779862,220.0,29.917853346702962,92.54431595214683,21.723058437219287,0.020791805461633346,True,False,False,False,True,True,metadata_capacity_flag,0.8294655414908579,0,False,False,False,False,False,False,0,False,D12_I405,released_monthly_average_weekday,2025-10,unavailable,,,,,,,,,,,,,,,,,,False,False,False,True,invalid_queue_speed,released_profile_fit,,,,,,,,False,,,,,45.20103127960996,False,1275311.8463230378,1067941.7302045908,,,,,,,,1449.3478457359274,1015.9506054523115,,,,,,,,11577.801985354348,10069.970601187433,,,,,,,,452.23073508456105,396.7294641030702,,,,,,,,False,,-1359.075122699673,-11.719182422904542,35.561593821279224,1.4677659250186301,False,False,False
state_transition,PeMS::D12_I405_S::L405S-114,2025-10-01,2025-10-01 06:40:00,2025-10-01 07:40:00,2025-10-01 09:55:00,2025-10-01 09:50:00,47.95217391304347,post_qc,0,47.95217391304347,47.95217391304347,47.49565217391304,post_qc,0,47.49565217391304,47.49565217391304,80,92,118,AM,AM,195.0,27.95652173913044,35.10617208878079,66.44048832909807,46.50834183036865,7297.385375494071,2740.2752823930946,2.6630117865827088,2019.9130434782608,125.0,0.625,782.347826086956,19.5391304347826,True,0,3,80,118,speed_mph,True,D12_I405_S,S,33.0,0.6413,False,PeMS_average_weekday,state_transition__PeMS::D12_I405_S::L405S-114__2025-10-01__071,2740.2752823930946,66.44048832909807,0.6413,PeMS_average_weekday,L405S-114,2,False,AM,measured,3.25,7297.385375494073,2.663011786582709,46.50834183036865,27.95652173913044,2025-10-01 06:40:00,2025-10-01 07:40:00,2025-10-01 09:55:00,2245.3493463058685,0.009652246937491851,0.013286944353332403,0.00878410737616871,0.6611081632147899,220.0,30.53672192134601,73.5294820475248,15.329701688051717,0.011348697487774487,False,False,False,False,False,False,,1.3765649013518746,0,False,False,False,False,False,True,0,False,D12_I405,released_monthly_average_weekday,2025-10,unavailable,,,,,,,,,,,,,,,,,,False,False,False,False,invalid_queue_speed,released_profile_fit,,,,,,,,False,,,,,34.7845343547571,False,1178598.0367730937,1308454.142968078,,,,,,,,1035.8169161769072,1244.7540358782858,,,,,,,,10933.68781518967,12337.840520724134,,,,,,,,450.46580412553925,486.0773731949968,,,,,,,,False,,-1315.2070010437474,-11.579673575246936,35.81586548658383,1.4352706382707034,False,False,False
state_transition,PeMS::D12_I405_S::L405S-115,2025-10-01,2025-10-01 06:35:00,2025-10-01 07:50:00,2025-10-01 10:05:00,2025-10-01 10:00:00,56.10625,post_qc,0,56.10625,56.10625,49.275,post_qc,0,49.275,49.275,79,94,120,AM;MD,AM,210.0,14.587500000000002,27.568283730158733,68.34076074160181,47.83853251912127,9320.404166666667,3329.3212569774114,2.7994907812316003,2371.875,125.0,0.6666666666666666,704.25,34.6875,True,0,4,79,120,speed_mph,True,D12_I405_S,S,32.0,0.0503,False,PeMS_average_weekday,state_transition__PeMS::D12_I405_S::L405S-115__2025-10-01__072,3329.3212569774114,68.34076074160181,0.0503,PeMS_average_weekday,L405S-115,2,False,AM,measured,3.5,9320.404166666667,2.7994907812316003,47.83853251912127,14.587500000000002,2025-10-01 06:35:00,2025-10-01 07:50:00,2025-10-01 10:05:00,2662.972619047619,0.0007360175604451581,0.0027121401087922023,0.001273125206268438,0.4694171964572284,220.0,32.084740507704474,82.99810367511503,19.43748729384498,0.0008317058870273721,False,False,False,False,False,False,,3.68488505512266,0,False,False,False,False,False,True,0,False,D12_I405,released_monthly_average_weekday,2025-10,unavailable,,,,,,,,,,,,,,,,,,False,False,False,False,invalid_queue_speed,released_profile_fit,,,,,,,,False,,,,,25.035552890189543,False,145674.9973677297,147082.3769384725,,,,,,,,106.75028524193122,113.71951500914025,,,,,,,,1321.6488838792902,1317.3573701732903,,,,,,,,56.26402817447245,57.353065786390914,,,,,,,,False,,-1744.041477322788,-12.437424040058964,34.72393867693705,1.4071405578766965,False,False,False
state_transition,PeMS::D12_I405_S::L405S-117,2025-10-01,2025-10-01 07:05:00,2025-10-01 07:50:00,2025-10-01 09:50:00,2025-10-01 09:45:00,50.095652173913045,post_qc,0,50.095652173913045,50.095652173913045,50.49565217391304,post_qc,0,50.49565217391304,50.49565217391304,85,94,117,AM,AM,165.0,25.48260869565217,36.465277278716016,70.72152173913044,49.505065217391305,10251.014822134388,4443.073043478261,2.307190253642416,3604.173913043478,110.0,0.6190476190476191,414.5217391304359,25.013043478260865,True,0,1,85,117,speed_mph,True,D12_I405_S,S,27.0,0.9296,False,PeMS_average_weekday,state_transition__PeMS::D12_I405_S::L405S-117__2025-10-01__073,4443.073043478261,70.72152173913044,0.9296,PeMS_average_weekday,L405S-117,2,False,AM,measured,2.75,10251.014822134386,2.3071902536424154,49.505065217391305,25.48260869565217,2025-10-01 07:05:00,2025-10-01 07:50:00,2025-10-01 09:50:00,3727.641753503413,0.013144513539018623,0.02333526806821564,0.01318750951306901,0.5651321199532896,220.0,42.29539559649036,88.13351195638728,28.268302347375442,0.008834238211376107,False,False,False,False,True,True,metadata_capacity_flag,1.7752857874082928,0,False,False,False,False,False,False,0,False,D12_I405,released_monthly_average_weekday,2025-10,unavailable,,,,,,,,,,,,,,,,,,False,False,False,False,invalid_queue_speed,released_profile_fit,,,,,,,,False,,,,,35.30302241347537,False,2440644.391672777,2625229.4457758404,,,,,,,,2222.352846273511,2497.424128539533,,,,,,,,22041.482791145714,24754.14396932482,,,,,,,,915.0810204903593,975.2459724284046,,,,,,,,False,,-3651.4372846913348,-16.29951009320774,29.73793870790454,1.3140925907228476,False,False,False
state_transition,PeMS::D12_I405_S::L405S-132,2025-10-01,2025-10-01 06:35:00,2025-10-01 07:55:00,2025-10-01 09:55:00,2025-10-01 09:50:00,54.59565217391304,post_qc,0,54.59565217391304,54.59565217391304,50.091304347826096,post_qc,0,50.091304347826096,50.091304347826096,79,95,118,AM,AM,200.0,18.81304347826088,30.818586956521745,70.91869565217392,49.64308695652174,10981.440711462452,4427.844782608695,2.480087096682884,2981.217391304348,110.0,0.8095238095238095,935.478260869565,31.278260869565216,True,0,5,79,118,speed_mph,True,D12_I405_S,S,31.0,1.2794,False,PeMS_average_weekday,state_transition__PeMS::D12_I405_S::L405S-132__2025-10-01__074,4427.844782608695,70.91869565217392,1.2794,PeMS_average_weekday,L405S-132,2,False,AM,measured,3.333333333333333,10981.44071146245,2.480087096682883,49.64308695652174,18.81304347826088,2025-10-01 06:35:00,2025-10-01 07:55:00,2025-10-01 09:55:00,3294.4322134387353,0.018040376916616085,0.04996563186544997,0.026356970437070935,0.5275019939314756,220.0,32.057015716263805,102.76790087379649,28.101793263056653,0.021869763544490817,False,False,False,False,True,True,metadata_capacity_flag,2.7696556505662104,0,False,False,False,False,False,False,0,False,D12_I405,released_monthly_average_weekday,2025-10,unavailable,,,,,,,,,,,,,,,,,,False,False,False,False,invalid_queue_speed,released_profile_fit,,,,,,,,False,,,,,28.817036968623103,False,4021647.6168985246,3829406.235179178,,,,,,,,3249.451131020226,2960.7776873209154,,,,,,,,36481.851556037196,34298.443037884404,,,,,,,,1535.2863754875011,1493.2325156869188,,,,,,,,False,,-1834.8356325750242,-12.649979497931811,34.407508831720605,1.4223342429724173,False,False,False
state_transition,PeMS::D12_I5_N::L5N-010,2025-10-01,2025-10-01 14:30:00,2025-10-01 15:05:00,2025-10-01 17:00:00,2025-10-01 16:55:00,48.88095238095238,post_qc,0,48.88095238095238,48.88095238095238,48.69047619047619,post_qc,0,48.69047619047619,48.69047619047619,174,181,203,MD;PM,MD,150.0,41.14285714285714,43.8320634920635,69.87101816281965,48.90971271397376,2516.515873015873,1051.5545790120077,2.393138618996149,1006.904761904762,110.0,0.5714285714285714,95.71428571428568,7.547619047619051,True,0,3,174,203,speed_mph,True,D12_I5_N,N,127.0,0.2597,False,PeMS_average_weekday,state_transition__PeMS::D12_I5_N::L5N-010__2025-10-01__075,1051.5545790120077,69.87101816281965,0.2597,PeMS_average_weekday,L5N-010,6,False,MD,measured,2.5,2516.515873015873,2.393138618996149,48.90971271397376,41.14285714285714,2025-10-01 14:30:00,2025-10-01 15:05:00,2025-10-01 17:00:00,1006.6063492063491,0.003716848656689444,0.0025953041210883335,0.00221526805061476,0.8535678083406247,220.0,42.27584368149187,23.810437865892567,5.130784422253171,0.0024261393332509007,False,False,False,False,False,False,,0.6982539136796444,0,False,False,False,False,False,True,0,False,D12_I5,released_monthly_average_weekday,2025-10,corridor_all_periods,1.0950814475203023,1.0319513382002132,0.5711776848269564,0.33197494412136075,0.7891126472686983,0.46452111441495186,0.34258198783497923,2.6947768429776247,0.002950318443687243,0.0023281335973837068,0.002877744428004673,38.95207606020962,933.8494501218956,0.8880656018818326,24.580871387820196,37.99090094847563,0.0068482772049055654,False,False,True,False,,released_profile_fit,0.7937687853868818,2.55867890183661,2.7913858004047656,0.0026406381913196054,0.0036271711016741233,35.36210770151475,40.84947527387337,True,0.9918065925572952,0.0,2.6900703886667543e-13,3.7418680496887458,43.77863970212047,True,150484.92337867044,145186.26720189897,163058.38293791134,-494.9225977382582,14.894785446327205,-2899.645167175385,189928.87679574132,189373.85840468874,-0.0152670052921642,150.5781335707453,138.11809380168393,170.4140625210416,-10.181140103821837,-9.05140741465901,-59.64911247393709,224.17724433246505,223.39267582382604,-0.26608013963038435,1452.5207129331075,1369.0086275954204,1448.7339751363138,23.355087342176954,38.83857395778741,136.83243895142806,1400.8446743648265,1434.2978807873312,0.09767852314780785,56.25317200085948,53.93521795529038,57.77290247265523,1.2757868619795898,1.612852406291163,7.474561124487939,58.640405084054024,59.54374515108897,0.12746435011446539,True,flat_top_power,-3627.885983114994,-16.233359601253643,29.850356917964405,1.3026242429348356,True,True,True
state_transition,PeMS::D12_I5_N::L5N-028,2025-10-01,2025-10-01 07:35:00,2025-10-01 07:55:00,2025-10-01 09:15:00,2025-10-01 09:10:00,49.46190476190476,post_qc,0,49.46190476190476,49.46190476190476,48.54500000000001,post_qc,0,48.54500000000001,48.54500000000001,91,95,110,AM,AM,100.0,42.675,44.625095238095234,68.50149197511861,47.95104438258303,1881.3,1063.0822888012706,1.7696654528233653,1101.45,70.0,0.4615384615384615,-83.29999999999995,5.870000000000012,False,0,0,91,110,speed_mph,True,D12_I5_N,N,143.0,0.0851,False,PeMS_average_weekday,state_transition__PeMS::D12_I5_N::L5N-028__2025-10-01__076,1063.0822888012706,68.50149197511861,0.0851,PeMS_average_weekday,L5N-028,6,False,AM,measured,1.6666666666666667,1881.3000000000002,1.7696654528233653,47.95104438258303,42.675,2025-10-01 07:35:00,2025-10-01 07:55:00,2025-10-01 09:15:00,1128.78,0.0012423087081214284,0.0007518330610642777,0.0006675158818470002,0.8878511951869741,220.0,391.6191099024492,2.882341467660183,5.198932263871423,-0.0010250057271172632,False,False,False,False,False,False,,0.605190204455035,0,False,False,False,False,False,True,0,False,D12_I5,released_monthly_average_weekday,2025-10,corridor_all_periods,1.0950814475203023,1.0319513382002132,0.5711776848269564,0.33197494412136075,0.7891126472686983,0.46452111441495186,0.34258198783497923,1.9735950571206555,0.0008892400931603768,0.0007017106039712489,0.0008407153704370275,39.92402141992957,953.2350586369487,0.8966709996756832,26.01062024982173,36.647917253856406,0.0020294318033561186,False,False,True,False,,released_profile_fit,0.7157963937200855,1.789606629987887,2.05613000712736,0.0007974263482632499,0.0010316044260253782,37.42450041920852,41.72110586522914,True,0.9966280630050285,-2.0886625762273072e-13,2.6900703886667543e-13,3.7418680496887458,44.55906602470062,True,35874.1026712339,34943.60561008828,39451.344735869425,42.720680247878285,-308.43529458986814,56.39677297758684,48238.33932903665,45738.38699700008,0.001169127581132116,35.4305368265686,33.2424291252809,41.47021927784063,-8.784937449925344,-9.65832358101735,-11.597243304906092,59.32227150717923,54.064208527947194,-0.19549560410043612,344.1602030171057,329.49464492380645,349.193319676221,30.6888479833414,38.124923620578016,40.513212397785644,356.3511615604955,347.05489886533445,0.11368901456746892,13.388249133093172,12.981193201302776,13.942082930508395,1.5890153847950113,1.5644421723601587,2.0977039549511334,14.882481483693464,14.42118532918409,0.1409512222306179,True,flat_top_power,,,,,True,False,True
state_transition,PeMS::D12_I5_N::L5N-028,2025-10-01,2025-10-01 13:25:00,2025-10-01 17:15:00,2025-10-01 19:10:00,2025-10-01 19:05:00,47.78,post_qc,0,47.78,47.78,48.06190476190476,post_qc,0,48.06190476190476,48.06190476190476,161,207,229,MD;PM,PM,345.0,36.48095238095238,40.53198757763975,68.50149197511861,47.95104438258303,5106.81507936508,1063.0822888012706,4.803781544628605,853.9,105.0,0.45,8.857142857143003,11.580952380952382,True,0,3,161,229,speed_mph,True,D12_I5_N,N,143.0,0.0851,False,PeMS_average_weekday,state_transition__PeMS::D12_I5_N::L5N-028__2025-10-01__077,1063.0822888012706,68.50149197511861,0.0851,PeMS_average_weekday,L5N-028,6,False,PM,measured,5.75,5106.815079365078,4.803781544628603,47.95104438258303,36.48095238095238,2025-10-01 13:25:00,2025-10-01 17:15:00,2025-10-01 19:10:00,888.1417529330571,0.0012423087081214284,0.001090415479321464,0.0008604606455101271,0.7891126472686983,220.0,18.06325166456014,49.16843154411558,5.198932263871423,0.003468913921133362,True,False,False,False,False,False,,0.8777331046566907,0,False,False,False,False,False,True,0,False,D12_I5,released_monthly_average_weekday,2025-10,corridor_period,1.1564936787796356,1.007107174601273,0.578937023705007,0.330373729445042,0.7858244175018997,0.47732888807052615,0.33272175322388164,5.617856528837545,0.0012720357075765556,0.0009995967189479638,0.0012818439340712465,33.84580070601671,909.0326627514975,0.855091531791505,20.133558590858158,45.15012379203807,0.002984465193569279,False,False,True,True,,released_profile_fit,1.0239288344843684,5.453734444483909,5.780401308521281,0.0010980164946268129,0.0015706906701062253,30.25240790654371,36.362468562663814,True,0.9983384469305591,-5.669703683614056e-13,4.851674617611934e-13,3.6690663255643052,40.47043954346649,True,105231.05540433204,104437.85650215787,117945.17825854078,1235.85425051557,1333.98178582336,6308.733903146152,137099.2887313949,132072.42000242055,0.04601580330227849,101.21870233428015,99.35345772580878,118.83094272303774,-6.858602592130882,-6.52425232177065,-35.01148997394419,157.50052175391014,148.0639975998776,-0.2222944380377901,997.2801864854625,984.7785837774919,1071.3880025561575,32.51973704985655,41.89085641205817,166.00530973797333,1023.3518261999238,1019.3070416775272,0.16221724092134687,39.14459222635107,38.797598848615834,42.5595745887093,1.6196738031055162,1.7754156420655953,8.268038912700817,42.972495761746224,42.60338320450088,0.19240304213517334,True,flat_top_power,1970.3986904293683,-5.319364358181605,43.32387033889379,1.8636755843700916,True,True,True
state_transition,PeMS::D12_I5_N::L5N-035,2025-10-01,2025-10-01 14:20:00,2025-10-01 17:25:00,2025-10-01 19:20:00,2025-10-01 19:15:00,47.28695652173913,post_qc,0,47.28695652173913,47.28695652173913,48.1217391304348,post_qc,0,48.1217391304348,48.1217391304348,172,209,231,MD;PM,PM,300.0,33.426086956521736,37.64894268774704,67.31278267451971,47.118947872163794,4821.6351778656135,1115.5700516267907,4.322126764549136,923.1652173913044,105.0,0.6,110.92173913043472,14.69565217391306,True,0,1,172,231,speed_mph,True,D12_I5_N,N,164.0,0.2349,False,PeMS_average_weekday,state_transition__PeMS::D12_I5_N::L5N-035__2025-10-01__078,1115.5700516267907,67.31278267451971,0.2349,PeMS_average_weekday,L5N-035,5,False,PM,measured,5.0,4821.635177865612,4.322126764549134,47.118947872163794,33.426086956521736,2025-10-01 14:20:00,2025-10-01 17:25:00,2025-10-01 19:20:00,964.3270355731223,0.0034896789386322314,0.003537766430774637,0.002780063244721254,0.7858244175018997,220.0,21.84083341642749,44.152483432606004,5.483882026866962,0.007265405151854946,True,False,False,False,False,False,,1.0137799187226242,0,False,False,False,False,False,True,0,False,D12_I5,released_monthly_average_weekday,2025-10,corridor_period,1.1564936787796356,1.007107174601273,0.578937023705007,0.330373729445042,0.7858244175018997,0.47732888807052615,0.33272175322388164,5.0507837751999825,0.0034497534579312635,0.0027109005016039997,0.003438255319238612,33.850030748383084,954.6310815245109,0.8557338735764831,20.788748329686836,45.92056560525458,0.007809702643882628,False,False,True,True,,released_profile_fit,0.9885589816704982,4.909719943038246,5.20074755787352,0.0029995161318563546,0.004225130624610345,30.44793283258232,36.19863455780509,True,0.9949879564014821,-1.0706180781618028e-12,4.852784840636559e-13,3.6690663255643052,37.46565538590606,True,294218.643144355,294008.7180474773,307228.9345896815,817.3971532180512,1186.4558754308675,10684.176301638036,357562.00329001877,340500.40211567323,0.02988062546727621,280.7882681521727,279.6953491567085,308.8126647477842,-7.661906267129207,-6.795017028087507,-100.14857164886197,410.4245992120718,378.0910804525496,-0.2440121080488986,2779.6057338331952,2772.3040157478563,2794.1741136075902,30.303961678067115,41.582186170434646,396.10227162141985,2669.9246970779923,2649.7557055219613,0.14835709488545518,109.44480101231747,109.22124105990376,110.99687046957104,1.536530831019161,1.7491227889265182,20.08395334737823,112.12581825434496,110.77943194146269,0.1791197929260147,True,flat_top_power,880.4455006175824,-7.376132600780455,40.88828303582372,1.7078908852993089,True,True,True
state_transition,PeMS::D12_I5_N::L5N-038,2025-10-01,2025-10-01 12:25:00,2025-10-01 18:05:00,2025-10-01 19:15:00,2025-10-01 19:10:00,51.0,post_qc,0,51.0,51.0,51.05714285714285,post_qc,0,51.05714285714285,51.05714285714285,149,217,230,MD;PM,PM,410.0,43.47692307692308,46.61486511456024,71.93249999999999,50.35274999999999,7682.787906537907,1436.357142857143,5.348800571462066,1045.142857142857,60.0,0.5454545454545454,124.14285714285712,7.580219780219771,True,0,1,149,230,speed_mph,True,D12_I5_N,N,155.0,0.1858,False,PeMS_average_weekday,state_transition__PeMS::D12_I5_N::L5N-038__2025-10-01__079,1436.357142857143,71.93249999999999,0.1858,PeMS_average_weekday,L5N-038,6,False,PM,measured,6.833333333333333,7682.787906537906,5.348800571462066,50.35274999999999,43.47692307692308,2025-10-01 12:25:00,2025-10-01 18:05:00,2025-10-01 19:15:00,1124.3104253470106,0.002582977096583603,0.0016905543966931132,0.0014011298223177752,0.8287990170907956,220.0,17.726671884408546,63.42478907932488,7.1806412952342376,0.00789840379722196,True,False,False,False,False,False,,0.6544984076433119,0,False,False,False,False,False,True,0,False,D12_I5,released_monthly_average_weekday,2025-10,corridor_period,1.1564936787796356,1.007107174601273,0.578937023705007,0.330373729445042,0.7858244175018997,0.47732888807052615,0.33272175322388164,6.260017025941563,0.002741066064038152,0.0021539966431070056,0.002821581286085162,34.898289588302625,1227.279075232602,0.8544386619551658,25.00312250792569,49.08503227321185,0.004848094760185631,False,False,True,True,,released_profile_fit,1.0612041692756962,6.0701714004911,6.447084965167139,0.002353136132110363,0.0034328630922429355,30.8851289602271,37.640954744121885,True,0.996786860754521,-8.529608027150088e-13,4.852784840636559e-13,3.6690663255643052,46.63529462990279,True,329557.59248762595,297691.2074769741,380215.05900904874,1055.5026741250122,-170.48351819215077,17467.196428178035,426573.4516477198,413369.3571908368,0.040947687580433614,355.08927689357625,283.19856216885694,388.2059499950666,-6.858644448870209,-9.429072686814873,-113.50164500413169,488.6662126533731,459.13640046117433,-0.2322682478656287,3210.457739514786,2807.0274086497448,3430.3077322423155,35.83075339851142,38.34762027368995,592.9523658480854,3274.6890037563758,3256.311959864368,0.18107135217051554,122.55297923478642,110.58924833652699,136.320654699913,1.7800833209844853,1.6053891486778895,29.45806371540929,138.01185339529397,134.8145909368178,0.21344589606398093,True,flat_top_power,1964.4142610217907,-5.3551729162048,43.24297502319834,1.8795730036681668,True,True,True
state_transition,PeMS::D12_I5_N::L5N-042,2025-10-01,2025-10-01 17:25:00,2025-10-01 17:50:00,2025-10-01 18:30:00,2025-10-01 18:25:00,49.08695652173913,post_qc,0,49.08695652173913,49.08695652173913,49.34782608695651,post_qc,0,49.34782608695651,49.34782608695651,209,214,221,PM,PM,65.0,47.16521739130435,48.04749163879598,70.35065217391305,49.24545652173913,942.4293478260868,1105.3382608695651,0.8526162363046056,886.9565217391305,30.0,0.6,23.80434782608688,2.1826086956521564,True,0,0,209,221,speed_mph,True,D12_I5_N,N,180.0,0.0764,False,PeMS_average_weekday,state_transition__PeMS::D12_I5_N::L5N-042__2025-10-01__080,1105.3382608695651,70.35065217391305,0.0764,PeMS_average_weekday,L5N-042,8,False,PM,measured,1.0833333333333333,942.4293478260868,0.8526162363046055,49.24545652173913,47.16521739130435,2025-10-01 17:25:00,2025-10-01 17:50:00,2025-10-01 18:30:00,869.9347826086955,0.001085988510968348,0.0005338492471437463,0.0005043055567362571,0.9446591138499176,220.0,14.690126033653865,59.21901422872389,5.4106819810537035,0.004114783750956016,True,False,False,False,False,False,,0.49157909292035395,0,False,False,False,False,False,True,0,False,D12_I5,released_monthly_average_weekday,2025-10,corridor_period,1.1564936787796356,1.007107174601273,0.578937023705007,0.330373729445042,0.7858244175018997,0.47732888807052615,0.33272175322388164,0.9849285255401341,0.0006255724958996507,0.0004915901421955525,0.0006455665829553275,44.637614255892096,956.8504956329285,0.8656630549277993,22.172265225334634,43.15528819038323,0.0023597577501174734,False,False,True,True,,released_profile_fit,0.5760396998508243,0.9326760487476513,1.0785694413156532,0.0004470152133170843,0.0007400110743792175,41.84009714124334,49.83680821141857,True,0.9953392212340567,0.0,4.852784840636559e-13,3.6690663255643052,48.041429287524196,True,17798.042331663295,18790.194554606926,17369.41561755172,634.4043475172318,667.0534137493726,293.9125412335478,21393.344003873444,21196.808659675524,0.013738503956199296,21.442983157283738,23.77607587785591,19.52586725664473,-8.013193876461372,-7.80843167087353,-3.712424394386569,27.34405367102709,26.97412174431035,-0.13576715577910595,188.22357946741056,203.86088416245295,148.35639105645282,29.334995075026715,40.32985225048054,13.590579861750586,151.8996809094276,151.46526528727998,0.08947075978292653,6.824343413535934,7.258371057955356,5.949649596917761,1.5001721079035872,1.6976339546109431,0.6950132013552367,6.293615559882917,6.291989703865519,0.11043146737233603,True,flat_top_power,3015.2619725045965,-3.360634507927031,45.6230258442154,2.021866806769305,True,True,True
state_transition,PeMS::D12_I5_N::L5N-042,2025-10-01,2025-10-01 20:00:00,2025-10-01 20:10:00,2025-10-01 21:15:00,2025-10-01 21:10:00,49.31304347826087,post_qc,0,49.31304347826087,49.31304347826087,67.61739130434782,post_qc,0,67.61739130434782,67.61739130434782,240,242,254,NT,NT,75.0,48.47826086956521,52.10550724637681,70.35065217391305,49.24545652173913,1071.0760869565215,1105.3382608695651,0.9690029965251638,855.5217391304348,30.0,0.2,-65.804347826087,19.139130434782608,False,0,2,240,254,speed_mph,True,D12_I5_N,N,180.0,0.0764,False,PeMS_average_weekday,state_transition__PeMS::D12_I5_N::L5N-042__2025-10-01__081,1105.3382608695651,70.35065217391305,0.0764,PeMS_average_weekday,L5N-042,8,False,NT,measured,1.25,1071.0760869565215,0.9690029965251635,49.24545652173913,48.47826086956521,2025-10-01 20:00:00,2025-10-01 20:10:00,2025-10-01 21:15:00,856.8608695652172,0.001085988510968348,0.0004899756145921904,0.0004015784703121137,0.8195886863601362,220.0,13.902105783911015,61.635329415840516,5.4106819810537035,0.0044095818139545245,True,False,False,False,False,False,,0.45117937219730975,0,False,False,False,False,False,True,0,False,D12_I5,released_monthly_average_weekday,2025-10,corridor_all_periods,1.0950814475203023,1.0319513382002132,0.5711776848269564,0.33197494412136075,0.7891126472686983,0.46452111441495186,0.34258198783497923,1.0600701624710844,0.0006324219260248033,0.0004990521402362014,0.0006679872278027301,44.459692722585864,1010.3822604154631,0.9140932655498594,30.376866512678706,33.26156962219093,0.0014290832778915117,False,False,True,True,,released_profile_fit,0.5823467924728678,0.9690029965251635,1.1270565406690374,0.0005379077784606824,0.0007267641649692729,42.145849094822665,47.04734103818651,True,0.9955353155240243,0.0,2.6900703886667543e-13,3.7418680496887458,51.35903186976947,True,21528.52831858424,25246.638896593722,19739.192372289883,-1843.0475495430967,-1443.2075379229332,-985.1509616909143,22994.467818370707,22967.637209796656,-0.04284295550879672,27.980845086703198,33.27705948908168,22.099855927870056,-12.371634453445692,-11.875517018645752,-6.612920856286067,28.682935621108697,28.419878523169935,-0.23055244217817805,213.34488326743084,157.18740379877048,168.7585801918721,21.114781766585498,35.38027317805435,11.286332557400511,168.47537922953072,169.81776706369087,0.06699099066590627,7.784865801693445,7.169568463995319,6.769360715872256,1.2332528949639066,1.4540837233448436,0.6592018072366002,7.022043881742924,7.034265529035712,0.09387605921268913,True,flat_top_power,3286.105676168297,-2.8511671120745317,46.2237822936173,2.0616858152884747,True,True,True
state_transition,PeMS::D12_I5_N::L5N-043,2025-10-01,2025-10-01 14:50:00,2025-10-01 17:35:00,2025-10-01 19:45:00,2025-10-01 19:40:00,49.99090909090909,post_qc,0,49.99090909090909,49.99090909090909,51.65652173913045,post_qc,0,51.65652173913045,51.65652173913045,178,211,236,MD;PM,PM,295.0,25.065217391304348,32.25511154284183,70.51108480368515,49.3577593625796,4372.434782608696,1087.3945222744142,4.021019687926358,917.9565217391304,120.0,0.6521739130434783,275.82608695652186,26.5913043478261,True,0,4,178,236,speed_mph,True,D12_I5_N,N,199.0,0.064,False,PeMS_average_weekday,state_transition__PeMS::D12_I5_N::L5N-043__2025-10-01__082,1087.3945222744142,70.51108480368515,0.064,PeMS_average_weekday,L5N-043,6,False,PM,measured,4.916666666666667,4372.434782608696,4.021019687926358,49.3577593625796,25.065217391304348,2025-10-01 14:50:00,2025-10-01 17:35:00,2025-10-01 19:45:00,889.3087693441415,0.0009076587061195681,0.0016456804092316894,0.0011123029029713664,0.675892413090499,220.0,16.8785377840972,52.688732917494775,5.315295167214303,0.002884138949498456,True,False,False,False,False,False,,1.8131048577359208,0,False,False,False,False,False,True,0,False,D12_I5,released_monthly_average_weekday,2025-10,corridor_period,1.1564936787796356,1.007107174601273,0.578937023705007,0.330373729445042,0.7858244175018997,0.47732888807052615,0.33272175322388164,4.696502801537736,0.0008759727112751357,0.0006883607455853432,0.0008893316575337506,35.88185281770988,930.9980143474132,0.8561731692377124,20.760133980410227,44.84547234742925,0.002175173035736818,False,False,True,True,,released_profile_fit,0.9650904082880485,4.569870705536218,4.838527997636292,0.0007626653638789352,0.001068863105539722,32.380113419286985,38.31591794044009,True,0.9986313211711486,0.0,4.851674617611934e-13,3.6690663255643052,31.683770479579866,True,76293.87304053755,69371.57456964465,73102.63332789962,1221.8591616520762,1073.733268819121,3677.566937633918,85494.3950469986,84455.61090574689,0.04301529867089251,65.95439828617191,53.63594184217245,74.8139946103652,-6.885468682797231,-7.034869205065414,-20.723969482482158,99.70309188452063,97.89862256474154,-0.2078568386473444,696.5840200631966,621.3331395784858,657.8622261268174,32.44563154793056,41.25554301652614,97.65526633199484,633.9736010897559,640.0096417475413,0.15403680242226542,29.084187121053628,27.050640347366095,26.16987076161601,1.6168931278816083,1.7515588645989006,4.866545094072045,26.576129431992015,26.65143494363986,0.18311715054389213,True,flat_top_power,2281.561184892538,-4.745112114202577,43.98360566696373,1.9169775016467727,True,True,True
state_transition,PeMS::D12_I5_N::L5N-045,2025-10-01,2025-10-01 14:35:00,2025-10-01 17:40:00,2025-10-01 19:45:00,2025-10-01 19:40:00,50.70000000000001,post_qc,0,50.70000000000001,50.70000000000001,52.33157894736841,post_qc,0,52.33157894736841,52.33157894736841,175,212,236,MD;PM,PM,310.0,32.14736842105264,38.7598754951896,71.23791508631481,49.86654056042037,4817.614522417155,1060.3743314954677,4.543314921271976,971.5789473684212,115.0,0.6363636363636364,232.9473684210526,20.184210526315773,True,0,4,175,236,speed_mph,True,D12_I5_N,N,204.0,0.2877,False,PeMS_average_weekday,state_transition__PeMS::D12_I5_N::L5N-045__2025-10-01__083,1060.3743314954677,71.23791508631481,0.2877,PeMS_average_weekday,L5N-045,6,False,PM,measured,5.166666666666667,4817.614522417154,4.543314921271976,49.86654056042037,32.14736842105264,2025-10-01 14:35:00,2025-10-01 17:40:00,2025-10-01 19:45:00,932.4415204678362,0.0040385797317539504,0.004910830877283375,0.0034012515022031377,0.6926020437675259,220.0,23.527587042411135,39.6318380965717,5.169656942931418,0.008189618573554122,True,False,False,False,False,False,,1.2159796768827458,0,False,False,False,False,False,True,0,False,D12_I5,released_monthly_average_weekday,2025-10,corridor_period,1.1564936787796356,1.007107174601273,0.578937023705007,0.330373729445042,0.7858244175018997,0.47732888807052615,0.33272175322388164,5.311145118730106,0.004059224817339605,0.00318983797759515,0.0040224067014279635,35.52814818581962,907.0764241458054,0.8554303864245157,20.366178338342745,44.53837185732985,0.010087781887026364,False,False,True,True,,released_profile_fit,1.005111966819258,5.159364703363363,5.464260106048071,0.0035161932593343243,0.00498202026180251,31.89367051392622,38.08188592449238,True,0.9943915804399046,-5.348626566556052e-13,4.853895063661184e-13,3.6690663255643052,38.67023201909092,True,356539.7496906858,348587.099054496,364725.6484895625,1453.6279162545761,1167.020179953408,22338.49583495648,423442.89873608964,421179.5309848277,0.05275444670729719,350.3571774599362,331.6166643936971,373.2112722971655,-6.440546865185904,-6.863504443409154,-98.97452278812783,491.4153231514139,488.20169991849144,-0.20140707488201787,3340.1926514860675,3286.9413565846025,3283.5752590245347,33.6728720505176,41.45113794527547,517.4648227653985,3146.748435916363,3187.122936290647,0.16444429330897808,131.779679582035,129.49655312620868,130.58693417147808,1.6629431129788959,1.7680833305082708,25.555128233064906,131.98567637718799,132.66414401444078,0.19362046651209025,True,flat_top_power,253.8502420265895,-8.6069466285144,39.35476308395331,1.6514161066218627,True,True,True
state_transition,PeMS::D12_I5_N::L5N-072,2025-10-01,2025-10-01 17:10:00,2025-10-01 17:50:00,2025-10-01 18:30:00,2025-10-01 18:25:00,46.97391304347826,post_qc,0,46.97391304347826,46.97391304347826,46.82826086956521,post_qc,0,46.82826086956521,46.82826086956521,206,214,221,PM,PM,80.0,44.29782608695651,45.7233695652174,66.61512746928959,46.63058922850271,1444.695652173913,1213.8696894147686,1.190157118817614,1097.576086956522,30.0,0.6,25.695652173913004,2.530434782608701,True,0,0,206,221,speed_mph,True,D12_I5_N,N,191.0,0.3511,False,PeMS_average_weekday,state_transition__PeMS::D12_I5_N::L5N-072__2025-10-01__084,1213.8696894147686,66.61512746928959,0.3511,PeMS_average_weekday,L5N-072,4,False,PM,measured,1.3333333333333333,1444.6956521739132,1.1901571188176143,46.63058922850271,44.29782608695651,2025-10-01 17:10:00,2025-10-01 17:50:00,2025-10-01 18:30:00,1083.521739130435,0.005270574617782748,0.0026553222266987786,0.0024082339341091044,0.9069460233092441,220.0,27.163097787930997,39.88947606748525,6.0158713409573865,0.007655049798884464,True,False,False,False,False,False,,0.5038012777088493,0,False,False,False,False,False,True,0,False,D12_I5,released_monthly_average_weekday,2025-10,corridor_period,1.1564936787796356,1.007107174601273,0.578937023705007,0.330373729445042,0.7858244175018997,0.47732888807052615,0.33272175322388164,1.3781132075349156,0.0033923867673649665,0.002665820355405727,0.0033555658560997293,40.52886586819448,1048.314205447676,0.8636134624574815,22.918020637834623,45.74191733281921,0.010049247523418238,False,False,True,True,,released_profile_fit,0.6436464737486428,1.3168965931309051,1.4807140130366316,0.0025895677251577542,0.003955998686058282,38.05313136923091,44.66841427626438,True,0.9819363286218075,-1.603934376619335e-13,4.851674617611934e-13,3.6690663255643052,45.7232391753664,True,107891.289669832,107891.289669832,123682.55600696495,-244.95275203913442,605.6579538170192,-943.3863078201172,156031.8163880422,147480.558696276,-0.006046115014606825,102.63876573312439,102.63876573312439,130.0596732500386,-9.701278017635014,-7.893203032574033,-37.36252307437232,193.69095094790615,177.1460729166252,-0.1928976180431945,1017.3421305404618,1017.3421305404618,1094.8949701846986,24.67870458123724,40.27827057417717,95.04507217358096,1124.0348442479976,1100.320722360844,0.08455705146504428,40.08051405941545,40.08051405941544,43.73732028231115,1.3254532101849734,1.6676181472785996,5.10471672490111,46.75710634495098,45.92685781299878,0.10917520616526215,True,flat_top_power,-518.2519179526521,-10.042756919491953,37.68773380630284,1.52659795962497,True,True,True
state_transition,PeMS::D12_I5_N::L5N-128,2025-10-01,2025-10-01 14:35:00,2025-10-01 16:00:00,2025-10-01 19:35:00,2025-10-01 19:30:00,52.10555555555556,post_qc,0,52.10555555555556,52.10555555555556,52.37894736842106,post_qc,0,52.37894736842106,52.37894736842106,175,192,234,MD;PM,PM,300.0,38.6421052631579,42.27821637426901,71.77175513891335,50.240228597239344,5504.781676413256,1143.286877710908,4.814873487776703,1093.5263157894738,200.0,0.4871794871794871,-35.15789473684208,13.736842105263158,False,0,4,175,234,speed_mph,True,D12_I5_N,N,219.0,0.3082,False,PeMS_average_weekday,state_transition__PeMS::D12_I5_N::L5N-128__2025-10-01__085,1143.286877710908,71.77175513891335,0.3082,PeMS_average_weekday,L5N-128,6,False,PM,measured,5.0,5504.781676413255,4.814873487776702,50.240228597239344,38.6421052631579,2025-10-01 14:35:00,2025-10-01 16:00:00,2025-10-01 19:35:00,1100.956335282651,0.004294168359175315,0.0036815875656408094,0.003029867257835562,0.8229784580196966,220.0,46.87862040160119,23.48525459689182,5.602410816675733,0.0022802571968607386,False,False,False,False,False,False,,0.857345883464115,0,False,False,False,False,False,True,0,False,D12_I5,released_monthly_average_weekday,2025-10,corridor_period,1.1564936787796356,1.007107174601273,0.578937023705007,0.330373729445042,0.7858244175018997,0.47732888807052615,0.33272175322388164,5.630920471934096,0.004400298163508339,0.0034578617411736194,0.004230889850407714,35.44783330822123,977.5989030302331,0.8550775156167141,21.483854174958804,45.503888411684756,0.010051488499696518,False,False,True,False,,released_profile_fit,1.0247148680387106,5.466414869182973,5.794287539938579,0.0037981093560134713,0.00543717806989131,31.670849769221512,38.08569327394164,True,0.9942655962219173,-6.111535362688664e-13,4.851674617611934e-13,3.6690663255643052,42.08062550708678,True,405527.60924360785,392108.9231820555,447033.229968503,1085.8969161358377,818.380758992957,20669.802334235443,507991.6558221405,509989.5731426462,0.04068925561539619,400.03586461460463,373.01969446755,457.5329791817567,-7.1464726714727185,-7.532564614323612,-136.03149185836565,581.2627385782241,586.7484474476591,-0.234027545256213,3761.51257568426,3697.3228194295975,4025.1857040525174,31.725696823310802,40.641312911369965,603.8914675135557,3798.3399812635507,3890.833754474714,0.15898826079088,148.58820085480983,145.66446704376577,160.04692440769645,1.5898788765837808,1.7258853817948683,30.262985027440855,159.57079519902862,161.61714670896575,0.18965240468780392,True,flat_top_power,-4233.0924194886275,-17.564502902696674,27.97713514371156,1.3453467665202237,True,True,True
state_transition,PeMS::D12_I5_N::L5N-131,2025-10-01,2025-10-01 13:45:00,2025-10-01 16:55:00,2025-10-01 19:40:00,2025-10-01 19:35:00,50.55454545454546,post_qc,0,50.55454545454546,50.55454545454546,50.00833333333334,post_qc,0,50.00833333333334,50.00833333333334,165,203,235,MD;PM,PM,355.0,34.40833333333334,40.405185659411,70.73118574239156,49.511830019674086,7086.906565656565,1360.045006244457,5.2107882703278365,1118.8333333333333,155.0,0.5666666666666667,139.5,15.6,True,0,2,165,235,speed_mph,True,D12_I5_N,N,170.0,0.2728,False,PeMS_average_weekday,state_transition__PeMS::D12_I5_N::L5N-131__2025-10-01__086,1360.045006244457,70.73118574239156,0.2728,PeMS_average_weekday,L5N-131,6,False,PM,measured,5.916666666666667,7086.906565656566,5.2107882703278365,49.511830019674086,34.40833333333334,2025-10-01 13:45:00,2025-10-01 16:55:00,2025-10-01 19:40:00,1197.7870251813915,0.0038568560266126267,0.004071455913324403,0.0029195490205026968,0.7170773999905214,220.0,27.738686391493477,43.18110123443742,6.77408938492198,0.005977784163258029,True,False,False,False,False,False,,1.0556411453347025,0,False,False,False,False,False,True,0,False,D12_I5,released_monthly_average_weekday,2025-10,corridor_period,1.1564936787796356,1.007107174601273,0.578937023705007,0.330373729445042,0.7858244175018997,0.47732888807052615,0.33272175322388164,6.097360149425857,0.004057466958333003,0.003188456609065237,0.00401734142680099,34.4691517542197,1162.2909573947159,0.8545974229221965,24.00382264780055,48.42107752788348,0.007508000479898699,False,False,True,True,,released_profile_fit,1.0520141095068483,5.914159043816414,6.2783103191075424,0.003488509133606072,0.005062423110221514,30.585432111293752,37.13906897283081,True,0.9951168653256242,0.0,4.852784840636559e-13,3.6690663255643052,40.257333808009214,True,479313.1522353601,467059.53546598484,519058.3346832785,-97.50906119508944,140.20530302461475,-2203.343421945742,561287.4890938228,564725.5378525619,-0.003925516717828427,469.9008945993358,444.3214497742667,527.5843747429587,-9.4182333292422,-8.819709993656332,-212.81716999425896,616.590992546728,625.0111123680905,-0.34515127948148017,4492.173641343412,4404.056567998046,4697.335857524881,25.459434794699686,39.105461943886894,575.2888756576716,4269.033450333142,4445.369866859864,0.13475857763840615,176.76782352001493,173.50785531543087,186.57303598432577,1.354748702485919,1.6340199951997345,30.612300081935388,180.1310731122677,184.46033345633998,0.16994458286969788,True,flat_top_power,-831.391639128613,-10.6911976116689,36.82952297044539,1.5211601811143836,True,True,True
state_transition,PeMS::D12_I5_N::L5N-132,2025-10-01,2025-10-01 13:35:00,2025-10-01 17:40:00,2025-10-01 19:55:00,2025-10-01 19:50:00,50.67777777777778,post_qc,0,50.67777777777778,50.67777777777778,50.66785714285714,post_qc,0,50.66785714285714,50.66785714285714,163,212,238,MD;PM,PM,380.0,32.910714285714285,38.48362399053188,68.72198042606713,48.10538629824699,6367.710317460316,1133.599372822974,5.617249329984162,978.1836734693878,125.0,0.6666666666666666,116.9387755102042,17.757142857142853,True,0,5,163,238,speed_mph,True,D12_I5_N,N,173.0,0.192,False,PeMS_average_weekday,state_transition__PeMS::D12_I5_N::L5N-132__2025-10-01__087,1133.599372822974,68.72198042606713,0.192,PeMS_average_weekday,L5N-132,7,False,PM,measured,6.333333333333333,6367.710317460316,5.617249329984162,48.10538629824699,32.910714285714285,2025-10-01 13:35:00,2025-10-01 17:40:00,2025-10-01 19:55:00,1005.4279448621552,0.0027938659335721345,0.003040100425624827,0.0022267084108736255,0.7324456758417688,220.0,25.45073665539567,39.50486614496481,5.570388095169731,0.004750120026429348,True,False,False,False,False,False,,1.0881339684534777,0,False,False,False,False,False,True,0,False,D12_I5,released_monthly_average_weekday,2025-10,corridor_period,1.1564936787796356,1.007107174601273,0.578937023705007,0.330373729445042,0.7858244175018997,0.47732888807052615,0.33272175322388164,6.576486913437477,0.00301356526627475,0.002368133169974313,0.002976289376496865,33.06108904140994,968.2540847833856,0.8541413377568893,20.96770924696793,46.178343727434196,0.006363071418931668,False,False,True,True,,released_profile_fit,1.0786363189667143,6.37365858209741,6.777891472412596,0.0025812686246145023,0.003790661123933895,29.159271524969057,35.720036234950264,True,0.996637423297905,0.0,4.852784840636559e-13,3.6690663255643052,38.24263656456134,True,312003.56605391623,310923.0213966485,312923.43076880113,923.6359681730901,1077.5506670425693,13928.048032830717,380691.1024020464,368925.0502046552,0.03658621897109999,298.47619604971754,295.7862052796381,297.29092825681715,-7.457961750398564,-7.012841876575745,-112.46297574576397,427.37947325056257,405.6095936600158,-0.2631454779294689,2900.6324818466924,2931.794494159155,2790.686653944594,30.866507638515014,41.30490176562628,465.4541570585608,2869.626441848633,2887.4311238120094,0.16220026072756424,115.19135831876787,115.50473229692838,114.74524397474411,1.5576393529759864,1.7419746945672219,23.48855661066164,120.806842406567,120.52233118258977,0.19443068076899603,True,flat_top_power,-171.49622327389307,-9.397569926860724,38.43738715757992,1.5824112578798495,True,True,True
state_transition,PeMS::D12_I5_N::L5N-133,2025-10-01,2025-10-01 08:00:00,2025-10-01 08:30:00,2025-10-01 08:55:00,2025-10-01 08:50:00,48.22619047619049,post_qc,0,48.22619047619049,48.22619047619049,48.43809523809524,post_qc,0,48.43809523809524,48.43809523809524,96,102,106,AM,AM,55.0,45.95238095238095,47.005844155844166,68.99411697406033,48.29588188184223,981.4920634920634,1096.9644349295625,0.8947346260638671,1046.3333333333333,15.0,0.5,-14.095238095237846,2.4857142857142875,False,0,4,96,106,speed_mph,True,D12_I5_N,N,132.0,0.3815,False,PeMS_average_weekday,state_transition__PeMS::D12_I5_N::L5N-133__2025-10-01__088,1096.9644349295625,68.99411697406033,0.3815,PeMS_average_weekday,L5N-133,6,False,AM,measured,0.9166666666666666,981.4920634920636,0.8947346260638673,48.29588188184223,45.95238095238095,2025-10-01 08:00:00,2025-10-01 08:30:00,2025-10-01 08:55:00,1070.7186147186148,0.005529456955633366,0.0027726155832267386,0.0025902961340116683,0.9342427957492437,220.0,51.51977146692798,20.782673995476472,5.374625973517497,0.0018754671955712998,False,False,False,False,False,False,,0.5014263797463908,1,False,False,False,True,False,True,1,False,D12_I5,released_monthly_average_weekday,2025-10,corridor_all_periods,1.0950814475203023,1.0319513382002132,0.5711776848269564,0.33197494412136075,0.7891126472686983,0.46452111441495186,0.34258198783497923,0.9763313452637999,0.00313328756606312,0.002472516845910166,0.0030683779842814868,44.03916092001847,1005.2858266338558,0.9164251771739588,30.502894705592812,32.95706313570079,0.0069775527456475625,False,False,True,False,,released_profile_fit,0.5666537584438472,0.8947346260638673,1.0385233033653682,0.0027188303243721114,0.003584884580684082,41.85711043593951,46.2520274494632,True,0.9759828490792319,0.0,2.6900703886667543e-13,3.7418680496887458,46.98418730078377,True,85382.09195110484,77507.86855807346,89773.13762744993,-2258.347617302649,-1420.250267947627,-5480.457865046322,106403.02940463716,104671.48896128252,-0.051506596153431304,92.25112292030715,73.7345154344774,99.16874592736613,-13.161527657214478,-11.813645212074166,-31.93981175101762,132.7426857098959,128.36613804247827,-0.24061447589527352,854.9525347344719,730.8469513509646,773.3641982276204,19.006298716686054,35.48266678952503,46.123643007489505,779.5322456871094,779.1464503590236,0.05916835802838967,32.2380464866239,28.793382903882616,31.00376235482047,1.1549038254446158,1.4446882951773001,2.8026693964367686,32.49025395611947,32.33369058299079,0.08626184948329381,True,flat_top_power,-4629.223084179006,-18.38282471416396,26.896911244873827,1.3371188086742984,True,True,True
state_transition,PeMS::D12_I5_N::L5N-133,2025-10-01,2025-10-01 13:50:00,2025-10-01 16:00:00,2025-10-01 18:10:00,2025-10-01 18:05:00,48.93333333333333,post_qc,0,48.93333333333333,48.93333333333333,49.45909090909091,post_qc,0,49.45909090909091,49.45909090909091,166,192,217,MD;PM,PM,260.0,36.56363636363636,40.93217823842824,68.99411697406033,48.29588188184223,4256.325577200576,1096.9644349295625,3.880094414796484,973.1136363636364,120.0,0.5217391304347826,72.22727272727286,12.895454545454548,True,0,0,166,217,speed_mph,True,D12_I5_N,N,132.0,0.3815,False,PeMS_average_weekday,state_transition__PeMS::D12_I5_N::L5N-133__2025-10-01__089,1096.9644349295625,68.99411697406033,0.3815,PeMS_average_weekday,L5N-133,6,False,PM,measured,4.333333333333333,4256.325577200577,3.8800944147964844,48.29588188184223,36.56363636363636,2025-10-01 13:50:00,2025-10-01 16:00:00,2025-10-01 18:10:00,982.2289793539793,0.005529456955633366,0.004904406793745052,0.0038120815892761393,0.7772767940330653,220.0,26.37068159268616,37.24700766272184,5.374625973517497,0.008937366689372762,True,False,False,False,False,False,,0.8869599371324307,0,False,False,False,False,False,True,0,False,D12_I5,released_monthly_average_weekday,2025-10,corridor_period,1.1564936787796356,1.007107174601273,0.578937023705007,0.330373729445042,0.7858244175018997,0.47732888807052615,0.33272175322388164,4.530754826650455,0.005273455934632878,0.004144010438054817,0.005196406257692871,35.314549314170925,939.4296844676628,0.8563902844562001,20.77914368266799,45.21022130720655,0.012830298664046547,False,False,True,True,,released_profile_fit,0.9537023213934821,4.408127101422656,4.669242069941454,0.00459621063843783,0.006423453004961007,31.91691413583995,37.67652818794225,True,0.9914589686136634,0.0,4.852784840636559e-13,3.6690663255643052,40.83909713222682,True,390516.190517446,386695.7774010926,428956.0471619391,1034.5618114638314,1122.851311372482,18247.867754080715,503440.3275260182,488668.62531533453,0.03624633696659442,376.8539610164277,367.87007948573125,436.82285910220605,-7.245019639622542,-6.928952341013671,-127.78952286329547,586.3704302658856,558.781132903533,-0.2179330953052155,3706.494009926607,3646.280503793335,3872.6301882356556,31.453871918499615,41.401739709727636,554.7914960348795,3735.281599049801,3735.6770121064974,0.1485273549860364,145.32481932251778,143.65353857823814,153.98730282853393,1.5796791375845871,1.7495385938402381,27.862787585149114,156.60557643369506,155.87300618182127,0.17791695685208175,True,flat_top_power,-421.3457829251993,-9.880485338748375,37.8475609561478,1.5545204518429387,True,True,True
state_transition,PeMS::D12_I5_N::L5N-134,2025-10-01,2025-10-01 14:00:00,2025-10-01 17:25:00,2025-10-01 19:50:00,2025-10-01 19:45:00,50.13636363636364,post_qc,0,50.13636363636364,50.13636363636364,51.31666666666667,post_qc,0,51.31666666666667,51.31666666666667,168,209,237,MD;PM,PM,350.0,13.46666666666666,26.2407683982684,71.00246051540262,49.70172236078183,5426.674242424242,1193.0363144200494,4.548624527881382,898.1428571428571,135.0,0.4615384615384615,181.42857142857144,37.85000000000001,True,0,1,168,237,speed_mph,True,D12_I5_N,N,167.0,0.0982,False,PeMS_average_weekday,state_transition__PeMS::D12_I5_N::L5N-134__2025-10-01__090,1193.0363144200494,71.00246051540262,0.0982,PeMS_average_weekday,L5N-134,7,False,PM,measured,5.833333333333333,5426.674242424242,4.548624527881382,49.70172236078183,13.46666666666666,2025-10-01 14:00:00,2025-10-01 17:25:00,2025-10-01 19:50:00,930.287012987013,0.0013830506617259748,0.005909028546194821,0.002887855009502499,0.4887190824898219,220.0,15.11333436696288,61.554054876241054,5.871321050597946,0.005114522780085853,False,False,False,False,False,False,,4.272459939262574,1,False,True,False,False,False,True,0,False,D12_I5,released_monthly_average_weekday,2025-10,corridor_period,1.1564936787796356,1.007107174601273,0.578937023705007,0.330373729445042,0.7858244175018997,0.47732888807052615,0.33272175322388164,5.317396200284091,0.001390661094462752,0.0010928154444987462,0.0014338647907205693,35.403822975078576,1020.5510437861133,0.8554232854866757,22.099254798072916,46.180337441745166,0.0030605380880884834,False,False,True,False,,released_profile_fit,1.0055026420559892,5.16536984195617,5.470630873398502,0.0012044864502353968,0.001706801869114875,31.781457100379246,37.95114693140797,True,0.9980808547643325,0.0,4.850564394587309e-13,3.6690663255643052,22.99278128794494,True,177088.95707235692,160658.11146526868,140572.7555340819,748.1711922136104,665.3297946425971,4436.919591770002,159164.794726027,158869.44898051032,0.027876262457457033,126.31394291598656,94.46588508768566,143.64980275017376,-7.794797952416173,-7.8176643113910105,-46.22590672949845,181.51970190093857,181.41195751238496,-0.2546605478380825,1608.9345563728791,1452.7372477418166,1264.583614785317,29.937402763251928,40.309529913764294,177.53937899423642,1191.7976709642874,1220.1176962563618,0.14896771769203807,68.75174443501912,63.76884336012374,50.319561743773114,1.522776369258052,1.701474096698067,9.030602056001658,50.08667734364563,50.70041002491622,0.18029948351419936,True,flat_top_power,2852.610127268903,-3.670843182267835,45.25053152296178,2.0008611595757104,True,True,True
state_transition,PeMS::D12_I5_N::L5N-135,2025-10-01,2025-10-01 14:20:00,2025-10-01 15:35:00,2025-10-01 19:40:00,2025-10-01 19:35:00,49.26363636363638,post_qc,0,49.26363636363638,49.26363636363638,48.95217391304349,post_qc,0,48.95217391304349,48.95217391304349,172,187,235,MD;PM,MD,320.0,38.26818181818182,41.917471590909095,68.24928256364005,47.77449779454803,5014.931818181818,1020.4078006357344,4.914634928366302,897.1304347826086,235.0,0.5434782608695652,11.363636363636374,10.683992094861663,True,0,7,172,235,speed_mph,True,D12_I5_N,N,215.0,0.0472,False,PeMS_average_weekday,state_transition__PeMS::D12_I5_N::L5N-135__2025-10-01__091,1020.4078006357344,68.24928256364005,0.0472,PeMS_average_weekday,L5N-135,6,False,MD,measured,5.333333333333333,5014.931818181818,4.914634928366302,47.77449779454803,38.26818181818182,2025-10-01 14:20:00,2025-10-01 15:35:00,2025-10-01 19:40:00,940.2997159090909,0.0006915823614114576,0.0005418182799948851,0.0004379446320210178,0.8082869260615424,220.0,30.28463437579887,31.048739246477595,4.976414087734855,0.0008669637783338709,True,False,False,False,False,False,,0.783447222235516,0,False,False,False,False,False,True,0,False,D12_I5,released_monthly_average_weekday,2025-10,corridor_all_periods,1.0950814475203023,1.0319513382002132,0.5711776848269564,0.33197494412136075,0.7891126472686983,0.46452111441495186,0.34258198783497923,5.66280693726885,0.000702429617289664,0.0005542960948193854,0.0006885896680774817,33.85910646476572,885.5911694917328,0.867879654526349,21.064285681750402,42.042307195775834,0.0015491772215680383,False,False,True,True,,released_profile_fit,1.015684691344742,5.500032166853927,5.869378509588683,0.0006039423213450384,0.0008840125737173854,29.9569400012511,36.433115588127414,True,0.9990716974916475,-5.567692771470754e-13,2.6900703886667543e-13,3.7418680496887458,41.78740328866844,True,56046.99262771442,55090.64102118321,64317.73929997853,823.1410739608193,1067.5972162388348,2288.132263250215,73788.06966405292,71130.13928516777,0.03100951513798601,54.6575425321537,52.40863664865376,64.78142335015302,-7.6508797779828575,-7.027964897378263,-21.267587557032172,83.9739324099069,78.99678328015428,-0.2532641612306239,534.5406588625669,519.467607448589,585.3892875033146,30.33437635666031,41.29273884420623,84.32219873716662,553.012176681857,553.7989607293847,0.1524780145766599,20.88397771891087,20.46561143859558,23.234043400512668,1.5376720869449572,1.738051445117433,4.274354935914082,23.246416760210803,23.12211305880432,0.18387156093794996,True,flat_top_power,-1339.709057112826,-11.647946251367014,35.700419105397025,1.446827293735777,True,True,True
state_transition,PeMS::D12_I5_N::L5N-138,2025-10-01,2025-10-01 14:35:00,2025-10-01 14:55:00,2025-10-01 17:55:00,2025-10-01 17:50:00,51.27727272727274,post_qc,0,51.27727272727274,51.27727272727274,49.49999999999999,post_qc,0,49.49999999999999,49.49999999999999,175,179,214,MD;PM,MD,200.0,33.94545454545455,40.485454545454544,69.70282999503613,48.79198099652528,3140.045454545455,962.7844457558876,3.261421046411056,942.6623376623376,170.0,0.5454545454545454,133.87012987012997,15.55454545454544,True,0,2,175,214,speed_mph,True,D12_I5_N,N,123.0,0.2082,False,PeMS_average_weekday,state_transition__PeMS::D12_I5_N::L5N-138__2025-10-01__092,962.7844457558876,69.70282999503613,0.2082,PeMS_average_weekday,L5N-138,7,False,MD,measured,3.333333333333333,3140.0454545454545,3.261421046411055,48.79198099652528,33.94545454545455,2025-10-01 14:35:00,2025-10-01 14:55:00,2025-10-01 17:55:00,942.0136363636365,0.0029869662396035702,0.0031464028016390637,0.0021860132909779905,0.6947658735363523,220.0,51.586311749447965,18.260922411723243,4.669465368956251,0.0010489881238565774,False,False,False,False,False,False,,1.0533774235281126,0,False,False,False,False,False,True,0,False,D12_I5,released_monthly_average_weekday,2025-10,corridor_all_periods,1.0950814475203023,1.0319513382002132,0.5711776848269564,0.33197494412136075,0.7891126472686983,0.46452111441495186,0.34258198783497923,3.7090042188206485,0.0026362143223587313,0.0020802700626841564,0.002544392976053545,37.02530937888738,846.6006694227741,0.8793252458062958,21.87920663894921,38.694303838040526,0.006528918108294302,False,False,True,False,,released_profile_fit,0.8825725203739193,3.5899446448543446,3.830937415442706,0.0023298379279460524,0.003252253361728664,33.36956784757556,39.158861881965684,True,0.9946808547184114,-3.486150762005929e-13,2.6900703886667543e-13,3.7418680496887458,40.24759788225831,True,160979.6863343899,157976.64034524534,167586.28339851677,671.5418239572209,774.8472410523891,4386.60692543671,197744.97383106506,194302.03956002623,0.022183152575014218,156.42940961582894,150.2857870113634,172.3329197090033,-7.941901809730823,-7.597115835096604,-51.877634775466866,232.7286064496473,226.44667257888904,-0.22291043446217262,1507.1436245222635,1489.6132241655355,1501.6609570649125,29.53164201015478,40.59250195824681,192.90489548051582,1460.3903229489165,1472.8537785237825,0.13209132685225516,59.404338633288106,58.68671116818881,59.817292928973615,1.507550929261736,1.7076379924701381,9.847537578194604,61.15397258407261,61.30835577815928,0.1610285834604859,True,flat_top_power,-4641.64674043643,-18.432135667555865,26.797904821933496,1.3530193680718265,True,True,True
state_transition,PeMS::D12_I5_N::L5N-140,2025-10-01,2025-10-01 17:15:00,2025-10-01 17:25:00,2025-10-01 17:45:00,2025-10-01 17:40:00,51.67567567567569,post_qc,0,51.67567567567569,51.67567567567569,48.82432432432432,post_qc,0,48.82432432432432,48.82432432432432,207,209,212,PM,PM,30.0,44.02972972972972,46.93556056056056,69.65702702702703,48.75991891891891,555.7708708708709,1284.441081081081,0.4326947176145229,1084.6702702702703,10.0,0.0,-34.24864864864867,4.794594594594599,False,0,2,207,212,speed_mph,True,D12_I5_N,N,113.0,0.3598,False,PeMS_average_weekday,state_transition__PeMS::D12_I5_N::L5N-140__2025-10-01__093,1284.441081081081,69.65702702702703,0.3598,PeMS_average_weekday,L5N-140,5,False,PM,measured,0.5,555.7708708708708,0.4326947176145229,48.75991891891891,44.02972972972972,2025-10-01 17:15:00,2025-10-01 17:25:00,2025-10-01 17:45:00,1111.5417417417416,0.005165308014945816,0.003006443258763595,0.0025149098343356453,0.8365066684710711,220.0,24.39106520632412,45.57167685540608,6.372484248560476,0.009585995257643974,True,False,False,False,False,False,,0.5820453010864896,1,False,False,False,True,False,True,1,False,D12_I5,released_monthly_average_weekday,2025-10,corridor_period,1.1564936787796356,1.007107174601273,0.578937023705007,0.330373729445042,0.7858244175018997,0.47732888807052615,0.33272175322388164,0.49743820287594565,0.0023743138485979734,0.0018657937970411962,0.0023783466039860725,47.72122614527064,1117.2661602138196,0.8698461740833184,25.00966573716298,44.67337436476106,0.00922112976400287,False,False,True,True,,released_profile_fit,0.4596654917243846,0.46195611555056715,0.5648962507775085,0.0014168754665021637,0.0029891453864099777,44.123129221494196,54.66271605421445,True,0.9649744835123395,-1.234059234513631e-13,4.852784840636559e-13,3.6690663255643052,46.847629463226994,True,47620.81967606093,41513.13181596427,54606.072292329016,706.1252697587905,-91.79782584348959,732.2193124314659,59914.09501716574,57779.147981264636,0.012221152839272309,51.94913389413463,39.49212790343045,70.86948360181574,-7.523153941363325,-9.253961566372237,-7.801163394340556,79.30927026585417,74.80986208592184,-0.09836382768609675,425.85866865389403,391.44084843458046,482.6164812009173,34.05696044177501,38.59679348432256,35.31549602622289,423.25922055409796,409.4699377614513,0.08343703884345531,16.856514008139293,15.421705204302185,18.577601955882926,1.714170992361878,1.5984385111289139,1.7775161988551007,17.481057286647122,17.00172571421189,0.10168241941594995,True,flat_top_power,74.23678157883569,-8.935526207195462,38.981923849803316,1.6186680177316322,True,True,True
state_transition,PeMS::D12_I5_N::L5N-146,2025-10-01,2025-10-01 14:35:00,2025-10-01 16:10:00,2025-10-01 19:35:00,2025-10-01 19:30:00,49.36363636363636,post_qc,0,49.36363636363636,49.36363636363636,49.08695652173914,post_qc,0,49.08695652173914,49.08695652173914,175,194,234,MD;PM,PM,300.0,34.75652173913044,37.922223320158096,68.62908541126373,48.04035978788461,5958.534782608695,1244.292322012775,4.788693683305971,1188.6260869565217,195.0,0.5,-47.79130434782587,14.330434782608698,False,0,2,175,234,speed_mph,True,D12_I5_N,N,221.0,0.2386,False,PeMS_average_weekday,state_transition__PeMS::D12_I5_N::L5N-146__2025-10-01__094,1244.292322012775,68.62908541126373,0.2386,PeMS_average_weekday,L5N-146,5,False,PM,measured,5.0,5958.534782608695,4.788693683305971,48.04035978788461,34.75652173913044,2025-10-01 14:35:00,2025-10-01 16:10:00,2025-10-01 19:35:00,1191.7069565217391,0.0034766600570323184,0.0033882386169731844,0.0028641689424170422,0.8453268102397377,220.0,44.696938132349,26.661937177733705,6.163850713748297,0.001861513204265763,False,False,False,False,False,False,,0.9745671309220233,0,False,False,False,False,False,True,0,False,D12_I5,released_monthly_average_weekday,2025-10,corridor_period,1.1564936787796356,1.007107174601273,0.578937023705007,0.330373729445042,0.7858244175018997,0.47732888807052615,0.33272175322388164,5.600086590707857,0.003556128449098677,0.002794492567074902,0.0034254282827981242,33.926798707510535,1064.0076159707255,0.8551106497624129,22.457178502154754,47.379398790842515,0.007148005012851972,False,False,True,False,,released_profile_fit,1.0228576825926987,5.436486172147107,5.761514586000442,0.0030698701936362335,0.0043869177593354935,30.342425098640305,36.44678850151224,True,0.9953401895022056,-6.615302508682025e-13,4.852784840636559e-13,3.6690663255643052,37.62914912556703,True,370179.0771762192,367452.91657260363,385475.8620326321,276.29947694855906,650.5089802168127,4600.685015317608,431670.0580614241,420804.17106556834,0.010657873830718548,355.9747233414607,349.56402817561656,389.0192051885714,-8.700640595421154,-7.824767275472944,-144.875072704067,483.7328895484339,463.7948931604717,-0.2994939476604709,3507.8002975043723,3464.8332980656382,3503.6852382615953,27.438791239918285,40.333877054183255,456.885539886211,3256.372396941631,3305.6453028589635,0.1403050647141327,137.69760021113365,136.50501197947523,139.09586103807442,1.429020481010496,1.685098278144043,23.794736009547258,137.11492681300675,137.71274505395735,0.17353862604614748,True,flat_top_power,-3920.4935892172844,-16.8198892725541,29.101832845763404,1.2842904043193024,True,True,True
state_transition,PeMS::D12_I5_N::L5N-157,2025-10-01,2025-10-01 14:25:00,2025-10-01 17:35:00,2025-10-01 19:10:00,2025-10-01 19:05:00,50.67333333333333,post_qc,0,50.67333333333333,50.67333333333333,51.93749999999999,post_qc,0,51.93749999999999,51.93749999999999,173,211,229,MD;PM,PM,285.0,41.51875,45.63994674185464,71.83875,50.287125,4935.212400793652,1410.51625,3.498869581115178,1012.875,85.0,0.625,130.75,10.418749999999996,True,0,3,173,229,speed_mph,True,D12_I5_N,N,161.0,0.0951,False,PeMS_average_weekday,state_transition__PeMS::D12_I5_N::L5N-157__2025-10-01__095,1410.51625,71.83875,0.0951,PeMS_average_weekday,L5N-157,6,False,PM,measured,4.75,4935.212400793651,3.4988695811151778,50.287125,41.51875,2025-10-01 14:25:00,2025-10-01 17:35:00,2025-10-01 19:10:00,1038.9920843776108,0.0013237980894712116,0.0009667332969505859,0.0007602717879965995,0.7864338493302775,220.0,14.34875151203671,72.40992942877529,7.039715343697251,0.005303956243038042,True,False,False,False,False,False,,0.7302724672587686,0,False,False,False,False,False,True,0,False,D12_I5,released_monthly_average_weekday,2025-10,corridor_period,1.1564936787796356,1.007107174601273,0.578937023705007,0.330373729445042,0.7858244175018997,0.47732888807052615,0.33272175322388164,4.082599776796162,0.0012198053831358976,0.0009585528546684483,0.001282374476618597,37.387903037624675,1208.8406090754702,0.8570199805039257,25.03670120334434,48.282742972304845,0.0024746256416590213,False,False,True,True,,released_profile_fit,0.9214436799974128,3.9692802826038505,4.203391531550794,0.0010632244252124408,0.0014742537420978476,33.987935683585356,39.84042870462312,True,0.9978075015432847,-5.479186438776707e-13,4.850564394587309e-13,3.6690663255643052,45.631867255597264,True,111049.07524257,100030.92936049991,119816.58422295058,1027.8499555165274,-176.37805216289644,4862.410659634258,139548.98869907513,135967.1548981653,0.03484375418957432,118.20557791638059,95.16107515368671,124.35005104039683,-6.911239418604765,-9.439395668131297,-32.69473724248064,165.55187257703204,157.44572495619312,-0.197489383439427,1023.8883906127674,943.2242316036436,1069.26456527789,35.69036023945373,38.336652275383,168.83902863749847,1051.7244070803988,1043.5604800446624,0.16053542876902316,40.120385679607374,37.16047034824691,42.58997922845887,1.7748664550582607,1.6039998777775193,8.396293178964665,44.13453545382504,43.196778170390445,0.19024315295556096,True,flat_top_power,3090.8397044901803,-3.2270746229919736,45.766964687713624,2.0388581276234485,True,True,True
state_transition,PeMS::D12_I5_N::L5N-159,2025-10-01,2025-10-01 16:00:00,2025-10-01 17:40:00,2025-10-01 18:50:00,2025-10-01 18:45:00,48.68260869565216,post_qc,0,48.68260869565216,48.68260869565216,49.28695652173912,post_qc,0,49.28695652173912,49.28695652173912,192,212,225,PM,PM,170.0,43.47826086956522,45.41764705882353,69.79447675150786,48.856133726055496,3883.4782608695655,1448.8442709015746,2.680397292424663,1356.208695652174,60.0,0.5454545454545454,12.2086956521739,5.808695652173903,True,0,1,192,225,speed_mph,True,D12_I5_N,N,190.0,0.5139,False,PeMS_average_weekday,state_transition__PeMS::D12_I5_N::L5N-159__2025-10-01__096,1448.8442709015746,69.79447675150786,0.5139,PeMS_average_weekday,L5N-159,5,False,PM,measured,2.833333333333333,3883.478260869566,2.6803972924246633,48.856133726055496,43.47826086956522,2025-10-01 16:00:00,2025-10-01 17:40:00,2025-10-01 18:50:00,1370.6393861892586,0.007363046818585076,0.004456653181414924,0.003958011572287757,0.8881129877445713,220.0,43.49405922989639,31.513255153869977,7.271807825575063,0.004452359908197553,False,False,False,False,False,False,,0.6052729652846808,0,False,False,False,False,False,True,0,False,D12_I5,released_monthly_average_weekday,2025-10,corridor_period,1.1564936787796356,1.007107174601273,0.578937023705007,0.330373729445042,0.7858244175018997,0.47732888807052615,0.33272175322388164,3.1216608672465584,0.006208989711952666,0.004879175723670492,0.006013345462403227,37.86461956860343,1244.0423306760301,0.8586446146499223,25.428811440880555,48.922551239498716,0.012846312993404807,False,False,True,False,,released_profile_fit,0.8432636468208442,3.029911629816079,3.2350321246879443,0.0053213856178537106,0.007455885515895001,34.67861282995221,40.51423089648056,True,0.9854044394719951,0.0,4.850564394587309e-13,3.6690663255643052,45.39328234666752,True,441499.2929763126,427586.60096943314,505656.67122335697,540.1759499284683,-207.99115903773463,10235.347270730157,599723.6081039059,573934.0793734175,0.01706677398125174,439.48654634965476,406.7701952755138,524.6892855733796,-7.838786540729813,-9.47851156476372,-148.5306823380786,719.1433720458399,663.9004486758148,-0.20653834563688492,4251.131252661647,4031.8534049596255,4508.5849635936265,33.214433904536,38.32257928111643,629.3528348654886,4493.5134203466905,4411.965437078196,0.14005807393737166,164.93031913714836,158.84406261356457,179.72025410778912,1.6828635695959533,1.5854463791204165,31.887189806129086,188.30421806913012,183.07445101503856,0.16933869104526741,True,flat_top_power,-3794.1782175698418,-16.5782469610164,29.39313440995728,1.3001015663652449,True,True,True
state_transition,PeMS::D12_I5_N::L5N-161,2025-10-01,2025-10-01 07:30:00,2025-10-01 08:35:00,2025-10-01 09:30:00,2025-10-01 09:25:00,51.50909090909092,post_qc,0,51.50909090909092,51.50909090909092,50.371428571428574,post_qc,0,50.371428571428574,50.371428571428574,90,103,113,AM,AM,120.0,39.54285714285714,43.80241432178932,70.27219530423932,49.19053671296752,2196.37560296846,1045.6966999303768,2.100394505514549,1054.408163265306,40.0,0.2857142857142857,-34.09387755102057,10.828571428571436,False,0,2,90,113,speed_mph,True,D12_I5_N,N,149.0,0.2287,False,PeMS_average_weekday,state_transition__PeMS::D12_I5_N::L5N-161__2025-10-01__097,1045.6966999303768,70.27219530423932,0.2287,PeMS_average_weekday,L5N-161,7,False,AM,measured,2.0,2196.37560296846,2.1003945055145494,49.19053671296752,39.54285714285714,2025-10-01 07:30:00,2025-10-01 08:35:00,2025-10-01 09:30:00,1098.18780148423,0.0032544877673147516,0.002529110498581203,0.0019987308806573042,0.7902900572270628,220.0,239.5575645348753,4.584233453936093,5.0979917537716375,-0.002299811172384244,False,False,False,False,False,False,,0.7771147656418906,0,False,False,False,False,False,True,0,False,D12_I5,released_monthly_average_weekday,2025-10,corridor_all_periods,1.0950814475203023,1.0319513382002132,0.5711776848269564,0.33197494412136075,0.7891126472686983,0.46452111441495186,0.34258198783497923,2.355294614838996,0.002470378919660551,0.0019494072490501245,0.002339851476933098,39.94852849941772,932.526907305225,0.8917757007049112,25.149353698071497,37.07955753060696,0.005839185284710326,False,False,True,False,,released_profile_fit,0.7590684298988281,2.1720502087867195,2.440824661557548,0.002210821454894861,0.002906032515767829,37.123532203248814,41.84575669995103,True,0.9921505939071369,0.0,2.6900703886667543e-13,3.7418680496887458,43.53521437534054,True,119751.8955615409,112214.31611225418,123765.9994460127,741.945180613864,-151.9846497476119,3176.7351310142762,150538.89388451102,145032.3701915249,0.021102421102226068,122.17778833508825,106.75133218440799,130.53261354739277,-7.455025119962776,-9.375831012056057,-31.91966309638313,184.98426908318916,173.11957018727082,-0.17255339199696249,1102.3042057075183,1058.1053556791662,1093.907569885681,34.23881852644685,38.4394535056693,146.5979704422299,1112.573178908398,1091.106284779448,0.13176478924834822,43.491662582731834,41.68647430546463,43.661858620915574,1.7209286524337846,1.595504789911598,7.368380644554193,46.47000909439647,45.25528924494517,0.15856206590333335,True,flat_top_power,,,,,True,False,True
state_transition,PeMS::D12_I5_N::L5N-161,2025-10-01,2025-10-01 12:25:00,2025-10-01 18:15:00,2025-10-01 19:35:00,2025-10-01 19:30:00,50.13809523809524,post_qc,0,50.13809523809524,50.13809523809524,50.354545454545466,post_qc,0,50.354545454545466,50.354545454545466,149,219,234,MD;PM,PM,430.0,33.30909090909091,38.07008708345918,70.27219530423932,49.19053671296752,6514.358379715523,1045.6966999303768,6.229682450130381,869.6883116883116,70.0,0.6153846153846154,136.67532467532476,17.045454545454554,True,0,0,149,234,speed_mph,True,D12_I5_N,N,149.0,0.2287,False,PeMS_average_weekday,state_transition__PeMS::D12_I5_N::L5N-161__2025-10-01__098,1045.6966999303768,70.27219530423932,0.2287,PeMS_average_weekday,L5N-161,7,False,PM,measured,7.166666666666667,6514.358379715523,6.229682450130381,49.19053671296752,33.30909090909091,2025-10-01 12:25:00,2025-10-01 18:15:00,2025-10-01 19:35:00,908.980239030073,0.0032544877673147516,0.0036115056824669064,0.0027850840524325593,0.771169782717926,220.0,21.79893931934195,41.69837007727918,5.0979917537716375,0.007236848377516712,True,False,False,False,False,False,,1.1097001865355687,0,False,False,False,False,False,True,0,False,D12_I5,released_monthly_average_weekday,2025-10,corridor_period,1.1564936787796356,1.007107174601273,0.578937023705007,0.330373729445042,0.7858244175018997,0.47732888807052615,0.33272175322388164,7.2988691997198565,0.003633380937311627,0.002855199458625416,0.003611505682466907,33.20330421606163,892.5161146832932,0.853513370313512,19.865519771055883,44.927901457866284,0.008257921806444125,False,False,True,True,,released_profile_fit,1.1164217526955085,7.063152433191413,7.5440399700582175,0.0031175442904870297,0.004611252397087742,29.075478541809066,35.89124057137171,True,0.9963470736958681,0.0,4.852784840636559e-13,3.6690663255643052,37.866922825924526,True,387750.28862044954,382643.1789210214,383932.9658373031,1538.9975459878012,1350.5947460021841,28625.03504270899,465695.0482186821,457210.8135375638,0.06146733823389761,375.0678622000378,364.0147756212642,368.85036658480595,-6.2766645036706255,-6.506585884243903,-116.74465747999538,526.5833535749221,511.5092398456627,-0.2217021420966453,3628.733434613768,3608.0672320402823,3428.8173524630893,34.12491342891289,41.890294027422144,634.7163095085175,3499.758465943086,3527.178580800945,0.1813600326094159,143.2820659148985,142.14803956293557,140.2843597071166,1.6799051499183375,1.787140058425467,31.245887240174245,147.2196854413969,147.2041989788619,0.21223987231389757,True,flat_top_power,777.420551171967,-7.59720956855797,40.58461969865954,1.7113881000051778,True,True,True
state_transition,PeMS::D12_I5_N::L5N-162,2025-10-01,2025-10-01 13:35:00,2025-10-01 15:45:00,2025-10-01 18:50:00,2025-10-01 18:45:00,48.29523809523809,post_qc,0,48.29523809523809,48.29523809523809,47.64545454545455,post_qc,0,47.64545454545455,47.64545454545455,163,189,225,MD;PM,MD,315.0,42.81818181818182,45.63868618154332,67.97886363636364,47.58520454545455,4997.765151515151,1259.8254545454545,3.967029824237316,932.9090909090908,175.0,0.5882352941176471,51.54545454545439,4.827272727272728,True,0,7,163,225,speed_mph,True,D12_I5_N,N,134.0,0.2541,False,PeMS_average_weekday,state_transition__PeMS::D12_I5_N::L5N-162__2025-10-01__099,1259.8254545454545,67.97886363636364,0.2541,PeMS_average_weekday,L5N-162,6,False,MD,measured,5.25,4997.76515151515,3.9670298242373154,47.58520454545455,42.81818181818182,2025-10-01 13:35:00,2025-10-01 15:45:00,2025-10-01 18:50:00,951.9552669552667,0.0037379265613977602,0.002196468343060838,0.0018309468975175438,0.833586745423369,220.0,14.047629926278518,67.76625466011672,6.253247365292711,0.014350534006933561,True,False,False,False,False,False,,0.5876167728237792,0,False,False,False,False,False,True,0,False,D12_I5,released_monthly_average_weekday,2025-10,corridor_all_periods,1.0950814475203023,1.0319513382002132,0.5711776848269564,0.33197494412136075,0.7891126472686983,0.46452111441495186,0.34258198783497923,4.539768001126924,0.003527936086896346,0.002783938984925549,0.0037023446180580073,34.97175934913359,1100.8855849626095,0.8738397696209508,25.048717590320962,43.9497783067346,0.00640630533725187,False,False,True,True,,released_profile_fit,0.9438216692992251,4.4174724381756425,4.684618036109555,0.003076686564297642,0.0043773687304451735,31.31125710600278,37.28751807628827,True,0.994184252886216,-5.548633942881354e-13,2.6900703886667543e-13,3.7418680496887458,45.62861804539784,True,281544.26562307205,270681.9975577917,337185.01278047403,408.5828534035081,-34.33304595252048,5684.806598298778,390811.2416598714,364848.0291001399,0.014546169588556377,283.0473900880527,257.50425470423045,341.15153686322617,-8.089074225893729,-9.127354283233142,-112.54711780103894,454.32458696878274,400.17912214746633,-0.2477240304161047,2723.548902317397,2552.348766402698,3057.917164376643,32.546334294045934,38.77524740958354,452.83255135160687,2977.378822533367,2896.628697520042,0.15209100969096856,105.30741804832294,100.55560223578723,121.48709296262894,1.6580376726884136,1.594235547467001,23.069062794513528,125.25995696552191,120.44155094868887,0.18416949321532453,True,flat_top_power,3307.158596155933,-2.7989530104774687,46.3052182962841,2.0561621130283045,True,True,True
state_transition,PeMS::D12_I5_N::L5N-163,2025-10-01,2025-10-01 07:35:00,2025-10-01 08:20:00,2025-10-01 09:15:00,2025-10-01 09:10:00,52.3,post_qc,0,52.3,52.3,52.18571428571428,post_qc,0,52.18571428571428,52.18571428571428,91,100,110,AM,AM,100.0,36.26666666666667,41.66738095238095,71.03119660002716,49.72183762001901,2025.19227994228,1257.3227891963716,1.6107178660435308,1156.2857142857142,45.0,0.375,-72.3809523809523,15.91904761904761,False,0,4,91,110,speed_mph,True,D12_I5_N,N,133.0,1.0445,False,PeMS_average_weekday,state_transition__PeMS::D12_I5_N::L5N-163__2025-10-01__100,1257.3227891963716,71.03119660002716,1.0445,PeMS_average_weekday,L5N-163,6,False,AM,measured,1.6666666666666667,2025.19227994228,1.610717866043531,49.72183762001901,36.26666666666667,2025-10-01 07:35:00,2025-10-01 08:20:00,2025-10-01 09:15:00,1215.115367965368,0.014704806479349112,0.014095744991239117,0.010621211825538702,0.7535048223517146,220.0,49.61269281885474,24.492026111180508,6.215170377942609,0.006348273703451399,False,False,False,False,False,False,,0.9585807886036897,0,False,False,False,False,False,True,0,False,D12_I5,released_monthly_average_weekday,2025-10,corridor_all_periods,1.0950814475203023,1.0319513382002132,0.5711776848269564,0.33197494412136075,0.7891126472686983,0.46452111441495186,0.34258198783497923,1.7909375676533297,0.010191706591289812,0.008042404568438546,0.009951275995790914,41.95366624380041,1130.8000437982296,0.899371309829666,29.712484226300486,38.05807805182724,0.020448767084030144,False,False,True,False,,released_profile_fit,0.6930867540217323,1.6146363288271222,1.8706510633206883,0.009138779128232846,0.011733348160292477,39.50731758338861,43.80633103811444,True,0.9574122270317672,-2.248415098485035e-13,2.6900703886667543e-13,3.7418680496887458,41.24217188133422,True,537523.68704041,498826.3176095366,512657.45198262134,-1322.2007164666338,-1314.3256937711058,-21535.232634117077,592399.6319656671,593610.5740980294,-0.036352542223330016,553.875877404588,474.54171426925024,553.2043431463896,-11.380993214519163,-11.632992038537992,-185.36696692840061,718.2903041121313,714.8969980566053,-0.2580669206686984,4934.919974094295,4703.595909174094,4457.440365408615,23.759126914565023,35.66640199638761,386.9747754002082,4411.385545660813,4474.916112996205,0.08772182149910919,194.66481329192356,185.30889098961123,178.52545823733016,1.3315140509366472,1.4729679785218321,21.686922783663398,184.59070467071692,185.16595709474757,0.11748653770161248,True,flat_top_power,-4490.421146517254,-18.12032090892211,27.208675914452858,1.356560338945183,True,True,True
state_transition,PeMS::D12_I5_N::L5N-163,2025-10-01,2025-10-01 13:35:00,2025-10-01 15:25:00,2025-10-01 18:55:00,2025-10-01 18:50:00,52.43809523809524,post_qc,0,52.43809523809524,52.43809523809524,52.02272727272729,post_qc,0,52.02272727272729,52.02272727272729,163,185,226,MD;PM,MD,320.0,18.859090909090902,28.611789772727278,71.03119660002716,49.72183762001901,5574.212121212121,1257.3227891963716,4.433397826802238,1039.7748917748918,200.0,0.6153846153846154,76.90909090909088,33.163636363636385,True,0,2,163,226,speed_mph,True,D12_I5_N,N,133.0,1.0445,False,PeMS_average_weekday,state_transition__PeMS::D12_I5_N::L5N-163__2025-10-01__101,1257.3227891963716,71.03119660002716,1.0445,PeMS_average_weekday,L5N-163,6,False,MD,measured,5.333333333333333,5574.212121212122,4.433397826802238,49.72183762001901,18.859090909090902,2025-10-01 13:35:00,2025-10-01 15:25:00,2025-10-01 18:55:00,1045.164772727273,0.014704806479349112,0.04067962350377938,0.024630710139828725,0.6054802876319735,220.0,20.1627168454252,51.836505007727396,6.215170377942609,0.037098728133943375,False,False,False,False,False,False,,2.766416787661119,1,False,True,False,False,False,True,1,False,D12_I5,released_monthly_average_weekday,2025-10,corridor_all_periods,1.0950814475203023,1.0319513382002132,0.5711776848269564,0.33197494412136075,0.7891126472686983,0.46452111441495186,0.34258198783497923,5.091517356514424,0.014417372333124954,0.011376930848450723,0.014641174179302682,35.866135110488486,1094.803715847125,0.8707419647955938,24.967150646320405,43.849766092891116,0.02713016358976992,False,False,True,False,,released_profile_fit,0.9804530480133948,4.958449425774253,5.259261252653446,0.012481235804331034,0.017973470535635774,31.96313857124496,38.42045105523158,True,0.9788087121711322,-6.188618641114332e-13,2.6900703886667543e-13,3.7418680496887458,26.55361082739051,True,1722941.4123385367,1722199.449018042,1523502.0674760444,-484.89728325158507,-130.62529355112383,-30750.93749947379,1659065.4803195675,1684512.5008505501,-0.01853509572964569,1297.08494908783,1331.550999976478,1559.7006587862816,-10.161894709199142,-9.342720713244159,-644.441204090402,1842.8175927874754,1896.7247658823492,-0.34970428251426117,15561.048554609639,15425.044007966786,13711.165161395524,23.408172461481833,38.46736495870205,1484.4860410703866,12561.419090095555,13157.494169696523,0.1181782114284266,665.4266761263596,671.5516865636245,545.3294855395496,1.2777787852804616,1.603474532889154,81.03344135241568,529.4156737851752,545.3124158428548,0.1530620368170233,True,flat_top_power,1235.0749607121138,-6.732310996905219,41.61084770626645,1.775915737640427,True,True,True
state_transition,PeMS::D12_I5_N::L5N-165,2025-10-01,2025-10-01 08:00:00,2025-10-01 08:15:00,2025-10-01 08:40:00,2025-10-01 08:35:00,48.65238095238096,post_qc,0,48.65238095238096,48.65238095238096,49.742857142857154,post_qc,0,49.742857142857154,49.742857142857154,96,99,103,AM,AM,40.0,46.08571428571428,47.47202380952381,68.60926782945062,48.02648748061543,615.5578231292517,1023.726071809192,0.601291536945425,925.1428571428572,15.0,0.5,-20.16326530612241,3.657142857142873,False,0,4,96,103,speed_mph,True,D12_I5_N,N,129.0,0.2492,False,PeMS_average_weekday,state_transition__PeMS::D12_I5_N::L5N-165__2025-10-01__102,1023.726071809192,68.60926782945062,0.2492,PeMS_average_weekday,L5N-165,7,False,AM,measured,0.6666666666666666,615.5578231292517,0.601291536945425,48.02648748061543,46.08571428571428,2025-10-01 08:00:00,2025-10-01 08:15:00,2025-10-01 08:40:00,923.3367346938776,0.003632162357707461,0.001775153203358876,0.001622309261135369,0.9138981683753821,220.0,26.357182143063152,35.031693816210435,4.991864572606428,0.005822566097230429,True,False,False,False,False,False,,0.4887317879917991,1,False,False,False,True,False,True,1,False,D12_I5,released_monthly_average_weekday,2025-10,corridor_all_periods,1.0950814475203023,1.0319513382002132,0.5711776848269564,0.33197494412136075,0.7891126472686983,0.46452111441495186,0.34258198783497923,0.647847796091981,0.0017961815867712165,0.0014173896069123258,0.001813337317312995,45.907186896929844,950.1580878139705,0.9281370417135048,32.036424442276626,29.658680840802617,0.004146483491145294,False,False,True,True,,released_profile_fit,0.49452128233191806,0.601291536945425,0.6996072455419603,0.0014883561750216436,0.0021077990802061113,43.41492584716088,48.666948942529,True,0.9792510693668418,0.0,2.6900703886667543e-13,3.7418680496887458,47.426271959744696,True,35854.32278730876,40551.12822969185,37275.03703950858,-3323.8876734669657,-1744.6931830230342,-2900.043004176505,43192.5169143461,42709.14446349849,-0.06714225544965348,40.266401800436995,51.311161197393325,42.83258499495702,-15.188165536779916,-12.442121529661224,-13.25145057181519,54.592679665676094,53.23141874141419,-0.2427331036499155,365.92595582541367,439.95227567578104,316.84270002277015,13.59654003417089,34.71293146110204,11.862780779825574,314.00459624082976,314.50586052788043,0.03777900362556243,13.609626217664792,15.66429419634016,12.696210306755363,0.9538827363164945,1.409417052134144,0.8322486281174519,13.062621523583713,13.062127724840417,0.06371222090564908,True,flat_top_power,-402.17476888227293,-9.839619058842416,37.90331784937784,1.5540555586454121,True,True,True
state_transition,PeMS::D12_I5_N::L5N-165,2025-10-01,2025-10-01 14:10:00,2025-10-01 15:00:00,2025-10-01 18:00:00,2025-10-01 17:55:00,50.20000000000001,post_qc,0,50.20000000000001,50.20000000000001,50.85,post_qc,0,50.85,50.85,170,180,215,MD;PM,MD,230.0,36.43181818181819,40.83577075098814,68.60926782945062,48.02648748061543,3672.945887445888,1023.726071809192,3.587820989021829,948.7012987012986,170.0,0.4545454545454545,111.97402597402606,14.418181818181814,True,0,4,170,215,speed_mph,True,D12_I5_N,N,129.0,0.2492,False,PeMS_average_weekday,state_transition__PeMS::D12_I5_N::L5N-165__2025-10-01__103,1023.726071809192,68.60926782945062,0.2492,PeMS_average_weekday,L5N-165,7,False,MD,measured,3.8333333333333335,3672.945887445888,3.5878209890218296,48.02648748061543,36.43181818181819,2025-10-01 14:10:00,2025-10-01 15:00:00,2025-10-01 18:00:00,958.1597967250142,0.003632162357707461,0.003208012314781621,0.0025045581563626442,0.7807196203151536,220.0,34.15201690474189,28.05573092205799,4.991864572606428,0.0036646248480109644,True,False,False,False,False,False,,0.8832238206461801,0,False,False,False,False,False,True,0,False,D12_I5,released_monthly_average_weekday,2025-10,corridor_all_periods,1.0950814475203023,1.0319513382002132,0.5711776848269564,0.33197494412136075,0.7891126472686983,0.46452111441495186,0.34258198783497923,4.092651576376189,0.003312125126615358,0.002613639826748618,0.0032409273024075463,35.88561109582304,897.4489567221048,0.8766495075543768,22.314782705778843,40.217687465524506,0.007535322590979263,False,False,True,True,,released_profile_fit,0.9118879610618223,3.9901626700323236,4.221569467237851,0.0029079552610997636,0.004095116377887988,32.249399512971465,38.103290545965805,True,0.9939435180559264,0.0,2.6900703886667543e-13,3.7418680496887458,40.6080086959543,True,225418.1909676291,219213.37746620397,239081.6727502338,336.0115367303917,691.7865028300234,3225.629321197363,278253.3716930833,270563.2314163621,0.011592417736289893,220.8892378222242,208.54130638510617,243.53721437096243,-8.586012554997785,-7.745936177087477,-82.42363973291678,322.3926257421361,308.0388129908836,-0.25566229855034855,2092.030031071061,2067.0343746646,2157.4133381810743,27.754973023708953,40.42870233101648,266.4410146909692,2069.2782085737445,2084.0020760086686,0.1287603636799589,82.69374514542325,81.43553464263464,85.80745606261479,1.4408846318439326,1.6903560473670172,13.83214327152022,86.80903697741027,86.82944616125295,0.15933990000510737,True,flat_top_power,-2186.732751589592,-13.310349216414835,33.63127124826669,1.3695313267484683,True,True,True
state_transition,PeMS::D12_I5_N::L5N-166,2025-10-01,2025-10-01 17:15:00,2025-10-01 17:30:00,2025-10-01 17:50:00,2025-10-01 17:45:00,52.93333333333334,post_qc,0,52.93333333333334,52.93333333333334,52.284615384615385,post_qc,0,52.284615384615385,52.284615384615385,207,210,213,PM,PM,35.0,45.65384615384615,48.49333166833167,71.96846153846154,50.37792307692308,949.1455710955712,1719.6651538461538,0.5519362702516472,1580.7272727272723,10.0,0.0,-40.14545454545487,6.630769230769232,False,0,2,207,213,speed_mph,True,D12_I5_N,N,119.0,0.2293,False,PeMS_average_weekday,state_transition__PeMS::D12_I5_N::L5N-166__2025-10-01__104,1719.6651538461538,71.96846153846154,0.2293,PeMS_average_weekday,L5N-166,5,False,PM,measured,0.5833333333333334,949.1455710955711,0.5519362702516472,50.37792307692308,45.65384615384615,2025-10-01 17:15:00,2025-10-01 17:30:00,2025-10-01 17:50:00,1627.1066933066932,0.003186117850767965,0.0018364600767804772,0.0015510791965861468,0.8446027311986899,220.0,47.231257611952664,34.44978549321809,8.769090877268816,0.0016687179421703924,False,False,False,False,False,False,,0.5763942712721146,1,False,False,False,True,False,True,1,False,D12_I5,released_monthly_average_weekday,2025-10,corridor_period,1.1564936787796356,1.007107174601273,0.578937023705007,0.330373729445042,0.7858244175018997,0.47732888807052615,0.33272175322388164,0.635620297715171,0.001588089115042695,0.0012479592037695332,0.0015436833435926254,48.02891907327795,1493.2587497715413,0.8683427389522672,30.037354536760382,49.713390969369755,0.004447710212198685,False,False,True,False,,released_profile_fit,0.4984401674470109,0.5945935726795886,0.712624081357849,0.001012432518179341,0.001948230999234142,44.659998357256974,54.61410089488857,True,0.9816657702249483,-1.0537632667512965e-13,4.852784840636559e-13,3.6690663255643052,48.40415074734373,True,54834.91394178079,56371.463704951675,59467.56228070151,-1287.0480594158043,-1419.845363898531,-1524.5019282857709,60819.027033117956,61779.89480315481,-0.025066200540426756,64.33661645729472,71.32934118907899,77.46485603763713,-11.31413349776385,-11.851388102443732,-13.401534004917222,78.36257078333892,79.78447875246889,-0.17101958078902885,477.69072458513574,611.5922003375699,518.1248491056076,23.937597344272532,35.37751379208036,28.353963197330863,437.0226736343618,441.58894458311755,0.06487984470355744,18.9093165588537,21.77545312058965,20.03345606086031,1.3381458292214938,1.4710597269511476,1.5850269786364428,18.12749301144315,18.243320367448906,0.08743773767480587,True,flat_top_power,-4271.303892273245,-17.654373467906918,27.84282045020994,1.3520246332523047,True,True,True
state_transition,PeMS::D12_I5_N::L5N-178,2025-10-01,2025-10-01 07:40:00,2025-10-01 08:30:00,2025-10-01 09:20:00,2025-10-01 09:15:00,49.96190476190476,post_qc,0,49.96190476190476,49.96190476190476,52.545,post_qc,0,52.545,52.545,92,102,111,AM,AM,100.0,29.47619047619048,35.88772619047619,70.20837579453372,49.1458630561736,1799.6214285714284,1139.6321419104645,1.5791248442278631,1042.6938775510205,40.0,0.4285714285714285,15.183673469387712,23.06880952380952,True,0,4,92,111,speed_mph,True,D12_I5_N,N,137.0,0.1678,False,PeMS_average_weekday,state_transition__PeMS::D12_I5_N::L5N-178__2025-10-01__105,1139.6321419104645,70.20837579453372,0.1678,PeMS_average_weekday,L5N-178,7,False,AM,measured,1.6666666666666667,1799.6214285714286,1.5791248442278634,49.1458630561736,29.47619047619048,2025-10-01 07:40:00,2025-10-01 08:30:00,2025-10-01 09:20:00,1079.7728571428572,0.0023900282281286525,0.0033027019818875013,0.002437367638801721,0.7379919993292159,220.0,40.0879984793322,26.935065308874073,5.5927963245647225,0.0017957631898816806,False,False,False,False,False,False,,1.3818673532878962,0,False,False,False,False,False,True,0,False,D12_I5,released_monthly_average_weekday,2025-10,corridor_all_periods,1.0950814475203023,1.0319513382002132,0.5711776848269564,0.33197494412136075,0.7891126472686983,0.46452111441495186,0.34258198783497923,1.7546987200404895,0.0016452935421754592,0.0012983219426001703,0.0016174188058333502,41.58280542454838,1025.6013798938102,0.899940728395485,28.005824341814684,36.621003094792485,0.003601582586535449,False,False,True,False,,released_profile_fit,0.6883992091857816,1.5800455770458495,1.8337823172118608,0.0014759419705457672,0.0018911231305595892,39.195083685101565,43.40437028589761,True,0.9929828736209673,0.0,2.6900703886667543e-13,3.7418680496887458,34.759941928421135,True,77182.2193508779,84490.96080820968,73362.1815751376,-613.9569134983581,-878.0745414751123,-1434.5029542063007,87236.35419695602,85510.628877279,-0.016443866406516513,69.4644866835598,80.37764642074958,78.72796531094657,-10.03392633443405,-10.775447363506412,-23.44414836379644,107.0714314058564,102.95527519640449,-0.21895801761471673,703.5941969878442,796.6928038683861,640.5589923593777,27.35488855701081,36.735788196059325,63.91436855628971,645.161619858757,642.9282812903705,0.09906722066058773,29.241159507472233,31.38753047563085,25.634793920773035,1.4651288689036313,1.5118624631002984,3.423256004659056,26.951514140817203,26.639472696777464,0.1270153501125432,True,flat_top_power,-3308.8404447093963,-15.583474014399457,30.695049850304414,1.3155342565858696,True,True,True
state_transition,PeMS::D12_I5_N::L5N-178,2025-10-01,2025-10-01 13:45:00,2025-10-01 16:25:00,2025-10-01 19:00:00,2025-10-01 18:55:00,53.93809523809525,post_qc,0,53.93809523809525,53.93809523809525,50.42272727272728,post_qc,0,50.42272727272728,50.42272727272728,165,197,227,MD;PM,PM,315.0,17.186363636363637,27.04425891568749,70.20837579453372,49.1458630561736,4661.670068027211,1139.6321419104645,4.090504204464124,895.6363636363636,145.0,0.5,50.64935064935071,33.23636363636364,True,0,4,165,227,speed_mph,True,D12_I5_N,N,137.0,0.1678,False,PeMS_average_weekday,state_transition__PeMS::D12_I5_N::L5N-178__2025-10-01__106,1139.6321419104645,70.20837579453372,0.1678,PeMS_average_weekday,L5N-178,7,False,PM,measured,5.25,4661.67006802721,4.090504204464123,49.1458630561736,17.186363636363637,2025-10-01 13:45:00,2025-10-01 16:25:00,2025-10-01 19:00:00,887.9371558147066,0.0023900282281286525,0.007373526387052517,0.004402549262461075,0.5970751349302411,220.0,14.500350812093737,61.23556369919959,5.5927963245647225,0.009182105589492482,True,False,False,False,False,False,,3.085121045965993,1,False,True,False,False,False,True,0,False,D12_I5,released_monthly_average_weekday,2025-10,corridor_period,1.1564936787796356,1.007107174601273,0.578937023705007,0.330373729445042,0.7858244175018997,0.47732888807052615,0.33272175322388164,4.778241672185383,0.002319779433309226,0.0018229393219131097,0.002393073674770443,35.62778186758726,975.6036608954402,0.8560689234860915,21.413287530563665,45.56066692248629,0.00544622763685683,False,False,True,True,,released_profile_fit,0.9706075459726139,4.649072278635974,4.921837718853986,0.00201916996859571,0.0028321897993719473,32.131941008808404,38.05680592489265,True,0.9964374239791858,0.0,4.852784840636559e-13,3.6690663255643052,24.703435512140427,True,241115.9737785354,219495.21665965798,205284.20845297768,926.8381106649928,891.8581114253516,7876.216204551994,237565.7909814081,234396.81249548093,0.0331538315008005,171.56039598528196,129.06170578726366,209.68246871684764,-7.451814661848208,-7.378559279233187,-63.325086352843506,274.75744698661737,269.20557808774413,-0.23047632392627337,2178.9202459413546,1984.766744949438,1850.4078262336486,30.883463327679667,40.84778655641719,262.4458700124375,1768.0863733435835,1790.2009824801291,0.14843498257165613,93.62357075682755,87.12262307709271,73.57496697802355,1.5582755846124914,1.7258967721630314,13.242135028173058,74.18882912995022,74.52211606045343,0.1784923038073285,True,flat_top_power,3084.215644735012,-3.230056461446523,45.7783774419817,2.031407332962397,True,True,True
state_transition,PeMS::D12_I5_N::L5N-230,2025-10-01,2025-10-01 08:30:00,2025-10-01 08:45:00,2025-10-01 09:05:00,2025-10-01 09:00:00,51.13043478260871,post_qc,0,51.13043478260871,51.13043478260871,51.02173913043478,post_qc,0,51.02173913043478,51.02173913043478,102,105,108,AM,AM,35.0,46.70869565217391,48.64223602484473,70.34599963326036,49.24219974328225,672.1242236024844,1119.6629311802133,0.6002915742633476,1152.111801242236,10.0,0.0,-22.881987577639848,4.313043478260873,False,0,2,102,108,speed_mph,True,D12_I5_N,N,179.0,0.0547,False,PeMS_average_weekday,state_transition__PeMS::D12_I5_N::L5N-230__2025-10-01__107,1119.6629311802133,70.34599963326036,0.0547,PeMS_average_weekday,L5N-230,7,False,AM,measured,0.5833333333333334,672.1242236024844,0.6002915742633476,49.24219974328225,46.70869565217391,2025-10-01 08:30:00,2025-10-01 08:45:00,2025-10-01 09:05:00,1152.212954747116,0.0007775850835181996,0.0003935030669053321,0.0003490322397506562,0.8869873429337857,220.0,115.41119827743096,9.98354554795776,5.48629847958045,-0.00030362760957785,False,False,False,False,False,False,,0.5060578903146128,1,False,False,False,True,False,True,1,False,D12_I5,released_monthly_average_weekday,2025-10,corridor_all_periods,1.0950814475203023,1.0319513382002132,0.5711776848269564,0.33197494412136075,0.7891126472686983,0.46452111441495186,0.34258198783497923,0.6467360148021183,0.00038431317608332886,0.0003032663877593571,0.00037137220257232916,47.0781323132021,1039.2559069222923,0.9281864014439009,33.99318135391898,30.572481466271455,0.0008315611576203572,False,False,True,False,,released_profile_fit,0.49423938836956083,0.6002915742633476,0.6984626339880324,0.00031834450849212593,0.00045104876069006883,44.52099402720981,49.9119682737521,True,0.995552902075198,0.0,2.6900703886667543e-13,3.7418680496887458,48.55242225575684,True,9198.342998391507,9493.601734823937,9336.273527319809,-457.58009978648965,-2218.839300702928,-93.26978053308225,10681.157373764501,10213.199990236193,-0.008732179226398755,10.763869291971513,12.01268004678413,11.338580270499513,-10.471050970075668,-13.39867325725551,-2.1343424383739147,13.724651732977758,12.88884903801503,-0.15551159183482163,80.34880631517052,102.99914872743538,79.51379401272644,51.0929847044528,33.483128660724,10.414420278303247,81.0419789712108,74.62588000191504,0.1285064902228368,3.178091202293014,3.6672363273059427,3.149530925010374,1.8762428810370992,1.3838971840208059,0.38243962493723616,3.2413665768148228,3.093346177962593,0.11798715630400748,True,flat_top_power,,,,,True,False,True
state_transition,PeMS::D12_I5_N::L5N-230,2025-10-01,2025-10-01 11:40:00,2025-10-01 17:40:00,2025-10-01 19:55:00,2025-10-01 19:50:00,50.78260869565216,post_qc,0,50.78260869565216,50.78260869565216,50.19130434782608,post_qc,0,50.19130434782608,50.19130434782608,140,212,238,MD;PM,PM,495.0,34.29130434782609,40.084057971014495,70.34599963326036,49.24219974328225,8330.569169960476,1119.6629311802133,7.440247361926501,962.16149068323,125.0,0.5833333333333334,157.63975155279525,15.899999999999991,True,0,8,140,238,speed_mph,True,D12_I5_N,N,179.0,0.0547,False,PeMS_average_weekday,state_transition__PeMS::D12_I5_N::L5N-230__2025-10-01__108,1119.6629311802133,70.34599963326036,0.0547,PeMS_average_weekday,L5N-230,7,False,PM,measured,8.25,8330.569169960472,7.440247361926498,49.24219974328225,34.29130434782609,2025-10-01 11:40:00,2025-10-01 17:40:00,2025-10-01 19:55:00,1009.7659599952087,0.0007775850835181996,0.000817571503270186,0.0005978479540878715,0.7312485228466903,220.0,28.08987791893319,35.94768061681765,5.48629847958045,0.0011697355904221813,True,False,False,False,False,False,,1.0514238513566476,0,False,False,False,False,False,True,0,False,D12_I5,released_monthly_average_weekday,2025-10,corridor_period,1.1564936787796356,1.007107174601273,0.578937023705007,0.330373729445042,0.7858244175018997,0.47732888807052615,0.33272175322388164,8.728209492008848,0.0009209503127932234,0.0007237052430989272,0.000903964871333634,32.204215536978346,954.441936526336,0.8524368450068082,20.7344421749577,46.031715175780135,0.0018605374923601453,False,False,True,True,,released_profile_fit,1.184372401572269,8.37694398889394,9.055117190223864,0.0007830116238847476,0.001191286509072662,27.782475386471194,35.050732911674544,True,0.999225722576141,-1.849757940144519e-12,4.852784840636559e-13,3.6690663255643052,39.769293382108124,True,115781.34779017679,111437.22923828148,115514.54323370858,1212.902114034541,1087.086618038644,7312.437156775007,140854.87994285973,138745.9208114148,0.051914688079968734,115.4197163946081,106.01207660727987,107.03507822757001,-6.90266334699284,-7.0080703759407195,-41.615305435787164,154.94723950915107,151.34878084143563,-0.26857726260640735,1093.0288479799156,1050.7779503028685,1024.3527945419755,32.39820301668312,41.28979096087189,195.32476760543187,1070.7102132350312,1089.28208893734,0.182425426778437,42.773774821865054,41.39779445491355,42.65222341857567,1.615113457839326,1.7523735761611121,9.7373197101834,45.17197284145682,45.40872785242601,0.21556109015559582,True,flat_top_power,-903.6766121708702,-10.8266474666023,36.67062302995705,1.510176969512651,True,True,True
state_transition,PeMS::D12_I5_N::L5N-233,2025-10-01,2025-10-01 15:45:00,2025-10-01 16:00:00,2025-10-01 19:50:00,2025-10-01 19:45:00,41.42,post_qc,0,41.42,41.42,49.81000000000001,post_qc,0,49.81000000000001,49.81000000000001,189,192,237,MD;PM,PM,245.0,39.77,42.7730612244898,69.62448889262245,48.73714222483572,4930.48,1499.5181517682695,3.288042891768835,1177.44,220.0,0.5116279069767442,-12.960000000000036,10.040000000000006,False,0,0,189,237,speed_mph,True,D12_I5_N,N,169.0,0.1473,False,PeMS_average_weekday,state_transition__PeMS::D12_I5_N::L5N-233__2025-10-01__109,1499.5181517682695,69.62448889262245,0.1473,PeMS_average_weekday,L5N-233,5,False,PM,measured,4.083333333333333,4930.48,3.288042891768835,48.73714222483572,39.77,2025-10-01 15:45:00,2025-10-01 16:00:00,2025-10-01 19:50:00,1207.4644897959183,0.002115634920166835,0.0015881619116159154,0.0013313325942931893,0.8382851802172937,220.0,20.060606385064855,60.19082706766417,7.555664469317829,0.005227114205785061,True,False,False,False,False,False,,0.7506786244058951,0,False,False,False,False,False,True,0,False,D12_I5,released_monthly_average_weekday,2025-10,corridor_period,1.1564936787796356,1.007107174601273,0.578937023705007,0.330373729445042,0.7858244175018997,0.47732888807052615,0.33272175322388164,3.8349058168819186,0.0019095422371673244,0.0015005649162172872,0.001949554140311268,36.594662605497724,1285.6847691787302,0.8573986034531283,25.79712728450258,49.83829226408071,0.0035943031816810136,False,False,True,True,,released_profile_fit,0.902585894647996,3.728060793801059,3.95108276336124,0.00166328499978734,0.0022972077280215887,33.37985476391597,38.979391766102076,True,0.9963460708271944,-5.473932418453841e-13,4.851674617611934e-13,3.6690663255643052,42.73321387047503,True,168108.02240883588,165288.47421834004,187494.90696053577,343.09711433837157,-297.9452936443049,2538.4058216300123,217582.0686600225,207966.3616607724,0.011666429303033863,163.87195581138317,157.2416553328627,192.6216558850779,-8.213626915014109,-9.649673318840884,-60.76856232957534,255.7564971191665,235.0653301291763,-0.23760320075568206,1602.9977691626746,1558.5588885780726,1684.7238040195175,32.21386247054282,38.11766927697017,238.33443248306912,1647.9693672367337,1623.9286321377103,0.14462309629134748,62.63642453544365,61.40298290103683,67.03392136611235,1.645683360419177,1.5735571172366303,12.175597077531245,69.23608991996832,67.37993468108374,0.17585622024012784,True,flat_top_power,1314.329785562755,-6.570294979710017,41.8222675239676,1.7787288174706823,True,True,True
state_transition,PeMS::D12_I5_N::L5N-242,2025-10-01,2025-10-01 14:50:00,2025-10-01 17:35:00,2025-10-01 19:40:00,2025-10-01 19:35:00,51.82727272727272,post_qc,0,51.82727272727272,51.82727272727272,51.03913043478261,post_qc,0,51.03913043478261,51.03913043478261,178,211,235,MD;PM,PM,290.0,26.234782608695653,35.28506201444732,70.90366399118822,49.63256479383176,3385.1312817617168,822.2556720292315,4.11688407500748,717.9130434782609,115.0,0.7272727272727273,227.4037267080745,24.804347826086957,True,0,1,178,235,speed_mph,True,D12_I5_N,N,200.0,0.1274,False,PeMS_average_weekday,state_transition__PeMS::D12_I5_N::L5N-242__2025-10-01__110,822.2556720292315,70.90366399118822,0.1274,PeMS_average_weekday,L5N-242,7,False,PM,measured,4.833333333333333,3385.1312817617163,4.11688407500748,49.63256479383176,26.234782608695653,2025-10-01 14:50:00,2025-10-01 17:35:00,2025-10-01 19:40:00,700.3719893300104,0.0017968041823033722,0.003059344309575979,0.0018558657433142178,0.6066220586892485,220.0,16.48376606635307,42.48859068435951,3.9455040779077444,0.005932012126249498,True,False,False,False,False,False,,1.7026587202474797,0,False,False,False,False,False,True,0,False,D12_I5,released_monthly_average_weekday,2025-10,corridor_period,1.1564936787796356,1.007107174601273,0.578937023705007,0.330373729445042,0.7858244175018997,0.47732888807052615,0.33272175322388164,4.809276514960526,0.0017477258269060648,0.0013734056298814845,0.0017506092695031067,35.94270599176419,703.8753690355234,0.856029812842082,16.919817244599002,41.60064845027853,0.005732827973780792,False,False,True,True,,released_profile_fit,0.972685751802741,4.678911924825344,4.9534650159364615,0.0015210920308845436,0.00213422472280362,32.40881823643172,38.39782557849961,True,0.9973332695851976,-3.7582506903907257e-13,4.852784840636559e-13,3.6690663255643052,34.87859636768557,True,111801.68044178351,120254.71786387726,112702.1081914038,2643.022517286731,2255.9375863812365,12287.830232597626,137680.7417478441,135825.48735475968,0.08924872190986753,101.14767165747448,114.40029916135755,115.6023048856724,-4.1572899669214065,-4.796205909231496,-19.327899405735458,165.23926359707136,161.8696303171151,-0.11696916934261875,1020.1227008330868,1133.920924048303,1012.6193846270909,39.970844486226085,43.91879708158015,185.830785809769,1007.7951548560779,998.349204977741,0.18439341061954925,42.020351141086905,44.67340157675284,40.29373122081573,1.8992631628763135,1.915188526077974,8.82997521201925,42.10220111985783,41.78593396744754,0.2097271633585571,True,flat_top_power,2398.475226842116,-4.526916472028076,44.23818309766922,1.9353442113838355,True,True,True
state_transition,PeMS::D12_I5_N::L5N-248,2025-10-01,2025-10-01 14:25:00,2025-10-01 17:30:00,2025-10-01 19:45:00,2025-10-01 19:40:00,48.24090909090911,post_qc,0,48.24090909090911,48.24090909090911,48.10869565217392,post_qc,0,48.10869565217392,48.10869565217392,173,210,236,MD;PM,PM,320.0,28.991304347826087,34.59215662055336,68.26473482360103,47.78531437652072,4026.797760210804,905.5869582049376,4.446616333999286,767.7391304347826,125.0,0.75,285.82608695652186,19.117391304347837,True,0,6,173,236,speed_mph,True,D12_I5_N,N,213.0,0.0298,False,PeMS_average_weekday,state_transition__PeMS::D12_I5_N::L5N-248__2025-10-01__111,905.5869582049376,68.26473482360103,0.0298,PeMS_average_weekday,L5N-248,6,False,PM,measured,5.333333333333333,4026.797760210804,4.446616333999286,47.78531437652072,28.991304347826087,2025-10-01 14:25:00,2025-10-01 17:30:00,2025-10-01 19:45:00,755.0245800395257,0.00043653579080039586,0.000591358630315381,0.0004268304547725209,0.7217793617806599,220.0,15.84943457482004,47.637319582304315,4.380441161682067,0.0014436574652633373,True,False,False,False,False,False,,1.3546624189304497,0,False,False,False,False,False,True,0,False,D12_I5,released_monthly_average_weekday,2025-10,corridor_period,1.1564936787796356,1.007107174601273,0.578937023705007,0.330373729445042,0.7858244175018997,0.47732888807052615,0.33272175322388164,5.197309528498268,0.00043563786434607746,0.00034233487099152794,0.0004393720856364853,34.167507610620696,774.7850571782903,0.8555611917314667,17.965509786634772,43.12624948470332,0.0012221981028611886,False,False,True,True,,released_profile_fit,0.9979430633793577,5.049994081696346,5.34851341507187,0.0003781240031905354,0.0005346644620432424,30.683682635539352,36.57968690415661,True,0.9993849185970362,-4.4706435888950446e-13,4.852784840636559e-13,3.6690663255643052,34.5160586863402,True,30231.301724717698,33812.01574090086,32353.178301382715,2044.3705649485892,2009.7918022197534,2818.191997045598,39057.2078895255,37327.78593532415,0.07215549060795486,26.256724104136808,32.16592899403833,32.64870494040075,-5.306510081633037,-5.243325406119672,-7.315094680340441,46.02549907782737,42.731522608086905,-0.15893569492795492,279.1204228123156,318.8245152781227,294.0086447869079,36.800917961305906,43.4165883985776,50.73055455828871,288.28130182919483,282.4014613145753,0.17597587577270724,11.546344618743959,12.560819102520082,11.674204170979488,1.780317390695268,1.8681420910648598,2.454191186608421,12.069987716747502,11.847138620844909,0.2033300483979077,True,flat_top_power,2692.2703747337646,-3.956358703668407,44.93919815385919,1.966293436401257,True,True,True
state_transition,PeMS::D12_I5_S::L5S-028,2025-10-01,2025-10-01 07:20:00,2025-10-01 08:00:00,2025-10-01 09:25:00,2025-10-01 09:20:00,50.268181818181816,post_qc,0,50.268181818181816,50.268181818181816,50.457142857142856,post_qc,0,50.457142857142856,50.457142857142856,88,96,112,AM,AM,125.0,41.495238095238086,45.44638354978355,70.62540543331079,49.43778380331755,2463.334199134199,1224.976461471531,2.010923700668552,1168.2857142857142,75.0,0.3571428571428571,-85.8380952380951,8.96190476190477,False,0,1,88,112,speed_mph,True,D12_I5_S,S,56.0,0.1845,False,PeMS_average_weekday,state_transition__PeMS::D12_I5_S::L5S-028__2025-10-01__112,1224.976461471531,70.62540543331079,0.1845,PeMS_average_weekday,L5S-028,6,False,AM,measured,2.083333333333333,2463.334199134199,2.010923700668552,49.43778380331755,41.495238095238086,2025-10-01 07:20:00,2025-10-01 08:00:00,2025-10-01 09:25:00,1182.4004155844157,0.002612374383807498,0.0018339189372849978,0.001459198493023549,0.7956722968267076,220.0,48.482253469731376,24.388313887319953,6.044630763538874,0.0011931417957402972,False,False,False,False,False,False,,0.7020122952714333,0,False,False,False,False,False,True,0,False,D12_I5,released_monthly_average_weekday,2025-10,corridor_period,1.1194930392880404,1.0308417618895644,0.4819823587442288,0.8871068054286773,0.7812577427578122,0.4162101745548738,0.9144667422923207,2.3002457922957724,0.0026363250361116346,0.0020596493468884834,0.0024145690352163386,35.15156522391268,1070.9004261130092,0.8742212277504219,25.000923510205123,42.83443472301647,0.004767353006050279,False,False,True,False,,released_profile_fit,1.009168154630742,2.2442158239733283,2.3719061389717973,0.0019442695742054074,0.0035209196774355165,30.08171816449175,40.49032662886904,True,0.9918131591134924,0.0,9.99644811372491e-13,3.5715903849927666,45.31418338349835,True,105135.04377634755,97544.26209003784,120325.05956038737,861.6629219043874,-125.32201592808042,4371.7370283440305,137036.4657814607,131330.45978164944,0.031901997788792005,108.6774065191876,92.79546751093599,122.87582440941628,-7.227324145276967,-9.328269536498569,-36.668585566988305,158.60204273740706,146.26279681291288,-0.2311986966504552,975.5366969811773,919.7766355408032,1082.635780209284,34.8466268267081,38.4914547895161,176.79800875557504,1046.4299420646316,1032.819329737114,0.16895350720445584,38.27964196870011,36.23669881117618,43.085280949787546,1.743514186035225,1.6011958932860804,8.845901724176866,44.04765891871432,42.82619662548228,0.20082569519758403,True,flat_top_power,-4383.313987412701,-17.86640658012623,27.590686963311768,1.3364712860954375,True,True,True
state_transition,PeMS::D12_I5_S::L5S-028,2025-10-01,2025-10-01 16:55:00,2025-10-01 17:05:00,2025-10-01 17:45:00,2025-10-01 17:40:00,50.604545454545466,post_qc,0,50.604545454545466,50.604545454545466,50.69545454545455,post_qc,0,50.69545454545455,50.69545454545455,203,205,212,PM,PM,50.0,48.45909090909091,49.40545454545455,70.62540543331079,49.43778380331755,1058.0833333333337,1224.976461471531,0.8637580938186247,1258.0,25.0,0.25,-47.09090909090924,2.2363636363636417,False,0,1,203,212,speed_mph,True,D12_I5_S,S,56.0,0.1845,False,PeMS_average_weekday,state_transition__PeMS::D12_I5_S::L5S-028__2025-10-01__113,1224.976461471531,70.62540543331079,0.1845,PeMS_average_weekday,L5S-028,6,False,PM,measured,0.8333333333333334,1058.0833333333335,0.8637580938186247,49.43778380331755,48.45909090909091,2025-10-01 16:55:00,2025-10-01 17:05:00,2025-10-01 17:45:00,1269.7,0.002612374383807498,0.0011949607629892374,0.0011229163367548096,0.9397097976219687,220.0,127.66175918979887,9.945813124134503,6.044630763538874,-0.0011671491168918362,False,False,False,False,False,False,,0.45742324315996363,0,False,False,False,False,False,True,0,False,D12_I5,released_monthly_average_weekday,2025-10,corridor_period,1.0469665074095273,0.9737926137278072,0.6837686791053256,0.30247741545393975,0.787935820366546,0.5462975669925602,0.2945502729885238,0.907803629422157,0.0017347549004468855,0.0013668755256185023,0.0016904178942986129,42.44180191932003,1165.5420831560607,0.9514812078559671,42.886618631591254,27.177290267820183,0.0016896668096218464,False,True,False,False,queue_exceeds_link,released_profile_fit,0.6640529440188834,0.8637580938186247,0.9351417911263165,0.0014129905683427104,0.0019517836112301658,40.42366639837526,45.83435370500754,False,,,,,49.39374570882813,False,52081.71324269239,49550.64574247582,,,,,,,,66.5406341316193,62.69865431920262,,,,,,,,509.0025201630454,537.5909452414352,,,,,,,,18.878131085772445,19.140673180097842,,,,,,,,False,,,,,,False,False,True
state_transition,PeMS::D12_I5_S::L5S-033,2025-10-01,2025-10-01 06:35:00,2025-10-01 07:35:00,2025-10-01 09:20:00,2025-10-01 09:15:00,49.16000000000001,post_qc,0,49.16000000000001,49.16000000000001,47.53428571428571,post_qc,0,47.53428571428571,47.53428571428571,79,91,111,AM,AM,165.0,37.80285714285716,43.191515537344415,68.35633590125659,47.849435130879606,2898.1289381207025,1125.0197758286404,2.576069328191202,1031.72987012987,100.0,0.3684210526315789,-70.01142857142861,9.731428571428552,False,0,3,79,111,speed_mph,True,D12_I5_S,S,60.0,0.4611,False,PeMS_average_weekday,state_transition__PeMS::D12_I5_S::L5S-033__2025-10-01__114,1125.0197758286404,68.35633590125659,0.4611,PeMS_average_weekday,L5S-033,5,False,AM,measured,2.75,2898.1289381207025,2.576069328191202,47.849435130879606,37.80285714285716,2025-10-01 06:35:00,2025-10-01 07:35:00,2025-10-01 09:20:00,1053.8650684075283,0.006745534176467227,0.005451956564973324,0.00398136187649524,0.7302629485484026,220.0,35.92924384868569,29.331679587965482,5.527216404540221,0.006088022854176135,True,False,False,False,False,False,,0.8082319979925777,0,False,False,False,False,False,True,0,False,D12_I5,released_monthly_average_weekday,2025-10,corridor_period,1.1194930392880404,1.0308417618895644,0.4819823587442288,0.8871068054286773,0.7812577427578122,0.4162101745548738,0.9144667422923207,2.9692967241148898,0.00853771619394559,0.00667015688198875,0.007975951643199444,30.17028373052461,976.0321070588183,0.8675688445920123,22.482254542518092,43.413444377340426,0.013763974739908343,False,False,True,True,,released_profile_fit,1.26568422464312,2.897207913753073,3.0521372377944522,0.005747693832722853,0.012509622248350127,23.94683765740902,36.9079983835706,True,0.9794609782037309,0.0,9.99644811372491e-13,3.5715903849927666,42.98540768209058,True,307112.1923249449,302348.5946782592,344742.3986206934,225.61013178454354,654.3037395805086,4361.263745416112,407385.13554531726,397615.09758580127,0.010705505343434328,298.8310359459975,287.629211532156,307.18586947925763,-8.797947912028958,-7.815187178533472,-170.07290833655725,423.142224334401,405.8011503044172,-0.4019284735861103,2926.0224616926225,2850.9434303472044,3049.472491299636,27.17038570120971,40.349020086244366,525.2300380765809,3167.0959816257673,3257.723014386943,0.16583963388661313,114.40330714108563,112.3194201953721,128.77937916188841,1.4189490475534816,1.683987441361246,27.42966811259,134.36953534063207,135.76026541022324,0.20413606434713577,True,flat_top_power,-2523.804825934323,-13.97386056669983,32.80245781052671,1.340110888604971,True,True,True
state_transition,PeMS::D12_I5_S::L5S-033,2025-10-01,2025-10-01 17:05:00,2025-10-01 17:40:00,2025-10-01 18:20:00,2025-10-01 18:15:00,48.603030303030295,post_qc,0,48.603030303030295,48.603030303030295,50.25142857142857,post_qc,0,50.25142857142857,50.25142857142857,205,212,219,PM,PM,75.0,38.08235294117647,42.54131126389951,68.35633590125659,47.849435130879606,1397.0905780494015,1125.0197758286404,1.241836461959405,1114.2161344537817,30.0,0.2,-28.443025210084212,12.169075630252102,False,0,1,205,219,speed_mph,True,D12_I5_S,S,60.0,0.4611,False,PeMS_average_weekday,state_transition__PeMS::D12_I5_S::L5S-033__2025-10-01__115,1125.0197758286404,68.35633590125659,0.4611,PeMS_average_weekday,L5S-033,5,False,PM,measured,1.25,1397.0905780494018,1.2418364619594051,47.849435130879606,38.08235294117647,2025-10-01 17:05:00,2025-10-01 17:40:00,2025-10-01 18:20:00,1117.6724624395215,0.006745534176467227,0.005362436166442877,0.00417174566230471,0.7779571696183005,220.0,62.83485083929337,17.78746105880134,5.527216404540221,0.0005927501329729427,False,False,False,False,False,False,,0.7949609365482888,0,False,False,False,False,False,True,0,False,D12_I5,released_monthly_average_weekday,2025-10,corridor_period,1.0469665074095273,0.9737926137278072,0.6837686791053256,0.30247741545393975,0.787935820366546,0.5462975669925602,0.2945502729885238,1.292801995158528,0.004984957565601009,0.0039278266289442506,0.004934448728285129,39.30781506340349,1080.6686432117438,0.9605774639968179,44.14081513177938,24.48229920506637,0.003700580119868659,False,True,False,False,queue_exceeds_link,released_profile_fit,0.7390011576832203,1.2418364619594051,1.3198183913637436,0.004256179376913054,0.0059026612884027305,36.45579397634636,41.91168089517503,False,,,,,42.23579562030062,False,158641.5224401656,148338.9447183157,,,,,,,,163.08158803283462,141.1172879908518,,,,,,,,1487.6768020664401,1398.7362513106762,,,,,,,,58.14442653848006,55.10640550813393,,,,,,,,False,,-5073.912508136949,-19.655770148453133,24.708407957732533,1.569999496199899,False,True,True
state_transition,PeMS::D12_I5_S::L5S-035,2025-10-01,2025-10-01 06:35:00,2025-10-01 07:55:00,2025-10-01 09:10:00,2025-10-01 09:05:00,50.41538461538462,post_qc,0,50.41538461538462,50.41538461538462,50.67692307692308,post_qc,0,50.67692307692308,50.67692307692308,79,95,109,AM,AM,155.0,48.76153846153847,49.90554364989848,71.29601291949618,49.90720904364732,3600.5151515151515,1430.8441879328998,2.5163572539066705,1381.8181818181818,35.0,0.3333333333333333,-19.423076923076906,1.9153846153846104,False,0,1,79,109,speed_mph,True,D12_I5_S,S,58.0,0.1939,False,PeMS_average_weekday,state_transition__PeMS::D12_I5_S::L5S-035__2025-10-01__116,1430.8441879328998,71.29601291949618,0.1939,PeMS_average_weekday,L5S-035,6,False,AM,measured,2.583333333333333,3600.515151515152,2.5163572539066705,49.90720904364732,48.76153846153847,2025-10-01 06:35:00,2025-10-01 07:55:00,2025-10-01 09:10:00,1393.7478005865105,0.002719647173242941,0.0012568475420118297,0.001166324535295409,0.9279761437321817,220.0,55.192429861162694,25.252517493658132,7.156692259378109,0.0007935157820347677,False,False,False,False,False,False,,0.4621362485462219,0,False,False,False,False,False,True,0,False,D12_I5,released_monthly_average_weekday,2025-10,corridor_period,1.1194930392880404,1.0308417618895644,0.4819823587442288,0.8871068054286773,0.7812577427578122,0.4162101745548738,0.9144667422923207,2.898372634012725,0.0033691772728239493,0.0026321958311173606,0.0030422282059911834,31.84522755049224,1242.2540529339485,0.8681965956954389,26.760811972009066,46.420641280739375,0.004526022360357648,False,False,True,False,,released_profile_fit,1.238828810579315,2.8296180580505967,2.981263575282701,0.002284891823019603,0.004894303733710139,25.46641062309926,38.74482756443878,True,0.9916964982268037,-3.997374821723856e-13,9.99644811372491e-13,3.5715903849927666,49.89742966320581,True,196045.93859190636,175416.04433440088,177427.73501091846,186.34586570449264,-606.4559664347908,1766.0484002775472,203637.04587187088,197403.66496799077,0.008672530053243607,253.27649504498095,221.9617880042381,164.07371302549413,-8.511764949631182,-10.262702898351787,-80.66821775736467,216.4678551325968,201.926575765612,-0.37265679797100393,1670.1304706752387,1903.1452702826516,1569.4070751494467,31.418034642779354,37.34327475829581,297.75691352731377,1621.0435735177537,1638.2144493196533,0.18368223926341776,65.62069993146623,67.76059372869351,65.51190605156778,1.6161112138440359,1.5505520401029083,15.316307732879604,68.881516092356,67.81555166641742,0.22235729701918255,True,flat_top_power,-4860.137928632395,-19.041052512012705,25.768131890374327,1.4561493820595537,True,True,True
state_transition,PeMS::D12_I5_S::L5S-036,2025-10-01,2025-10-01 06:15:00,2025-10-01 07:55:00,2025-10-01 10:25:00,2025-10-01 10:20:00,51.323076923076925,post_qc,0,51.323076923076925,51.323076923076925,50.69166666666667,post_qc,0,50.69166666666667,50.69166666666667,75,95,124,AM;MD,AM,250.0,21.73076923076923,32.60628205128205,71.59288433896538,50.11501903727576,5781.503846153847,1615.9940864381035,3.577676363220586,1378.4923076923076,140.0,0.5925925925925926,103.06153846153848,28.96089743589744,True,0,2,75,124,speed_mph,True,D12_I5_S,S,63.0,0.3039,False,PeMS_average_weekday,state_transition__PeMS::D12_I5_S::L5S-036__2025-10-01__117,1615.9940864381035,71.59288433896538,0.3039,PeMS_average_weekday,L5S-036,5,False,AM,measured,4.166666666666667,5781.503846153846,3.577676363220585,50.11501903727576,21.73076923076923,2025-10-01 06:15:00,2025-10-01 07:55:00,2025-10-01 10:25:00,1387.560923076923,0.004244835262693815,0.009739943498368132,0.005621841777550556,0.5771944958913222,220.0,27.487363603664356,50.479956647859325,8.18523223353931,0.006811154114166137,False,False,False,False,False,False,,2.294539810288672,0,False,False,False,False,False,True,0,False,D12_I5,released_monthly_average_weekday,2025-10,corridor_period,1.1194930392880404,1.0308417618895644,0.4819823587442288,0.8871068054286773,0.7812577427578122,0.4162101745548738,0.9144667422923207,4.165781443929094,0.007254858542506645,0.005667914408945974,0.0072562261319203195,26.426790586595317,1387.8557778347656,0.8588247874680102,27.512837941255928,50.4439338754529,0.006800917292853981,False,False,False,False,queue_exceeds_link,released_profile_fit,1.7091024959829981,3.968099637534819,4.328042013198745,0.004251292718150037,0.012183220513588522,18.49888235360331,35.76928189696617,False,,,,,30.800643292614875,False,478684.1216199541,448050.3573400388,,,,,,,,395.744044780738,346.41858798417076,,,,,,,,4333.74665934916,4013.005859278347,,,,,,,,182.2267751971798,174.71203658130165,,,,,,,,False,,-798.7604799933388,-10.638275736486548,36.878604842359,1.5317377005273616,False,True,True
state_transition,PeMS::D12_I5_S::L5S-036,2025-10-01,2025-10-01 17:20:00,2025-10-01 17:45:00,2025-10-01 18:10:00,2025-10-01 18:05:00,51.48333333333333,post_qc,0,51.48333333333333,51.48333333333333,51.45,post_qc,0,51.45,51.45,208,213,217,PM,PM,50.0,41.34166666666666,46.245,71.59288433896538,50.11501903727576,1257.7666666666669,1615.9940864381035,0.7783238052801142,1521.8,15.0,0.0,-24.0,10.10833333333334,False,0,4,208,217,speed_mph,True,D12_I5_S,S,63.0,0.3039,False,PeMS_average_weekday,state_transition__PeMS::D12_I5_S::L5S-036__2025-10-01__118,1615.9940864381035,71.59288433896538,0.3039,PeMS_average_weekday,L5S-036,5,False,PM,measured,0.8333333333333334,1257.7666666666667,0.7783238052801142,50.11501903727576,41.34166666666666,2025-10-01 17:20:00,2025-10-01 17:45:00,2025-10-01 18:10:00,1509.32,0.004244835262693815,0.0031061020483321884,0.0023589961413928513,0.7594715513804534,220.0,42.3912721744372,35.60449881733322,8.18523223353931,0.0029240932551735472,False,False,False,False,False,False,,0.7317367709485679,0,False,False,False,False,False,True,0,False,D12_I5,released_monthly_average_weekday,2025-10,corridor_period,1.0469665074095273,0.9737926137278072,0.6837686791053256,0.30247741545393975,0.787935820366546,0.5462975669925602,0.2945502729885238,0.8202486157667574,0.002733634853599928,0.002153928820953842,0.002746752353293682,43.54822689437852,1533.3968780805844,0.9488876790758709,46.94599497214901,32.66299668353565,0.0022285603950250275,False,False,False,False,queue_exceeds_link,released_profile_fit,0.6439907992719454,0.7783238052801142,0.8477591396136149,0.002198934049539507,0.0030971119757244947,41.392289069406786,47.16183737193394,False,,,,,46.01873994117063,False,94516.74198246797,80781.56020526901,,,,,,,,104.9380651684509,76.84883236485462,,,,,,,,841.5655251300268,761.7156567421254,,,,,,,,33.28517777311131,30.00952597245788,,,,,,,,False,,-3682.7944625002774,-16.383557193613477,29.599355679038105,1.326609232130881,False,True,True
state_transition,PeMS::D12_I5_S::L5S-041,2025-10-01,2025-10-01 07:30:00,2025-10-01 07:50:00,2025-10-01 08:20:00,2025-10-01 08:15:00,50.48695652173912,post_qc,0,50.48695652173912,50.48695652173912,50.43043478260869,post_qc,0,50.43043478260869,50.43043478260869,90,94,99,AM,AM,50.0,46.90434782608696,48.7613043478261,71.44891304347826,50.01423913043477,865.304347826087,1135.968447204969,0.761732731182062,994.8074534161492,20.0,0.6666666666666666,26.23602484472042,3.5260869565217305,False,0,2,90,99,speed_mph,True,D12_I5_S,S,74.0,0.0255,False,PeMS_average_weekday,state_transition__PeMS::D12_I5_S::L5S-041__2025-10-01__119,1135.968447204969,71.44891304347826,0.0255,PeMS_average_weekday,L5S-041,7,False,AM,measured,0.8333333333333334,865.304347826087,0.761732731182062,50.01423913043477,46.90434782608696,2025-10-01 07:30:00,2025-10-01 07:50:00,2025-10-01 08:20:00,1038.3652173913044,0.00035689836155355757,0.0001867612602484445,0.00016620941625903945,0.889956600410249,220.0,31.05573968001731,33.43553327307919,5.565718036281722,0.0004642058936578508,True,False,False,False,False,False,,0.5232897664071187,0,False,False,False,False,False,True,0,False,D12_I5,released_monthly_average_weekday,2025-10,corridor_period,1.1194930392880404,1.0308417618895644,0.4819823587442288,0.8871068054286773,0.7812577427578122,0.4162101745548738,0.9144667422923207,0.8456265294285558,0.00014824338969522734,0.00011581629601206003,0.0001463300343998699,50.48087974704177,1023.270105315675,0.900790957559969,28.308034121271177,36.14769223931276,0.0005439059786828005,False,False,True,True,,released_profile_fit,0.41536584547469646,0.7890742426980598,0.944845812100784,0.00010860292786721504,0.00018916148110034573,46.69818179760507,54.779842299758315,True,0.9987477576758809,0.0,9.99644811372491e-13,3.5715903849927666,48.74712455362374,True,5844.854849693187,5674.989983723614,6616.3339350044735,-519.1612431279052,-995.2670823901299,-52.028441986305474,6314.609610289963,6324.080984312776,-0.008239375859676677,7.331764078331545,7.180819339946825,8.810500504693973,-9.853626687057922,-11.017625948674747,-0.9874944465297822,8.383627963619135,8.364819931539802,-0.1177884384678122,56.18168113320947,61.569797605491694,41.38553323278356,27.83616722681272,36.4159808637734,2.789638924037544,44.52365376066719,44.22494686553026,0.06265521107124299,2.1051454008572397,2.1921637337143425,1.8680522522371585,1.4830126910952584,1.5094854662993082,0.14862211073139536,1.8379697539833093,1.8288394604770377,0.08086210907948652,True,flat_top_power,-1633.295703135277,-12.261944853298989,34.879139382380735,1.445861835227314,True,True,True
state_transition,PeMS::D12_I5_S::L5S-049,2025-10-01,2025-10-01 07:15:00,2025-10-01 07:40:00,2025-10-01 08:15:00,2025-10-01 08:10:00,50.72173913043478,post_qc,0,50.72173913043478,50.72173913043478,47.85652173913044,post_qc,0,47.85652173913044,47.85652173913044,87,92,98,AM,AM,60.0,41.32608695652175,45.06014492753624,68.13760869565218,47.69632608695652,1066.3333333333333,1147.4882608695652,0.929276028083518,1022.3478260869564,25.0,0.5,-27.739130434782737,6.530434782608694,False,0,5,87,98,speed_mph,True,D12_I5_S,S,78.0,0.146,False,PeMS_average_weekday,state_transition__PeMS::D12_I5_S::L5S-049__2025-10-01__120,1147.4882608695652,68.13760869565218,0.146,PeMS_average_weekday,L5S-049,6,False,AM,measured,1.0,1066.3333333333333,0.929276028083518,47.69632608695652,41.32608695652175,2025-10-01 07:15:00,2025-10-01 07:40:00,2025-10-01 08:15:00,1066.3333333333333,0.0021427226871452588,0.001390154745784777,0.0011082966232622846,0.7972469443584308,220.0,34.16751988949761,31.208976735273723,5.648220529204404,0.0021303413360025656,True,False,False,False,False,False,,0.6487795896896368,0,False,False,False,False,False,True,0,False,D12_I5,released_monthly_average_weekday,2025-10,corridor_period,1.1194930392880404,1.0308417618895644,0.4819823587442288,0.8871068054286773,0.7812577427578122,0.4162101745548738,0.9144667422923207,1.0379672698656288,0.0010674652471196252,0.0008339654894370886,0.0010327545348850441,45.48020333689068,1027.328475850088,0.8952845191388533,26.953626411615353,38.11466628502993,0.0032739881394573908,False,False,True,True,,released_profile_fit,0.4981817075646896,0.9798057129814296,1.1355426455206106,0.0008404850651960371,0.0013139363729828561,42.23731589951779,48.940685838478515,True,0.9926538172761075,0.0,9.99644811372491e-13,3.5715903849927666,44.908991937577156,True,36871.49508430681,33715.43079977905,37765.97054988809,-497.36643875092034,-533.9847177967399,-442.30061307548505,46661.470049613075,44338.10620506509,-0.009478925816207812,38.734828562059064,32.074046144408065,43.10565735567848,-9.81217336404807,-10.088384502068008,-8.72582055480191,60.606721555365084,55.761446247488685,-0.14397446901711639,342.9622248525194,317.9137843926204,320.9592169050632,27.94681969034988,37.608676498712946,24.852693144303792,333.6231065958743,322.2829674955055,0.07449332091499423,13.411645074403692,12.524938781667425,12.878618023764622,1.48712442325197,1.5352414274653565,1.322477740508092,13.821169091250292,13.401961794249104,0.095684940382164,True,flat_top_power,-2170.648639754548,-13.272192818702788,33.68871019086644,1.3664964861411177,True,True,True
state_transition,PeMS::D12_I5_S::L5S-061,2025-10-01,2025-10-01 06:30:00,2025-10-01 07:50:00,2025-10-01 09:45:00,2025-10-01 09:40:00,48.96428571428572,post_qc,0,48.96428571428572,48.96428571428572,47.79230769230769,post_qc,0,47.79230769230769,47.79230769230769,78,94,116,AM,AM,195.0,37.89285714285714,42.34644970414201,68.8687955161524,48.20815686130668,4081.959183673469,1343.1318512144524,3.039135122871656,1239.6734693877552,95.0,0.5,16.530612244898066,9.899450549450547,True,0,5,78,116,speed_mph,True,D12_I5_S,S,59.0,0.1547,False,PeMS_average_weekday,state_transition__PeMS::D12_I5_S::L5S-061__2025-10-01__121,1343.1318512144524,68.8687955161524,0.1547,PeMS_average_weekday,L5S-061,7,False,AM,measured,3.25,4081.959183673469,3.0391351228716554,48.20815686130668,37.89285714285714,2025-10-01 06:30:00,2025-10-01 07:50:00,2025-10-01 09:45:00,1255.987441130298,0.0022463003576665844,0.00183626326156056,0.0014268286418840084,0.7770283661131515,220.0,38.63230513180471,32.51132534921621,6.6990043183658905,0.0017581202812830847,False,False,False,False,False,False,,0.8174611446298466,0,False,False,False,False,False,True,0,False,D12_I5,released_monthly_average_weekday,2025-10,corridor_period,1.1194930392880404,1.0308417618895644,0.4819823587442288,0.8871068054286773,0.7812577427578122,0.4162101745548738,0.9144667422923207,3.520953326277085,0.0033070823775124105,0.002583683713369485,0.0030803082717388163,27.856895045252767,1159.3335115264279,0.8631568899793157,24.698500445232185,46.93942914053417,0.0040172378009775125,False,False,True,False,,released_profile_fit,1.4722351649125618,3.4042789330666903,3.6293861449794464,0.002103381507413049,0.005236385832652248,20.674443032140935,35.56592316576118,True,0.993290712754553,0.0,9.99644811372491e-13,3.5715903849927666,42.11668036132887,True,151350.2157793595,145821.31741181854,169707.94552478736,-719.6548754141735,22.26445616913543,-7589.833998779648,181441.24120715505,182490.34796334596,-0.04183080951322519,151.72369268837292,138.72222755450284,146.62053241761186,-10.612554138172543,-9.027448385740293,-111.92521160290224,166.3116428455045,169.2982097242218,-0.6729848234791076,1462.1376539787586,1374.9967229786237,1501.723369951173,22.165105742303666,38.88272857082503,233.76409845436464,1472.8836514196796,1579.264806555683,0.15871185631604007,56.58980859778152,54.171132633342786,63.983628433129525,1.2311349499666668,1.6070365554766446,12.984154237772927,63.1423694179727,65.59593329422212,0.20563299029569115,True,flat_top_power,-3028.0813156411614,-14.990524177786867,31.49636083004122,1.312508933923167,True,True,True
state_transition,PeMS::D12_I5_S::L5S-061,2025-10-01,2025-10-01 17:00:00,2025-10-01 17:50:00,2025-10-01 18:20:00,2025-10-01 18:15:00,48.55000000000001,post_qc,0,48.55000000000001,48.55000000000001,49.842857142857135,post_qc,0,49.842857142857135,49.842857142857135,204,214,219,PM,PM,80.0,41.40714285714286,44.60178571428571,68.8687955161524,48.20815686130668,1750.3979591836735,1343.1318512144524,1.30322124190635,1316.7551020408164,20.0,0.6666666666666666,-10.775510204081913,8.435714285714276,False,0,1,204,219,speed_mph,True,D12_I5_S,S,59.0,0.1547,False,PeMS_average_weekday,state_transition__PeMS::D12_I5_S::L5S-061__2025-10-01__122,1343.1318512144524,68.8687955161524,0.1547,PeMS_average_weekday,L5S-061,7,False,PM,measured,1.3333333333333333,1750.3979591836735,1.30322124190635,48.20815686130668,41.40714285714286,2025-10-01 17:00:00,2025-10-01 17:50:00,2025-10-01 18:20:00,1312.7984693877552,0.0022463003576665844,0.001489770023565087,0.001232085685699588,0.8270307941565043,220.0,54.629811765315054,24.030807117319455,6.6990043183658905,0.0005854868112985555,False,False,False,False,False,False,,0.6632105178991436,0,False,False,False,False,False,True,0,False,D12_I5,released_monthly_average_weekday,2025-10,corridor_period,1.0469665074095273,0.9737926137278072,0.6837686791053256,0.30247741545393975,0.787935820366546,0.5462975669925602,0.2945502729885238,1.3549916341258814,0.0016837781741944992,0.0013267091369992279,0.0016755916053822226,39.36308110533914,1291.8145877061984,0.9617928325786831,47.55753420884189,27.163195258050706,0.0010066016813806416,False,True,False,False,queue_exceeds_link,released_profile_fit,0.7495783760385353,1.30322124190635,1.38163403887173,0.0014290285778231814,0.00201605834636801,36.29446047847698,42.09147115753017,False,,,,,44.474649469985415,False,62161.46872746552,59214.86683012848,,,,,,,,63.2611540332814,56.33208077403435,,,,,,,,604.7976498548542,558.356276627928,,,,,,,,23.28674191913189,21.99771927626707,,,,,,,,False,,-4837.809448757313,-18.886073916765344,26.12882784963176,1.3822291445937904,False,True,True
state_transition,PeMS::D12_I5_S::L5S-062,2025-10-01,2025-10-01 07:30:00,2025-10-01 08:25:00,2025-10-01 09:30:00,2025-10-01 09:25:00,50.17826086956522,post_qc,0,50.17826086956522,50.17826086956522,51.54347826086956,post_qc,0,51.54347826086956,51.54347826086956,90,101,113,AM,AM,120.0,34.434782608695656,41.44800724637681,71.79067806151733,50.25347464306213,1852.295652173913,1057.7472644903955,1.7511703545424124,886.7478260869566,55.0,0.7,58.74782608695648,17.108695652173907,True,0,4,90,113,speed_mph,True,D12_I5_S,S,72.0,0.1877,False,PeMS_average_weekday,state_transition__PeMS::D12_I5_S::L5S-062__2025-10-01__123,1057.7472644903955,71.79067806151733,0.1877,PeMS_average_weekday,L5S-062,5,False,AM,measured,2.0,1852.295652173913,1.7511703545424124,50.25347464306213,34.434782608695656,2025-10-01 07:30:00,2025-10-01 08:25:00,2025-10-01 09:30:00,926.1478260869565,0.0026145455798475695,0.0028363382585362687,0.0019590102592252825,0.6906828737120574,220.0,22.997353484186252,40.27193071254075,5.153050548858144,0.005547263131275159,True,False,False,False,False,False,,1.0848302972410333,0,False,False,False,False,False,True,0,False,D12_I5,released_monthly_average_weekday,2025-10,corridor_period,1.1194930392880404,1.0308417618895644,0.4819823587442288,0.8871068054286773,0.7812577427578122,0.4162101745548738,0.9144667422923207,1.9945938266045464,0.0023250393181805705,0.0018164549695449154,0.0023306288486805798,37.99914443720341,928.6580693609827,0.87795837487549,23.34203574664085,39.78479338481117,0.005426741051589961,False,False,True,True,,released_profile_fit,0.8892709066162551,1.9411455890671054,2.068180343306418,0.0017837802377742636,0.002957011617656296,33.68898025053171,42.67532874874501,True,0.9916734044166976,0.0,9.99644811372491e-13,3.5715903849927666,41.040277325672804,True,88838.14386232488,82391.13239381877,88030.40838305333,339.14374425405,287.0410956400417,1141.0869903838884,100980.78190138639,102290.58485104416,0.01130004114543524,91.83324266550756,78.38004497058644,92.01286405914503,-8.579999719199657,-8.548866095954857,-28.868366947503343,118.08674416776057,120.88518836863257,-0.24446746458257282,823.0933580386086,776.8928374447464,781.0591367819395,27.771558399689134,39.416394950106834,93.44050872078923,747.900723749132,771.3998083481507,0.12493704813171425,32.31942395483799,30.60746562940547,31.15577297919258,1.4415069681464832,1.6592701962728196,4.8501111277096225,31.341950606567643,31.967788391197466,0.15474822191485718,True,flat_top_power,383.56695833498975,-8.363945989611354,39.63972846179007,1.671171208154786,True,True,True
state_transition,PeMS::D12_I5_S::L5S-066,2025-10-01,2025-10-01 06:15:00,2025-10-01 07:40:00,2025-10-01 09:45:00,2025-10-01 09:40:00,58.8,post_qc,0,58.8,58.8,50.9842105263158,post_qc,0,50.9842105263158,50.9842105263158,75,92,116,AM,AM,210.0,19.968421052631577,33.57205513784462,72.07329643192863,50.45130750235003,3609.2982456140353,1199.2718533435252,3.0095747144831644,1030.9473684210527,115.0,0.6818181818181818,218.31578947368428,31.015789473684222,True,0,4,75,116,speed_mph,True,D12_I5_S,S,87.0,0.4455,False,PeMS_average_weekday,state_transition__PeMS::D12_I5_S::L5S-066__2025-10-01__124,1199.2718533435252,72.07329643192863,0.4455,PeMS_average_weekday,L5S-066,6,False,AM,measured,3.5,3609.298245614035,3.009574714483164,50.45130750235003,19.968421052631577,2025-10-01 06:15:00,2025-10-01 07:40:00,2025-10-01 09:45:00,1031.2280701754385,0.006181207493690306,0.016129019180005005,0.00788354393286215,0.48878012015977423,220.0,22.84774848180153,45.134778641178684,5.897273695490145,0.013317431523403452,False,False,False,False,False,False,,2.6093638170971114,0,False,False,False,False,False,True,0,False,D12_I5,released_monthly_average_weekday,2025-10,corridor_period,1.1194930392880404,1.0308417618895644,0.4819823587442288,0.8871068054286773,0.7812577427578122,0.4162101745548738,0.9144667422923207,3.485655550402744,0.00901921432885185,0.007046331028007713,0.009052133075927801,29.30839717482876,1035.4718627309587,0.8634171308566125,23.313478560257366,44.415159241664355,0.012927909957338503,False,False,True,False,,released_profile_fit,1.4591346978820148,3.373077348910774,3.59131781971034,0.005758867906039421,0.014220283661291274,21.83670338484809,37.31142526783078,True,0.9815168545994775,0.0,9.99644811372491e-13,3.5715903849927666,31.67492879816936,True,437061.76386876486,398721.75081723265,420528.4014403595,389.2312653137429,285.888602479911,9899.050285771782,469830.1887728987,476280.4030698401,0.021069421510835854,374.7094531765622,308.279245075694,372.4867158039265,-8.483847712222941,-8.553925125473661,-215.76384685446686,461.21369821911213,476.2521057153352,-0.46781751645191244,3973.852024633886,3571.1894791257414,3708.2248807207193,28.03677721498658,39.40587567473502,713.0400156277822,3727.9393706471865,3954.315258921285,0.19126920926935442,165.79396965841505,155.47691899656894,157.17990299423434,1.4514588255584748,1.6610764103960334,36.913951119391974,158.95380613888724,164.0866723009636,0.23223068397077637,True,flat_top_power,416.64655649543624,-8.303393651073067,39.70849792309728,1.6771768356490122,True,True,True
state_transition,PeMS::D12_I5_S::L5S-067,2025-10-01,2025-10-01 07:25:00,2025-10-01 07:55:00,2025-10-01 08:45:00,2025-10-01 08:40:00,43.30434782608695,post_qc,0,43.30434782608695,43.30434782608695,43.7913043478261,post_qc,0,43.7913043478261,43.7913043478261,89,95,104,AM,AM,80.0,39.94347826086956,41.932065217391305,61.54086956521739,43.07860869565217,1410.7478260869566,1549.7286877470356,0.9103192302246618,1127.6869565217391,35.0,0.8333333333333334,141.39130434782646,3.8478260869565375,True,0,2,89,104,speed_mph,True,D12_I5_S,S,88.0,0.3231,False,PeMS_average_weekday,state_transition__PeMS::D12_I5_S::L5S-067__2025-10-01__125,1549.7286877470356,61.54086956521739,0.3231,PeMS_average_weekday,L5S-067,5,False,AM,measured,1.3333333333333333,1410.7478260869561,0.9103192302246614,43.07860869565217,39.94347826086956,2025-10-01 07:25:00,2025-10-01 07:55:00,2025-10-01 08:45:00,1058.0608695652172,0.00525016955858249,0.002838760451213963,0.0024485572609846515,0.862544516546845,220.0,12.162997190742466,86.99014338098601,7.954755357686518,0.021314006600721302,True,False,False,False,False,False,,0.5406988135408733,0,False,False,False,False,False,True,0,False,D12_I5,released_monthly_average_weekday,2025-10,corridor_period,1.1194930392880404,1.0308417618895644,0.4819823587442288,0.8871068054286773,0.7812577427578122,0.4162101745548738,0.9144667422923207,1.0161470884203818,0.0025667034783165292,0.0020052569657981966,0.003266167670819545,41.333663534616505,1388.3303334362627,0.8958537997090248,30.531778751252094,45.47164921989119,0.005332246966584745,False,False,True,True,,released_profile_fit,0.4888801113329227,0.957890191326585,1.1140991694722104,0.0019921788719304734,0.003162724178033138,38.40533659158629,44.612648892576594,True,0.9819569163386899,-3.1324894369232495e-13,9.99644811372491e-13,3.5715903849927666,41.96797828685213,True,105629.31853049764,105629.31853049762,109744.78744498041,-13.648656544990596,-1040.581677562092,-38.61084699073124,117323.91138383184,124623.69361118312,-0.0003290961453238092,100.48691523086697,100.48691523086696,114.89680646730713,-8.512032208223104,-11.00012621218244,-24.079789251675752,130.6132631605676,144.36522919865558,-0.18435944917840077,996.0132675233122,996.013267523312,976.5620913057544,42.478347651031214,36.59843567959764,120.16750338516077,850.8750739373532,967.0501801103189,0.14122813920155833,39.240214844070785,39.240214844070785,38.984995250284015,1.6477835386491617,1.4326176654152765,4.6614344697522245,37.99017346298835,40.386600980157496,0.12270105779573744,True,flat_top_power,4175.128257055416,-1.1469443356072926,48.28367985545482,2.170564347839486,True,True,True
state_transition,PeMS::D12_I5_S::L5S-068,2025-10-01,2025-10-01 06:55:00,2025-10-01 08:15:00,2025-10-01 09:25:00,2025-10-01 09:20:00,48.00434782608696,post_qc,0,48.00434782608696,48.00434782608696,48.87826086956522,post_qc,0,48.87826086956522,48.87826086956522,83,99,112,AM,AM,150.0,28.243478260869573,35.14173913043478,68.37933608166523,47.86553525716566,1816.208695652174,927.0070960624874,1.959217683841492,719.7391304347826,60.0,0.6363636363636364,96.83478260869585,20.634782608695645,True,0,0,83,112,speed_mph,True,D12_I5_S,S,94.0,0.1839,False,PeMS_average_weekday,state_transition__PeMS::D12_I5_S::L5S-068__2025-10-01__126,927.0070960624874,68.37933608166523,0.1839,PeMS_average_weekday,L5S-068,5,False,AM,measured,2.5,1816.2086956521737,1.9592176838414914,47.86553525716566,28.243478260869573,2025-10-01 06:55:00,2025-10-01 08:15:00,2025-10-01 09:25:00,726.4834782608694,0.002689408972622501,0.003821828712106562,0.0026253093669224717,0.6869249159718155,220.0,12.479712770789428,58.21315695352453,4.490374276307358,0.01204650709993684,True,False,False,False,False,False,,1.4210663945170874,0,False,False,False,False,False,True,0,False,D12_I5,released_monthly_average_weekday,2025-10,corridor_period,1.1194930392880404,1.0308417618895644,0.4819823587442288,0.8871068054286773,0.7812577427578122,0.4162101745548738,0.9144667422923207,2.239300796119577,0.002650178433652853,0.002070472420981063,0.002922155225569142,34.4408633116243,811.0606216009176,0.8749238544623241,20.596823560555716,39.37794676040011,0.006239152242621421,False,False,True,True,,released_profile_fit,0.9854129515558977,2.183770967018534,2.310582568444038,0.001972264869685012,0.0035177930225079967,29.62687572711167,39.44935342887965,True,0.9915461542026405,-2.0163967114374667e-13,9.99644811372491e-13,3.5715903849927666,34.60202182901471,True,85058.68138369436,93877.6442377043,89568.43116278686,1033.400002669587,1200.4331939657675,3886.007719636689,104583.65429052606,100740.6343433909,0.0371569318934069,75.2983204506109,89.30735339226881,90.75059846653693,-7.247249940602234,-6.776727498895724,-27.252631258528695,120.96530804969582,113.73446165676106,-0.22529295132561955,791.0454825595685,885.2029009123098,811.4910310689518,31.447720015880105,41.59114870354483,118.25632129958176,778.3405041126217,775.6440300883368,0.15193391667879935,32.49578157923553,34.87458766364349,32.24508481057916,1.5794482985409355,1.7566460783406912,5.9393732001562185,32.658864793482365,32.39832958871266,0.1818609813204996,True,flat_top_power,3840.5359733960004,-1.8007476611683733,47.47425772838581,2.1380620694962382,True,True,True
state_transition,PeMS::D12_I5_S::L5S-083,2025-10-01,2025-10-01 07:15:00,2025-10-01 07:40:00,2025-10-01 08:30:00,2025-10-01 08:25:00,54.80869565217392,post_qc,0,54.80869565217392,54.80869565217392,50.74782608695653,post_qc,0,50.74782608695653,50.74782608695653,87,92,101,AM,AM,75.0,39.243478260869566,45.8536231884058,72.2036956521739,50.54258695652173,1496.2173913043478,1241.522608695652,1.2051471159887124,1184.0869565217392,40.0,0.2857142857142857,-20.95652173913072,11.504347826086963,False,0,5,87,101,speed_mph,True,D12_I5_S,S,79.0,0.0404,False,PeMS_average_weekday,state_transition__PeMS::D12_I5_S::L5S-083__2025-10-01__127,1241.522608695652,72.2036956521739,0.0404,PeMS_average_weekday,L5S-083,6,False,AM,measured,1.25,1496.2173913043482,1.2051471159887128,50.54258695652173,39.243478260869566,2025-10-01 07:15:00,2025-10-01 07:40:00,2025-10-01 08:30:00,1196.9739130434787,0.0005595281465178526,0.00046994227227230897,0.00032943007058564553,0.7010011442315124,220.0,48.91228711375062,24.47184508587364,6.121747088388244,0.00026644018135946765,False,False,False,False,False,False,,0.839890316862397,0,False,False,False,False,False,True,0,False,D12_I5,released_monthly_average_weekday,2025-10,corridor_period,1.1194930392880404,1.0308417618895644,0.4819823587442288,0.8871068054286773,0.7812577427578122,0.4162101745548738,0.9144667422923207,1.3569407404446958,0.00035354829019421563,0.0002762123391530169,0.00032871733925523265,44.24602188342293,1102.6401866407289,0.8881354064096879,27.647943731623737,39.88145365687822,0.0009017016791848976,False,False,True,False,,released_profile_fit,0.6318686421665743,1.2991430810631097,1.449885845210721,0.0002897533833090447,0.00043275841203141495,40.71404562766941,47.5696219975219,True,0.9981388580411044,0.0,9.99644811372491e-13,3.5715903849927666,45.44645543818217,True,14797.906305114746,12935.768236315835,14624.683304933114,-64.20039173696989,-858.2008702252588,-26.532333789846184,17232.37739360804,17283.58757794068,-0.0015396792435434796,16.26001036713253,12.30600996288267,16.43657778812328,-8.988299391463485,-10.7609823335642,-3.714627795955506,21.68894539183237,21.663860549394435,-0.17126825342805105,137.53396239007307,121.97557428392611,124.42968248016285,30.1460085150665,36.71674763722375,12.458552646068956,125.59261001088986,126.1168021727519,0.09919813470703971,5.3442682097105,4.8055060074971845,4.9960194490761705,1.5688440264150076,1.530445247942196,0.6483619842007814,5.227905886912963,5.2096574681967,0.12401944453970153,True,flat_top_power,-4433.5158532319565,-18.02621216833128,27.299278344284463,1.3737636944523226,True,True,True
state_transition,PeMS::D12_I5_S::L5S-084,2025-10-01,2025-10-01 07:40:00,2025-10-01 08:05:00,2025-10-01 09:35:00,2025-10-01 09:30:00,49.933333333333344,post_qc,0,49.933333333333344,49.933333333333344,49.3095238095238,post_qc,0,49.3095238095238,49.3095238095238,92,97,114,AM,AM,115.0,43.8,46.23197722567288,70.16313570197848,49.11419499138493,2346.4682539682544,1276.5133078038798,1.8381855007881829,1218.952380952381,80.0,0.4666666666666667,-104.5714285714282,5.509523809523806,False,0,1,92,114,speed_mph,True,D12_I5_S,S,53.0,0.2778,False,PeMS_average_weekday,state_transition__PeMS::D12_I5_S::L5S-084__2025-10-01__128,1276.5133078038798,70.16313570197848,0.2778,PeMS_average_weekday,L5S-084,6,False,AM,measured,1.9166666666666667,2346.4682539682535,1.838185500788182,49.11419499138493,43.8,2025-10-01 07:40:00,2025-10-01 08:05:00,2025-10-01 09:35:00,1224.2443064182191,0.003959344137353977,0.0023831216160706808,0.002060135558535949,0.8644693349442758,220.0,46.273309300397834,26.456813332079832,6.325432207121647,0.002044116695684208,False,False,False,False,False,False,,0.6018980753876365,0,False,False,False,False,False,True,0,False,D12_I5,released_monthly_average_weekday,2025-10,corridor_period,1.1194930392880404,1.0308417618895644,0.4819823587442288,0.8871068054286773,0.7812577427578122,0.4162101745548738,0.9144667422923207,2.0968384257663484,0.003680585106147082,0.0028754856120564924,0.003398626166892237,36.361593300921186,1119.0505787829936,0.8766462299623137,25.971826238449893,43.08709632156322,0.006736861722391536,False,False,True,False,,released_profile_fit,0.9295946445834362,2.0420503953090017,2.1672724799213987,0.002791858114708577,0.004747991454582431,31.904152733111733,41.14823730814116,True,0.9874615590646112,0.0,9.99644811372491e-13,3.5715903849927666,46.15016812660413,True,148622.74913326622,137369.34123134988,168817.6042663596,354.51040848248124,-363.72972976385654,2391.965285351626,193921.01537324296,186529.71171719383,0.01233473989782784,157.1446421733862,130.68172302606698,173.51090369567504,-8.1919190363574,-9.78194165695271,-55.272808601743364,226.64084170094065,210.46841224469367,-0.24387841214725756,1472.6651735146586,1295.3002851936233,1513.7012040323275,32.27180789149158,37.94827251461796,217.74549441980386,1473.2395483272344,1458.7409815715819,0.1478004677969984,55.95423379255803,51.031309658125906,60.277401604932635,1.64783655288352,1.56971131465004,11.1183416230377,61.93937883663816,60.48176395290829,0.17950360226184603,True,flat_top_power,-4145.306295834412,-17.33224054639495,28.356754787223355,1.312377700117619,True,True,True
state_transition,PeMS::D12_I5_S::L5S-086,2025-10-01,2025-10-01 06:15:00,2025-10-01 08:30:00,2025-10-01 10:25:00,2025-10-01 10:20:00,51.43695652173913,post_qc,0,51.43695652173913,51.43695652173913,49.26521739130435,post_qc,0,49.26521739130435,49.26521739130435,75,102,124,AM;MD,AM,250.0,24.241304347826087,32.35591304347826,68.62489714542446,48.03742800179712,4985.951086956522,1471.655899310951,3.387987021484445,1279.5652173913045,105.0,0.8,333.9130434782608,25.02391304347826,True,0,7,75,124,speed_mph,True,D12_I5_S,S,69.0,0.3181,False,PeMS_average_weekday,state_transition__PeMS::D12_I5_S::L5S-086__2025-10-01__129,1471.655899310951,68.62489714542446,0.3181,PeMS_average_weekday,L5S-086,4,False,AM,measured,4.166666666666667,4985.951086956522,3.387987021484445,48.03742800179712,24.241304347826087,2025-10-01 06:15:00,2025-10-01 08:30:00,2025-10-01 10:25:00,1196.628260869565,0.004635343923735253,0.008486887266292546,0.00538491151796546,0.6344978257638423,220.0,20.4371861611842,58.55151738756919,7.411827237436236,0.010929421083110883,True,False,False,False,False,False,,1.830907782880033,0,False,False,False,False,False,True,0,False,D12_I5,released_monthly_average_weekday,2025-10,corridor_period,1.1194930392880404,1.0308417618895644,0.4819823587442288,0.8871068054286773,0.7812577427578122,0.4162101745548738,0.9144667422923207,3.9382880030563143,0.007537275946014171,0.005888555192125785,0.007923771272221443,26.13241877293159,1266.0199261930989,0.8602689846083356,25.737746987784003,49.18922883164538,0.007723935237373171,False,False,True,True,,released_profile_fit,1.6260445977739841,3.7711401428605047,4.077821720695029,0.004547236454521042,0.012466959497049613,18.599837251187445,34.64175414574605,True,0.9863290534989162,0.0,9.99644811372491e-13,3.5715903849927666,31.745697687124995,True,426559.96992214024,392411.6594757378,444420.47197479533,196.0953981162003,-242.65144859218162,5757.370332799563,482217.6450269943,450226.97797107376,0.011939360560887954,362.3601575781381,303.40047889068495,377.25659343565826,-8.493221515642654,-9.53320348109936,-249.36139273946696,451.94556409878373,382.828632402533,-0.5517509464590362,3873.2368942175417,3514.672542778824,3938.494075713905,31.46753312696075,38.274634094552205,923.888288108603,4047.137954554272,4062.2715572620236,0.2282818867266299,162.50797964063176,153.01637211556306,168.5064173029293,1.617950526793891,1.5731718471320146,47.503105388432914,173.92886346494527,168.51907175409585,0.27311801182445483,True,flat_top_power,1238.4460619527456,-6.706489309765578,41.67197933838059,1.7630994253890881,True,True,True
state_transition,PeMS::D12_I5_S::L5S-086,2025-10-01,2025-10-01 15:45:00,2025-10-01 17:25:00,2025-10-01 18:20:00,2025-10-01 18:15:00,48.70869565217392,post_qc,0,48.70869565217392,48.70869565217392,48.61304347826088,post_qc,0,48.61304347826088,48.61304347826088,189,209,219,MD;PM,PM,155.0,33.87826086956522,41.14754558204768,68.62489714542446,48.03742800179712,3552.3749999999995,1471.655899310951,2.413862507983876,1314.195652173913,45.0,0.5,45.65217391304327,14.73478260869566,True,0,8,189,219,speed_mph,True,D12_I5_S,S,69.0,0.3181,False,PeMS_average_weekday,state_transition__PeMS::D12_I5_S::L5S-086__2025-10-01__130,1471.655899310951,68.62489714542446,0.3181,PeMS_average_weekday,L5S-086,4,False,PM,measured,2.583333333333333,3552.374999999999,2.4138625079838762,48.03742800179712,33.87826086956522,2025-10-01 15:45:00,2025-10-01 17:25:00,2025-10-01 18:20:00,1375.1129032258063,0.004635343923735253,0.004754158129652837,0.0031692314268954897,0.6666230572197893,220.0,39.89250308170115,34.47045928428031,7.411827237436236,0.003338585396982496,False,False,False,False,False,False,,1.0256322309352701,0,False,False,False,False,False,True,0,False,D12_I5,released_monthly_average_weekday,2025-10,corridor_period,1.0469665074095273,0.9737926137278072,0.6837686791053256,0.30247741545393975,0.787935820366546,0.5462975669925602,0.2945502729885238,2.4695363496275253,0.004166280101711801,0.0032827613298191042,0.004223441106973895,36.14105750033364,1438.4785227137054,0.9774557512983981,55.49428355436198,25.92120179918311,0.0010967780107409431,False,True,False,False,queue_exceeds_link,released_profile_fit,0.8988071155580034,2.4138625079838762,2.50775154246275,0.003336519186085933,0.0058326898340879795,30.387799022641985,39.902842943694864,False,,,,,40.75814323123833,False,280692.4514777343,269639.96478164865,,,,,,,,282.5033951754087,256.5129517146742,,,,,,,,2716.7212702831057,2542.5230997727185,,,,,,,,105.00352667924722,100.16849768395194,,,,,,,,False,,-3227.9193009267674,-15.39072034103752,30.98619196578013,1.2997297576081572,False,True,True
state_transition,PeMS::D12_I5_S::L5S-091,2025-10-01,2025-10-01 06:40:00,2025-10-01 08:40:00,2025-10-01 09:25:00,2025-10-01 09:20:00,50.73076923076923,post_qc,0,50.73076923076923,50.73076923076923,50.30833333333334,post_qc,0,50.30833333333334,50.30833333333334,80,104,112,AM,AM,165.0,44.76153846153847,46.9938616938617,71.20613750460755,49.84429625322529,2469.004807692308,1044.7822665123397,2.36317641180326,929.7115384615385,30.0,0.4,27.115384615384755,5.546794871794866,True,0,0,80,112,speed_mph,True,D12_I5_S,S,65.0,0.1168,False,PeMS_average_weekday,state_transition__PeMS::D12_I5_S::L5S-091__2025-10-01__131,1044.7822665123397,71.20613750460755,0.1168,PeMS_average_weekday,L5S-091,8,False,AM,measured,2.75,2469.0048076923076,2.3631764118032597,49.84429625322529,44.76153846153847,2025-10-01 06:40:00,2025-10-01 08:40:00,2025-10-01 09:25:00,897.81993006993,0.001640308042160582,0.0009690750133472367,0.0008469564121598551,0.8739843670454597,220.0,20.613650413042055,43.554630649110464,5.088373434637851,0.004025840245970945,True,False,False,False,False,False,,0.5907884302455714,0,False,False,False,False,False,True,0,False,D12_I5,released_monthly_average_weekday,2025-10,corridor_period,1.1194930392880404,1.0308417618895644,0.4819823587442288,0.8871068054286773,0.7812577427578122,0.4162101745548738,0.9144667422923207,2.716669580017504,0.001918640349290963,0.0014989526284511184,0.0019395080184851719,32.8186832606365,908.83515089693,0.8698799549218766,21.95792416478571,41.38984833340686,0.0036789561616622055,False,False,True,True,,released_profile_fit,1.1696829497731214,2.6532712410682042,2.7952904769917315,0.001337859991109176,0.002711241199611198,26.84101760499835,39.21874147840355,True,0.9949551484109874,0.0,9.99644811372491e-13,3.5715903849927666,46.959220519199576,True,66525.37119994791,59725.538994425784,73616.8342302014,830.7600482564849,699.1760641424612,3074.5775130440543,86566.42484437537,86479.25932990317,0.035516974607318834,71.83282004103555,56.81789163789684,69.90349167446485,-7.636253786236144,-7.7549155842996536,-28.26117387846581,94.63136613511868,94.78597286801144,-0.298644889455715,638.6925785302315,563.1715708859148,653.6660027618336,30.37471964564179,40.382077317415664,112.41444528237004,659.7127158378323,680.0788193003348,0.1703990882449555,24.52898615019009,22.187428778521667,26.96661424249867,1.539185896057724,1.7070770252872214,5.69640578449266,27.850446011344353,28.270569356600475,0.2045355317531481,True,flat_top_power,1093.9465031997056,-7.002314261093986,41.2853205645053,1.7582663816188115,True,True,True
state_transition,PeMS::D12_I5_S::L5S-093,2025-10-01,2025-10-01 16:10:00,2025-10-01 17:25:00,2025-10-01 18:10:00,2025-10-01 18:05:00,50.62727272727273,post_qc,0,50.62727272727273,50.62727272727273,49.642424242424255,post_qc,0,49.642424242424255,49.642424242424255,194,209,217,PM,PM,120.0,38.46969696969697,44.54527698863637,69.7288582914912,48.810200804043845,2979.363952020202,1529.8403349399375,1.9474999344537307,1448.3636363636365,35.0,0.3333333333333333,-23.87878787878776,11.172727272727286,False,0,2,194,217,speed_mph,True,D12_I5_S,S,39.0,0.4809,False,PeMS_average_weekday,state_transition__PeMS::D12_I5_S::L5S-093__2025-10-01__132,1529.8403349399375,69.7288582914912,0.4809,PeMS_average_weekday,L5S-093,6,False,PM,measured,2.0,2979.3639520202014,1.9474999344537305,48.810200804043845,38.46969696969697,2025-10-01 16:10:00,2025-10-01 17:25:00,2025-10-01 18:10:00,1489.6819760101007,0.006896714097765211,0.005604034228347432,0.003951061147054281,0.7050387249721358,220.0,54.89096111807478,27.138930448050957,7.724119644627606,0.001864291178960519,False,False,False,False,False,False,,0.8125658319174555,0,False,False,False,False,False,True,0,False,D12_I5,released_monthly_average_weekday,2025-10,corridor_period,1.0469665074095273,0.9737926137278072,0.6837686791053256,0.30247741545393975,0.787935820366546,0.5462975669925602,0.2945502729885238,2.003658915120306,0.005818972531579961,0.004584976895360853,0.005815756320133653,37.81942839721942,1486.9616427910391,0.9719717860945392,54.08880358347832,27.4911172789416,0.0019942202202364763,False,True,False,False,queue_exceeds_link,released_profile_fit,0.8437311521243895,1.9474999344537305,2.02752567189312,0.0047826400004310635,0.007729563549430241,32.879186556224646,41.175222889055874,False,,,,,44.33167070175616,False,342952.9656730598,314326.0797373383,,,,,,,,362.98709334835723,299.023590882082,,,,,,,,3306.214462981506,2963.883040262047,,,,,,,,127.114661886644,116.76893377312194,,,,,,,,False,,-4853.916723960361,-18.957963004273616,25.978549265485913,1.408281892469701,False,True,True
state_transition,PeMS::D12_I5_S::L5S-096,2025-10-01,2025-10-01 08:10:00,2025-10-01 08:40:00,2025-10-01 09:00:00,2025-10-01 08:55:00,50.707142857142856,post_qc,0,50.707142857142856,50.707142857142856,50.721428571428575,post_qc,0,50.721428571428575,50.721428571428575,98,104,107,AM,AM,50.0,48.97142857142857,49.96214285714286,71.94999999999999,50.36499999999999,582.1547619047619,1017.427738095238,0.5721829080408543,696.7142857142858,5.0,,,1.750000000000007,False,0,2,98,107,speed_mph,True,D12_I5_S,S,96.0,0.315,False,PeMS_average_weekday,state_transition__PeMS::D12_I5_S::L5S-096__2025-10-01__133,1017.427738095238,71.94999999999999,0.315,PeMS_average_weekday,L5S-096,6,False,AM,measured,0.8333333333333334,582.1547619047619,0.5721829080408543,50.36499999999999,48.97142857142857,2025-10-01 08:10:00,2025-10-01 08:40:00,2025-10-01 09:00:00,698.5857142857143,0.004378040305767895,0.002054281747907718,0.0019277041036338707,0.938383503429962,220.0,8.881866048164119,78.65303422698116,4.942346731429198,0.031087479922958197,True,False,False,False,False,False,,0.46922403733955653,0,False,False,False,False,False,True,0,False,D12_I5,released_monthly_average_weekday,2025-10,corridor_period,1.1194930392880404,1.0308417618895644,0.4819823587442288,0.8871068054286773,0.7812577427578122,0.4162101745548738,0.9144667422923207,0.6296195820897272,0.0013998188125893243,0.0010936192857934565,0.001795017454712793,54.51846324864388,924.6134943461764,0.9087755913527358,28.086553266869394,32.920148142094774,0.006837290995548123,False,False,True,True,,released_profile_fit,0.31973639227238687,0.5773108709768942,0.7252315833326707,0.0008718588278234551,0.0019126808397916474,50.073756880037884,60.00116122797582,True,0.9841187296138971,-1.2926432411236853e-13,9.99644811372491e-13,3.5715903849927666,49.95445098128937,True,50847.55770870218,46023.52235968136,52112.24863686703,-316.7864956956552,-957.7881653353088,-201.68392022758363,52341.32389871102,52858.92319332063,-0.003853244534239807,65.55816826569583,58.23562691753475,69.77748679717807,-9.46871358441015,-10.951104884805986,-6.028310237854011,71.31030301857916,72.06832853615923,-0.08453631498779914,444.8365325556518,499.3240454881142,326.7848822172303,28.863626063962805,36.488155572658926,18.37619133283944,362.8014044314114,360.01300623517807,0.050650827445497135,17.277811549836112,17.77819818256057,14.666904395523474,1.5211920086211548,1.5177140539199228,0.9684755249552593,14.910434483428668,14.87096025239351,0.0649528708255695,True,flat_top_power,5085.532433349433,0.5139064335756404,50.16077157095879,2.339708330503375,True,True,True
state_transition,PeMS::D12_I5_S::L5S-107,2025-10-01,2025-10-01 06:20:00,2025-10-01 07:50:00,2025-10-01 10:05:00,2025-10-01 10:00:00,53.952631578947376,post_qc,0,53.952631578947376,53.952631578947376,51.05789473684212,post_qc,0,51.05789473684212,51.05789473684212,76,94,120,AM;MD,AM,225.0,16.768421052631584,28.40269005847953,71.41591523085482,49.99114066159837,3134.812030075188,1045.2711223008305,2.999042031482608,840.812030075188,125.0,0.5833333333333334,211.4887218045112,34.289473684210535,True,0,4,76,120,speed_mph,True,D12_I5_S,S,90.0,0.6121,False,PeMS_average_weekday,state_transition__PeMS::D12_I5_S::L5S-107__2025-10-01__134,1045.2711223008305,71.41591523085482,0.6121,PeMS_average_weekday,L5S-107,7,False,AM,measured,3.75,3134.812030075189,2.9990420314826087,49.99114066159837,16.768421052631584,2025-10-01 06:20:00,2025-10-01 07:50:00,2025-10-01 10:05:00,835.9498746867171,0.00857091865337526,0.02793222007857702,0.015340804608449849,0.549215370826026,220.0,14.991504510674776,55.7615731023844,5.08985558664562,0.03225887261701732,True,False,False,False,False,False,,3.258952885706972,0,False,False,False,False,False,True,0,False,D12_I5,released_monthly_average_weekday,2025-10,corridor_period,1.1194930392880404,1.0308417618895644,0.4819823587442288,0.8871068054286773,0.7812577427578122,0.4162101745548738,0.9144667422923207,3.4730811614060193,0.012466094426857834,0.009739232792932694,0.013343985460219858,29.096335951568356,902.6025838123841,0.8635104946031541,21.154896753843666,42.66636676675762,0.020363280701144706,False,False,True,True,,released_profile_fit,1.4544642098485718,3.3619556141891187,3.5777607795653803,0.007970892052588432,0.019624900006801903,21.70896111836714,37.0033045031019,True,0.9743606435184183,-3.4803404936614034e-13,9.99644811372491e-13,3.5715903849927666,25.598322349991943,True,587831.6776364219,588758.8885254563,504261.3950302488,1172.3303067066129,926.496536946092,35792.022835259326,589697.4220955152,586851.6098994409,0.060695572838135925,436.0897309845274,455.2100438820301,445.5896046389849,-6.980548229668584,-7.323142059155709,-213.12077339433137,602.1784877682264,599.6099977473544,-0.3539162851602228,5300.871419795315,5273.275270622638,4453.929647480225,32.183370929841274,40.89779418881954,982.579688204526,4613.490690370239,4777.420973204637,0.21297966207138325,225.9683641823007,229.57969519385964,188.7782688763792,1.607052271481288,1.7376443525626315,49.06437312868044,196.03971131211435,198.95963114420408,0.25027772587649433,True,flat_top_power,2882.2270070022532,-3.617558499979502,45.30954323571686,2.006873048905937,True,True,True
state_transition,PeMS::D12_I5_S::L5S-107,2025-10-01,2025-10-01 14:50:00,2025-10-01 16:00:00,2025-10-01 17:45:00,2025-10-01 17:40:00,50.24444444444445,post_qc,0,50.24444444444445,50.24444444444445,50.91052631578947,post_qc,0,50.91052631578947,50.91052631578947,178,192,212,MD;PM,PM,175.0,35.45789473684211,42.09479532163743,71.41591523085482,49.99114066159837,2957.8467000835426,1045.2711223008305,2.8297411427312635,1019.5488721804512,95.0,0.5555555555555556,24.72180451127804,15.45263157894736,True,0,4,178,212,speed_mph,True,D12_I5_S,S,90.0,0.6121,False,PeMS_average_weekday,state_transition__PeMS::D12_I5_S::L5S-107__2025-10-01__135,1045.2711223008305,71.41591523085482,0.6121,PeMS_average_weekday,L5S-107,7,False,PM,measured,2.9166666666666665,2957.8467000835417,2.829741142731263,49.99114066159837,35.45789473684211,2025-10-01 14:50:00,2025-10-01 16:00:00,2025-10-01 17:45:00,1014.1188686000714,0.00857091865337526,0.008691809563932146,0.006122670883284762,0.7044184341879306,220.0,48.857073685032724,20.75684833557162,5.08985558664562,0.003957461657447892,False,False,False,False,False,False,,1.0141047786644526,0,False,False,False,False,False,True,0,False,D12_I5,released_monthly_average_weekday,2025-10,corridor_period,1.0469665074095273,0.9737926137278072,0.6837686791053256,0.30247741545393975,0.787935820366546,0.5462975669925602,0.2945502729885238,2.8829718209767026,0.008072869121350053,0.006360902753842711,0.008101292894639837,36.776484312634295,1025.9714224613797,0.9815361780999282,55.67403161801506,18.428186223348604,0.002423435127210947,False,True,False,False,queue_exceeds_link,released_profile_fit,0.9418907643197532,2.829741142731263,2.9463696224007845,0.006339457886789639,0.011747433150628882,30.125511182963155,41.05194784707243,False,,,,,41.65762208566059,False,447401.5022915902,422687.8301888487,,,,,,,,454.5140469702638,402.10991372667553,,,,,,,,4189.809053868262,3985.6612988294614,,,,,,,,164.12772549401717,157.02421921614183,,,,,,,,False,,-4425.29159259522,-17.98333293064772,27.393012004083175,1.3562429310427397,False,True,True
state_transition,PeMS::D12_I5_S::L5S-135,2025-10-01,2025-10-01 07:20:00,2025-10-01 07:35:00,2025-10-01 08:15:00,2025-10-01 08:10:00,50.00434782608696,post_qc,0,50.00434782608696,50.00434782608696,49.03913043478261,post_qc,0,49.03913043478261,49.03913043478261,88,91,98,AM,AM,55.0,42.99565217391305,46.30039525691699,69.09021739130435,48.36315217391304,1213.8347826086956,1409.1986086956522,0.8613653001915859,1327.5652173913045,30.0,0.4,41.008695652173856,6.043478260869556,True,0,5,88,98,speed_mph,True,D12_I5_S,S,81.0,0.2218,False,PeMS_average_weekday,state_transition__PeMS::D12_I5_S::L5S-135__2025-10-01__136,1409.1986086956522,69.09021739130435,0.2218,PeMS_average_weekday,L5S-135,5,False,AM,measured,0.9166666666666666,1213.8347826086956,0.8613653001915859,48.36315217391304,42.99565217391305,2025-10-01 07:20:00,2025-10-01 07:35:00,2025-10-01 08:15:00,1324.1833992094862,0.00321029529757878,0.0019483658410601105,0.0015883377386940293,0.8152153487918937,220.0,40.82156232446988,32.43833219033178,7.059989467321365,0.002223107722056392,True,False,False,False,False,False,,0.6069117200930324,0,False,False,False,False,False,True,0,False,D12_I5,released_monthly_average_weekday,2025-10,corridor_period,1.1194930392880404,1.0308417618895644,0.4819823587442288,0.8871068054286773,0.7812577427578122,0.4162101745548738,0.9144667422923207,0.9598642888916374,0.0014920876932421753,0.0011657050632190929,0.001432364786869321,47.167574489988006,1264.5900015827444,0.897382380155231,30.934700191164843,40.87933594856432,0.00395964650335542,False,False,True,True,,released_profile_fit,0.46478206985118004,0.9015035768227632,1.0585667168448163,0.001114535275433486,0.0018615781276569304,43.731375371473916,51.28525180280115,True,0.9888960843310394,0.0,9.995337890700284e-13,3.5715903849927666,46.22149648106377,True,64041.108369218506,56649.13677943652,69115.51870584016,-2491.741606580159,-1521.487213525114,-3525.7479733766145,76808.60150658825,75612.6495206209,-0.04590303565251339,69.86571692327819,53.89125940269576,84.75520965113319,-13.605438795792777,-12.012167890037603,-19.251333338292024,98.99365193258832,96.0209443886277,-0.19447038231705605,604.9661690816441,534.1631718448594,589.3579461856566,17.821354844668768,35.235826188416326,25.216742201713952,551.8172659882296,548.0340759391513,0.04569763172697071,23.364121923903454,21.04457672246017,23.302181801260414,1.1108725254018823,1.4353343025543965,1.5718550209108328,22.888072913591696,22.748747502352227,0.06867572586145569,True,flat_top_power,-3389.712543328227,-15.728410635126307,30.53546255462622,1.2987334337382044,True,True,True
state_transition,PeMS::D12_I5_S::L5S-136,2025-10-01,2025-10-01 06:35:00,2025-10-01 07:50:00,2025-10-01 09:30:00,2025-10-01 09:25:00,54.29090909090908,post_qc,0,54.29090909090908,54.29090909090908,49.73636363636364,post_qc,0,49.73636363636364,49.73636363636364,79,94,113,AM,AM,175.0,14.572727272727276,27.61896103896104,71.16705867071465,49.81694106950025,2478.166666666667,1123.0567789680308,2.2066263372220924,834.1818181818181,95.0,0.5,273.6363636363634,35.163636363636364,True,0,5,79,113,speed_mph,True,D12_I5_S,S,91.0,0.1901,False,PeMS_average_weekday,state_transition__PeMS::D12_I5_S::L5S-136__2025-10-01__137,1123.0567789680308,71.16705867071465,0.1901,PeMS_average_weekday,L5S-136,6,False,AM,measured,2.9166666666666665,2478.166666666667,2.2066263372220924,49.81694106950025,14.572727272727276,2025-10-01 06:35:00,2025-10-01 07:50:00,2025-10-01 09:30:00,849.657142857143,0.002671179665856085,0.01037373611705096,0.005105637691686145,0.4921696131535658,220.0,12.97260982207252,65.49623819036597,5.499265085234726,0.011982772207154874,True,False,False,False,False,False,,3.8835785737857833,0,False,False,False,False,False,True,0,False,D12_I5,released_monthly_average_weekday,2025-10,corridor_period,1.1194930392880404,1.0308417618895644,0.4819823587442288,0.8871068054286773,0.7812577427578122,0.4162101745548738,0.9144667422923207,2.531345332354577,0.002934607423105697,0.0022926847712558766,0.003327656467334591,33.91138425045097,978.9919356287729,0.8717207838132297,23.32172632509563,41.977678752507984,0.005480017949195274,False,False,True,True,,released_profile_fit,1.0986185094985685,2.473005450651342,2.60419212007826,0.0021109514135062035,0.004036578049092237,28.340343417052456,39.75215255956674,True,0.9917188575401971,0.0,9.99644811372491e-13,3.5715903849927666,24.444447035345945,True,150299.1822739636,133592.27213479488,127649.0524526813,261.8209800227293,313.49793183028555,1487.5764743078626,137955.420874589,138810.34676977096,0.010783022985810554,111.71656476940313,78.55135425774351,129.4787446976273,-8.728434674824,-8.491986381637396,-49.591954314256974,151.2765204480172,153.4090001000661,-0.3278232085679029,1374.286777973693,1207.9967078576858,1154.9942448961692,27.36212604026945,39.49467072379676,155.46215960622345,1050.0239355639342,1091.3204531974632,0.14805582457768424,58.29874242043441,53.0257986863515,45.89316067354403,1.4261437577489458,1.6582989335258311,8.102856779560486,44.31374695806814,45.291524778753555,0.18285198918583462,True,flat_top_power,3589.788785370959,-2.2848727426124524,46.88375924959557,2.109712107043648,True,True,True
state_transition,PeMS::D12_I5_S::L5S-137,2025-10-01,2025-10-01 06:15:00,2025-10-01 08:05:00,2025-10-01 10:20:00,2025-10-01 10:15:00,51.23076923076923,post_qc,0,51.23076923076923,51.23076923076923,50.825,post_qc,0,50.825,50.825,75,97,123,AM;MD,AM,245.0,23.492307692307687,34.106907378335954,71.33567931554013,49.93497552087809,5050.42094017094,1436.5344583137266,3.515697734184092,1253.0,125.0,0.5416666666666666,100.6538461538462,27.33269230769232,True,0,3,75,123,speed_mph,True,D12_I5_S,S,64.0,0.1783,False,PeMS_average_weekday,state_transition__PeMS::D12_I5_S::L5S-137__2025-10-01__138,1436.5344583137266,71.33567931554013,0.1783,PeMS_average_weekday,L5S-137,6,False,AM,measured,4.083333333333333,5050.42094017094,3.5156977341840916,49.93497552087809,23.492307692307687,2025-10-01 06:15:00,2025-10-01 08:05:00,2025-10-01 10:20:00,1236.8377812663527,0.002499450509349228,0.005090267892746385,0.0030098840789571095,0.5913017040313702,220.0,25.80988245893291,47.92109314075074,7.187619934603696,0.004408756077166612,False,False,False,False,False,False,,2.0365547842240406,0,False,False,False,False,False,True,0,False,D12_I5,released_monthly_average_weekday,2025-10,corridor_period,1.1194930392880404,1.0308417618895644,0.4819823587442288,0.8871068054286773,0.7812577427578122,0.4162101745548738,0.9144667422923207,4.091408887748654,0.004204092706175996,0.0032844799779716406,0.004196730701688888,26.597874328170516,1234.396531545395,0.8592877980764827,25.57765466430616,48.26073960831155,0.004471477917830579,False,False,True,False,,released_profile_fit,1.6820067812707356,3.903133879597238,4.247143546020965,0.0024866769485162327,0.007025744249055918,18.718801897329296,35.75927012084751,True,0.9926600848270344,0.0,9.99644811372491e-13,3.5715903849927666,32.363254970653806,True,235840.5291031586,218545.47638785746,249632.02208724292,721.2297186116205,-302.5839028470855,11963.763230261993,272200.64077621576,257046.27067739065,0.04395200244990517,197.41032395398426,168.97255877680792,214.15555719444183,-7.49442555333323,-9.676902272892372,-124.31757948009127,258.72785440414737,225.5223292790718,-0.4804955375461826,2138.375445335973,1957.42345228764,2206.9598951020116,34.133645896116676,38.05641699850518,566.2091385707969,2272.090581706702,2287.6583795688307,0.24920183338178517,89.60199122023504,85.2192719854824,94.29111099141593,1.717020545263723,1.5855194782651,28.481947893903044,97.53417799709109,94.80342951533314,0.2920201767092609,True,flat_top_power,-363.3003921796653,-9.793892981032062,37.914083554194185,1.5784931907818658,True,True,True
state_transition,PeMS::D12_I5_S::L5S-137,2025-10-01,2025-10-01 17:30:00,2025-10-01 17:45:00,2025-10-01 18:10:00,2025-10-01 18:05:00,50.03333333333335,post_qc,0,50.03333333333335,50.03333333333335,53.88333333333334,post_qc,0,53.88333333333334,53.88333333333334,210,213,217,PM,PM,40.0,43.016666666666666,47.203125,71.33567931554013,49.93497552087809,893.3472222222222,1436.5344583137266,0.6218766400291408,1346.0,15.0,0.5,4.3333333333332575,10.866666666666674,False,0,5,210,217,speed_mph,True,D12_I5_S,S,64.0,0.1783,False,PeMS_average_weekday,state_transition__PeMS::D12_I5_S::L5S-137__2025-10-01__139,1436.5344583137266,71.33567931554013,0.1783,PeMS_average_weekday,L5S-137,6,False,PM,measured,0.6666666666666666,893.3472222222223,0.6218766400291409,49.93497552087809,43.016666666666666,2025-10-01 17:30:00,2025-10-01 17:45:00,2025-10-01 18:10:00,1340.0208333333335,0.002499450509349228,0.0016454545662028834,0.0012965125934969479,0.787935820366546,220.0,39.92264784560628,33.565429791020506,7.187619934603696,0.0019666861229088186,True,False,False,False,False,False,,0.6583265241892322,0,False,False,False,False,False,True,0,False,D12_I5,released_monthly_average_weekday,2025-10,corridor_period,1.0469665074095273,0.9737926137278072,0.6837686791053256,0.30247741545393975,0.787935820366546,0.5462975669925602,0.2945502729885238,0.6592399302630535,0.0015066712193514526,0.0011871602232423509,0.0015117852942201917,44.50688523082613,1355.1169782233217,0.9433236845665527,43.06725914621602,31.465131635672833,0.0016405854143361036,False,False,True,True,,released_profile_fit,0.6028009811419465,0.6218766400291409,0.6884758919344078,0.0011556231213117366,0.0017484768138236913,41.973420211191375,48.78151274279117,True,0.9830164485627096,0.0,3.3495428652940973e-13,3.71555357311389,46.97095181623668,True,40026.40401370825,32980.592422148264,38445.91514634367,-6865.504998869921,-3770.2785725716003,-7281.185840192247,38750.99532441255,42357.08946279932,-0.18789674379293192,45.79918172455746,31.37498225960175,43.17247612809965,-22.882169493448302,-16.561161589779367,-24.26759991231513,43.48765819371678,50.72157910866062,-0.558034185336321,352.4362402570246,310.9847538565174,328.06154344379274,25.536721892414473,29.36938294234193,27.082875604719742,328.82890167246285,324.13721618853157,0.08236160345691337,13.942093366193237,12.251953816744308,13.160456592929293,0.7833864049652809,1.3226606287770755,0.8308175436724905,13.045169313892428,13.519912185503143,0.0636877547298457,True,flat_top_power,-3311.9399047749157,-15.611317513789945,30.627544834348804,1.3301212690975626,True,True,True
state_transition,PeMS::D12_I5_S::L5S-142,2025-10-01,2025-10-01 06:15:00,2025-10-01 08:35:00,2025-10-01 10:10:00,2025-10-01 10:05:00,51.05652173913042,post_qc,0,51.05652173913042,51.05652173913042,49.22608695652173,post_qc,0,49.22608695652173,49.22608695652173,75,103,121,AM;MD,AM,235.0,38.21304347826086,42.318963922294174,70.2060094759031,49.14420663313217,5607.51304347826,1607.1965256759447,3.4890027161550057,1464.104347826087,85.0,0.5,93.6000000000006,11.013043478260876,True,0,1,75,121,speed_mph,True,D12_I5_S,S,66.0,0.2386,False,PeMS_average_weekday,state_transition__PeMS::D12_I5_S::L5S-142__2025-10-01__140,1607.1965256759447,70.2060094759031,0.2386,PeMS_average_weekday,L5S-142,5,False,AM,measured,3.9166666666666665,5607.51304347826,3.489002716155006,49.14420663313217,38.21304347826086,2025-10-01 06:15:00,2025-10-01 08:35:00,2025-10-01 10:10:00,1431.705457909343,0.003398569464084054,0.0028453718261651235,0.0022487269098529507,0.7903103872662202,220.0,32.23480524296303,44.414893997905864,8.153911744042047,0.004003367609883137,True,False,False,False,False,False,,0.83722632602773,0,False,False,False,False,False,True,0,False,D12_I5,released_monthly_average_weekday,2025-10,corridor_period,1.1194930392880404,1.0308417618895644,0.4819823587442288,0.8871068054286773,0.7812577427578122,0.4162101745548738,0.9144667422923207,4.059388056818019,0.0056767112733200195,0.004434974635681824,0.0054993030773968065,26.291197694480363,1381.3690548899508,0.8594898214510407,27.306164061865605,50.5881767852959,0.005339384334897788,False,False,False,True,queue_exceeds_link,released_profile_fit,1.6703237445375994,3.8751327808837566,4.211797737785305,0.003371417393115065,0.009466626476630035,18.54617981822771,35.24384998060257,False,,,,,42.250306022749136,False,318962.8198955959,307983.2174178106,,,,,,,,317.04496524199527,292.98952120246537,,,,,,,,3019.8837167469833,2904.0741244022015,,,,,,,,118.07082808620615,114.41262509284992,,,,,,,,False,,-1848.469251676349,-12.666785480317436,34.4016140596408,1.4142894994806918,False,True,True
state_transition,PeMS::D12_I5_S::L5S-142,2025-10-01,2025-10-01 16:20:00,2025-10-01 17:40:00,2025-10-01 18:20:00,2025-10-01 18:15:00,49.56956521739132,post_qc,0,49.56956521739132,49.56956521739132,49.1695652173913,post_qc,0,49.1695652173913,49.1695652173913,196,212,219,PM,PM,120.0,42.21739130434783,45.43840579710146,70.2060094759031,49.14420663313217,3126.478260869565,1607.1965256759447,1.9452992903619244,1530.521739130435,30.0,0.4,36.834782608695605,6.952173913043474,True,0,0,196,219,speed_mph,True,D12_I5_S,S,66.0,0.2386,False,PeMS_average_weekday,state_transition__PeMS::D12_I5_S::L5S-142__2025-10-01__141,1607.1965256759447,70.2060094759031,0.2386,PeMS_average_weekday,L5S-142,5,False,PM,measured,2.0,3126.478260869565,1.945299290361924,49.14420663313217,42.21739130434783,2025-10-01 16:20:00,2025-10-01 17:40:00,2025-10-01 18:20:00,1563.2391304347825,0.003398569464084054,0.0022531298150096635,0.0018610832624517,0.8259991279924179,220.0,55.27028697687435,28.28353561994092,8.153911744042047,0.000918397446180636,False,False,False,False,False,False,,0.6629641791408559,0,False,False,False,False,False,True,0,False,D12_I5,released_monthly_average_weekday,2025-10,corridor_period,1.0469665074095273,0.9737926137278072,0.6837686791053256,0.30247741545393975,0.787935820366546,0.5462975669925602,0.2945502729885238,2.001454115828934,0.0028665241453617787,0.002258637054076145,0.002865894041709623,38.08402792901046,1562.1033908012848,0.9719429863403326,54.95947299387538,28.422823322475523,0.0009428113207460574,False,True,False,False,queue_exceeds_link,released_profile_fit,0.843450215055214,1.945299290361924,2.025339909467103,0.0023559884118203034,0.003806660390046201,33.11484285767343,41.462786308740995,False,,,,,45.36421174657149,False,170934.0094839335,159929.5305529032,,,,,,,,178.0211546569194,152.14360371871481,,,,,,,,1681.4691827922306,1508.027662352808,,,,,,,,64.22621745171327,59.41218996878573,,,,,,,,False,,-4871.811430578546,-19.024655112064217,25.84788019003315,1.4282229583054713,False,True,True
state_transition,PeMS::D12_I5_S::L5S-149,2025-10-01,2025-10-01 07:20:00,2025-10-01 07:40:00,2025-10-01 08:20:00,2025-10-01 08:15:00,51.86315789473685,post_qc,0,51.86315789473685,51.86315789473685,50.47894736842106,post_qc,0,50.47894736842106,50.47894736842106,88,92,99,AM,AM,60.0,40.742105263157896,46.47587719298247,72.25,50.575,1237.7719298245613,1293.2168421052631,0.9571263608116628,1231.0526315789473,35.0,0.3333333333333333,-23.26315789473665,9.736842105263165,False,0,5,88,99,speed_mph,True,D12_I5_S,S,80.0,0.458,False,PeMS_average_weekday,state_transition__PeMS::D12_I5_S::L5S-149__2025-10-01__142,1293.2168421052631,72.25,0.458,PeMS_average_weekday,L5S-149,6,False,AM,measured,1.0,1237.7719298245613,0.9571263608116628,50.575,40.742105263157896,2025-10-01 07:20:00,2025-10-01 07:40:00,2025-10-01 08:20:00,1237.7719298245613,0.006339100346020762,0.004902341328181538,0.003568746059665338,0.7279676833496047,220.0,46.595855324316986,26.563992037691065,6.398870318217804,0.0034901000584406094,False,False,False,False,False,False,,0.7733496964216507,0,False,False,False,False,False,True,0,False,D12_I5,released_monthly_average_weekday,2025-10,corridor_period,1.1194930392880404,1.0308417618895644,0.4819823587442288,0.8871068054286773,0.7812577427578122,0.4162101745548738,0.9144667422923207,1.070049169199264,0.0032444644654304406,0.002534762984720118,0.0030553345370914436,47.79015001315015,1156.7430408369057,0.894469514450347,29.48844679942374,39.22699112316457,0.009192406047491638,False,False,True,False,,released_profile_fit,0.5118178114134264,1.0120961693537052,1.167123374215156,0.0025488040395550485,0.003958388277912368,44.476867808843586,51.53072301273981,True,0.9783413726719614,-2.748405791451883e-13,9.99644811372491e-13,3.5715903849927666,46.22598910467107,True,141582.0791335048,119271.333185298,155015.80267568698,-945.7079761985376,-1301.546712911148,-2967.1195012479584,158790.58553128166,161358.2401928027,-0.018685739405271212,160.76551465045858,113.46478907561183,201.9427456936724,-10.664910844462257,-11.624168447614371,-33.460714874029556,204.63217531353706,208.50763245582462,-0.16351639141186428,1308.683055808055,1124.6482694428366,1356.4954200908383,25.670584732397803,35.652843350828064,80.5403935304711,1140.8799960547792,1152.2067067015932,0.07059497388768658,50.715640307917006,44.308084195190105,52.33884038891237,1.4025418647289913,1.4852432554917079,4.400416854769572,47.321813599923246,47.57577310780334,0.09298918447996063,True,flat_top_power,-4207.026214563549,-17.520393258879395,28.021396293411854,1.3525423287484737,True,True,True
state_transition,PeMS::D12_I5_S::L5S-156,2025-10-01,2025-10-01 08:20:00,2025-10-01 09:15:00,2025-10-01 09:30:00,2025-10-01 09:25:00,50.261904761904766,post_qc,0,50.261904761904766,50.261904761904766,49.65238095238095,post_qc,0,49.65238095238095,49.65238095238095,100,111,113,AM,AM,70.0,49.13000000000001,50.07085034013604,71.0190909090909,49.71336363636363,1391.4785714285715,1317.7128571428573,1.055980112727789,1136.2857142857142,5.0,,,0.5223809523809422,False,0,0,100,113,speed_mph,True,D12_I5_S,S,51.0,0.2734,False,PeMS_average_weekday,state_transition__PeMS::D12_I5_S::L5S-156__2025-10-01__143,1317.7128571428573,71.0190909090909,0.2734,PeMS_average_weekday,L5S-156,6,False,AM,measured,1.1666666666666667,1391.4785714285713,1.055980112727789,49.71336363636363,49.13000000000001,2025-10-01 08:20:00,2025-10-01 09:15:00,2025-10-01 09:30:00,1192.6959183673468,0.0038496691030580764,0.0017151589042694207,0.0016131871405446147,0.9405467543147313,220.0,31.664768036020256,37.66633998425618,6.541282165149112,0.004784532786215005,True,False,False,False,False,False,,0.4455341117258476,0,False,False,False,False,False,True,0,False,D12_I5,released_monthly_average_weekday,2025-10,corridor_period,1.1194930392880404,1.0308417618895644,0.4819823587442288,0.8871068054286773,0.7812577427578122,0.4162101745548738,0.9144667422923207,1.1841500058912777,0.0021556296393011078,0.0016841023462222204,0.0021273722842689306,45.526461168623676,1175.0864033321884,0.891762114152912,29.116279237683255,40.35839860373892,0.005540266945025863,False,False,True,True,,released_profile_fit,0.5599519287485597,1.1258427004454712,1.280636072145008,0.0017338323700080138,0.0026025755276586136,42.37285375049434,48.965690285880754,True,0.9869965358188916,-3.0897030965450407e-13,9.99644811372491e-13,3.5715903849927666,50.047079368080865,True,105851.32384186733,120448.94761443004,92806.66264356268,-1012.7141415813323,-1174.207583623263,-2373.1865486851166,108059.24752169542,107852.42369590783,-0.0219619014856516,136.60305328365325,158.76120427671884,106.85106269226284,-10.792355356889159,-11.360003098155675,-25.290722732089108,137.25595405822034,136.0081364560499,-0.1842595675037999,914.8041410961075,749.9238787132499,782.837966407732,25.330393687617665,36.003145851882,59.359050203926486,783.2558390736193,784.7114958313576,0.07578500822174815,35.7194050678357,34.20522549060399,31.42969141127094,1.389900714107179,1.4871298461653977,3.2570826685371106,32.559639324584055,32.47343127474746,0.10003435959678646,True,flat_top_power,-1753.2450443883808,-12.491170525915727,34.60317534383081,1.430684632124513,True,True,True
state_transition,PeMS::D12_I5_S::L5S-158,2025-10-01,2025-10-01 07:25:00,2025-10-01 07:55:00,2025-10-01 09:45:00,2025-10-01 09:40:00,50.92,post_qc,0,50.92,50.92,52.110526315789485,post_qc,0,52.110526315789485,52.110526315789485,89,95,116,AM,AM,140.0,42.115,45.321983082706765,71.78099999999999,50.24669999999999,2576.2147660818714,1227.6705,2.0984578240512186,1077.35,100.0,0.3684210526315789,-191.79999999999995,9.995526315789483,False,0,2,89,116,speed_mph,True,D12_I5_S,S,54.0,0.3163,False,PeMS_average_weekday,state_transition__PeMS::D12_I5_S::L5S-158__2025-10-01__144,1227.6705,71.78099999999999,0.3163,PeMS_average_weekday,L5S-158,6,False,AM,measured,2.333333333333333,2576.2147660818714,2.0984578240512186,50.24669999999999,42.115,2025-10-01 07:25:00,2025-10-01 07:55:00,2025-10-01 09:45:00,1104.0920426065165,0.004406458533595242,0.0031039296891282537,0.0026003048981398575,0.8377460698441785,220.0,29.421426430257917,37.52680194564033,6.050708018377592,0.006344209886570384,True,False,False,False,False,False,,0.7044046064347617,0,False,False,False,False,False,True,0,False,D12_I5,released_monthly_average_weekday,2025-10,corridor_period,1.1194930392880404,1.0308417618895644,0.4819823587442288,0.8871068054286773,0.7812577427578122,0.4162101745548738,0.9144667422923207,2.4035303655066804,0.004623545268295262,0.0036121805398469198,0.004503555724167337,35.02767074514188,1071.8461489205226,0.8730731486343629,25.010364867016555,42.85607805482533,0.008240298188340217,False,False,True,True,,released_profile_fit,1.049265579840348,2.345789117545409,2.475764700847642,0.0033715150490644503,0.006236451598261145,29.719350349247183,40.66611980088371,True,0.986259037903737,-5.720345899366811e-13,9.99644811372491e-13,3.5715903849927666,45.14209778617772,True,192735.83337409628,175556.00874861804,216285.88389952885,1030.45062708435,-167.47172631040257,9589.118854114437,243617.47026570208,235912.04083985314,0.039361376027983695,202.8585625833094,167.0093305041851,221.25533687008542,-6.906292988406138,-9.421625687295222,-64.26825562186069,280.20056929260596,263.03071782795377,-0.2293651857457401,1778.4727936608817,1655.374817708184,1948.162091519387,35.703563877846314,38.359207964546464,332.24854111531357,1866.3302039658024,1854.1203773321213,0.17802237803863002,69.7789294056463,65.21726729188705,77.45595871899133,1.7753570887308325,1.604614418195077,16.521034278473003,78.61899566170959,76.77449688239663,0.2101404900866645,True,flat_top_power,-1271.2476571257625,-11.558816618211422,35.74306988412846,1.4839862734234912,True,True,True
state_transition,PeMS::D12_I5_S::L5S-161,2025-10-01,2025-10-01 07:15:00,2025-10-01 07:35:00,2025-10-01 08:45:00,2025-10-01 08:40:00,44.92,post_qc,0,44.92,44.92,45.32000000000001,post_qc,0,45.32000000000001,45.32000000000001,87,91,104,AM,AM,90.0,39.41,42.215555555555554,64.18020451074726,44.92614315752308,1908.06,1311.3309137622778,1.4550560655400664,1278.7199999999998,60.0,0.6363636363636364,122.16000000000008,5.910000000000011,True,0,3,87,104,speed_mph,True,D12_I5_S,S,82.0,0.522,False,PeMS_average_weekday,state_transition__PeMS::D12_I5_S::L5S-161__2025-10-01__145,1311.3309137622778,64.18020451074726,0.522,PeMS_average_weekday,L5S-161,5,False,AM,measured,1.5,1908.06,1.4550560655400664,44.92614315752308,39.41,2025-10-01 07:15:00,2025-10-01 07:35:00,2025-10-01 08:45:00,1272.04,0.008133348966075494,0.005112020229560133,0.0042399359831652595,0.8294051652315326,220.0,48.16217940779785,26.411595480956294,6.570848099917403,0.002705030991362312,False,False,False,False,False,False,,0.6285258693414684,0,False,False,False,False,False,True,0,False,D12_I5,released_monthly_average_weekday,2025-10,corridor_period,1.1194930392880404,1.0308417618895644,0.4819823587442288,0.8871068054286773,0.7812577427578122,0.4162101745548738,0.9144667422923207,1.6478763582449798,0.006105705578118052,0.004770129757904293,0.005617101911205581,36.659737370896096,1157.8902691656556,0.8829886163848659,26.445667657622785,43.783741222048576,0.011605233805138341,False,False,True,False,,released_profile_fit,0.7507000626169098,1.5917787891773236,1.7346331535848971,0.005003101178812375,0.007585347589736428,33.208861100013486,39.73676750484041,True,0.9735331122055443,-2.1183721443662761e-13,9.99644811372491e-13,3.5715903849927666,42.187664968633165,True,229611.28049552898,229611.280495529,255254.3485848792,-1089.0506698624906,-215.02650701690436,-9912.205714381576,310020.1428580459,280165.820794579,-0.03197277964909604,218.43300326266282,218.43300326266282,258.9280189222782,-10.937546050485436,-9.438702028692868,-99.55019492033595,371.3616390524981,310.4648094410691,-0.26806806210337436,2165.079590857474,2165.0795908574737,2311.3052272070972,24.94283228692418,38.453068736293524,227.0220216278172,2324.2138632883753,2219.9995408337363,0.09767690710983837,85.29824960165169,85.29824960165168,91.95285663441015,1.375499329601206,1.5481651481848027,12.519373700695333,97.41142420255213,92.54439404425534,0.12852058989162518,True,flat_top_power,-4174.201545399452,-17.27805324865577,28.5916097860457,1.2339589764546104,True,True,True
state_transition,PeMS::D12_I5_S::L5S-173,2025-10-01,2025-10-01 08:00:00,2025-10-01 08:35:00,2025-10-01 09:45:00,2025-10-01 09:40:00,52.34285714285714,post_qc,0,52.34285714285714,52.34285714285714,50.47142857142856,post_qc,0,50.47142857142856,50.47142857142856,96,103,116,AM,AM,105.0,44.2857142857143,46.61631519274376,70.98977272727274,49.69284090909091,1900.847278911565,1195.8387755102042,1.5895514661669743,1023.6326530612246,60.0,0.3636363636363636,-128.24489795918385,6.185714285714262,False,0,3,96,116,speed_mph,True,D12_I5_S,S,50.0,0.3244,False,PeMS_average_weekday,state_transition__PeMS::D12_I5_S::L5S-173__2025-10-01__146,1195.8387755102042,70.98977272727274,0.3244,PeMS_average_weekday,L5S-173,7,False,AM,measured,1.75,1900.847278911565,1.5895514661669747,49.69284090909091,44.2857142857143,2025-10-01 08:00:00,2025-10-01 08:35:00,2025-10-01 09:45:00,1086.1984450923228,0.004569672327960173,0.0027554889623624054,0.0024037744941393874,0.8723586002240861,220.0,30.62176912858753,35.47144649060402,5.886343465197189,0.006024098353210246,True,False,False,False,False,False,,0.6029948680351903,0,False,False,False,False,False,True,0,False,D12_I5,released_monthly_average_weekday,2025-10,corridor_period,1.1194930392880404,1.0308417618895644,0.4819823587442288,0.8871068054286773,0.7812577427578122,0.4162101745548738,0.9144667422923207,1.805109927415671,0.0037193096776329975,0.002905739483364842,0.0036184027886101595,39.136289568623035,1053.0368539011686,0.880584302387996,25.618158748988968,41.105095187324,0.008093220551209084,False,False,True,True,,released_profile_fit,0.813911679153861,1.7502924274326084,1.886738695153369,0.0029675752023810382,0.004658237880600751,35.154221802993526,43.0395865930651,True,0.9852819482274271,0.0,9.99644811372491e-13,3.5715903849927666,46.519319394813984,True,142585.17133477883,128917.20988223233,153620.3267454692,649.0870722760399,-301.28965222571605,3585.1461087620305,182657.6910401895,177595.85666628505,0.019627676712354828,151.59464849261698,122.64107088313274,161.7270777585352,-7.631639559460872,-9.670632933502748,-42.15234602367769,221.42644156725862,210.11923065736613,-0.19036726474635526,1327.5764413544666,1215.602384272865,1357.6538993136223,33.767376880573124,38.06984977713082,186.50961480712343,1360.3499031409713,1345.535980077581,0.13710414826103434,51.80143160861759,47.89142903933804,54.19267998034743,1.7034103639710862,1.583089260063228,9.408560575088323,56.92434194464031,55.73829610574926,0.16528185049970845,True,flat_top_power,-1520.999443407226,-12.035874491772795,35.16908713024448,1.4522327963561317,True,True,True
state_transition,PeMS::D12_I5_S::L5S-173,2025-10-01,2025-10-01 17:45:00,2025-10-01 18:00:00,2025-10-01 18:20:00,2025-10-01 18:15:00,49.85454545454546,post_qc,0,49.85454545454546,49.85454545454546,49.45454545454545,post_qc,0,49.45454545454545,49.45454545454545,213,216,219,PM,PM,35.0,44.90454545454545,46.96233766233768,70.98977272727274,49.69284090909091,592.0649350649351,1195.8387755102042,0.4951043127133344,1032.857142857143,15.0,0.5,25.32467532467524,4.550000000000004,False,0,5,213,219,speed_mph,True,D12_I5_S,S,50.0,0.3244,False,PeMS_average_weekday,state_transition__PeMS::D12_I5_S::L5S-173__2025-10-01__147,1195.8387755102042,70.98977272727274,0.3244,PeMS_average_weekday,L5S-173,7,False,PM,measured,0.5833333333333334,592.0649350649351,0.49510431271333444,49.69284090909091,44.90454545454545,2025-10-01 17:45:00,2025-10-01 18:00:00,2025-10-01 18:20:00,1014.9684601113172,0.004569672327960173,0.0026545406490617943,0.0023469775817541155,0.8841369909267044,220.0,21.335266890011063,47.57233482682676,5.886343465197189,0.010635199571340065,True,False,False,False,False,False,,0.5809039376455112,0,False,False,False,False,False,True,0,False,D12_I5,released_monthly_average_weekday,2025-10,corridor_period,1.0469665074095273,0.9737926137278072,0.6837686791053256,0.30247741545393975,0.787935820366546,0.5462975669925602,0.2945502729885238,0.5279960814388528,0.0025757061449569007,0.002029491134349769,0.0026545406490617943,45.39997443516312,1121.343426359315,0.9377045211474215,38.0105462716428,29.500850062654223,0.003964801175305782,False,False,True,True,,released_profile_fit,0.5636522621539155,0.49510431271333444,0.5674256989901986,0.001871203511393521,0.0030568790891452907,42.53564495051281,50.3658275889449,True,0.963749071227551,-1.3146482459645782e-13,3.3495428652940973e-13,3.71555357311389,46.90131844672188,True,44634.58189875489,39827.34111644248,46601.918070045984,-2825.8327881318905,-2988.532424428913,-3395.4939364414163,52380.988405394775,52243.87436536247,-0.06482302147799317,49.1928606739589,37.88840736943003,53.266511915292824,-15.057975016665985,-14.946969067039186,-18.093520281494207,64.0044785902933,64.12381411151983,-0.2826914722220424,451.31186907398336,375.54497855347046,395.8290045618072,41.647854016774424,31.499148725295885,50.04366725932212,415.66466259090873,391.4540030225887,0.1203943268773232,16.89843025171468,14.795451147647713,15.863102775288176,1.472342971441879,1.3393962735415563,1.7691533812225348,16.569094609132346,16.246923203147173,0.10677429412754001,True,flat_top_power,887.639642335922,-7.3934354700286224,40.8193121057992,1.7300197423058903,True,True,True
state_transition,PeMS::D12_I5_S::L5S-174,2025-10-01,2025-10-01 06:25:00,2025-10-01 07:30:00,2025-10-01 10:15:00,2025-10-01 10:10:00,52.56521739130434,post_qc,0,52.56521739130434,52.56521739130434,51.92272727272727,post_qc,0,51.92272727272727,51.92272727272727,77,90,122,AM;MD,AM,230.0,34.66086956521739,42.68248185337033,71.7991773052975,50.25942411370825,4325.475324675324,1243.448932645027,3.4786111525097407,1115.890909090909,145.0,0.4285714285714285,-13.26640316205544,17.261857707509883,False,0,9,77,122,speed_mph,True,D12_I5_S,S,61.0,0.0963,False,PeMS_average_weekday,state_transition__PeMS::D12_I5_S::L5S-174__2025-10-01__148,1243.448932645027,71.7991773052975,0.0963,PeMS_average_weekday,L5S-174,5,False,AM,measured,3.8333333333333335,4325.475324675324,3.4786111525097407,50.25942411370825,34.66086956521739,2025-10-01 06:25:00,2025-10-01 07:30:00,2025-10-01 10:15:00,1128.3848673066063,0.0013412409948727194,0.0014371082274052534,0.0009447232085553224,0.6573779138826945,220.0,31.279886952681064,36.073815388578,6.1349876293608085,0.001737414632805178,True,False,False,False,False,False,,1.0714765153309616,0,False,False,False,False,False,True,0,False,D12_I5,released_monthly_average_weekday,2025-10,corridor_period,1.1194930392880404,1.0308417618895644,0.4819823587442288,0.8871068054286773,0.7812577427578122,0.4162101745548738,0.9144667422923207,4.046925355062482,0.002234204144767228,0.0017454892870009933,0.002129279743046151,26.93370929743801,1068.8300240735578,0.8595688942367539,23.346470167622872,45.78122587267271,0.002783579558666455,False,False,True,True,,released_profile_fit,1.6657738268574536,3.864229595701321,4.198001272598867,0.001329017527123973,0.003722722189013521,19.016742726142166,36.06398619990942,True,0.996056432307762,-9.60448459580504e-13,9.99644811372491e-13,3.5715903849927666,42.12664391489076,True,104219.03458571075,96165.53299195973,114392.22497636524,338.4444744967748,285.52796576739183,2555.2797579952817,122156.98687104831,123554.03919240723,0.0209179992356286,108.4341496045005,91.48385974964097,98.45739925390185,-8.5813420932912,-8.5518514814029,-64.78974071012297,111.25328680554952,114.73733427515732,-0.582362486273,969.187906997723,906.7761495667337,1012.1284964704496,27.767855691056845,39.41265548858602,209.64927755370346,993.6516628248104,1062.8596271094239,0.21098870499315664,37.95705374542819,35.72451500867691,43.189635423815474,1.441368030687218,1.6591428122963565,10.882430738787756,42.61799672845528,44.136520318257,0.25534824661342537,True,flat_top_power,-1693.92719022222,-12.385778860871266,34.71770593790884,1.4436336453823213,True,True,True
state_transition,PeMS::D12_I5_S::L5S-174,2025-10-01,2025-10-01 17:00:00,2025-10-01 17:40:00,2025-10-01 18:15:00,2025-10-01 18:10:00,51.426086956521736,post_qc,0,51.426086956521736,51.426086956521736,50.33913043478262,post_qc,0,50.33913043478262,50.33913043478262,204,212,218,PM,PM,75.0,38.68260869565217,43.77768115942028,71.7991773052975,50.25942411370825,1605.3565217391308,1243.448932645027,1.2910514292889093,1259.4782608695652,25.0,0.25,-30.05217391304359,11.656521739130447,False,0,5,204,218,speed_mph,True,D12_I5_S,S,61.0,0.0963,False,PeMS_average_weekday,state_transition__PeMS::D12_I5_S::L5S-174__2025-10-01__149,1243.448932645027,71.7991773052975,0.0963,PeMS_average_weekday,L5S-174,5,False,PM,measured,1.25,1605.3565217391306,1.291051429288909,50.25942411370825,38.68260869565217,2025-10-01 17:00:00,2025-10-01 17:40:00,2025-10-01 18:15:00,1284.2852173913045,0.0013412409948727194,0.0011482498447361374,0.0008764854907570251,0.7633229778127577,220.0,120.45292248270489,10.66213414270382,6.1349876293608085,-0.0005417585247497787,False,False,False,False,False,False,,0.8561100123882686,0,False,False,False,False,False,True,0,False,D12_I5,released_monthly_average_weekday,2025-10,corridor_period,1.0469665074095273,0.9737926137278072,0.6837686791053256,0.30247741545393975,0.787935820366546,0.5462975669925602,0.2945502729885238,1.3426684725990568,0.0010025907463605893,0.0007899771622255385,0.0009811357778843398,41.0865670542236,1195.6462481252563,0.9615563749625918,47.615877189724834,25.110243025897006,0.0006811936568358677,False,True,False,False,queue_exceeds_link,released_profile_fit,0.7475097690819782,1.291051429288909,1.36939132838544,0.0008518713209254249,0.001198231360369326,37.921263972814224,43.91020001211989,False,,,,,43.42284795893335,False,38376.87399831781,34625.468522467185,,,,,,,,40.630134103792834,32.9397800596586,,,,,,,,348.90465816029655,326.49482664825496,,,,,,,,13.769687200345377,12.863008516957642,,,,,,,,False,,,,,,False,False,True
state_transition,PeMS::D12_I5_S::L5S-181,2025-10-01,2025-10-01 06:30:00,2025-10-01 07:35:00,2025-10-01 09:50:00,2025-10-01 09:45:00,54.76315789473684,post_qc,0,54.76315789473684,54.76315789473684,49.26315789473686,post_qc,0,49.26315789473686,49.26315789473686,78,91,117,AM,AM,200.0,10.010526315789471,24.57671052631579,69.6162044120217,48.73134308841519,2687.960526315789,1094.086814582362,2.456807348822539,775.578947368421,125.0,0.7916666666666666,318.0,39.25263157894739,True,0,4,78,117,speed_mph,True,D12_I5_S,S,92.0,0.4107,False,PeMS_average_weekday,state_transition__PeMS::D12_I5_S::L5S-181__2025-10-01__150,1094.086814582362,69.6162044120217,0.4107,PeMS_average_weekday,L5S-181,4,False,AM,measured,3.333333333333333,2687.9605263157896,2.4568073488225393,48.73134308841519,10.010526315789471,2025-10-01 06:30:00,2025-10-01 07:35:00,2025-10-01 09:50:00,806.388157894737,0.005899488538175433,0.03512732534195076,0.014601623745236266,0.4156770719972322,220.0,11.613727001463571,69.43405487257581,5.355714117241382,0.02946383625396436,False,False,False,False,False,False,,5.954300125280823,0,False,False,False,False,False,True,0,False,D12_I5,released_monthly_average_weekday,2025-10,corridor_period,1.1194930392880404,1.0308417618895644,0.4819823587442288,0.8871068054286773,0.7812577427578122,0.4162101745548738,0.9144667422923207,2.8276928434307047,0.007150132835599553,0.005586096639559022,0.008273605283530038,31.4721774859582,950.5843368244393,0.8688381252335075,22.361295008714396,42.510254278832605,0.012467068489937052,False,False,True,False,,released_profile_fit,1.2119919869885727,2.7599582399001448,2.9107470315173063,0.004898598097402228,0.010210537091720356,25.493463912311352,38.03451673492067,True,0.9819376805749063,0.0,9.99644811372491e-13,3.5715903849927666,20.033059393187873,True,419164.73422503454,381987.57502148964,281027.46380930697,456.59869709419917,639.7744195559001,6855.924073031237,333770.26233709883,329065.53397367796,0.02054084754293341,297.7617018276766,224.60611566882892,256.97366187699544,-8.354523808114408,-7.853893081710378,-125.44490656517875,355.74379245472124,347.8649349976354,-0.35262711318046475,3827.6341576840573,3454.090013551882,2488.637249564971,28.39349501751368,40.28546119679382,426.3342126180097,2569.293767000343,2644.707194099409,0.16593439726269837,163.30091371917592,151.61952057630674,104.18410509454145,1.4648440173409174,1.6896248955799003,21.99493652880809,108.73961438813879,110.09766500228677,0.20227160683408932,True,flat_top_power,4116.672283573368,-1.289166155199359,48.065156255779556,2.1840176337598978,True,True,True
state_transition,PeMS::D12_I5_S::L5S-181,2025-10-01,2025-10-01 16:05:00,2025-10-01 16:15:00,2025-10-01 16:40:00,2025-10-01 16:35:00,49.62631578947369,post_qc,0,49.62631578947369,49.62631578947369,49.6578947368421,post_qc,0,49.6578947368421,49.6578947368421,193,195,199,PM,PM,35.0,44.826315789473696,47.04812030075188,69.6162044120217,48.73134308841519,624.8815789473684,1094.086814582362,0.5711444198200123,1080.3157894736842,15.0,0.5,-5.684210526315837,4.831578947368406,False,0,5,193,199,speed_mph,True,D12_I5_S,S,92.0,0.4107,False,PeMS_average_weekday,state_transition__PeMS::D12_I5_S::L5S-181__2025-10-01__151,1094.086814582362,69.6162044120217,0.4107,PeMS_average_weekday,L5S-181,4,False,PM,measured,0.5833333333333334,624.8815789473683,0.5711444198200122,48.73134308841519,44.826315789473696,2025-10-01 16:05:00,2025-10-01 16:15:00,2025-10-01 16:40:00,1071.225563909774,0.005899488538175433,0.0032625403452342158,0.002844878488348628,0.8719826231434376,220.0,53.60268360550455,19.984550993632865,5.355714117241382,0.001762441282775258,False,False,False,False,False,False,,0.5530208803902922,0,False,False,False,False,False,True,0,False,D12_I5,released_monthly_average_weekday,2025-10,corridor_period,1.0469665074095273,0.9737926137278072,0.6837686791053256,0.30247741545393975,0.787935820366546,0.5462975669925602,0.2945502729885238,0.6068114681659521,0.0034681848219203434,0.002732707052842609,0.003427036121920669,43.84226309058677,1029.7787891781807,0.9412221913772638,37.14482305952405,27.723346198956847,0.0051572339381130965,False,False,True,False,,released_profile_fit,0.5878788982261449,0.5711444198200122,0.6392321790138688,0.002606756354998462,0.004058631094225551,41.24274310655186,48.282180372112094,True,0.957528071952057,-1.3875158332229816e-13,3.3506530883187224e-13,3.71555357311389,46.967378971426335,True,57270.32489314698,53142.53642234376,61696.769771121035,-2731.7936877912775,-2794.252077420163,-4664.860887581105,71334.3012559871,69494.5158870576,-0.06539435875093236,60.26206173582922,50.55537257000762,68.1914861659507,-14.87583642444784,-14.532663186443738,-25.402250476157885,86.46172634619356,83.46857776338766,-0.29379763219678307,566.1563414102976,501.0982943264272,531.6903867991894,42.022903350335746,32.06464521713308,71.75907869531615,569.941971209066,528.9580679885642,0.1259059383591062,21.547655836797322,19.74191044288092,21.303581705376892,1.488381118178883,1.3345727759529653,2.5415868317715318,22.707489840888567,21.975924562208412,0.11192724733470923,True,flat_top_power,-4780.176942776092,-18.764980743501564,26.291597604688487,1.3820344777722848,True,True,True
state_transition,PeMS::D12_I5_S::L5S-185,2025-10-01,2025-10-01 06:15:00,2025-10-01 08:35:00,2025-10-01 10:30:00,2025-10-01 10:25:00,52.0608695652174,post_qc,0,52.0608695652174,52.0608695652174,51.26521739130435,post_qc,0,51.26521739130435,51.26521739130435,75,103,125,AM;MD,AM,255.0,13.386956521739128,26.48687127024723,72.20558997995316,50.54391298596721,4761.4,1432.9152302351267,3.3228762592039045,1187.2695652173911,105.0,0.75,196.79999999999995,37.87826086956522,True,0,1,75,125,speed_mph,True,D12_I5_S,S,68.0,0.1864,False,PeMS_average_weekday,state_transition__PeMS::D12_I5_S::L5S-185__2025-10-01__152,1432.9152302351267,72.20558997995316,0.1864,PeMS_average_weekday,L5S-185,5,False,AM,measured,4.25,4761.4,3.3228762592039045,50.54391298596721,13.386956521739128,2025-10-01 06:15:00,2025-10-01 08:35:00,2025-10-01 10:30:00,1120.3294117647058,0.0025815175812807746,0.01134248371784232,0.005594386938430482,0.493224154215026,220.0,17.640728646138935,63.508114332335964,7.159025574935606,0.007984939379713169,False,False,False,False,False,False,,4.393727085218977,0,False,False,False,False,False,True,0,False,D12_I5,released_monthly_average_weekday,2025-10,corridor_period,1.1194930392880404,1.0308417618895644,0.4819823587442288,0.8871068054286773,0.7812577427578122,0.4162101745548738,0.9144667422923207,3.8602904487489624,0.004123830518652048,0.003221774522517877,0.004491116554858248,27.798705931742376,1233.430505609511,0.8607840014423728,25.85281260579215,47.70972212644938,0.00462852965196449,False,False,True,False,,released_profile_fit,1.5974442895740737,3.7037741457921043,3.9921789111950927,0.0025138351400955695,0.006784233981162925,19.90230038353323,36.582447210524634,True,0.9923691579038927,0.0,9.99644811372491e-13,3.5715903849927666,22.79870068817572,True,302177.409222187,269848.1248217097,239248.9429623214,737.0033146907936,-403.04017215344993,11305.746712765627,264705.6677877856,252795.18185611707,0.042710633313032945,220.55671869901278,158.66887590077184,208.27368532113118,-7.464424459403361,-9.880348582792234,-114.5054447007375,258.4766000798794,231.82019357172422,-0.44300120268276055,2710.0040910553003,2440.07861530557,2114.6768356597977,34.21372861834767,37.79370252837528,524.8439757976186,2185.908414974373,2208.6871869129245,0.24010336947432068,116.18444309513147,107.10883282415999,89.99644091579287,1.7199963371590719,1.5806482826911619,26.3850142152529,93.62310062025185,91.4516238725451,0.281821623514416,True,flat_top_power,1983.9653625281585,-5.320168557747048,43.28146061083803,1.88365827304479,True,True,True
state_transition,PeMS::D12_I5_S::L5S-185,2025-10-01,2025-10-01 15:40:00,2025-10-01 17:20:00,2025-10-01 18:30:00,2025-10-01 18:25:00,51.31818181818182,post_qc,0,51.31818181818182,51.31818181818182,51.40434782608696,post_qc,0,51.40434782608696,51.40434782608696,188,208,221,MD;PM,PM,170.0,26.45217391304348,39.576877470355726,72.20558997995316,50.54391298596721,3941.825296442688,1432.9152302351267,2.750913112840509,1340.5565217391304,60.0,0.8181818181818182,78.99130434782592,24.95217391304348,True,0,9,188,221,speed_mph,True,D12_I5_S,S,68.0,0.1864,False,PeMS_average_weekday,state_transition__PeMS::D12_I5_S::L5S-185__2025-10-01__153,1432.9152302351267,72.20558997995316,0.1864,PeMS_average_weekday,L5S-185,5,False,PM,measured,2.833333333333333,3941.8252964426874,2.750913112840509,50.54391298596721,26.45217391304348,2025-10-01 15:40:00,2025-10-01 17:20:00,2025-10-01 18:30:00,1391.2324575680075,0.0025815175812807746,0.00446516223462981,0.0022691646907690727,0.5081931118135958,220.0,54.20243255159268,25.6673435503796,7.159025574935606,0.0008574424658088992,False,False,False,False,False,False,,1.7296656304058555,0,False,False,False,False,False,True,0,False,D12_I5,released_monthly_average_weekday,2025-10,corridor_period,1.0469665074095273,0.9737926137278072,0.6837686791053256,0.30247741545393975,0.787935820366546,0.5462975669925602,0.2945502729885238,2.8047368600581537,0.002411357166230774,0.0018999946869707946,0.002418767481289897,37.33320169765962,1405.417154306931,0.9808096980561205,59.33542492805677,23.685971003173506,0.0005599447108660663,False,True,False,False,queue_exceeds_link,released_profile_fit,0.9340851225326235,2.750913112840509,2.863488211784561,0.0018998439456834038,0.0034849335524685357,30.726406977513548,41.59450178058816,False,,,,,38.42758390382665,False,186407.19097442104,185958.64779260792,,,,,,,,183.05841200191304,176.9055328307097,,,,,,,,1732.1058307747892,1753.464691326733,,,,,,,,69.35978636250528,69.08174163206398,,,,,,,,False,,-4802.404413354183,-18.926094208612017,25.913705412568955,1.460291639395574,False,True,True
state_transition,PeMS::D12_I5_S::L5S-187,2025-10-01,2025-10-01 00:50:00,2025-10-01 01:10:00,2025-10-01 01:30:00,2025-10-01 01:25:00,49.66000000000001,post_qc,0,49.66000000000001,49.66000000000001,46.56000000000001,post_qc,0,46.56000000000001,46.56000000000001,10,14,17,NT,NT,40.0,44.12999999999999,46.190000000000005,65.691,45.9837,166.16000000000005,1323.528,0.1255432450239058,251.16000000000005,10.0,0.0,-3.5999999999999943,2.430000000000021,False,0,0,10,17,speed_mph,True,D12_I5_S,S,85.0,0.2206,False,PeMS_average_weekday,state_transition__PeMS::D12_I5_S::L5S-187__2025-10-01__154,1323.528,65.691,0.2206,PeMS_average_weekday,L5S-187,5,False,NT,measured,0.6666666666666666,166.16,0.1255432450239058,45.9837,44.12999999999999,2025-10-01 00:50:00,2025-10-01 01:10:00,2025-10-01 01:30:00,249.24,0.0033581464736417467,0.0016407205102694257,0.001421854987272738,0.8666040184011916,220.0,1.3667106985695983,182.36485619147857,6.6225334827488185,0.1580512873084164,True,False,False,False,False,False,,0.48857919782460946,2,True,False,True,False,True,False,2,True,D12_I5,released_monthly_average_weekday,2025-10,corridor_all_periods,1.0884668732713347,1.0357878232411757,0.5647231368289346,0.6287442318822004,0.7854871194024728,0.46786655783457515,0.6512456193167093,0.12686924105464362,0.0005178162653886339,0.0004067380066798644,0.0014696666962150792,56.91489182251163,1309.6949159523508,0.9895483253488786,58.89823521349174,22.236573153763032,0.00038729681851087575,False,True,False,True,queue_exceeds_link,released_profile_fit,0.15419704573728354,0.1255432450239058,0.1476418801556435,0.00028752064434093487,0.00101508817714481,50.44321520798037,60.510187321138645,False,,,,,46.15061351002097,False,8261.786256094449,7724.505587162574,,,,,,,,8.6118905580039,7.348449738539717,,,,,,,,81.30495759643595,72.83688048835157,,,,,,,,3.1046142654057274,2.869575067048921,,,,,,,,False,,,,,,False,False,False
state_transition,PeMS::D12_I5_S::L5S-187,2025-10-01,2025-10-01 06:15:00,2025-10-01 07:10:00,2025-10-01 08:45:00,2025-10-01 08:40:00,48.47,post_qc,0,48.47,48.47,46.92999999999999,post_qc,0,46.92999999999999,46.92999999999999,75,86,104,AM,AM,150.0,39.59,42.44300000000001,65.691,45.9837,2664.8,1323.528,2.0134065920781428,1074.0,85.0,0.4375,-0.7200000000000273,7.339999999999989,False,0,2,75,104,speed_mph,True,D12_I5_S,S,85.0,0.2206,False,PeMS_average_weekday,state_transition__PeMS::D12_I5_S::L5S-187__2025-10-01__155,1323.528,65.691,0.2206,PeMS_average_weekday,L5S-187,5,False,AM,measured,2.5,2664.7999999999997,2.0134065920781423,45.9837,39.59,2025-10-01 06:15:00,2025-10-01 07:10:00,2025-10-01 08:45:00,1065.9199999999998,0.0033581464736417467,0.0022139676966032636,0.0018473888993352906,0.8344245050050236,220.0,18.052215721593228,59.04649138027946,6.6225334827488185,0.008861960099543528,True,False,False,False,False,False,,0.6592826471331142,0,False,False,False,False,False,True,0,False,D12_I5,released_monthly_average_weekday,2025-10,corridor_period,1.1194930392880404,1.0308417618895644,0.4819823587442288,0.8871068054286773,0.7812577427578122,0.4162101745548738,0.9144667422923207,2.303173560219192,0.0033927607029633692,0.0026506205685145703,0.0036487664635884384,32.677089793868994,1157.0122399921922,0.874187958239034,25.54584698892153,45.29159829752186,0.00527730805231966,False,False,True,True,,released_profile_fit,1.0103075400651256,2.247074735705589,2.3748478610766406,0.0025002634614187673,0.004532176445960029,27.958302678210348,37.65526887899443,True,0.9894775177046301,-5.917044632042234e-13,9.99644811372491e-13,3.5715903849927666,42.37796579871076,True,136075.67451173917,134910.63934250857,149015.5414223366,-265.9847634418194,-60.641637131221614,-1878.7497802958546,182606.2139721955,167159.00940075688,-0.010288531476710439,131.08235443087779,128.34271931271218,138.70165282789884,-9.37208961017517,-9.156659735991107,-66.19857118199606,205.34681336179347,173.40735873185847,-0.3223744751537151,1290.4784955080581,1272.116383827607,1328.8683968070754,29.121547022031976,38.772478838393106,205.6963690759885,1415.0156599109403,1372.3425184550117,0.1453668499251343,50.627584121016525,50.11792697519399,55.026160583560475,1.5307760871249911,1.5765764072724475,10.812443540576337,59.76437644011635,57.11853241155434,0.1809178675428892,True,flat_top_power,2082.9536279225026,-5.08852575500455,43.62618461795125,1.867158722932342,True,True,True
state_transition,PeMS::D12_I5_S::L5S-187,2025-10-01,2025-10-01 18:50:00,2025-10-01 20:50:00,2025-10-02 00:00:00,2025-10-01 23:55:00,46.150000000000006,post_qc,0,46.150000000000006,46.150000000000006,45.25000000000001,post_qc,0,45.25000000000001,45.25000000000001,226,250,287,PM;NT,NT,310.0,29.5,40.35274193548386,65.691,45.9837,3289.38,1323.528,2.485311984332784,530.8800000000001,130.0,0.4,-172.07999999999998,15.750000000000009,False,0,2,226,287,speed_mph,True,D12_I5_S,S,85.0,0.2206,False,PeMS_average_weekday,state_transition__PeMS::D12_I5_S::L5S-187__2025-10-01__156,1323.528,65.691,0.2206,PeMS_average_weekday,L5S-187,5,False,NT,measured,5.166666666666667,3289.3799999999997,2.485311984332783,45.9837,29.5,2025-10-01 18:50:00,2025-10-01 20:50:00,2025-10-02 00:00:00,636.654193548387,0.0033581464736417467,0.004119819628053168,0.0023106498319181118,0.560861892152792,220.0,5.139884684406731,123.86546248398422,6.6225334827488185,0.03956110435493256,True,True,False,False,False,True,day_boundary_censored,1.226813559322034,2,True,False,True,False,True,False,2,True,D12_I5,released_monthly_average_weekday,2025-10,corridor_all_periods,1.0884668732713347,1.0357878232411757,0.5647231368289346,0.6287442318822004,0.7854871194024728,0.46786655783457515,0.6512456193167093,2.7947692256630403,0.0036188673081230718,0.0028425736573573727,0.005325521823115566,31.618111544592615,1176.977322419033,0.889272703274153,27.839740364216677,42.276878556376204,0.004565777999574401,False,False,True,True,,released_profile_fit,1.077638315221726,2.742017928584441,2.855753649779555,0.0026852141035574604,0.005059327066291014,26.207389121755817,36.50287921085588,False,,,,,38.91478686288997,False,171234.7327129032,181351.46916034006,,,,,,,,156.08040308004448,172.52264770833247,,,,,,,,1599.5321330134786,1710.0221025887984,,,,,,,,64.55965762485991,67.37022174468531,,,,,,,,False,,6664.91808605093,3.4700957477560546,53.62351981549996,2.581949315793952,False,False,False
state_transition,PeMS::D12_I5_S::L5S-196,2025-10-01,2025-10-01 07:10:00,2025-10-01 07:35:00,2025-10-01 08:55:00,2025-10-01 08:50:00,53.16842105263158,post_qc,0,53.16842105263158,53.16842105263158,52.01052631578946,post_qc,0,52.01052631578946,52.01052631578946,86,91,106,AM,AM,105.0,36.64736842105263,44.29849624060151,71.96369039654232,50.37458327757962,2456.663157894737,1478.0165238223906,1.662135110331113,1374.8210526315788,60.0,0.4545454545454545,-82.10526315789457,15.36315789473683,False,0,7,86,106,speed_mph,True,D12_I5_S,S,76.0,0.1106,False,PeMS_average_weekday,state_transition__PeMS::D12_I5_S::L5S-196__2025-10-01__157,1478.0165238223906,71.96369039654232,0.1106,PeMS_average_weekday,L5S-196,5,False,AM,measured,1.75,2456.6631578947367,1.6621351103311126,50.37458327757962,36.64736842105263,2025-10-01 07:10:00,2025-10-01 07:35:00,2025-10-01 08:55:00,1403.8075187969923,0.0015368861628768564,0.0014810658692931853,0.0009954344880377312,0.6721068310842827,220.0,45.94658025912091,30.553035957846305,7.410029112341078,0.0008702570755591462,False,False,False,False,False,False,,0.9636796173119403,0,False,False,False,False,False,True,0,False,D12_I5,released_monthly_average_weekday,2025-10,corridor_period,1.1194930392880404,1.0308417618895644,0.4819823587442288,0.8871068054286773,0.7812577427578122,0.4162101745548738,0.9144667422923207,1.890137764395291,0.0013030229729341337,0.0010179967865960953,0.001216952284194162,38.94490799207069,1299.7270379816432,0.8793724677856363,29.142561258023694,44.59892960244855,0.002258250408022484,False,False,True,False,,released_profile_fit,0.8478331085335816,1.835607501792497,1.9677184540455526,0.0010202958036807373,0.0016398548790033966,34.81555422796085,43.25073890732224,True,0.9950756347931653,0.0,9.99644811372491e-13,3.5715903849927666,43.675353656360635,True,69649.96724955428,60503.498588048926,67891.86731019418,-830.3866207663826,-1211.5189422257995,-2076.6933066899014,75759.93837121339,76196.42698678115,-0.027411496779661922,76.29927162540527,57.557977447641775,71.5114795949048,-10.445571716017895,-11.444806597348618,-26.12307125948566,88.44549655575521,88.50372330577805,-0.2953578449640782,624.8567438940114,570.5072054202035,600.2334350314707,26.256072532898006,35.880120306021766,65.66316065968253,575.8908686911573,588.7154037412291,0.11402014553367892,24.681268373492447,22.47643283552469,23.946772111581716,1.4242979914316822,1.49163449493123,3.561991524873313,24.215455598698018,24.331067927697607,0.1470957880744903,True,flat_top_power,-4133.693055063522,-17.352177285869274,28.267436800080027,1.342636396967011,True,True,True
state_transition,PeMS::D12_I5_S::L5S-197,2025-10-01,2025-10-01 07:10:00,2025-10-01 08:20:00,2025-10-01 09:20:00,2025-10-01 09:15:00,44.230769230769226,post_qc,0,44.230769230769226,44.230769230769226,43.93076923076922,post_qc,0,43.93076923076922,43.93076923076922,86,100,111,AM,AM,130.0,32.90769230769231,36.98224852071006,61.52069318958189,43.06448523270732,2385.876923076923,1235.4422522967784,1.9311925900554248,1071.784615384615,50.0,0.6666666666666666,148.43076923076933,11.023076923076914,True,0,0,86,111,speed_mph,True,D12_I5_S,S,71.0,0.1734,False,PeMS_average_weekday,state_transition__PeMS::D12_I5_S::L5S-197__2025-10-01__158,1235.4422522967784,61.52069318958189,0.1734,PeMS_average_weekday,L5S-197,5,False,AM,measured,2.1666666666666665,2385.876923076923,1.9311925900554248,43.06448523270732,32.90769230769231,2025-10-01 07:10:00,2025-10-01 08:20:00,2025-10-01 09:20:00,1101.1739644970414,0.0028185638199109907,0.002450720892571477,0.0018835831465052592,0.7685832981694071,220.0,26.338253897634633,41.80892054487845,6.179736762717004,0.0037650161195159197,True,False,False,False,False,False,,0.8694927804220769,0,False,False,False,False,False,True,0,False,D12_I5,released_monthly_average_weekday,2025-10,corridor_period,1.1194930392880404,1.0308417618895644,0.4819823587442288,0.8871068054286773,0.7812577427578122,0.4162101745548738,0.9144667422923207,2.206288740601437,0.002741095860939285,0.002141502365000208,0.002697382120139459,31.18895938851437,1081.3983134530843,0.8753127161084906,24.026268172033127,45.009000386994984,0.004398537011496516,False,False,True,True,,released_profile_fit,0.97251509494855,2.151205957273311,2.2773854587078133,0.0020421832763858295,0.0036066914700931705,26.987260992824293,35.67352956626056,True,0.9911253033738409,-2.6488554939218235e-13,9.99644811372491e-13,3.5715903849927666,36.87677166163889,True,105767.8495394709,109108.95951669916,104974.90083603132,1219.9969940373662,564.037523058447,6233.405150961284,112790.56208811977,118655.35147991263,0.055265307979326474,98.12022335184463,103.79715516878089,93.34151191051028,-6.695753950325299,-7.933130242017306,-34.211024590646446,106.23970490680165,118.69934877518975,-0.3220173156604485,990.6895908203815,1028.8239363479338,937.2912380579751,39.628143525376196,40.291612296550234,202.47449393842302,865.9070769342501,989.6781297603336,0.23382935574944758,39.550414817124235,40.53286599224003,39.35380003742763,1.6310242916229234,1.6352843869907716,8.333492025336842,38.59371142003521,41.3360802183817,0.21592875415995008,True,flat_top_power,-36.38234885663542,-9.075536615895912,38.92403782012598,1.555890711889437,True,True,True
state_transition,PeMS::D12_I5_S::L5S-220,2025-10-01,2025-10-01 07:35:00,2025-10-01 07:50:00,2025-10-01 09:05:00,2025-10-01 09:00:00,48.96521739130435,post_qc,0,48.96521739130435,48.96521739130435,50.286956521739135,post_qc,0,50.286956521739135,50.286956521739135,91,94,108,AM,AM,90.0,40.978260869565226,44.93502415458938,68.11883393091487,47.68318375164041,1427.4076086956522,1021.609004590254,1.3972151794689354,940.5,65.0,0.4166666666666667,-29.673913043478365,9.30869565217391,False,0,5,91,108,speed_mph,True,D12_I5_S,S,73.0,0.0298,False,PeMS_average_weekday,state_transition__PeMS::D12_I5_S::L5S-220__2025-10-01__159,1021.609004590254,68.11883393091487,0.0298,PeMS_average_weekday,L5S-220,8,False,AM,measured,1.5,1427.407608695652,1.3972151794689351,47.68318375164041,40.978260869565226,2025-10-01 07:35:00,2025-10-01 07:50:00,2025-10-01 09:05:00,951.605072463768,0.0004374707886254002,0.00028974406548600554,0.00022759023136256396,0.7854871194024728,220.0,32.763256982948974,29.044886256546874,4.983396641276875,0.0004720846934656768,True,False,False,False,False,False,,0.6623163717889039,0,False,False,False,False,False,True,0,False,D12_I5,released_monthly_average_weekday,2025-10,corridor_period,1.1194930392880404,1.0308417618895644,0.4819823587442288,0.8871068054286773,0.7812577427578122,0.4162101745548738,0.9144667422923207,1.5803921679788668,0.00031645056070799465,0.00024722945075317194,0.00030212868194072506,39.52666949456821,903.1983564694175,0.8840939659020247,23.303241947397595,38.758485128730456,0.0008413212381349765,False,False,True,True,,released_profile_fit,0.7233638655104961,1.5237184578137961,1.6672315981441794,0.00025793756344783577,0.0003925610699294253,35.902236735686465,42.8525200066318,True,0.9985696818766248,-1.5847407926990487e-13,9.99644811372491e-13,3.5715903849927666,44.80791852834691,True,9783.95851700456,9232.635288992198,10519.061759050102,-183.45950803354285,433.66319649647016,-64.74234653306723,12808.673162292642,12396.14809104194,-0.005054570892140627,9.958792698109624,8.783158431289174,11.03050422668462,-9.58323067367483,-8.233864513841661,-3.3818952630568315,15.56662224011477,14.777460826713924,-0.21725299238917598,91.82531435605488,87.05752692501855,93.04637117438561,25.00431792721463,39.84958238613569,8.82395376188807,93.21061269113937,92.98440826091364,0.09466683575106333,3.592569919120915,3.4298298744813143,3.717928166273362,1.3376712633686225,1.654039339842533,0.4720604421576393,3.8879408443208954,3.872717615998485,0.12141657012276222,True,flat_top_power,-1879.7901787746482,-12.700374391375295,34.401898108862554,1.3923776827731362,True,True,True
state_transition,PeMS::D12_I5_S::L5S-223,2025-10-01,2025-10-01 07:40:00,2025-10-01 08:00:00,2025-10-01 09:20:00,2025-10-01 09:15:00,50.99473684210526,post_qc,0,50.99473684210526,50.99473684210526,49.97647058823531,post_qc,0,49.97647058823531,49.97647058823531,92,96,111,AM,AM,100.0,46.80555555555557,49.21375472996216,71.45947368421052,50.02163157894736,1704.5250472996213,1127.7990789473686,1.5113729733584638,1002.2368421052632,45.0,0.5,-31.383900928792627,3.170915032679737,False,0,0,92,111,speed_mph,True,D12_I5_S,S,57.0,0.2206,False,PeMS_average_weekday,state_transition__PeMS::D12_I5_S::L5S-223__2025-10-01__160,1127.7990789473686,71.45947368421052,0.2206,PeMS_average_weekday,L5S-223,8,False,AM,measured,1.6666666666666667,1704.5250472996215,1.511372973358464,50.02163157894736,46.80555555555557,2025-10-01 07:40:00,2025-10-01 08:00:00,2025-10-01 09:20:00,1022.7150283797729,0.0030870644384376864,0.0016260512885652796,0.001398014980288395,0.859760691510482,220.0,29.379425655341922,34.81058616929829,5.522535047898195,0.0044215915369349755,True,False,False,False,False,False,,0.5267305950335776,0,False,False,False,False,False,True,0,False,D12_I5,released_monthly_average_weekday,2025-10,corridor_period,1.1194930392880404,1.0308417618895644,0.4819823587442288,0.8871068054286773,0.7812577427578122,0.4162101745548738,0.9144667422923207,1.7136620817475428,0.002399349219829159,0.0018745101555714468,0.0023408865869999317,40.20841550428908,994.6681235785975,0.8819550770576716,24.935765913039596,39.88921483492345,0.0057596660277254635,False,False,True,True,,released_profile_fit,0.7772268016029594,1.6574802461067988,1.796525038000452,0.0019535480980591015,0.0029925342546801323,36.28528993365617,43.76452285393666,True,0.9899986202705229,-1.8924029535623238e-13,9.99644811372491e-13,3.5715903849927666,49.18530518745152,True,102278.97983521079,95847.00817837061,92713.37979945258,-402.3876103786793,-136.8898898115972,-1285.6885767709186,107193.34384094909,109035.77712890736,-0.01199410831589126,129.1499320484342,121.27951802157844,98.79327600837934,-10.003502549358226,-9.359320918717358,-31.962686284761663,127.70875779199277,131.4730862964289,-0.2502779514684599,905.7911189194132,1039.8751207596126,813.2580307785778,23.845070060463648,38.440204319120944,76.1885639574969,787.2805894835465,814.2576609329888,0.09677434573545926,35.12823867681195,37.02426540245309,32.50474525103546,1.294172579226915,1.6058446920150113,4.135074884428807,32.919308612244166,33.71700551045838,0.12561244627388035,True,flat_top_power,-1250.9822401556748,-11.515110822188914,35.80340506468856,1.4831486514519945,True,True,True
state_transition,PeMS::D12_I5_S::L5S-240,2025-10-01,2025-10-01 07:15:00,2025-10-01 08:45:00,2025-10-01 09:25:00,2025-10-01 09:20:00,48.84347826086957,post_qc,0,48.84347826086957,48.84347826086957,49.58260869565217,post_qc,0,49.58260869565217,49.58260869565217,87,105,112,AM,AM,130.0,35.60000000000001,42.06923076923077,69.99232511424623,48.99462757997236,1832.079710144928,1028.7044111003995,1.7809583495274042,864.0,30.0,0.6,56.086956521739125,13.98260869565216,True,0,4,87,112,speed_mph,True,D12_I5_S,S,95.0,0.2454,False,PeMS_average_weekday,state_transition__PeMS::D12_I5_S::L5S-240__2025-10-01__161,1028.7044111003995,69.99232511424623,0.2454,PeMS_average_weekday,L5S-240,6,False,AM,measured,2.1666666666666665,1832.0797101449273,1.7809583495274037,48.99462757997236,35.60000000000001,2025-10-01 07:15:00,2025-10-01 08:45:00,2025-10-01 09:25:00,845.5752508361203,0.003506098698670768,0.0033871597282955227,0.0023606307941052727,0.6969351856616407,220.0,16.5005746598881,51.24520013788748,5.010673779513409,0.011366110606654375,True,False,False,False,False,False,,0.9660765481529834,0,False,False,False,False,False,True,0,False,D12_I5,released_monthly_average_weekday,2025-10,corridor_period,1.1194930392880404,1.0308417618895644,0.4819823587442288,0.8871068054286773,0.7812577427578122,0.4162101745548738,0.9144667422923207,2.0295780821535434,0.003166336197008834,0.0024737246700874773,0.003355357034824002,36.77817825677046,902.6899365216564,0.8775017651144841,22.65412912902019,39.846596237738424,0.007326363613272175,False,False,True,True,,released_profile_fit,0.9030938570580614,1.9754117380369405,2.102121598907048,0.0024187606162611027,0.004043851538557395,32.503546494126944,41.41870754440258,True,0.9888559538395372,0.0,9.99644811372491e-13,3.5715903849927666,41.82909750691108,True,108944.75685929583,104533.7686183992,115763.79567685601,383.3432854021081,542.6532463478115,1737.3350677255578,134160.88412339552,132729.93538878622,0.01294963937571871,109.8173472807562,99.44470050601826,119.43655664747807,-8.4951507488589,-8.042647475203042,-38.500539499801654,156.41509383722507,153.9299269426562,-0.24614337756858443,1055.2045271855193,985.6829703779321,1036.7621875297295,28.00559972758812,40.05333085956919,126.92308004922369,994.9740538331921,1011.4217245714002,0.1275642109060488,40.76286339644591,38.833229221885475,41.28426234720152,1.450288946608877,1.6794912937816135,6.572797649593331,41.710559317742074,42.051993590615304,0.15758114389028377,True,flat_top_power,2421.3100805230633,-4.477800429632844,44.30580683239621,1.9344900279217483,True,True,True
state_transition,PeMS::D12_I5_S::L5S-252,2025-10-01,2025-10-01 07:35:00,2025-10-01 08:35:00,2025-10-01 09:30:00,2025-10-01 09:25:00,48.2,post_qc,0,48.2,48.2,48.09047619047619,post_qc,0,48.09047619047619,48.09047619047619,91,103,113,AM,AM,115.0,43.19999999999999,44.800683229813664,67.85539823865251,47.49877876705676,2467.7559163059163,1339.2537081644766,1.8426351192920092,1228.190476190476,45.0,0.25,-113.33333333333304,4.8904761904762,False,0,1,91,113,speed_mph,True,D12_I5_S,S,52.0,1.3005,False,PeMS_average_weekday,state_transition__PeMS::D12_I5_S::L5S-252__2025-10-01__162,1339.2537081644766,67.85539823865251,1.3005,PeMS_average_weekday,L5S-252,6,False,AM,measured,1.9166666666666667,2467.7559163059163,1.8426351192920094,47.49877876705676,43.19999999999999,2025-10-01 07:35:00,2025-10-01 08:35:00,2025-10-01 09:30:00,1287.524825898739,0.019165755912684268,0.010938410753982407,0.00988494984820516,0.9036915938274024,220.0,46.86668061020216,27.47207203785763,6.687470433650077,0.008583168975264828,False,False,False,False,False,False,,0.5707268110799196,0,False,False,False,False,False,True,0,False,D12_I5,released_monthly_average_weekday,2025-10,corridor_period,1.1194930392880404,1.0308417618895644,0.4819823587442288,0.8871068054286773,0.7812577427578122,0.4162101745548738,0.9144667422923207,2.102070894131418,0.01785581852508932,0.013949996476004412,0.016451522599055877,35.128165664210194,1173.964171805728,0.8765808633934735,26.409003472271433,44.45317950139054,0.030078813325434897,False,False,True,False,,released_profile_fit,0.9316521929235254,2.0472964090495416,2.172435146070025,0.013537136650484099,0.023057991638204788,30.800218602549062,39.767134607257844,True,0.9393230076697902,-2.739759437437779e-13,9.99644811372491e-13,3.5715903849927666,44.76655440677264,True,713632.5156154791,697228.3990462604,848775.5839641237,-276.8006063554358,-383.5076552064688,-9528.91245173316,965516.5715242886,909603.1964567038,-0.009869237600644797,701.8599444080464,663.284891034169,861.8766013248612,-9.392661147417108,-9.796084507747192,-323.3441101917425,1111.8357305305271,993.3188384301867,-0.29082003870972434,6832.938965399898,6574.393791470027,7674.242201038944,29.066634867606503,37.96791676382824,1000.6243214809261,7392.155041543643,7265.9722000346665,0.13536300522073114,266.18939830119314,259.0132413479832,305.15241633862513,1.5287356077363892,1.5510455180856497,52.62700815496632,311.3492375157815,301.8627837841219,0.1690288647400294,True,flat_top_power,-4159.8325824659105,-17.312868585278252,28.453147882275246,1.2783322434035471,True,True,True
state_transition,PeMS::D12_I5_S::L5S-260,2025-10-01,2025-10-01 06:30:00,2025-10-01 08:45:00,2025-10-01 10:05:00,2025-10-01 10:00:00,49.95384615384616,post_qc,0,49.95384615384616,49.95384615384616,49.80833333333333,post_qc,0,49.80833333333333,49.80833333333333,78,105,120,AM;MD,AM,215.0,41.55384615384616,45.31641323792487,70.76238617560196,49.53367032292137,4131.2425213675215,1313.9823422371153,3.144062434152571,1175.128205128205,70.0,0.3846153846153846,-31.756410256410163,8.254487179487171,False,0,4,78,120,speed_mph,True,D12_I5_S,S,62.0,0.2169,False,PeMS_average_weekday,state_transition__PeMS::D12_I5_S::L5S-260__2025-10-01__163,1313.9823422371153,70.76238617560196,0.2169,PeMS_average_weekday,L5S-260,6,False,AM,measured,3.583333333333333,4131.242521367521,3.1440624341525703,49.53367032292137,41.55384615384616,2025-10-01 06:30:00,2025-10-01 08:45:00,2025-10-01 10:05:00,1152.9048896839593,0.0030651877603695703,0.002154545671692628,0.0017309818002458548,0.8034091934036292,220.0,26.64948146907234,43.26181321846528,6.52323592698764,0.00507380737361531,True,False,False,False,False,False,,0.7029082197016387,0,False,False,False,False,False,True,0,False,D12_I5,released_monthly_average_weekday,2025-10,corridor_period,1.1194930392880404,1.0308417618895644,0.4819823587442288,0.8871068054286773,0.7812577427578122,0.4162101745548738,0.9144667422923207,3.646330776874793,0.004654945093313167,0.0036367118962633985,0.00458353108634113,28.095371428295067,1132.986219343583,0.8622537631781426,24.46245647980278,46.315308533262936,0.005801460614828631,False,False,True,True,,released_profile_fit,1.5186492499734892,3.5148909763194056,3.764746981882956,0.0029207886114469743,0.007480243233815481,20.568167702137835,36.23481646442408,True,0.9908809385898906,0.0,9.99644811372491e-13,3.5715903849927666,45.22358879492331,True,206296.08886172602,192704.29656836324,239893.71472068492,-297.9506137206996,14.336772709792967,-4476.451383178125,256580.03826610683,260517.29746010917,-0.017446608136114875,215.2845201894793,183.32277991832404,208.82942923033076,-9.803016946979985,-9.061472321379917,-147.28188750355469,236.96994217169487,246.02375091303134,-0.6215213885516445,2031.291761361398,1817.0716119447507,2119.18010049444,24.39807519908574,38.81250594251866,366.56006882473355,2077.814159722274,2233.812479733829,0.17641619540879871,77.53355687187695,71.58768137403871,90.19401284042135,1.3149230990627478,1.6189309091644928,19.75558718294854,89.02529623872888,92.69396137837353,0.2219098168454532,True,flat_top_power,-559.6129387894184,-10.166143122021463,37.47044000815424,1.5516671227347447,True,True,True
state_transition,PeMS::D12_I5_S::L5S-262,2025-10-01,2025-10-01 06:20:00,2025-10-01 08:55:00,2025-10-01 10:10:00,2025-10-01 10:05:00,49.95652173913045,post_qc,0,49.95652173913045,49.95652173913045,49.304347826086975,post_qc,0,49.304347826086975,49.304347826086975,76,107,121,AM;MD,AM,230.0,43.26521739130436,47.00207939508507,70.57580909049022,49.40306636334316,5228.060869565218,1571.54239453184,3.326706863114977,1485.0782608695652,70.0,0.6923076923076923,146.5043478260868,6.039130434782614,True,0,0,76,121,speed_mph,True,D12_I5_S,S,67.0,0.1299,False,PeMS_average_weekday,state_transition__PeMS::D12_I5_S::L5S-262__2025-10-01__164,1571.54239453184,70.57580909049022,0.1299,PeMS_average_weekday,L5S-262,5,False,AM,measured,3.8333333333333335,5228.060869565217,3.326706863114977,49.40306636334316,43.26521739130436,2025-10-01 06:20:00,2025-10-01 08:55:00,2025-10-01 10:10:00,1363.8419659735348,0.001840574010755527,0.0011618378071522196,0.0009265206301909782,0.7974612501739573,220.0,28.178290850527397,48.40045030438773,7.9478178607854915,0.002769357822550421,True,False,False,False,False,False,,0.6312366687581898,0,False,False,False,False,False,True,0,False,D12_I5,released_monthly_average_weekday,2025-10,corridor_period,1.1194930392880404,1.0308417618895644,0.4819823587442288,0.8871068054286773,0.7812577427578122,0.4162101745548738,0.9144667422923207,3.864877913954549,0.0029433138499382777,0.0022994867346305854,0.002921993118060685,27.153646528236273,1352.710482959566,0.8607534150311842,27.162304069198985,49.80102127983642,0.002941789063785768,False,False,False,True,queue_exceeds_link,released_profile_fit,1.5991282245314835,3.707727361476841,3.996961855213896,0.0017931028956643745,0.004843684818767597,19.433717993512584,35.74900284262254,False,,,,,46.94454540071918,False,160646.2292174512,140695.7009195718,,,,,,,,180.7607516591757,133.8461439337075,,,,,,,,1641.1057606916543,1326.6656147073904,,,,,,,,60.994591214948386,52.26701836694237,,,,,,,,False,,-933.5506022887803,-10.887263101415119,36.59218179519909,1.5088063652245096,False,True,True
state_transition,PeMS::D12_I5_S::L5S-262,2025-10-01,2025-10-01 16:15:00,2025-10-01 16:40:00,2025-10-01 18:30:00,2025-10-01 18:25:00,49.247826086956536,post_qc,0,49.247826086956536,49.247826086956536,50.35217391304348,post_qc,0,50.35217391304348,50.35217391304348,195,200,221,PM,PM,135.0,45.769565217391296,47.53961352657006,70.57580909049022,49.40306636334316,3458.286956521739,1571.54239453184,2.2005686697061435,1501.6695652173912,100.0,0.4210526315789473,22.12173913043512,4.582608695652183,True,0,2,195,221,speed_mph,True,D12_I5_S,S,67.0,0.1299,False,PeMS_average_weekday,state_transition__PeMS::D12_I5_S::L5S-262__2025-10-01__165,1571.54239453184,70.57580909049022,0.1299,PeMS_average_weekday,L5S-262,5,False,PM,measured,2.25,3458.286956521739,2.2005686697061435,49.40306636334316,45.769565217391296,2025-10-01 16:15:00,2025-10-01 16:40:00,2025-10-01 18:30:00,1537.0164251207727,0.001840574010755527,0.0009975565107605744,0.0008928718087165981,0.8950588754474063,220.0,57.75756122384904,26.61151877870691,7.9478178607854915,0.00040848216903279394,False,False,False,False,False,False,,0.5419811998492214,0,False,False,False,False,False,True,0,False,D12_I5,released_monthly_average_weekday,2025-10,corridor_period,1.0469665074095273,0.9737926137278072,0.6837686791053256,0.30247741545393975,0.787935820366546,0.5462975669925602,0.2945502729885238,2.2567880272239966,0.0016098501898747148,0.0012684586300261732,0.0016083840097057757,37.64754489499376,1532.3933461201796,0.9750887735845503,56.352083222482015,27.193197810809977,0.00046457590689961243,False,True,False,False,queue_exceeds_link,released_profile_fit,0.8746457249029047,2.2005686697061435,2.287851724848741,0.00130178867940384,0.0022033097732707383,32.122611771111146,41.33832197152351,False,,,,,47.52243453103668,False,107598.21954825454,118515.87650678407,,,,,,,,123.32260835242548,149.96345377728025,,,,,,,,1082.3438816037428,1285.8169883098642,,,,,,,,40.37678455294991,45.78091011485261,,,,,,,,False,,-4964.70161713392,-19.31829374452644,25.314337024411795,1.495822085657665,False,True,True
state_transition,PeMS::D12_I5_S::L5S-264,2025-10-01,2025-10-01 06:20:00,2025-10-01 08:40:00,2025-10-01 10:10:00,2025-10-01 10:05:00,52.9304347826087,post_qc,0,52.9304347826087,52.9304347826087,49.89565217391304,post_qc,0,49.89565217391304,49.89565217391304,76,104,121,AM;MD,AM,230.0,15.265217391304349,30.43809073724008,69.516761724338,48.6617332070366,2557.3768115942034,792.8699340496762,3.225468266317152,679.4782608695652,80.0,0.7333333333333333,121.30434782608688,34.630434782608695,True,0,6,76,121,speed_mph,True,D12_I5_S,S,70.0,0.1255,False,PeMS_average_weekday,state_transition__PeMS::D12_I5_S::L5S-264__2025-10-01__166,792.8699340496762,69.516761724338,0.1255,PeMS_average_weekday,L5S-264,6,False,AM,measured,3.8333333333333335,2557.376811594203,3.2254682663171512,48.6617332070366,15.265217391304349,2025-10-01 06:20:00,2025-10-01 08:40:00,2025-10-01 10:10:00,667.1417769376181,0.0018053199960271183,0.006415984475633378,0.0028689146184944798,0.44715111599631235,220.0,14.997673832172818,44.483016793342586,3.801009821095838,0.006562644356603288,True,False,False,False,False,False,,3.553931984220376,0,False,False,False,False,False,True,0,False,D12_I5,released_monthly_average_weekday,2025-10,corridor_period,1.1194930392880404,1.0308417618895644,0.4819823587442288,0.8871068054286773,0.7812577427578122,0.4162101745548738,0.9144667422923207,3.743691628383187,0.0028064914749153834,0.0021925931947614358,0.0028660258014418134,27.212734256535416,683.1163101696692,0.86157423914484,16.959063261860365,40.28030909619551,0.005594852882756811,False,False,True,True,,released_profile_fit,1.554567323849232,3.6008765754418346,3.869043701581431,0.0017382157587045013,0.00456032622465946,19.715206376054816,35.41671393685312,True,0.994645051482672,-5.67851723774871e-13,9.99644811372491e-13,3.5715903849927666,26.84931552432242,True,97253.87598683951,93890.21345171574,87553.40572390331,2516.4276868812494,2287.547616682692,14110.332238838584,109290.318118179,105671.47145693802,0.1291087122976497,76.520820921458,72.59299013300713,75.26886993623297,-4.400311517176557,-4.72715935775767,-24.673809537797826,115.42262618664977,108.78412753452206,-0.21376926130495283,893.779063702537,840.9366727157385,775.5838106929091,39.30051123290123,44.01531570428973,220.36924547580415,844.2845537158249,840.0015214037637,0.26101300148856865,37.373599838111154,36.6113990056548,33.07956657382316,1.8741101172746126,1.9132846349613768,10.508673285059686,35.76408807537057,35.373590230520904,0.29383311166534754,True,flat_top_power,2935.980814849725,-3.5049961350955163,45.46030865221155,2.0069519567056235,True,True,True
state_transition,PeMS::D12_I5_S::L5S-264,2025-10-01,2025-10-01 16:40:00,2025-10-01 17:30:00,2025-10-01 18:00:00,2025-10-01 17:55:00,48.99565217391304,post_qc,0,48.99565217391304,48.99565217391304,49.84782608695652,post_qc,0,49.84782608695652,49.84782608695652,200,210,215,PM,PM,80.0,34.25652173913044,42.93722826086957,69.516761724338,48.6617332070366,971.304347826087,792.8699340496762,1.2250487830520147,700.8695652173913,20.0,0.3333333333333333,-21.652173913043494,15.591304347826082,False,0,2,200,215,speed_mph,True,D12_I5_S,S,70.0,0.1255,False,PeMS_average_weekday,state_transition__PeMS::D12_I5_S::L5S-264__2025-10-01__167,792.8699340496762,69.516761724338,0.1255,PeMS_average_weekday,L5S-264,6,False,PM,measured,1.3333333333333333,971.304347826087,1.2250487830520147,48.6617332070366,34.25652173913044,2025-10-01 16:40:00,2025-10-01 17:30:00,2025-10-01 18:00:00,728.4782608695652,0.0018053199960271183,0.00185821598569645,0.00115814356067328,0.6232556223754656,220.0,25.699394860329487,28.346125067484394,3.801009821095838,0.0030780634720298018,True,False,False,False,False,False,,1.0293000630280156,0,False,False,False,False,False,True,0,False,D12_I5,released_monthly_average_weekday,2025-10,corridor_period,1.0469665074095273,0.9737926137278072,0.6837686791053256,0.30247741545393975,0.787935820366546,0.5462975669925602,0.2945502729885238,1.2757803309253655,0.0013287957105878588,0.001047005738321592,0.0013466494006678608,40.043192960334935,761.3413722420129,0.9602348879006831,38.64630828505482,19.700235443612513,0.0014420794470015178,False,True,True,True,,released_profile_fit,0.7360444206634149,1.2250487830520147,1.3028851159515586,0.0011365507657950468,0.0015707968494970775,37.17288417689445,42.659957257195174,True,0.9922600912857278,-1.0783644508750434e-13,3.3495428652940973e-13,3.71555357311389,42.34909510401914,True,29321.396592526755,27994.39604380159,29997.604906166755,-3907.5009316922774,-3052.4399990825714,-3973.7769374280865,32176.05193859067,32158.60014470805,-0.12350107294121121,29.752035638553405,26.63153129574162,31.63457277116216,-17.15299200642575,-15.050467674402839,-17.44392777751764,35.765390660490496,36.078321570732854,-0.4877320631866519,284.8831302413586,263.96828327428904,265.0555893512083,37.33391529439756,31.403430315162687,37.96714426284725,274.9332608012283,257.2344680528349,0.1380958569807121,10.980143341529999,10.399632701138893,10.58217849879943,1.2878670210730407,1.3185792502945237,1.3097108244572744,10.901842136811055,10.701333269522284,0.12013665287217079,True,flat_top_power,-268.28371491880716,-9.591525802162105,38.18994202023586,1.5763100374630494,True,True,True
state_transition,PeMS::D12_I5_S::L5S-267,2025-10-01,2025-10-01 06:45:00,2025-10-01 07:50:00,2025-10-01 09:35:00,2025-10-01 09:30:00,54.2391304347826,post_qc,0,54.2391304347826,54.2391304347826,49.7,post_qc,0,49.7,49.7,81,94,114,AM,AM,170.0,24.100000000000005,32.19156010230179,68.36489402379974,47.85542581665981,2129.4695652173914,945.3510714789865,2.252570108040255,713.895652173913,90.0,0.5882352941176471,160.90434782608702,25.6,True,0,3,81,114,speed_mph,True,D12_I5_S,S,93.0,0.1143,False,PeMS_average_weekday,state_transition__PeMS::D12_I5_S::L5S-267__2025-10-01__168,945.3510714789865,68.36489402379974,0.1143,PeMS_average_weekday,L5S-267,5,False,AM,measured,2.833333333333333,2129.4695652173914,2.252570108040255,47.85542581665981,24.100000000000005,2025-10-01 06:45:00,2025-10-01 07:50:00,2025-10-01 09:35:00,751.5774936061382,0.001671910731847386,0.0030708278573642308,0.002016996844185728,0.6568251096682988,220.0,13.399928056082764,56.088173791721744,4.585254834822774,0.006857985811001189,True,False,False,False,False,False,,1.8367175943485357,0,False,False,False,False,False,True,0,False,D12_I5,released_monthly_average_weekday,2025-10,corridor_period,1.1194930392880404,1.0308417618895644,0.4819823587442288,0.8871068054286773,0.7812577427578122,0.4162101745548738,0.9144667422923207,2.5856928524158014,0.0018717335929952232,0.0014623063619074177,0.0020299277014635183,32.25493010082964,823.5585921304757,0.8711669314998836,20.39026767006099,40.38978818015744,0.003933704743609397,False,False,True,True,,released_profile_fit,1.1195176616439575,2.525405642628936,2.6587825327787136,0.0013338597068060906,0.0025977563264973826,26.770245779555022,38.026856923481695,True,0.9948291880856894,0.0,9.99644811372491e-13,3.5715903849927666,30.984782796567945,True,66212.07099369213,61699.87837379669,61669.977395760514,1115.9361394983932,1262.440865518158,3474.954714687525,76872.45063118971,74051.14409911515,0.045204162039262745,55.39274279319561,47.704425172066905,57.11464983547851,-7.088806978437336,-6.658928564222869,-22.074097575425032,85.9604589965528,80.7026509703265,-0.25679362154534624,603.6296450237047,552.6208591836807,547.9769384482659,31.884757744356925,41.73188274601208,99.28712345513406,580.4158068197535,581.234192759147,0.1710620598001174,25.305017836723923,24.059151456771595,22.787383478506886,1.595847350593801,1.7649695801124232,4.969367940140547,24.444935065054036,24.293343926163566,0.20328824465746487,True,flat_top_power,3518.430128878107,-2.404490842153411,46.76571947378777,2.089237206537353,True,True,True
state_transition,PeMS::D12_I5_S::L5S-272,2025-10-01,2025-10-01 06:20:00,2025-10-01 07:40:00,2025-10-01 10:05:00,2025-10-01 10:00:00,51.76956521739129,post_qc,0,51.76956521739129,51.76956521739129,50.24782608695652,post_qc,0,50.24782608695652,50.24782608695652,76,92,120,AM;MD,AM,225.0,12.217391304347828,26.318937198067637,69.84211840456094,48.88948288319265,5283.71304347826,1766.3489708981992,2.991318890282173,1465.878260869565,135.0,0.7307692307692307,500.5565217391304,38.03043478260869,True,0,4,76,120,speed_mph,True,D12_I5_S,S,89.0,0.0547,False,PeMS_average_weekday,state_transition__PeMS::D12_I5_S::L5S-272__2025-10-01__169,1766.3489708981992,69.84211840456094,0.0547,PeMS_average_weekday,L5S-272,5,False,AM,measured,3.75,5283.71304347826,2.9913188902821735,48.88948288319265,12.217391304347828,2025-10-01 06:20:00,2025-10-01 07:40:00,2025-10-01 10:05:00,1408.990144927536,0.0007831950297261873,0.003694029169562068,0.0015999856605647808,0.4331275112141199,220.0,21.782930156906076,64.6832237342885,9.071718965613064,0.0017279455563192518,False,False,False,False,False,False,,4.716614673682923,0,False,False,False,False,False,True,0,False,D12_I5,released_monthly_average_weekday,2025-10,corridor_period,1.1194930392880404,1.0308417618895644,0.4819823587442288,0.8871068054286773,0.7812577427578122,0.4162101745548738,0.9144667422923207,3.463861794520471,0.0011364462667159904,0.0008878574451000774,0.0012193492333598432,28.494906887750233,1525.3821765743185,0.8635791690690953,29.41742392114128,51.85301679247581,0.001076247188825418,False,False,False,False,queue_exceeds_link,released_profile_fit,1.45103866033637,3.353799109708431,3.5678223967579834,0.0007273989624448505,0.001787058126374673,21.28202087727721,36.211017899461076,False,,,,,22.952518968807833,False,97277.22717386737,87286.10624246209,,,,,,,,70.54246332006015,51.32364128302656,,,,,,,,875.3272746760566,789.2771587582544,,,,,,,,37.513636015490064,34.645832605183955,,,,,,,,False,,797.5568745635408,-7.555051050195148,40.64107576233711,1.711422887556434,False,True,True
state_transition,PeMS::D12_I5_S::L5S-272,2025-10-01,2025-10-01 14:50:00,2025-10-01 16:00:00,2025-10-01 17:45:00,2025-10-01 17:40:00,49.24999999999999,post_qc,0,49.24999999999999,49.24999999999999,49.278260869565216,post_qc,0,49.278260869565216,49.278260869565216,178,192,212,MD;PM,PM,175.0,40.08695652173912,43.60181818181819,69.84211840456094,48.88948288319265,5037.104743083004,1766.3489708981992,2.8517041796795146,1735.3043478260868,95.0,0.5555555555555556,51.23478260869547,9.191304347826096,True,0,6,178,212,speed_mph,True,D12_I5_S,S,89.0,0.0547,False,PeMS_average_weekday,state_transition__PeMS::D12_I5_S::L5S-272__2025-10-01__170,1766.3489708981992,69.84211840456094,0.0547,PeMS_average_weekday,L5S-272,5,False,PM,measured,2.9166666666666665,5037.104743083004,2.8517041796795146,48.88948288319265,40.08695652173912,2025-10-01 14:50:00,2025-10-01 16:00:00,2025-10-01 17:45:00,1727.0073404856014,0.0007831950297261873,0.0005813385928334661,0.0004761868901144394,0.8191214138966529,220.0,58.2910174099292,29.62733225842487,9.071718965613064,0.00015519998258461997,False,False,False,False,False,False,,0.742265426577985,0,False,False,False,False,False,True,0,False,D12_I5,released_monthly_average_weekday,2025-10,corridor_period,1.0469665074095273,0.9737926137278072,0.6837686791053256,0.30247741545393975,0.787935820366546,0.5462975669925602,0.2945502729885238,2.904759376228888,0.0007393660266225065,0.000582572976737958,0.0007402814781049584,35.92630966877477,1734.0867489073878,0.9817350803706666,60.11334814122845,28.846950012389556,0.0001267526223574981,False,True,False,False,queue_exceeds_link,released_profile_fit,0.9440382006522643,2.8517041796795146,2.9693634143557883,0.0005800870160908409,0.0010779302186100918,29.390855826416928,40.12375881419671,False,,,,,43.43400452098139,False,63511.99360950965,61695.66002199828,,,,,,,,62.96329435862836,58.69210030880734,,,,,,,,610.3757058795497,581.7484840894429,,,,,,,,23.713883286074715,22.91930865303251,,,,,,,,False,,-4989.252544826442,-19.357659180472105,25.278653211208876,1.4875550996673255,False,True,True
state_transition,PeMS::D12_I5_S::L5S-277,2025-10-01,2025-10-01 07:20:00,2025-10-01 07:45:00,2025-10-01 08:35:00,2025-10-01 08:30:00,49.52173913043479,post_qc,0,49.52173913043479,49.52173913043479,48.87391304347826,post_qc,0,48.87391304347826,48.87391304347826,88,93,102,AM,AM,75.0,43.826086956521735,46.77884057971015,69.33173913043477,48.532217391304336,1366.942028985507,1188.0766798418972,1.1505503408815434,1063.217391304348,40.0,0.8571428571428571,23.82608695652152,5.047826086956526,True,0,3,88,102,speed_mph,True,D12_I5_S,S,75.0,0.1255,False,PeMS_average_weekday,state_transition__PeMS::D12_I5_S::L5S-277__2025-10-01__171,1188.0766798418972,69.33173913043477,0.1255,PeMS_average_weekday,L5S-277,6,False,AM,measured,1.25,1366.9420289855072,1.1505503408815434,48.532217391304336,43.826086956521735,2025-10-01 07:20:00,2025-10-01 07:45:00,2025-10-01 08:35:00,1093.5536231884057,0.001810137774907032,0.001053453494934238,0.0008747822375169842,0.8303947366671299,220.0,32.86322147733437,33.27591069982671,5.856521390930093,0.002008720947953015,True,False,False,False,False,False,,0.5819742063492062,0,False,False,False,False,False,True,0,False,D12_I5,released_monthly_average_weekday,2025-10,corridor_period,1.1194930392880404,1.0308417618895644,0.4819823587442288,0.8871068054286773,0.7812577427578122,0.4162101745548738,0.9144667422923207,1.2936162423084496,0.0010962917819909103,0.0008564864430021581,0.0010634383216570529,43.1801279002775,1056.6827968596067,0.8894062267093941,26.70306115736814,39.571597826642346,0.002889697920348864,False,False,True,True,,released_profile_fit,0.605639966851261,1.2360747090394382,1.3879836577039775,0.000896166692996718,0.001332930093190941,39.929141967615216,46.37320061117299,True,0.9939464192553455,-1.5176105139075383e-13,9.99644811372491e-13,3.5715903849927666,46.74254704768479,True,39734.47658723233,35694.19793365491,41374.23333987208,-139.3133911712094,-519.6342613752886,-163.10356509167337,50847.26353079526,48985.80811642634,-0.0032077156913840788,43.457385704594486,33.95647999903905,45.410564804798575,-9.131162955362893,-10.073318321723473,-10.690467146998094,64.39223589299655,60.391149615447596,-0.16602105826489577,400.25102997720023,336.57222455012646,356.66467046104907,29.76465898389836,37.60765560536608,34.84748991606636,369.2260739853358,361.2568882126148,0.0943798186837974,15.027493881138131,13.260030596514799,14.306995295667868,1.5546734686151393,1.5455018676428507,1.820160884411595,15.35544319939126,14.994786144427788,0.11853522303307742,True,flat_top_power,-1949.6310126839876,-12.853500613096225,34.1870716390416,1.3969745679148602,True,True,True
state_transition,PeMS::D12_I5_S::L5S-280,2025-10-01,2025-10-01 17:15:00,2025-10-01 17:50:00,2025-10-01 18:05:00,2025-10-01 18:00:00,49.93913043478262,post_qc,0,49.93913043478262,49.93913043478262,49.47391304347828,post_qc,0,49.47391304347828,49.47391304347828,207,214,216,PM,PM,50.0,45.99999999999999,47.52608695652174,70.33565217391303,49.23495652173912,1311.4855072463768,1675.9260869565217,0.7825437633875798,1537.1304347826087,5.0,,,3.473913043478284,False,0,3,207,216,speed_mph,True,D12_I5_S,S,38.0,0.5232,False,PeMS_average_weekday,state_transition__PeMS::D12_I5_S::L5S-280__2025-10-01__172,1675.9260869565217,70.33565217391303,0.5232,PeMS_average_weekday,L5S-280,6,False,PM,measured,0.8333333333333334,1311.4855072463765,0.7825437633875797,49.23495652173912,45.99999999999999,2025-10-01 17:15:00,2025-10-01 17:50:00,2025-10-01 18:05:00,1573.7826086956518,0.007438617313255695,0.003935295730222567,0.00357687314958138,0.908921055693846,220.0,43.98035301298634,35.783764814960705,8.543126544274655,0.004457603707196588,True,False,False,False,False,False,,0.5290359168241965,0,False,False,False,False,False,True,0,False,D12_I5,released_monthly_average_weekday,2025-10,corridor_period,1.0469665074095273,0.9737926137278072,0.6837686791053256,0.30247741545393975,0.787935820366546,0.5462975669925602,0.2945502729885238,0.8245790256885348,0.004798036835122235,0.003780545089830943,0.004813388116614407,42.756785772960214,1590.4909855683852,0.9490221543461465,47.01700229979002,33.82799642195582,0.0036892720545940423,False,False,False,True,queue_exceeds_link,released_profile_fit,0.6450172973103593,0.7825437633875797,0.8521213885101736,0.0038640260813420555,0.0054305951651949895,40.655168735005525,46.290056447143236,False,,,,,47.49675030495629,False,156424.29841927596,181122.48606125067,,,,,,,,171.1034521758544,229.18240464531908,,,,,,,,1575.7883241517102,1965.0562979985355,,,,,,,,59.16041938817048,69.96490680026415,,,,,,,,False,,-3870.6469856794447,-16.750368756609355,29.145626338817756,1.308185023485188,False,True,True
state_transition,PeMS::D7_I10_E::L10E-002,2025-10-01,2025-10-01 07:40:00,2025-10-01 08:10:00,2025-10-01 08:40:00,2025-10-01 08:35:00,48.98,post_qc,0,48.98,48.98,48.215,post_qc,0,48.215,48.215,92,98,103,AM,AM,60.0,44.405,46.08416666666667,68.40325000000001,47.88227500000001,1201.97,1244.169,0.9660825820286472,1189.02,20.0,0.3333333333333333,-32.87999999999988,3.8100000000000014,False,0,2,92,103,speed_mph,True,D7_I10_E,E,126.0,0.11,False,PeMS_average_weekday,state_transition__PeMS::D7_I10_E::L10E-002__2025-10-01__173,1244.169,68.40325000000001,0.11,PeMS_average_weekday,L10E-002,5,False,AM,measured,1.0,1201.9699999999998,0.966082582028647,47.88227500000001,44.405,2025-10-01 07:40:00,2025-10-01 08:10:00,2025-10-01 08:40:00,1201.9699999999998,0.0016081107257330605,0.0008690877879478311,0.0007805529642597452,0.8981290211232373,220.0,48.01415785980998,25.033657853782813,6.165012826155239,0.0006828802007593725,False,False,False,False,False,False,,0.5404402657358408,1,False,False,False,True,False,True,1,False,D7_I10,released_monthly_average_weekday,2025-10,corridor_all_periods,1.0595126839963975,1.016582383397227,0.5583298400842733,0.5867351821124374,0.6576863444889413,0.3798746663815558,0.5964646498548676,1.0229912355165245,0.000909911149535913,0.000598436137748005,0.0008978562043363444,43.68508513781274,1174.9563029179874,0.9443703411015605,39.94353309977496,29.4154325302938,0.0011457768616576433,False,False,True,False,,released_profile_fit,0.5658261803590223,0.966082582028647,1.118909150871443,0.0006849798551414671,0.0013898469965827245,36.69210307913899,47.970195402684695,True,0.9968360640704206,-1.3344547689086992e-13,-2.6517676943171864e-12,1.049022456026076,46.05085280981154,True,29211.83046774812,27923.176078047,33366.93807978523,-5558.699114769518,-3228.3289394109224,-3998.384972040527,35849.5937998487,35773.1959678223,-0.11153222528444386,29.594110108387355,26.563778566091464,39.44426996312461,-20.351096959041605,-15.387838780224232,-14.638590534495147,44.01407415324853,44.05520546249134,-0.3325888551813312,283.6072004131671,263.29672700761057,270.8745446455591,30.748561160874853,30.995342164886253,22.11751028776608,283.32540739464633,267.411121431532,0.07806398476984598,10.936910911350962,10.373175210015436,11.014628141350073,1.006259065912378,1.2971738821064396,0.72380444489851,11.297216734698058,11.142063769691735,0.06406927138747642,True,beta_power,-4298.629743239714,-17.624854688863415,28.005082427811708,1.2927110690357537,True,True,True
state_transition,PeMS::D7_I10_E::L10E-002,2025-10-01,2025-10-01 13:30:00,2025-10-01 14:50:00,2025-10-01 19:30:00,2025-10-01 19:25:00,48.195,post_qc,0,48.195,48.195,48.43000000000001,post_qc,0,48.43000000000001,48.43000000000001,162,178,233,MD;PM,MD,360.0,39.595,42.81875,68.40325000000001,47.88227500000001,7190.179999999999,1244.169,5.779102356673409,1200.1799999999998,270.0,0.4528301886792453,-0.3600000000001273,8.835000000000008,False,0,2,162,233,speed_mph,True,D7_I10_E,E,126.0,0.11,False,PeMS_average_weekday,state_transition__PeMS::D7_I10_E::L10E-002__2025-10-01__174,1244.169,68.40325000000001,0.11,PeMS_average_weekday,L10E-002,5,False,MD,measured,6.0,7190.18,5.77910235667341,47.88227500000001,39.595,2025-10-01 13:30:00,2025-10-01 14:50:00,2025-10-01 19:30:00,1198.3633333333335,0.0016081107257330605,0.0011700178258517355,0.0009671321646459856,0.8265960939030518,220.0,46.77693586488969,25.61867961584062,6.165012826155239,0.0007434755414333814,False,False,False,False,False,False,,0.7275729258744795,0,False,False,False,False,False,True,0,False,D7_I10,released_monthly_average_weekday,2025-10,corridor_all_periods,1.0595126839963975,1.016582383397227,0.5583298400842733,0.5867351821124374,0.6576863444889413,0.3798746663815558,0.5964646498548676,6.3037649018692115,0.0026446015263247064,0.0017393183104783708,0.0025690674321206474,25.86584595437279,1140.6167761535564,0.916769969476459,32.60255912770592,34.98549827593905,0.0017658575437246912,False,False,False,False,queue_exceeds_link,released_profile_fit,1.6445394486870046,6.155096599830444,6.4417988721068395,0.0020298384432746426,0.004141037680423792,19.13326850957975,30.236822098588554,False,,,,,42.714417506384905,False,181960.03462195984,180083.58938561368,,,,,,,,175.7290421646794,171.31649273906532,,,,,,,,1727.6414921029723,1698.0668510088371,,,,,,,,67.7200884549484,66.89921733559834,,,,,,,,False,,-4164.233208766765,-17.333668610659178,28.408897396491334,1.286242314921848,False,True,True
state_transition,PeMS::D7_I10_E::L10E-028,2025-10-01,2025-10-01 13:05:00,2025-10-01 17:30:00,2025-10-01 19:30:00,2025-10-01 19:25:00,49.48695652173912,post_qc,0,49.48695652173912,49.48695652173912,48.63043478260868,post_qc,0,48.63043478260868,48.63043478260868,157,210,233,MD;PM,PM,385.0,24.49565217391305,35.47848673066065,69.28979315400106,48.50285520780074,7243.380434782609,1234.555228305983,5.8671983793886175,1089.913043478261,110.0,0.5714285714285714,165.78260869565224,24.13478260869563,True,0,9,157,233,speed_mph,True,D7_I10_E,E,96.0,0.0727,False,PeMS_average_weekday,state_transition__PeMS::D7_I10_E::L10E-028__2025-10-01__175,1234.555228305983,69.28979315400106,0.0727,PeMS_average_weekday,L10E-028,4,False,PM,measured,6.416666666666667,7243.380434782608,5.8671983793886175,48.50285520780074,24.49565217391305,2025-10-01 13:05:00,2025-10-01 17:30:00,2025-10-01 19:30:00,1128.8385093167701,0.0010492165828583084,0.001918657041564836,0.0010604613105375709,0.5527101965407377,220.0,32.1327487963226,35.130468185963565,6.106136031394772,0.0012132727068323412,False,False,False,False,False,False,,1.828656802524004,0,False,False,False,False,False,True,0,False,D7_I10,released_monthly_average_weekday,2025-10,corridor_period,1.1496493415609208,0.9725510182682273,0.2159925759172105,1.1491174153228814,0.6233252791378618,0.15803392047185888,1.1175753123820218,6.425449658039934,0.0019216751791779096,0.001197828717473371,0.0019186570415648367,24.470766969366863,1127.2954921869516,0.9131187219009962,31.85965440512986,35.38316762172539,0.0012326662987179042,False,False,False,False,queue_exceeds_link,released_profile_fit,1.8315333655352857,6.2764828030449635,6.630180445051638,0.0014759207708318232,0.0028681340436742327,18.55846678428952,28.79051443021423,False,,,,,34.460236905159576,False,135924.37495465638,148618.75763285503,,,,,,,,120.80565644717828,141.3834786376815,,,,,,,,1264.538033623627,1401.3746984689342,,,,,,,,51.70923363721899,55.21035315293009,,,,,,,,False,,-1792.5570906893877,-12.54470616726585,34.572196855695154,1.4109567055570766,False,True,True
state_transition,PeMS::D7_I10_E::L10E-069,2025-10-01,2025-10-01 12:35:00,2025-10-01 17:25:00,2025-10-01 19:35:00,2025-10-01 19:30:00,46.3857142857143,post_qc,0,46.3857142857143,46.3857142857143,46.56666666666668,post_qc,0,46.56666666666668,46.56666666666668,151,209,234,MD;PM,PM,420.0,23.823809523809523,32.155354308390024,65.2200906969684,45.65406348787788,11935.197023809524,1848.9356080667512,6.455171814387295,1647.7857142857142,120.0,0.6956521739130435,193.4285714285711,22.742857142857154,True,0,6,151,234,speed_mph,True,D7_I10_E,E,99.0,0.6462,False,PeMS_average_weekday,state_transition__PeMS::D7_I10_E::L10E-069__2025-10-01__176,1848.9356080667512,65.2200906969684,0.6462,PeMS_average_weekday,L10E-069,4,False,PM,measured,7.0,11935.19702380952,6.455171814387291,45.65406348787788,23.823809523809523,2025-10-01 12:35:00,2025-10-01 17:25:00,2025-10-01 19:35:00,1705.0281462585028,0.009907989901492687,0.017216135623192505,0.010727532817021435,0.6231092186895862,220.0,39.408170025960025,43.26585439352601,9.647417823010912,0.00648962510002394,False,False,False,False,False,False,,1.7376012485235588,0,False,False,False,False,False,True,0,False,D7_I10,released_monthly_average_weekday,2025-10,corridor_period,1.1496493415609208,0.9725510182682273,0.2159925759172105,1.1491174153228814,0.6233252791378618,0.15803392047185888,1.1175753123820218,7.050859431663199,0.02019082658304679,0.0125854526159018,0.020023558206554895,21.46928269860466,1692.7293955418104,0.9155156016015775,38.00412324851938,44.54067745419593,0.007095428274327896,False,False,False,False,queue_exceeds_link,released_profile_fit,2.037832777767057,6.898036053280254,7.22865837550701,0.015879814957042326,0.0300392344716329,16.176349585262614,25.058356586606877,False,,,,,31.314932449965585,False,2025005.2781936408,1934461.823235894,,,,,,,,1637.388160781382,1495.6656597554693,,,,,,,,18440.420562429113,17326.192255002126,,,,,,,,779.8143944005769,754.3209357822755,,,,,,,,False,,-3005.27868594571,-14.890055271036529,31.705518675638537,1.2765168356971357,False,True,True
state_transition,PeMS::D7_I10_E::L10E-073,2025-10-01,2025-10-01 07:45:00,2025-10-01 08:15:00,2025-10-01 08:55:00,2025-10-01 08:50:00,51.36521739130435,post_qc,0,51.36521739130435,51.36521739130435,49.42608695652175,post_qc,0,49.42608695652175,49.42608695652175,93,99,106,AM,AM,70.0,38.595652173913045,43.36832298136647,67.86660972521821,47.50662680765274,1402.6956521739123,1386.2952921307287,1.0118303511064923,1178.478260869565,30.0,0.6,46.43478260869574,10.830434782608704,True,0,4,93,106,speed_mph,True,D7_I10_E,E,101.0,0.0615,False,PeMS_average_weekday,state_transition__PeMS::D7_I10_E::L10E-073__2025-10-01__177,1386.2952921307287,67.86660972521821,0.0615,PeMS_average_weekday,L10E-073,4,False,AM,measured,1.1666666666666667,1402.6956521739132,1.0118303511064928,47.50662680765274,38.595652173913045,2025-10-01 07:45:00,2025-10-01 08:15:00,2025-10-01 08:55:00,1202.3105590062112,0.0009061893654184927,0.0006872543655717066,0.0005180994784498097,0.753868588406591,220.0,25.62824558434444,46.91349452889074,6.946298648376692,0.0014935066963973258,True,False,False,False,False,False,,0.7584003871578447,1,False,False,False,True,False,True,1,False,D7_I10,released_monthly_average_weekday,2025-10,corridor_all_periods,1.0595126839963975,1.016582383397227,0.5583298400842733,0.5867351821124374,0.6576863444889413,0.3798746663815558,0.5964646498548676,1.0722561864333173,0.0005270927372187308,0.00034666169554805715,0.0005538470380558976,42.908510395016215,1308.1721233427882,0.9436460837518493,41.30178819474621,31.673498425164894,0.0005828502788219739,False,False,True,True,,released_profile_fit,0.581658489200335,1.0118303511064928,1.1701573794343338,0.000399900763931304,0.0008048406629476189,35.94362527497131,47.08710422868855,True,0.9982514056203751,-3.114610019170157e-13,-2.6517676943171864e-12,1.049022456026076,43.17944373766831,True,20609.260858225025,19430.219294181694,21647.326761207918,-7205.749167702695,-3421.619209508497,-3503.8737376594204,22700.822670481193,23142.0779268292,-0.15435007746286,20.88410367763707,18.484288512832396,25.20913879148563,-23.54116765163114,-15.772376608539295,-11.447148265734794,27.12382368918535,28.099596412457824,-0.4220329846156216,189.69851139426132,183.2138697581848,177.07748363849362,24.179750714397468,30.508900980289894,11.75766621062385,183.5323422181143,175.0047462734666,0.06406318400628676,7.491917608288631,7.218128358472399,7.199241824855388,0.7253585645628807,1.2830737143889326,0.35271347442260514,7.305966000439342,7.302308501164947,0.04827745905214928,True,beta_power,-182.12301988812624,-9.409564749531249,38.435835037052364,1.5753858553247664,True,True,True
state_transition,PeMS::D7_I10_E::L10E-073,2025-10-01,2025-10-01 12:30:00,2025-10-01 17:55:00,2025-10-01 19:45:00,2025-10-01 19:40:00,49.39130434782608,post_qc,0,49.39130434782608,49.39130434782608,48.26086956521738,post_qc,0,48.26086956521738,48.26086956521738,150,215,236,MD;PM,PM,435.0,28.74347826086957,35.484807596201904,67.86660972521821,47.50662680765274,9220.826086956522,1386.2952921307287,6.651415567302519,1299.9782608695652,100.0,0.5263157894736842,150.91304347826076,19.517391304347807,True,0,9,150,236,speed_mph,True,D7_I10_E,E,101.0,0.0615,False,PeMS_average_weekday,state_transition__PeMS::D7_I10_E::L10E-073__2025-10-01__178,1386.2952921307287,67.86660972521821,0.0615,PeMS_average_weekday,L10E-073,4,False,PM,measured,7.25,9220.826086956524,6.65141556730252,47.50662680765274,28.74347826086957,2025-10-01 12:30:00,2025-10-01 17:55:00,2025-10-01 19:45:00,1271.8380809595205,0.0009061893654184927,0.001233426426443555,0.0008511371764083509,0.6900591378299784,220.0,34.4632303772096,36.90420390192389,6.946298648376692,0.0008783212369500455,False,False,False,False,False,False,,1.3611133318408997,0,False,False,False,False,False,True,0,False,D7_I10,released_monthly_average_weekday,2025-10,corridor_period,1.1496493415609208,0.9725510182682273,0.2159925759172105,1.1491174153228814,0.6233252791378618,0.15803392047185888,1.1175753123820218,7.259242822481645,0.001909514664653869,0.0011902487613632134,0.0019067210953653264,21.841784272482464,1270.218714602013,0.9162685048505743,34.20328549552713,37.13733041137593,0.0008918835129324053,False,False,False,False,queue_exceeds_link,released_profile_fit,2.1071916505795945,7.107856083365926,7.4648836821460325,0.0015207298997729343,0.002857980263850652,16.33834992878371,25.34077256951379,False,,,,,34.996341622466566,False,146668.10408944308,157593.56431911755,,,,,,,,132.15301632653657,149.92136046104568,,,,,,,,1366.6005352895918,1486.0010754761238,,,,,,,,55.50658786236705,58.54440233030184,,,,,,,,False,,-2218.627455731562,-13.363107308877577,33.58045853730099,1.3598967983565549,False,True,True
state_transition,PeMS::D7_I10_E::L10E-100,2025-10-01,2025-10-01 16:10:00,2025-10-01 16:35:00,2025-10-01 18:00:00,2025-10-01 17:55:00,50.765217391304354,post_qc,0,50.765217391304354,50.765217391304354,51.00434782608696,post_qc,0,51.00434782608696,51.00434782608696,194,199,215,PM,PM,110.0,47.67391304347826,49.79565217391305,71.83760869565218,50.28632608695652,1772.1304347826087,1102.011304347826,1.6080873470089871,970.3478260869564,55.0,0.5,-37.04347826086939,3.3304347826087053,False,0,1,194,215,speed_mph,True,D7_I10_E,E,133.0,0.146,False,PeMS_average_weekday,state_transition__PeMS::D7_I10_E::L10E-100__2025-10-01__179,1102.011304347826,71.83760869565218,0.146,PeMS_average_weekday,L10E-100,6,False,PM,measured,1.8333333333333333,1772.130434782609,1.6080873470089874,50.28632608695652,47.67391304347826,2025-10-01 16:10:00,2025-10-01 16:35:00,2025-10-01 18:00:00,966.616600790514,0.0020323616369044913,0.0010301098633235068,0.0009009784687067434,0.8746430849616964,220.0,23.875862228139695,40.485097105782245,5.3846036468632885,0.0040826007717798245,True,False,False,False,False,False,,0.506853625170999,1,False,False,False,True,False,True,1,False,D7_I10,released_monthly_average_weekday,2025-10,corridor_period,1.1496493415609208,0.9725510182682273,0.2159925759172105,1.1491174153228814,0.6233252791378618,0.15803392047185888,1.1175753123820218,1.8247864200780297,0.0008761997339688032,0.0005461574437566245,0.0008809172807463069,50.19663723174716,971.1440283004906,0.8812468841916437,24.496443101253092,39.64428730678915,0.00392768731373404,False,False,True,True,,released_profile_fit,0.43112392895948926,1.6080873470089874,2.306171536357751,0.00014720836666998993,0.0025661127809373284,31.754605962014043,66.98570195717062,True,0.9985132795463437,-1.9674600113346418e-13,-1.3999912340523224e-12,1.2563485648097295,49.77261236114906,True,71275.03676319188,65172.31387662912,76077.93652966217,-148.75998296138135,-31.401284963093985,-143.97916858554478,74105.49687742734,75383.55234153467,-0.0019428945847794602,91.7289493791503,82.46545161429759,102.71815307983528,-9.516618693160746,-9.16053074503805,-9.210775773903158,100.07781943182499,102.54404143622202,-0.09203613574112417,638.1451662187442,707.0754638112605,478.88884791591585,25.18805564743547,38.67518503444457,24.37856766456919,511.0920747734567,512.7377396791611,0.04769897415328749,24.542067789031695,25.175089882511475,21.308906560000963,1.3445656897342313,1.6211060449595545,1.3013543445137443,21.002989075606255,21.199089719245546,0.06196043524229565,True,beta_power,137.7430225689609,-8.835671651756222,39.068794683418346,1.641400310538015,True,True,True
state_transition,PeMS::D7_I10_E::L10E-106,2025-10-01,2025-10-01 13:45:00,2025-10-01 16:00:00,2025-10-01 19:00:00,2025-10-01 18:55:00,47.61500000000001,post_qc,0,47.61500000000001,47.61500000000001,47.705000000000005,post_qc,0,47.705000000000005,47.705000000000005,165,192,227,MD;PM,PM,315.0,35.71000000000001,40.19215121136173,68.00856051527317,47.60599236069122,5275.623157894737,1055.6940617529333,4.997303053059518,1000.38,170.0,0.6363636363636364,77.03999999999996,11.994999999999996,True,0,3,165,227,speed_mph,True,D7_I10_E,E,122.0,0.1609,False,PeMS_average_weekday,state_transition__PeMS::D7_I10_E::L10E-106__2025-10-01__180,1055.6940617529333,68.00856051527317,0.1609,PeMS_average_weekday,L10E-106,5,False,PM,measured,5.25,5275.623157894737,4.997303053059518,47.60599236069122,35.71000000000001,2025-10-01 13:45:00,2025-10-01 16:00:00,2025-10-01 19:00:00,1004.8806015037595,0.002365878630291925,0.0021398620585907397,0.001655532323438329,0.7736631044940447,220.0,39.616816672890536,25.36500117616444,5.162897770576599,0.0016955279518806033,False,False,False,False,False,False,,0.9044682306153222,0,False,False,False,False,False,True,0,False,D7_I10,released_monthly_average_weekday,2025-10,corridor_period,1.1496493415609208,0.9725510182682273,0.2159925759172105,1.1491174153228814,0.6233252791378618,0.15803392047185888,1.1175753123820218,5.49694636035683,0.0036217443349176024,0.002257524798528484,0.0034354124305178693,26.872099485036557,959.7370634615896,0.9091052969152718,28.137488893408367,34.108838464487945,0.00335247102804213,False,False,False,False,queue_exceeds_link,released_profile_fit,1.5308242310260507,5.306543974092876,5.771421963613693,0.002601661952213472,0.005243059198610948,21.146203210067807,32.39031253583076,False,,,,,40.01083247926935,False,207990.29699227226,206332.86154984753,,,,,,,,200.18539643818565,196.28785886671628,,,,,,,,1971.7026216764468,1945.5797925115196,,,,,,,,77.37561724175687,76.65055430865313,,,,,,,,False,,-3160.8374510472077,-15.244644076602484,31.189775290021366,1.2959984123286732,False,True,True
state_transition,PeMS::D7_I10_E::L10E-169,2025-10-01,2025-10-01 13:10:00,2025-10-01 17:35:00,2025-10-01 20:35:00,2025-10-01 20:30:00,49.578260869565206,post_qc,0,49.578260869565206,49.578260869565206,49.15217391304349,post_qc,0,49.15217391304349,49.15217391304349,158,211,246,MD;PM;NT,PM,445.0,16.221739130434784,28.390425012212997,69.69952645518173,48.7896685186272,9889.206521739132,1463.0038871526417,6.759521699553316,1309.108695652174,170.0,0.6060606060606061,69.52173913043475,32.93043478260871,True,0,5,158,246,speed_mph,True,D7_I10_E,E,91.0,0.4213,False,PeMS_average_weekday,state_transition__PeMS::D7_I10_E::L10E-169__2025-10-01__181,1463.0038871526417,69.69952645518173,0.4213,PeMS_average_weekday,L10E-169,4,False,PM,measured,7.416666666666667,9889.20652173913,6.759521699553314,48.7896685186272,16.221739130434784,2025-10-01 13:10:00,2025-10-01 17:35:00,2025-10-01 20:35:00,1333.3761602344894,0.006044517393829137,0.019926803967736127,0.010240037642014341,0.5138825904341802,220.0,34.52268612238644,38.62318695328443,7.351414647974126,0.006159052122935826,False,False,False,False,False,False,,3.296674104715035,0,False,False,False,False,False,True,0,False,D7_I10,released_monthly_average_weekday,2025-10,corridor_period,1.1496493415609208,0.9725510182682273,0.2159925759172105,1.1491174153228814,0.6233252791378618,0.15803392047185888,1.1175753123820218,7.373964004210035,0.012968531497594542,0.00808361351574627,0.013054868370745107,22.158466135856735,1341.0977482522374,0.9166740840739234,35.693282725536896,37.572832921101536,0.005758823958648351,False,False,False,False,queue_exceeds_link,released_profile_fit,2.145503214340015,7.229011346326983,7.586855353480707,0.01037791814417009,0.01948374543995304,16.5034491172234,25.653932175669468,False,,,,,25.8711398053363,False,1252953.5706894652,1264889.0677661693,,,,,,,,926.8969793765943,977.972849778628,,,,,,,,11492.030156262139,11329.09985926075,,,,,,,,487.7374493675013,493.2288111336881,,,,,,,,False,,-2302.092812259062,-13.553858394281146,33.302369935901595,1.3706884619762065,False,True,True
state_transition,PeMS::D7_I10_E::L10E-178,2025-10-01,2025-10-01 07:30:00,2025-10-01 07:50:00,2025-10-01 08:05:00,2025-10-01 08:00:00,48.88571428571428,post_qc,0,48.88571428571428,48.88571428571428,47.25714285714285,post_qc,0,47.25714285714285,47.25714285714285,90,94,96,AM,AM,35.0,43.72380952380953,45.80068027210884,66.46095403119959,46.52266782183971,761.8809523809524,1229.3266392672722,0.6197546917514648,1312.7142857142858,5.0,,,3.5333333333333243,False,0,3,90,96,speed_mph,True,D7_I10_E,E,137.0,0.3672,False,PeMS_average_weekday,state_transition__PeMS::D7_I10_E::L10E-178__2025-10-01__182,1229.3266392672722,66.46095403119959,0.3672,PeMS_average_weekday,L10E-178,4,False,AM,measured,0.5833333333333334,761.8809523809524,0.6197546917514648,46.52266782183971,43.72380952380953,2025-10-01 07:30:00,2025-10-01 07:50:00,2025-10-01 08:05:00,1306.0816326530612,0.005525048584581268,0.0028731217486794598,0.0025039337654878943,0.8715028406431955,220.0,220.7781999405859,5.915808866113338,6.100785049729559,-0.0038618408942440066,False,False,False,False,False,False,,0.5200174631400473,1,False,False,False,True,False,True,1,False,D7_I10,released_monthly_average_weekday,2025-10,corridor_all_periods,1.0595126839963975,1.016582383397227,0.5583298400842733,0.5867351821124374,0.6576863444889413,0.3798746663815558,0.5964646498548676,0.6514491067191943,0.0023989659174506388,0.0015777671248016698,0.002248444066412523,46.34014739698434,1169.5172263231907,0.9513478264981469,41.32491490535755,28.300535621225663,0.0033606321443679045,False,True,True,False,,released_profile_fit,0.4341981578488601,0.6197546917514648,0.7269547344582722,0.0016757563537913754,0.003731889090214987,39.667988057399576,50.99429935341126,True,0.9869008175374236,0.0,-2.651656672014724e-12,1.049022456026076,45.734314012639096,True,61765.63626254552,59492.71626296697,73064.2414936586,-8178.179918124234,-3370.027600618645,-9830.750619846012,76949.3077470473,75955.52064410671,-0.12775619310523606,61.941282048776074,56.59640352829433,90.59800175593236,-25.424609403730983,-15.644449787050121,-30.56217852350681,97.17031436185073,95.47285885934949,-0.3145217623738139,596.7996867210159,560.9762094773581,578.0144997508248,20.301475576086272,30.70839002653679,24.403809356296804,593.2566660241345,558.472695302064,0.04113533105299153,23.095250769807542,22.10093750763091,23.612744730539248,0.5595127939169796,1.2695562153365645,0.6725739468535333,23.69912043491094,23.330501530008636,0.02837970078681786,True,beta_power,,,,,True,False,True
state_transition,PeMS::D7_I10_E::L10E-178,2025-10-01,2025-10-01 13:40:00,2025-10-01 17:30:00,2025-10-01 19:50:00,2025-10-01 19:45:00,46.46190476190476,post_qc,0,46.46190476190476,46.46190476190476,47.10476190476191,post_qc,0,47.10476190476191,47.10476190476191,164,210,237,MD;PM,PM,370.0,25.33333333333333,32.90933075933076,66.46095403119959,46.52266782183971,6537.857142857142,1229.3266392672722,5.318242470328282,1103.0714285714284,130.0,0.64,264.8571428571431,21.77142857142858,True,0,1,164,237,speed_mph,True,D7_I10_E,E,137.0,0.3672,False,PeMS_average_weekday,state_transition__PeMS::D7_I10_E::L10E-178__2025-10-01__183,1229.3266392672722,66.46095403119959,0.3672,PeMS_average_weekday,L10E-178,4,False,PM,measured,6.166666666666667,6537.857142857143,5.318242470328283,46.52266782183971,25.33333333333333,2025-10-01 13:40:00,2025-10-01 17:30:00,2025-10-01 19:50:00,1060.19305019305,0.005525048584581268,0.008969688257523999,0.00589924148129634,0.6576863444889413,220.0,22.93785974952934,46.22022550359364,6.100785049729559,0.010483419686201256,True,False,False,False,False,False,,1.623458711757879,0,False,False,False,False,False,True,0,False,D7_I10,released_monthly_average_weekday,2025-10,corridor_period,1.1496493415609208,0.9725510182682273,0.2159925759172105,1.1491174153228814,0.6233252791378618,0.15803392047185888,1.1175753123820218,5.8399877018878055,0.009067179725975207,0.0056518023336866565,0.009652408279650457,25.164079959902768,1119.4984435915417,0.910659874953013,30.671794496826692,36.49928091776192,0.006446862613441091,False,False,False,True,queue_exceeds_link,released_profile_fit,1.6411040712436358,5.683534165777428,6.07416050601202,0.0066859152266098105,0.013300778246696288,19.505119412494935,30.07133656021383,False,,,,,32.142041026843614,False,636476.0656140473,586650.904090665,,,,,,,,538.2389211808204,453.5802159409739,,,,,,,,5823.083138398059,5254.394906508422,,,,,,,,243.40876686343532,228.75771112967874,,,,,,,,False,,607.0380408807064,-7.889308647840539,40.28490782079551,1.6669337976603038,False,True,True
state_transition,PeMS::D7_I10_E::L10E-187,2025-10-01,2025-10-01 13:35:00,2025-10-01 17:30:00,2025-10-01 20:30:00,2025-10-01 20:25:00,48.8304347826087,post_qc,0,48.8304347826087,48.8304347826087,49.57826086956521,post_qc,0,49.57826086956521,49.57826086956521,163,210,245,MD;PM;NT,PM,415.0,15.582608695652173,29.1297537977999,69.56088838748884,48.69262187124219,9017.45652173913,1427.4225809488755,6.317299895693677,1262.217391304348,170.0,0.5454545454545454,64.43478260869574,33.995652173913044,True,0,4,163,245,speed_mph,True,D7_I10_E,E,90.0,0.2367,False,PeMS_average_weekday,state_transition__PeMS::D7_I10_E::L10E-187__2025-10-01__184,1427.4225809488755,69.56088838748884,0.2367,PeMS_average_weekday,L10E-187,4,False,PM,measured,6.916666666666667,9017.45652173913,6.317299895693677,48.69262187124219,15.582608695652173,2025-10-01 13:35:00,2025-10-01 17:30:00,2025-10-01 20:30:00,1303.7286537454163,0.0034027742527016464,0.01178723690801264,0.005736738193081658,0.4866906670198493,220.0,34.48428103124373,37.806461806879526,7.155734866751955,0.00346122270247753,False,False,False,False,False,False,,3.464007904331037,0,False,False,False,False,False,True,0,False,D7_I10,released_monthly_average_weekday,2025-10,corridor_period,1.1496493415609208,0.9725510182682273,0.2159925759172105,1.1491174153228814,0.6233252791378618,0.15803392047185888,1.1175753123820218,6.9043550239047855,0.006768975570959608,0.004219273587245765,0.006782847534885182,23.270332450508636,1306.0534243268492,0.9149732123886212,34.845207607083005,37.481579649459945,0.0033901254386718626,False,False,False,False,queue_exceeds_link,released_profile_fit,1.9892520244577943,6.749261282805119,7.076252831855654,0.005279111998928392,0.010253418260768617,17.332796384268192,27.263660687378575,False,,,,,25.898536864426088,False,647028.7657613725,647324.7045593198,,,,,,,,485.12363527851966,500.4913096197434,,,,,,,,5946.171311260308,5797.825600841312,,,,,,,,251.442699779487,252.4167554164378,,,,,,,,False,,-2289.4742306274056,-13.526846849224281,33.33938069142842,1.370305320870389,False,True,True
state_transition,PeMS::D7_I10_E::L10E-214,2025-10-01,2025-10-01 13:00:00,2025-10-01 17:30:00,2025-10-01 19:40:00,2025-10-01 19:35:00,49.75652173913043,post_qc,0,49.75652173913043,49.75652173913043,49.65217391304348,post_qc,0,49.65217391304348,49.65217391304348,156,210,235,MD;PM,PM,400.0,16.104347826086958,30.82298913043478,68.96647498221901,48.2765324875533,7837.076086956522,1330.0828675075054,5.892171291284074,1117.108695652174,120.0,0.5217391304347826,189.78260869565247,33.54782608695652,True,0,13,156,235,speed_mph,True,D7_I10_E,E,95.0,0.0889,False,PeMS_average_weekday,state_transition__PeMS::D7_I10_E::L10E-214__2025-10-01__185,1330.0828675075054,68.96647498221901,0.0889,PeMS_average_weekday,L10E-214,4,False,PM,measured,6.666666666666667,7837.076086956522,5.892171291284074,48.2765324875533,16.104347826086958,2025-10-01 13:00:00,2025-10-01 17:30:00,2025-10-01 19:40:00,1175.5614130434783,0.0012890320988990704,0.004231216281230519,0.001840556825929192,0.43499473995073645,220.0,27.592908627761798,42.603751163105784,6.6267546284157355,0.0019328101939629393,False,False,False,False,False,False,,3.282475498355932,0,False,False,False,False,False,True,0,False,D7_I10,released_monthly_average_weekday,2025-10,corridor_period,1.1496493415609208,0.9725510182682273,0.2159925759172105,1.1491174153228814,0.6233252791378618,0.15803392047185888,1.1175753123820218,6.452046434111291,0.002372138467543386,0.001478613872435141,0.00246303418083305,24.281851497124794,1214.6651712738342,0.9132251838940252,33.094564654873835,36.70285993911543,0.0013972096126052898,False,False,False,False,queue_exceeds_link,released_profile_fit,1.840247787133749,6.303089969763607,6.655765566852641,0.001825101283622282,0.0035444805963823676,18.392425910544944,28.54726946681397,False,,,,,28.406286619536925,False,198096.69584914928,192644.42953655662,,,,,,,,155.15051062716927,148.94667568007844,,,,,,,,1822.2378911713663,1725.4382500153222,,,,,,,,76.57173225533276,75.11945938440874,,,,,,,,False,,-728.2769029178603,-10.47176990672433,37.12837780863186,1.5189185951529953,False,True,True
state_transition,PeMS::D7_I10_E::L10E-216,2025-10-01,2025-10-01 13:10:00,2025-10-01 16:15:00,2025-10-01 20:05:00,2025-10-01 20:00:00,50.76818181818182,post_qc,0,50.76818181818182,50.76818181818182,52.45909090909091,post_qc,0,52.45909090909091,52.45909090909091,158,195,240,MD;PM;NT,PM,415.0,16.922727272727276,25.68833515881709,71.13942841022958,49.79759988716071,6969.427272727273,1202.5874356368074,5.7953601261738985,1048.5272727272727,220.0,0.5581395348837209,102.65454545454554,35.53636363636363,True,0,8,158,240,speed_mph,True,D7_I10_E,E,118.0,0.2672,False,PeMS_average_weekday,state_transition__PeMS::D7_I10_E::L10E-216__2025-10-01__186,1202.5874356368074,71.13942841022958,0.2672,PeMS_average_weekday,L10E-216,5,False,PM,measured,6.916666666666667,6969.427272727273,5.7953601261738985,49.79759988716071,16.922727272727276,2025-10-01 13:10:00,2025-10-01 16:15:00,2025-10-01 20:05:00,1007.628039430449,0.0037560043139393236,0.012033412822778373,0.007500730406739455,0.6233252791378618,220.0,20.221401396670952,49.82978279617825,5.921294900996456,0.009457718847897971,False,False,False,False,False,False,,3.2037803519340597,0,False,False,False,False,False,True,0,False,D7_I10,released_monthly_average_weekday,2025-10,corridor_period,1.1496493415609208,0.9725510182682273,0.2159925759172105,1.1491174153228814,0.6233252791378618,0.15803392047185888,1.1175753123820218,6.3489227456520005,0.006785182049359054,0.004229375494917941,0.007486951149226063,25.34819049687991,1097.7338285459873,0.9128099928673405,31.714917937644437,34.612538828076794,0.004669052958015445,False,False,False,False,queue_exceeds_link,released_profile_fit,1.8064894186031186,6.200885231979646,6.558321039902065,0.005184763123752953,0.01009370704642505,19.29282799077002,29.885578574542787,False,,,,,23.736901208940267,False,587317.1671581405,543824.0976087304,,,,,,,,405.94932924861695,319.7648985418737,,,,,,,,5305.164488071719,4917.482943191292,,,,,,,,229.06057424524005,215.8561020018509,,,,,,,,False,,1213.8124049081339,-6.773653822188766,41.55997501911642,1.7737103144327477,False,True,True
state_transition,PeMS::D7_I10_E::L10E-217,2025-10-01,2025-10-01 12:20:00,2025-10-01 17:25:00,2025-10-01 19:50:00,2025-10-01 19:45:00,49.90434782608696,post_qc,0,49.90434782608696,49.90434782608696,49.90434782608696,post_qc,0,49.90434782608696,49.90434782608696,148,209,237,MD;PM,PM,450.0,17.317391304347826,29.42101449275362,69.7552424464421,48.828669712509466,9062.510869565216,1352.099441247501,6.702547603454211,1171.9565217391305,135.0,0.5769230769230769,131.86956521739123,32.58695652173914,True,0,2,148,237,speed_mph,True,D7_I10_E,E,97.0,0.1118,False,PeMS_average_weekday,state_transition__PeMS::D7_I10_E::L10E-217__2025-10-01__187,1352.099441247501,69.7552424464421,0.1118,PeMS_average_weekday,L10E-217,4,False,PM,measured,7.5,9062.510869565216,6.702547603454211,48.828669712509466,17.317391304347826,2025-10-01 12:20:00,2025-10-01 17:25:00,2025-10-01 19:50:00,1208.3347826086954,0.0016027469202166383,0.0048531908151587064,0.002506378409759117,0.516439288134018,220.0,29.678292145102688,40.714431164061665,6.739721386691336,0.002164316206373969,False,False,False,False,False,False,,3.0280456346175453,0,False,False,False,False,False,True,0,False,D7_I10,released_monthly_average_weekday,2025-10,corridor_period,1.1496493415609208,0.9725510182682273,0.2159925759172105,1.1491174153228814,0.6233252791378618,0.15803392047185888,1.1175753123820218,7.3135099730914295,0.0034063231594932243,0.0021232473342248774,0.0035063229324487923,22.319512049325475,1239.1465798103618,0.916461128529922,34.28478115300275,36.14275891919567,0.0016581751635811248,False,False,False,False,queue_exceeds_link,released_profile_fit,2.125303200727912,7.165148318413533,7.523457982692217,0.002721481763699043,0.005153231527869482,16.548324520424433,25.854327149786645,False,,,,,27.20773668898039,False,292991.7055211417,292491.3481757148,,,,,,,,220.45811227374577,226.14520482508937,,,,,,,,2692.984697064929,2619.726722205374,,,,,,,,113.8184400350459,114.05360644184701,,,,,,,,False,,-1260.3771422607506,-11.511855997870365,35.840204483201084,1.4674670565428252,False,True,True
state_transition,PeMS::D7_I10_E::L10E-221,2025-10-01,2025-10-01 07:45:00,2025-10-01 08:15:00,2025-10-01 09:00:00,2025-10-01 08:55:00,49.44347826086957,post_qc,0,49.44347826086957,49.44347826086957,50.76521739130435,post_qc,0,50.76521739130435,50.76521739130435,93,99,107,AM,AM,75.0,32.6608695652174,39.75449275362318,69.76447644752635,48.83513351326844,1485.9130434782608,1416.4074156640904,1.0490717762739066,1157.8695652173913,35.0,0.3333333333333333,33.91304347826099,18.104347826086943,True,0,4,93,107,speed_mph,True,D7_I10_E,E,100.0,0.115,False,PeMS_average_weekday,state_transition__PeMS::D7_I10_E::L10E-221__2025-10-01__188,1416.4074156640904,69.76447644752635,0.115,PeMS_average_weekday,L10E-221,4,False,AM,measured,1.25,1485.9130434782605,1.0490717762739064,48.83513351326844,32.6608695652174,2025-10-01 07:45:00,2025-10-01 08:15:00,2025-10-01 09:00:00,1188.7304347826084,0.0016484033974869395,0.0018726296163575748,0.001287322269302526,0.687440942970067,220.0,22.684586555178996,52.40256117919927,7.092772080208385,0.003421118135130325,True,False,False,False,False,False,,1.1360263023071158,1,False,False,False,True,False,True,1,False,D7_I10,released_monthly_average_weekday,2025-10,corridor_all_periods,1.0595126839963975,1.016582383397227,0.5583298400842733,0.5867351821124374,0.6576863444889413,0.3798746663815558,0.5964646498548676,1.1123881742233046,0.000979703311767062,0.0006443374897997887,0.001049095090273995,43.75773616614038,1335.786443896493,0.9430806624732349,42.17916839676394,31.669340450983782,0.0010780609774916578,False,False,True,True,,released_profile_fit,0.5943346836464066,1.0501740834801554,1.211821540139227,0.0007478341764222192,0.001495561576072318,36.57832273930983,47.99190425617786,True,0.9968671556409979,0.0,-2.651656672014724e-12,1.049022456026076,39.17259752876193,True,43879.102302027335,42425.3118795017,43231.69801679182,-6925.763069933727,-3611.2426732438425,-6630.929738081891,43864.679511202645,46016.947411416055,-0.15116786015473818,43.58121301263445,40.359899862912584,51.36405432654489,-22.99887967244394,-16.196783659709347,-22.01980541676759,52.30522006208927,56.695351574395794,-0.4209867655776771,405.96820017438625,400.04209152024157,348.8069688905547,25.29639899149015,29.90178612053817,24.219518144830484,355.22380773858856,344.2463362138688,0.06818101044244698,16.092262799937437,15.76057079737474,14.197800644596725,0.7731095330863523,1.3014704053895652,0.740197858629021,14.138892394020324,14.351252288412045,0.05235189843739587,True,beta_power,542.4390867555383,-8.040980316275752,40.05855713541102,1.678045281969311,True,True,True
state_transition,PeMS::D7_I10_E::L10E-221,2025-10-01,2025-10-01 12:15:00,2025-10-01 17:55:00,2025-10-01 20:10:00,2025-10-01 20:05:00,50.582608695652176,post_qc,0,50.582608695652176,50.582608695652176,49.86521739130436,post_qc,0,49.86521739130436,49.86521739130436,147,215,241,MD;PM;NT,PM,475.0,18.139130434782608,28.847093821510303,69.76447644752635,48.83513351326844,10059.923913043478,1416.4074156640904,7.102422510494148,1299.9130434782608,125.0,0.5833333333333334,127.95652173913072,31.726086956521755,True,0,2,147,241,speed_mph,True,D7_I10_E,E,100.0,0.115,False,PeMS_average_weekday,state_transition__PeMS::D7_I10_E::L10E-221__2025-10-01__189,1416.4074156640904,69.76447644752635,0.115,PeMS_average_weekday,L10E-221,4,False,PM,measured,7.916666666666667,10059.923913043476,7.102422510494147,48.83513351326844,18.139130434782608,2025-10-01 12:15:00,2025-10-01 17:55:00,2025-10-01 20:10:00,1270.7272311212812,0.0016484033974869395,0.004691481549780559,0.002615153191036192,0.5574258713984528,220.0,31.113286753126282,40.841947724908806,7.092772080208385,0.0020477666957753786,False,False,False,False,False,False,,2.8460761224666973,0,False,False,False,False,False,True,0,False,D7_I10,released_monthly_average_weekday,2025-10,corridor_period,1.1496493415609208,0.9725510182682273,0.2159925759172105,1.1491174153228814,0.6233252791378618,0.15803392047185888,1.1175753123820218,7.737517735299416,0.003737747543480997,0.0023298325308871498,0.003837364011609517,21.35105407560924,1300.148737255746,0.9179200298426594,35.432332919737064,36.693850788795146,0.0015972197529983319,False,False,False,False,queue_exceeds_link,released_profile_fit,2.267495656208517,7.588818134180572,7.99766043988653,0.002877302802174049,0.005847531852854065,15.341648019964692,25.410398940055426,False,,,,,26.972786126391078,False,337712.92616663344,336885.1160232862,,,,,,,,255.61675682514746,260.46908409694834,,,,,,,,3079.7646531636337,3017.3437479910303,,,,,,,,130.9980668172472,131.36444096101326,,,,,,,,False,,-1587.4025530207268,-12.149478153157911,35.05293053787142,1.434746369174026,False,True,True
state_transition,PeMS::D7_I10_E::L10E-222,2025-10-01,2025-10-01 12:25:00,2025-10-01 17:30:00,2025-10-01 19:45:00,2025-10-01 19:40:00,48.95217391304347,post_qc,0,48.95217391304347,48.95217391304347,49.7608695652174,post_qc,0,49.7608695652174,49.7608695652174,149,210,236,MD;PM,PM,440.0,25.26956521739132,34.112203557312256,69.50976829038417,48.65683780326892,8789.923913043476,1253.9108924068198,7.010006824465535,1173.391304347826,125.0,0.4583333333333333,-14.869565217391257,24.49130434782608,False,0,8,149,236,speed_mph,True,D7_I10_E,E,98.0,0.0684,False,PeMS_average_weekday,state_transition__PeMS::D7_I10_E::L10E-222__2025-10-01__190,1253.9108924068198,69.50976829038417,0.0684,PeMS_average_weekday,L10E-222,4,False,PM,measured,7.333333333333333,8789.923913043478,7.0100068244655365,48.65683780326892,25.26956521739132,2025-10-01 12:25:00,2025-10-01 17:30:00,2025-10-01 19:45:00,1198.6259881422925,0.0009840343549161609,0.0017227791344162533,0.0010984296379497605,0.6375916773115275,220.0,44.48617087204944,26.943788702106218,6.208689065656441,0.0005535221184591541,False,False,False,False,False,False,,1.7507306790757657,0,False,False,False,False,False,True,0,False,D7_I10,released_monthly_average_weekday,2025-10,corridor_period,1.1496493415609208,0.9725510182682273,0.2159925759172105,1.1491174153228814,0.6233252791378618,0.15803392047185888,1.1175753123820218,7.639584266898954,0.002198871677943368,0.0013706123024423884,0.0020978866679201296,21.489795581099614,1150.5762101648324,0.9175900912355569,33.17415741567042,34.68290681050837,0.0010778115314149267,False,False,False,False,queue_exceeds_link,released_profile_fit,2.2345476730136222,7.4901032606847116,7.876238489394101,0.0017167218953672762,0.003429013716952335,15.499491270621466,25.326239643108195,False,,,,,32.84570596866205,False,156456.29880979878,143773.1251209598,,,,,,,,134.2113022300121,111.16090452456748,,,,,,,,1442.475720792538,1287.71773990417,,,,,,,,60.12190466141472,56.06266144873913,,,,,,,,False,,-3916.675073893016,-16.829837257757845,29.06312026972749,1.296558026013485,False,True,True
state_transition,PeMS::D7_I10_E::L10E-233,2025-10-01,2025-10-01 11:50:00,2025-10-01 17:35:00,2025-10-01 20:50:00,2025-10-01 20:45:00,50.595454545454544,post_qc,0,50.595454545454544,50.595454545454544,50.10909090909091,post_qc,0,50.10909090909091,50.10909090909091,142,211,249,MD;PM;NT,PM,540.0,29.10909090909091,38.225,71.53006689468943,50.0710468262826,14566.763636363636,1662.8078540463,8.760340890209694,1612.1454545454546,185.0,0.5,13.527272727272702,21.0,True,0,5,142,249,speed_mph,True,D7_I10_E,E,92.0,0.3766,False,PeMS_average_weekday,state_transition__PeMS::D7_I10_E::L10E-233__2025-10-01__191,1662.8078540463,71.53006689468943,0.3766,PeMS_average_weekday,L10E-233,5,False,PM,measured,9.0,14566.763636363636,8.760340890209694,50.0710468262826,29.10909090909091,2025-10-01 11:50:00,2025-10-01 17:35:00,2025-10-01 20:50:00,1618.5292929292928,0.0052649188844524865,0.0076726201536487,0.0048294367773022125,0.6294377514577706,220.0,56.81922612069955,28.48559199822776,8.451214244488149,0.0013631192940330625,False,False,False,False,False,False,,1.4573102306108174,0,False,False,False,False,False,True,0,False,D7_I10,released_monthly_average_weekday,2025-10,corridor_period,1.1496493415609208,0.9725510182682273,0.2159925759172105,1.1491174153228814,0.6233252791378618,0.15803392047185888,1.1175753123820218,9.488884474152629,0.015092648799846791,0.009407629526094217,0.01420257836970457,18.499263067191066,1535.1397391382477,0.9232213664390729,40.02683835079287,38.352760357547425,0.0041437682743857805,False,False,False,False,queue_exceeds_link,released_profile_fit,2.866644127113901,9.06110535109488,10.038007044777016,0.009886771329625113,0.02993434237400732,10.699163329390581,24.855329887773014,False,,,,,37.307978103729276,False,1370494.6594802677,1430071.838904291,,,,,,,,1282.4390198061224,1360.4509585900148,,,,,,,,12818.169028087646,13484.613409191745,,,,,,,,516.4919305148626,531.2571072287822,,,,,,,,False,,-4920.842201895941,-19.233759129190002,25.417221692118687,1.5008807302882898,False,True,True
state_transition,PeMS::D7_I10_E::L10E-303,2025-10-01,2025-10-01 07:35:00,2025-10-01 08:15:00,2025-10-01 09:00:00,2025-10-01 08:55:00,51.98222222222222,post_qc,0,51.98222222222222,51.98222222222222,49.92000000000001,post_qc,0,49.92000000000001,49.92000000000001,91,99,107,AM,AM,85.0,38.90666666666666,43.308496732026136,69.1278888888889,48.38952222222223,8464.133333333333,6372.522666666667,1.3282233388682074,5950.666666666667,35.0,0.3333333333333333,-56.53333333333376,11.01333333333335,False,0,0,91,107,speed_mph,True,D7_I10_E,E,124.0,0.5543,False,PeMS_average_weekday,state_transition__PeMS::D7_I10_E::L10E-303__2025-10-01__192,6372.522666666667,69.1278888888889,0.5543,PeMS_average_weekday,L10E-303,1,False,AM,measured,1.4166666666666667,8464.133333333331,1.3282233388682072,48.38952222222223,38.90666666666666,2025-10-01 07:35:00,2025-10-01 08:15:00,2025-10-01 09:00:00,5974.682352941175,0.008018471400029894,0.006228444295652084,0.004858427424504599,0.7800386732038596,220.0,59.64891923067946,100.1641342374598,49.857213572272755,0.0012742367856182501,False,False,False,False,True,True,metadata_capacity_flag,0.77676205163354,2,False,False,True,True,True,False,2,True,D7_I10,released_monthly_average_weekday,2025-10,corridor_all_periods,1.0595126839963975,1.016582383397227,0.5583298400842733,0.5867351821124374,0.6576863444889413,0.3798746663815558,0.5964646498548676,1.4139087957664107,0.005485799736039912,0.0036079355749944883,0.005492075400310762,41.04627302094586,5986.336147477843,0.9393981725308119,59.9050608850396,99.93039083902912,0.001234503086778918,False,False,False,False,queue_exceeds_link,released_profile_fit,0.6841453267538573,1.346488392359643,1.5239158994439659,0.004389399528443368,0.008360183012833936,33.842856006257946,44.673263886313414,False,,,,,43.046078683470455,False,1126662.9598533039,1060009.9899382782,,,,,,,,1149.5942124582475,1008.405009940928,,,,,,,,10541.056395281272,9995.179637374527,,,,,,,,412.846877199457,393.782903465669,,,,,,,,False,,-5029.984329945411,-19.463773753259893,25.10706553051298,1.5017230981303369,False,False,False
state_transition,PeMS::D7_I10_E::L10E-303,2025-10-01,2025-10-01 12:45:00,2025-10-01 14:55:00,2025-10-01 19:40:00,2025-10-01 19:35:00,48.87333333333333,post_qc,0,48.87333333333333,48.87333333333333,49.43111111111111,post_qc,0,49.43111111111111,49.43111111111111,153,179,235,MD;PM,MD,415.0,30.242222222222225,36.61303882195449,69.1278888888889,48.38952222222223,39082.71111111111,6372.522666666667,6.133004644384334,5616.266666666666,275.0,0.6111111111111112,405.333333333333,19.188888888888883,True,0,5,153,235,speed_mph,True,D7_I10_E,E,124.0,0.5543,False,PeMS_average_weekday,state_transition__PeMS::D7_I10_E::L10E-303__2025-10-01__193,6372.522666666667,69.1278888888889,0.5543,PeMS_average_weekday,L10E-303,1,False,MD,measured,6.916666666666667,39082.711111111115,6.133004644384335,48.38952222222223,30.242222222222225,2025-10-01 12:45:00,2025-10-01 14:55:00,2025-10-01 19:40:00,5650.512449799197,0.008018471400029894,0.010310208150267702,0.007377722273893289,0.7155745224893183,220.0,52.97383556586626,106.66610015001652,49.857213572272755,0.0024451847441584584,False,False,False,False,True,True,metadata_capacity_flag,1.2858071864207516,1,False,False,True,False,False,False,1,False,D7_I10,released_monthly_average_weekday,2025-10,corridor_all_periods,1.0595126839963975,1.016582383397227,0.5583298400842733,0.5867351821124374,0.6576863444889413,0.3798746663815558,0.5964646498548676,6.6963933179765744,0.013662568951169414,0.008985685029822721,0.01392449498377937,25.566116340415295,5836.3822516507435,0.9158668484899455,56.698002413681685,102.93805783609719,0.0017578871382427509,False,False,False,False,queue_exceeds_link,released_profile_fit,1.703886971663761,6.538184899838803,6.850217197676611,0.010405149235055892,0.021694359320993076,18.65524237182586,30.086378163092515,False,,,,,36.002404993048906,False,5322401.686662034,5852133.527697065,,,,,,,,4697.765880662844,5567.231275354882,,,,,,,,49339.450290187546,55181.674160108974,,,,,,,,2024.9690873927916,2174.007937547383,,,,,,,,False,,-4736.647706118574,-18.642290421499002,26.50055087577225,1.3605466324981625,False,False,False
state_transition,PeMS::D7_I10_E::L10E-304,2025-10-01,2025-10-01 07:40:00,2025-10-01 08:10:00,2025-10-01 08:40:00,2025-10-01 08:35:00,49.34782608695652,post_qc,0,49.34782608695652,49.34782608695652,47.695652173913054,post_qc,0,47.695652173913054,47.695652173913054,92,98,103,AM,AM,60.0,43.621739130434776,45.6945652173913,67.86650512480273,47.50655358736191,1558.4239130434785,1513.8328349530211,1.0294557477291348,1558.7608695652175,20.0,0.6666666666666666,-15.521739130434751,4.073913043478278,False,0,5,92,103,speed_mph,True,D7_I10_E,E,125.0,0.1802,False,PeMS_average_weekday,state_transition__PeMS::D7_I10_E::L10E-304__2025-10-01__194,1513.8328349530211,67.86650512480273,0.1802,PeMS_average_weekday,L10E-304,4,False,AM,measured,1.0,1558.423913043478,1.0294557477291346,47.50655358736191,43.621739130434776,2025-10-01 07:40:00,2025-10-01 08:10:00,2025-10-01 08:40:00,1558.423913043478,0.002655212606994013,0.0014757551992453976,0.0012922590520909754,0.875659494712775,220.0,94.54841106606523,16.482814417204082,7.6574560943379,-0.0007493106677844143,False,False,False,False,False,False,,0.5557954927444065,1,False,False,False,True,False,True,1,False,D7_I10,released_monthly_average_weekday,2025-10,corridor_all_periods,1.0595126839963975,1.016582383397227,0.5583298400842733,0.5867351821124374,0.6576863444889413,0.3798746663815558,0.5964646498548676,1.0912466121434665,0.0015604176193403441,0.0010262653599400872,0.0014824844302527137,42.74568458929814,1428.1134032410555,0.9433758934719989,42.62989216283624,33.500281862923686,0.0015718682242611554,False,False,True,False,,released_profile_fit,0.5876808566026301,1.0294557477291346,1.1898819591724312,0.001187326152033313,0.0023823723259165457,35.77144097688621,46.8960803252782,True,0.9949135059167088,0.0,-2.6517676943171864e-12,1.049022456026076,45.64947276702419,True,62561.6909292974,59830.247996786355,70416.1696996149,-8669.949694595889,-3617.468844541693,-13866.340208495885,71440.06190989951,74966.92768960267,-0.1940975390808615,63.34061985239732,56.91750304115585,81.80617579650003,-26.377088260478374,-16.174401700313748,-42.186366981724916,83.37703556399607,90.57324176536902,-0.5059710590135428,607.2091603822516,564.1589061923538,577.5602188992309,18.340185790632564,29.981878274079648,29.332494953050222,588.5253723297898,569.3644885577305,0.04984066334630902,23.421226148451534,22.2263271052921,23.461428391975957,0.4756426185611003,1.277257312262411,0.7607221032365485,23.396243109725493,23.783537158579197,0.03251471185646583,True,beta_power,,,,,True,False,True
state_transition,PeMS::D7_I10_E::L10E-304,2025-10-01,2025-10-01 13:25:00,2025-10-01 15:20:00,2025-10-01 19:35:00,2025-10-01 19:30:00,47.91739130434784,post_qc,0,47.91739130434784,47.91739130434784,48.26521739130435,post_qc,0,48.26521739130435,48.26521739130435,161,184,234,MD;PM,MD,370.0,38.72608695652176,42.40446533490012,67.86650512480273,47.50655358736191,9173.152173913042,1513.8328349530211,6.059554240146808,1490.413043478261,240.0,0.4893617021276595,12.91304347826076,9.539130434782583,True,0,0,161,234,speed_mph,True,D7_I10_E,E,125.0,0.1802,False,PeMS_average_weekday,state_transition__PeMS::D7_I10_E::L10E-304__2025-10-01__195,1513.8328349530211,67.86650512480273,0.1802,PeMS_average_weekday,L10E-304,4,False,MD,measured,6.166666666666667,9173.152173913044,6.059554240146809,47.50655358736191,38.72608695652176,2025-10-01 13:25:00,2025-10-01 15:20:00,2025-10-01 19:35:00,1487.5381903642774,0.002655212606994013,0.001997981509992624,0.001604847108412953,0.8032342143240744,220.0,57.79114209978561,25.739899512555155,7.6574560943379,0.00046291230718151926,False,False,False,False,False,False,,0.752475151982106,0,False,False,False,False,False,True,0,False,D7_I10,released_monthly_average_weekday,2025-10,corridor_all_periods,1.0595126839963975,1.016582383397227,0.5583298400842733,0.5867351821124374,0.6576863444889413,0.3798746663815558,0.5964646498548676,6.614873888087836,0.004491785542915919,0.0029541860139486445,0.00431062803839378,25.213382768578292,1386.746343030393,0.9160498510877048,35.64673782242281,38.90247545058921,0.0023999484261889195,False,False,False,False,queue_exceeds_link,released_profile_fit,1.691685830010089,6.459694050249179,6.768015452335861,0.0034262669170062967,0.007125187661603557,18.424604297022025,29.630949023579557,False,,,,,42.299876536539436,False,383965.94263053685,380058.51205426536,,,,,,,,370.7444465335989,361.5559393440543,,,,,,,,3645.2805535970665,3583.6955658473053,,,,,,,,142.89720964162058,141.18786217503944,,,,,,,,False,,-4982.520087747524,-19.245746938766402,25.56694089131923,1.420724047194596,False,True,True
state_transition,PeMS::D7_I10_E::L10E-308,2025-10-01,2025-10-01 07:35:00,2025-10-01 08:15:00,2025-10-01 09:00:00,2025-10-01 08:55:00,51.991304347826095,post_qc,0,51.991304347826095,51.991304347826095,48.40434782608694,post_qc,0,48.40434782608694,48.40434782608694,91,99,107,AM,AM,85.0,35.652173913043484,40.7851662404092,69.17804347826088,48.42463043478261,8079.956521739129,6106.502608695652,1.3231725325447796,5659.04347826087,40.0,0.2857142857142857,-59.47826086956593,12.752173913043457,False,0,4,91,107,speed_mph,True,D7_I10_E,E,123.0,0.5263,False,PeMS_average_weekday,state_transition__PeMS::D7_I10_E::L10E-308__2025-10-01__196,6106.502608695652,69.17804347826088,0.5263,PeMS_average_weekday,L10E-308,1,False,AM,measured,1.4166666666666667,8079.956521739129,1.3231725325447796,48.42463043478261,35.652173913043484,2025-10-01 07:35:00,2025-10-01 08:15:00,2025-10-01 09:00:00,5703.49872122762,0.007607905247643917,0.007154167923087788,0.005434906515676743,0.7596839456531795,220.0,58.81972447834914,96.96575038067395,46.357000094482004,0.0013397735228291576,False,False,False,False,True,True,metadata_capacity_flag,0.940359756097561,2,False,False,True,True,True,False,2,True,D7_I10,released_monthly_average_weekday,2025-10,corridor_all_periods,1.0595126839963975,1.016582383397227,0.5583298400842733,0.5867351821124374,0.6576863444889413,0.3798746663815558,0.5964646498548676,1.4084431702285998,0.005193098155262714,0.003415429742306998,0.005210867155842764,41.113964541287196,5736.799817366928,0.939457523394444,59.60473213386736,96.2473886214696,0.0012219305918658243,False,False,False,False,queue_exceeds_link,released_profile_fit,0.6825923807175382,1.3411941133308956,1.5182829819517287,0.00415261127948312,0.007914329965926255,33.906228474433085,44.751443232078024,False,,,,,40.35172856516067,False,1070596.5437012818,1024935.2482887787,,,,,,,,1068.2054264346573,975.0378289355881,,,,,,,,9923.009169658662,9664.448467999733,,,,,,,,391.5047169115269,380.7529945627799,,,,,,,,False,,-5010.290285079007,-19.392904241224233,25.243909219498097,1.4815048253768697,False,False,False
state_transition,PeMS::D7_I10_E::L10E-308,2025-10-01,2025-10-01 12:40:00,2025-10-01 14:55:00,2025-10-01 19:45:00,2025-10-01 19:40:00,49.55217391304348,post_qc,0,49.55217391304348,49.55217391304348,49.66521739130435,post_qc,0,49.66521739130435,49.66521739130435,152,179,236,MD;PM,MD,425.0,26.14782608695653,33.30803069053708,69.17804347826088,48.42463043478261,38057.08695652175,6106.502608695652,6.232223155416081,5312.869565217391,275.0,0.5740740740740741,566.086956521739,23.51739130434782,True,0,9,152,236,speed_mph,True,D7_I10_E,E,123.0,0.5263,False,PeMS_average_weekday,state_transition__PeMS::D7_I10_E::L10E-308__2025-10-01__197,6106.502608695652,69.17804347826088,0.5263,PeMS_average_weekday,L10E-308,1,False,MD,measured,7.083333333333333,38057.08695652173,6.232223155416078,48.42463043478261,26.14782608695653,2025-10-01 12:40:00,2025-10-01 14:55:00,2025-10-01 19:45:00,5372.765217391303,0.007607905247643917,0.01251996305963908,0.008702852405763238,0.6951180578015316,220.0,51.611458851132234,104.10023930709792,46.357000094482004,0.002589442622681864,False,False,False,False,True,True,metadata_capacity_flag,1.6456518124376447,1,False,False,True,False,False,False,1,False,D7_I10,released_monthly_average_weekday,2025-10,corridor_all_periods,1.0595126839963975,1.016582383397227,0.5583298400842733,0.5867351821124374,0.6576863444889413,0.3798746663815558,0.5964646498548676,6.806537329189586,0.013087691764875814,0.008607596154639194,0.013397392912069287,25.430529966427958,5591.255158965382,0.9156231508037745,56.25738883226025,99.38703653019765,0.0017473103235807182,False,False,False,False,queue_exceeds_link,released_profile_fit,1.7202753371473607,6.646854225721898,6.961203921417803,0.009946378170982581,0.020809413953711615,18.52040126994902,29.98128680080082,False,,,,,32.26704799271303,False,5251690.418759513,4875563.012990554,,,,,,,,4445.902985053905,3769.633539888497,,,,,,,,48209.21909812268,43668.446231285816,,,,,,,,2019.9429986193843,1901.1692090529357,,,,,,,,False,,-4638.490446001128,-18.40961132637594,26.850591158644807,1.3421485897555483,False,False,False
state_transition,PeMS::D7_I10_E::L10E-311,2025-10-01,2025-10-01 05:55:00,2025-10-01 06:40:00,2025-10-01 07:30:00,2025-10-01 07:25:00,54.22173913043478,post_qc,0,54.22173913043478,54.22173913043478,49.33478260869565,post_qc,0,49.33478260869565,49.33478260869565,71,80,89,NT;AM,AM,95.0,36.49565217391304,41.697254004576656,70.05652173913042,49.03956521739129,8219.521739130434,6515.966086956521,1.261443296272527,5210.347826086956,40.0,0.5714285714285714,136.17391304347802,12.83913043478261,True,0,0,71,89,speed_mph,True,D7_I10_E,E,127.0,0.028,False,PeMS_average_weekday,state_transition__PeMS::D7_I10_E::L10E-311__2025-10-01__198,6515.966086956521,70.05652173913042,0.028,PeMS_average_weekday,L10E-311,1,False,AM,measured,1.5833333333333333,8219.521739130434,1.261443296272527,49.03956521739129,36.49565217391304,2025-10-01 05:55:00,2025-10-01 06:40:00,2025-10-01 07:30:00,5191.276887871853,0.00039967727921554037,0.0003675373979348053,0.00027907024414021084,0.7592975455240966,220.0,43.68767367166393,118.82703864909485,51.31091171549867,0.00024123576665718955,False,False,False,False,True,True,metadata_capacity_flag,0.9195854181558255,2,False,False,True,True,True,False,2,True,D7_I10,released_monthly_average_weekday,2025-10,corridor_all_periods,1.0595126839963975,1.016582383397227,0.5583298400842733,0.5867351821124374,0.6576863444889413,0.3798746663815558,0.5964646498548676,1.3416725079544858,0.0002651520592573922,0.0001743868885867094,0.0002922109066207452,42.116071568553345,6126.324934288114,0.9402020901477096,60.89552722122152,100.60385735773951,6.0126605859327015e-05,False,False,False,False,queue_exceeds_link,released_profile_fit,0.6634153929835961,1.2757875129362917,1.449389977512368,0.00021037726044100045,0.0004042319180368966,34.82986822813048,45.89754348334335,False,,,,,41.25245254902298,False,57875.2860325272,54258.90001657846,,,,,,,,59.47308644042121,51.617387694419314,,,,,,,,547.5780440665151,511.6248504635544,,,,,,,,21.317708865879087,20.15662813576484,,,,,,,,False,,-3826.177388854745,-16.650809842867417,29.288083863875862,1.3038509140890755,False,False,False
state_transition,PeMS::D7_I10_E::L10E-311,2025-10-01,2025-10-01 08:40:00,2025-10-01 09:10:00,2025-10-01 09:25:00,2025-10-01 09:20:00,49.25652173913043,post_qc,0,49.25652173913043,49.25652173913043,49.2913043478261,post_qc,0,49.2913043478261,49.2913043478261,104,110,112,AM,AM,45.0,48.22608695652174,48.92657004830918,70.05652173913042,49.03956521739129,3875.0,6515.966086956521,0.5946930889890398,,0.0,,,,False,0,2,104,112,speed_mph,True,D7_I10_E,E,127.0,0.028,False,PeMS_average_weekday,state_transition__PeMS::D7_I10_E::L10E-311__2025-10-01__199,6515.966086956521,70.05652173913042,0.028,PeMS_average_weekday,L10E-311,1,False,AM,measured,0.75,3875.0,0.5946930889890398,49.03956521739129,48.22608695652174,2025-10-01 08:40:00,2025-10-01 09:10:00,2025-10-01 09:25:00,5166.666666666667,0.00039967727921554037,0.0001809213504274456,0.00017258843625209076,0.953941786551629,220.0,43.30576615417856,119.30666803751113,51.31091171549867,0.00024688788950387474,True,False,False,False,True,True,metadata_capacity_flag,0.4526685899747562,1,False,False,False,True,False,False,1,False,D7_I10,released_monthly_average_weekday,2025-10,corridor_all_periods,1.0595126839963975,1.016582383397227,0.5583298400842733,0.5867351821124374,0.6576863444889413,0.3798746663815558,0.5964646498548676,0.6246781133515265,0.00016931859490114018,0.00011135852773453477,0.0001884926183850616,49.20949566368598,6203.194760914271,0.9519992397338674,62.59168069438585,99.10573884734598,4.766651614784974e-05,False,True,False,True,queue_exceeds_link,released_profile_fit,0.4236382794475265,0.5946930889890398,0.6986634779302859,0.00011745464412918864,0.00026421648093620113,42.175849944574516,54.14479150423488,False,,,,,48.928319910130554,False,27801.89961991124,27801.899619911237,,,,,,,,35.17899045645996,35.17899045645996,,,,,,,,301.6317804182221,301.63178041822215,,,,,,,,10.73945791092769,10.739457910927689,,,,,,,,False,,-3775.2520050569874,-16.544043741682884,29.431264854601636,1.3038391885707226,False,False,False
state_transition,PeMS::D7_I10_E::L10E-326,2025-10-01,2025-10-01 14:45:00,2025-10-01 16:45:00,2025-10-01 19:05:00,2025-10-01 19:00:00,47.361904761904775,post_qc,0,47.361904761904775,47.361904761904775,48.43809523809525,post_qc,0,48.43809523809525,48.43809523809525,177,201,228,MD;PM,PM,260.0,37.27142857142858,41.78717948717948,68.11886697127713,47.68320687989399,5053.809523809524,1184.4052636924334,4.266959695918658,1159.542857142857,125.0,0.6666666666666666,20.114285714285412,11.166666666666671,True,0,3,177,228,speed_mph,True,D7_I10_E,E,143.0,0.5114,False,PeMS_average_weekday,state_transition__PeMS::D7_I10_E::L10E-326__2025-10-01__200,1184.4052636924334,68.11886697127713,0.5114,PeMS_average_weekday,L10E-326,5,False,PM,measured,4.333333333333333,5053.809523809523,4.266959695918658,47.68320687989399,37.27142857142858,2025-10-01 14:45:00,2025-10-01 16:45:00,2025-10-01 19:05:00,1166.263736263736,0.007507464858680576,0.006213501028632567,0.004783576170379829,0.7698680902017282,220.0,56.916602672965,20.49074754101062,5.84566240356933,0.0014776111294003424,False,False,False,False,False,False,,0.8276430387080866,0,False,False,False,False,False,True,0,False,D7_I10,released_monthly_average_weekday,2025-10,corridor_period,1.1496493415609208,0.9725510182682273,0.2159925759172105,1.1491174153228814,0.6233252791378618,0.15803392047185888,1.1175753123820218,4.713980951869549,0.009632384427332856,0.006004108711930445,0.008744107630588539,29.836901799207528,1072.0895089330388,0.9051711789854382,29.29138185353917,36.600851209192854,0.00995159537128974,False,False,True,False,,released_profile_fit,1.2830408944499183,4.455602417352545,5.085264200296078,0.006127477549565244,0.01374296870404541,24.06549864130467,37.50657796447828,True,0.9936731982917498,-5.610855695403231e-13,-1.3999912340523224e-12,1.2563485648097295,41.60754152482837,True,619121.1545562017,604120.6996149082,671608.2344933054,-1772.5858233025315,-1103.423755726702,-53786.673813213674,728397.2722729123,710405.3703730514,-0.07384249757742249,609.9842757418043,574.7099988521467,662.0178669398194,-12.23761752688101,-11.187865846183918,-371.33363785053547,779.9712495704996,734.943269423113,-0.47608631479046787,5932.8730232459775,5696.450951050922,5778.627620379023,21.472516732164443,36.26753959372145,651.5539266075841,5778.855988213048,5895.7376318606675,0.11274790857161666,230.9867904300671,224.42468032958982,240.84396442144214,1.2465459597049122,1.4708926175279484,37.82471914556452,245.3723439767963,244.47140760904574,0.15415233246148322,True,beta_power,-4948.20910068553,-19.15569674771953,25.71330651314122,1.4083363088086216,True,True,True
state_transition,PeMS::D7_I10_E::L10E-331,2025-10-01,2025-10-01 13:40:00,2025-10-01 16:45:00,2025-10-01 19:05:00,2025-10-01 19:00:00,48.70909090909091,post_qc,0,48.70909090909091,48.70909090909091,48.07272727272727,post_qc,0,48.07272727272727,48.07272727272727,164,201,228,MD;PM,PM,325.0,26.68636363636363,36.70755244755244,68.2165909090909,47.75161363636362,24199.18181818182,5029.729090909091,4.811229666806563,4356.545454545454,130.0,0.6,588.545454545455,21.38636363636364,True,0,1,164,228,speed_mph,True,D7_I10_E,E,141.0,0.5195,False,PeMS_average_weekday,state_transition__PeMS::D7_I10_E::L10E-331__2025-10-01__201,5029.729090909091,68.2165909090909,0.5195,PeMS_average_weekday,L10E-331,1,False,PM,measured,5.416666666666667,24199.181818181823,4.811229666806564,47.75161363636362,26.68636363636363,2025-10-01 13:40:00,2025-10-01 16:45:00,2025-10-01 19:05:00,4467.541258741259,0.007615449454111737,0.01185142160703628,0.0070253023514581575,0.592781404999311,220.0,49.59493511187048,90.08059489671476,34.38702059318689,0.0028594105054420434,False,False,False,False,True,True,metadata_capacity_flag,1.5562340316811445,1,False,False,True,False,False,False,1,False,D7_I10,released_monthly_average_weekday,2025-10,corridor_period,1.1496493415609208,0.9725510182682273,0.2159925759172105,1.1491174153228814,0.6233252791378618,0.15803392047185888,1.1175753123820218,5.29778401621514,0.011173871568648762,0.006964956614578608,0.011462483150187644,27.648684024861893,4567.793202613473,0.9081588928655151,52.40386652784687,87.16519419776392,0.0022979411870911026,False,False,False,False,queue_exceeds_link,released_profile_fit,1.4672635720293252,5.09807716242845,5.595516105607898,0.007902975715038046,0.01604363166124608,21.957765088866235,33.47633948221679,False,,,,,35.4831505170631,False,3164264.4221796226,3445722.031852399,,,,,,,,2846.6319043216577,3277.9722764557296,,,,,,,,29590.800896444183,32490.835950356723,,,,,,,,1207.594795822034,1280.0506024641043,,,,,,,,False,,-4450.943541398619,-17.956849805343296,27.54195366524594,1.3014014948373847,False,False,False
state_transition,PeMS::D7_I10_E::L10E-333,2025-10-01,2025-10-01 14:45:00,2025-10-01 16:50:00,2025-10-01 19:05:00,2025-10-01 19:00:00,48.35714285714287,post_qc,0,48.35714285714287,48.35714285714287,49.08095238095238,post_qc,0,49.08095238095238,49.08095238095238,177,202,228,MD;PM,PM,260.0,30.27142857142857,36.72582417582418,68.55666666666667,47.989666666666665,18548.28571428571,4757.185714285714,3.899003912877661,4233.142857142857,125.0,0.5833333333333334,525.1428571428573,18.809523809523814,True,0,1,177,228,speed_mph,True,D7_I10_E,E,140.0,0.1566,False,PeMS_average_weekday,state_transition__PeMS::D7_I10_E::L10E-333__2025-10-01__202,4757.185714285714,68.55666666666667,0.1566,PeMS_average_weekday,L10E-333,1,False,PM,measured,4.333333333333333,18548.28571428571,3.899003912877661,47.989666666666665,30.27142857142857,2025-10-01 14:45:00,2025-10-01 16:50:00,2025-10-01 19:05:00,4280.3736263736255,0.0022842417464870907,0.002888953156769162,0.0020419170771207775,0.7068017258557212,220.0,50.66362704655519,84.48612694942582,31.58623932751282,0.0008067331625161489,False,False,False,False,True,True,metadata_capacity_flag,1.2647317917256569,1,False,False,True,False,False,False,1,False,D7_I10,released_monthly_average_weekday,2025-10,corridor_period,1.1496493415609208,0.9725510182682273,0.2159925759172105,1.1491174153228814,0.6233252791378618,0.15803392047185888,1.1175753123820218,4.318152635250176,0.0026497986336319586,0.0016516864729677657,0.002660506051183434,31.738694444211568,4295.421510317015,0.9029333240907472,51.13005349829739,84.00972063250532,0.0007785361949679225,False,False,False,False,queue_exceeds_link,released_profile_fit,1.1600342379290869,4.026002608734459,4.7203236053782796,0.0014921643570549076,0.003890924018900625,25.35964439942357,41.467998266702175,False,,,,,36.198393629339975,False,731241.312005613,780409.2623522452,,,,,,,,665.6881561686376,742.4162200642386,,,,,,,,6842.949395275558,7358.73325904771,,,,,,,,276.95406233733485,289.91408395921076,,,,,,,,False,,-4552.883019414938,-18.19514376293587,27.187654440985156,1.3182187132474517,False,False,False
state_transition,PeMS::D7_I10_E::L10E-337,2025-10-01,2025-10-01 14:15:00,2025-10-01 16:55:00,2025-10-01 19:10:00,2025-10-01 19:05:00,50.586956521739125,post_qc,0,50.586956521739125,50.586956521739125,49.56956521739131,post_qc,0,49.56956521739131,49.56956521739131,171,203,229,MD;PM,PM,295.0,24.295652173913044,33.90854826823876,70.70782608695652,49.49547826086956,24587.565217391308,6020.026956521739,4.084294870267085,4897.565217391304,125.0,0.7083333333333334,759.1304347826081,25.273913043478263,True,0,0,171,229,speed_mph,True,D7_I10_E,E,139.0,0.5126,False,PeMS_average_weekday,state_transition__PeMS::D7_I10_E::L10E-337__2025-10-01__203,6020.026956521739,70.70782608695652,0.5126,PeMS_average_weekday,L10E-337,1,False,PM,measured,4.916666666666667,24587.565217391304,4.084294870267084,49.49547826086956,24.295652173913044,2025-10-01 14:15:00,2025-10-01 16:55:00,2025-10-01 19:10:00,5000.860722181282,0.00724955112280788,0.01384887407404251,0.008535915466003782,0.6163616926810667,220.0,46.31678258661393,107.97081409593822,44.638909778955814,0.003817711570610446,False,False,False,False,True,True,metadata_capacity_flag,1.9103078024337865,1,False,False,True,False,False,False,1,False,D7_I10,released_monthly_average_weekday,2025-10,corridor_period,1.1496493415609208,0.9725510182682273,0.2159925759172105,1.1491174153228814,0.6233252791378618,0.15803392047185888,1.1175753123820218,4.517601740363236,0.008857599962825135,0.005521165969319492,0.009762495867987839,31.82437398611231,5442.614606265482,0.9040847566918744,55.494610398333826,98.07465206439022,0.0019873819112402377,False,False,False,False,queue_exceeds_link,released_profile_fit,1.2218135733891382,4.241272726457122,4.905193686772296,0.005321831950919126,0.012964310376467733,25.358836496734426,40.775148296769025,False,,,,,32.47290772914611,False,3374552.3376285825,3048512.95126523,,,,,,,,2958.870302985277,2357.0153102841546,,,,,,,,31163.907109549287,27304.29768685302,,,,,,,,1291.1212584942305,1188.7322430050144,,,,,,,,False,,-4159.217284943442,-17.375495482672193,28.278834757626168,1.3220094245248846,False,False,False
state_transition,PeMS::D7_I10_E::L10E-349,2025-10-01,2025-10-01 12:45:00,2025-10-01 15:55:00,2025-10-01 19:55:00,2025-10-01 19:50:00,48.19473684210527,post_qc,0,48.19473684210527,48.19473684210527,49.03684210526317,post_qc,0,49.03684210526317,49.03684210526317,153,191,238,MD;PM,MD,430.0,18.03157894736842,27.44706242350061,68.57092217078552,47.999645519549865,6995.184210526316,1137.8021127147088,6.147979628756658,980.6842105263158,230.0,0.6,200.63157894736844,31.00526315789475,True,0,0,153,238,speed_mph,True,D7_I10_E,E,119.0,0.1069,False,PeMS_average_weekday,state_transition__PeMS::D7_I10_E::L10E-349__2025-10-01__204,1137.8021127147088,68.57092217078552,0.1069,PeMS_average_weekday,L10E-349,6,False,MD,measured,7.166666666666667,6995.184210526315,6.147979628756657,47.999645519549865,18.03157894736842,2025-10-01 12:45:00,2025-10-01 15:55:00,2025-10-01 19:55:00,976.0722154222765,0.0015589698463402682,0.004369518186350917,0.0026139002139421524,0.598212457864852,220.0,21.4493955014783,45.505814620976395,5.593723443002546,0.0034248535902051767,False,False,False,False,False,False,,2.8028240550056185,0,False,False,False,False,False,True,0,False,D7_I10,released_monthly_average_weekday,2025-10,corridor_all_periods,1.0595126839963975,1.016582383397227,0.5583298400842733,0.5867351821124374,0.6576863444889413,0.3798746663815558,0.5964646498548676,6.7130153993125194,0.0026601751286144436,0.0017495608560388323,0.002764224110620387,25.33688712631816,1042.0330945826063,0.9158298116501077,30.908142736525722,33.713869625404016,0.0018996656631195359,False,False,False,False,queue_exceeds_link,released_profile_fit,1.7063672750690402,6.5545814031955745,6.8669766404266,0.0020252902709194487,0.004224868346168788,18.482538783678077,29.82484515056436,False,,,,,25.617859759756087,False,223700.09593817618,229270.99364856025,,,,,,,,161.71923068249308,177.26519482537756,,,,,,,,2045.1514488975479,2053.4875729961204,,,,,,,,87.33593505779122,89.40156295636794,,,,,,,,False,,942.432758365472,-7.268485890046129,41.00111579421941,1.7231226240568245,False,True,True
state_transition,PeMS::D7_I10_E::L10E-351,2025-10-01,2025-10-01 07:45:00,2025-10-01 08:20:00,2025-10-01 08:45:00,2025-10-01 08:40:00,51.5608695652174,post_qc,0,51.5608695652174,51.5608695652174,50.97608695652175,post_qc,0,50.97608695652175,50.97608695652175,93,100,104,AM,AM,60.0,44.15652173913045,46.47536231884058,69.81641304347826,48.87148913043478,5402.826086956521,5912.872173913043,0.9137397068709197,5351.478260869565,15.0,1.0,144.52173913043498,6.8195652173913,False,0,2,93,104,speed_mph,True,D7_I10_E,E,121.0,0.8836,False,PeMS_average_weekday,state_transition__PeMS::D7_I10_E::L10E-351__2025-10-01__205,5912.872173913043,69.81641304347826,0.8836,PeMS_average_weekday,L10E-351,1,False,AM,measured,1.0,5402.826086956522,0.9137397068709198,48.87148913043478,44.15652173913045,2025-10-01 07:45:00,2025-10-01 08:20:00,2025-10-01 08:45:00,5402.826086956522,0.012656049795192671,0.007354584312723827,0.006385101056226842,0.8681797345337756,220.0,56.06716996975521,96.36345279904468,43.69926376360966,0.0031036184826363665,False,False,False,False,True,True,metadata_capacity_flag,0.5811121504529339,2,False,False,True,True,True,False,2,True,D7_I10,released_monthly_average_weekday,2025-10,corridor_all_periods,1.0595126839963975,1.016582383397227,0.5583298400842733,0.5867351821124374,0.6576863444889413,0.3798746663815558,0.5964646498548676,0.9666716936001235,0.006927103660520149,0.004555861484383462,0.007066250258248525,45.12041444184441,5589.10136991295,0.945243057100315,60.684620066998676,92.1007886964163,0.0019044763978437842,False,False,False,False,queue_exceeds_link,released_profile_fit,0.5473353670867643,0.9137397068709198,1.060093076404703,0.005166281498467822,0.010585097146929177,38.01936963162309,49.57825035422959,False,,,,,46.40475814171327,False,1146542.291160338,1000530.565592856,,,,,,,,1250.814599780081,951.8212512333156,,,,,,,,10295.862834333868,9434.328761719345,,,,,,,,406.7625381279447,371.6869037698824,,,,,,,,False,,-4910.160080590853,-19.114430445030703,25.714234212839177,1.4346392533972363,False,False,False
state_transition,PeMS::D7_I10_E::L10E-351,2025-10-01,2025-10-01 13:05:00,2025-10-01 16:00:00,2025-10-01 19:25:00,2025-10-01 19:20:00,49.07608695652174,post_qc,0,49.07608695652174,49.07608695652174,49.88695652173914,post_qc,0,49.88695652173914,49.88695652173914,157,192,232,MD;PM,PM,380.0,22.94347826086957,32.95054347826088,69.81641304347826,48.87148913043478,32677.652173913048,5912.872173913043,5.526527753818751,5121.652173913043,195.0,0.6052631578947368,900.260869565217,26.94347826086957,True,0,8,157,232,speed_mph,True,D7_I10_E,E,121.0,0.8836,False,PeMS_average_weekday,state_transition__PeMS::D7_I10_E::L10E-351__2025-10-01__206,5912.872173913043,69.81641304347826,0.8836,PeMS_average_weekday,L10E-351,1,False,PM,measured,6.333333333333333,32677.652173913033,5.5265277538187485,48.87148913043478,22.94347826086957,2025-10-01 13:05:00,2025-10-01 16:00:00,2025-10-01 19:25:00,5159.629290617848,0.012656049795192671,0.025855983557090817,0.015450544378771084,0.5975616570398802,220.0,50.61998989880487,101.92869064044729,43.69926376360966,0.0047995048536015545,False,False,False,False,True,True,metadata_capacity_flag,2.0429742277809355,1,False,False,True,False,False,False,1,False,D7_I10,released_monthly_average_weekday,2025-10,corridor_period,1.1496493415609208,0.9725510182682273,0.2159925759172105,1.1491174153228814,0.6233252791378618,0.15803392047185888,1.1175753123820218,6.062310678720985,0.021681043050783087,0.013514342211629367,0.022798521756274205,25.733104545673744,5390.296523174445,0.9116206751358255,55.77120273625079,96.65017533629052,0.0031872520639882823,False,False,False,False,queue_exceeds_link,released_profile_fit,1.7130971670969963,5.914381062990152,6.271913063040866,0.016242756295927283,0.03208454545638195,19.749402164115363,30.57566171497529,False,,,,,31.437462487664664,False,7741575.477935132,7213967.226619212,,,,,,,,6465.386165457207,5577.614880715085,,,,,,,,71941.22396507705,64612.587122866804,,,,,,,,2979.1877302166818,2813.00279164129,,,,,,,,False,,-4565.988166866115,-18.258830071759487,27.051073785117413,1.3429664291630732,False,False,False
state_transition,PeMS::D7_I10_W::L10W-001,2025-10-01,2025-10-01 06:00:00,2025-10-01 06:15:00,2025-10-01 07:45:00,2025-10-01 07:40:00,47.23571428571428,post_qc,0,47.23571428571428,47.23571428571428,47.13571428571428,post_qc,0,47.13571428571428,47.13571428571428,72,75,92,AM,AM,105.0,36.41428571428572,41.07140240711669,66.51032340696449,46.557226384875136,1924.7274725274729,1161.2409841190126,1.657474631751554,1093.9516483516486,80.0,0.5333333333333333,20.74285714285702,10.72142857142856,True,0,3,72,92,speed_mph,True,D7_I10_W,W,79.0,0.0746,False,PeMS_average_weekday,state_transition__PeMS::D7_I10_W::L10W-001__2025-10-01__207,1161.2409841190126,66.51032340696449,0.0746,PeMS_average_weekday,L10W-001,5,False,AM,measured,1.75,1924.7274725274724,1.6574746317515539,46.557226384875136,36.41428571428572,2025-10-01 06:00:00,2025-10-01 06:15:00,2025-10-01 07:45:00,1099.8442700156986,0.0011216303902709397,0.0009270161377792757,0.0007040000141021529,0.7594258453672967,220.0,39.045592997008676,28.168205054536088,5.733378402304866,0.0007889565485857754,False,False,False,False,False,False,,0.8264898542516728,0,False,False,False,False,False,True,0,False,D7_I10,released_monthly_average_weekday,2025-10,corridor_period,1.0661326851232302,1.0030818253761506,0.4945362210794696,0.5406357821612428,0.7421465046958853,0.3799474319957134,0.5423019272339623,1.7698417880469761,0.0007552489087525141,0.00056050533780606,0.0007506594207328874,39.74682870593469,1087.5138588808059,0.9365100558398388,35.86924215818762,30.31884125359383,0.0009581459169898921,False,False,True,False,,released_profile_fit,0.6733491846365514,1.728794285753924,1.8138134169697993,0.0005516745707973903,0.0008421268150879252,37.98840484314248,44.58263976002307,True,0.997543581946464,-4.2737535122571666e-13,6.138056729554364e-11,2.8781712026846527,40.862597282179394,True,34174.194272034125,34174.19427203412,35489.84523501804,-3022.5677741350755,-2432.9172857279427,-3260.8066331136565,41244.90335900271,38445.801213572544,-0.07905962597926432,32.51047541223681,32.510475412236794,37.83784494842465,-15.439019000082338,-13.768150203856457,-16.655922820007692,48.85250609682001,43.83034812833761,-0.3409430580080699,322.23961467703316,322.2396146770332,311.1936408894438,40.86323011967798,33.09975787412556,44.08407082379653,335.82390994683925,303.35302860274174,0.13127138812354075,12.69536473408615,12.695364734086148,12.457478043842775,1.4387902836514468,1.3297285357015631,1.5521957657120358,13.36150794414721,12.622763990938868,0.11616920576632593,True,flat_top_power,-3004.4354019684115,-14.906545961096949,31.657600742536097,1.2889936120086753,True,True,True
state_transition,PeMS::D7_I10_W::L10W-068,2025-10-01,2025-10-01 06:15:00,2025-10-01 08:15:00,2025-10-01 09:00:00,2025-10-01 08:55:00,50.113043478260856,post_qc,0,50.113043478260856,50.113043478260856,50.53478260869566,post_qc,0,50.53478260869566,50.53478260869566,75,99,107,AM,AM,165.0,38.0,44.74795783926219,69.46721580883491,48.62705106618444,3768.9239130434794,1371.9962763261833,2.7470365467285283,1321.304347826087,35.0,0.5,-18.0,12.534782608695656,False,0,7,75,107,speed_mph,True,D7_I10_W,W,45.0,0.0684,False,PeMS_average_weekday,state_transition__PeMS::D7_I10_W::L10W-068__2025-10-01__208,1371.9962763261833,69.46721580883491,0.0684,PeMS_average_weekday,L10W-068,4,False,AM,measured,2.75,3768.923913043478,2.7470365467285283,48.62705106618444,38.0,2025-10-01 06:15:00,2025-10-01 08:15:00,2025-10-01 09:00:00,1370.5177865612648,0.0009846371299553484,0.0008153628700446518,0.0005503920158551083,0.6750270782197466,220.0,68.64236477278847,19.966063102542932,6.8514263520386045,1.183203637377342e-05,False,False,False,False,False,False,,0.8280846265482871,0,False,False,False,False,False,True,0,False,D7_I10,released_monthly_average_weekday,2025-10,corridor_period,1.0661326851232302,1.0030818253761506,0.4945362210794696,0.5406357821612428,0.7421465046958853,0.3799474319957134,0.5423019272339623,2.9378404008214165,0.0008719811686407197,0.0006471377764673434,0.0008413821402637055,36.841175190249125,1282.8892651859821,0.9350530226081921,39.1651537807881,32.75588479408154,0.0007618133086882153,False,False,False,False,queue_exceeds_link,released_profile_fit,0.8855863161287272,2.8913146827208105,2.98785126466372,0.0007548701846478759,0.0010294301797787544,33.96113082299328,39.32151921348899,False,,,,,44.559414514495444,False,60979.035363438175,56266.53543763728,,,,,,,,63.75870288494413,53.5272844274194,,,,,,,,577.2334750839882,530.5554991086746,,,,,,,,22.411993923942713,20.90244422496141,,,,,,,,False,,-4909.611345076646,-19.687287942235653,24.134815542936757,1.8268849516057544,False,True,True
state_transition,PeMS::D7_I10_W::L10W-071,2025-10-01,2025-10-01 06:00:00,2025-10-01 07:40:00,2025-10-01 10:20:00,2025-10-01 10:15:00,45.84782608695652,post_qc,0,45.84782608695652,45.84782608695652,46.4,post_qc,0,46.4,46.4,72,92,123,AM;MD,AM,260.0,28.60869565217391,33.471739130434784,65.9863431047008,46.19044017329056,6022.619565217391,1489.2178344858771,4.044149503015173,1369.8260869565215,150.0,0.3103448275862069,-55.43478260869552,17.791304347826088,False,0,7,72,123,speed_mph,True,D7_I10_W,W,48.0,0.2802,False,PeMS_average_weekday,state_transition__PeMS::D7_I10_W::L10W-071__2025-10-01__209,1489.2178344858771,65.9863431047008,0.2802,PeMS_average_weekday,L10W-071,4,False,AM,measured,4.333333333333333,6022.619565217389,4.044149503015171,46.19044017329056,28.60869565217391,2025-10-01 06:00:00,2025-10-01 07:40:00,2025-10-01 10:20:00,1389.835284280936,0.004246333208000413,0.0055478917160117465,0.004263411076502897,0.7684740969616052,220.0,38.8829183897182,35.74410928600591,7.542962555472747,0.0029599160038409813,False,False,False,False,False,False,,1.3065135127782952,0,False,False,False,False,False,True,0,False,D7_I10,released_monthly_average_weekday,2025-10,corridor_period,1.0661326851232302,1.0030818253761506,0.4945362210794696,0.5406357821612428,0.7421465046958853,0.3799474319957134,0.5423019272339623,4.330206380100402,0.0046380080534517394,0.003442081465620575,0.004639818463963285,31.538635420922713,1390.8389200326626,0.9339392047455718,39.05638244879052,35.61105337536793,0.0029279103453391546,False,False,False,False,queue_exceeds_link,released_profile_fit,1.0922383680850531,4.2417823680721165,4.419406075581194,0.003993871159031287,0.005931423874696429,27.530649035261174,34.00401103840459,False,,,,,32.92695886411755,False,422429.71382981393,402547.4099851907,,,,,,,,345.0194566866206,311.23712564729,,,,,,,,3832.38452807718,3605.454361197839,,,,,,,,162.81506865916126,156.96869038688305,,,,,,,,False,,-2953.042899704781,-14.79598322297114,31.809854662674674,1.287056579944073,False,True,True
state_transition,PeMS::D7_I10_W::L10W-084,2025-10-01,2025-10-01 05:55:00,2025-10-01 07:20:00,2025-10-01 11:35:00,2025-10-01 11:30:00,49.8304347826087,post_qc,0,49.8304347826087,49.8304347826087,48.80434782608696,post_qc,0,48.80434782608696,48.80434782608696,71,88,138,NT;AM;MD,AM,340.0,18.4608695652174,31.34712276214834,67.92813036719309,47.54969125703517,6560.456521739131,1359.7055217254951,4.824909818277249,1169.0217391304348,240.0,0.5531914893617021,274.17391304347825,30.34347826086956,True,0,4,71,138,speed_mph,True,D7_I10_W,W,74.0,0.1541,False,PeMS_average_weekday,state_transition__PeMS::D7_I10_W::L10W-084__2025-10-01__210,1359.7055217254951,67.92813036719309,0.1541,PeMS_average_weekday,L10W-084,4,False,AM,measured,5.666666666666667,6560.45652173913,4.8249098182772485,47.54969125703517,18.4608695652174,2025-10-01 05:55:00,2025-10-01 07:20:00,2025-10-01 11:35:00,1157.7276214833757,0.0022685741410369345,0.006078811633809975,0.0029597515588053675,0.4868964095454796,220.0,23.283360048396986,49.7233912578302,6.799099594685897,0.004349886411034865,False,False,False,False,False,False,,2.6795737127777683,1,False,True,False,False,False,True,0,False,D7_I10,released_monthly_average_weekday,2025-10,corridor_period,1.0661326851232302,1.0030818253761506,0.4945362210794696,0.5406357821612428,0.7421465046958853,0.3799474319957134,0.5423019272339623,5.169003815979087,0.00272674393061216,0.0020236434773045343,0.0028656752680102826,30.848886455217706,1269.1916576765925,0.9334312741967551,38.08018553958231,33.32945046597359,0.001778149839333941,False,False,False,False,queue_exceeds_link,released_profile_fit,1.2019637715546745,5.039592078919101,5.291396837296577,0.0022861133662036466,0.003653881804121322,26.019615816616565,33.83327621833545,False,,,,,29.474062796938608,False,285504.46764060215,269408.80904864543,,,,,,,,231.9695166652361,208.29850415742274,,,,,,,,2646.1825469049973,2412.985753815405,,,,,,,,109.67976497033527,105.05283821503528,,,,,,,,False,,447.1160614277278,-8.206515869868891,39.885049817225344,1.6546208858945108,False,True,True
state_transition,PeMS::D7_I10_W::L10W-086,2025-10-01,2025-10-01 06:00:00,2025-10-01 07:55:00,2025-10-01 09:15:00,2025-10-01 09:10:00,44.8952380952381,post_qc,0,44.8952380952381,44.8952380952381,46.11428571428572,post_qc,0,46.11428571428572,46.11428571428572,72,95,110,AM,AM,195.0,37.66666666666667,41.63150183150184,65.31232545544157,45.7186278188091,3654.847619047619,1200.7500995869195,3.043803719279269,1130.6285714285714,65.0,0.5833333333333334,20.0,8.44761904761905,True,0,7,72,110,speed_mph,True,D7_I10_W,W,103.0,0.2175,False,PeMS_average_weekday,state_transition__PeMS::D7_I10_W::L10W-086__2025-10-01__211,1200.7500995869195,65.31232545544157,0.2175,PeMS_average_weekday,L10W-086,5,False,AM,measured,3.25,3654.847619047618,3.0438037192792686,45.7186278188091,37.66666666666667,2025-10-01 06:00:00,2025-10-01 07:55:00,2025-10-01 09:15:00,1124.5684981684979,0.0033301524403443017,0.0024441838428415383,0.0019054955499011618,0.77960402016482,220.0,36.07135294183555,31.176221750868223,5.955650864504766,0.0026995631722282316,True,False,False,False,False,False,,0.7339555430648202,0,False,False,False,False,False,True,0,False,D7_I10,released_monthly_average_weekday,2025-10,corridor_period,1.0661326851232302,1.0030818253761506,0.4945362210794696,0.5406357821612428,0.7421465046958853,0.3799474319957134,0.5423019272339623,3.2562497481623014,0.003117853885483555,0.0023139043632641053,0.0031146172265136742,33.73135648592517,1122.4101041728354,0.9347574524948742,35.5884197451649,31.538632853326618,0.00278138613196193,False,False,False,True,queue_exceeds_link,released_profile_fit,0.9362495985802988,3.2018195662349136,3.3135615703238424,0.0027492680918918522,0.0037364371708134237,30.77864112487185,35.776436311887004,False,,,,,41.54213583595082,False,186104.0795386252,186104.07953862517,,,,,,,,177.04388445256262,177.0438844525626,,,,,,,,1754.8360146540763,1754.8360146540763,,,,,,,,69.13576804289627,69.13576804289629,,,,,,,,False,,-2413.1326812539355,-13.713651791101976,33.19124315280668,1.3208271016462754,False,True,True
state_transition,PeMS::D7_I10_W::L10W-099,2025-10-01,2025-10-01 06:00:00,2025-10-01 07:55:00,2025-10-01 09:35:00,2025-10-01 09:30:00,46.61428571428571,post_qc,0,46.61428571428571,46.61428571428571,47.02857142857143,post_qc,0,47.02857142857143,47.02857142857143,72,95,114,AM,AM,215.0,39.57142857142858,43.29767441860465,66.31149816133697,46.41804871293588,4236.988095238095,1226.1942446749802,3.4553971474243603,1174.0,85.0,0.3125,-55.0,7.457142857142855,False,0,7,72,114,speed_mph,True,D7_I10_W,W,99.0,0.1193,False,PeMS_average_weekday,state_transition__PeMS::D7_I10_W::L10W-099__2025-10-01__212,1226.1942446749802,66.31149816133697,0.1193,PeMS_average_weekday,L10W-099,4,False,AM,measured,3.583333333333333,4236.988095238095,3.455397147424361,46.41804871293588,39.57142857142858,2025-10-01 06:00:00,2025-10-01 07:55:00,2025-10-01 09:35:00,1182.4152823920267,0.0017990846732152113,0.0012157167708281096,0.0009616794832596762,0.7910390860238024,220.0,46.03361042903947,25.68591234473587,6.085072351983915,0.0007925000164953694,False,False,False,False,False,False,,0.6757418307919086,0,False,False,False,False,False,True,0,False,D7_I10,released_monthly_average_weekday,2025-10,corridor_period,1.0661326851232302,1.0030818253761506,0.4945362210794696,0.5406357821612428,0.7421465046958853,0.3799474319957134,0.5423019272339623,3.698015993471816,0.001804321640786825,0.001339070999057087,0.0017738512923235379,33.10756256834727,1145.746287392412,0.9343921588019751,36.12977365509943,31.711969699281497,0.0015029011387872886,False,False,False,False,queue_exceeds_link,released_profile_fit,1.0029109066680306,3.6330348334604143,3.7680502026378475,0.001591066241761615,0.002229873648747539,29.61063305950773,35.19017511149339,False,,,,,43.212673462237916,False,113763.44378584786,113763.44378584785,,,,,,,,108.22504292479542,108.2250429247954,,,,,,,,1072.712585352255,1072.7125853522548,,,,,,,,42.26195944139458,42.26195944139457,,,,,,,,False,,-4012.1534592053013,-16.96965188990557,28.960915099602943,1.2553348097091013,False,True,True
state_transition,PeMS::D7_I10_W::L10W-107,2025-10-01,2025-10-01 05:55:00,2025-10-01 07:05:00,2025-10-01 10:35:00,2025-10-01 10:30:00,52.62173913043478,post_qc,0,52.62173913043478,52.62173913043478,46.239130434782616,post_qc,0,46.239130434782616,46.239130434782616,71,85,126,NT;AM;MD,AM,280.0,28.28695652173913,37.488586956521736,65.51016658521564,45.857116609650944,5688.79347826087,1326.4155296828685,4.288847160603584,1194.9782608695657,200.0,0.4615384615384615,2.3478260869567293,17.952173913043488,True,0,1,71,126,speed_mph,True,D7_I10_W,W,77.0,0.2765,False,PeMS_average_weekday,state_transition__PeMS::D7_I10_W::L10W-107__2025-10-01__213,1326.4155296828685,65.51016658521564,0.2765,PeMS_average_weekday,L10W-107,4,False,AM,measured,4.666666666666667,5688.793478260869,4.288847160603583,45.857116609650944,28.28695652173913,2025-10-01 05:55:00,2025-10-01 07:05:00,2025-10-01 10:35:00,1219.0271739130433,0.0042207189267383215,0.005554104313347755,0.003356579450166137,0.6043421694654755,220.0,33.471638134455354,36.41970461727087,6.640294217696999,0.004040006135157404,False,False,False,False,False,False,,1.3159142813709805,0,False,False,False,False,False,True,0,False,D7_I10,released_monthly_average_weekday,2025-10,corridor_period,1.0661326851232302,1.0030818253761506,0.4945362210794696,0.5406357821612428,0.7421465046958853,0.3799474319957134,0.5423019272339623,4.5930438430237395,0.004759264137427145,0.003532071244516033,0.004800357057838806,30.79070394947297,1238.5672056889762,0.9337701330932878,36.99749134677576,33.477059135711215,0.0032527607589078866,False,False,False,False,queue_exceeds_link,released_profile_fit,1.1275956110882275,4.492244992047285,4.694561957800005,0.004063360130629632,0.006157968847366495,26.641154262542642,33.37727702281553,False,,,,,36.49057833630647,False,388943.58862503606,419228.4386472902,,,,,,,,348.1264065355576,398.8189374198787,,,,,,,,3568.422581466015,3953.041568617387,,,,,,,,146.26858113803658,155.7390905301954,,,,,,,,False,,-1906.6857999804151,-12.72102012013813,34.42471981225916,1.3679600855913518,False,True,True
state_transition,PeMS::D7_I10_W::L10W-109,2025-10-01,2025-10-01 06:00:00,2025-10-01 06:30:00,2025-10-01 10:45:00,2025-10-01 10:40:00,47.58695652173913,post_qc,0,47.58695652173913,47.58695652173913,46.939130434782605,post_qc,0,46.939130434782605,46.939130434782605,72,78,128,AM;MD,AM,285.0,31.05652173913044,38.3673531655225,67.09801849854979,46.96861294898485,5866.489130434782,1406.2727660079397,4.17165806821979,1224.8478260869565,250.0,0.5306122448979592,24.782608695652016,15.882608695652166,True,0,2,72,128,speed_mph,True,D7_I10_W,W,76.0,0.0621,False,PeMS_average_weekday,state_transition__PeMS::D7_I10_W::L10W-109__2025-10-01__214,1406.2727660079397,67.09801849854979,0.0621,PeMS_average_weekday,L10W-109,4,False,AM,measured,4.75,5866.489130434782,4.17165806821979,46.96861294898485,31.05652173913044,2025-10-01 06:00:00,2025-10-01 06:30:00,2025-10-01 10:45:00,1235.050343249428,0.0009255116826041918,0.00107406832579564,0.0007123679406498795,0.6632426667290249,220.0,27.328341533229185,45.1930221139728,7.065223357700693,0.0013468545319533626,True,False,False,False,False,False,,1.1605129853935952,0,False,False,False,False,False,True,0,False,D7_I10,released_monthly_average_weekday,2025-10,corridor_period,1.0661326851232302,1.0030818253761506,0.4945362210794696,0.5406357821612428,0.7421465046958853,0.3799474319957134,0.5423019272339623,4.467161412623623,0.0010280408641467364,0.0007629569340110379,0.0010627345257243149,31.788241428817607,1313.2476283164604,0.9338498618901974,38.48332515002351,34.12510803567238,0.0006881742387113177,False,False,False,True,queue_exceeds_link,released_profile_fit,1.11078107761325,4.372324476026187,4.5606064928497165,0.0008813911101402352,0.0013228694564993444,27.61989603857157,34.36820194480444,False,,,,,37.91487427911356,False,89787.03620089727,93449.38100480178,,,,,,,,82.95926100149661,88.89993950586046,,,,,,,,841.2433451292582,881.1646673243481,,,,,,,,33.70058380550874,34.71549223916567,,,,,,,,False,,-581.9245766782933,-10.170034034302633,37.525827437352795,1.522366373796566,False,True,True
state_transition,PeMS::D7_I10_W::L10W-124,2025-10-01,2025-10-01 07:55:00,2025-10-01 08:10:00,2025-10-01 09:25:00,2025-10-01 09:20:00,51.03913043478261,post_qc,0,51.03913043478261,51.03913043478261,53.400000000000006,post_qc,0,53.400000000000006,53.400000000000006,95,98,112,AM,AM,90.0,44.765217391304354,47.86835748792271,72.37630434782609,50.663413043478265,1583.2521739130434,1200.9824347826086,1.3182975271404611,1052.3478260869565,65.0,0.3333333333333333,-41.73913043478274,8.634782608695652,False,0,1,95,112,speed_mph,True,D7_I10_W,W,62.0,0.0087,False,PeMS_average_weekday,state_transition__PeMS::D7_I10_W::L10W-124__2025-10-01__215,1200.9824347826086,72.37630434782609,0.0087,PeMS_average_weekday,L10W-124,5,False,AM,measured,1.5,1583.2521739130434,1.3182975271404613,50.663413043478265,44.765217391304354,2025-10-01 07:55:00,2025-10-01 08:10:00,2025-10-01 09:25:00,1055.5014492753623,0.00012020508754066156,7.414223180665774e-05,6.200644420693189e-05,0.8363174765041791,220.0,25.598328047223863,41.23321833082889,5.904348892003278,0.0002196608593270486,True,False,False,False,False,False,,0.6167977855477854,0,False,False,False,False,False,True,1,False,D7_I10,released_monthly_average_weekday,2025-10,corridor_period,1.0661326851232302,1.0030818253761506,0.4945362210794696,0.5406357821612428,0.7421465046958853,0.3799474319957134,0.5423019272339623,1.4066775485067908,7.14891666666836e-05,5.305543516530083e-05,7.401541704715812e-05,45.38477189091795,1125.5260138286058,0.9371710869629317,38.3178794038626,29.37338995109286,0.00010684296771061636,False,False,True,True,,released_profile_fit,0.5947266303724548,1.3656990239764997,1.4497770406798134,4.793969139707417e-05,7.988045740944134e-05,43.4814030610259,51.74144028264006,True,0.999707455257216,-1.7577630172660934e-13,6.13806783178461e-11,2.8781712026846527,47.746703606287554,True,3476.2237738005156,3616.854083026704,3430.0048999986975,-2526.3881808807405,-3074.9126398418393,-212.216943363695,3711.2469712851,3763.036436937939,-0.05718211291398111,4.122419652826219,4.57656768093931,4.047398034452815,-14.47799903843466,-15.147931829655215,-1.216153845719783,4.558834509842615,4.686353796228905,-0.2667685881323576,33.01726403312117,39.24041707549134,28.28778800047467,42.84210725804642,31.201570629865078,3.5987427103908574,29.317481529914467,27.890867349798288,0.1227507453775944,1.2554726422286655,1.3971366246791832,1.141319073155304,1.523412542857425,1.352990746671356,0.12796685631042304,1.169033501402038,1.1556918640982707,0.10946380591912089,True,flat_top_power,-341.94658243724325,-9.764421146346228,37.931990199330954,1.588941317559002,True,True,True
state_transition,PeMS::D7_I10_W::L10W-147,2025-10-01,2025-10-01 07:20:00,2025-10-01 07:55:00,2025-10-01 10:25:00,2025-10-01 10:20:00,51.05652173913043,post_qc,0,51.05652173913043,51.05652173913043,48.47391304347827,post_qc,0,48.47391304347827,48.47391304347827,88,95,124,AM;MD,AM,185.0,27.721739130434784,37.48401880141011,68.95120686925475,48.26584480847832,2601.427536231884,903.44394833075,2.879456485417182,828.7826086956522,140.0,0.4444444444444444,-60.60869565217399,20.752173913043485,False,0,2,88,124,speed_mph,True,D7_I10_W,W,60.0,0.2206,False,PeMS_average_weekday,state_transition__PeMS::D7_I10_W::L10W-147__2025-10-01__216,903.44394833075,68.95120686925475,0.2206,PeMS_average_weekday,L10W-147,6,False,AM,measured,3.083333333333333,2601.427536231884,2.8794564854171827,48.26584480847832,27.721739130434784,2025-10-01 07:20:00,2025-10-01 07:55:00,2025-10-01 10:25:00,843.7062279670976,0.003199363869269201,0.004758289832110974,0.0029079272577448596,0.6111286534336189,220.0,31.501360468469112,26.783167946400113,4.366629030192601,0.0038035082835321606,False,False,False,False,False,False,,1.487261226463079,0,False,False,False,False,False,True,0,False,D7_I10,released_monthly_average_weekday,2025-10,corridor_period,1.0661326851232302,1.0030818253761506,0.4945362210794696,0.5406357821612428,0.7421465046958853,0.3799474319957134,0.5423019272339623,3.079904799961978,0.00290658135416783,0.002157109192609888,0.002908330183234468,36.12872240537796,844.6454371784475,0.9349173667487158,31.791737933100546,26.568080013613525,0.003739545870871752,False,False,True,False,,released_profile_fit,0.9084872721375552,3.0288023771729318,3.1333668089657727,0.0025307559115903605,0.0034568470104988547,33.141978841626056,38.49832314976851,True,0.9945675991336296,-5.776329495237063e-13,6.13806783178461e-11,2.8781712026846527,36.12076048319223,True,143101.2461298845,154517.09496579046,148707.62870139646,-3063.3892222026834,-1705.3618038430095,-17190.402386848233,154391.74130728608,156109.28627847656,-0.11134275863003677,129.78603530309385,146.994664356035,154.81392006377905,-14.692702202627318,-12.369571337308743,-82.44902775746068,170.1045584132836,171.16114575033512,-0.4846961687948638,1316.8761479028904,1456.9920433658017,1324.4123760461441,14.919093560296963,34.796223502278366,83.71943718080121,1208.4593190202456,1257.5545918269943,0.06927782827532536,54.1194943112703,57.401525333032374,52.79709348618441,1.0030274700938777,1.4161791607168261,5.628552092240574,51.15680227605031,52.13858323579964,0.11002548716528458,True,flat_top_power,-1641.763127495551,-12.24523351644369,34.950253512026215,1.4223133266074428,True,True,True
state_transition,PeMS::D7_I10_W::L10W-147,2025-10-01,2025-10-01 17:25:00,2025-10-01 17:35:00,2025-10-01 18:00:00,2025-10-01 17:55:00,48.104347826086936,post_qc,0,48.104347826086936,48.104347826086936,49.27391304347827,post_qc,0,49.27391304347827,49.27391304347827,209,211,215,PM,PM,35.0,46.02173913043478,47.11987577639752,68.95120686925475,48.26584480847832,493.731884057971,903.44394833075,0.5464997413178933,860.6086956521739,15.0,0.5,-35.73913043478251,3.252173913043485,False,0,3,209,215,speed_mph,True,D7_I10_W,W,60.0,0.2206,False,PeMS_average_weekday,state_transition__PeMS::D7_I10_W::L10W-147__2025-10-01__217,903.44394833075,68.95120686925475,0.2206,PeMS_average_weekday,L10W-147,6,False,PM,measured,0.5833333333333334,493.731884057971,0.5464997413178933,48.26584480847832,46.02173913043478,2025-10-01 17:25:00,2025-10-01 17:35:00,2025-10-01 18:00:00,846.3975155279502,0.003199363869269201,0.0015940229989405297,0.0014864976554351574,0.9325446724565208,220.0,32.34619101307326,26.166837238606064,4.366629030192601,0.003620604513123667,True,False,False,False,False,False,,0.49823123098050004,1,False,False,False,True,False,True,1,False,D7_I10,released_monthly_average_weekday,2025-10,corridor_all_periods,1.0471059671714955,1.017484835632129,0.570513881260172,0.40049298615941337,0.7556973297196432,0.4391574071831521,0.4074955401942313,0.5662293786177389,0.0014534665451409402,0.0010983807869998437,0.0014708932993422032,47.41200094393863,871.9644418014012,0.96515610449601,42.92903254774207,20.31176548951285,0.0019393496518116005,False,True,True,True,,released_profile_fit,0.4542986057640706,0.5480498494832702,0.6019907456524858,0.001090735635209489,0.0016386683413405461,45.597051131936446,51.42072297528061,True,0.98411956807403,-5.481525056727177e-14,1.9543477947081556e-11,3.093283134615026,47.07778896942929,True,24274.626924653894,22500.74008182542,29849.00755792304,-8239.809687621431,-3694.277870328562,-4468.4950632473465,28096.538518091336,29441.238586504,-0.1590407679711181,25.576704177899302,21.405325649065414,38.79368508771173,-25.543976341677965,-16.3532481233285,-13.852641809187762,34.080178224806005,36.79068188557719,-0.4064721058032734,240.12502982897632,212.16681090412516,260.3046595241267,20.055682029638653,29.716856997272757,10.876308984918909,224.34369687153233,217.73111835673325,0.04848056413703075,9.134801372996618,8.3587955242417,10.074983563857092,0.5490019821058965,1.2894486231412103,0.2977268577499598,8.938655128108419,9.086517904917416,0.03330779110313032,True,flat_top_power,-1825.1409137347864,-12.60409466869486,34.505164031523826,1.4048659321272574,True,True,True
state_transition,PeMS::D7_I10_W::L10W-169,2025-10-01,2025-10-01 06:05:00,2025-10-01 07:30:00,2025-10-01 10:00:00,2025-10-01 09:55:00,49.77826086956524,post_qc,0,49.77826086956524,49.77826086956524,47.97826086956522,post_qc,0,47.97826086956522,47.97826086956522,73,90,119,AM,AM,235.0,35.982608695652175,40.886308973172994,68.61891744633478,48.03324221243434,5408.608695652175,1426.752296946524,3.790853329780828,1369.5652173913045,145.0,0.4642857142857143,-30.652173913043494,11.995652173913044,False,0,4,73,119,speed_mph,True,D7_I10_W,W,51.0,0.1417,False,PeMS_average_weekday,state_transition__PeMS::D7_I10_W::L10W-169__2025-10-01__218,1426.752296946524,68.61891744633478,0.1417,PeMS_average_weekday,L10W-169,4,False,AM,measured,3.9166666666666665,5408.608695652174,3.7908533297808273,48.03324221243434,35.982608695652175,2025-10-01 06:05:00,2025-10-01 07:30:00,2025-10-01 10:00:00,1380.9213691026828,0.0020650282061185268,0.0018729853269892549,0.0014186333941107853,0.757418316987661,220.0,50.78511041568782,27.19146139093769,7.162138041524356,0.0007251596824211034,False,False,False,False,False,False,,0.9070022973244322,0,False,False,False,False,False,True,0,False,D7_I10,released_monthly_average_weekday,2025-10,corridor_period,1.0661326851232302,1.0030818253761506,0.4945362210794696,0.5406357821612428,0.7421465046958853,0.3799474319957134,0.5423019272339623,4.0581846701096405,0.0021777600955579534,0.001616217042984512,0.0021363678327628154,33.39784828387718,1332.7655430490918,0.9341253880588951,39.297081701105206,33.91512767248588,0.0015408375189186266,False,False,False,False,queue_exceeds_link,released_profile_fit,1.054590968348718,3.981519389642839,4.139021458592876,0.001892200127265966,0.0027492987806110782,29.43299888153694,35.80789080449236,False,,,,,40.67559259793562,False,186090.19251691148,183247.34972323087,,,,,,,,181.011309035055,174.32623019907865,,,,,,,,1772.7050049299273,1727.8989782569265,,,,,,,,69.31815415224344,68.0745220435181,,,,,,,,False,,-4564.199950527658,-18.22259524860236,27.14557550392803,1.3207669932091064,False,True,True
state_transition,PeMS::D7_I10_W::L10W-221,2025-10-01,2025-10-01 05:50:00,2025-10-01 06:10:00,2025-10-01 10:00:00,2025-10-01 09:55:00,48.79130434782608,post_qc,0,48.79130434782608,48.79130434782608,47.04347826086957,post_qc,0,47.04347826086957,47.04347826086957,70,74,119,NT;AM,AM,250.0,34.17826086956522,40.43669565217391,67.32720934951263,47.129046544658834,6129.652173913044,1543.2623592501443,3.971879529862557,1473.1304347826087,225.0,0.5454545454545454,7.043478260869733,12.865217391304348,True,0,9,70,119,speed_mph,True,D7_I10_W,W,98.0,0.1703,False,PeMS_average_weekday,state_transition__PeMS::D7_I10_W::L10W-221__2025-10-01__219,1543.2623592501443,67.32720934951263,0.1703,PeMS_average_weekday,L10W-221,4,False,AM,measured,4.166666666666667,6129.652173913044,3.9718795298625573,47.129046544658834,34.17826086956522,2025-10-01 05:50:00,2025-10-01 06:10:00,2025-10-01 10:00:00,1471.1165217391303,0.0025294379738202053,0.002453261428291485,0.0017133272139812177,0.6983875400406973,220.0,45.77924112726625,32.13501328362844,7.830711552228425,0.0011905887414887302,False,False,False,False,False,False,,0.9698840033568126,0,False,False,False,False,False,True,0,False,D7_I10,released_monthly_average_weekday,2025-10,corridor_period,1.0661326851232302,1.0030818253761506,0.4945362210794696,0.5406357821612428,0.7421465046958853,0.3799474319957134,0.5423019272339623,4.252588171050704,0.0027358647460453997,0.0020304124585982892,0.0027058400477323577,32.34381935106418,1441.393317989352,0.9339911061458861,40.115887094419485,35.93073523705934,0.0017157629262414167,False,False,False,False,queue_exceeds_link,released_profile_fit,1.0816097387489714,4.167750168975482,4.3393995273127866,0.0023616235154398767,0.003486308565610887,28.3090655653003,34.81861772309636,False,,,,,40.13891706513424,False,254115.42776016792,252930.38599336141,,,,,,,,243.40353502306763,240.61685344762614,,,,,,,,2403.6404714967907,2384.9630359628304,,,,,,,,94.4794687807151,93.96105953393673,,,,,,,,False,,-4016.1039843932094,-16.99644938422796,28.89881254303883,1.2679879583883906,False,True,True
state_transition,PeMS::D7_I10_W::L10W-232,2025-10-01,2025-10-01 05:55:00,2025-10-01 06:25:00,2025-10-01 09:30:00,2025-10-01 09:25:00,50.61363636363637,post_qc,0,50.61363636363637,50.61363636363637,46.64090909090909,post_qc,0,46.64090909090909,46.64090909090909,71,77,113,NT;AM,AM,215.0,35.03636363636364,40.402959830866806,65.95115487625075,46.16580841337552,4259.204545454545,1268.9884682095862,3.356377659967116,1204.6363636363635,170.0,0.4848484848484848,55.90909090909077,11.604545454545452,True,0,1,71,113,speed_mph,True,D7_I10_W,W,102.0,0.2181,False,PeMS_average_weekday,state_transition__PeMS::D7_I10_W::L10W-232__2025-10-01__220,1268.9884682095862,65.95115487625075,0.2181,PeMS_average_weekday,L10W-232,4,False,AM,measured,3.583333333333333,4259.204545454546,3.356377659967116,46.16580841337552,35.03636363636364,2025-10-01 05:55:00,2025-10-01 06:25:00,2025-10-01 09:30:00,1188.6152219873152,0.0033069928860114408,0.0029179681933865866,0.0021240599876884867,0.7279243113418957,220.0,37.194574995878604,31.956682449497578,6.320964964192845,0.0025567654718718492,False,False,False,False,False,False,,0.8823630089225695,0,False,False,False,False,False,True,0,False,D7_I10,released_monthly_average_weekday,2025-10,corridor_period,1.0661326851232302,1.0030818253761506,0.4945362210794696,0.5406357821612428,0.7421465046958853,0.3799474319957134,0.5423019272339623,3.591722057861481,0.0032647346448981015,0.0024229114054706885,0.003260610071271738,33.18762060267804,1185.8391258677977,0.9344758881386024,36.60463773099473,32.395871107438836,0.002651268512525097,False,False,False,False,queue_exceeds_link,released_profile_fit,0.987221550644366,3.527893553423846,3.6593544496323496,0.0028827492941214425,0.00401017992430052,29.80659610178288,35.23571659851279,False,,,,,40.15795925246047,False,227444.45103719234,224972.12312870636,,,,,,,,218.71940686126314,214.01969624196133,,,,,,,,2124.1429612450584,2121.3354642100053,,,,,,,,83.93312779173081,83.57484994043911,,,,,,,,False,,-2653.6260668545565,-14.198211442511623,32.56916822826411,1.3074618296473879,False,True,True
state_transition,PeMS::D7_I10_W::L10W-248,2025-10-01,2025-10-01 05:55:00,2025-10-01 06:45:00,2025-10-01 09:40:00,2025-10-01 09:35:00,49.64090909090908,post_qc,0,49.64090909090908,49.64090909090908,46.87272727272728,post_qc,0,46.87272727272728,46.87272727272728,71,81,115,NT;AM,AM,225.0,38.06363636363636,41.26717171717172,66.0538612019521,46.23770284136647,4448.670454545455,1237.4562011883145,3.5950124539950985,1204.159090909091,160.0,0.4193548387096774,-57.13636363636351,8.80909090909092,False,0,5,71,115,speed_mph,True,D7_I10_W,W,100.0,0.1883,False,PeMS_average_weekday,state_transition__PeMS::D7_I10_W::L10W-248__2025-10-01__221,1237.4562011883145,66.0538612019521,0.1883,PeMS_average_weekday,L10W-248,4,False,AM,measured,3.75,4448.670454545455,3.5950124539950985,46.23770284136647,38.06363636363636,2025-10-01 05:55:00,2025-10-01 06:45:00,2025-10-01 09:40:00,1186.3121212121214,0.0028507039039594425,0.0020962748397711523,0.001730483195429323,0.8255039666546004,220.0,43.85242495036033,27.052372190477314,6.1483633392126755,0.001443243356953726,False,False,False,False,False,False,,0.7353534110854385,0,False,False,False,False,False,True,0,False,D7_I10,released_monthly_average_weekday,2025-10,corridor_period,1.0661326851232302,1.0030818253761506,0.4945362210794696,0.5406357821612428,0.7421465046958853,0.3799474319957134,0.5423019272339623,3.8479040033364837,0.002921079487992481,0.002167868931952466,0.002880660382348543,32.62423192501685,1156.1282325879367,0.9342781033201178,36.17238244299085,31.9616280296174,0.0023549250118790007,False,False,False,False,queue_exceeds_link,released_profile_fit,1.0246870900675764,3.778046786645212,3.922390349091713,0.002558705920975236,0.003640398985866878,29.008938870394683,34.809712458630216,False,,,,,41.10288357904516,False,199245.0215492028,198209.48970285425,,,,,,,,190.99506301760317,188.5599610677549,,,,,,,,1885.3028827300905,1868.9818720743583,,,,,,,,74.08580901941447,73.63280449289286,,,,,,,,False,,-3720.1337357349103,-16.355736894626368,29.786606960714877,1.2541129127287685,False,True,True
state_transition,PeMS::D7_I10_W::L10W-262,2025-10-01,2025-10-01 06:35:00,2025-10-01 07:40:00,2025-10-01 11:05:00,2025-10-01 11:00:00,45.46956521739131,post_qc,0,45.46956521739131,45.46956521739131,45.34782608695653,post_qc,0,45.34782608695653,45.34782608695653,79,92,132,AM;MD,AM,270.0,34.80434782608696,41.50813204508856,64.57096329693383,45.19967430785368,6534.076086956523,1489.7559237438377,4.386004433891449,1426.4347826086955,195.0,0.4473684210526316,-131.34782608695627,10.54347826086957,False,0,3,79,132,speed_mph,True,D7_I10_W,W,67.0,0.2958,False,PeMS_average_weekday,state_transition__PeMS::D7_I10_W::L10W-262__2025-10-01__222,1489.7559237438377,64.57096329693383,0.2958,PeMS_average_weekday,L10W-262,4,False,AM,measured,4.5,6534.076086956521,4.386004433891447,45.19967430785368,34.80434782608696,2025-10-01 06:35:00,2025-10-01 07:40:00,2025-10-01 11:05:00,1452.0169082125603,0.004581006460128901,0.003917931703518819,0.0025930751248057294,0.661847964954776,220.0,51.74636984098476,28.060266114793563,7.564962599567682,0.0011353365588883874,False,False,False,False,False,False,,0.8552556599993478,0,False,False,False,False,False,True,0,False,D7_I10,released_monthly_average_weekday,2025-10,corridor_period,1.0661326851232302,1.0030818253761506,0.4945362210794696,0.5406357821612428,0.7421465046958853,0.3799474319957134,0.5423019272339623,4.697416501972046,0.005228655921729157,0.0038804287165687366,0.0051086843342295525,30.153942968215812,1390.993556609983,0.9337056724797848,38.503047744528196,36.12684288888954,0.0031015022587305608,False,False,False,False,queue_exceeds_link,released_profile_fit,1.1413771116101052,4.591621232619948,4.803080388105084,0.004448475486037658,0.006795494535092823,26.000984355469313,32.759354657684256,False,,,,,41.23175858791063,False,455896.94017966324,455896.94017966324,,,,,,,,433.7022885234137,433.7022885234137,,,,,,,,4298.800819311573,4298.800819311574,,,,,,,,169.36106497969467,169.36106497969465,,,,,,,,False,,-4543.102173720634,-18.089385633549977,27.449960519142515,1.2599596127364006,False,True,True
state_transition,PeMS::D7_I10_W::L10W-291,2025-10-01,2025-10-01 06:15:00,2025-10-01 08:15:00,2025-10-01 08:55:00,2025-10-01 08:50:00,50.908695652173925,post_qc,0,50.908695652173925,50.908695652173925,48.94782608695652,post_qc,0,48.94782608695652,48.94782608695652,75,99,106,AM,AM,160.0,39.634782608695645,45.55203804347826,69.82478260869566,48.87734782608696,3663.75,1516.966304347826,2.4151821892808085,1318.5,30.0,0.6,2.47826086956502,9.313043478260871,True,0,3,75,106,speed_mph,True,D7_I10_W,W,46.0,0.1081,False,PeMS_average_weekday,state_transition__PeMS::D7_I10_W::L10W-291__2025-10-01__223,1516.966304347826,69.82478260869566,0.1081,PeMS_average_weekday,L10W-291,4,False,AM,measured,2.6666666666666665,3663.75,2.4151821892808085,48.87734782608696,39.634782608695645,2025-10-01 06:15:00,2025-10-01 08:15:00,2025-10-01 08:55:00,1373.90625,0.0015481609245502717,0.0011792414449100187,0.0008310805415753151,0.7047585930451504,220.0,33.98742872241475,40.42395384543778,7.650832499215794,0.0016324268416760073,True,False,False,False,False,False,,0.7617046950416856,0,False,False,False,False,False,True,0,False,D7_I10,released_monthly_average_weekday,2025-10,corridor_period,1.0661326851232302,1.0030818253761506,0.4945362210794696,0.5406357821612428,0.7421465046958853,0.3799474319957134,0.5423019272339623,2.58191142949153,0.0012785697825759472,0.0009488860951485171,0.0013010924189253677,38.24205812300362,1419.006848240926,0.9354241054490562,41.095978882021875,34.52909230644204,0.0010822667460092476,False,False,False,True,queue_exceeds_link,released_profile_fit,0.8258636181166771,2.540872892142645,2.625570354119567,0.0010679745105535044,0.0014757566247188892,35.748331168054854,41.32050077104837,False,,,,,45.43464862187048,False,92958.62981741206,84777.4853475899,,,,,,,,99.18070670915267,80.65022194713575,,,,,,,,905.3630629263848,799.3945371244926,,,,,,,,34.613353948837485,31.49397142062409,,,,,,,,False,,-2199.5160597695676,-13.352808138541107,33.55220259556509,1.380234408565735,False,True,True
state_transition,PeMS::D7_I10_W::L10W-292,2025-10-01,2025-10-01 06:20:00,2025-10-01 08:20:00,2025-10-01 09:00:00,2025-10-01 08:55:00,47.12380952380952,post_qc,0,47.12380952380952,47.12380952380952,47.47619047619048,post_qc,0,47.47619047619048,47.47619047619048,76,100,107,AM,AM,160.0,40.48095238095238,45.11190476190477,67.10749646576987,46.975247526038906,3775.7738095238096,1423.9920141637904,2.651541421558501,1402.0714285714284,30.0,0.4,-11.71428571428578,6.995238095238101,False,0,4,76,107,speed_mph,True,D7_I10_W,W,47.0,0.4412,False,PeMS_average_weekday,state_transition__PeMS::D7_I10_W::L10W-292__2025-10-01__224,1423.9920141637904,67.10749646576987,0.4412,PeMS_average_weekday,L10W-292,4,False,AM,measured,2.6666666666666665,3775.773809523809,2.6515414215585005,46.975247526038906,40.48095238095238,2025-10-01 06:20:00,2025-10-01 08:20:00,2025-10-01 09:00:00,1415.9151785714284,0.006574526293423073,0.0043244267709222975,0.0032240689494030693,0.7455482819322784,220.0,63.360292418329884,22.347042990631934,7.163642780736739,0.00038882540778155253,False,False,False,False,False,False,,0.6577548826975266,0,False,False,False,False,False,True,0,False,D7_I10,released_monthly_average_weekday,2025-10,corridor_period,1.0661326851232302,1.0030818253761506,0.4945362210794696,0.5406357821612428,0.7421465046958853,0.3799474319957134,0.5423019272339623,2.8354031799292705,0.005711659917457777,0.004238888443752879,0.005525308243316595,35.91024850406922,1331.6532323343154,0.9351549861860011,39.04055306078707,34.10948687793689,0.004726543117992311,False,False,False,False,queue_exceeds_link,released_profile_fit,0.868756114516041,2.791100040843532,2.883714222528087,0.004913242988699805,0.006710967059709287,33.20915443760062,38.40611048359566,False,,,,,45.026862429389176,False,375363.99200458644,359820.55309022556,,,,,,,,378.85436404076427,342.30323474312416,,,,,,,,3637.845294553413,3392.865255511107,,,,,,,,140.46931103535312,133.66966676487857,,,,,,,,False,,-5092.181871078048,-19.65858927688173,24.754771066940442,1.545756574953982,False,True,True
state_transition,PeMS::D7_I10_W::L10W-296,2025-10-01,2025-10-01 05:50:00,2025-10-01 07:30:00,2025-10-01 14:00:00,2025-10-01 13:55:00,50.1,post_qc,0,50.1,50.1,50.85,post_qc,0,50.85,50.85,70,90,167,NT;AM;MD,AM,490.0,17.16875,31.900085034013607,70.7823095230676,49.54761666614731,9173.586666666666,1270.3379734999485,7.221374829402467,1113.6,380.0,0.56,232.35,33.681250000000006,True,0,5,70,167,speed_mph,True,D7_I10_W,W,69.0,0.2212,False,PeMS_average_weekday,state_transition__PeMS::D7_I10_W::L10W-296__2025-10-01__225,1270.3379734999485,70.7823095230676,0.2212,PeMS_average_weekday,L10W-296,5,False,AM,measured,8.166666666666666,9173.586666666666,7.221374829402467,49.54761666614731,17.16875,2025-10-01 05:50:00,2025-10-01 07:30:00,2025-10-01 14:00:00,1123.2963265306123,0.0031250746336259636,0.00975879868271914,0.00437871821262964,0.44869438903207054,220.0,27.175601010901598,41.33473721813908,6.287155706938325,0.005014579753824924,False,False,False,False,False,False,,3.122740998795346,1,False,True,False,False,False,True,0,False,D7_I10,released_monthly_average_weekday,2025-10,corridor_period,1.0661326851232302,1.0030818253761506,0.4945362210794696,0.5406357821612428,0.7421465046958853,0.3799474319957134,0.5423019272339623,7.745995893901495,0.004674395775481014,0.0034690864863384466,0.004809972235022511,28.360899958248186,1184.3004814770336,0.9322719671318096,37.44023849519076,31.631755808103577,0.002783007389633941,False,False,False,False,queue_exceeds_link,released_profile_fit,1.495770925015446,7.440779763696915,8.027198214500503,0.0036688933772679603,0.007264965119874578,21.289652565267737,32.55829536163439,False,,,,,29.478425715120718,False,565483.0519802632,540673.520651219,,,,,,,,453.72607268477856,418.0319343932105,,,,,,,,5173.581533824919,4842.5940762799655,,,,,,,,217.09505481746874,210.82936409057862,,,,,,,,False,,-693.2068999565404,-10.42444409806631,37.15482100983151,1.536813605562871,False,True,True
state_transition,PeMS::D7_I10_W::L10W-296,2025-10-01,2025-10-01 14:40:00,2025-10-01 14:55:00,2025-10-01 15:15:00,2025-10-01 15:10:00,50.01875,post_qc,0,50.01875,50.01875,49.825,post_qc,0,49.825,49.825,176,179,182,MD,MD,35.0,47.01875,48.59374999999999,70.7823095230676,49.54761666614731,717.4499999999999,1270.3379734999485,0.564770962504829,1216.05,10.0,0.0,-0.900000000000091,2.8062500000000057,False,0,2,176,182,speed_mph,True,D7_I10_W,W,69.0,0.2212,False,PeMS_average_weekday,state_transition__PeMS::D7_I10_W::L10W-296__2025-10-01__226,1270.3379734999485,70.7823095230676,0.2212,PeMS_average_weekday,L10W-296,5,False,MD,measured,0.5833333333333334,717.4499999999999,0.564770962504829,49.54761666614731,47.01875,2025-10-01 14:40:00,2025-10-01 14:55:00,2025-10-01 15:15:00,1229.9142857142856,0.0031250746336259636,0.0015794315474188326,0.0014280952839158655,0.9041830817231132,220.0,50.4545487641139,24.37667793769012,6.287155706938325,0.0012590692229400445,False,False,False,False,False,False,,0.5054060246830805,1,False,False,False,True,False,True,1,False,D7_I10,released_monthly_average_weekday,2025-10,corridor_all_periods,1.0471059671714955,1.017484835632129,0.570513881260172,0.40049298615941337,0.7556973297196432,0.4391574071831521,0.4074955401942313,0.5854967962733588,0.0014388708406073134,0.0010873508520584051,0.0014367391538977052,48.46683669838555,1225.369642612074,0.9646012857791058,48.82043432937274,25.0995235795113,0.001405815003849371,False,True,False,False,queue_exceeds_link,released_profile_fit,0.46042767271059365,0.5669233031732005,0.6212153288978257,0.0011448900708178839,0.0016305140688153666,46.51369449197512,51.80371405863323,False,,,,,48.58153857772603,False,41148.619529318436,40955.33982769614,,,,,,,,51.008768703806155,51.82262826054318,,,,,,,,406.2177759829227,444.33769773825077,,,,,,,,15.08155904512999,15.8204350897044,,,,,,,,False,,-4559.921423491878,-18.273237113100517,26.993418897843796,1.36150152932258,False,True,True
state_transition,PeMS::D7_I10_W::L10W-296,2025-10-01,2025-10-01 16:10:00,2025-10-01 16:25:00,2025-10-01 16:45:00,2025-10-01 16:40:00,50.21249999999999,post_qc,0,50.21249999999999,50.21249999999999,50.05625,post_qc,0,50.05625,50.05625,194,197,200,PM,PM,35.0,44.2625,47.30892857142857,70.7823095230676,49.54761666614731,752.5124999999999,1270.3379734999485,0.5923718850399543,1278.675,10.0,1.0,12.75,5.793749999999996,False,0,2,194,200,speed_mph,True,D7_I10_W,W,69.0,0.2212,False,PeMS_average_weekday,state_transition__PeMS::D7_I10_W::L10W-296__2025-10-01__227,1270.3379734999485,70.7823095230676,0.2212,PeMS_average_weekday,L10W-296,5,False,PM,measured,0.5833333333333334,752.5124999999999,0.5923718850399543,49.54761666614731,44.2625,2025-10-01 16:10:00,2025-10-01 16:25:00,2025-10-01 16:45:00,1290.0214285714283,0.0031250746336259636,0.00187238371147429,0.0015616661866395462,0.8340524311706979,220.0,87.06730489922035,14.816370278885017,6.287155706938325,-0.0005845113273879088,False,False,False,False,False,False,,0.5991484783522752,1,False,False,False,True,False,True,1,False,D7_I10,released_monthly_average_weekday,2025-10,corridor_all_periods,1.0471059671714955,1.017484835632129,0.570513881260172,0.40049298615941337,0.7556973297196432,0.4391574071831521,0.4074955401942313,0.6146231635323068,0.0014671211099238622,0.0011086995051447818,0.0014367391538977052,48.16867841722478,1224.3477705513537,0.9637968761794268,48.46587818213716,25.262056862978824,0.0014389611023761678,False,True,False,False,queue_exceeds_link,released_profile_fit,0.469467542994834,0.5955835230611074,0.6513900827163087,0.0011174786999329088,0.0016563908504263543,46.261967328957844,52.13842519308546,False,,,,,47.19697727758472,False,41434.657282186745,34300.530310134476,,,,,,,,46.81061069365379,32.630660971774695,,,,,,,,351.60650090461036,323.43087835140744,,,,,,,,14.177678146908683,12.74229728412599,,,,,,,,False,,,,,,False,False,True
state_transition,PeMS::D7_I10_W::L10W-296,2025-10-01,2025-10-01 17:10:00,2025-10-01 17:25:00,2025-10-01 17:55:00,2025-10-01 17:50:00,51.93749999999999,post_qc,0,51.93749999999999,51.93749999999999,49.39375,post_qc,0,49.39375,49.39375,206,209,214,PM,PM,45.0,42.50625000000001,46.712500000000006,70.7823095230676,49.54761666614731,961.3,1270.3379734999485,0.7567277528132862,1277.85,25.0,0.5,-38.54999999999996,6.887499999999989,False,0,1,206,214,speed_mph,True,D7_I10_W,W,69.0,0.2212,False,PeMS_average_weekday,state_transition__PeMS::D7_I10_W::L10W-296__2025-10-01__228,1270.3379734999485,70.7823095230676,0.2212,PeMS_average_weekday,L10W-296,5,False,PM,measured,0.75,961.2999999999998,0.7567277528132861,49.54761666614731,42.50625000000001,2025-10-01 17:10:00,2025-10-01 17:25:00,2025-10-01 17:55:00,1281.7333333333331,0.0031250746336259636,0.0020788659633450696,0.0016272999896946713,0.7827825450930993,220.0,79.43990321874276,16.13462858588838,6.287155706938325,-0.00034057980121268694,False,False,False,False,False,False,,0.6652212209514502,0,False,False,False,False,False,True,0,False,D7_I10,released_monthly_average_weekday,2025-10,corridor_all_periods,1.0471059671714955,1.017484835632129,0.570513881260172,0.40049298615941337,0.7556973297196432,0.4391574071831521,0.4074955401942313,0.7885215670413386,0.00162106776730251,0.0012250365830450908,0.0015888742318401568,46.60627122286245,1219.1169400818726,0.959679207827697,46.72012343058942,26.09404364894445,0.0016095018990886756,False,True,False,False,queue_exceeds_link,released_profile_fit,0.5187292968493417,0.7668202845317627,0.8269644613848912,0.0012847527225189558,0.0018209972068522287,44.72235919276562,50.16069746934539,False,,,,,46.545152167621104,False,51400.16020833451,44430.96944309071,,,,,,,,57.331722797819744,42.267915027436494,,,,,,,,485.80500067258265,418.95409030272316,,,,,,,,18.694481369958925,16.505652132687388,,,,,,,,False,,,,,,False,False,True
state_transition,PeMS::D7_I10_W::L10W-301,2025-10-01,2025-10-01 05:55:00,2025-10-01 07:30:00,2025-10-01 10:20:00,2025-10-01 10:15:00,51.14782608695653,post_qc,0,51.14782608695653,51.14782608695653,48.35217391304349,post_qc,0,48.35217391304349,48.35217391304349,71,90,123,NT;AM;MD,AM,265.0,28.347826086956523,34.22100082034455,68.99808140309305,48.298656982165134,5961.000000000001,1449.5494716108806,4.112312216136754,1324.8260869565215,160.0,0.4193548387096774,-77.21739130434776,20.004347826086963,False,0,8,71,123,speed_mph,True,D7_I10_W,W,49.0,0.1578,False,PeMS_average_weekday,state_transition__PeMS::D7_I10_W::L10W-301__2025-10-01__229,1449.5494716108806,68.99808140309305,0.1578,PeMS_average_weekday,L10W-301,4,False,AM,measured,4.416666666666667,5960.999999999998,4.112312216136752,48.298656982165134,28.347826086956523,2025-10-01 05:55:00,2025-10-01 07:30:00,2025-10-01 10:20:00,1349.66037735849,0.0022870201140538686,0.0032795443031240447,0.0024227460624027023,0.738744727459492,220.0,38.87143445825712,34.72113638635719,7.284481084539149,0.001772516206105778,False,False,False,False,False,False,,1.4339813991888652,0,False,False,False,False,False,True,0,False,D7_I10,released_monthly_average_weekday,2025-10,corridor_period,1.0661326851232302,1.0030818253761506,0.4945362210794696,0.5406357821612428,0.7421465046958853,0.3799474319957134,0.5423019272339623,4.403417296010741,0.0025207159877908476,0.0018707405596700135,0.0025248136325774395,32.822101017452376,1353.7213485082013,0.9338910985934232,39.624606762348044,34.163653828219935,0.001695353791797587,False,False,False,False,queue_exceeds_link,released_profile_fit,1.1021835672982956,4.3115786002675,4.4948809260940905,0.0021654085398932314,0.0032344014177668116,28.579621958733615,35.44133152473838,False,,,,,33.504848030209864,False,238051.21465784562,273045.26336774154,,,,,,,,201.40879429622163,259.75246849956864,,,,,,,,2156.736584698294,2574.63276987958,,,,,,,,90.95724433227127,101.43353138847134,,,,,,,,False,,-3072.939412047903,-15.083176909906486,31.374075687477927,1.3115672404277254,False,True,True
state_transition,PeMS::D7_I10_W::L10W-302,2025-10-01,2025-10-01 06:15:00,2025-10-01 06:40:00,2025-10-01 07:20:00,2025-10-01 07:15:00,49.204347826086966,post_qc,0,49.204347826086966,49.204347826086966,49.247826086956536,post_qc,0,49.247826086956536,49.247826086956536,75,80,87,AM,AM,65.0,45.94782608695651,47.72608695652173,69.63500000000002,48.74450000000001,1839.0108695652175,1716.1304347826087,1.0716032023510933,1700.4782608695652,30.0,0.8,10.173913043478478,3.3000000000000256,True,0,3,75,87,speed_mph,True,D7_I10_W,W,40.0,0.4461,False,PeMS_average_weekday,state_transition__PeMS::D7_I10_W::L10W-302__2025-10-01__230,1716.1304347826087,69.63500000000002,0.4461,PeMS_average_weekday,L10W-302,4,False,AM,measured,1.0833333333333333,1839.0108695652173,1.071603202351093,48.74450000000001,45.94782608695651,2025-10-01 06:15:00,2025-10-01 06:40:00,2025-10-01 07:20:00,1697.5484949832776,0.006406261219214474,0.003302576782299533,0.0029452841780308104,0.8918139901595429,220.0,63.43622130481331,26.75992453627552,8.78466069167907,0.0006259987550433498,False,False,False,False,False,False,,0.5155232778198342,0,False,False,False,False,False,True,0,False,D7_I10,released_monthly_average_weekday,2025-10,corridor_period,1.0661326851232302,1.0030818253761506,0.4945362210794696,0.5406357821612428,0.7421465046958853,0.3799474319957134,0.5423019272339623,1.1427147160542706,0.003405069715057408,0.0025270605872756693,0.0033082352720721375,45.46783744106843,1609.335071762459,0.9377696701511629,43.72993375135461,36.801680993001895,0.0037949890853593658,False,False,True,False,,released_profile_fit,0.5315221466218845,1.1036802547006856,1.1858585542593492,0.0020842169306605415,0.0038463795985286446,43.5107411024363,52.54138608718105,True,0.9828472085651404,0.0,6.13806783178461e-11,2.8781712026846527,47.70334538838995,True,192835.16486182035,215611.89607309247,203563.51680282608,-8657.710191809025,-3821.610680975523,-40234.9063434803,202641.68548706372,219657.26577405998,-0.1985519723978452,219.26284482545648,272.82340192402916,238.87048105155725,-26.35338231477095,-16.632451385912894,-122.47185985411055,235.02078444503468,268.91449977502475,-0.5211107610899561,1980.2591250498945,2339.243036662802,1687.6696327559475,18.38899971321057,29.325117599770888,85.45904919655389,1677.541904181841,1652.0661595415024,0.05094301905873009,73.32372426903561,83.28764993144324,68.08011764502061,0.4777300368899936,1.2978471759446681,2.220150925116607,66.6659376403345,68.98972376876054,0.03330262805414083,True,flat_top_power,-5042.53003437179,-19.68317808172083,24.539940987487558,1.633681401778575,True,True,True
state_transition,PeMS::D7_I10_W::L10W-302,2025-10-01,2025-10-01 08:10:00,2025-10-01 08:30:00,2025-10-01 09:00:00,2025-10-01 08:55:00,49.20000000000002,post_qc,0,49.20000000000002,49.20000000000002,49.71739130434784,post_qc,0,49.71739130434784,49.71739130434784,98,102,107,AM,AM,50.0,44.98695652173912,47.31695652173913,69.63500000000002,48.74450000000001,1307.0,1716.1304347826087,0.7615971219376251,1576.4347826086955,15.0,0.0,-21.652173913043494,4.730434782608725,False,0,4,98,107,speed_mph,True,D7_I10_W,W,40.0,0.4461,False,PeMS_average_weekday,state_transition__PeMS::D7_I10_W::L10W-302__2025-10-01__231,1716.1304347826087,69.63500000000002,0.4461,PeMS_average_weekday,L10W-302,4,False,AM,measured,0.8333333333333334,1307.0,0.7615971219376251,48.74450000000001,44.98695652173912,2025-10-01 08:10:00,2025-10-01 08:30:00,2025-10-01 09:00:00,1568.3999999999999,0.006406261219214474,0.003509946377190285,0.003035598960804117,0.8648562213175793,220.0,37.82784956282115,41.46151626714439,8.78466069167907,0.005386637535422808,True,False,False,False,False,False,,0.5478931091137538,0,False,False,False,False,False,True,0,False,D7_I10,released_monthly_average_weekday,2025-10,corridor_period,1.0661326851232302,1.0030818253761506,0.4945362210794696,0.5406357821612428,0.7421465046958853,0.3799474319957134,0.5423019272339623,0.8112823920176925,0.0028294231955890365,0.0020998465349118655,0.002870744453075214,48.30178035154212,1611.0296647132172,0.9387571201237364,44.006650339997364,36.60877736129265,0.003730842981023702,False,False,True,True,,released_profile_fit,0.44166528631437485,0.7753636652309557,0.8488813645395697,0.0014630884948276276,0.0032941098166181446,45.98794379110562,56.68830577892965,True,0.9799242176537347,-2.902122986370159e-13,6.13806783178461e-11,2.8781712026846527,47.24704576160348,True,133208.47552212948,120018.81410599481,160879.64281966165,-8973.7828371861,-3857.9693242078256,-24628.54180200186,147985.82974740112,158146.28921335898,-0.1664250005831006,145.1919905780411,114.1758800204338,210.42566755643162,-26.96556412488111,-16.70879030021824,-74.00697513117493,180.06595822209522,200.19725400839855,-0.4109992575048192,1339.578677928976,1131.6965106375349,1327.5887552386816,17.128430071686196,29.22258297414711,47.00896641660516,1178.515215728622,1157.4812363414844,0.03988829824954077,50.35572476316425,44.58576573595966,52.55526122693463,0.4238245927954628,1.2979322738754364,1.1631863495877244,46.96533174783856,48.30711468788369,0.024766914366388067,True,flat_top_power,-2915.7893532059124,-14.776991634959703,31.7517890195721,1.3274414034218152,True,True,True
state_transition,PeMS::D7_I10_W::L10W-312,2025-10-01,2025-10-01 06:05:00,2025-10-01 07:35:00,2025-10-01 10:05:00,2025-10-01 10:00:00,49.80434782608696,post_qc,0,49.80434782608696,49.80434782608696,49.3304347826087,post_qc,0,49.3304347826087,49.3304347826087,73,91,120,AM;MD,AM,240.0,35.21739130434783,40.3268115942029,68.96633553713282,48.27643487599297,4613.069565217391,1195.2001149055734,3.859662919779627,1146.521739130435,140.0,0.4814814814814814,-45.18260869565211,14.11304347826087,False,0,4,73,120,speed_mph,True,D7_I10_W,W,50.0,0.0615,False,PeMS_average_weekday,state_transition__PeMS::D7_I10_W::L10W-312__2025-10-01__232,1195.2001149055734,68.96633553713282,0.0615,PeMS_average_weekday,L10W-312,5,False,AM,measured,4.0,4613.069565217391,3.859662919779627,48.27643487599297,35.21739130434783,2025-10-01 06:05:00,2025-10-01 07:35:00,2025-10-01 10:05:00,1153.2673913043477,0.0008917394192545898,0.0008545568770417063,0.0006443156685687891,0.7539763424516254,220.0,47.18631355927854,24.440718172559457,5.897277697726354,0.00041160460915186045,False,False,False,False,False,False,,0.9583033547580923,0,False,False,False,False,False,True,0,False,D7_I10,released_monthly_average_weekday,2025-10,corridor_period,1.0661326851232302,1.0030818253761506,0.4945362210794696,0.5406357821612428,0.7421465046958853,0.3799474319957134,0.5423019272339623,4.132075786876331,0.0009496393236813805,0.0007047715047919011,0.0009331065655895705,33.398886696140444,1116.4048781168824,0.9340736034024594,36.375067707482295,30.69148591267748,0.0007989790831703429,False,False,False,False,queue_exceeds_link,released_profile_fit,1.0649291745734304,4.052734170035423,4.21517199865554,0.0008229039215432489,0.0012032458086707945,29.355844465009834,35.867517578257036,False,,,,,40.037626571809184,False,69905.20420972296,68914.87515891246,,,,,,,,67.88866434230059,65.55985889694058,,,,,,,,665.4293859463789,649.8208162553991,,,,,,,,26.034403547915552,25.60117346972438,,,,,,,,False,,-4222.958060810849,-17.472724459660565,28.19989029408751,1.297147002171744,False,True,True
state_transition,PeMS::D7_I10_W::L10W-315,2025-10-01,2025-10-01 06:10:00,2025-10-01 07:30:00,2025-10-01 10:10:00,2025-10-01 10:05:00,49.12173913043477,post_qc,0,49.12173913043477,49.12173913043477,48.51739130434783,post_qc,0,48.51739130434783,48.51739130434783,74,90,121,AM;MD,AM,240.0,31.90869565217392,38.02708333333334,68.84940311267945,48.19458217887561,5483.108695652174,1431.6335381711865,3.8299666426203376,1363.891304347826,150.0,0.4137931034482758,-33.39130434782601,16.608695652173914,False,0,7,74,121,speed_mph,True,D7_I10_W,W,52.0,0.0764,False,PeMS_average_weekday,state_transition__PeMS::D7_I10_W::L10W-315__2025-10-01__233,1431.6335381711865,68.84940311267945,0.0764,PeMS_average_weekday,L10W-315,4,False,AM,measured,4.0,5483.108695652173,3.8299666426203367,48.19458217887561,31.90869565217392,2025-10-01 06:10:00,2025-10-01 07:30:00,2025-10-01 10:10:00,1370.7771739130433,0.0011096682984304625,0.001284663354383272,0.000921849997899157,0.7175809870763452,220.0,46.84555895078118,29.261624892837034,7.186687907679283,0.0005212226912633637,False,False,False,False,False,False,,1.1577003291887549,0,False,False,False,False,False,True,0,False,D7_I10,released_monthly_average_weekday,2025-10,corridor_period,1.0661326851232302,1.0030818253761506,0.4945362210794696,0.5406357821612428,0.7421465046958853,0.3799474319957134,0.5423019272339623,4.100185963925655,0.0011767787408804846,0.0008733422293448767,0.0011611450077620216,33.41428805760758,1337.2829290899924,0.9340958376808352,39.422034181220724,33.922220323349705,0.0008283341813196637,False,False,False,False,queue_exceeds_link,released_profile_fit,1.0604779306977992,4.022283993260808,4.182305312385505,0.0010207950229161949,0.0014887332810588044,29.402717614930978,35.86074417076971,False,,,,,37.60734035131913,False,106810.6962258252,108333.74887466177,,,,,,,,101.4481725685688,103.05968448207959,,,,,,,,1010.6361320048618,1021.5142225739917,,,,,,,,40.01163833288991,40.244883142722976,,,,,,,,False,,-4182.7374414109,-17.383128312832653,28.32749655623882,1.2935345953925805,False,True,True
state_transition,PeMS::D7_I10_W::L10W-371,2025-10-01,2025-10-01 06:00:00,2025-10-01 06:30:00,2025-10-01 07:55:00,2025-10-01 07:50:00,46.713043478260886,post_qc,0,46.713043478260886,46.713043478260886,47.59999999999999,post_qc,0,47.59999999999999,47.59999999999999,72,78,94,AM,AM,115.0,36.26521739130435,40.870132325141775,68.14187484852394,47.69931239396676,2097.582608695652,1163.5512449665189,1.802741922858765,1086.313043478261,80.0,0.4666666666666667,-25.460869565217536,11.33478260869564,False,0,2,72,94,speed_mph,True,D7_I10_W,W,80.0,0.1417,False,PeMS_average_weekday,state_transition__PeMS::D7_I10_W::L10W-371__2025-10-01__234,1163.5512449665189,68.14187484852394,0.1417,PeMS_average_weekday,L10W-371,5,False,AM,measured,1.9166666666666667,2097.582608695652,1.8027419228587651,47.69931239396676,36.26521739130435,2025-10-01 06:00:00,2025-10-01 06:30:00,2025-10-01 07:55:00,1094.3909262759923,0.00207948490285881,0.001827840357901291,0.001419192201945626,0.7764311559326379,220.0,37.560107775575716,29.13705500567397,5.733909881294802,0.001693134729828813,False,False,False,False,False,False,,0.8789870777077698,0,False,False,False,False,False,True,0,False,D7_I10,released_monthly_average_weekday,2025-10,corridor_period,1.0661326851232302,1.0030818253761506,0.4945362210794696,0.5406357821612428,0.7421465046958853,0.3799474319957134,0.5423019272339623,1.9254558237102695,0.0014654901400815757,0.001087608385127825,0.0014618697325828624,39.97207266160799,1089.39534361983,0.9362676103287376,36.30314641171585,30.008289949993355,0.0018237580390331408,False,False,True,False,,released_profile_fit,0.704737090452961,1.8832090861199358,1.9678227143529272,0.001103220605827281,0.0016368886031131599,38.128568217079355,44.52195916857069,True,0.9956187709247223,-2.328784508227213e-13,6.13806783178461e-11,2.8781712026846527,40.501022459436285,True,72105.47916647755,71373.84861010635,73533.03685729709,-2691.4437941738715,-2585.5199819016916,-6140.121084272372,83783.04010519743,79658.16999568878,-0.07328596666536422,69.61958469313784,67.89912095204633,78.99031400127043,-14.797685178923295,-14.093403382063528,-33.75867590555452,98.60018352619684,91.4390992088672,-0.34237944290017736,684.5385026838928,673.0072782713362,640.3182789663701,42.183827908904114,32.65605403146691,96.23600972811056,685.6922521630345,625.9323816737718,0.14034869057442534,26.834716678996973,26.514657035301443,25.66424152755723,1.4952626973551462,1.3333980646466257,3.4112152126046587,27.27176440385007,26.021482679648756,0.12508230718372892,True,flat_top_power,-2814.6825262886514,-14.550500988203645,32.07604591551302,1.3174972219032486,True,True,True
state_transition,PeMS::D7_I10_W::L10W-371,2025-10-01,2025-10-01 08:20:00,2025-10-01 08:40:00,2025-10-01 09:20:00,2025-10-01 09:15:00,48.99565217391304,post_qc,0,48.99565217391304,48.99565217391304,48.02173913043477,post_qc,0,48.02173913043477,48.02173913043477,100,104,111,AM,AM,60.0,45.27826086956523,46.79528985507246,68.14187484852394,47.69931239396676,1055.6,1163.5512449665189,0.9072226122970414,1044.9391304347828,30.0,0.6,-3.860869565217399,2.743478260869537,True,0,0,100,111,speed_mph,True,D7_I10_W,W,80.0,0.1417,False,PeMS_average_weekday,state_transition__PeMS::D7_I10_W::L10W-371__2025-10-01__235,1163.5512449665189,68.14187484852394,0.1417,PeMS_average_weekday,L10W-371,5,False,AM,measured,1.0,1055.6,0.9072226122970414,47.69931239396676,45.27826086956523,2025-10-01 08:20:00,2025-10-01 08:40:00,2025-10-01 09:20:00,1055.6,0.00207948490285881,0.0010500522586545367,0.0009496611307777398,0.9043941603388093,220.0,29.402070135626367,35.90223392879176,5.733909881294802,0.0027399036417696406,True,False,False,False,False,False,,0.5049578658690709,0,False,False,False,False,False,True,0,False,D7_I10,released_monthly_average_weekday,2025-10,corridor_period,1.0661326851232302,1.0030818253761506,0.4945362210794696,0.5406357821612428,0.7421465046958853,0.3799474319957134,0.5423019272339623,0.9669294901754234,0.001009852132931264,0.000749458230714622,0.0010283806056516037,45.86744610846946,1091.7031807650108,0.9382510529619384,36.87463791968907,29.605800689966912,0.0017632646939945821,False,False,True,True,,released_profile_fit,0.4856260949733039,0.9285237143586021,1.0078277886093148,0.0005693209106993827,0.001154990182751194,43.80927261370318,53.495869220831416,True,0.9939881297292006,-1.1719514247943151e-13,6.13806783178461e-11,2.8781712026846527,46.77886058530046,True,32562.884220789678,31098.237162948353,37240.49522012284,-3117.4423481385043,-2691.081268504846,-2466.296267749164,42787.17244337377,40927.04545966942,-0.0576410201214665,33.02845321104691,29.584266613632824,43.953009023431115,-15.62277577023105,-14.303616473979414,-12.359617042159668,54.24944590341754,50.880711629235996,-0.22782936924671984,316.319705381346,293.2354126845957,309.12463235263897,40.48484872701236,32.38982707926329,32.02870178992769,328.6701818130813,303.1307095283093,0.0974493688878135,12.193403614287453,11.55267803032953,12.460772859989895,1.4226096488520223,1.325838402569565,1.1254664804058823,13.133191764675333,12.613267521592226,0.08569634103973696,True,flat_top_power,-1130.4646981931173,-11.240532700450787,36.202597656163604,1.4681483564602242,True,True,True
state_transition,PeMS::D7_I10_W::L10W-377,2025-10-01,2025-10-01 06:20:00,2025-10-01 07:25:00,2025-10-01 09:15:00,2025-10-01 09:10:00,46.829411764705874,post_qc,0,46.829411764705874,46.829411764705874,47.55294117647061,post_qc,0,47.55294117647061,47.55294117647061,76,89,110,AM,AM,175.0,35.72352941176471,40.82487394957983,66.28147058823528,46.39702941176469,8499.588235294119,4133.890588235295,2.056074792952487,2961.8823529411766,100.0,0.6842105263157895,702.3529411764707,11.829411764705902,True,0,0,76,110,speed_mph,True,D7_I10_W,W,70.0,0.0068,False,PeMS_average_weekday,state_transition__PeMS::D7_I10_W::L10W-377__2025-10-01__236,4133.890588235295,66.28147058823528,0.0068,PeMS_average_weekday,L10W-377,1,False,AM,measured,2.9166666666666665,8499.588235294117,2.056074792952487,46.39702941176469,35.72352941176471,2025-10-01 06:20:00,2025-10-01 07:25:00,2025-10-01 09:15:00,2914.144537815126,0.00010259277501919179,8.775795773233131e-05,6.395675403016578e-05,0.7287858068124022,220.0,26.76487986717599,108.8794178145737,26.225065424444136,0.0001514715074937818,True,False,False,False,True,True,metadata_capacity_flag,0.8554009550469284,1,False,False,True,False,False,False,2,True,D7_I10,released_monthly_average_weekday,2025-10,corridor_period,1.0661326851232302,1.0030818253761506,0.4945362210794696,0.5406357821612428,0.7421465046958853,0.3799474319957134,0.5423019272339623,2.196923315756287,7.764477714978841e-05,5.7623799969606414e-05,9.050015455528948e-05,37.727986860500174,3868.85977054149,0.9358882844049962,53.38218705355678,72.47473331618986,2.479054093932748e-05,False,False,False,True,queue_exceeds_link,released_profile_fit,0.75682500190938,2.152054798684468,2.238950750216991,6.127441369957907e-05,8.792067618316918e-05,35.6930180345383,41.49702003418006,False,,,,,40.82869545662176,False,13874.645644182756,13767.575743297077,,,,,,,,13.3491021009467,13.097322181926188,,,,,,,,131.50648634893662,129.8189583415408,,,,,,,,5.161352893224025,5.114514015282738,,,,,,,,False,,-402.2576406020153,-9.816695432803417,37.96670078073345,1.5382720915476307,False,False,False
state_transition,PeMS::D7_I10_W::L10W-377,2025-10-01,2025-10-01 09:35:00,2025-10-01 09:50:00,2025-10-01 10:05:00,2025-10-01 10:00:00,46.41176470588234,post_qc,0,46.41176470588234,46.41176470588234,47.32352941176472,post_qc,0,47.32352941176472,47.32352941176472,115,118,120,AM;MD,AM,30.0,45.20588235294119,46.24607843137255,66.28147058823528,46.39702941176469,1578.6470588235293,4133.890588235295,0.3818792551782154,3098.823529411765,5.0,,,2.117647058823529,False,0,0,115,120,speed_mph,True,D7_I10_W,W,70.0,0.0068,False,PeMS_average_weekday,state_transition__PeMS::D7_I10_W::L10W-377__2025-10-01__237,4133.890588235295,66.28147058823528,0.0068,PeMS_average_weekday,L10W-377,1,False,AM,measured,0.5,1578.6470588235293,0.38187925517821547,46.39702941176469,45.20588235294119,2025-10-01 09:35:00,2025-10-01 09:50:00,2025-10-01 10:05:00,3157.2941176470586,0.00010259277501919179,4.7830126737476993e-05,4.4479572035724906e-05,0.9299488642348342,220.0,31.69726748114574,99.60776964528849,26.225065424444136,0.00011193675829293976,True,False,False,False,True,True,metadata_capacity_flag,0.4662134027325952,2,False,False,True,True,True,False,3,True,D7_I10,released_monthly_average_weekday,2025-10,corridor_period,1.0661326851232302,1.0030818253761506,0.4945362210794696,0.5406357821612428,0.7421465046958853,0.3799474319957134,0.5423019272339623,0.4059278924932047,3.116221679462345e-05,2.3126930272705208e-05,3.4879262695832646e-05,50.83922407520677,3888.9839501481315,0.9407563812201158,54.234090649494995,71.70736899198556,2.2789616730439546e-05,False,False,False,True,queue_exceeds_link,released_profile_fit,0.3037466994025067,0.38187925517821547,0.43442446540313323,1.2001343700899471e-05,4.036896021756897e-05,47.565178046353104,59.33987303520111,False,,,,,46.23574816182736,False,2258.0432016382165,2258.0432016382165,,,,,,,,2.14811379025552,2.14811379025552,,,,,,,,21.291825212553377,21.291825212553377,,,,,,,,0.8388400265395488,0.8388400265395486,,,,,,,,False,,-1566.5741468559881,-12.06635696878278,35.22015756076035,1.4077808487010586,False,False,False
state_transition,PeMS::D7_I10_W::L10W-383,2025-10-01,2025-10-01 06:00:00,2025-10-01 06:15:00,2025-10-01 10:00:00,2025-10-01 09:55:00,47.29130434782609,post_qc,0,47.29130434782609,47.29130434782609,48.34782608695652,post_qc,0,48.34782608695652,48.34782608695652,72,75,119,AM,AM,240.0,41.62608695652173,45.14356884057972,67.84760869565217,47.49332608695652,25297.043478260868,7157.887826086956,3.534149192177289,6362.086956521739,215.0,0.5,162.78260869565202,6.721739130434791,True,0,6,72,119,speed_mph,True,D7_I10_W,W,97.0,1.2365,False,PeMS_average_weekday,state_transition__PeMS::D7_I10_W::L10W-383__2025-10-01__238,7157.887826086956,67.84760869565217,1.2365,PeMS_average_weekday,L10W-383,1,False,AM,measured,4.0,25297.043478260868,3.534149192177289,47.49332608695652,41.62608695652173,2025-10-01 06:00:00,2025-10-01 06:15:00,2025-10-01 10:00:00,6324.260869565217,0.01822466589127168,0.011480264127529245,0.00919647033807455,0.8010678357148384,220.0,53.21905287406417,118.83452500612407,62.51402338542924,0.005009494305566343,False,False,False,False,True,True,metadata_capacity_flag,0.6299300188009195,1,False,False,True,False,False,False,1,False,D7_I10,released_monthly_average_weekday,2025-10,corridor_period,1.0661326851232302,1.0030818253761506,0.4945362210794696,0.5406357821612428,0.7421465046958853,0.3799474319957134,0.5423019272339623,3.7825602584238234,0.018502456377837245,0.013731533329100001,0.019070094953340683,33.66721713015932,6687.809776968904,0.934327267967954,59.17418289153093,113.01904733062347,0.0026712711471249947,False,False,False,False,queue_exceeds_link,released_profile_fit,1.0152425557880107,3.715892321714944,3.8550978926397383,0.016253706025994075,0.02297470123804266,30.012598307609533,35.86306294207559,False,,,,,45.09295273755621,False,6819575.012528692,6746389.203644663,,,,,,,,6590.0513483357845,6417.95146889398,,,,,,,,64767.3834089128,63613.90235388144,,,,,,,,2538.2307214080192,2506.214803386264,,,,,,,,False,,-4739.230444445204,-18.61240165705886,26.590524040097336,1.3364227149731729,False,False,False
state_transition,PeMS::D7_I10_W::L10W-385,2025-10-01,2025-10-01 06:05:00,2025-10-01 06:20:00,2025-10-01 06:55:00,2025-10-01 06:50:00,48.77272727272727,post_qc,0,48.77272727272727,48.77272727272727,48.62272727272727,post_qc,0,48.62272727272727,48.62272727272727,73,76,82,AM,AM,50.0,46.290909090909096,47.362272727272725,69.05636363636364,48.339454545454544,5487.772727272728,7326.231818181818,0.7490580237515132,6623.454545454545,25.0,1.0,243.818181818182,2.331818181818172,False,0,0,73,82,speed_mph,True,D7_I10_W,W,95.0,1.5485,False,PeMS_average_weekday,state_transition__PeMS::D7_I10_W::L10W-385__2025-10-01__239,7326.231818181818,69.05636363636364,1.5485,PeMS_average_weekday,L10W-385,1,False,AM,measured,0.8333333333333334,5487.772727272728,0.7490580237515132,48.339454545454544,46.290909090909096,2025-10-01 06:05:00,2025-10-01 06:20:00,2025-10-01 06:55:00,6585.327272727273,0.022423711855927963,0.011027780681385466,0.010277113744971787,0.931929464494993,220.0,55.99277204224969,117.61030991211284,64.31631218997435,0.005231643353697482,False,False,False,False,True,True,metadata_capacity_flag,0.4917910447761193,1,False,False,True,False,False,False,1,False,D7_I10,released_monthly_average_weekday,2025-10,corridor_period,1.0661326851232302,1.0030818253761506,0.4945362210794696,0.5406357821612428,0.7421465046958853,0.3799474319957134,0.5423019272339623,0.7978844423554136,0.009815012648869558,0.0072841773309044455,0.01004841111297291,48.03229730039612,6877.904162503055,0.9388051502047575,60.833419017933835,113.06127903932924,0.00303104681123652,False,False,False,False,queue_exceeds_link,released_profile_fit,0.43770686637122697,0.7622574436579739,0.8351694434072233,0.005033883315916291,0.01145815942481999,45.702914953537785,56.39606368350161,False,,,,,47.35354449146978,False,1945818.6685729674,2249882.670421489,,,,,,,,2131.8566128609436,2846.8774462528945,,,,,,,,19617.352365916875,24409.703109830323,,,,,,,,736.0799547954115,869.0960176768784,,,,,,,,False,,-4908.482158702289,-19.079419564040034,25.805691664365632,1.4131182052689009,False,False,False
state_transition,PeMS::D7_I10_W::L10W-388,2025-10-01,2025-10-01 05:55:00,2025-10-01 07:55:00,2025-10-01 09:20:00,2025-10-01 09:15:00,47.43809523809524,post_qc,0,47.43809523809524,47.43809523809524,45.98571428571427,post_qc,0,45.98571428571427,45.98571428571427,71,95,111,NT;AM,AM,205.0,34.36190476190476,39.60344367015099,64.83187877058694,45.382315139410856,3680.263690476191,1196.2798257176796,3.0764237692199683,1119.45,75.0,0.5,120.0,11.623809523809513,True,0,5,71,111,speed_mph,True,D7_I10_W,W,105.0,0.1833,False,PeMS_average_weekday,state_transition__PeMS::D7_I10_W::L10W-388__2025-10-01__240,1196.2798257176796,64.83187877058694,0.1833,PeMS_average_weekday,L10W-388,4,False,AM,measured,3.4166666666666665,3680.2636904761903,3.076423769219968,45.382315139410856,34.36190476190476,2025-10-01 05:55:00,2025-10-01 07:55:00,2025-10-01 09:20:00,1077.1503484320558,0.0028273127892625553,0.0025070829978771345,0.0018211127188265275,0.7263870882489928,220.0,27.961343080928874,38.52284009800408,5.935459586284881,0.0037281663044802767,True,False,False,False,False,False,,0.8867370484788328,0,False,False,False,False,False,True,0,False,D7_I10,released_monthly_average_weekday,2025-10,corridor_period,1.0661326851232302,1.0030818253761506,0.4945362210794696,0.5406357821612428,0.7421465046958853,0.3799474319957134,0.5423019272339623,3.2912546765282813,0.0026624171185369227,0.0019759035585646674,0.0027167934931631187,33.3896208153298,1118.1947470434734,0.9347267445329014,35.37726366029903,31.607722908720348,0.002353981099379895,False,False,False,True,queue_exceeds_link,released_profile_fit,0.9416775988309938,3.2352974709552167,3.3495599496662987,0.002352146407470252,0.003200365303643538,30.409721814152533,35.389795159773364,False,,,,,39.43270676942668,False,167358.4019412325,166379.95074871296,,,,,,,,160.58086908408967,158.27999498240231,,,,,,,,1584.2721393238676,1568.8507764797052,,,,,,,,62.2364892849713,61.80845530344306,,,,,,,,False,,-626.9570311386124,-10.234511051619592,37.48166184471986,1.501921174533222,False,True,True
state_transition,PeMS::D7_I10_W::L10W-395,2025-10-01,2025-10-01 05:50:00,2025-10-01 07:35:00,2025-10-01 09:30:00,2025-10-01 09:25:00,46.77619047619047,post_qc,0,46.77619047619047,46.77619047619047,46.538095238095245,post_qc,0,46.538095238095245,46.538095238095245,70,91,113,NT;AM,AM,220.0,35.214285714285715,40.0180735930736,66.47476190476192,46.53233333333334,16641.142857142855,5372.928571428572,3.0972201911700186,4574.285714285715,105.0,0.45,-51.42857142857156,11.32380952380953,False,0,2,70,113,speed_mph,True,D7_I10_W,W,101.0,0.5014,False,PeMS_average_weekday,state_transition__PeMS::D7_I10_W::L10W-395__2025-10-01__241,5372.928571428572,66.47476190476192,0.5014,PeMS_average_weekday,L10W-395,1,False,AM,measured,3.6666666666666665,16641.142857142855,3.0972201911700186,46.53233333333334,35.214285714285715,2025-10-01 05:50:00,2025-10-01 07:35:00,2025-10-01 09:30:00,4538.493506493506,0.0075427122359363,0.006695827317816233,0.005056234270855479,0.7551321189842918,220.0,44.30360695160561,102.44072252291022,38.60600034206554,0.003774650717100386,False,False,False,False,True,True,metadata_capacity_flag,0.8877214334009469,1,False,False,True,False,False,False,1,False,D7_I10,released_monthly_average_weekday,2025-10,corridor_period,1.0661326851232302,1.0030818253761506,0.4945362210794696,0.5406357821612428,0.7421465046958853,0.3799474319957134,0.5423019272339623,3.3135721397006495,0.0071288013430349465,0.005290614999404718,0.007529930559967604,34.175069756855834,5022.115757723092,0.9347073371548277,55.85490939883308,89.91359598961259,0.001434117292507536,False,False,False,False,queue_exceeds_link,released_profile_fit,0.9451243955815618,3.256636312954252,3.3725128986452027,0.006306709987540722,0.008585689937552888,31.088016158645203,36.20367637027537,False,,,,,39.79697824176869,False,2039076.6882785168,2039076.6882785156,,,,,,,,1939.807329771996,1939.8073297719952,,,,,,,,19227.118599998517,19227.118599998514,,,,,,,,757.4961993954689,757.4961993954687,,,,,,,,False,,-3797.764324232352,-16.523640818778524,29.554158155219675,1.25764989355404,False,False,False
state_transition,PeMS::D7_I210_E::L210E-008,2025-10-01,2025-10-01 12:15:00,2025-10-01 17:20:00,2025-10-01 19:50:00,2025-10-01 19:45:00,51.52173913043477,post_qc,0,51.52173913043477,51.52173913043477,50.15652173913044,post_qc,0,50.15652173913044,50.15652173913044,147,208,237,MD;PM,PM,455.0,15.952173913043476,26.228093645484947,71.68241596766359,50.17769117736451,8622.417391304347,1358.995668415375,6.344698214791453,1098.573913043478,145.0,0.5357142857142857,87.23478260869547,34.204347826086966,True,0,5,147,237,speed_mph,True,D7_I210_E,E,167.0,0.2312,False,PeMS_average_weekday,state_transition__PeMS::D7_I210_E::L210E-008__2025-10-01__242,1358.995668415375,71.68241596766359,0.2312,PeMS_average_weekday,L210E-008,5,False,PM,measured,7.583333333333333,8622.417391304347,6.344698214791453,50.17769117736451,15.952173913043476,2025-10-01 12:15:00,2025-10-01 17:20:00,2025-10-01 19:50:00,1137.0220735785952,0.003225337718866728,0.011267984712313432,0.006716264921125875,0.5960484587617937,220.0,21.95194164003715,51.79596831219851,6.759778955173846,0.00730676025183509,False,False,False,False,False,False,,3.493582903396737,0,False,False,False,False,False,True,0,False,D7_I210,released_monthly_average_weekday,2025-10,corridor_period,0.98239491031959,1.087651227810984,0.00684891142952002,3.0871132773869587,0.6416577808454678,0.004160172543660879,3.3577025465415167,7.328741107070783,0.010342854861246528,0.006636573297874205,0.011492769200347079,17.03985248107896,1176.520942046298,0.8657282501997616,25.602841142181152,45.952749365302196,0.005804910085119907,False,False,False,False,queue_exceeds_link,released_profile_fit,3.20675097083497,6.755625926331368,7.593722757871997,0.007133003686283165,0.014235967237149368,13.240726602550506,22.32017752643004,False,,,,,23.255807777906924,False,646796.0558424705,594202.3550395027,,,,,,,,450.933678296171,349.3869738542802,,,,,,,,5875.6421426176,5373.024032144217,,,,,,,,251.82226198460063,235.8523734478364,,,,,,,,False,,685.1835556934795,-7.78605049645203,40.33778038922792,1.7083098141591624,False,True,True
state_transition,PeMS::D7_I210_E::L210E-009,2025-10-01,2025-10-01 12:15:00,2025-10-01 17:20:00,2025-10-01 19:45:00,2025-10-01 19:40:00,48.68695652173913,post_qc,0,48.68695652173913,48.68695652173913,48.56956521739131,post_qc,0,48.56956521739131,48.56956521739131,147,208,236,MD;PM,PM,450.0,17.513043478260872,28.840531400966192,67.60103220318528,47.320722542229696,9539.38043478261,1512.4224403680755,6.307351821929479,1177.695652173913,135.0,0.5769230769230769,199.3043478260868,31.056521739130435,True,0,3,147,236,speed_mph,True,D7_I210_E,E,171.0,0.2983,False,PeMS_average_weekday,state_transition__PeMS::D7_I210_E::L210E-009__2025-10-01__243,1512.4224403680755,67.60103220318528,0.2983,PeMS_average_weekday,L210E-009,4,False,PM,measured,7.5,9539.380434782608,6.307351821929478,47.320722542229696,17.513043478260872,2025-10-01 12:15:00,2025-10-01 17:20:00,2025-10-01 19:45:00,1271.9173913043478,0.004412654515443101,0.012620364352481424,0.006778853396585414,0.5371361085349767,220.0,23.641848538249995,53.79940528958727,7.652905174740991,0.00820480217443385,False,False,False,False,False,False,,2.8600390781361997,0,False,False,False,False,False,True,0,False,D7_I210,released_monthly_average_weekday,2025-10,corridor_period,0.98239491031959,1.087651227810984,0.00684891142952002,3.0871132773869587,0.6416577808454678,0.004160172543660879,3.3577025465415167,7.281833370593035,0.013872550131517853,0.008901429732057245,0.015196190203645665,16.313735928002217,1310.0245431743128,0.8661763461110076,26.833784687362186,48.819969245385295,0.006703928682770058,False,False,False,False,queue_exceeds_link,released_profile_fit,3.1438106207879337,6.7279885609833965,7.52656559481161,0.009552079918946728,0.018826879669762788,12.835886223301536,21.36099675984252,False,,,,,26.654138329240727,False,831723.4519917184,838540.1682218353,,,,,,,,612.6478860486295,648.3331533713268,,,,,,,,7628.684704349467,7510.465181396175,,,,,,,,323.0617172218215,326.97900614345133,,,,,,,,False,,361.9076213955493,-8.366243440148665,39.69757207376838,1.6417159415441485,False,True,True
state_transition,PeMS::D7_I210_E::L210E-042,2025-10-01,2025-10-01 08:05:00,2025-10-01 08:35:00,2025-10-01 09:20:00,2025-10-01 09:15:00,47.42608695652173,post_qc,0,47.42608695652173,47.42608695652173,45.87826086956521,post_qc,0,45.87826086956521,45.87826086956521,97,103,111,AM,AM,75.0,40.595652173913045,42.94840579710145,65.41347826086957,45.78943478260869,1371.4347826086955,1185.151956521739,1.157180541332161,1012.0434782608698,35.0,0.1666666666666666,-136.69565217391312,5.282608695652165,False,0,4,97,111,speed_mph,True,D7_I210_E,E,118.0,0.0466,False,PeMS_average_weekday,state_transition__PeMS::D7_I210_E::L210E-042__2025-10-01__244,1185.151956521739,65.41347826086957,0.0466,PeMS_average_weekday,L210E-042,4,False,AM,measured,1.25,1371.4347826086955,1.1571805413321608,45.78943478260869,40.595652173913045,2025-10-01 08:05:00,2025-10-01 08:35:00,2025-10-01 09:20:00,1097.1478260869565,0.0007123914098277845,0.0004355147698873274,0.0003750210081272816,0.8610982544272925,220.0,33.1377213250514,33.10872873016578,5.870514008665984,0.0006938609858301937,True,False,False,False,False,False,,0.6113419727964013,1,False,False,False,True,False,True,1,False,D7_I210,released_monthly_average_weekday,2025-10,corridor_all_periods,1.0870095154357462,1.0125005024368583,0.498084344462563,0.6092129135159142,0.7212380421318988,0.37796826697379987,0.6168283810258854,1.2601638408872247,0.00040851028870627867,0.00029463316081725316,0.0004064998566686449,41.5736723933458,1088.2987894995701,0.9182778491068606,31.43909423741433,34.616098710771126,0.0007698395872899164,False,False,True,True,,released_profile_fit,0.5734351693053585,1.1937871815698786,1.3315130180985844,0.00015003647797829728,0.0005934053321456396,35.687026432244544,54.03402967637005,True,0.9983225441418739,0.0,2.415414535050786e-10,2.5872900579682367,42.85402597078453,True,14769.332718792293,14503.92772412494,15633.95938679659,-3954.473803549099,-1466.3154445238456,-1597.8848817137657,18543.556858790016,17605.778850573388,-0.0861692766863298,14.421938338139134,13.797825982451673,17.115813094245674,-16.38752893016882,-11.861721261338374,-6.621711516374848,23.024691265963416,21.009135400413633,-0.2875917613785115,140.94530752009354,136.76226113545087,134.32384259979275,10.395047258230237,35.48673327242294,4.200328459305722,136.22970118746989,133.86235042113378,0.030832692303461202,5.504165533400911,5.388061268360964,5.407705666509235,0.8349185454117359,1.4115562761873046,0.3373656742847852,5.681771443331212,5.575840020566215,0.05937684710650528,True,flat_top_power,-1832.1152546905046,-12.5741547967996,34.608289212745575,1.374416480834144,True,True,True
state_transition,PeMS::D7_I210_E::L210E-042,2025-10-01,2025-10-01 14:05:00,2025-10-01 15:55:00,2025-10-01 17:05:00,2025-10-01 17:00:00,46.91739130434783,post_qc,0,46.91739130434783,46.91739130434783,47.26956521739131,post_qc,0,47.26956521739131,47.26956521739131,169,191,204,MD;PM,MD,180.0,40.00869565217392,43.664855072463766,65.41347826086957,45.78943478260869,2935.010869565218,1185.151956521739,2.4764848536208626,1020.0652173913044,60.0,0.4545454545454545,4.043478260869733,7.260869565217391,True,0,2,169,204,speed_mph,True,D7_I210_E,E,118.0,0.0466,False,PeMS_average_weekday,state_transition__PeMS::D7_I210_E::L210E-042__2025-10-01__245,1185.151956521739,65.41347826086957,0.0466,PeMS_average_weekday,L210E-042,4,False,MD,measured,3.0,2935.010869565217,2.4764848536208617,45.78943478260869,40.00869565217392,2025-10-01 14:05:00,2025-10-01 15:55:00,2025-10-01 17:05:00,978.336956521739,0.0007123914098277845,0.0004523553843473946,0.00035819620375216924,0.7918468888547282,220.0,18.339012277516595,53.34730909805694,5.870514008665984,0.001828639660702172,True,False,False,False,False,False,,0.6349815257552702,0,False,False,False,False,False,True,0,False,D7_I210,released_monthly_average_weekday,2025-10,corridor_period,1.2050928023458418,0.9315153760202035,0.18794378576228113,1.025540565984698,0.73768409081611,0.1678758365386286,0.9553068059472082,2.8046875101739777,0.0003855408036114958,0.00028440731718465867,0.0004130987170853193,42.44342176100761,1046.4662672467048,0.8829806688400886,25.069882626291886,41.74196915262897,0.0011464126657496792,False,False,True,True,,released_profile_fit,0.5411923814531923,2.5195056141185805,3.028720814655613,0.0002839420113221614,0.0007731989464774996,31.3682240977646,46.771498564548516,True,0.9992268537568348,-3.258516644916406e-13,8.539069451529713e-11,2.812197297187091,43.52749780484903,True,30559.63108382383,30559.63108382384,33218.78670069786,-75.4882778272764,77.80505428216475,-63.01297688305941,43041.73482938593,39011.11497316693,-0.0014639971444654338,29.071881755254815,29.071881755254815,36.47354457841327,-9.009768746274213,-8.889593544430308,-7.520801455157157,55.92553628768404,47.79865611451275,-0.13447884373374158,288.15672044043583,288.1567204404359,285.4885565551593,30.08869979219775,39.097861970120505,25.116198157086473,307.67257558973085,288.428423803119,0.08163287907264742,11.352591363529095,11.352591363529095,11.486494758333691,1.566714492998876,1.5923913896471404,1.3077970112867023,12.745372623654621,12.041453667817391,0.10260955484812678,True,flat_top_power,2005.6196429282065,-5.232597245968608,43.45849753301064,1.8548347743046212,True,True,True
state_transition,PeMS::D7_I210_E::L210E-046,2025-10-01,2025-10-01 07:30:00,2025-10-01 07:50:00,2025-10-01 08:15:00,2025-10-01 08:10:00,47.53000000000001,post_qc,0,47.53000000000001,47.53000000000001,48.00500000000001,post_qc,0,48.00500000000001,48.00500000000001,90,94,98,AM,AM,45.0,40.89000000000001,43.80444444444444,66.361,46.4527,938.225,1317.6,0.7120711900425016,1209.45,15.0,0.0,-48.450000000000045,7.115000000000002,False,0,4,90,98,speed_mph,True,D7_I210_E,E,37.0,0.3281,False,PeMS_average_weekday,state_transition__PeMS::D7_I210_E::L210E-046__2025-10-01__246,1317.6,66.361,0.3281,PeMS_average_weekday,L210E-046,4,False,AM,measured,0.75,938.225,0.7120711900425016,46.4527,40.89000000000001,2025-10-01 07:30:00,2025-10-01 07:50:00,2025-10-01 08:15:00,1250.9666666666667,0.004944169014933469,0.003079797725100768,0.002579194419602692,0.8374557843789248,220.0,41.731278237645526,29.976715775223425,6.583228322624459,0.00291803923403464,False,False,False,False,False,False,,0.6229151381755931,1,False,False,False,True,False,True,1,False,D7_I210,released_monthly_average_weekday,2025-10,corridor_all_periods,1.0870095154357462,1.0125005024368583,0.498084344462563,0.6092129135159142,0.7212380421318988,0.37796826697379987,0.6168283810258854,0.7707494602174279,0.0021013687956153836,0.0015155871159467055,0.00206672126587798,46.56848189910441,1217.2892080071356,0.9238685549538067,34.68815386558913,35.09236071553218,0.004514391428246452,False,False,True,False,,released_profile_fit,0.42501961184343945,0.7208296475409348,0.8330135443444192,0.0005687442522449186,0.0032577930774720714,40.002690618324436,59.51495516750555,True,0.9858920417758408,-2.083277994557875e-13,2.4154134248277614e-10,2.5872900579682367,43.61081354834593,True,72636.71255403898,68649.15908844706,78632.89303311326,-2201.1952463102775,-2195.772495619837,-3130.015382591423,92500.61753495835,84875.96193711051,-0.033837778233302175,74.68399875132812,65.30707881069372,95.55364474987789,-13.848152696993507,-13.298423851653643,-19.691543053584596,121.06820484977995,106.69675041342394,-0.1626483441958823,710.1630969180443,647.3152928338759,647.5739478755827,44.13905068846794,33.69089925758616,62.76404051819987,689.6333898116441,621.9657198959524,0.09101073330475237,27.24686074370663,25.50246265877113,26.08639211835468,1.578873430760303,1.3484334904737407,2.2450975822015016,27.620088749508604,25.92080577735293,0.08128495178138936,True,flat_top_power,-3427.6814959396343,-15.760313789474651,30.560086087952314,1.2661469125329248,True,True,True
state_transition,PeMS::D7_I210_E::L210E-065,2025-10-01,2025-10-01 07:35:00,2025-10-01 08:45:00,2025-10-01 10:05:00,2025-10-01 10:00:00,47.35238095238096,post_qc,0,47.35238095238096,47.35238095238096,45.690476190476176,post_qc,0,45.690476190476176,45.690476190476176,91,105,120,AM;MD,AM,150.0,28.180952380952384,35.51444444444444,64.15332200754574,44.907325405282016,2702.607142857142,1247.6774611483916,2.16611041476184,1029.142857142857,65.0,0.4166666666666667,-27.999999999999886,17.50952380952379,False,0,1,91,120,speed_mph,True,D7_I210_E,E,63.0,0.1031,False,PeMS_average_weekday,state_transition__PeMS::D7_I210_E::L210E-065__2025-10-01__247,1247.6774611483916,64.15332200754574,0.1031,PeMS_average_weekday,L210E-065,4,False,AM,measured,2.5,2702.607142857142,2.16611041476184,44.907325405282016,28.180952380952384,2025-10-01 07:35:00,2025-10-01 08:45:00,2025-10-01 10:05:00,1081.042857142857,0.0016070874706671204,0.002051412022404863,0.0013785124935693936,0.6719822631990663,220.0,23.382388499518306,46.233209116559124,6.221228185470709,0.002802214000058333,True,False,False,False,False,False,,1.2764781381521806,0,False,False,False,False,False,True,0,False,D7_I210,released_monthly_average_weekday,2025-10,corridor_all_periods,1.0870095154357462,1.0125005024368583,0.498084344462563,0.6092129135159142,0.7212380421318988,0.37796826697379987,0.6168283810258854,2.377442994256492,0.001356667883295423,0.0009784804879712182,0.0013988546753810904,34.78694685853716,1136.7705343035323,0.9111092968347942,30.496416813178175,37.275544247293624,0.00177363757095312,False,False,True,True,,released_profile_fit,0.8441779978113167,2.2909303936354903,2.455949529238778,0.0006763238513713467,0.001937680102223595,29.085132565432883,45.151865699058256,True,0.9970471693034114,-3.000496676516409e-13,2.4154134248277614e-10,2.5872900579682367,34.53242270732844,True,70993.2758549612,78474.89004830498,73189.31610885015,-3708.4436527898974,-1187.7460337347889,-9806.78772070657,79733.63822570123,75775.29951439642,-0.12299435895483149,62.357440153847655,74.65445894890294,74.92275655460776,-15.919584041415705,-11.308778348318716,-42.09851784552834,89.69698950244472,80.9465150666367,-0.4693414804560518,657.3385646938476,739.9653121209686,657.5043128730979,11.6441450622314,36.18434277775222,30.792340266113914,617.7397109572233,618.8795820369334,0.04984678776502713,27.04390297925353,29.152621527812222,26.219204616576235,0.881333739826862,1.4327329193881138,2.330641559317267,26.089634344254165,25.739293722315644,0.08933208984703746,True,flat_top_power,594.8408049414209,-7.894170112806812,40.307655583527186,1.6527843209171542,True,True,True
state_transition,PeMS::D7_I210_E::L210E-070,2025-10-01,2025-10-01 07:25:00,2025-10-01 08:35:00,2025-10-01 09:45:00,2025-10-01 09:40:00,47.42727272727272,post_qc,0,47.42727272727272,47.42727272727272,45.81136363636364,post_qc,0,45.81136363636364,45.81136363636364,89,103,116,AM,AM,140.0,36.25909090909091,39.52150974025975,64.50486756988954,45.15340729892267,3473.8977272727275,1602.7802818603584,2.1674198058142755,1436.318181818182,60.0,0.1818181818181818,-119.04545454545472,9.55227272727273,False,0,3,89,116,speed_mph,True,D7_I210_E,E,75.0,0.6742,False,PeMS_average_weekday,state_transition__PeMS::D7_I210_E::L210E-070__2025-10-01__248,1602.7802818603584,64.50486756988954,0.6742,PeMS_average_weekday,L210E-070,4,False,AM,measured,2.333333333333333,3473.8977272727266,2.1674198058142746,45.15340729892267,36.25909090909091,2025-10-01 07:25:00,2025-10-01 08:35:00,2025-10-01 09:45:00,1488.8133116883116,0.010451924411278263,0.00814203321690276,0.006733732318307121,0.8270332653922335,220.0,38.44687403202895,38.72391056937491,8.212960221971718,0.007083961586588404,False,False,False,False,False,False,,0.7789984787985081,0,False,False,False,False,False,True,0,False,D7_I210,released_monthly_average_weekday,2025-10,corridor_all_periods,1.0870095154357462,1.0125005024368583,0.498084344462563,0.6092129135159142,0.7212380421318988,0.37796826697379987,0.6168283810258854,2.378898104100156,0.008826574147324247,0.006366061056748174,0.008723190585931387,34.971603102315065,1460.2969842572413,0.9111024142137961,34.60745479102667,42.196023749076176,0.009029427339986977,False,False,True,False,,released_profile_fit,0.8444927268895894,2.292346506002094,2.457385244619494,0.004401296009368168,0.012606405339756875,29.23890118121798,45.3909547045725,True,0.9808004323531715,0.0,2.4154134248277614e-10,2.5872900579682367,39.23038907435838,True,586032.3700070335,580629.8247529062,613749.9119529222,-2880.0635197550046,-2085.202763359778,-63692.7344479873,684838.641586559,618232.6924463619,-0.0930040020820539,565.0670814658181,552.3627416342052,629.9741449718356,-15.163011209877297,-13.058884816477033,-335.3306757986795,766.4406350659324,646.8705294786614,-0.4375168283840183,5560.097317039845,5474.947836633608,5504.152752371954,41.431569517240455,34.02305838551461,916.2610258156394,5822.9667779888105,5145.155340576045,0.1573529543873005,218.0614612679647,215.69805982986563,219.5402277126314,1.463094048086844,1.3431275833792062,32.356390766392984,230.97451631728163,213.9120189758204,0.14008640988751392,True,flat_top_power,-2804.3341100178823,-14.479103817631605,32.242031740532845,1.2835315313702933,True,True,True
state_transition,PeMS::D7_I210_E::L210E-128,2025-10-01,2025-10-01 14:30:00,2025-10-01 17:15:00,2025-10-01 19:35:00,2025-10-01 19:30:00,44.935294117647054,post_qc,0,44.935294117647054,44.935294117647054,46.6764705882353,post_qc,0,46.6764705882353,46.6764705882353,174,207,234,MD;PM,PM,305.0,22.670588235294115,30.18158148505304,63.13814774004796,44.196703418033565,4430.823529411765,1014.9029487873956,4.365760819500727,913.270588235294,130.0,0.64,129.60000000000014,24.005882352941185,True,0,5,174,234,speed_mph,True,D7_I210_E,E,219.0,0.2193,False,PeMS_average_weekday,state_transition__PeMS::D7_I210_E::L210E-128__2025-10-01__249,1014.9029487873956,63.13814774004796,0.2193,PeMS_average_weekday,L210E-128,5,False,PM,measured,5.083333333333333,4430.823529411764,4.365760819500726,44.196703418033565,22.670588235294115,2025-10-01 14:30:00,2025-10-01 17:15:00,2025-10-01 19:35:00,871.6374156219864,0.003473335975944381,0.006199990438170824,0.003986731165688023,0.6430221474445085,220.0,19.429806191588327,44.86083942511692,4.976827642435263,0.007813446704108327,True,False,False,False,False,False,,1.7850246797634026,0,False,False,False,False,False,True,0,False,D7_I210,released_monthly_average_weekday,2025-10,corridor_period,0.98239491031959,1.087651227810984,0.00684891142952002,3.0871132773869587,0.6416577808454678,0.004160172543660879,3.3577025465415167,4.8803175600603135,0.0031745747684724227,0.0020369906010660292,0.0036002199106037356,32.98780751293591,907.89656100924,0.8945649060277077,24.162092613166404,37.57524547002643,0.005602864645871755,False,False,True,True,,released_profile_fit,0.9139843627160984,4.365760819500726,5.33640165713864,0.0009564336147857844,0.008421121693871984,18.437439998306747,49.50600202057315,True,0.9978829222004011,0.0,-2.7835511673401925e-12,1.1416339442986585,29.396518266726087,True,264024.46929132886,259622.47496801228,250743.55953300337,1406.063851953234,436.939286853976,12690.49381219165,256549.03030714596,277902.63350399194,0.04946615388488633,202.7624070997307,200.7320153058551,254.21676950968987,-6.344861664083651,-8.186600849872278,-57.2658400793193,264.15892695998167,307.923280749876,-0.21678555685530435,2411.897567150217,2325.333517045441,2203.2516982638276,40.37909179772727,39.97005208231305,364.44334579054384,1882.7242703448724,2191.3644107528885,0.19357234170237053,102.02283213007337,101.23677082465754,89.62377915666964,1.6675214124771494,1.6264346506842209,15.050291021521963,84.30150818715286,91.5798734902182,0.17852932106635255,True,beta_power,1777.2704139258615,-5.6489636242310315,42.98826375488615,1.8122654315286926,True,True,True
state_transition,PeMS::D7_I210_E::L210E-139,2025-10-01,2025-10-01 13:25:00,2025-10-01 17:35:00,2025-10-01 20:05:00,2025-10-01 20:00:00,47.84347826086956,post_qc,0,47.84347826086956,47.84347826086956,47.72173913043479,post_qc,0,47.72173913043479,47.72173913043479,161,211,240,MD;PM;NT,PM,400.0,19.513043478260865,27.06902173913044,67.15884220713484,47.01118954499439,8121.326086956522,1352.9500259705776,6.002680018525042,1224.7826086956522,140.0,0.2962962962962963,-153.52173913043475,28.20869565217393,False,0,2,161,240,speed_mph,True,D7_I210_E,E,232.0,0.1516,False,PeMS_average_weekday,state_transition__PeMS::D7_I210_E::L210E-139__2025-10-01__250,1352.9500259705776,67.15884220713484,0.1516,PeMS_average_weekday,L210E-139,4,False,PM,measured,6.666666666666667,8121.326086956521,6.002680018525041,47.01118954499439,19.513043478260865,2025-10-01 13:25:00,2025-10-01 17:35:00,2025-10-01 20:05:00,1218.1989130434781,0.0022573349244530945,0.005511827285885589,0.003781706505234933,0.6861075844881673,220.0,30.416473943298808,40.05062898856707,6.769675860473449,0.0027268062446583136,False,False,False,False,False,False,,2.4417410222016525,0,False,False,False,False,False,True,0,False,D7_I210,released_monthly_average_weekday,2025-10,corridor_period,0.98239491031959,1.087651227810984,0.00684891142952002,3.0871132773869587,0.6416577808454678,0.004160172543660879,3.3577025465415167,6.900081317092644,0.006009737694380416,0.0038561949524394947,0.005404022695626317,18.33780916048018,1176.9899097911573,0.8699433735158176,25.510249456559556,46.137922398423,0.0036853745052666718,False,False,False,False,queue_exceeds_link,released_profile_fit,2.662315471788685,6.498569828082042,7.092366842275378,0.004128121097198231,0.00777517802096917,15.110888239023701,23.74146969189423,False,,,,,25.103321738236783,False,367249.9159276249,385221.08826423244,,,,,,,,253.73211006625735,297.8409530805117,,,,,,,,3350.3243277762194,3450.2695043019917,,,,,,,,143.80129700756586,150.21249232847128,,,,,,,,False,,-1321.6176836134036,-11.600163823806298,35.778423513222734,1.440089784796577,False,True,True
state_transition,PeMS::D7_I210_E::L210E-141,2025-10-01,2025-10-01 12:50:00,2025-10-01 15:50:00,2025-10-01 20:10:00,2025-10-01 20:05:00,47.72833333333333,post_qc,0,47.72833333333333,47.72833333333333,48.10666666666667,post_qc,0,48.10666666666667,48.10666666666667,154,190,241,MD;PM;NT,MD,440.0,29.41833333333334,34.79916666666667,67.50673650206721,47.25471555144705,9442.904166666667,1357.556048939039,6.955811639634703,1295.35,250.0,0.4897959183673469,-26.649999999999864,18.68833333333333,False,0,1,154,241,speed_mph,True,D7_I210_E,E,252.0,0.2877,False,PeMS_average_weekday,state_transition__PeMS::D7_I210_E::L210E-141__2025-10-01__251,1357.556048939039,67.50673650206721,0.2877,PeMS_average_weekday,L210E-141,4,False,MD,measured,7.333333333333333,9442.904166666667,6.955811639634703,47.25471555144705,29.41833333333334,2025-10-01 12:50:00,2025-10-01 15:50:00,2025-10-01 20:10:00,1287.66875,0.004261796894761606,0.0055178189910239,0.004154345731607522,0.7528963415374073,220.0,42.357077090032234,30.40032123234073,6.791513352604069,0.002530456484490183,False,False,False,False,False,False,,1.2947165543731414,0,False,False,False,False,False,True,0,False,D7_I210,released_monthly_average_weekday,2025-10,corridor_period,1.2050928023458418,0.9315153760202035,0.18794378576228113,1.025540565984698,0.73768409081611,0.1678758365386286,0.9553068059472082,7.339735882824676,0.006186017150710885,0.004563326437595022,0.006180483246515414,27.53686070098782,1286.545499377369,0.9476923625973555,42.0911352522408,30.565711560580382,0.002573371562346801,False,False,False,False,queue_exceeds_link,released_profile_fit,1.4515044483500463,7.129509710058552,7.617649261880293,0.0034582706091029107,0.008880440223849631,21.89125126032978,37.26701455045438,False,,,,,34.18430660842055,False,697075.8909363669,772920.538359928,,,,,,,,609.9804652669295,735.2920732509078,,,,,,,,6446.156028249425,7288.119640055038,,,,,,,,265.61194348533513,287.13209935063225,,,,,,,,False,,-3565.408413130819,-16.0609540749044,30.14009898353928,1.2743056586069414,False,True,True
state_transition,PeMS::D7_I210_E::L210E-145,2025-10-01,2025-10-01 13:40:00,2025-10-01 15:20:00,2025-10-01 18:35:00,2025-10-01 18:30:00,48.6695652173913,post_qc,0,48.6695652173913,48.6695652173913,49.547826086956526,post_qc,0,49.547826086956526,49.547826086956526,164,184,222,MD;PM,MD,295.0,36.42173913043477,42.21886514369934,69.09562301290538,48.36693610903376,6902.234782608696,1445.6659863266157,4.774432578404243,1397.7391304347825,185.0,0.4722222222222222,10.121739130434662,13.126086956521752,True,0,3,164,222,speed_mph,True,D7_I210_E,E,144.0,0.3275,False,PeMS_average_weekday,state_transition__PeMS::D7_I210_E::L210E-145__2025-10-01__252,1445.6659863266157,69.09562301290538,0.3275,PeMS_average_weekday,L210E-145,5,False,MD,measured,4.916666666666667,6902.234782608695,4.774432578404242,48.36693610903376,36.42173913043477,2025-10-01 13:40:00,2025-10-01 15:20:00,2025-10-01 18:35:00,1403.8443625644802,0.004739808192174937,0.004252074343338973,0.00306151157372611,0.7200042441689848,220.0,52.614331530766,26.681786534598245,7.261831864671803,0.0014847315952116191,False,False,False,False,False,False,,0.8970983995425859,0,False,False,False,False,False,True,0,False,D7_I210,released_monthly_average_weekday,2025-10,corridor_period,1.2050928023458418,0.9315153760202035,0.18794378576228113,1.025540565984698,0.73768409081611,0.1678758365386286,0.9553068059472082,5.169476383944624,0.004802386642155542,0.003542644223865942,0.0045616836749365714,34.321244292951896,1335.1903113525536,0.9235814662453415,36.949155242638234,36.13588193247199,0.004123723270164822,False,False,False,False,queue_exceeds_link,released_profile_fit,1.0132027388964635,4.988644659828507,5.344511267608765,0.0032658121671808814,0.006212261157233949,29.903026146413563,40.90880090372666,False,,,,,41.98007642648833,False,534965.7036235888,523689.6444116354,,,,,,,,524.7107924550436,498.1946076844292,,,,,,,,5115.762215667577,4938.040320197237,,,,,,,,199.47819658490116,194.5453633916462,,,,,,,,False,,-4711.5896584652655,-18.580762374783607,26.595773591491948,1.3543953024420041,False,True,True
state_transition,PeMS::D7_I210_E::L210E-170,2025-10-01,2025-10-01 13:15:00,2025-10-01 15:50:00,2025-10-01 19:10:00,2025-10-01 19:05:00,49.21304347826087,post_qc,0,49.21304347826087,49.21304347826087,50.91304347826087,post_qc,0,50.91304347826087,50.91304347826087,159,190,229,MD;PM,MD,355.0,26.930434782608696,33.35211267605634,69.88620644248189,48.92034450973732,7564.191304347826,1417.4889708409664,5.336331682256512,1268.1391304347826,190.0,0.4864864864864865,-30.26086956521749,23.98260869565217,False,0,1,159,229,speed_mph,True,D7_I210_E,E,156.0,0.1727,False,PeMS_average_weekday,state_transition__PeMS::D7_I210_E::L210E-170__2025-10-01__253,1417.4889708409664,69.88620644248189,0.1727,PeMS_average_weekday,L210E-170,5,False,MD,measured,5.916666666666667,7564.191304347824,5.33633168225651,48.92034450973732,26.930434782608696,2025-10-01 13:15:00,2025-10-01 15:50:00,2025-10-01 19:10:00,1278.4548683404773,0.002471160029871366,0.00394165882708698,0.002847737505831492,0.7224718400948128,220.0,32.06395066594466,39.872032041838594,7.0974812120093755,0.0029149510516749836,False,False,False,False,False,False,,1.5950641720650363,0,False,False,False,False,False,True,0,False,D7_I210,released_monthly_average_weekday,2025-10,corridor_period,1.2050928023458418,0.9315153760202035,0.18794378576228113,1.025540565984698,0.73768409081611,0.1678758365386286,0.9553068059472082,5.734008828935506,0.0027845732992557944,0.0020541354225723264,0.002875578516143172,32.85935362110181,1319.1802681182971,0.9306458782078955,38.6470767012537,34.1340246331103,0.0019974832606675444,False,False,False,False,queue_exceeds_link,released_profile_fit,1.1268283986451266,5.584820720956927,5.886531244785967,0.0017925177427481316,0.0035815402012844455,28.532747478342998,40.50493710126162,False,,,,,32.469134598055156,False,341369.1366715221,316008.8345550699,,,,,,,,289.2911029251346,244.3281931678266,,,,,,,,3106.802864717551,2830.363337241541,,,,,,,,130.6684085024721,123.22397730150439,,,,,,,,False,,-1800.191293040908,-12.567662836798522,34.53158673433788,1.4157086786341258,False,True,True
state_transition,PeMS::D7_I210_E::L210E-220,2025-10-01,2025-10-01 14:00:00,2025-10-01 17:20:00,2025-10-01 19:05:00,2025-10-01 19:00:00,47.78695652173913,post_qc,0,47.78695652173913,47.78695652173913,47.27826086956521,post_qc,0,47.27826086956521,47.27826086956521,168,208,228,MD;PM,PM,305.0,41.443478260869554,45.1008553100499,67.04179298587735,46.92925509011414,7483.663043478261,1507.909568400403,4.962938892560357,1485.7826086956522,85.0,0.4375,-67.304347826087,5.834782608695655,False,0,4,168,228,speed_mph,True,D7_I210_E,E,256.0,0.5325,False,PeMS_average_weekday,state_transition__PeMS::D7_I210_E::L210E-220__2025-10-01__254,1507.909568400403,67.04179298587735,0.5325,PeMS_average_weekday,L210E-220,4,False,PM,measured,5.083333333333333,7483.66304347826,4.962938892560356,46.92925509011414,41.443478260869554,2025-10-01 14:00:00,2025-10-01 17:20:00,2025-10-01 19:05:00,1472.1960085531005,0.007942806662586925,0.004906018347904056,0.0038757712868562437,0.7900034227373093,220.0,54.18483402127134,27.169890526473893,7.634679109878429,0.001884666460076078,False,False,False,False,False,False,,0.617668106037746,0,False,False,False,False,False,True,0,False,D7_I210,released_monthly_average_weekday,2025-10,corridor_period,0.98239491031959,1.087651227810984,0.00684891142952002,3.0871132773869587,0.6416577808454678,0.004160172543660879,3.3577025465415167,5.610575396349154,0.01116519313104584,0.0071642330471779325,0.008232964185086183,27.867909030302663,1333.849474395788,0.8845686123012944,29.450849632729266,45.29069588924378,0.01013816575894291,False,False,False,False,queue_exceeds_link,released_profile_fit,1.4056987165050046,5.048837838968719,5.9407319079869865,0.004320484466567057,0.02176453602095378,17.92493373900953,43.42227574535854,False,,,,,45.05618207857982,False,871824.9963899577,860192.452389458,,,,,,,,845.6697619546674,818.3152863997163,,,,,,,,8294.375408010992,8111.034958120532,,,,,,,,324.64150688576854,319.5527255935563,,,,,,,,False,,-4791.396050351861,-18.71804292530788,26.454115598265048,1.3338892745900308,False,True,True
state_transition,PeMS::D7_I210_E::L210E-224,2025-10-01,2025-10-01 13:05:00,2025-10-01 14:10:00,2025-10-01 19:45:00,2025-10-01 19:40:00,49.2,post_qc,0,49.2,49.2,49.91739130434784,post_qc,0,49.91739130434784,49.91739130434784,157,170,236,MD;PM,MD,400.0,44.89130434782609,47.852554347826086,70.12804347826086,49.0896304347826,9612.369565217392,1501.4680434782608,6.401980786050986,1443.782608695652,270.0,0.5283018867924528,-39.65217391304327,5.026086956521745,False,0,6,157,236,speed_mph,True,D7_I210_E,E,258.0,0.2871,False,PeMS_average_weekday,state_transition__PeMS::D7_I210_E::L210E-224__2025-10-01__255,1501.4680434782608,70.12804347826086,0.2871,PeMS_average_weekday,L210E-224,4,False,MD,measured,6.666666666666667,9612.369565217392,6.401980786050986,49.0896304347826,44.89130434782609,2025-10-01 13:05:00,2025-10-01 14:10:00,2025-10-01 19:45:00,1441.8554347826087,0.004093939966954857,0.0023015079749337626,0.001909839663189358,0.8298210060490115,220.0,49.21854928036425,29.29496004787441,7.560657207300713,0.0017392266785020963,False,False,False,False,False,False,,0.5621743341404354,0,False,False,False,False,False,True,0,False,D7_I210,released_monthly_average_weekday,2025-10,corridor_period,1.2050928023458418,0.9315153760202035,0.18794378576228113,1.025540565984698,0.73768409081611,0.1678758365386286,0.9553068059472082,6.793830739844059,0.005489551253889081,0.004049554625713603,0.005384201157518283,29.957767308803103,1414.8673897398317,0.9423226793839632,43.051545596828575,32.86449696811951,0.002574810156180083,False,False,False,False,queue_exceeds_link,released_profile_fit,1.3408968617515669,6.621924985647007,6.976677905037787,0.003222816196313677,0.007640812375719899,24.465792060274502,39.23897338640475,False,,,,,47.81987642559487,False,668549.344283957,723536.1569343276,,,,,,,,776.6262880949387,915.5227487213584,,,,,,,,6671.899310742439,7849.877245681393,,,,,,,,249.2092102273931,279.4911934314577,,,,,,,,False,,-4446.965497672101,-17.9958758752689,27.42268012337502,1.3337680106035852,False,True,True
state_transition,PeMS::D7_I210_E::L210E-231,2025-10-01,2025-10-01 13:10:00,2025-10-01 15:45:00,2025-10-01 20:15:00,2025-10-01 20:10:00,48.414285714285725,post_qc,0,48.414285714285725,48.414285714285725,49.433333333333344,post_qc,0,49.433333333333344,49.433333333333344,158,189,242,MD;PM;NT,MD,425.0,27.46190476190476,35.60459383753501,68.69407323291408,48.08585126303985,7829.438095238094,1190.116935322708,6.578713286787311,1112.9142857142858,260.0,0.5294117647058824,6.742857142857474,21.971428571428586,True,0,1,158,242,speed_mph,True,D7_I210_E,E,244.0,0.4281,False,PeMS_average_weekday,state_transition__PeMS::D7_I210_E::L210E-231__2025-10-01__256,1190.116935322708,68.69407323291408,0.4281,PeMS_average_weekday,L210E-231,5,False,MD,measured,7.083333333333333,7829.438095238096,6.578713286787313,48.08585126303985,27.46190476190476,2025-10-01 13:10:00,2025-10-01 15:45:00,2025-10-01 20:15:00,1105.3324369747902,0.006231978682476498,0.009356889013032433,0.006030377232232181,0.644485279651492,220.0,34.79876113102875,31.76355712241741,5.872042735601577,0.006070183408526198,False,False,False,False,False,False,,1.5014314858526026,0,False,False,False,False,False,True,0,False,D7_I210,released_monthly_average_weekday,2025-10,corridor_period,1.2050928023458418,0.9315153760202035,0.18794378576228113,1.025540565984698,0.73768409081611,0.1678758365386286,0.9553068059472082,6.968372785670681,0.008576682993860621,0.006326882596544064,0.008721820832159907,28.908756871936944,1123.5676299261795,0.9440817087621031,39.20589297659575,28.658131332371426,0.004687298178671837,False,False,False,False,queue_exceeds_link,released_profile_fit,1.3762375372010052,6.780140363469317,7.182496204433579,0.004954993047747962,0.012075759718721317,23.3835610049865,38.26806720075846,False,,,,,34.91172520008938,False,851453.0532788944,933728.6631432427,,,,,,,,754.5720142900775,888.271498171368,,,,,,,,7905.985806517529,8804.431853727816,,,,,,,,324.01761705244206,346.87067811792343,,,,,,,,False,,-2318.912599346254,-13.572603490986507,33.300574201235115,1.359404880133618,False,True,True
state_transition,PeMS::D7_I210_E::L210E-237,2025-10-01,2025-10-01 13:45:00,2025-10-01 15:50:00,2025-10-01 19:15:00,2025-10-01 19:10:00,48.8,post_qc,0,48.8,48.8,47.52727272727272,post_qc,0,47.52727272727272,47.52727272727272,165,190,230,MD;PM,MD,330.0,28.863636363636367,36.4486914600551,66.73256411910097,46.71279488337068,7067.170454545455,1437.427578326397,4.916540186861999,1303.2272727272727,195.0,0.5789473684210527,99.13636363636374,18.66363636363635,True,0,3,165,230,speed_mph,True,D7_I210_E,E,240.0,0.4816,False,PeMS_average_weekday,state_transition__PeMS::D7_I210_E::L210E-237__2025-10-01__257,1437.427578326397,66.73256411910097,0.4816,PeMS_average_weekday,L210E-237,4,False,MD,measured,5.5,7067.170454545456,4.916540186862,46.71279488337068,28.863636363636367,2025-10-01 13:45:00,2025-10-01 15:50:00,2025-10-01 19:15:00,1284.9400826446283,0.007216866403341915,0.009468487927366744,0.006223741840680899,0.6573110604801465,220.0,30.16754348018217,42.5934608659382,7.242912741077883,0.008747310471595724,False,False,False,False,False,False,,1.3119943474334193,0,False,False,False,False,False,True,0,False,D7_I210,released_monthly_average_weekday,2025-10,corridor_period,1.2050928023458418,0.9315153760202035,0.18794378576228113,1.025540565984698,0.73768409081611,0.1678758365386286,0.9553068059472082,5.312660194998361,0.0075199257964346,0.00554732962414747,0.007791993975245122,32.68011066935608,1330.2507962393097,0.9254384821168704,36.60811653959171,36.33759182340458,0.005938686122261229,False,False,False,False,queue_exceeds_link,released_profile_fit,1.0419932109249448,5.135828526229213,5.483327726006649,0.005060246917140728,0.009863319464347554,28.196415488278816,39.227501867404335,False,,,,,35.83171172436879,False,835346.8460531057,923805.7644252717,,,,,,,,732.7350433996763,878.8316807400992,,,,,,,,7729.245082411965,8710.865607983878,,,,,,,,318.09750212936825,343.18442241745976,,,,,,,,False,,-1244.8005146878627,-11.446358732363809,35.97445057037261,1.4450220233345046,False,True,True
state_transition,PeMS::D7_I210_E::L210E-245,2025-10-01,2025-10-01 13:35:00,2025-10-01 17:35:00,2025-10-01 20:05:00,2025-10-01 20:00:00,50.77272727272727,post_qc,0,50.77272727272727,50.77272727272727,48.9909090909091,post_qc,0,48.9909090909091,48.9909090909091,163,211,240,MD;PM;NT,PM,390.0,19.059090909090912,27.632750582750585,69.18443357411284,48.42910350187899,7840.761363636364,1400.519539509389,5.598466242308217,1238.590909090909,140.0,0.5555555555555556,96.81818181818176,29.931818181818187,True,0,3,163,240,speed_mph,True,D7_I210_E,E,230.0,0.2989,False,PeMS_average_weekday,state_transition__PeMS::D7_I210_E::L210E-245__2025-10-01__258,1400.519539509389,69.18443357411284,0.2989,PeMS_average_weekday,L210E-245,4,False,PM,measured,6.5,7840.761363636365,5.598466242308218,48.42910350187899,19.059090909090912,2025-10-01 13:35:00,2025-10-01 17:35:00,2025-10-01 20:05:00,1206.2709790209792,0.004320336014311769,0.011362468660145657,0.00727531385267269,0.6402934142464272,220.0,25.15735731439076,47.94903391267397,7.0111258684169515,0.007560880135089592,False,False,False,False,False,False,,2.6299965147400006,0,False,False,False,False,False,True,0,False,D7_I210,released_monthly_average_weekday,2025-10,corridor_period,0.98239491031959,1.087651227810984,0.00684891142952002,3.0871132773869587,0.6416577808454678,0.004160172543660879,3.3577025465415167,6.3962339401542785,0.00910162220251542,0.005840126704559881,0.009565214025481779,22.269477759606442,1225.84030493532,0.8752754034154638,27.14567331452001,45.157852256316204,0.0066906268207902325,False,False,False,False,queue_exceeds_link,released_profile_fit,2.106693130433585,6.054994860782963,6.609810157475801,0.005218763614385365,0.012805503826068826,17.453173491142355,31.334238470025763,False,,,,,25.776908015396238,False,694847.825704438,714115.4440868291,,,,,,,,497.6249798020757,552.131830151632,,,,,,,,6316.229427695302,6396.043244636228,,,,,,,,270.3674057858929,278.4610290933949,,,,,,,,False,,-112.64442761865848,-9.289231671151374,38.561414218113036,1.5926791407198397,False,True,True
state_transition,PeMS::D7_I210_E::L210E-304,2025-10-01,2025-10-01 14:40:00,2025-10-01 15:25:00,2025-10-01 17:40:00,2025-10-01 17:35:00,49.75652173913044,post_qc,0,49.75652173913044,49.75652173913044,49.53913043478261,post_qc,0,49.53913043478261,49.53913043478261,176,185,211,MD;PM,MD,180.0,47.11304347826088,48.76437198067634,70.65198969380688,49.45639278566482,4261.843478260869,1463.9510241994474,2.9111926613743324,1421.008695652174,100.0,0.631578947368421,67.61739130434785,2.426086956521729,True,0,1,176,211,speed_mph,True,D7_I210_E,E,140.0,0.0354,False,PeMS_average_weekday,state_transition__PeMS::D7_I210_E::L210E-304__2025-10-01__259,1463.9510241994474,70.65198969380688,0.0354,PeMS_average_weekday,L210E-304,5,False,MD,measured,3.0,4261.843478260869,2.9111926613743324,49.45639278566482,47.11304347826088,2025-10-01 14:40:00,2025-10-01 15:25:00,2025-10-01 17:40:00,1420.6144927536232,0.0005010474602826797,0.00025033681435740875,0.0002249722355648101,0.8986781913890406,220.0,53.36693679723275,26.61974956800006,7.346223254856973,0.00016228459743878955,False,False,False,False,False,False,,0.4996269499423754,0,False,False,False,False,False,True,0,False,D7_I210,released_monthly_average_weekday,2025-10,corridor_period,1.2050928023458418,0.9315153760202035,0.18794378576228113,1.025540565984698,0.73768409081611,0.1678758365386286,0.9553068059472082,3.2606915347906913,0.0003164657920451854,0.00023345178007925268,0.0002905454223425699,43.302050332760565,1307.0366923053466,0.8928144935860074,31.06042137889868,42.0804559075718,0.0006386666333596388,False,False,True,False,,released_profile_fit,0.6316084146333014,2.983618210845279,3.480534768045814,0.0002501493829501695,0.0005593233675190545,33.38493223353644,47.124799847007154,True,0.9994541254604761,0.0,8.539069451529713e-11,2.812197297187091,48.75900778239527,True,39106.50629302741,38792.78275805548,37093.11620118024,-2156.9913075406753,-1607.688578054108,-2146.0660309945624,41876.269672495604,42211.316851093594,-0.05124778419325401,49.35724198851338,49.086247813361304,42.05372883857703,-12.968749792592455,-12.200891447047393,-12.903062380016387,51.893882769171135,52.14029481499086,-0.24864322520267793,410.67140685328275,420.87541825053694,311.8605163496206,19.52088582543946,34.97142803615256,19.42201149278803,307.99327882526717,312.79805121584167,0.06305985496458401,14.819302878343581,14.985071645231281,12.57057883444306,1.1740253550956956,1.4408213569412178,1.168078853766864,12.849130683711318,12.951610740062796,0.09090722808568077,True,flat_top_power,-4766.818270028998,-18.767804127862405,26.244242788089238,1.4030990256260285,True,True,True
state_transition,PeMS::D7_I210_E::L210E-314,2025-10-01,2025-10-01 13:30:00,2025-10-01 16:00:00,2025-10-01 19:20:00,2025-10-01 19:15:00,48.18000000000001,post_qc,0,48.18000000000001,48.18000000000001,47.68000000000001,post_qc,0,47.68000000000001,47.68000000000001,162,192,231,MD;PM,PM,350.0,36.19500000000001,40.487,67.08846341321176,46.96192438924823,5237.458333333333,953.3670338605992,5.4936432111823486,903.25,190.0,0.5135135135135135,-0.4000000000000909,11.485,False,0,3,162,231,speed_mph,True,D7_I210_E,E,237.0,0.1964,False,PeMS_average_weekday,state_transition__PeMS::D7_I210_E::L210E-314__2025-10-01__260,953.3670338605992,67.08846341321176,0.1964,PeMS_average_weekday,L210E-314,6,False,PM,measured,5.833333333333333,5237.458333333333,5.4936432111823486,46.96192438924823,36.19500000000001,2025-10-01 13:30:00,2025-10-01 16:00:00,2025-10-01 19:20:00,897.85,0.0029274779896259016,0.002498685845157907,0.001943761381430569,0.7779134720746501,220.0,34.27661141054171,26.194246252821472,4.632731395432429,0.002802376623120256,True,False,False,False,False,False,,0.853528482199523,0,False,False,False,False,False,True,0,False,D7_I210,released_monthly_average_weekday,2025-10,corridor_period,0.98239491031959,1.087651227810984,0.00684891142952002,3.0871132773869587,0.6416577808454678,0.004160172543660879,3.3577025465415167,6.266084267713913,0.005788057480582983,0.0037139521183968856,0.004640738449880942,22.53447314526194,835.8423075028549,0.8767266727465545,21.118359925966864,39.57894033594502,0.006372486623559286,False,False,True,True,,released_profile_fit,1.9771480780023323,5.905140313872631,6.499836929921981,0.0031401913991322,0.008656823776384546,16.9539785165079,32.36830278881068,True,0.9969936748886694,0.0,-2.7835511673401925e-12,1.1416339442986585,40.318281455629815,True,249923.0006650537,248128.26047663484,288052.6727772169,645.6046845002671,1099.1510014522657,12558.088932537794,328648.2224962865,316282.79905802035,0.03821133988539887,240.26892828841338,236.04851213443322,233.48448874371047,-7.991692814780742,-6.958958495333672,-155.4517671556615,309.804669592327,287.6769724194693,-0.5017734799163002,2367.969117889183,2339.6822295209054,2533.9432698176342,29.39430206492611,41.3893135259041,571.7682481299726,2643.7739465134855,2719.2334617614283,0.21626971885550203,92.96224723537074,92.17711886664804,108.47357519675633,1.5023974956701047,1.7360944234743065,29.224139501483794,113.09668224799428,113.7022448147475,0.25839961810198964,True,beta_power,-2147.1399088196463,-13.212036604706274,33.7847447859112,1.3590633231859617,True,True,True
state_transition,PeMS::D7_I210_E::L210E-319,2025-10-01,2025-10-01 13:30:00,2025-10-01 17:30:00,2025-10-01 19:40:00,2025-10-01 19:35:00,48.12727272727273,post_qc,0,48.12727272727273,48.12727272727273,48.00909090909091,post_qc,0,48.00909090909091,48.00909090909091,162,210,235,MD;PM,PM,370.0,15.490909090909096,26.3245085995086,66.9890999968746,46.89236999781222,7865.500000000001,1557.9473653018997,5.048630123955324,1278.409090909091,120.0,0.6521739130434783,336.68181818181824,32.518181818181816,True,0,7,162,235,speed_mph,True,D7_I210_E,E,187.0,0.0671,False,PeMS_average_weekday,state_transition__PeMS::D7_I210_E::L210E-319__2025-10-01__261,1557.9473653018997,66.9890999968746,0.0671,PeMS_average_weekday,L210E-319,4,False,PM,measured,6.166666666666667,7865.500000000001,5.048630123955324,46.89236999781222,15.490909090909096,2025-10-01 13:30:00,2025-10-01 17:30:00,2025-10-01 19:40:00,1275.4864864864867,0.0010016554932538366,0.003329917276699214,0.0017630439228411177,0.5294557721231856,220.0,21.645226337105587,58.926918417109306,7.918681842751619,0.0020983351908340003,False,False,False,False,False,False,,3.3244137321926073,0,False,False,False,False,False,True,0,False,D7_I210,released_monthly_average_weekday,2025-10,corridor_period,0.98239491031959,1.087651227810984,0.00684891142952002,3.0871132773869587,0.6416577808454678,0.004160172543660879,3.3577025465415167,5.716019259950506,0.0014913304641097336,0.0009569237961078931,0.0018850168390462424,26.91551462686973,1376.0450485375213,0.8832423220349751,29.766473780762436,46.22801675040313,0.0012525584420012557,False,False,False,False,queue_exceeds_link,released_profile_fit,1.488865657058604,5.189173709412702,6.031261333522559,0.0006201876524217778,0.0027531329627577686,17.870709572975056,41.37271014477766,False,,,,,24.270269530702368,False,164979.52058468957,150738.1504029377,,,,,,,,116.49570406524124,88.63301494349093,,,,,,,,1509.4886621390524,1363.036847307867,,,,,,,,64.44006399137413,59.831386126543194,,,,,,,,False,,950.4932291887721,-7.240449252804618,41.05445448769643,1.7155098716758959,False,True,True
state_transition,PeMS::D7_I210_W::L210W-001,2025-10-01,2025-10-01 07:20:00,2025-10-01 08:00:00,2025-10-01 09:50:00,2025-10-01 09:45:00,52.286363636363646,post_qc,0,52.286363636363646,52.286363636363646,49.87272727272727,post_qc,0,49.87272727272727,49.87272727272727,88,96,117,AM,AM,150.0,25.995454545454542,36.27606060606061,70.21932136592828,49.1535249561498,2950.9272727272737,1233.657665196483,2.3920147022774616,1183.581818181818,100.0,0.6842105263157895,144.0,23.877272727272725,True,0,4,88,117,speed_mph,True,D7_I210_W,W,39.0,0.2442,False,PeMS_average_weekday,state_transition__PeMS::D7_I210_W::L210W-001__2025-10-01__262,1233.657665196483,70.21932136592828,0.2442,PeMS_average_weekday,L210W-001,5,False,AM,measured,2.5,2950.927272727273,2.3920147022774607,49.1535249561498,25.995454545454542,2025-10-01 07:20:00,2025-10-01 08:00:00,2025-10-01 09:50:00,1180.3709090909092,0.0034776753071625436,0.005916274684094671,0.003461675521334013,0.585110683018216,220.0,44.85973609346291,26.312480007275752,6.094202192971696,0.0019659590354742947,False,False,False,False,False,False,,1.7012153699080652,0,False,False,False,False,False,True,0,False,D7_I210,released_monthly_average_weekday,2025-10,corridor_period,1.135069666363396,0.985918407638151,0.6309753587002819,0.771464174786203,0.5274075565658645,0.3669497941439255,0.7606007307550935,2.681962890395926,0.004697182013083226,0.0024773292882653525,0.004449363535949153,29.872080995862365,1100.2863922146369,0.8918895600096609,27.8881259523493,39.45357942282058,0.0052787395346683245,False,False,True,False,,released_profile_fit,1.3506672124936485,2.540985867421729,2.839167574804272,0.003611039145765318,0.005485770052178567,27.243988621684444,34.44914113672405,True,0.994574245347202,0.0,9.103828801926284e-15,2.062636246655563,35.19061163433166,True,187595.50604865688,199156.0616220106,190738.10820928597,-552.7401160013991,-849.6258972254773,-4040.761603021466,207524.4508456715,202749.20383602876,-0.01947125549088399,172.3507825650238,189.46045056748335,204.28018451056948,-9.917493094824431,-10.720499717677612,-72.50102559173695,238.90406565214522,227.4255649483712,-0.3034733854102827,1724.8866523728066,1877.907407174469,1568.56453804922,27.665686916827593,36.80284132513341,202.24775111934753,1589.0810598059707,1598.4212035543226,0.1272734011089669,70.5100695513254,73.98444630967062,65.27135292480423,1.4766778174716206,1.5150645722423546,10.79513292438098,66.93264068116416,66.21372283841917,0.16128353542487514,True,beta_power,-3979.2912432525573,-16.97784399256336,28.840989217991336,1.3080052700255282,True,True,True
state_transition,PeMS::D7_I210_W::L210W-001,2025-10-01,2025-10-01 15:25:00,2025-10-01 16:25:00,2025-10-01 18:05:00,2025-10-01 18:00:00,49.35,post_qc,0,49.35,49.35,48.77619047619048,post_qc,0,48.77619047619048,48.77619047619048,185,197,216,MD;PM,PM,160.0,40.940909090909095,43.560504599567096,70.21932136592828,49.1535249561498,3085.64025974026,1233.657665196483,2.501212732503724,1149.942857142857,95.0,0.5,-8.815584415584226,7.835281385281384,False,0,3,185,216,speed_mph,True,D7_I210_W,W,39.0,0.2442,False,PeMS_average_weekday,state_transition__PeMS::D7_I210_W::L210W-001__2025-10-01__263,1233.657665196483,70.21932136592828,0.2442,PeMS_average_weekday,L210W-001,5,False,PM,measured,2.6666666666666665,3085.6402597402594,2.5012127325037237,49.1535249561498,40.940909090909095,2025-10-01 15:25:00,2025-10-01 16:25:00,2025-10-01 18:05:00,1157.1150974025973,0.0034776753071625436,0.0024870188196277304,0.0021417656389998902,0.8611778978497961,220.0,38.40595273572813,30.128535161325686,6.094202192971696,0.0028807140206675314,True,False,False,False,False,False,,0.7151383035976708,0,False,False,False,False,False,True,0,False,D7_I210,released_monthly_average_weekday,2025-10,corridor_period,1.0390021491339378,1.003480148216952,0.4909133222521189,0.3922538262169067,0.8161548147919869,0.40671971964423315,0.393618927670808,2.6070700464073804,0.0024861729590529365,0.002029102030936695,0.0025083129178689605,40.94671579479397,1183.566304247315,0.9593960607044175,45.89574942384381,25.788146377503693,0.0018430788599571887,False,True,False,True,queue_exceeds_link,released_profile_fit,0.7148950777355405,2.544294391403886,2.6564786244969856,0.002222272743903764,0.004342907601716055,31.225294004225663,42.842495836619804,False,,,,,43.45628014238077,False,172769.69048846175,168637.66597698716,,,,,,,,170.14444718131986,160.42779676618002,,,,,,,,1655.2643204177066,1590.1395091245274,,,,,,,,64.45477198661982,62.64717349122187,,,,,,,,False,,-3033.7992088754536,-15.024870541359126,31.418703081684452,1.3277889601563915,False,True,True
state_transition,PeMS::D7_I210_W::L210W-022,2025-10-01,2025-10-01 17:35:00,2025-10-01 18:10:00,2025-10-01 18:30:00,2025-10-01 18:25:00,49.256521739130434,post_qc,0,49.256521739130434,49.256521739130434,48.48695652173914,post_qc,0,48.48695652173914,48.48695652173914,211,218,221,PM,PM,55.0,45.36521739130436,46.9600790513834,68.93152173913042,48.25206521739129,1185.804347826087,1423.0415217391303,0.8332886494955463,1213.695652173913,10.0,0.0,-56.60869565217399,3.121739130434776,False,0,2,211,221,speed_mph,True,D7_I210_W,W,14.0,0.0261,False,PeMS_average_weekday,state_transition__PeMS::D7_I210_W::L210W-022__2025-10-01__264,1423.0415217391303,68.93152173913042,0.0261,PeMS_average_weekday,L210W-022,4,False,PM,measured,0.9166666666666666,1185.8043478260868,0.8332886494955462,48.25206521739129,45.36521739130436,2025-10-01 17:35:00,2025-10-01 18:10:00,2025-10-01 18:30:00,1293.6047430830038,0.0003786366431713895,0.0001966940066273453,0.0001772091304296341,0.9009381295759201,220.0,33.35989420915747,38.77724356595539,7.138202555448971,0.00040373993861151714,True,False,False,False,False,False,,0.5194795859689469,1,False,False,False,True,False,True,1,False,D7_I210,released_monthly_average_weekday,2025-10,corridor_period,1.0390021491339378,1.003480148216952,0.4909133222521189,0.3922538262169067,0.8161548147919869,0.40671971964423315,0.393618927670808,0.865239362296944,0.00017561795676519591,0.00014333144097784564,0.00017964070534691004,47.0902722376796,1370.492836430998,0.9630729781911695,48.93587622068934,28.005891429232747,0.00015471438710944405,False,True,False,True,queue_exceeds_link,released_profile_fit,0.46381659021232824,0.8332886494955462,0.9118376759606021,5.769289535343478e-05,0.0002018581819823735,44.96164501255132,59.81717416796277,False,,,,,46.955470815064835,False,7067.95535987368,6410.3763130600455,,,,,,,,7.644624982394277,6.098296856686042,,,,,,,,70.80962636158901,60.445527306715825,,,,,,,,2.6690544561183382,2.3813894405007625,,,,,,,,False,,-2037.7354448634692,-13.021277994864214,33.98600282317238,1.3854221565838816,False,True,True
state_transition,PeMS::D7_I210_W::L210W-028,2025-10-01,2025-10-01 08:15:00,2025-10-01 08:45:00,2025-10-01 09:15:00,2025-10-01 09:10:00,46.13478260869566,post_qc,0,46.13478260869566,46.13478260869566,47.482608695652175,post_qc,0,47.482608695652175,47.482608695652175,99,105,110,AM,AM,60.0,39.72173913043479,43.21014492753624,66.03847826086957,46.22693478260869,879.8260869565216,987.8504347826088,0.8906470615160892,821.0086956521741,20.0,0.3333333333333333,-59.895652173912936,7.760869565217384,False,0,5,99,110,speed_mph,True,D7_I210_W,W,30.0,0.0304,False,PeMS_average_weekday,state_transition__PeMS::D7_I210_W::L210W-028__2025-10-01__265,987.8504347826088,66.03847826086957,0.0304,PeMS_average_weekday,L210W-028,5,False,AM,measured,1.0,879.8260869565217,0.8906470615160893,46.22693478260869,39.72173913043479,2025-10-01 08:15:00,2025-10-01 08:45:00,2025-10-01 09:15:00,879.8260869565217,0.0004603376819179859,0.00030498631107676004,0.00024598808965258043,0.8065545262805887,220.0,23.536984910164676,37.38057743226747,4.81781222712058,0.0008312466104639777,True,False,False,False,False,False,,0.6625273642732046,1,False,False,False,True,False,True,1,False,D7_I210,released_monthly_average_weekday,2025-10,corridor_period,1.135069666363396,0.985918407638151,0.6309753587002819,0.771464174786203,0.5274075565658645,0.3669497941439255,0.7606007307550935,1.012596406436266,0.0002932803051194567,0.00015467824911194385,0.0002904617339714574,40.33873994901029,868.8813048951888,0.879567669660842,21.91250143566042,39.65231023242151,0.0009269982226231095,False,False,True,True,,released_profile_fit,0.6370981925648826,0.8906470615160893,1.157059184413967,0.000163647199038151,0.0004353762620316278,33.93949569179934,48.71915228333463,True,0.9991027322791397,-9.768031794049856e-14,9.103828801926284e-15,2.062636246655563,43.03963018707842,True,6166.322578457227,6043.9110773818,6908.517757255731,136.61899903500498,915.5867523990369,18.59247392994923,8368.277283442183,7760.542194810903,0.0022217803378405086,6.037528840700091,5.749672425657195,8.20847264460133,-8.968782400060459,-7.299342832683989,-1.2205612259959966,11.06942884311509,9.881432670325818,-0.11026415574776069,58.919334041294235,56.99000717367431,54.76279421318497,26.69916807453418,40.995666261414065,3.633488679344806,58.366593790727336,55.50588046080132,0.06225288205737399,2.2988015675973874,2.2452513419032076,2.2423277057844757,1.4012674565040952,1.7057538852252732,0.19069843021806407,2.4062351450471158,2.320894051813829,0.07925178493489674,True,beta_power,460.5426450863579,-8.164797632186726,39.960172570288975,1.6453453868076628,True,True,True
state_transition,PeMS::D7_I210_W::L210W-108,2025-10-01,2025-10-01 05:55:00,2025-10-01 06:35:00,2025-10-01 10:55:00,2025-10-01 10:50:00,51.77727272727274,post_qc,0,51.77727272727274,51.77727272727274,48.02727272727273,post_qc,0,48.02727272727273,48.02727272727273,71,79,130,NT;AM;MD,AM,300.0,24.045454545454536,38.66409090909091,67.86559989377635,47.50591992564344,6620.022727272728,1570.304620259495,4.215757020557425,1413.818181818182,250.0,0.5714285714285714,361.9090909090908,23.981818181818195,True,0,6,71,130,speed_mph,True,D7_I210_W,W,67.0,0.5269,False,PeMS_average_weekday,state_transition__PeMS::D7_I210_W::L210W-108__2025-10-01__266,1570.304620259495,67.86559989377635,0.5269,PeMS_average_weekday,L210W-108,4,False,AM,measured,5.0,6620.022727272726,4.215757020557424,47.50591992564344,24.045454545454536,2025-10-01 05:55:00,2025-10-01 06:35:00,2025-10-01 10:55:00,1324.0045454545452,0.007763874493479865,0.014148790912947365,0.006137520035267636,0.43378406487378895,220.0,24.51138291350806,54.015905594820396,7.976695298421491,0.013732260663775132,False,False,False,False,False,False,,1.8223878972837055,0,False,False,False,False,False,True,0,False,D7_I210,released_monthly_average_weekday,2025-10,corridor_period,1.135069666363396,0.985918407638151,0.6309753587002819,0.771464174786203,0.5274075565658645,0.3669497941439255,0.7606007307550935,4.689200974537449,0.016136882000564137,0.008510713506509211,0.01695591469613291,22.04532731553087,1411.7592236331343,0.8990352606870883,32.82052504039467,43.01452282971027,0.008290103904230253,False,False,False,False,queue_exceeds_link,released_profile_fit,2.078457349370596,4.578877702070692,4.803964754941514,0.012207338737730496,0.018291693556395597,20.222176418099703,26.38297417377021,False,,,,,37.90267220388522,False,834075.2689498445,895022.6545791518,,,,,,,,748.4291805298645,851.4498329782706,,,,,,,,7712.17975662096,8439.46028523687,,,,,,,,313.79014855209823,332.4917905804368,,,,,,,,False,,114.07539679058846,-8.842194290421984,39.12095114304791,1.61195559921166,False,True,True
state_transition,PeMS::D7_I210_W::L210W-112,2025-10-01,2025-10-01 05:50:00,2025-10-01 07:30:00,2025-10-01 11:35:00,2025-10-01 11:30:00,53.53636363636363,post_qc,0,53.53636363636363,53.53636363636363,48.29545454545455,post_qc,0,48.29545454545455,48.29545454545455,70,90,138,NT;AM;MD,AM,345.0,15.568181818181818,31.34057971014493,68.79452284839005,48.15616599387303,6576.534090909091,1360.695297711727,4.833215858075506,1230.6818181818182,235.0,0.6086956521739131,355.49999999999955,32.72727272727273,True,0,3,70,138,speed_mph,True,D7_I210_W,W,66.0,0.2523,False,PeMS_average_weekday,state_transition__PeMS::D7_I210_W::L210W-112__2025-10-01__267,1360.695297711727,68.79452284839005,0.2523,PeMS_average_weekday,L210W-112,4,False,AM,measured,5.75,6576.534090909092,4.833215858075507,48.15616599387303,15.568181818181818,2025-10-01 05:50:00,2025-10-01 07:30:00,2025-10-01 11:35:00,1143.7450592885377,0.003667443127064358,0.012538688259796957,0.0050729906554756515,0.40458703098483445,220.0,22.12166577903484,51.70248347086451,6.795971104484681,0.007737665444782431,False,False,False,False,False,False,,3.4189182559549813,0,False,False,False,False,False,True,0,False,D7_I210,released_monthly_average_weekday,2025-10,corridor_period,1.135069666363396,0.985918407638151,0.6309753587002819,0.771464174786203,0.5274075565658645,0.3669497941439255,0.7606007307550935,5.36566524618073,0.008457738155688442,0.004460675014765523,0.008921385661755153,20.807936320001964,1225.6698450560732,0.9007673114747105,30.91411609624828,39.64757851203191,0.004493877067712908,False,False,False,False,queue_exceeds_link,released_profile_fit,2.3061675021688814,5.221784403673772,5.497979325428981,0.006185113062739012,0.009965880675892333,18.50613448060195,25.60783775584257,False,,,,,28.865844222056502,False,475024.7322282038,451486.9053837174,,,,,,,,382.34126575542217,349.07561994794037,,,,,,,,4370.814174802605,4043.785630366683,,,,,,,,182.22476448570583,176.05207860489253,,,,,,,,False,,739.6485547920738,-7.656339347252531,40.533670761749406,1.6976888977634008,False,True,True
state_transition,PeMS::D7_I210_W::L210W-113,2025-10-01,2025-10-01 05:50:00,2025-10-01 07:20:00,2025-10-01 11:30:00,2025-10-01 11:25:00,53.27826086956523,post_qc,0,53.27826086956523,53.27826086956523,48.40434782608697,post_qc,0,48.40434782608697,48.40434782608697,70,88,137,NT;AM;MD,AM,340.0,13.808695652173911,30.58548593350384,68.13067336874299,47.69147135812009,6689.250000000001,1399.1466437198335,4.780949895441741,1272.0652173913045,240.0,0.5531914893617021,379.695652173913,34.59565217391306,True,0,2,70,137,speed_mph,True,D7_I210_W,W,65.0,0.1268,False,PeMS_average_weekday,state_transition__PeMS::D7_I210_W::L210W-113__2025-10-01__268,1399.1466437198335,68.13067336874299,0.1268,PeMS_average_weekday,L210W-113,4,False,AM,measured,5.666666666666667,6689.25,4.780949895441741,47.69147135812009,13.808695652173911,2025-10-01 05:50:00,2025-10-01 07:20:00,2025-10-01 11:30:00,1180.4558823529412,0.0018611294110322612,0.007321490236322902,0.0027479313498021615,0.37532404757836085,220.0,22.827062058598305,51.71300096887839,7.014539977236373,0.003693680913419372,False,False,False,False,False,False,,3.933896371162118,0,False,False,False,False,False,True,0,False,D7_I210,released_monthly_average_weekday,2025-10,corridor_period,1.135069666363396,0.985918407638151,0.6309753587002819,0.771464174786203,0.5274075565658645,0.3669497941439255,0.7606007307550935,5.30845411980629,0.004256727644632444,0.0022450303260219645,0.004476661720846319,20.726211620553006,1260.112614525921,0.9006294087771455,31.224096831074405,40.35705568501342,0.002199836729509805,False,False,False,False,queue_exceeds_link,released_profile_fit,2.287174454070597,5.1668465375815,5.438922052435918,0.003121140400113803,0.005011501021681761,18.44999541986841,25.45047324736097,False,,,,,27.51102807701849,False,251012.9259189717,242161.4213025371,,,,,,,,197.71988155338246,187.23167219393324,,,,,,,,2299.9809097946672,2168.9419206081097,,,,,,,,96.47210434530946,94.4280356082378,,,,,,,,False,,566.1679609265325,-7.981228257786688,40.152826354000766,1.6712036340093772,False,True,True
state_transition,PeMS::D7_I210_W::L210W-129,2025-10-01,2025-10-01 06:25:00,2025-10-01 08:10:00,2025-10-01 12:05:00,2025-10-01 12:00:00,47.24545454545456,post_qc,0,47.24545454545456,47.24545454545456,47.01363636363637,post_qc,0,47.01363636363637,47.01363636363637,77,98,144,AM;MD,AM,340.0,18.868181818181817,32.65715240641712,67.13304261933492,46.99312983353444,6907.545454545455,1341.448626637273,5.149317921970076,1244.7954545454545,210.0,0.6097560975609756,198.81818181818176,28.145454545454555,True,0,2,77,144,speed_mph,True,D7_I210_W,W,43.0,0.2349,False,PeMS_average_weekday,state_transition__PeMS::D7_I210_W::L210W-129__2025-10-01__269,1341.448626637273,67.13304261933492,0.2349,PeMS_average_weekday,L210W-129,4,False,AM,measured,5.666666666666667,6907.545454545454,5.149317921970075,46.99312983353444,18.868181818181817,2025-10-01 06:25:00,2025-10-01 08:10:00,2025-10-01 12:05:00,1218.9786096256682,0.003499022103496121,0.008950508130182512,0.004242342913823659,0.4739778850675322,220.0,31.874589288568,38.242958947328674,6.706637622211404,0.0038704846177794426,False,False,False,False,False,False,,2.558002740605561,0,False,False,False,False,False,True,0,False,D7_I210,released_monthly_average_weekday,2025-10,corridor_period,1.135069666363396,0.985918407638151,0.6309753587002819,0.771464174786203,0.5274075565658645,0.3669497941439255,0.7606007307550935,5.71149307758727,0.008467677967098871,0.004465917346414223,0.008416361709328083,19.62947166840128,1209.4115077634722,0.9015712445099073,30.487210090984767,39.66947136698158,0.004205848210939806,False,False,False,False,queue_exceeds_link,released_profile_fit,2.4200127111624172,5.548790485332975,5.867364814679557,0.006098082990960804,0.010061078127162499,17.32288175872896,24.476702534576255,False,,,,,30.343485867732312,False,437106.0479210519,420006.869096092,,,,,,,,345.4805389813663,324.7362358992556,,,,,,,,4025.031631292706,3761.8316758546894,,,,,,,,168.14973327391002,163.77680382525378,,,,,,,,False,,-1645.5368622173914,-12.23016451202534,35.00293798239538,1.4066104232325598,False,True,True
state_transition,PeMS::D7_I210_W::L210W-129,2025-10-01,2025-10-01 15:10:00,2025-10-01 17:20:00,2025-10-01 18:40:00,2025-10-01 18:35:00,47.05909090909092,post_qc,0,47.05909090909092,47.05909090909092,47.909090909090914,post_qc,0,47.909090909090914,47.909090909090914,182,208,223,MD;PM,PM,210.0,37.24545454545454,42.34253246753248,67.13304261933492,46.99312983353444,4658.636363636364,1341.448626637273,3.4728399367142195,1311.4772727272727,70.0,0.6153846153846154,-12.954545454545496,10.663636363636371,True,0,1,182,223,speed_mph,True,D7_I210_W,W,43.0,0.2349,False,PeMS_average_weekday,state_transition__PeMS::D7_I210_W::L210W-129__2025-10-01__270,1341.448626637273,67.13304261933492,0.2349,PeMS_average_weekday,L210W-129,4,False,PM,measured,3.5,4658.636363636364,3.4728399367142195,46.99312983353444,37.24545454545454,2025-10-01 15:10:00,2025-10-01 17:20:00,2025-10-01 18:40:00,1331.0389610389611,0.003499022103496121,0.0028077877573776896,0.002073189152956517,0.7383710351713888,220.0,61.81079240516177,21.534086673960957,6.706637622211404,0.0003012851059675722,False,False,False,False,False,False,,0.8024492770629342,0,False,False,False,False,False,True,0,False,D7_I210,released_monthly_average_weekday,2025-10,corridor_period,1.0390021491339378,1.003480148216952,0.4909133222521189,0.3922538262169067,0.8161548147919869,0.40671971964423315,0.393618927670808,3.6239556666631736,0.002846381622016561,0.0023230880655442415,0.00280778775737769,37.01892112168498,1285.5114113263676,0.9583008889046105,45.388316321656504,28.322518117134933,0.001676318579672605,False,True,False,False,queue_exceeds_link,released_profile_fit,0.8134791772742845,3.5375281852302507,3.705082150290203,0.002510523168471552,0.005713100320379802,25.49900981617355,39.087816206279044,False,,,,,42.15561635930172,False,253936.0546248368,252465.8052959926,,,,,,,,243.63225075923145,240.1748901574728,,,,,,,,2403.7549432204446,2380.582353167069,,,,,,,,94.43164889926994,93.78847254170033,,,,,,,,False,,-5082.1074560523175,-19.572216628997,24.96281490323162,1.5011649728623184,False,True,True
state_transition,PeMS::D7_I210_W::L210W-132,2025-10-01,2025-10-01 06:20:00,2025-10-01 07:30:00,2025-10-01 10:45:00,2025-10-01 10:40:00,47.87826086956522,post_qc,0,47.87826086956522,47.87826086956522,48.2304347826087,post_qc,0,48.2304347826087,48.2304347826087,76,90,128,AM;MD,AM,265.0,26.430434782608703,34.954224774405255,67.67999889720927,47.37599922804649,5629.728260869566,1430.534845482983,3.935400999595249,1265.4782608695652,185.0,0.5,79.30434782608722,21.799999999999997,True,0,4,76,128,speed_mph,True,D7_I210_W,W,50.0,0.0087,False,PeMS_average_weekday,state_transition__PeMS::D7_I210_W::L210W-132__2025-10-01__271,1430.534845482983,67.67999889720927,0.0087,PeMS_average_weekday,L210W-132,4,False,AM,measured,4.416666666666667,5629.728260869565,3.935400999595248,47.37599922804649,26.430434782608703,2025-10-01 06:20:00,2025-10-01 07:30:00,2025-10-01 10:45:00,1274.655455291222,0.00012854610138533464,0.00020061987986158086,0.00012522664810407563,0.6241985998121256,220.0,29.777466921180896,42.8060405092601,7.193560429230293,0.00016362112771539305,False,False,False,False,False,False,,1.5606842813551782,0,False,False,False,False,False,True,1,False,D7_I210,released_monthly_average_weekday,2025-10,corridor_period,1.135069666363396,0.985918407638151,0.6309753587002819,0.771464174786203,0.5274075565658645,0.3669497941439255,0.7606007307550935,4.381603924295605,0.0002535527188741331,0.0001337256199220381,0.0002551165893987487,22.768978962280446,1284.8555821426994,0.8981644775726529,31.044091266982104,41.38808802914605,0.00015170046551137953,False,False,False,False,queue_exceeds_link,released_profile_fit,1.9724652567569818,4.276825022388368,4.494528724056834,0.0001947918907453284,0.0002884239788245371,20.864806864356567,26.906830599294544,False,,,,,34.282640738630775,False,12668.090741189668,13894.68150783078,,,,,,,,11.21025769061844,13.218239994932482,,,,,,,,117.5248917667449,131.017480017298,,,,,,,,4.8177900530156,5.161732510844484,,,,,,,,False,,-1198.0385429156472,-11.366294732222714,36.0564224735973,1.457293317020639,False,True,True
state_transition,PeMS::D7_I210_W::L210W-141,2025-10-01,2025-10-01 06:25:00,2025-10-01 06:55:00,2025-10-01 08:25:00,2025-10-01 08:20:00,48.640000000000015,post_qc,0,48.640000000000015,48.640000000000015,48.432,post_qc,0,48.432,48.432,77,83,100,AM,AM,120.0,38.712,43.76833333333334,68.06837884513781,47.64786519159647,2271.98,1161.7876258893343,1.9555897733553729,1142.52,75.0,0.5714285714285714,-17.160000000000082,9.72,False,0,2,77,100,speed_mph,True,D7_I210_W,W,53.0,0.5822,False,PeMS_average_weekday,state_transition__PeMS::D7_I210_W::L210W-141__2025-10-01__272,1161.7876258893343,68.06837884513781,0.5822,PeMS_average_weekday,L210W-141,4,False,AM,measured,2.0,2271.98,1.9555897733553729,47.64786519159647,38.712,2025-10-01 06:25:00,2025-10-01 06:55:00,2025-10-01 08:25:00,1135.99,0.008553163890160536,0.006486100420647482,0.004792530466752611,0.7388924247142926,220.0,52.65532017434294,21.57407829329898,5.725008054538051,0.0025036485662507596,False,False,False,False,False,False,,0.7583276205088294,0,False,False,False,False,False,True,0,False,D7_I210,released_monthly_average_weekday,2025-10,corridor_period,1.135069666363396,0.985918407638151,0.6309753587002819,0.771464174786203,0.5274075565658645,0.3669497941439255,0.7606007307550935,2.1988652735618053,0.00991135814122237,0.005227325179511279,0.0092124055896829,31.530737649773656,1033.251116981697,0.8893631623858584,26.145210349312357,39.51970946789007,0.01371477705280887,False,False,True,False,,released_profile_fit,1.1587943676169101,2.0508361507296637,2.3660316625409177,0.007226431624682708,0.011878906447757279,28.494429746779748,36.89577629651604,True,0.9860359924319763,-2.522404507487863e-13,8.992806499463768e-15,2.062636246655563,43.62455668696003,True,304614.8843284865,294891.23018193815,347640.78391688474,-104.03034112517967,-324.94231069812577,-1235.5036818594963,399380.2453654456,376787.72540340177,-0.0030935523131069517,303.4005286069371,280.53489752528174,377.8266562226754,-9.064055233493395,-9.685689775456497,-107.64814853470072,482.02244258890613,434.57082678011864,-0.22332600937941946,2933.879959652399,2780.6255102618966,2861.7720700096934,29.943791420288612,38.09845656080024,355.6237934861956,2981.704226714227,2907.0113062184805,0.11926863513155538,113.80280224629216,109.54908531981674,118.36187740250108,1.5613298463899423,1.559497798878812,18.542943846456257,124.84383074243674,120.82330915345426,0.14852911622611054,True,beta_power,-4702.476833625073,-18.530432754635655,26.707394868617417,1.3330561477408716,True,True,True
state_transition,PeMS::D7_I210_W::L210W-143,2025-10-01,2025-10-01 05:55:00,2025-10-01 06:20:00,2025-10-01 07:50:00,2025-10-01 07:45:00,51.65,post_qc,0,51.65,51.65,47.94545454545454,post_qc,0,47.94545454545454,47.94545454545454,71,76,93,NT;AM,AM,115.0,30.181818181818183,41.050988142292496,67.65721221283277,47.36004854898294,1666.4636363636366,1127.69410823636,1.4777621202347833,818.290909090909,55.0,0.7,90.1090909090908,17.763636363636355,True,0,4,71,93,speed_mph,True,D7_I210_W,W,68.0,0.0696,False,PeMS_average_weekday,state_transition__PeMS::D7_I210_W::L210W-143__2025-10-01__273,1127.69410823636,67.65721221283277,0.0696,PeMS_average_weekday,L210W-143,5,False,AM,measured,1.9166666666666667,1666.4636363636364,1.477762120234783,47.36004854898294,30.181818181818183,2025-10-01 05:55:00,2025-10-01 06:20:00,2025-10-01 07:50:00,869.4592885375494,0.00102871516167494,0.0012773089347106017,0.0007227923570486366,0.5658712136170869,220.0,13.750836444352544,63.22955640234056,5.546066392265604,0.00403279511674777,True,False,False,False,False,False,,1.2416546215095192,0,False,False,False,False,False,True,0,False,D7_I210,released_monthly_average_weekday,2025-10,corridor_period,1.135069666363396,0.985918407638151,0.6309753587002819,0.771464174786203,0.5274075565658645,0.3669497941439255,0.7606007307550935,1.6681640048668036,0.0009632893761745571,0.000508046096154079,0.0010722155757025922,34.93967944226567,998.980694645007,0.8858614116618447,25.052296003587323,39.87581395740972,0.001749473312149325,False,False,True,True,,released_profile_fit,0.9364004848593291,1.5189026794871776,1.8342470061839182,0.0006476199099910664,0.0012159425828175913,31.006954303456602,41.5191479160988,True,0.9982110691586829,-1.8501462987914734e-13,9.103828801926284e-15,2.062636246655563,39.73719738909342,True,30072.29515973405,28387.295993009477,30950.13436353735,350.67218964916583,-21.449550905610067,296.89322356941244,35638.61492306415,33307.27643642644,0.008330661116048951,30.983647496973475,27.005303506331675,35.43364257743838,-8.199219259031015,-9.099640848970914,-6.9417898208624536,45.07806705053144,40.283605945021236,-0.15399484217193415,264.670330044739,267.67306493590036,254.19842763351332,32.252321211907095,38.81340646938212,27.306116352651618,258.97500119390764,248.34007226984696,0.10543919770930381,10.792344670797746,10.545591026286003,10.29760104960871,1.6471124478386459,1.5937522401123116,1.3945118508238812,10.772216971057674,10.337666679600854,0.12945448969052473,True,beta_power,3419.1637531720553,-2.5871429871015224,46.55675197114429,2.0718608335205175,True,True,True
state_transition,PeMS::D7_I210_W::L210W-143,2025-10-01,2025-10-01 08:15:00,2025-10-01 09:50:00,2025-10-01 10:55:00,2025-10-01 10:50:00,48.01818181818182,post_qc,0,48.01818181818182,48.01818181818182,48.17272727272727,post_qc,0,48.17272727272727,48.17272727272727,99,118,130,AM;MD,AM,160.0,37.98636363636364,43.50284090909091,67.65721221283277,47.36004854898294,2824.8,1127.69410823636,2.5049346089231617,1041.3818181818183,55.0,0.6,31.09090909090912,10.18636363636363,True,0,4,99,130,speed_mph,True,D7_I210_W,W,68.0,0.0696,False,PeMS_average_weekday,state_transition__PeMS::D7_I210_W::L210W-143__2025-10-01__274,1127.69410823636,67.65721221283277,0.0696,PeMS_average_weekday,L210W-143,5,False,AM,measured,2.6666666666666665,2824.8,2.5049346089231617,47.36004854898294,37.98636363636364,2025-10-01 08:15:00,2025-10-01 09:50:00,2025-10-01 10:55:00,1059.3000000000002,0.00102871516167494,0.0008035212868113585,0.0005759147626471943,0.7167386503630998,220.0,36.52788578613387,28.9997621598487,5.546066392265604,0.0008766784438432973,True,False,False,False,False,False,,0.7810921008523642,0,False,False,False,False,False,True,0,False,D7_I210,released_monthly_average_weekday,2025-10,corridor_period,1.135069666363396,0.985918407638151,0.6309753587002819,0.771464174786203,0.5274075565658645,0.3669497941439255,0.7606007307550935,2.8067467124169077,0.0014390645311308764,0.000758973508104337,0.0013833343349168021,28.203490045282845,1006.4321042947073,0.8924690631475423,26.11920411502117,38.53226537312091,0.0016359908413679702,False,False,True,True,,released_profile_fit,1.3988950340615287,2.670880343807559,2.9597877500742555,0.0011254218065818616,0.0016704032468609828,25.786197376708213,32.30993980137176,True,0.9984116267178172,-3.1361579999611424e-13,8.992806499463768e-15,2.062636246655563,43.374487129424615,True,44811.1939923873,44083.77430837881,52519.85603635278,-169.8355188027806,-300.4387565044085,-364.1185829738665,59543.15648639241,55845.37206773416,-0.006115204575307991,43.648184237948186,41.93762256171078,54.47473328728857,-9.189215489066545,-9.634562223306833,-19.701203529786227,68.47695318712918,60.687347312978375,-0.2877056091550702,427.1451311123423,415.6802742315463,436.62917019232805,29.60969780340732,38.16667654158421,63.48166321428263,456.18046060753124,447.0830556406873,0.13915910192588943,16.69489023248295,16.37667268012207,18.28020614189942,1.5489152699406634,1.559659335265354,3.3207943615864206,19.216815640178574,18.579828793047696,0.17280669304248797,True,beta_power,-2607.487991682857,-14.130099127957749,32.6200706529937,1.3270065751221625,True,True,True
state_transition,PeMS::D7_I210_W::L210W-150,2025-10-01,2025-10-01 07:15:00,2025-10-01 08:15:00,2025-10-01 13:05:00,2025-10-01 13:00:00,51.5304347826087,post_qc,0,51.5304347826087,51.5304347826087,50.27826086956522,post_qc,0,50.27826086956522,50.27826086956522,87,99,156,AM;MD,AM,350.0,32.178260869565214,39.71304347826088,71.11878637652643,49.7831504635685,7612.530434782609,1296.3508686949522,5.872276263019911,1251.391304347826,280.0,0.4181818181818181,-245.11304347826103,18.10000000000001,False,0,7,87,156,speed_mph,True,D7_I210_W,W,36.0,0.1584,False,PeMS_average_weekday,state_transition__PeMS::D7_I210_W::L210W-150__2025-10-01__275,1296.3508686949522,71.11878637652643,0.1584,PeMS_average_weekday,L210W-150,5,False,AM,measured,5.833333333333333,7612.530434782608,5.87227626301991,49.7831504635685,32.178260869565214,2025-10-01 07:15:00,2025-10-01 08:15:00,2025-10-01 13:05:00,1305.0052173913043,0.0022272596042539014,0.0026953184257420457,0.0018306143024018108,0.6791829436248616,220.0,77.30638232662757,16.880950551760662,6.4248292857625735,-0.0001782696601798998,False,False,False,False,False,False,,1.2101500968248993,0,False,False,False,False,False,True,0,False,D7_I210,released_monthly_average_weekday,2025-10,corridor_period,1.135069666363396,0.985918407638151,0.6309753587002819,0.771464174786203,0.5274075565658645,0.3669497941439255,0.7606007307550935,6.501341471549972,0.005956428191359032,0.0031414652382646983,0.005478486640714266,19.355577088964,1170.9168743243567,0.9032407063553165,31.01660883986131,37.751286105125104,0.0028796816741372636,False,False,False,False,queue_exceeds_link,released_profile_fit,2.6743304552296885,6.278172302624809,6.729921989387626,0.004157897472126731,0.0071909430580413625,16.818571756051142,24.808300802416408,False,,,,,39.03521983277815,False,303624.79985562514,300430.3255988287,,,,,,,,293.4500050743799,285.8043304758698,,,,,,,,2834.465449907485,2832.855446060523,,,,,,,,112.2074385345641,111.60680279091676,,,,,,,,False,,,,,,False,False,True
state_transition,PeMS::D7_I210_W::L210W-150,2025-10-01,2025-10-01 13:25:00,2025-10-01 16:15:00,2025-10-01 19:20:00,2025-10-01 19:15:00,50.26086956521738,post_qc,0,50.26086956521738,50.26086956521738,51.35217391304347,post_qc,0,51.35217391304347,51.35217391304347,161,195,231,MD;PM,PM,355.0,20.90434782608696,31.369014084507047,71.11878637652643,49.7831504635685,6970.939130434784,1296.3508686949522,5.3773552352014775,1165.878260869565,175.0,0.5588235294117647,-11.478260869565249,30.447826086956518,False,0,3,161,231,speed_mph,True,D7_I210_W,W,36.0,0.1584,False,PeMS_average_weekday,state_transition__PeMS::D7_I210_W::L210W-150__2025-10-01__276,1296.3508686949522,71.11878637652643,0.1584,PeMS_average_weekday,L210W-150,5,False,PM,measured,5.916666666666667,6970.939130434782,5.377355235201476,49.7831504635685,20.90434782608696,2025-10-01 13:25:00,2025-10-01 16:15:00,2025-10-01 19:20:00,1178.1868952847517,0.0022272596042539014,0.005350111443999011,0.0032579543167384106,0.608950738847266,220.0,32.17355031872271,36.61973526742341,6.4248292857625735,0.0026960391436565063,False,False,False,False,False,False,,2.40210500553267,0,False,False,False,False,False,True,0,False,D7_I210,released_monthly_average_weekday,2025-10,corridor_period,1.0390021491339378,1.003480148216952,0.4909133222521189,0.3922538262169067,0.8161548147919869,0.40671971964423315,0.393618927670808,5.619888004168066,0.0021520839170388532,0.0017564336507276588,0.002195967235470514,36.169804727545404,1240.405347093161,0.9568438430113353,46.050654927205116,26.935672229937666,0.001212430889842043,False,True,False,False,queue_exceeds_link,released_profile_fit,0.9662474517692199,5.3855732204675295,5.852223061878121,0.0018145869843628878,0.005211092335858427,21.29504515183942,39.19000830300625,False,,,,,28.87763399596718,False,310214.12896000536,300330.85762291186,,,,,,,,242.97174282707954,232.20646947692296,,,,,,,,2833.98636042955,2689.94203802889,,,,,,,,119.06824876244254,117.11053216209298,,,,,,,,False,,-1866.4387477254627,-12.714958409640076,34.32217301889809,1.4214684355282605,False,True,True
state_transition,PeMS::D7_I210_W::L210W-154,2025-10-01,2025-10-01 06:15:00,2025-10-01 07:35:00,2025-10-01 10:55:00,2025-10-01 10:50:00,51.01739130434783,post_qc,0,51.01739130434783,51.01739130434783,48.93478260869564,post_qc,0,48.93478260869564,48.93478260869564,75,91,130,AM;MD,AM,280.0,21.117391304347827,32.10900621118013,67.9627516109467,47.57392612766269,5684.45652173913,1417.444325048097,4.010356118605395,1177.108695652174,190.0,0.5675675675675675,112.43478260869551,27.81739130434781,True,0,2,75,130,speed_mph,True,D7_I210_W,W,49.0,0.2324,False,PeMS_average_weekday,state_transition__PeMS::D7_I210_W::L210W-154__2025-10-01__277,1417.444325048097,67.9627516109467,0.2324,PeMS_average_weekday,L210W-154,4,False,AM,measured,4.666666666666667,5684.45652173913,4.010356118605395,47.57392612766269,21.117391304347827,2025-10-01 06:15:00,2025-10-01 07:35:00,2025-10-01 10:55:00,1218.0978260869563,0.0034195201708485203,0.007585627039363545,0.004143259840408274,0.5461987280560929,220.0,24.928646767861334,48.86337543429593,7.117692248390086,0.0059030877574573265,False,False,False,False,False,False,,2.218330836013535,0,False,False,False,False,False,True,0,False,D7_I210,released_monthly_average_weekday,2025-10,corridor_period,1.135069666363396,0.985918407638151,0.6309753587002819,0.771464174786203,0.5274075565658645,0.3669497941439255,0.7606007307550935,4.463871467223691,0.006842374727040791,0.003608720135896608,0.007080963133340382,22.646889518211744,1273.436424744233,0.898403134600029,30.992465879620404,41.08858035660859,0.004079076452688246,False,False,False,False,queue_exceeds_link,released_profile_fit,2.00097510328267,4.357712255073623,4.579059574172373,0.005233409442538315,0.007766245378119116,20.776407792748717,26.857956397649907,False,,,,,30.72944071546244,False,358472.2359196327,337664.58474389964,,,,,,,,293.4917349085527,261.0717450459894,,,,,,,,3264.533971736657,3024.325134104672,,,,,,,,137.07559050905144,131.6683857417702,,,,,,,,False,,-1.734840206042918,-9.064764825082602,38.851053857118366,1.5981595630770429,False,True,True
state_transition,PeMS::D7_I210_W::L210W-155,2025-10-01,2025-10-01 06:15:00,2025-10-01 07:45:00,2025-10-01 11:40:00,2025-10-01 11:35:00,49.77391304347826,post_qc,0,49.77391304347826,49.77391304347826,48.478260869565226,post_qc,0,48.478260869565226,48.478260869565226,75,93,139,AM;MD,AM,325.0,18.45652173913044,32.62214046822743,69.13334548622781,48.39334184035946,6229.271739130435,1285.2773873121312,4.846636065198001,1126.5652173913045,220.0,0.5348837209302325,299.0869565217391,30.021739130434785,True,0,1,75,139,speed_mph,True,D7_I210_W,W,44.0,0.0988,False,PeMS_average_weekday,state_transition__PeMS::D7_I210_W::L210W-155__2025-10-01__278,1285.2773873121312,69.13334548622781,0.0988,PeMS_average_weekday,L210W-155,4,False,AM,measured,5.416666666666667,6229.271739130434,4.846636065198001,48.39334184035946,18.45652173913044,2025-10-01 06:15:00,2025-10-01 07:45:00,2025-10-01 11:40:00,1150.0193979933108,0.0014291222174353205,0.0039239991017637355,0.0018370545526858423,0.4681587597357334,220.0,28.904537138678084,39.78681244663258,6.381438637240406,0.001989026273439233,False,False,False,False,False,False,,2.7457407448368416,0,False,False,False,False,False,True,0,False,D7_I210,released_monthly_average_weekday,2025-10,corridor_period,1.135069666363396,0.985918407638151,0.6309753587002819,0.771464174786203,0.5274075565658645,0.3669497941439255,0.7606007307550935,5.380353801860892,0.0033027533964261127,0.001741897098748706,0.0033199367311169937,20.879669725589963,1157.781062088506,0.9008024831976115,30.017249283475863,38.57052493900068,0.0018623186160319958,False,False,False,False,queue_exceeds_link,released_profile_fit,2.311036352337437,5.235464529353321,5.513380912996615,0.0024136695539785707,0.003892352744045069,18.566291317293263,25.71075725346488,False,,,,,30.249434416354287,False,170603.48510217507,159805.62366218815,,,,,,,,141.14285348044697,123.55673328694819,,,,,,,,1602.275640947985,1431.3143458008428,,,,,,,,65.82331395068965,62.314348174878575,,,,,,,,False,,-1053.8086730879822,-11.103358394302472,36.353296798996375,1.484214344537227,False,True,True
state_transition,PeMS::D7_I210_W::L210W-155,2025-10-01,2025-10-01 15:15:00,2025-10-01 17:30:00,2025-10-01 18:35:00,2025-10-01 18:30:00,48.94782608695653,post_qc,0,48.94782608695653,48.94782608695653,48.83478260869566,post_qc,0,48.83478260869566,48.83478260869566,183,210,222,MD;PM,PM,200.0,40.15217391304349,44.6167391304348,69.13334548622781,48.39334184035946,4228.554347826087,1285.2773873121312,3.2899935761486927,1249.695652173913,55.0,0.7,19.04347826086928,8.68260869565217,True,0,5,183,222,speed_mph,True,D7_I210_W,W,44.0,0.0988,False,PeMS_average_weekday,state_transition__PeMS::D7_I210_W::L210W-155__2025-10-01__279,1285.2773873121312,69.13334548622781,0.0988,PeMS_average_weekday,L210W-155,4,False,PM,measured,3.333333333333333,4228.554347826086,3.2899935761486923,48.39334184035946,40.15217391304349,2025-10-01 15:15:00,2025-10-01 17:30:00,2025-10-01 18:35:00,1268.566304347826,0.0014291222174353205,0.0010315166564141642,0.0007915312059921611,0.7673469944186276,220.0,59.809873032863756,21.209981563592123,6.381438637240406,0.00022277896526259818,False,False,False,False,False,False,,0.7217833743186131,0,False,False,False,False,False,True,0,False,D7_I210,released_monthly_average_weekday,2025-10,corridor_period,1.0390021491339378,1.003480148216952,0.4909133222521189,0.3922538262169067,0.8161548147919869,0.40671971964423315,0.393618927670808,3.4325068395919422,0.0011380721987328047,0.0009288431045766816,0.001125059205218387,38.4855932132604,1231.9143254289272,0.9584812878449523,45.70515276827316,26.953510727221044,0.0007325596502726751,False,True,False,False,queue_exceeds_link,released_profile_fit,0.796343507118076,3.3528428948820364,3.505710621785824,0.0010079181775738534,0.0022332169018435296,26.977294262626984,40.540977657083396,False,,,,,44.4914091310595,False,92541.29817942638,91324.8314166982,,,,,,,,89.73939932953442,86.87882039486387,,,,,,,,880.3043215865871,861.1315968974914,,,,,,,,34.45840017767162,33.9262437289616,,,,,,,,False,,-5033.08799997284,-19.476880412440572,25.080161933349448,1.5062337245420774,False,True,True
state_transition,PeMS::D7_I210_W::L210W-182,2025-10-01,2025-10-01 05:55:00,2025-10-01 06:40:00,2025-10-01 11:55:00,2025-10-01 11:50:00,54.56956521739131,post_qc,0,54.56956521739131,54.56956521739131,51.03913043478261,post_qc,0,51.03913043478261,51.03913043478261,71,80,142,NT;AM;MD,AM,360.0,22.00869565217391,38.43285024154589,71.84175370180901,50.289227591266304,6784.3130434782615,1238.990492949648,5.475678047639365,1137.495652173913,285.0,0.5535714285714286,145.14782608695646,29.030434782608697,True,0,9,71,142,speed_mph,True,D7_I210_W,W,60.0,0.1075,False,PeMS_average_weekday,state_transition__PeMS::D7_I210_W::L210W-182__2025-10-01__280,1238.990492949648,71.84175370180901,0.1075,PeMS_average_weekday,L210W-182,5,False,AM,measured,6.0,6784.3130434782615,5.475678047639365,50.289227591266304,22.00869565217391,2025-10-01 05:55:00,2025-10-01 06:40:00,2025-10-01 11:55:00,1130.7188405797103,0.0014963443187397177,0.0033880887116830407,0.001505389494454806,0.44431820491116963,220.0,32.33936917285613,34.96415884106895,6.110809849041694,0.0018277774173833703,False,False,False,False,False,False,,2.2642440441359293,0,False,False,False,False,False,True,0,False,D7_I210,released_monthly_average_weekday,2025-10,corridor_period,1.135069666363396,0.985918407638151,0.6309753587002819,0.771464174786203,0.5274075565658645,0.3669497941439255,0.7606007307550935,6.068230112577352,0.0037944448913041144,0.00200121890864653,0.0037614886048865327,20.318329786400508,1118.005236719141,0.9023517477180322,30.179922174042492,37.04466930934396,0.0020656264305573065,False,False,False,False,queue_exceeds_link,released_profile_fit,2.5358100029410013,5.882156748362494,6.255016764822585,0.0026928308196028676,0.0045359580678004255,17.820747900716906,25.662151989208454,False,,,,,35.8126358598052,False,187660.42510505102,198058.84185239265,,,,,,,,171.40533293336568,188.41664727959792,,,,,,,,1674.7311107304154,1867.5613643983545,,,,,,,,69.07829285614756,73.57684035244256,,,,,,,,False,,-1924.4514153317323,-12.839737513250844,34.15037761604929,1.4236373165515448,False,True,True
state_transition,PeMS::D7_I210_W::L210W-211,2025-10-01,2025-10-01 06:40:00,2025-10-01 07:45:00,2025-10-01 10:50:00,2025-10-01 10:45:00,48.86086956521739,post_qc,0,48.86086956521739,48.86086956521739,48.83913043478261,post_qc,0,48.83913043478261,48.83913043478261,80,93,129,AM;MD,AM,250.0,24.8608695652174,36.10495652173913,69.3479321452884,48.54355250170188,5817.717391304348,1488.0616328065785,3.909594376364482,1384.4347826086955,175.0,0.5294117647058824,214.82608695652172,23.97826086956521,True,0,6,80,129,speed_mph,True,D7_I210_W,W,42.0,0.2355,False,PeMS_average_weekday,state_transition__PeMS::D7_I210_W::L210W-211__2025-10-01__281,1488.0616328065785,69.3479321452884,0.2355,PeMS_average_weekday,L210W-211,4,False,AM,measured,4.166666666666667,5817.717391304349,3.9095943763644825,48.54355250170188,24.8608695652174,2025-10-01 06:40:00,2025-10-01 07:45:00,2025-10-01 10:50:00,1396.2521739130436,0.003395919571280255,0.006076798162192984,0.0033505665165015387,0.5513703807618965,220.0,41.422682564911085,33.70743002279144,7.494942895918308,0.002289371322928771,False,False,False,False,False,False,,1.7894411321119843,0,False,False,False,False,False,True,0,False,D7_I210,released_monthly_average_weekday,2025-10,corridor_period,1.135069666363396,0.985918407638151,0.6309753587002819,0.771464174786203,0.5274075565658645,0.3669497941439255,0.7606007307550935,4.353274589463443,0.006664897903696309,0.003515117518149423,0.006443392956892108,23.407640640110962,1336.4002825333844,0.898081271010831,32.05329773476035,41.693066766235376,0.003951218372177304,False,False,False,False,queue_exceeds_link,released_profile_fit,1.9626194801732761,4.248960104858013,4.465375233717645,0.005122634104780096,0.007590599132927892,21.435362016068485,27.64553903043428,False,,,,,34.90706079221029,False,348923.70378421573,381721.3301280704,,,,,,,,310.3333772494347,363.13780563980777,,,,,,,,3250.1251002794857,3599.374819354078,,,,,,,,132.85719446570855,141.8055821354676,,,,,,,,False,,-3488.767305529086,-15.93619216013,30.25665549138949,1.2988322322580281,False,True,True
state_transition,PeMS::D7_I210_W::L210W-211,2025-10-01,2025-10-01 16:00:00,2025-10-01 17:20:00,2025-10-01 18:10:00,2025-10-01 18:05:00,49.36521739130435,post_qc,0,49.36521739130435,49.36521739130435,49.08260869565217,post_qc,0,49.08260869565217,49.08260869565217,192,208,217,PM,PM,130.0,43.360869565217385,45.61505016722408,69.3479321452884,48.54355250170188,3156.793478260869,1488.0616328065785,2.1214131247419887,1447.5652173913045,40.0,0.2857142857142857,-43.17391304347825,5.721739130434784,False,0,2,192,217,speed_mph,True,D7_I210_W,W,42.0,0.2355,False,PeMS_average_weekday,state_transition__PeMS::D7_I210_W::L210W-211__2025-10-01__282,1488.0616328065785,69.3479321452884,0.2355,PeMS_average_weekday,L210W-211,4,False,PM,measured,2.1666666666666665,3156.79347826087,2.121413124741989,48.54355250170188,43.360869565217385,2025-10-01 16:00:00,2025-10-01 17:20:00,2025-10-01 18:10:00,1456.9816053511709,0.003395919571280255,0.0020352445719063494,0.0017761518313692895,0.872696999607091,220.0,56.90287696252695,25.604708990560482,7.494942895918308,0.0007427112426781866,False,False,False,False,False,False,,0.599320604975066,0,False,False,False,False,False,True,0,False,D7_I210,released_monthly_average_weekday,2025-10,corridor_period,1.0390021491339378,1.003480148216952,0.4909133222521189,0.3922538262169067,0.8161548147919869,0.40671971964423315,0.393618927670808,2.209929409958105,0.0022753382076542775,0.0018570282334572081,0.0022577609158869897,41.52517998295675,1428.458965266549,0.9599461028857958,48.57003401006263,29.410293700239208,0.0014527490533126294,False,True,False,False,queue_exceeds_link,released_profile_fit,0.6700212298598343,2.1373154606450417,2.253778345783717,0.001875369571372714,0.003705423225442037,33.16274213782479,44.67597865160692,False,,,,,45.53301408007597,False,170377.41864819417,158791.35743761988,,,,,,,,178.30600992005967,151.06084083673613,,,,,,,,1679.9032920768375,1497.2954571342993,,,,,,,,64.05781715779209,58.98937026120078,,,,,,,,False,,-4946.789716331425,-19.199586471160554,25.588217939970566,1.4403613118644358,False,True,True
state_transition,PeMS::D7_I210_W::L210W-221,2025-10-01,2025-10-01 15:20:00,2025-10-01 16:50:00,2025-10-01 18:25:00,2025-10-01 18:20:00,50.35217391304349,post_qc,0,50.35217391304349,50.35217391304349,49.15652173913045,post_qc,0,49.15652173913045,49.15652173913045,184,202,220,MD;PM,PM,185.0,35.291304347826085,40.46392479435959,68.30565217391305,47.81395652173913,3553.8434782608706,1205.625391304348,2.9477178432813367,1152.104347826087,85.0,0.375,-87.2347826086957,13.865217391304364,False,0,6,184,220,speed_mph,True,D7_I210_W,W,19.0,0.7208,False,PeMS_average_weekday,state_transition__PeMS::D7_I210_W::L210W-221__2025-10-01__283,1205.625391304348,68.30565217391305,0.7208,PeMS_average_weekday,L210W-221,5,False,PM,measured,3.083333333333333,3553.8434782608697,2.947717843281336,47.81395652173913,35.291304347826085,2025-10-01 15:20:00,2025-10-01 16:50:00,2025-10-01 18:25:00,1152.5978848413633,0.01055256742391934,0.009871727266237123,0.007452419764086354,0.7549256136334738,220.0,43.411580992531846,26.55047013928487,5.958132261532199,0.006051296879571478,False,False,False,False,False,False,,0.9354810890723174,0,False,False,False,False,False,True,0,False,D7_I210,released_monthly_average_weekday,2025-10,corridor_period,1.0390021491339378,1.003480148216952,0.4909133222521189,0.3922538262169067,0.8161548147919869,0.40671971964423315,0.393618927670808,3.0742291536655264,0.008047840467227492,0.006568283746005512,0.008057180765605937,38.75183835850592,1156.0112472498936,0.9588477943378599,44.500346103487004,25.97757879369189,0.005645059406302523,False,True,False,False,queue_exceeds_link,released_profile_fit,0.7626428852741161,3.012681598155801,3.134264113380988,0.007184379949726955,0.015076210891052393,28.124633610761617,40.638334508618854,False,,,,,40.03335256357041,False,638322.9455565189,622310.7335573776,,,,,,,,625.7922371354742,592.0144785577103,,,,,,,,5994.548582676153,5867.9707089689655,,,,,,,,235.6706779970928,231.18209247475437,,,,,,,,False,,-3741.2383086386053,-16.43864998159858,29.62077130525972,1.2805406445978118,False,True,True
state_transition,PeMS::D7_I210_W::L210W-222,2025-10-01,2025-10-01 06:00:00,2025-10-01 06:45:00,2025-10-01 11:15:00,2025-10-01 11:10:00,49.43043478260869,post_qc,0,49.43043478260869,49.43043478260869,50.08260869565217,post_qc,0,50.08260869565217,50.08260869565217,72,81,134,AM;MD,AM,315.0,28.204347826086952,38.69399585921325,68.44052828078823,47.90836979655176,5971.417391304349,1211.809447711422,4.927686776647718,1145.0608695652172,260.0,0.5490196078431373,102.36521739130444,21.878260869565217,True,0,6,72,134,speed_mph,True,D7_I210_W,W,59.0,0.453,False,PeMS_average_weekday,state_transition__PeMS::D7_I210_W::L210W-222__2025-10-01__284,1211.809447711422,68.44052828078823,0.453,PeMS_average_weekday,L210W-222,5,False,AM,measured,5.25,5971.417391304347,4.927686776647716,47.90836979655176,28.204347826086952,2025-10-01 06:00:00,2025-10-01 06:45:00,2025-10-01 11:15:00,1137.4128364389233,0.006618885204121964,0.009442468272061175,0.005395953565286756,0.5714558322904363,220.0,37.755873131408016,30.125454455263082,5.990338690084891,0.005379248130613777,False,False,False,False,False,False,,1.4265949598552943,0,False,False,False,False,False,True,0,False,D7_I210,released_monthly_average_weekday,2025-10,corridor_period,1.135069666363396,0.985918407638151,0.6309753587002819,0.771464174786203,0.5274075565658645,0.3669497941439255,0.7606007307550935,5.469052527459476,0.01549066254473646,0.008169892482305813,0.015009780829884514,20.48888584902826,1091.8559222685385,0.9010128814646368,28.938269140524195,37.73051929838954,0.00903512636789821,False,False,False,False,queue_exceeds_link,released_profile_fit,2.340373350951838,5.319281867646477,5.607295043618112,0.011275265678528048,0.01827382455353079,18.19810944236665,25.315886795005866,False,,,,,37.70337735645647,False,657297.6528055298,697768.8130808105,,,,,,,,599.5000330410052,663.7989958304025,,,,,,,,6084.423910789446,6579.489531515082,,,,,,,,247.24805038572427,259.2139996517904,,,,,,,,False,,-2860.8365692862953,-14.647510733795318,31.945600043189522,1.3176765376725597,False,True,True
state_transition,PeMS::D7_I210_W::L210W-233,2025-10-01,2025-10-01 05:55:00,2025-10-01 06:45:00,2025-10-01 12:00:00,2025-10-01 11:55:00,52.03636363636363,post_qc,0,52.03636363636363,52.03636363636363,49.87272727272728,post_qc,0,49.87272727272728,49.87272727272728,71,81,143,NT;AM;MD,AM,365.0,18.43636363636364,35.390099626401,68.54572327345998,47.98200629142199,7954.227272727274,1463.9208426687917,5.43350913579888,1368.8181818181818,300.0,0.6101694915254238,349.5,31.43636363636364,True,0,6,71,143,speed_mph,True,D7_I210_W,W,61.0,0.2423,False,PeMS_average_weekday,state_transition__PeMS::D7_I210_W::L210W-233__2025-10-01__285,1463.9208426687917,68.54572327345998,0.2423,PeMS_average_weekday,L210W-233,4,False,AM,measured,6.083333333333333,7954.227272727273,5.433509135798879,47.98200629142199,18.43636363636364,2025-10-01 05:55:00,2025-10-01 06:45:00,2025-10-01 12:00:00,1307.5442092154422,0.003534866778389009,0.009607638152577456,0.003817400008109739,0.3973297024186573,220.0,30.710831236612687,42.57599539203031,7.369601492788697,0.0043548577990146775,False,False,False,False,False,False,,2.717963293925343,0,False,False,False,False,False,True,0,False,D7_I210,released_monthly_average_weekday,2025-10,corridor_period,1.135069666363396,0.985918407638151,0.6309753587002819,0.771464174786203,0.5274075565658645,0.3669497941439255,0.7606007307550935,6.022153439374065,0.008911196941283563,0.004699832604879569,0.00898095692116388,19.4680025313557,1320.8277326049042,0.9022535195256716,32.39425303559247,40.77352026464922,0.003944855002316297,False,False,False,False,queue_exceeds_link,released_profile_fit,2.5209427964198357,5.840161803866648,6.203054932793484,0.006335631249661878,0.010647058786689274,17.08514299666203,24.548640202251985,False,,,,,32.955822610374376,False,513170.6298413978,459340.08827571495,,,,,,,,442.56373057935855,355.147456481624,,,,,,,,4783.4611714804205,4114.12341370574,,,,,,,,194.55653413828227,179.11433612623858,,,,,,,,False,,-1449.0255919389679,-11.864202067485678,35.428674868910406,1.4380178166244844,False,True,True
state_transition,PeMS::D7_I210_W::L210W-234,2025-10-01,2025-10-01 05:55:00,2025-10-01 06:50:00,2025-10-01 11:15:00,2025-10-01 11:10:00,47.547058823529404,post_qc,0,47.547058823529404,47.547058823529404,45.04117647058824,post_qc,0,45.04117647058824,45.04117647058824,71,82,134,NT;AM;MD,AM,320.0,24.800000000000004,36.20110294117647,63.777275929702505,44.64409315079176,5573.60294117647,1200.2531067361451,4.64368966003579,1093.235294117647,255.0,0.48,166.41176470588232,20.24117647058824,True,0,2,71,134,speed_mph,True,D7_I210_W,W,62.0,0.2983,False,PeMS_average_weekday,state_transition__PeMS::D7_I210_W::L210W-234__2025-10-01__286,1200.2531067361451,63.777275929702505,0.2983,PeMS_average_weekday,L210W-234,4,False,AM,measured,5.333333333333333,5573.60294117647,4.64368966003579,44.64409315079176,24.800000000000004,2025-10-01 05:55:00,2025-10-01 06:50:00,2025-10-01 11:15:00,1045.0505514705883,0.0046772145039370525,0.007351011302514558,0.003738844795335096,0.5086163850756359,220.0,23.309466036418982,44.83374050000927,5.966049366205959,0.00812016144341123,True,False,False,False,False,False,,1.5716643520041325,0,False,False,False,False,False,True,0,False,D7_I210,released_monthly_average_weekday,2025-10,corridor_period,1.135069666363396,0.985918407638151,0.6309753587002819,0.771464174786203,0.5274075565658645,0.3669497941439255,0.7606007307550935,5.158164760092404,0.010463192518537452,0.005518366800080072,0.010736263470925166,19.702244434855803,1080.5399207675994,0.9002600490707477,27.78795807748766,38.885186085083234,0.006057651266630919,False,False,False,True,queue_exceeds_link,released_profile_fit,2.2370563739871336,5.027284391811962,5.284162166030338,0.007726220253210701,0.01218169910293407,17.693909758264297,24.049912849175232,False,,,,,35.44414189498381,False,422454.91185544035,456205.9994900589,,,,,,,,377.3119103550341,433.9963017496381,,,,,,,,3925.8286972778,4301.715040267347,,,,,,,,159.74376639827506,169.47587736235698,,,,,,,,False,,634.1364427555493,-7.816624839108954,40.404811221705764,1.6560818658149388,False,True,True
state_transition,PeMS::D7_I210_W::L210W-251,2025-10-01,2025-10-01 14:45:00,2025-10-01 16:20:00,2025-10-01 19:15:00,2025-10-01 19:10:00,46.1818181818182,post_qc,0,46.1818181818182,46.1818181818182,46.11363636363637,post_qc,0,46.11363636363637,46.11363636363637,177,196,230,MD;PM,PM,270.0,36.36818181818182,39.69680134680135,64.34818181818181,45.04372727272727,6365.78787878788,1484.299090909091,4.288750102844175,1430.3636363636365,165.0,0.375,-241.81818181818156,9.74545454545455,False,0,4,177,230,speed_mph,True,D7_I210_W,W,6.0,0.3585,False,PeMS_average_weekday,state_transition__PeMS::D7_I210_W::L210W-251__2025-10-01__287,1484.299090909091,64.34818181818181,0.3585,PeMS_average_weekday,L210W-251,3,False,PM,measured,4.5,6365.787878787878,4.2887501028441735,45.04372727272727,36.36818181818182,2025-10-01 14:45:00,2025-10-01 16:20:00,2025-10-01 19:15:00,1414.6195286195284,0.005571252984473673,0.004286264825800043,0.003498255675050242,0.8161548147919869,220.0,43.78054264989773,32.311603351559484,7.537064378408298,0.002617316144667476,False,False,False,False,False,False,,0.7693538307711536,0,False,False,False,False,False,True,0,False,D7_I210,released_monthly_average_weekday,2025-10,corridor_period,1.0390021491339378,1.003480148216952,0.4909133222521189,0.3922538262169067,0.8161548147919869,0.40671971964423315,0.393618927670808,4.47865688639294,0.004924622110174507,0.0040192540462499985,0.004933814370683821,34.15627537172181,1421.3609214245505,0.9575973805616274,45.24153091174537,31.417171187183328,0.0023528820475468308,False,True,False,False,queue_exceeds_link,released_profile_fit,0.8839343903245394,4.336889410646913,4.605894018542808,0.004268837496031409,0.010822551573990025,21.868017659086462,36.43259184235089,False,,,,,39.52805090753601,False,561503.026568963,561503.0265689627,,,,,,,,534.1671026346703,534.1671026346702,,,,,,,,5294.595023404501,5294.595023404501,,,,,,,,208.59264932018382,208.5926493201838,,,,,,,,False,,-3633.8005582417854,-16.151847791398907,30.09238429243475,1.2384513595141489,False,True,True
state_transition,PeMS::D7_I210_W::L210W-256,2025-10-01,2025-10-01 15:40:00,2025-10-01 16:40:00,2025-10-01 18:25:00,2025-10-01 18:20:00,50.38181818181819,post_qc,0,50.38181818181819,50.38181818181819,48.71818181818182,post_qc,0,48.71818181818182,48.71818181818182,188,200,220,MD;PM,PM,165.0,28.827272727272724,35.89765840220385,68.8638716515756,48.20471015610291,3322.454545454545,1253.9655774574028,2.649558014336649,1204.0909090909092,95.0,0.4444444444444444,-72.0,19.89090909090909,False,0,3,188,220,speed_mph,True,D7_I210_W,W,20.0,0.2684,False,PeMS_average_weekday,state_transition__PeMS::D7_I210_W::L210W-256__2025-10-01__288,1253.9655774574028,68.8638716515756,0.2684,PeMS_average_weekday,L210W-256,6,False,PM,measured,2.75,3322.454545454545,2.6495580143366486,48.20471015610291,28.827272727272724,2025-10-01 15:40:00,2025-10-01 16:40:00,2025-10-01 18:25:00,1208.165289256198,0.003897544438947604,0.00541308312333559,0.003775642278411525,0.6975031035704733,220.0,47.231569655343456,25.579613340661325,6.21419034297639,0.001785095413137749,False,False,False,False,False,False,,1.3888444912246347,0,False,False,False,False,False,True,0,False,D7_I210,released_monthly_average_weekday,2025-10,corridor_period,1.0390021491339378,1.003480148216952,0.4909133222521189,0.3922538262169067,0.8161548147919869,0.40671971964423315,0.393618927670808,2.7622474756193167,0.002850249191133858,0.0023262446007008644,0.0028452853238937967,39.775964517272854,1202.8084285639995,0.9592037055776828,45.489159059514755,26.44165013009652,0.0020027624814077426,False,True,False,False,queue_exceeds_link,released_profile_fit,0.7312935710627761,2.7023720375745683,2.8144381597405297,0.002554747452307982,0.0051024991810412965,29.82207771762379,41.59762282491843,False,,,,,34.97894810676194,False,223941.8995336218,247942.50987580448,,,,,,,,196.74875797286492,235.8718045201137,,,,,,,,2033.8945020089482,2337.930726572185,,,,,,,,84.73002741776911,92.10811441234122,,,,,,,,False,,-4225.630057291367,-17.476228474327797,28.19815583879391,1.2957140400773595,False,True,True
state_transition,PeMS::D7_I210_W::L210W-291,2025-10-01,2025-10-01 05:50:00,2025-10-01 07:25:00,2025-10-01 12:00:00,2025-10-01 11:55:00,52.04090909090909,post_qc,0,52.04090909090909,52.04090909090909,49.154545454545456,post_qc,0,49.154545454545456,49.154545454545456,70,89,143,NT;AM;MD,AM,370.0,13.681818181818182,31.80773955773956,68.84823502366453,48.19376451656517,7255.125,1381.7974227630066,5.250498286132882,1261.909090909091,265.0,0.5769230769230769,337.9090909090909,35.47272727272728,True,0,4,70,143,speed_mph,True,D7_I210_W,W,63.0,0.1435,False,PeMS_average_weekday,state_transition__PeMS::D7_I210_W::L210W-291__2025-10-01__289,1381.7974227630066,68.84823502366453,0.1435,PeMS_average_weekday,L210W-291,4,False,AM,measured,6.166666666666667,7255.124999999998,5.250498286132881,48.19376451656517,13.681818181818182,2025-10-01 05:50:00,2025-10-01 07:25:00,2025-10-01 12:00:00,1176.5067567567564,0.002084294534938712,0.008404077558084543,0.0029533016803616747,0.35141294924398475,220.0,23.637290349734485,49.77333439448029,6.9114128069874345,0.0039866212881861625,False,False,False,False,False,False,,4.032096912028637,0,False,False,False,False,False,True,0,False,D7_I210,released_monthly_average_weekday,2025-10,corridor_period,1.135069666363396,0.985918407638151,0.6309753587002819,0.771464174786203,0.5274075565658645,0.3669497941439255,0.7606007307550935,5.822124238525285,0.005119227531605151,0.0026999192839485746,0.005351396443969077,19.92081077483935,1246.1302271759293,0.9018183176837885,31.388956485357994,39.69963855782245,0.0024873770358233953,False,False,False,False,queue_exceeds_link,released_profile_fit,2.456096029516136,5.651897865901929,5.981657679515777,0.003669331557452999,0.006102271670823094,17.52871740823134,24.941500877821444,False,,,,,28.485808283751698,False,306376.5129357119,287067.0521295119,,,,,,,,251.29494802287,221.95130798659713,,,,,,,,2838.5460557622714,2571.1434961030627,,,,,,,,117.3702183486401,111.93846515532245,,,,,,,,False,,311.64250641107446,-8.4734825668612,39.551132035907,1.642996687791232,False,True,True
state_transition,PeMS::D7_I210_W::L210W-299,2025-10-01,2025-10-01 06:15:00,2025-10-01 07:35:00,2025-10-01 11:25:00,2025-10-01 11:20:00,49.30434782608695,post_qc,0,49.30434782608695,49.30434782608695,48.11739130434782,post_qc,0,48.11739130434782,48.11739130434782,75,91,136,AM;MD,AM,310.0,21.75217391304348,35.17131837307153,68.15452128124008,47.708164896868055,4807.147826086957,1057.5788670820048,4.545427273287421,917.008695652174,200.0,0.4358974358974359,171.4434782608696,26.365217391304338,True,0,7,75,136,speed_mph,True,D7_I210_W,W,51.0,0.2218,False,PeMS_average_weekday,state_transition__PeMS::D7_I210_W::L210W-299__2025-10-01__290,1057.5788670820048,68.15452128124008,0.2218,PeMS_average_weekday,L210W-299,5,False,AM,measured,5.166666666666667,4807.147826086957,4.545427273287421,47.708164896868055,21.75217391304348,2025-10-01 06:15:00,2025-10-01 07:35:00,2025-10-01 11:25:00,930.4157082748949,0.0032543695683040726,0.006942312422501443,0.0033290523894540913,0.47953076537782385,220.0,23.19987774587939,40.10433668945299,5.171974082936917,0.006306025638493716,False,False,False,False,False,False,,2.133228042111776,0,False,False,False,False,False,True,0,False,D7_I210,released_monthly_average_weekday,2025-10,corridor_period,1.135069666363396,0.985918407638151,0.6309753587002819,0.771464174786203,0.5274075565658645,0.3669497941439255,0.7606007307550935,5.0505367098283145,0.007162736555794166,0.0037776813852163963,0.00728946366576859,21.29190173909265,951.8093031048118,0.899988958488718,26.46275057723766,35.96789004705826,0.005127223242791863,False,False,False,False,queue_exceeds_link,released_profile_fit,2.2009597882046426,4.923513788001303,5.173346790455242,0.0053165861661304175,0.008254601284315441,19.271942417380373,25.878172427310908,False,,,,,33.690685698586,False,280074.4117805456,307790.59690568247,,,,,,,,248.29244667629442,292.80627812806875,,,,,,,,2634.3559551736016,2902.257842821048,,,,,,,,107.05476456703899,114.34106853654117,,,,,,,,False,,460.92387220937894,-8.18216064336748,39.911221008999135,1.6577564015078012,False,True,True
state_transition,PeMS::D7_I210_W::L210W-301,2025-10-01,2025-10-01 06:10:00,2025-10-01 07:55:00,2025-10-01 11:50:00,2025-10-01 11:45:00,48.07500000000001,post_qc,0,48.07500000000001,48.07500000000001,47.02,post_qc,0,47.02,47.02,74,95,141,AM;MD,AM,340.0,18.270000000000003,31.15830108359133,66.3842287062521,46.46896009437647,6766.55197368421,1327.7630584053009,5.096204425065962,1185.15,225.0,0.5227272727272727,222.04736842105265,28.75,True,0,7,74,141,speed_mph,True,D7_I210_W,W,45.0,0.1342,False,PeMS_average_weekday,state_transition__PeMS::D7_I210_W::L210W-301__2025-10-01__291,1327.7630584053009,66.3842287062521,0.1342,PeMS_average_weekday,L210W-301,4,False,AM,measured,5.666666666666667,6766.551973684209,5.096204425065961,46.46896009437647,18.270000000000003,2025-10-01 06:10:00,2025-10-01 07:55:00,2025-10-01 11:50:00,1194.0974071207427,0.002021564498306222,0.0053238104332756055,0.002588101568588316,0.48613706311025107,220.0,29.75200377700657,40.13502472205198,6.63885453671837,0.0024890560637856217,False,False,False,False,False,False,,2.6335100550767425,0,False,False,False,False,False,True,0,False,D7_I210,released_monthly_average_weekday,2025-10,corridor_period,1.135069666363396,0.985918407638151,0.6309753587002819,0.771464174786203,0.5274075565658645,0.3669497941439255,0.7606007307550935,5.65340627534176,0.004853783112832177,0.0025599218916394747,0.004862563748734657,19.519013087074967,1196.898231637378,0.9014396236290103,30.138593947453128,39.713141021912946,0.0024311979707717576,False,False,False,False,queue_exceeds_link,released_profile_fit,2.401003340184765,5.4925312013150505,5.80318517375636,0.003504288781047255,0.005752267237297227,17.263047790041888,24.2863495849232,False,,,,,29.11273789739145,False,249452.00418527776,244992.0453934037,,,,,,,,192.30324411257476,189.42022262048224,,,,,,,,2284.533123074733,2194.2946758865555,,,,,,,,96.4815778484056,95.53180461904137,,,,,,,,False,,-1132.1274761200084,-11.224316592218289,36.25218728414835,1.4546853567386355,False,True,True
state_transition,PeMS::D7_I210_W::L210W-301,2025-10-01,2025-10-01 16:20:00,2025-10-01 17:10:00,2025-10-01 18:35:00,2025-10-01 18:30:00,46.495000000000005,post_qc,0,46.495000000000005,46.495000000000005,47.28,post_qc,0,47.28,47.28,196,206,222,PM,PM,135.0,42.19,44.4458089668616,66.3842287062521,46.46896009437647,2935.257236842105,1327.7630584053009,2.210678492868654,1285.05,75.0,0.4285714285714285,-62.25,5.090000000000003,False,0,0,196,222,speed_mph,True,D7_I210_W,W,45.0,0.1342,False,PeMS_average_weekday,state_transition__PeMS::D7_I210_W::L210W-301__2025-10-01__292,1327.7630584053009,66.3842287062521,0.1342,PeMS_average_weekday,L210W-301,4,False,PM,measured,2.25,2935.2572368421047,2.2106784928686536,46.46896009437647,42.19,2025-10-01 16:20:00,2025-10-01 17:10:00,2025-10-01 18:35:00,1304.5587719298244,0.002021564498306222,0.0011592840440023825,0.0010019477816818915,0.864281525192658,220.0,55.521628866937355,23.49640668965816,6.63885453671837,0.00039551156265774155,False,False,False,False,False,False,,0.5734588458462219,0,False,False,False,False,False,True,0,False,D7_I210,released_monthly_average_weekday,2025-10,corridor_period,1.0390021491339378,1.003480148216952,0.4909133222521189,0.3922538262169067,0.8161548147919869,0.40671971964423315,0.393618927670808,2.3032497468678717,0.0013766453633431014,0.0011235557415535363,0.0013640722073970783,39.49138089278158,1274.3981588769013,0.9598084167272336,45.45018161151139,28.03945141011556,0.0009311189727321101,False,True,False,False,queue_exceeds_link,released_profile_fit,0.6809801836629654,2.233706795475694,2.3472621280299415,0.0011699315881689278,0.002281262142038274,31.188800115735564,42.04924474594359,False,,,,,44.38546550256696,False,86312.57694254507,86312.57694254507,,,,,,,,82.11057993410257,82.11057993410257,,,,,,,,813.8694160379393,813.8694160379395,,,,,,,,32.06424229645082,32.06424229645082,,,,,,,,False,,-4861.653373905128,-18.876224275314712,26.226599998014148,1.3413439724909084,False,True,True
state_transition,PeMS::D7_I210_W::L210W-305,2025-10-01,2025-10-01 06:00:00,2025-10-01 06:40:00,2025-10-01 12:05:00,2025-10-01 12:00:00,51.502173913043485,post_qc,0,51.502173913043485,51.502173913043485,47.5108695652174,post_qc,0,47.5108695652174,47.5108695652174,72,80,144,AM;MD,AM,365.0,37.71739130434784,43.13469326980346,67.88819285179075,47.52173499625352,9158.79891304348,1541.7559590998496,5.940498467987646,1501.6304347826087,320.0,0.4444444444444444,-4.6304347826089725,9.793478260869556,False,0,3,72,144,speed_mph,True,D7_I210_W,W,57.0,0.5269,False,PeMS_average_weekday,state_transition__PeMS::D7_I210_W::L210W-305__2025-10-01__293,1541.7559590998496,67.88819285179075,0.5269,PeMS_average_weekday,L210W-305,4,False,AM,measured,6.083333333333333,9158.798913043476,5.940498467987643,47.52173499625352,37.71739130434784,2025-10-01 06:00:00,2025-10-01 06:40:00,2025-10-01 12:05:00,1505.555985705777,0.007761290702645379,0.006208392294472772,0.004520961345171612,0.7282016230186595,220.0,55.062794014068125,27.342527974899326,7.814677364341328,0.0018077841951046534,False,False,False,False,False,False,,0.7999175050042497,0,False,False,False,False,False,True,0,False,D7_I210,released_monthly_average_weekday,2025-10,corridor_period,1.135069666363396,0.985918407638151,0.6309753587002819,0.771464174786203,0.5274075565658645,0.3669497941439255,0.7606007307550935,6.575802295621742,0.02093941311080979,0.01104360470469542,0.019718937607276648,18.358434811378533,1392.803265867882,0.9033876325544197,33.343901367481266,41.770854901406864,0.008040699418218543,False,False,False,False,queue_exceeds_link,released_profile_fit,2.697929237938832,6.347049214503923,6.815584044566546,0.01457697845546928,0.02533512698945524,15.920230643678787,23.588056317217333,False,,,,,42.899298756342446,False,1113923.432722866,1094038.7587561586,,,,,,,,1083.8382735464254,1040.7771397168656,,,,,,,,10509.4076315412,10316.047988052247,,,,,,,,412.72185272418926,406.424244126286,,,,,,,,False,,-4855.224115468342,-18.90019217726951,26.14153806382779,1.3669317181992997,False,True,True
state_transition,PeMS::D7_I210_W::L210W-305,2025-10-01,2025-10-01 17:15:00,2025-10-01 17:20:00,2025-10-01 17:55:00,2025-10-01 17:50:00,47.78260869565217,post_qc,0,47.78260869565217,47.78260869565217,47.80652173913044,post_qc,0,47.80652173913044,47.80652173913044,207,208,214,PM,PM,40.0,46.66739130434783,47.23478260869565,67.88819285179075,47.52173499625352,1015.7989130434784,1541.7559590998496,0.6588584315487582,1533.1304347826087,25.0,0.25,-31.23913043478228,1.139130434782608,False,0,1,207,214,speed_mph,True,D7_I210_W,W,57.0,0.5269,False,PeMS_average_weekday,state_transition__PeMS::D7_I210_W::L210W-305__2025-10-01__294,1541.7559590998496,67.88819285179075,0.5269,PeMS_average_weekday,L210W-305,4,False,PM,measured,0.6666666666666666,1015.7989130434783,0.6588584315487581,47.52173499625352,46.66739130434783,2025-10-01 17:15:00,2025-10-01 17:20:00,2025-10-01 17:55:00,1523.6983695652175,0.007761290702645379,0.003529248264140851,0.003395245190613857,0.9620307035669492,220.0,60.896903492130484,25.020949870827508,7.814677364341328,0.0008910375732593172,False,False,False,False,False,False,,0.45472440079301923,1,False,False,False,True,False,True,2,True,D7_I210,released_monthly_average_weekday,2025-10,corridor_period,1.0390021491339378,1.003480148216952,0.4909133222521189,0.3922538262169067,0.8161548147919869,0.40671971964423315,0.393618927670808,0.683562018626162,0.003281933499031421,0.002678565827061607,0.0032498723157521584,47.71251496641675,1486.0376752427721,0.9638605036496123,49.799897108722234,29.84017561318413,0.0028190524424354527,False,True,False,False,queue_exceeds_link,released_profile_fit,0.42285924142910897,0.6588584315487581,0.7286669959217801,0.0008600170120266328,0.0037895926841664987,45.61555895610034,61.116019169030224,False,,,,,47.22792137641509,False,117977.47594020121,110218.1937483812,,,,,,,,123.09870584590584,104.85238801285179,,,,,,,,1161.577263265367,1039.2832674021936,,,,,,,,44.33931651957063,40.94493519962618,,,,,,,,False,,-5064.375900220597,-19.530976880688463,25.02386518769073,1.4983829661132777,False,True,True
state_transition,PeMS::D7_I405_N::L405N-069,2025-10-01,2025-10-01 06:00:00,2025-10-01 08:35:00,2025-10-01 11:05:00,2025-10-01 11:00:00,48.366666666666674,post_qc,0,48.366666666666674,48.366666666666674,48.46111111111112,post_qc,0,48.46111111111112,48.46111111111112,72,103,132,AM;MD,AM,305.0,30.877777777777784,36.30701275045538,67.99861554093745,47.599030878656215,6304.833333333334,1330.7003284983937,4.737981345843595,1209.0833333333333,140.0,0.4814814814814814,78.83333333333348,17.58333333333334,True,0,3,72,132,speed_mph,True,D7_I405_N,N,163.0,0.1286,False,PeMS_average_weekday,state_transition__PeMS::D7_I405_N::L405N-069__2025-10-01__295,1330.7003284983937,67.99861554093745,0.1286,PeMS_average_weekday,L405N-069,4,False,AM,measured,5.083333333333333,6304.833333333334,4.737981345843595,47.599030878656215,30.877777777777784,2025-10-01 06:00:00,2025-10-01 08:35:00,2025-10-01 11:05:00,1240.2950819672133,0.001891214975142817,0.0022735925095639115,0.0016810088430083627,0.7393624125418983,220.0,37.37361101406341,33.18638601714187,6.63921143392163,0.0015497155774764839,False,False,False,False,False,False,,1.2021861816064665,0,False,False,False,False,False,True,0,False,D7_I405,released_monthly_average_weekday,2025-10,corridor_all_periods,1.0406362711123256,1.046261768797571,0.6423927798647298,0.6520950144204359,0.6113885541347807,0.4030867476511732,0.6822620832116029,5.29842082195914,0.003603743218013402,0.0022032873555342353,0.00350766026806158,23.403271777420773,1189.9457489679091,0.8942251861549348,29.186785321315064,40.77001752224126,0.0025148886290826066,False,False,False,False,queue_exceeds_link,released_profile_fit,1.9055174929234375,5.0481762167610595,5.663922197934235,0.0019496444726577467,0.007489643893430786,13.70876639518763,33.482098085518345,False,,,,,35.99998391661738,False,208912.969446464,219042.53210445654,,,,,,,,192.2725254298912,208.37877837089255,,,,,,,,1957.171066091745,2065.4234180725994,,,,,,,,78.63637659654873,81.37206733267423,,,,,,,,False,,-2775.712685757505,-14.470420319416782,32.18114992461024,1.3185955377694056,False,True,True
state_transition,PeMS::D7_I405_N::L405N-069,2025-10-01,2025-10-01 17:15:00,2025-10-01 17:55:00,2025-10-01 18:15:00,2025-10-01 18:10:00,48.38888888888889,post_qc,0,48.38888888888889,48.38888888888889,48.30000000000001,post_qc,0,48.30000000000001,48.30000000000001,207,215,218,PM,PM,60.0,43.40000000000001,45.56851851851852,67.99861554093745,47.599030878656215,1352.1666666666667,1330.7003284983937,1.016131609580721,1315.5833333333333,10.0,0.0,-11.5,4.899999999999999,False,0,1,207,218,speed_mph,True,D7_I405_N,N,163.0,0.1286,False,PeMS_average_weekday,state_transition__PeMS::D7_I405_N::L405N-069__2025-10-01__296,1330.7003284983937,67.99861554093745,0.1286,PeMS_average_weekday,L405N-069,4,False,PM,measured,1.0,1352.1666666666667,1.016131609580721,47.599030878656215,43.40000000000001,2025-10-01 17:15:00,2025-10-01 17:55:00,2025-10-01 18:15:00,1352.1666666666667,0.001891214975142817,0.0010719186654101775,0.0009328759544040549,0.8702861369123404,220.0,82.77091009760395,16.33625467053804,6.63921143392163,-0.00033752902619826495,False,False,False,False,False,False,,0.5667883765192958,1,False,False,False,True,False,True,1,False,D7_I405,released_monthly_average_weekday,2025-10,corridor_all_periods,1.0406362711123256,1.046261768797571,0.6423927798647298,0.6520950144204359,0.6113885541347807,0.4030867476511732,0.6822620832116029,1.0582065322103424,0.0012605608339072186,0.0007706924656414679,0.0012149028452038,40.80239452017395,1277.7908900659602,0.9602394037941374,46.39973128363512,27.538756253888664,0.0008803527999782506,False,True,False,False,queue_exceeds_link,released_profile_fit,0.6665349262116678,1.016131609580721,1.1506063629472216,0.001082407171762547,0.0020501896004165503,32.628001194246885,43.24692030393198,False,,,,,45.53677739428666,False,39750.0729352935,37138.56169129073,,,,,,,,41.47161888829974,35.33052709595544,,,,,,,,391.35161275049757,350.1916011185717,,,,,,,,14.93903064393572,13.796597005832822,,,,,,,,False,,,,,,False,False,True
state_transition,PeMS::D7_I405_N::L405N-076,2025-10-01,2025-10-01 06:05:00,2025-10-01 06:30:00,2025-10-01 12:00:00,2025-10-01 11:55:00,50.96000000000001,post_qc,0,50.96000000000001,50.96000000000001,47.815,post_qc,0,47.815,47.815,73,78,143,AM;MD,AM,355.0,34.595000000000006,40.28345070422535,68.43879176243695,47.90715423370586,8035.149999999999,1349.687020011148,5.953343168354417,1367.64,305.0,0.4666666666666667,-51.47999999999979,13.219999999999992,False,0,6,73,143,speed_mph,True,D7_I405_N,N,182.0,0.0845,False,PeMS_average_weekday,state_transition__PeMS::D7_I405_N::L405N-076__2025-10-01__297,1349.687020011148,68.43879176243695,0.0845,PeMS_average_weekday,L405N-076,5,False,AM,measured,5.916666666666667,8035.1500000000015,5.953343168354419,47.90715423370586,34.595000000000006,2025-10-01 06:05:00,2025-10-01 06:30:00,2025-10-01 12:00:00,1358.0535211267606,0.0012346798916806469,0.0012078696096923835,0.0008924232150099758,0.7388406893002759,220.0,73.48939937071717,18.479583895849544,6.739036904453824,-8.485419268779111e-05,False,False,False,False,False,False,,0.9782856413480832,0,False,False,False,False,False,True,0,False,D7_I405,released_monthly_average_weekday,2025-10,corridor_all_periods,1.0406362711123256,1.046261768797571,0.6423927798647298,0.6520950144204359,0.6113885541347807,0.4030867476511732,0.6822620832116029,6.728243287229028,0.0027493218817205923,0.001680903930116267,0.0025282653672509523,21.20982991628046,1194.2418930141291,0.8848287605257292,27.91103009208111,42.78745317081501,0.00179279704919995,False,False,False,False,queue_exceeds_link,released_profile_fit,2.22674873078091,6.375494287804428,7.439625083928224,0.001370869427509711,0.006367440029522823,11.115322414108851,32.43078741355565,False,,,,,39.725389772697156,False,171746.0224108792,166225.90619834076,,,,,,,,170.57114687225422,158.1334498575224,,,,,,,,1636.773316835021,1567.398240213308,,,,,,,,63.81347000579557,61.751229323608506,,,,,,,,False,,,,,,False,False,True
state_transition,PeMS::D7_I405_N::L405N-076,2025-10-01,2025-10-01 13:25:00,2025-10-01 13:45:00,2025-10-01 14:00:00,2025-10-01 13:55:00,48.17000000000001,post_qc,0,48.17000000000001,48.17000000000001,48.675,post_qc,0,48.675,48.675,161,165,167,MD,MD,35.0,45.86000000000001,47.14571428571429,68.43879176243695,47.90715423370586,745.73,1349.687020011148,0.5525206873470863,1263.96,5.0,,,2.8149999999999906,False,0,0,161,167,speed_mph,True,D7_I405_N,N,182.0,0.0845,False,PeMS_average_weekday,state_transition__PeMS::D7_I405_N::L405N-076__2025-10-01__298,1349.687020011148,68.43879176243695,0.0845,PeMS_average_weekday,L405N-076,5,False,MD,measured,0.5833333333333334,745.73,0.5525206873470863,47.90715423370586,45.86000000000001,2025-10-01 13:25:00,2025-10-01 13:45:00,2025-10-01 14:00:00,1278.3942857142856,0.0012346798916806469,0.0006078844345295579,0.000557999572088527,0.9179369307594842,220.0,42.19102081632108,30.300150623986667,6.739036904453824,0.0007681159251798027,True,False,False,False,False,False,,0.4923417305372207,1,False,False,False,True,False,True,1,False,D7_I405,released_monthly_average_weekday,2025-10,corridor_all_periods,1.0406362711123256,1.046261768797571,0.6423927798647298,0.6520950144204359,0.6113885541347807,0.4030867476511732,0.6822620832116029,0.5594072496800979,0.0005430624463660892,0.00033202216388866014,0.0005580980879560753,47.532197547167,1333.0717476873108,0.9876895368500322,60.084522024501155,22.18660817745564,0.00017167231272804847,False,True,False,True,queue_exceeds_link,released_profile_fit,0.4398406826135901,0.5525206873470863,0.6170028127839251,0.0003786732587954116,0.0012420218014809602,34.11795695469364,52.375432963196296,False,,,,,47.13614547819702,False,14597.121425377829,13001.70885888181,,,,,,,,16.120428221239855,12.36874036616691,,,,,,,,147.7426369263902,122.5973499032159,,,,,,,,5.527932636433333,4.830002276453928,,,,,,,,False,,-3573.490504256898,-16.09393604661139,30.07320365713716,1.2852668144843313,False,True,True
state_transition,PeMS::D7_I405_N::L405N-076,2025-10-01,2025-10-01 14:40:00,2025-10-01 17:40:00,2025-10-01 18:40:00,2025-10-01 18:35:00,48.155,post_qc,0,48.155,48.155,48.69,post_qc,0,48.69,48.69,176,212,223,MD;PM,PM,240.0,37.09,43.7334375,68.43879176243695,47.90715423370586,5218.32,1349.687020011148,3.8663185780336673,1299.18,50.0,0.5555555555555556,15.240000000000007,11.599999999999994,True,0,3,176,223,speed_mph,True,D7_I405_N,N,182.0,0.0845,False,PeMS_average_weekday,state_transition__PeMS::D7_I405_N::L405N-076__2025-10-01__299,1349.687020011148,68.43879176243695,0.0845,PeMS_average_weekday,L405N-076,5,False,PM,measured,4.0,5218.32,3.8663185780336673,47.90715423370586,37.09,2025-10-01 14:40:00,2025-10-01 17:40:00,2025-10-01 18:40:00,1304.58,0.0012346798916806469,0.0010435622220966517,0.0007114276783299147,0.68173000446544,220.0,49.388830212895975,26.414474576062332,6.739036904453824,0.0004762332770612219,False,False,False,False,False,False,,0.8452087291031801,0,False,False,False,False,False,True,0,False,D7_I405,released_monthly_average_weekday,2025-10,corridor_all_periods,1.0406362711123256,1.046261768797571,0.6423927798647298,0.6520950144204359,0.6113885541347807,0.4030867476511732,0.6822620832116029,4.283177010326174,0.002047983720006304,0.0012521138054662237,0.0019586432715086905,25.741291218254226,1218.3292886143438,0.9026754133001004,31.06941034437049,39.21314486211659,0.0014850369958756269,False,False,False,False,queue_exceeds_link,released_profile_fit,1.658716347294348,4.084347499845517,4.530967857726163,0.0011608288974827921,0.0038330545225402483,16.674178804606584,35.27435231658556,False,,,,,43.420004783980886,False,102992.20986060286,98767.42432736765,,,,,,,,103.89386427875102,93.95908194834875,,,,,,,,997.8970480381349,931.3102308878398,,,,,,,,38.53926891156381,36.69109111105757,,,,,,,,False,,-4436.064747437833,-17.928835304369386,27.575030351036062,1.30357055650521,False,True,True
state_transition,PeMS::D7_I405_N::L405N-098,2025-10-01,2025-10-01 05:55:00,2025-10-01 15:25:00,2025-10-01 19:00:00,2025-10-01 18:55:00,53.07368421052631,post_qc,0,53.07368421052631,53.07368421052631,50.0,post_qc,0,50.0,50.0,71,185,227,NT;AM;MD;PM,MD,785.0,30.50526315789473,36.50928595373785,71.22904376747431,49.86033063723201,13818.166666666666,1108.078767181368,12.47038304128513,916.7368421052632,205.0,0.575,154.1052631578949,19.49473684210527,True,0,14,71,227,speed_mph,True,D7_I405_N,N,283.0,0.663,False,PeMS_average_weekday,state_transition__PeMS::D7_I405_N::L405N-098__2025-10-01__300,1108.078767181368,71.22904376747431,0.663,PeMS_average_weekday,L405N-098,6,False,MD,measured,13.083333333333334,13818.166666666666,12.47038304128513,49.86033063723201,30.50526315789473,2025-10-01 05:55:00,2025-10-01 15:25:00,2025-10-01 19:00:00,1056.1656050955412,0.00930800085094992,0.012425953600395839,0.00905935157661632,0.7290669085009078,220.0,42.02026451293663,25.134672933112626,5.419977073361097,0.006470100683748524,False,False,False,False,False,False,,1.3349755548343896,0,False,False,False,False,False,True,0,False,D7_I405,released_monthly_average_weekday,2025-10,corridor_all_periods,1.0406362711123256,1.046261768797571,0.6423927798647298,0.6520950144204359,0.6113885541347807,0.4030867476511732,0.6822620832116029,14.583981011531863,0.03432534106661865,0.020986120644903187,0.031978903662966324,15.194802205444846,947.4893484666737,0.8550740042396198,20.968774846531392,45.185727606942436,0.02231044156413815,False,False,False,False,queue_exceeds_link,released_profile_fit,3.6877243154866717,13.429910791758116,19.105609004343037,0.013224171302901438,0.11761179308609934,5.223775748852974,29.424598865941906,False,,,,,36.096655879752774,False,2413517.831662965,2468386.5114924414,,,,,,,,2264.2279731051076,2348.216854828438,,,,,,,,22551.651189704462,23275.220829075188,,,,,,,,900.2322224071195,916.9804215029948,,,,,,,,False,,-3623.5189742078155,-16.25208988241388,29.785830647631137,1.3216788803450743,False,True,True
state_transition,PeMS::D7_I405_N::L405N-115,2025-10-01,2025-10-01 14:30:00,2025-10-01 16:40:00,2025-10-01 19:40:00,2025-10-01 19:35:00,48.15882352941176,post_qc,0,48.15882352941176,48.15882352941176,48.60588235294118,post_qc,0,48.60588235294118,48.60588235294118,174,200,235,MD;PM,PM,310.0,22.700000000000003,33.25608989563567,68.30466277344011,47.81326394140808,6076.563725490197,1365.0352844325575,4.451579966312894,1138.235294117647,170.0,0.5454545454545454,245.64705882352928,25.905882352941177,True,0,1,174,235,speed_mph,True,D7_I405_N,N,334.0,0.5021,False,PeMS_average_weekday,state_transition__PeMS::D7_I405_N::L405N-115__2025-10-01__301,1365.0352844325575,68.30466277344011,0.5021,PeMS_average_weekday,L405N-115,6,False,PM,measured,5.166666666666667,6076.563725490197,4.451579966312894,47.81326394140808,22.700000000000003,2025-10-01 14:30:00,2025-10-01 16:40:00,2025-10-01 19:40:00,1176.109108159393,0.007350889084474607,0.014768053646802923,0.008500769875530544,0.5756188377180524,220.0,24.67322241604622,47.6674302337789,6.824647887249935,0.012999107828513113,False,False,False,False,False,False,,2.0090159812088153,0,False,False,False,False,False,True,0,False,D7_I405,released_monthly_average_weekday,2025-10,corridor_all_periods,1.0406362711123256,1.046261768797571,0.6423927798647298,0.6520950144204359,0.6113885541347807,0.4030867476511732,0.6822620832116029,4.963803161711738,0.013423869478144109,0.00820720015113654,0.013779120411748176,24.16875259881282,1224.1749979857643,0.8968083183979023,30.133949602311784,40.62444565487192,0.00931138076817957,False,False,False,False,queue_exceeds_link,released_profile_fit,1.8261559008550268,4.734716864796865,5.3049819468972155,0.007278651292172236,0.02647514224212256,14.843599153517165,34.32098778885959,False,,,,,31.67491814369924,False,797819.3992422932,756567.8341142688,,,,,,,,647.5617248507517,584.9546965302384,,,,,,,,7378.016135514974,6776.272134379514,,,,,,,,307.21578256556256,295.01484586405934,,,,,,,,False,,52.11210961986126,-8.964886608195009,38.96660799883389,1.6070395464806952,False,True,True
state_transition,PeMS::D7_I405_N::L405N-122,2025-10-01,2025-10-01 12:30:00,2025-10-01 17:05:00,2025-10-01 20:05:00,2025-10-01 20:00:00,51.21,post_qc,0,51.21,51.21,50.22499999999998,post_qc,0,50.22499999999998,50.22499999999998,150,205,240,MD;PM;NT,PM,455.0,20.855,34.71126373626374,70.48127511002458,49.3368925770172,8933.35,1301.56635910055,6.863537873069652,1132.85,170.0,0.5151515151515151,172.10000000000002,29.36999999999998,True,0,7,150,240,speed_mph,True,D7_I405_N,N,324.0,0.5524,False,PeMS_average_weekday,state_transition__PeMS::D7_I405_N::L405N-122__2025-10-01__302,1301.56635910055,70.48127511002458,0.5524,PeMS_average_weekday,L405N-122,6,False,PM,measured,7.583333333333333,8933.349999999999,6.863537873069651,49.3368925770172,20.855,2025-10-01 12:30:00,2025-10-01 17:05:00,2025-10-01 20:05:00,1178.0241758241757,0.007837542654239409,0.018650110186805905,0.008844364015798316,0.47422583176239336,220.0,31.333780067691496,37.59598022578979,6.45832354617184,0.009791993227056445,False,False,False,False,False,False,,2.3795864353883758,0,False,False,False,False,False,True,0,False,D7_I405,released_monthly_average_weekday,2025-10,corridor_all_periods,1.0406362711123256,1.046261768797571,0.6423927798647298,0.6520950144204359,0.6113885541347807,0.4030867476511732,0.6822620832116029,7.808132694105491,0.019231189092338823,0.0117577288934576,0.018868309144268288,20.407309997810632,1144.1083739194078,0.8790242356217982,26.701890426372863,42.847467188667565,0.012850131183804911,False,False,False,False,queue_exceeds_link,released_profile_fit,2.453726881082615,7.358514271498244,8.813311874772545,0.009099014931406527,0.04562590763125661,10.332298266985132,32.615916661551275,False,,,,,33.11372080699639,False,1306541.0890049534,1170510.012195065,,,,,,,,1143.3259063968676,905.0019021371143,,,,,,,,12068.391804217626,10483.784825369241,,,,,,,,496.70644345711685,456.4267938172878,,,,,,,,False,,-1662.292701846035,-12.305476915340972,34.8451522690604,1.4340734638614816,False,True,True
state_transition,PeMS::D7_I405_N::L405N-129,2025-10-01,2025-10-01 05:45:00,2025-10-01 08:25:00,2025-10-01 10:15:00,2025-10-01 10:10:00,50.56315789473684,post_qc,0,50.56315789473684,50.56315789473684,47.789473684210535,post_qc,0,47.789473684210535,47.789473684210535,69,101,122,NT;AM;MD,AM,270.0,17.64736842105263,31.37884990253412,68.12870262445598,47.69009183711918,5797.013157894736,1450.3524386245806,3.9969686012265018,1231.8947368421054,100.0,0.4736842105263157,85.8947368421052,30.142105263157905,True,0,4,69,122,speed_mph,True,D7_I405_N,N,126.0,0.1678,False,PeMS_average_weekday,state_transition__PeMS::D7_I405_N::L405N-129__2025-10-01__303,1450.3524386245806,68.12870262445598,0.1678,PeMS_average_weekday,L405N-129,4,False,AM,measured,4.5,5797.013157894738,3.996968601226503,47.69009183711918,17.64736842105263,2025-10-01 05:45:00,2025-10-01 08:25:00,2025-10-01 10:15:00,1288.2251461988305,0.002462985401688323,0.007045514449191489,0.0034146175358639426,0.48465127145623677,220.0,29.613455282090495,43.50134538261457,7.2987816762198605,0.003203357765685374,False,False,False,False,False,False,,2.8605587529515777,0,False,False,False,False,False,True,0,False,D7_I405,released_monthly_average_weekday,2025-10,corridor_all_periods,1.0406362711123256,1.046261768797571,0.6423927798647298,0.6520950144204359,0.6113885541347807,0.4030867476511732,0.6822620832116029,4.43472632476845,0.0041790841834821214,0.002555044236546664,0.0042190931352306124,25.263210185970078,1307.1862237626167,0.9012886722914512,31.957805518955823,40.903503933874845,0.0027876880183144736,False,False,False,False,queue_exceeds_link,released_profile_fit,1.696755563641364,4.229547413170208,4.713150959447582,0.00241235154310894,0.007886205240778014,16.213835912625804,34.41818232432159,False,,,,,28.5490533781924,False,276026.51437116263,267620.6530913174,,,,,,,,215.50273562652268,206.9159576385212,,,,,,,,2518.257208865168,2396.9699640352965,,,,,,,,105.96956194499899,104.35556755357553,,,,,,,,False,,-1179.4138632977988,-11.33529225049233,36.08663065481167,1.4627862282675252,False,True,True
state_transition,PeMS::D7_I405_N::L405N-129,2025-10-01,2025-10-01 16:10:00,2025-10-01 17:30:00,2025-10-01 18:50:00,2025-10-01 18:45:00,49.126315789473686,post_qc,0,49.126315789473686,49.126315789473686,48.16315789473684,post_qc,0,48.16315789473684,48.16315789473684,194,210,225,PM,PM,160.0,25.184210526315795,34.748519736842105,68.12870262445598,47.69009183711918,3447.7763157894738,1450.3524386245806,2.377198964866167,1235.0526315789475,70.0,0.4615384615384615,-53.21052631578959,22.978947368421046,False,0,0,194,225,speed_mph,True,D7_I405_N,N,126.0,0.1678,False,PeMS_average_weekday,state_transition__PeMS::D7_I405_N::L405N-129__2025-10-01__304,1450.3524386245806,68.12870262445598,0.1678,PeMS_average_weekday,L405N-129,4,False,PM,measured,2.6666666666666665,3447.7763157894733,2.3771989648661664,47.69009183711918,25.184210526315795,2025-10-01 16:10:00,2025-10-01 17:30:00,2025-10-01 18:50:00,1292.9161184210525,0.002462985401688323,0.00419991950949245,0.002567782716391046,0.6113885541347807,220.0,30.16698950370764,42.858639184468444,7.2987816762198605,0.0030993860102610437,False,False,False,False,False,False,,1.7052149422459006,0,False,False,False,False,False,True,0,False,D7_I405,released_monthly_average_weekday,2025-10,corridor_all_periods,1.0406362711123256,1.046261768797571,0.6423927798647298,0.6520950144204359,0.6113885541347807,0.4030867476511732,0.6822620832116029,2.5749093736191284,0.0029316917668747067,0.0017924027905183671,0.0029994013004514754,31.104734306964392,1338.9893839034414,0.9232165563656041,36.63828625202897,36.54617944444087,0.002116923135674216,False,False,False,False,queue_exceeds_link,released_profile_fit,1.190300098760267,2.3771989648661664,2.721617823760838,0.0019433999269104108,0.0048344379392158375,22.994829714637195,38.081102350275,False,,,,,33.35474743846118,False,151089.79798513954,136234.93163321022,,,,,,,,131.97065462258723,105.33260799227428,,,,,,,,1399.0644630038098,1220.2011892773514,,,,,,,,57.79857005316728,53.123230389678255,,,,,,,,False,,-1307.5934974957809,-11.58411345125656,35.78107999132447,1.4492103261243707,False,True,True
state_transition,PeMS::D7_I405_N::L405N-135,2025-10-01,2025-10-01 06:05:00,2025-10-01 08:45:00,2025-10-01 15:05:00,2025-10-01 15:00:00,52.65833333333334,post_qc,0,52.65833333333334,52.65833333333334,49.23333333333333,post_qc,0,49.23333333333333,49.23333333333333,73,105,180,AM;MD,AM,540.0,9.35,22.31288580246913,68.69298270702213,48.08508789491548,10232.604166666666,1534.53693022395,6.668203263881907,1222.375,370.0,0.547945205479452,486.0,39.883333333333326,True,0,5,73,180,speed_mph,True,D7_I405_N,N,255.0,0.0976,False,PeMS_average_weekday,state_transition__PeMS::D7_I405_N::L405N-135__2025-10-01__305,1534.53693022395,68.69298270702213,0.0976,PeMS_average_weekday,L405N-135,4,False,AM,measured,9.0,10232.604166666666,6.668203263881907,48.08508789491548,9.35,2025-10-01 06:05:00,2025-10-01 08:45:00,2025-10-01 15:05:00,1136.9560185185185,0.0014208147055757832,0.00901768796822101,0.0036645789217745564,0.40637677137297273,220.0,15.458117056454906,73.55074452898876,7.763481042370831,0.004893020261746114,False,False,False,False,False,False,,6.346843070269747,0,False,False,False,False,False,True,0,False,D7_I405,released_monthly_average_weekday,2025-10,corridor_all_periods,1.0406362711123256,1.046261768797571,0.6423927798647298,0.6520950144204359,0.6113885541347807,0.4030867476511732,0.6822620832116029,7.5757894280204745,0.003418287920030513,0.0020899021090438424,0.0038246779976988067,20.169028754121864,1350.6980709917127,0.8801991300363113,29.35086814755066,46.01901600326016,0.0019044702403192416,False,False,False,False,queue_exceeds_link,released_profile_fit,2.4058646821544944,7.151605852336805,8.601956691911539,0.0016419526760547587,0.008406945511666897,9.931055214261297,31.866610384773335,False,,,,,19.192221320899577,False,384025.2939245135,360711.2394325297,,,,,,,,257.72279179150223,212.0957739593272,,,,,,,,3486.098150201492,3261.700566647304,,,,,,,,150.4488895769799,143.1744610702816,,,,,,,,False,,2807.741347041837,-3.7415332913012445,45.1887685938906,1.9848960994024367,False,True,True
state_transition,PeMS::D7_I405_N::L405N-215,2025-10-01,2025-10-01 08:05:00,2025-10-01 08:20:00,2025-10-01 08:40:00,2025-10-01 08:35:00,48.22564102564103,post_qc,0,48.22564102564103,48.22564102564103,48.13846153846155,post_qc,0,48.13846153846155,48.13846153846155,97,100,103,AM,AM,35.0,47.22307692307693,47.706593406593406,68.56877884610519,47.99814519227363,608.4,1014.7787631870395,0.5995395470134236,1046.8615384615384,10.0,0.0,-18.03076923076924,0.9153846153846176,False,0,0,97,103,speed_mph,True,D7_I405_N,N,114.0,0.1423,False,PeMS_average_weekday,state_transition__PeMS::D7_I405_N::L405N-215__2025-10-01__306,1014.7787631870395,68.56877884610519,0.1423,PeMS_average_weekday,L405N-215,5,False,AM,measured,0.5833333333333334,608.4,0.5995395470134236,47.99814519227363,47.22307692307693,2025-10-01 08:05:00,2025-10-01 08:20:00,2025-10-01 08:40:00,1042.9714285714285,0.0020752885262748538,0.0009380686980287782,0.000907867875305725,0.9678053187506244,220.0,114.63076174488162,9.098530034133688,4.94530184517078,-0.0008339114488312081,False,False,False,False,False,False,,0.4520184476288765,1,False,False,False,True,False,True,1,False,D7_I405,released_monthly_average_weekday,2025-10,corridor_all_periods,1.0406362711123256,1.046261768797571,0.6423927798647298,0.6520950144204359,0.6113885541347807,0.4030867476511732,0.6822620832116029,0.6093099280826073,0.0009651020420897605,0.0005900523421057829,0.0009380686980287782,46.80319741833079,998.5066252153962,0.983964841833565,55.19705745119188,18.089852454514045,0.0005027474519261415,False,True,False,False,queue_exceeds_link,released_profile_fit,0.4650447539562705,0.5995395470134236,0.6697756365708393,0.0007187990581354487,0.0020311274236248524,34.65415970943803,50.928969556337115,False,,,,,47.70115302188131,False,21266.961468348592,22754.655496584095,,,,,,,,25.294103472305206,28.792486106995078,,,,,,,,223.42506437418342,246.87260022054056,,,,,,,,8.138975283447756,8.789783012100685,,,,,,,,False,,,,,,False,False,True
state_transition,PeMS::D7_I405_N::L405N-215,2025-10-01,2025-10-01 14:05:00,2025-10-01 17:30:00,2025-10-01 19:05:00,2025-10-01 19:00:00,48.0,post_qc,0,48.0,48.0,48.47692307692308,post_qc,0,48.47692307692308,48.47692307692308,169,210,228,MD;PM,PM,300.0,27.684615384615384,37.66619658119659,68.56877884610519,47.99814519227363,4638.261538461538,1014.7787631870395,4.570712067223893,930.0923076923076,85.0,0.375,28.369230769230853,20.79230769230769,True,0,8,169,228,speed_mph,True,D7_I405_N,N,114.0,0.1423,False,PeMS_average_weekday,state_transition__PeMS::D7_I405_N::L405N-215__2025-10-01__307,1014.7787631870395,68.56877884610519,0.1423,PeMS_average_weekday,L405N-215,5,False,PM,measured,5.0,4638.261538461538,4.570712067223893,47.99814519227363,27.684615384615384,2025-10-01 14:05:00,2025-10-01 17:30:00,2025-10-01 19:05:00,927.6523076923077,0.0020752885262748538,0.0030647503734195065,0.0017788189431812917,0.5804123424240154,220.0,28.61582804707089,32.41745463966268,4.94530184517078,0.0028974838766738635,False,False,False,False,False,False,,1.4767827868834886,0,False,False,False,False,False,True,0,False,D7_I405,released_monthly_average_weekday,2025-10,corridor_all_periods,1.0406362711123256,1.046261768797571,0.6423927798647298,0.6520950144204359,0.6113885541347807,0.4030867476511732,0.6822620832116029,5.102873985637508,0.003858705790146575,0.002359168553869221,0.0038077987863508506,23.98047460311958,908.9508287910571,0.895713294133574,25.109749008662984,36.19912044829539,0.0035918330347931536,False,False,False,False,queue_exceeds_link,released_profile_fit,1.8593587066531698,4.861732732631971,5.477165842314418,0.002074935839546842,0.007720870085412072,14.52610322649369,34.287324271513775,False,,,,,36.92164817087469,False,165852.20434673462,173858.22160851545,,,,,,,,153.09705479153732,165.39419755813387,,,,,,,,1556.6899916574812,1639.3658294793677,,,,,,,,62.519466474821854,64.58655667987179,,,,,,,,False,,-961.6157278033184,-10.91835296622095,36.58970269219368,1.4898505042207657,False,True,True
state_transition,PeMS::D7_I405_N::L405N-241,2025-10-01,2025-10-01 06:05:00,2025-10-01 07:45:00,2025-10-01 13:00:00,2025-10-01 12:55:00,46.63,post_qc,0,46.63,46.63,47.51499999999999,post_qc,0,47.51499999999999,47.51499999999999,73,93,155,AM;MD,AM,415.0,10.365000000000002,26.081265060240963,66.46643381268947,46.52650366888263,8600.562499999998,1635.2053670515584,5.259622230513888,1349.55,305.0,0.55,508.8,37.14999999999999,True,0,4,73,155,speed_mph,True,D7_I405_N,N,232.0,0.1442,False,PeMS_average_weekday,state_transition__PeMS::D7_I405_N::L405N-241__2025-10-01__308,1635.2053670515584,66.46643381268947,0.1442,PeMS_average_weekday,L405N-241,4,False,AM,measured,6.916666666666667,8600.5625,5.259622230513889,46.52650366888263,10.365000000000002,2025-10-01 06:05:00,2025-10-01 07:45:00,2025-10-01 13:00:00,1243.4548192771083,0.0021695161260851335,0.011742688408405939,0.004261746752461119,0.3629276877865865,220.0,17.411918679352112,71.41400337182006,8.368586862116736,0.0061121673951570876,False,False,False,False,False,False,,5.412584062970522,0,False,False,False,False,False,True,0,False,D7_I405,released_monthly_average_weekday,2025-10,corridor_all_periods,1.0406362711123256,1.046261768797571,0.6423927798647298,0.6520950144204359,0.6113885541347807,0.4030867476511732,0.6822620832116029,5.910253980684788,0.0044393977069608626,0.0027141969452880626,0.0049187650643958926,21.81901650449259,1455.1933856154692,0.8899147562359895,31.557520567696674,46.112411857383165,0.002399917638226753,False,False,False,False,queue_exceeds_link,released_profile_fit,2.046261677239387,5.618577017983662,6.396735004254796,0.0023060231745687465,0.009742345592020933,12.105585421418713,32.219581216222764,False,,,,,22.421723808092185,False,425641.9400327026,383417.5995114748,,,,,,,,306.81079996465513,225.44696041617127,,,,,,,,3893.784872023577,3467.0208878341523,,,,,,,,165.58554963662502,152.18712968655524,,,,,,,,False,,2252.790029055807,-4.7732249626035275,43.991417808828764,1.8949759790377105,False,True,True
state_transition,PeMS::D7_I405_N::L405N-273,2025-10-01,2025-10-01 13:50:00,2025-10-01 17:50:00,2025-10-01 19:40:00,2025-10-01 19:35:00,48.375000000000014,post_qc,0,48.375000000000014,48.375000000000014,48.06500000000001,post_qc,0,48.06500000000001,48.06500000000001,166,214,235,MD;PM,PM,350.0,12.77,25.1475,68.13189646750052,47.69232752725036,8053.1,1668.2476914579197,4.8272807696573,1469.4,100.0,0.4210526315789473,33.600000000000136,35.295000000000016,True,0,4,166,235,speed_mph,True,D7_I405_N,N,338.0,0.1081,False,PeMS_average_weekday,state_transition__PeMS::D7_I405_N::L405N-273__2025-10-01__309,1668.2476914579197,68.13189646750052,0.1081,PeMS_average_weekday,L405N-273,3,False,PM,measured,5.833333333333333,8053.100000000002,4.827280769657301,47.69232752725036,12.77,2025-10-01 13:50:00,2025-10-01 17:50:00,2025-10-01 19:40:00,1380.531428571429,0.0015866283723889089,0.006878524329255571,0.003509383109508382,0.5101941843226984,220.0,23.718358589843263,58.20518411263939,8.532606072697265,0.0029710225961857403,False,False,False,False,False,False,,4.335309042090879,0,False,False,False,False,False,True,0,False,D7_I405,released_monthly_average_weekday,2025-10,corridor_all_periods,1.0406362711123256,1.046261768797571,0.6423927798647298,0.6520950144204359,0.6113885541347807,0.4030867476511732,0.6822620832116029,5.402948255089939,0.0030621098372678934,0.0018721389060091058,0.0032190401241000317,23.253621762448223,1490.5010412441843,0.8934530818631622,32.8905339445905,45.31702172288166,0.0017000315578546128,False,False,False,False,queue_exceeds_link,released_profile_fit,1.929947737325171,5.137430853070363,5.816913750148866,0.00161852013126437,0.006280551196230589,13.740662099730967,33.72701297400174,False,,,,,21.21266806089562,False,308970.4891105901,284473.89275886345,,,,,,,,214.98992119049757,167.26872872282502,,,,,,,,2840.07799478918,2572.3308723833247,,,,,,,,120.9596712868652,112.91413139327396,,,,,,,,False,,318.4765193478222,-8.453901456285948,39.58481579048347,1.6394051827002865,False,True,True
state_transition,PeMS::D7_I405_S::L405S-001,2025-10-01,2025-10-01 13:45:00,2025-10-01 16:45:00,2025-10-01 16:55:00,2025-10-01 16:50:00,50.72,post_qc,0,50.72,50.72,,missing,0,,,165,201,202,MD;PM,PM,190.0,30.12,37.52057142857142,70.87225044231599,49.61057530962119,2957.1200000000003,1189.7086652585367,2.48558330821049,,0.0,,,,False,3,5,165,202,speed_mph,True,D7_I405_S,S,32.0,0.1485,False,PeMS_average_weekday,state_transition__PeMS::D7_I405_S::L405S-001__2025-10-01__310,1189.7086652585367,70.87225044231599,0.1485,PeMS_average_weekday,L405S-001,5,False,PM,measured,3.1666666666666665,2957.12,2.4855833082104897,49.61057530962119,30.12,2025-10-01 13:45:00,2025-10-01 16:45:00,2025-10-01 16:55:00,933.8273684210526,0.0020953193820318493,,,,220.0,15.43680219078245,60.49357612282259,5.8544812536209525,0.007524548655706666,False,False,True,True,False,True,incomplete_episode;invalid_observed_speed_or_flow,,0,False,False,False,False,False,False,0,False,D7_I405,released_monthly_average_weekday,2025-10,corridor_all_periods,1.0420387341457247,1.0606067942740236,0.5737011351294166,0.5014416410781618,0.7352596129135058,0.43061993778729435,0.5318324114594147,2.7370191087589246,0.001991614373438138,0.0014643536132871,0.002142687340373131,36.33530878773024,1080.4162786210425,0.9081351680213712,30.473041020278817,35.4548230976377,0.0027778404677244674,False,False,True,False,,released_profile_fit,0.9505063478708685,2.4855833082104897,2.847076467299595,0.0015505225800798114,0.003899043582839915,24.773740008218912,40.731334588476884,False,,,,,,False,,,,,,,,,,,,,,,,,,,,,,,,,,,,,,,,,,,,,False,,2747.278674167632,-3.8685706352077656,45.01801220395298,1.9850987079927465,False,False,False
state_transition,PeMS::D7_I405_S::L405S-001,2025-10-01,2025-10-01 17:20:00,2025-10-01 17:20:00,2025-10-01 19:10:00,2025-10-01 19:05:00,24.43,post_qc,0,24.43,24.43,50.36,post_qc,0,50.36,50.36,208,208,229,PM,PM,110.0,24.43,35.648888888888884,70.87225044231599,49.61057530962119,1519.88,1189.7086652585367,1.2775228460403902,993.12,80.0,0.7333333333333333,203.7600000000001,25.93,True,4,6,208,229,speed_mph,True,D7_I405_S,S,32.0,0.1485,False,PeMS_average_weekday,state_transition__PeMS::D7_I405_S::L405S-001__2025-10-01__311,1189.7086652585367,70.87225044231599,0.1485,PeMS_average_weekday,L405S-001,5,False,PM,measured,1.8333333333333333,1519.88,1.2775228460403905,49.61057530962119,24.43,2025-10-01 17:20:00,2025-10-01 17:20:00,2025-10-01 19:10:00,829.0254545454546,0.0020953193820318493,,,,220.0,10.575016401588549,78.39472044893668,5.8544812536209525,0.011947212029805277,False,False,True,True,False,True,incomplete_episode;invalid_observed_speed_or_flow,,0,False,False,False,False,False,False,0,False,D7_I405,released_monthly_average_weekday,2025-10,corridor_all_periods,1.0420387341457247,1.0606067942740236,0.5737011351294166,0.5014416410781618,0.7352596129135058,0.43061993778729435,0.5318324114594147,1.3511364258548233,0.0013978931027124805,0.001027814341594838,0.0016290565355659458,42.51101261332769,1124.8901079981008,0.9455172857412532,40.379024781284016,27.85827825439449,0.0015823325871368284,False,False,True,False,,released_profile_fit,0.6671503708217177,1.2775228460403905,1.41047207950313,0.0011257446117573322,0.002777763773206947,30.474332380891273,46.10277855085217,False,,,,,,False,,,,,,,,,,,,,,,,,,,,,,,,,,,,,,,,,,,,,False,,4467.078278861669,-0.6385688530951192,48.8188959972599,2.2413625760766056,False,False,False
state_transition,PeMS::D7_I405_S::L405S-061,2025-10-01,2025-10-01 13:30:00,2025-10-01 16:05:00,2025-10-01 18:35:00,2025-10-01 18:30:00,46.98888888888889,post_qc,0,46.98888888888889,46.98888888888889,46.66111111111112,post_qc,0,46.66111111111112,46.66111111111112,162,193,222,MD;PM,PM,305.0,32.33888888888888,38.93415300546447,66.95070852378527,46.86549596664968,5994.444444444443,1286.9180703276406,4.657984515609683,1156.3333333333333,145.0,0.5714285714285714,96.0,14.322222222222235,True,0,7,162,222,speed_mph,True,D7_I405_S,S,43.0,0.2243,False,PeMS_average_weekday,state_transition__PeMS::D7_I405_S::L405S-061__2025-10-01__312,1286.9180703276406,66.95070852378527,0.2243,PeMS_average_weekday,L405S-061,4,False,PM,measured,5.083333333333333,5994.444444444445,4.657984515609685,46.86549596664968,32.33888888888888,2025-10-01 13:30:00,2025-10-01 16:05:00,2025-10-01 18:35:00,1179.2349726775958,0.0033502259340588455,0.0035856957288856674,0.002448053595826772,0.6827276436496629,220.0,32.736504006465275,36.02201910273325,6.409652758044346,0.0035014525455888896,False,False,False,False,False,False,,1.0702847507784488,0,False,False,False,False,False,True,0,False,D7_I405,released_monthly_average_weekday,2025-10,corridor_all_periods,1.0420387341457247,1.0606067942740236,0.5737011351294166,0.5014416410781618,0.7352596129135058,0.43061993778729435,0.5318324114594147,5.328184371063546,0.004447304787346553,0.0032699235964528083,0.004343622885449339,28.765516676229648,1125.0444855097812,0.8742160914900764,25.295238941382262,44.47653126016698,0.00551705539583015,False,False,True,False,,released_profile_fit,1.327464139697164,4.825700146670127,5.598042466051269,0.003287205512640983,0.008581263445160824,18.79902042132723,33.793209829601494,True,0.9953637360072356,0.0,1.0126310900915314e-10,2.7772854040335253,38.683888702486335,True,329782.8457902788,338037.02181838435,352988.26122845104,105.21420479304764,-54.27363871477746,2062.3431188814125,416080.8514357298,384201.3696851582,0.004956592238660071,307.5554030843525,321.5802016800031,315.75299322547005,-8.666075898603934,-9.15590604628158,-169.86700638325647,439.53124896711495,372.682597524925,-0.3864731046596545,3093.2507524186176,3187.461240204519,3118.859392326713,31.00612830054151,38.75568785259152,607.7627585510335,3321.699757460054,3262.687879417773,0.1829673970942397,123.15017200875748,125.57730700092927,131.71378782459078,1.6008051962571412,1.5851830108738567,31.377983492478723,141.2352088514225,135.62173210706246,0.22216828047096904,True,flat_top_power,-1822.453237139569,-12.573487986956016,34.5814995577441,1.3878008650067895,True,True,True
state_transition,PeMS::D7_I405_S::L405S-073,2025-10-01,2025-10-01 08:00:00,2025-10-01 08:35:00,2025-10-01 09:05:00,2025-10-01 09:00:00,48.488888888888894,post_qc,0,48.488888888888894,48.488888888888894,49.50000000000001,post_qc,0,49.50000000000001,49.50000000000001,96,103,108,AM,AM,65.0,41.32777777777778,44.10940170940171,69.0090397161734,48.30632780132138,1432.1333333333334,1294.926580785216,1.1059571674441329,1313.8000000000002,20.0,0.3333333333333333,-36.40000000000032,8.172222222222224,False,0,1,96,108,speed_mph,True,D7_I405_S,S,48.0,0.243,False,PeMS_average_weekday,state_transition__PeMS::D7_I405_S::L405S-073__2025-10-01__313,1294.926580785216,69.0090397161734,0.243,PeMS_average_weekday,L405S-073,5,False,AM,measured,1.0833333333333333,1432.1333333333332,1.1059571674441326,48.30632780132138,41.32777777777778,2025-10-01 08:00:00,2025-10-01 08:35:00,2025-10-01 09:05:00,1321.9692307692308,0.003521277806493646,0.002358544750301622,0.0020089724720667684,0.8517847591443205,220.0,90.78158354432189,14.562086043848439,6.4348844150130455,-0.000844523441646494,False,False,False,False,False,False,,0.6697979767322507,0,False,False,False,False,False,True,0,False,D7_I405,released_monthly_average_weekday,2025-10,corridor_all_periods,1.0420387341457247,1.0606067942740236,0.5737011351294166,0.5014416410781618,0.7352596129135058,0.43061993778729435,0.5318324114594147,1.1595060226598937,0.0021757809084229267,0.001599763828511637,0.002102892956137831,42.653588835894325,1235.123669343291,0.9538175273182967,44.02015145983714,28.058142200400795,0.001998921282819052,False,True,False,False,queue_exceeds_link,released_profile_fit,0.6178952721113152,1.1059571674441326,1.211347578409612,0.0017327093230377927,0.00461713134240679,29.858779504886503,46.25058923833589,False,,,,,43.940145157997364,False,81690.7796598552,77027.25446110692,,,,,,,,84.24379864176493,73.27729930648835,,,,,,,,799.8168745535,726.315084405338,,,,,,,,30.65494884587969,28.6148396671712,,,,,,,,False,,,,,,False,False,True
state_transition,PeMS::D7_I405_S::L405S-073,2025-10-01,2025-10-01 11:55:00,2025-10-01 16:00:00,2025-10-01 20:00:00,2025-10-01 19:55:00,48.67222222222222,post_qc,0,48.67222222222222,48.67222222222222,49.04999999999999,post_qc,0,49.04999999999999,49.04999999999999,143,192,239,MD;PM,PM,485.0,31.44444444444445,36.87325315005728,69.0090397161734,48.30632780132138,9389.377777777778,1294.926580785216,7.250895855488779,1123.8666666666668,230.0,0.5555555555555556,92.2666666666662,17.60555555555554,True,0,7,143,239,speed_mph,True,D7_I405_S,S,48.0,0.243,False,PeMS_average_weekday,state_transition__PeMS::D7_I405_S::L405S-073__2025-10-01__314,1294.926580785216,69.0090397161734,0.243,PeMS_average_weekday,L405S-073,5,False,PM,measured,8.083333333333334,9389.377777777778,7.250895855488779,48.30632780132138,31.44444444444445,2025-10-01 11:55:00,2025-10-01 16:00:00,2025-10-01 20:00:00,1161.5725085910651,0.003521277806493646,0.004206637387852642,0.0031228333615155508,0.7423585808782202,220.0,29.415679481979275,39.48820931716608,6.4348844150130455,0.004739622647934659,True,False,False,False,False,False,,1.1946337718924402,0,False,False,False,False,False,True,0,False,D7_I405,released_monthly_average_weekday,2025-10,corridor_all_periods,1.0420387341457247,1.0606067942740236,0.5737011351294166,0.5014416410781618,0.7352596129135058,0.43061993778729435,0.5318324114594147,8.51963738939463,0.00591477035339205,0.004348891760507318,0.005760891057946897,25.75230603771564,1102.086550005733,0.8510803364137072,22.615020609819865,48.7325025707554,0.007223793099808551,False,False,True,True,,released_profile_fit,1.6797227252233622,7.89509031576043,9.067050775836393,0.0041579256075307365,0.011307643048608023,16.387050827675555,31.644138535487293,True,0.9961437313303652,-1.0424303395792675e-12,1.012632200314556e-10,2.7772854040335253,36.5737408443771,True,583925.8632342857,606722.1945746797,637253.4185190209,261.607929279947,590.848248823819,10682.337989666157,692288.9945817228,682971.3797311067,0.015430460506049742,543.2199845237892,577.1848439721651,552.0170913427071,-8.728843664050718,-7.9418383699002515,-356.4282571059408,646.8358458711086,632.7300778957961,-0.5510335572481001,5492.566697172896,5720.981294816979,5623.591988127979,27.36099791365421,40.18819425103438,1117.2422344103961,5585.249067119857,5863.829509979848,0.2000344516393293,219.7360829782241,225.39110918246297,239.88368123243657,1.4261014268336034,1.6796392087303018,58.232552395916436,239.09262163244566,244.2323879353734,0.24355645941026433,True,flat_top_power,-1169.7555731874995,-11.326799294508255,36.08140720820467,1.4708173102540645,True,True,True
state_transition,PeMS::D7_I405_S::L405S-084,2025-10-01,2025-10-01 12:15:00,2025-10-01 16:50:00,2025-10-01 20:55:00,2025-10-01 20:50:00,45.58,post_qc,0,45.58,45.58,44.486666666666665,post_qc,0,44.486666666666665,44.486666666666665,147,202,250,MD;PM;NT,PM,520.0,22.986666666666665,31.9348717948718,63.161320745407416,44.21292452178519,12665.933333333334,1702.13434305587,7.441206615098297,1397.0,235.0,0.5434782608695652,192.5999999999999,21.5,True,0,4,147,250,speed_mph,True,D7_I405_S,S,64.0,0.1653,False,PeMS_average_weekday,state_transition__PeMS::D7_I405_S::L405S-084__2025-10-01__315,1702.13434305587,63.161320745407416,0.1653,PeMS_average_weekday,L405S-084,4,False,PM,measured,8.666666666666666,12665.933333333334,7.441206615098297,44.21292452178519,22.986666666666665,2025-10-01 12:15:00,2025-10-01 16:50:00,2025-10-01 20:55:00,1461.4538461538464,0.0026171080346197367,0.004574017255403466,0.0026900127744213555,0.5881072641874138,220.0,26.941097320879972,54.24626282839586,8.817018977018957,0.0035184995106560335,False,False,False,False,False,False,,1.7477372714069355,0,False,False,False,False,False,True,0,False,D7_I405,released_monthly_average_weekday,2025-10,corridor_all_periods,1.0420387341457247,1.0606067942740236,0.5737011351294166,0.5014416410781618,0.7352596129135058,0.43061993778729435,0.5318324114594147,8.756987627933531,0.004457006477868116,0.003277056857670299,0.004433895493945456,23.366882131777455,1446.3801790618988,0.8497450186365364,25.84858561469886,55.955873200250124,0.0037778260040922983,False,False,False,False,queue_exceeds_link,released_profile_fit,1.7030273182878806,8.104250552513223,9.326375639569298,0.003118431897529455,0.008516128231287882,14.84758489304832,28.82053375543577,False,,,,,31.146831954229988,False,558517.4571892958,527972.4579244928,,,,,,,,454.8843121702705,408.2118680912621,,,,,,,,5112.307431440662,4728.835793742247,,,,,,,,214.37084310154916,205.8767320942401,,,,,,,,False,,-283.83284643778916,-9.561587045456655,38.31846915607147,1.5335786657238955,False,True,True
state_transition,PeMS::D7_I405_S::L405S-087,2025-10-01,2025-10-01 11:30:00,2025-10-01 17:10:00,2025-10-01 20:55:00,2025-10-01 20:50:00,48.54705882352941,post_qc,0,48.54705882352941,48.54705882352941,49.41764705882353,post_qc,0,49.41764705882353,49.41764705882353,138,206,250,MD;PM;NT,PM,565.0,19.16764705882353,29.87604230751029,69.4853321127462,48.63973247892234,10256.176470588236,1390.6566140712982,7.3750603612793855,993.9529411764706,215.0,0.7380952380952381,381.5999999999999,30.250000000000004,True,0,5,138,250,speed_mph,True,D7_I405_S,S,69.0,0.5872,False,PeMS_average_weekday,state_transition__PeMS::D7_I405_S::L405S-087__2025-10-01__316,1390.6566140712982,69.4853321127462,0.5872,PeMS_average_weekday,L405S-087,5,False,PM,measured,9.416666666666666,10256.176470588236,7.3750603612793855,48.63973247892234,19.16764705882353,2025-10-01 11:30:00,2025-10-01 17:10:00,2025-10-01 20:55:00,1089.1514836022907,0.008450704373798131,0.02218425035997508,0.012002513729643354,0.5410376070808478,220.0,17.186566015832756,63.37225729671263,6.953758413447601,0.02571551588562162,True,False,False,False,False,False,,2.6251362464836134,0,False,False,False,False,False,True,1,False,D7_I405,released_monthly_average_weekday,2025-10,corridor_all_periods,1.0420387341457247,1.0606067942740236,0.5737011351294166,0.5014416410781618,0.7352596129135058,0.43061993778729435,0.5318324114594147,8.67444967363217,0.014323600264594245,0.010531564786073352,0.01492558037184614,25.783443636303716,1182.343186768846,0.850204985763817,23.660763741945598,49.97062646261068,0.01636675318607839,False,False,True,True,,released_profile_fit,1.6949593348698064,8.030552003823969,9.236184220291877,0.010038694516839359,0.027373618102040715,16.391260049686593,31.758986682443986,True,0.9908280692274946,-1.1386643262265834e-12,1.0126299798685068e-10,2.7772854040335253,28.70941858783568,True,1682689.6236441687,1647639.6345123504,1680524.0258386047,-133.55346642729174,280.306901302444,-14425.58895940663,1772370.999749412,1772251.8368877359,-0.008139147481789198,1298.8234758672058,1273.9036725314936,1458.0944513997467,-9.487427049155547,-8.539330991312706,-1024.7710265759624,1605.2339175311167,1615.504910494312,-0.6383935795177327,15481.687534292498,14757.241901403642,14839.731972294489,25.268575789272127,39.462608799985915,2729.349508304226,14441.998276919549,15394.349802293453,0.18898697091427652,650.4413174497776,642.4779522701212,632.6321502998169,1.3475870627444875,1.6431082442407543,145.55771238442048,619.6730274566489,640.0028290368406,0.23489438128659457,True,flat_top_power,2215.1641321952525,-4.863624049421449,43.853912515027844,1.9028537980803126,True,True,True
state_transition,PeMS::D7_I405_S::L405S-231,2025-10-01,2025-10-01 18:05:00,2025-10-01 18:50:00,2025-10-01 19:20:00,2025-10-01 19:15:00,48.50999999999999,post_qc,0,48.50999999999999,48.50999999999999,48.40499999999999,post_qc,0,48.40499999999999,48.40499999999999,217,226,231,PM,PM,75.0,45.475,46.69766666666666,68.75625000000001,48.129375,1856.875,1676.81625,1.107381324578647,1475.25,20.0,0.6666666666666666,-4.199999999999818,2.929999999999985,False,0,1,217,231,speed_mph,True,D7_I405_S,S,59.0,0.3188,False,PeMS_average_weekday,state_transition__PeMS::D7_I405_S::L405S-231__2025-10-01__317,1676.81625,68.75625000000001,0.3188,PeMS_average_weekday,L405S-231,4,False,PM,measured,1.25,1856.875,1.107381324578647,48.129375,45.475,2025-10-01 18:05:00,2025-10-01 18:50:00,2025-10-01 19:20:00,1485.5,0.004636669393691482,0.002373775905923691,0.002192279650155978,0.9235411163645254,220.0,31.805202386001614,46.706195482466455,8.572147193235057,0.005386848021192601,True,False,False,False,False,False,,0.5119571192963168,0,False,False,False,False,False,True,0,False,D7_I405,released_monthly_average_weekday,2025-10,corridor_all_periods,1.0420387341457247,1.0606067942740236,0.5737011351294166,0.5014416410781618,0.7352596129135058,0.43061993778729435,0.5318324114594147,1.1610896899838241,0.002866937579749136,0.0021079434151335327,0.0029749971624912558,42.48623377109277,1599.2519923468353,0.9537431381326577,47.82989608515095,33.436242251074674,0.002028617928539878,False,True,False,True,queue_exceeds_link,released_profile_fit,0.6183183091832702,1.107381324578647,1.2170401088855152,0.0022968484422736055,0.005791278675244265,30.5717185399777,45.97954807780823,False,,,,,46.68361089723209,False,132627.77137974268,123325.45318202804,,,,,,,,139.1963801209384,117.32154038400499,,,,,,,,1309.4896643296693,1162.8758880723067,,,,,,,,49.8835474294472,45.81414843841817,,,,,,,,False,,-1700.4600657803294,-12.357482572695181,34.814996323303376,1.414939692763773,False,True,True
state_transition,PeMS::D7_I405_S::L405S-234,2025-10-01,2025-10-01 15:00:00,2025-10-01 16:40:00,2025-10-01 19:35:00,2025-10-01 19:30:00,46.4,post_qc,0,46.4,46.4,46.72631578947368,post_qc,0,46.72631578947368,46.72631578947368,180,200,234,MD;PM,PM,275.0,39.30526315789474,43.01090909090908,66.41896528186905,46.493275697308334,5881.705263157895,1291.3802290931148,4.55458828519342,1294.042105263158,160.0,0.4193548387096774,-40.42105263157896,7.421052631578938,False,0,7,180,234,speed_mph,True,D7_I405_S,S,60.0,0.2355,False,PeMS_average_weekday,state_transition__PeMS::D7_I405_S::L405S-234__2025-10-01__318,1291.3802290931148,66.41896528186905,0.2355,PeMS_average_weekday,L405S-234,5,False,PM,measured,4.583333333333333,5881.705263157896,4.554588285193421,46.493275697308334,39.30526315789474,2025-10-01 15:00:00,2025-10-01 16:40:00,2025-10-01 19:35:00,1283.2811483253593,0.003545674025492331,0.0024458899809350915,0.0019485062613802577,0.7966450971091192,220.0,61.99196098605464,20.700767130338704,6.438966823141793,0.0002532056397755051,False,False,False,False,False,False,,0.6898237016008458,0,False,False,False,False,False,True,0,False,D7_I405,released_monthly_average_weekday,2025-10,corridor_all_periods,1.0420387341457247,1.0606067942740236,0.5737011351294166,0.5014416410781618,0.7352596129135058,0.43061993778729435,0.5318324114594147,5.202828110660726,0.004650897992928631,0.0034196174579809065,0.004364438951710355,28.731523308858595,1130.4823334651655,0.8754062575815169,25.44349290656738,44.43109826219535,0.00571013062620365,False,False,True,False,,released_profile_fit,1.311710540644761,4.6893905344083455,5.4628588403475655,0.0034553808098708757,0.008978321244532125,18.803925972100284,33.63781870236497,True,0.9950346731290459,0.0,1.0126310900915314e-10,2.7772854040335253,42.86353699799174,True,314284.0514151508,314284.0514151508,363436.94862067926,-69.55738460080386,-68.68913407404807,-1399.0203359612076,428532.002847887,394674.35066058824,-0.0032646811128778357,298.98360864506964,298.9836086450695,324.05384428513855,-8.998488294823424,-9.178618121089368,-180.9882328039886,451.8318227881375,380.9369440696047,-0.40056548404925746,2963.486741515706,2963.486741515706,3207.5758893534157,30.11881100288512,38.735842733881455,605.7851273424892,3424.0304167644317,3361.7305522737247,0.17692165477750962,116.75332067994748,116.75332067994746,135.6563460856369,1.5678333947323126,1.5800541964991233,31.534118414858455,145.6136302094456,139.75777412630788,0.21656021053455551,True,flat_top_power,-5087.301558892959,-19.5597006463277,25.012675919308478,1.4851721052433415,True,True,True
state_transition,PeMS::D7_I405_S::L405S-336,2025-10-01,2025-10-01 07:15:00,2025-10-01 08:20:00,2025-10-01 09:50:00,2025-10-01 09:45:00,48.94736842105265,post_qc,0,48.94736842105265,48.94736842105265,50.69473684210528,post_qc,0,50.69473684210528,50.69473684210528,87,100,117,AM,AM,155.0,37.315789473684205,42.71544991511037,70.035845536502,49.0250918755514,3382.715789473684,1489.896730487227,2.270436413648257,1316.463157894737,80.0,0.7333333333333333,159.9157894736843,13.378947368421072,True,0,5,87,117,speed_mph,True,D7_I405_S,S,33.0,0.0112,False,PeMS_average_weekday,state_transition__PeMS::D7_I405_S::L405S-336__2025-10-01__319,1489.896730487227,70.035845536502,0.0112,PeMS_average_weekday,L405S-336,5,False,AM,measured,2.583333333333333,3382.7157894736833,2.270436413648257,49.0250918755514,37.315789473684205,2025-10-01 07:15:00,2025-10-01 08:20:00,2025-10-01 09:50:00,1309.4383701188453,0.0001599181092796641,0.00014022293444389023,0.00010310026050081063,0.7352596129135058,220.0,28.87826129159988,45.34339366545365,7.497216381329881,0.00022791687451341697,True,False,False,False,False,False,,0.8768421229810126,0,False,False,False,False,False,True,1,False,D7_I405,released_monthly_average_weekday,2025-10,corridor_all_periods,1.0420387341457247,1.0606067942740236,0.5737011351294166,0.5014416410781618,0.7352596129135058,0.43061993778729435,0.5318324114594147,2.4864277940172923,0.00014485769152752497,0.00010650801020007205,0.00014766167678858193,36.74832440875278,1360.472159140511,0.9131318508871474,35.30359606287071,38.53636203852159,0.00015733002544446954,False,False,True,True,,released_profile_fit,0.9058241882674992,2.270436413648257,2.591461606282079,0.00011327743711462394,0.00027797510212469327,25.57701496160148,40.9962759515692,True,0.9996763942606262,0.0,1.0126299798685068e-10,2.7772854040335253,42.58257706238522,True,8967.82380679571,8653.021264264979,9733.716555001047,-1343.5867713301404,-2466.2820834518116,-484.07594393556616,10668.106806072841,10090.741886069723,-0.04537599339181765,8.900287995335935,8.23176203699577,10.237911364886529,-12.187103200119754,-13.884673431771073,-4.3908466586029915,12.024170000513507,11.047123520970247,-0.36516837822614573,84.22512892989673,81.592157397862,86.04613378071299,47.55938846108426,32.87767555446164,17.13499742149566,90.2387857204476,81.7714013564885,0.18988506200181468,3.3056444419732873,3.2145091740039566,3.434918516449987,1.7251365331805861,1.3615618471516246,0.621543106509141,3.580705146371844,3.392148598723846,0.17358120289209536,True,flat_top_power,-1082.4390773367863,-11.1695672127118,36.255766093455094,1.4884471524545133,True,True,True
state_transition,PeMS::D7_I405_S::L405S-336,2025-10-01,2025-10-01 17:05:00,2025-10-01 17:35:00,2025-10-01 18:25:00,2025-10-01 18:20:00,50.60526315789473,post_qc,0,50.60526315789473,50.60526315789473,49.75263157894737,post_qc,0,49.75263157894737,49.75263157894737,205,211,220,PM,PM,80.0,42.12105263157896,45.76414473684211,70.035845536502,49.0250918755514,1885.8,1489.896730487227,1.2657253092859024,1416.1894736842105,40.0,0.5714285714285714,27.9157894736843,7.631578947368411,True,0,2,205,220,speed_mph,True,D7_I405_S,S,33.0,0.0112,False,PeMS_average_weekday,state_transition__PeMS::D7_I405_S::L405S-336__2025-10-01__320,1489.896730487227,70.035845536502,0.0112,PeMS_average_weekday,L405S-336,5,False,PM,measured,1.3333333333333333,1885.7999999999997,1.2657253092859022,49.0250918755514,42.12105263157896,2025-10-01 17:05:00,2025-10-01 17:35:00,2025-10-01 18:25:00,1414.35,0.0001599181092796641,0.00010598217811256372,8.532357115550101e-05,0.8050747085503263,220.0,45.114857424178076,31.349982705298714,7.497216381329881,8.833713609760857e-05,False,False,False,False,False,False,,0.6627278085637103,0,False,False,False,False,False,True,1,False,D7_I405,released_monthly_average_weekday,2025-10,corridor_all_periods,1.0420387341457247,1.0606067942740236,0.5737011351294166,0.5014416410781618,0.7352596129135058,0.43061993778729435,0.5318324114594147,1.3379065927146514,0.00010616430307826634,7.805832438655821e-05,0.00010598217811256371,42.092222107990786,1409.5154402174346,0.9460490860708809,44.054475042994625,31.994830010840644,9.431259007765312e-05,False,False,False,False,queue_exceeds_link,released_profile_fit,0.6638666724892718,1.2657253092859022,1.3970369620793999,8.558535186207763e-05,0.0002109910308109185,30.196818306559134,45.620538533707695,False,,,,,45.669235262645174,False,4975.776913426857,4497.861656970574,,,,,,,,5.327714705434595,4.278890078360894,,,,,,,,47.509508388652,42.411803353002036,,,,,,,,1.831278454931382,1.6709097456448583,,,,,,,,False,,-4006.774368786767,-17.032236279283353,28.772605088939997,1.3058066848311922,False,True,True
state_transition,PeMS::D7_I405_S::L405S-392,2025-10-01,2025-10-01 08:25:00,2025-10-01 08:50:00,2025-10-01 09:30:00,2025-10-01 09:25:00,50.19000000000001,post_qc,0,50.19000000000001,50.19000000000001,49.89500000000001,post_qc,0,49.89500000000001,49.89500000000001,101,106,113,AM,AM,65.0,39.47,44.92192307692307,71.50049999999999,50.05034999999999,7145.0,7142.391,1.0003652838384234,6507.6,35.0,0.5,101.39999999999964,10.425000000000011,True,0,5,101,113,speed_mph,True,D7_I405_S,S,67.0,0.2964,False,PeMS_average_weekday,state_transition__PeMS::D7_I405_S::L405S-392__2025-10-01__321,7142.391,71.50049999999999,0.2964,PeMS_average_weekday,L405S-392,1,False,AM,measured,1.0833333333333333,7144.999999999998,1.0003652838384232,50.05034999999999,39.47,2025-10-01 08:25:00,2025-10-01 08:50:00,2025-10-01 09:30:00,6595.384615384614,0.00414542555646464,0.00336407533028479,0.00249485221842209,0.7416160381316089,220.0,60.457424335565214,109.0913926266084,59.46684185818144,0.0007571981205688037,False,False,False,False,True,True,metadata_capacity_flag,0.8115150747403092,1,False,False,True,False,False,False,1,False,D7_I405,released_monthly_average_weekday,2025-10,corridor_all_periods,1.0420387341457247,1.0606067942740236,0.5737011351294166,0.5014416410781618,0.7352596129135058,0.43061993778729435,0.5318324114594147,1.0424424478872363,0.0024283254863665805,0.0017854496571338928,0.002475631484345645,45.08841269905237,6854.095412635088,0.959635983613203,65.438584422968,104.74088755241165,0.0003840122761784477,False,True,False,False,queue_exceeds_link,released_profile_fit,0.5857843671995738,1.0003652838384232,1.0921522178081207,0.0018900641202873817,0.005243032060395042,31.570959228869356,49.109520296692786,False,,,,,44.63668690502273,False,519578.6261581264,461428.7591170772,,,,,,,,566.5589906561938,438.9647992389015,,,,,,,,4970.554705821095,4350.9621428139135,,,,,,,,190.91546871910742,171.41607931285964,,,,,,,,False,,-4992.895525119704,-19.533045565169587,24.80638848657951,1.6021863532365863,False,False,False
state_transition,PeMS::D7_I405_S::L405S-392,2025-10-01,2025-10-01 11:25:00,2025-10-01 17:25:00,2025-10-01 21:05:00,2025-10-01 21:00:00,51.61000000000001,post_qc,0,51.61000000000001,51.61000000000001,50.775000000000006,post_qc,0,50.775000000000006,50.775000000000006,137,209,252,MD;PM;NT,PM,580.0,10.245,22.866336206896555,71.50049999999999,50.05034999999999,49030.3,7142.391,6.864689989668727,4769.7,210.0,0.7073170731707317,2040.0000000000005,40.53000000000001,True,0,2,137,252,speed_mph,True,D7_I405_S,S,67.0,0.2964,False,PeMS_average_weekday,state_transition__PeMS::D7_I405_S::L405S-392__2025-10-01__322,7142.391,71.50049999999999,0.2964,PeMS_average_weekday,L405S-392,1,False,PM,measured,9.666666666666666,49030.29999999999,6.864689989668724,50.05034999999999,10.245,2025-10-01 11:25:00,2025-10-01 17:25:00,2025-10-01 21:05:00,5072.099999999999,0.00414542555646464,0.024785760387898467,0.011081221555008354,0.44708015334557616,220.0,37.65280658913767,134.70708984182954,59.46684185818144,0.003726497597479146,False,False,False,False,True,True,metadata_capacity_flag,5.979062957540264,2,False,True,True,False,True,False,2,True,D7_I405,released_monthly_average_weekday,2025-10,corridor_all_periods,1.0420387341457247,1.0606067942740236,0.5737011351294166,0.5014416410781618,0.7352596129135058,0.43061993778729435,0.5318324114594147,8.039142082901702,0.006763393711577654,0.004972850242356225,0.007418457563420342,27.170676561515,6098.946814770397,0.8539082801222164,51.93265363324618,117.43953732543298,0.0015619662146781875,False,False,False,False,queue_exceeds_link,released_profile_fit,1.6315318221142308,7.454478066654816,8.541843906254858,0.004666034322891095,0.012944818146368955,17.34336629621083,33.63801599826135,False,,,,,19.465874386533077,False,5551320.9199544415,5175088.238502482,,,,,,,,3782.5327712798367,3042.9169520189066,,,,,,,,50332.73987404241,46795.29328370329,,,,,,,,2170.1823860639793,2054.1097380397464,,,,,,,,False,,-2940.454787759906,-14.859002677568297,31.598987790029234,1.3481520856393365,False,False,False
state_transition,PeMS::D7_I405_S::L405S-417,2025-10-01,2025-10-01 06:00:00,2025-10-01 07:55:00,2025-10-01 13:15:00,2025-10-01 13:10:00,51.72999999999999,post_qc,0,51.72999999999999,51.72999999999999,50.28500000000001,post_qc,0,50.28500000000001,50.28500000000001,72,95,158,AM;MD,AM,435.0,18.885,28.287988505747126,68.75525,48.128675,42243.55,7507.872,5.626567687888127,5764.5,310.0,0.5573770491803278,1083.6000000000004,31.40000000000001,True,0,3,72,158,speed_mph,True,D7_I405_S,S,86.0,1.0712,False,PeMS_average_weekday,state_transition__PeMS::D7_I405_S::L405S-417__2025-10-01__323,7507.872,68.75525,1.0712,PeMS_average_weekday,L405S-417,1,False,AM,measured,7.25,42243.549999999996,5.626567687888125,48.128675,18.885,2025-10-01 06:00:00,2025-10-01 07:55:00,2025-10-01 13:15:00,5826.696551724137,0.01557990117118329,0.041142365177770895,0.024405026594394613,0.593184822723332,220.0,43.48013249680408,134.0082519792785,67.75878716083402,0.009056638289195224,False,False,False,False,True,True,metadata_capacity_flag,2.640733386285411,1,False,False,True,False,False,False,2,True,D7_I405,released_monthly_average_weekday,2025-10,corridor_all_periods,1.0420387341457247,1.0606067942740236,0.5737011351294166,0.5014416410781618,0.7352596129135058,0.43061993778729435,0.5318324114594147,6.510244012818248,0.02286767210347254,0.016813675739032193,0.024135689468575246,27.86131630071232,6488.781360088068,0.8642637168145738,52.229036106539404,124.23704980601072,0.004929763181321944,False,False,False,False,queue_exceeds_link,released_profile_fit,1.4677674686261022,6.129366269274272,6.878667245853681,0.016909142461301162,0.03871711386507939,19.72899310098882,32.97113632265987,False,,,,,26.790094664674402,False,13248533.712629873,13266972.215658622,,,,,,,,9902.398405653708,10257.609901392621,,,,,,,,119436.88231671126,118826.90497647638,,,,,,,,5112.499866478657,5173.301833360972,,,,,,,,False,,-3764.2367486199355,-16.49502931774215,29.533627308536815,1.2861238443330156,False,False,False
state_transition,PeMS::D7_I405_S::L405S-425,2025-10-01,2025-10-01 08:00:00,2025-10-01 08:30:00,2025-10-01 09:15:00,2025-10-01 09:10:00,47.27368421052632,post_qc,0,47.27368421052632,47.27368421052632,58.47894736842105,post_qc,0,58.47894736842105,58.47894736842105,96,102,110,AM,AM,75.0,26.13684210526316,39.3080701754386,67.75849259270203,47.43094481489142,1568.8947368421052,1328.7339200953202,1.1807441001653336,1281.0,25.0,0.25,11.210526315789366,32.34210526315789,False,0,5,96,110,speed_mph,True,D7_I405_S,S,51.0,0.051,False,PeMS_average_weekday,state_transition__PeMS::D7_I405_S::L405S-425__2025-10-01__324,1328.7339200953202,67.75849259270203,0.051,PeMS_average_weekday,L405S-425,4,False,AM,measured,1.25,1568.8947368421054,1.1807441001653338,47.43094481489142,26.13684210526316,2025-10-01 08:00:00,2025-10-01 08:30:00,2025-10-01 09:15:00,1255.1157894736843,0.0007526731786458453,0.0011985954480154513,0.0006312483319825585,0.5266567072549243,220.0,40.86672974299722,30.7124107401512,6.630734716319388,0.00049528574345849,False,False,False,False,False,False,,1.5924513879608104,0,False,False,False,False,False,True,0,False,D7_I405,released_monthly_average_weekday,2025-10,corridor_all_periods,1.0420387341457247,1.0606067942740236,0.5737011351294166,0.5014416410781618,0.7352596129135058,0.43061993778729435,0.5318324114594147,1.2428330039925672,0.00048154252717912745,0.0003540587721351166,0.0004829329806867955,41.32178820873993,1262.3536161351315,0.9500424404342542,42.617057515090295,29.620853473709303,0.00044403074634807014,False,True,False,False,queue_exceeds_link,released_profile_fit,0.639776387469371,1.1807441001653338,1.297916582031625,0.00038641464767900967,0.001010266624383384,28.929288653123034,44.77266895970286,False,,,,,36.85180092102347,False,20498.057153284437,21116.476069328684,,,,,,,,19.463069263859907,20.088452432272504,,,,,,,,181.56236838209185,199.11413441825226,,,,,,,,7.534335748422092,7.844555557469555,,,,,,,,False,,-3350.78882732331,-15.626075420462897,30.70199780785273,1.284558132859712,False,True,True
state_transition,PeMS::D7_I405_S::L405S-425,2025-10-01,2025-10-01 12:10:00,2025-10-01 14:55:00,2025-10-01 20:15:00,2025-10-01 20:10:00,50.69473684210528,post_qc,0,50.69473684210528,50.69473684210528,48.01052631578948,post_qc,0,48.01052631578948,48.01052631578948,146,179,242,MD;PM;NT,MD,485.0,12.005263157894737,23.680629408572976,67.75849259270203,47.43094481489142,8300.026315789473,1328.7339200953202,6.246567646285458,926.0526315789474,310.0,0.5081967213114754,221.21052631578948,36.00526315789474,True,0,4,146,242,speed_mph,True,D7_I405_S,S,51.0,0.051,False,PeMS_average_weekday,state_transition__PeMS::D7_I405_S::L405S-425__2025-10-01__325,1328.7339200953202,67.75849259270203,0.051,PeMS_average_weekday,L405S-425,4,False,MD,measured,8.083333333333334,8300.026315789473,6.246567646285458,47.43094481489142,12.005263157894737,2025-10-01 12:10:00,2025-10-01 14:55:00,2025-10-01 20:15:00,1026.8073792729244,0.0007526731786458453,0.003495463603467263,0.0016342302833714096,0.4675289085403046,220.0,15.76205629559036,65.14425275591657,6.630734716319388,0.0024829452612063147,False,False,False,False,False,False,,4.6440655820312955,0,False,False,False,False,False,True,0,False,D7_I405,released_monthly_average_weekday,2025-10,corridor_all_periods,1.0420387341457247,1.0606067942740236,0.5737011351294166,0.5014416410781618,0.7352596129135058,0.43061993778729435,0.5318324114594147,7.273552663116188,0.0011679056853728098,0.0008587138821466949,0.001231390541360044,26.554494041076055,1141.1241109009193,0.8588055845063831,23.82115027982809,47.90382065920767,0.0013882813680868179,False,False,True,False,,released_profile_fit,1.5516770339472181,6.808732141582098,7.76898685783642,0.000847532210604863,0.0026897241419092744,14.815256709465416,31.870925711427876,True,0.9991081091830897,-9.214880320784184e-13,1.0126299798685068e-10,2.7772854040335253,21.366595177208442,True,147132.0432412678,137329.31366723587,115987.97937005635,-486.98180993476626,305.9892419858404,-3470.8887411997057,125319.25567633851,123852.09987117295,-0.02769637213744674,99.87197336189837,80.74870945351772,101.08677385721742,-10.165896333155446,-8.474402130275518,-72.45587906390011,117.11170725836632,114.92038197825148,-0.6186903150856761,1333.835509123604,1241.7885866555941,1024.7037198932526,23.39713466832153,39.565348580434815,166.75951676200978,1010.9931222850239,1068.1800733515763,0.16494624254723284,57.5344794731281,54.509115114878206,43.610983364823554,1.277364612011679,1.6355272309453128,9.104221882193443,43.27788232265988,44.444675084767816,0.21036662132210107,True,flat_top_power,2738.4701530712296,-3.866439645076894,45.04997899707884,1.9710250228744977,True,True,True
