detector,sensor_uid,date,t0_timestamp,t2_timestamp,t3_timestamp,t3_last_sample_timestamp,t0_boundary_speed_mph,t0_boundary_speed_source,t0_boundary_shift_intervals,original_t0_speed_post_qc_mph,original_t0_speed_pre_qc_mph,t3_boundary_speed_mph,t3_boundary_speed_source,t3_boundary_shift_intervals,original_t3_speed_post_qc_mph,original_t3_speed_pre_qc_mph,t0_index,t2_index,t3_index,time_period_tag,calibration_period,duration_min,min_speed_mph,mean_speed_mph,freeflow_speed_mph,threshold_used,episode_demand,per_lane_hourly_capacity,demand_capacity_ratio,mu_obs_vphpl,discharge_duration_min,discharge_positive_dq_share,discharge_net_dq,discharge_speed_gain_mph,is_valid_for_mu,n_episode_missing_speeds,n_episode_flagged_speeds,_start_idx,_end_idx,detection_speed_column,detection_smoothing,corridor,direction,road_order,length_mi,flow_synthetic,source_format,episode_id,C_vphpl,vf_mph,L_mi,dataset,sensor,lanes,holdout,period,flow_source,P_h,D_veh,x_h,vco_mph,vt2_obs_mph,t0,t2,t3
state_transition,AZ_I10_W::137,2016-01-01,2016-01-01 14:40:00,2016-01-01 17:35:00,2016-01-01 19:30:00,2016-01-01 19:25:00,53.79885649887718,post_qc,0,53.79885649887718,53.79885649887718,51.18702619127931,post_qc,0,51.18702619127931,51.18702619127931,176,211,233,MD;PM,PM,290.0,12.400696294004609,24.595801225439644,73.14105520230916,51.19873864161641,4549.350000000001,1053.9320316822814,4.316549704574735,922.5,110.0,0.6190476190476191,201.39999999999998,38.7863298972747,True,0,4,176,233,speed_mph,True,AZ_I10_W,W,143.346,1.2949999999999875,False,I10_monthly_average_weekday,state_transition__AZ_I10_W::137__2016-01-01__001,1053.9320316822814,73.14105520230916,1.2949999999999875,I10_monthly_average_weekday,137,4,False,PM,measured,4.833333333333333,4549.350000000001,4.316549704574735,51.19873864161641,12.400696294004609,2016-01-01 14:40:00,2016-01-01 17:35:00,2016-01-01 19:30:00
state_transition,AZ_I10_W::137,2016-02-01,2016-02-01 14:35:00,2016-02-01 17:50:00,2016-02-01 19:50:00,2016-02-01 19:45:00,51.92438098682512,post_qc,0,51.92438098682512,51.92438098682512,49.71540768304587,post_qc,0,49.71540768304587,49.71540768304587,175,214,237,MD;PM,PM,315.0,11.340375276362249,25.75601347689021,73.14105520230916,51.19873864161641,4656.882352941177,1053.9320316822814,4.418579389325403,973.7647058823529,110.0,0.6190476190476191,344.2941176470588,38.375032406683616,True,0,8,175,237,speed_mph,True,AZ_I10_W,W,143.346,1.2949999999999875,False,I10_monthly_average_weekday,state_transition__AZ_I10_W::137__2016-02-01__002,1053.9320316822814,73.14105520230916,1.2949999999999875,I10_monthly_average_weekday,137,4,False,PM,measured,5.25,4656.882352941177,4.418579389325403,51.19873864161641,11.340375276362249,2016-02-01 14:35:00,2016-02-01 17:50:00,2016-02-01 19:50:00
state_transition,AZ_I10_W::137,2016-03-01,2016-03-01 13:30:00,2016-03-01 17:40:00,2016-03-01 19:50:00,2016-03-01 19:45:00,55.406013934986234,post_qc,0,55.406013934986234,55.406013934986234,62.04249681272097,post_qc,0,62.04249681272097,62.04249681272097,162,212,237,MD;PM,PM,380.0,12.530230455392319,29.2584114396872,73.14105520230916,51.19873864161641,5716.187500000001,1053.9320316822814,5.423677550511345,886.2,115.0,0.6818181818181818,436.79999999999995,49.51226635732865,True,0,4,162,237,speed_mph,True,AZ_I10_W,W,143.346,1.2949999999999875,False,I10_monthly_average_weekday,state_transition__AZ_I10_W::137__2016-03-01__003,1053.9320316822814,73.14105520230916,1.2949999999999875,I10_monthly_average_weekday,137,4,False,PM,measured,6.333333333333333,5716.187500000001,5.423677550511345,51.19873864161641,12.530230455392319,2016-03-01 13:30:00,2016-03-01 17:40:00,2016-03-01 19:50:00
state_transition,AZ_I10_W::137,2016-04-01,2016-04-01 14:50:00,2016-04-01 17:35:00,2016-04-01 19:15:00,2016-04-01 19:10:00,53.79430615562249,post_qc,0,53.79430615562249,53.79430615562249,71.81814927296627,post_qc,0,71.81814927296627,71.81814927296627,178,211,230,MD;PM,PM,265.0,16.884458619239737,33.61251011675844,73.14105520230916,51.19873864161641,3623.4999999999995,1053.9320316822814,3.438077495582126,819.5,70.0,0.6153846153846154,327.0,54.93369065372653,True,0,6,178,230,speed_mph,True,AZ_I10_W,W,143.346,1.2949999999999875,False,I10_monthly_average_weekday,state_transition__AZ_I10_W::137__2016-04-01__004,1053.9320316822814,73.14105520230916,1.2949999999999875,I10_monthly_average_weekday,137,4,False,PM,measured,4.416666666666667,3623.4999999999995,3.438077495582126,51.19873864161641,16.884458619239737,2016-04-01 14:50:00,2016-04-01 17:35:00,2016-04-01 19:15:00
state_transition,AZ_I10_W::137,2016-06-01,2016-06-01 14:55:00,2016-06-01 17:40:00,2016-06-01 19:00:00,2016-06-01 18:55:00,54.04057439525431,post_qc,0,54.04057439525431,54.04057439525431,52.300472680211826,post_qc,0,52.300472680211826,52.300472680211826,179,212,227,MD;PM,PM,245.0,26.24569894278272,35.787284772102694,73.14105520230916,51.19873864161641,3160.8333333333335,1053.9320316822814,2.999086504931467,823.375,70.0,0.46153846153846156,220.25,26.054773737429105,True,0,3,179,227,speed_mph,True,AZ_I10_W,W,143.346,1.2949999999999875,False,I10_monthly_average_weekday,state_transition__AZ_I10_W::137__2016-06-01__005,1053.9320316822814,73.14105520230916,1.2949999999999875,I10_monthly_average_weekday,137,4,False,PM,measured,4.083333333333333,3160.8333333333335,2.999086504931467,51.19873864161641,26.24569894278272,2016-06-01 14:55:00,2016-06-01 17:40:00,2016-06-01 19:00:00
state_transition,AZ_I10_W::137,2016-08-01,2016-08-01 14:45:00,2016-08-01 17:45:00,2016-08-01 19:05:00,2016-08-01 19:00:00,51.303570518661935,post_qc,0,51.303570518661935,51.303570518661935,50.9590228308776,post_qc,0,50.9590228308776,50.9590228308776,177,213,228,MD;PM,PM,260.0,17.949905213834867,32.37744820730173,73.14105520230916,51.19873864161641,3467.4444444444443,1053.9320316822814,3.29000764775099,828.75,70.0,0.6923076923076923,276.0,33.00911761704273,True,0,8,177,228,speed_mph,True,AZ_I10_W,W,143.346,1.2949999999999875,False,I10_monthly_average_weekday,state_transition__AZ_I10_W::137__2016-08-01__006,1053.9320316822814,73.14105520230916,1.2949999999999875,I10_monthly_average_weekday,137,4,False,PM,measured,4.333333333333333,3467.4444444444443,3.29000764775099,51.19873864161641,17.949905213834867,2016-08-01 14:45:00,2016-08-01 17:45:00,2016-08-01 19:05:00
state_transition,AZ_I10_W::137,2016-09-01,2016-09-01 14:40:00,2016-09-01 17:50:00,2016-09-01 19:20:00,2016-09-01 19:15:00,51.365934093955445,post_qc,0,51.365934093955445,51.365934093955445,52.050355224048666,post_qc,0,52.050355224048666,52.050355224048666,176,214,231,MD;PM,PM,280.0,18.078875926321576,30.09904819305181,73.14105520230916,51.19873864161641,3610.421052631579,1053.9320316822814,3.4256678268603737,820.3421052631579,80.0,0.7333333333333333,304.8947368421052,33.971479297727086,True,0,5,176,231,speed_mph,True,AZ_I10_W,W,143.346,1.2949999999999875,False,I10_monthly_average_weekday,state_transition__AZ_I10_W::137__2016-09-01__007,1053.9320316822814,73.14105520230916,1.2949999999999875,I10_monthly_average_weekday,137,4,False,PM,measured,4.666666666666667,3610.421052631579,3.4256678268603737,51.19873864161641,18.078875926321576,2016-09-01 14:40:00,2016-09-01 17:50:00,2016-09-01 19:20:00
state_transition,AZ_I10_W::137,2016-11-01,2016-11-01 14:30:00,2016-11-01 17:45:00,2016-11-01 19:50:00,2016-11-01 19:45:00,52.572296329776385,post_qc,0,52.572296329776385,52.572296329776385,72.50603109835467,post_qc,0,72.50603109835467,72.50603109835467,174,213,237,MD;PM,PM,320.0,13.602349003738126,31.023892754844695,73.14105520230916,51.19873864161641,4334.788461538461,1053.9320316822814,4.112967754305078,828.9230769230769,90.0,0.6470588235294118,406.1538461538462,58.90368209461654,True,0,5,174,237,speed_mph,True,AZ_I10_W,W,143.346,1.2949999999999875,False,I10_monthly_average_weekday,state_transition__AZ_I10_W::137__2016-11-01__008,1053.9320316822814,73.14105520230916,1.2949999999999875,I10_monthly_average_weekday,137,4,False,PM,measured,5.333333333333333,4334.788461538461,4.112967754305078,51.19873864161641,13.602349003738126,2016-11-01 14:30:00,2016-11-01 17:45:00,2016-11-01 19:50:00
state_transition,AZ_I10_W::137,2016-12-01,2016-12-01 14:05:00,2016-12-01 17:30:00,2016-12-01 19:45:00,2016-12-01 19:40:00,55.05645522155454,post_qc,0,55.05645522155454,55.05645522155454,67.4900478146004,post_qc,0,67.4900478146004,67.4900478146004,169,210,236,MD;PM,PM,340.0,12.150761501999911,24.949315240561646,73.14105520230916,51.19873864161641,4359.055555555556,1053.9320316822814,4.135993047481109,715.0,105.0,0.7,448.33333333333326,55.33928631260049,True,0,2,169,236,speed_mph,True,AZ_I10_W,W,143.346,1.2949999999999875,False,I10_monthly_average_weekday,state_transition__AZ_I10_W::137__2016-12-01__009,1053.9320316822814,73.14105520230916,1.2949999999999875,I10_monthly_average_weekday,137,4,False,PM,measured,5.666666666666667,4359.055555555556,4.135993047481109,51.19873864161641,12.150761501999911,2016-12-01 14:05:00,2016-12-01 17:30:00,2016-12-01 19:45:00
state_transition,AZ_I10_W::139,2016-01-01,2016-01-01 14:05:00,2016-01-01 17:25:00,2016-01-01 19:50:00,2016-01-01 19:45:00,48.76275555045543,post_qc,0,48.76275555045543,48.76275555045543,65.66240806339137,post_qc,0,65.66240806339137,65.66240806339137,169,209,237,MD;PM,PM,345.0,13.65761290131204,28.795540883498234,69.02253302035383,48.31577311424768,6725.711111111112,1592.4124346206372,4.223598714056379,1055.4666666666667,95.0,0.7222222222222222,209.46666666666658,52.004795162079326,True,0,6,169,237,speed_mph,True,AZ_I10_W,W,146.823,1.1140000000000043,False,I10_monthly_average_weekday,state_transition__AZ_I10_W::139__2016-01-01__010,1592.4124346206372,69.02253302035383,1.1140000000000043,I10_monthly_average_weekday,139,6,False,PM,measured,5.75,6725.711111111112,4.223598714056379,48.31577311424768,13.65761290131204,2016-01-01 14:05:00,2016-01-01 17:25:00,2016-01-01 19:50:00
state_transition,AZ_I10_W::139,2016-02-01,2016-02-01 13:40:00,2016-02-01 17:15:00,2016-02-01 19:20:00,2016-02-01 19:15:00,51.81401419918606,post_qc,0,51.81401419918606,51.81401419918606,50.75877377324616,post_qc,0,50.75877377324616,50.75877377324616,164,207,231,MD;PM,PM,340.0,12.67732138988274,24.66502565734716,69.02253302035383,48.31577311424768,6823.916666666666,1592.4124346206372,4.285269643911276,1068.3333333333333,115.0,0.7727272727272727,310.33333333333326,38.08145238336342,True,0,10,164,231,speed_mph,True,AZ_I10_W,W,146.823,1.1140000000000043,False,I10_monthly_average_weekday,state_transition__AZ_I10_W::139__2016-02-01__011,1592.4124346206372,69.02253302035383,1.1140000000000043,I10_monthly_average_weekday,139,6,False,PM,measured,5.666666666666667,6823.916666666666,4.285269643911276,48.31577311424768,12.67732138988274,2016-02-01 13:40:00,2016-02-01 17:15:00,2016-02-01 19:20:00
state_transition,AZ_I10_W::139,2016-03-01,2016-03-01 11:40:00,2016-03-01 17:10:00,2016-03-01 19:05:00,2016-03-01 19:00:00,48.9875126940428,post_qc,0,48.9875126940428,48.9875126940428,51.44400912258793,post_qc,0,51.44400912258793,51.44400912258793,140,206,228,MD;PM,PM,445.0,12.565516975565743,28.611629135500685,69.02253302035383,48.31577311424768,9372.798245614036,1592.4124346206372,5.885911238721853,987.578947368421,100.0,0.7368421052631579,280.0000000000001,38.878492147022186,True,0,8,140,228,speed_mph,True,AZ_I10_W,W,146.823,1.1140000000000043,False,I10_monthly_average_weekday,state_transition__AZ_I10_W::139__2016-03-01__012,1592.4124346206372,69.02253302035383,1.1140000000000043,I10_monthly_average_weekday,139,6,False,PM,measured,7.416666666666667,9372.798245614036,5.885911238721853,48.31577311424768,12.565516975565743,2016-03-01 11:40:00,2016-03-01 17:10:00,2016-03-01 19:05:00
state_transition,AZ_I10_W::139,2016-04-01,2016-04-01 13:35:00,2016-04-01 16:25:00,2016-04-01 18:55:00,2016-04-01 18:50:00,48.565293253107214,post_qc,0,48.565293253107214,48.565293253107214,51.31436168505209,post_qc,0,51.31436168505209,51.31436168505209,163,197,226,MD;PM,PM,320.0,15.124389625678248,27.388374669883998,69.02253302035383,48.31577311424768,6422.898148148148,1592.4124346206372,4.033438830611923,1016.1666666666666,140.0,0.4074074074074074,120.1111111111112,36.189972059373844,True,0,2,163,226,speed_mph,True,AZ_I10_W,W,146.823,1.1140000000000043,False,I10_monthly_average_weekday,state_transition__AZ_I10_W::139__2016-04-01__013,1592.4124346206372,69.02253302035383,1.1140000000000043,I10_monthly_average_weekday,139,6,False,PM,measured,5.333333333333333,6422.898148148148,4.033438830611923,48.31577311424768,15.124389625678248,2016-04-01 13:35:00,2016-04-01 16:25:00,2016-04-01 18:55:00
state_transition,AZ_I10_W::139,2016-06-01,2016-06-01 12:50:00,2016-06-01 16:00:00,2016-06-01 18:35:00,2016-06-01 18:30:00,49.72385124942779,post_qc,0,49.72385124942779,49.72385124942779,46.206353076079644,post_qc,0,46.206353076079644,46.206353076079644,154,192,222,MD;PM,PM,345.0,17.40516289981496,30.250776069462603,69.02253302035383,48.31577311424768,7246.273809523809,1592.4124346206372,4.55050064416892,1065.7142857142858,145.0,0.5,52.0,28.801190176264683,True,0,7,154,222,speed_mph,True,AZ_I10_W,W,146.823,1.1140000000000043,False,I10_monthly_average_weekday,state_transition__AZ_I10_W::139__2016-06-01__014,1592.4124346206372,69.02253302035383,1.1140000000000043,I10_monthly_average_weekday,139,6,False,PM,measured,5.75,7246.273809523809,4.55050064416892,48.31577311424768,17.40516289981496,2016-06-01 12:50:00,2016-06-01 16:00:00,2016-06-01 18:35:00
state_transition,AZ_I10_W::141,2016-01-01,2016-01-01 15:55:00,2016-01-01 16:55:00,2016-01-01 18:15:00,2016-01-01 18:10:00,55.426790610056436,post_qc,0,55.426790610056436,55.426790610056436,65.71152675326904,post_qc,0,65.71152675326904,65.71152675326904,191,203,218,MD;PM,PM,140.0,26.066771462038055,44.69169034420166,68.64155652998684,48.04908957099079,1466.08,947.6240526315789,1.5471114266555963,609.84,40.0,0.2857142857142857,-63.12000000000012,39.644755291230986,False,0,1,191,218,speed_mph,True,AZ_I10_W,W,147.937,1.1140000000000043,False,I10_monthly_average_weekday,state_transition__AZ_I10_W::141__2016-01-01__015,947.6240526315789,68.64155652998684,1.1140000000000043,I10_monthly_average_weekday,141,5,False,PM,measured,2.3333333333333335,1466.08,1.5471114266555963,48.04908957099079,26.066771462038055,2016-01-01 15:55:00,2016-01-01 16:55:00,2016-01-01 18:15:00
state_transition,AZ_I10_W::141,2016-02-01,2016-02-01 14:55:00,2016-02-01 18:00:00,2016-02-01 18:40:00,2016-02-01 18:35:00,53.95252473221513,post_qc,0,53.95252473221513,53.95252473221513,65.25003470148718,post_qc,0,65.25003470148718,65.25003470148718,179,216,223,MD;PM,PM,225.0,25.496867110749406,37.04144998039551,68.64155652998684,48.04908957099079,2464.9076923076923,947.6240526315789,2.601145132885318,559.5692307692307,20.0,1.0,46.15384615384619,39.753167590737775,False,0,2,179,223,speed_mph,True,AZ_I10_W,W,147.937,1.1140000000000043,False,I10_monthly_average_weekday,state_transition__AZ_I10_W::141__2016-02-01__016,947.6240526315789,68.64155652998684,1.1140000000000043,I10_monthly_average_weekday,141,5,False,PM,measured,3.75,2464.9076923076923,2.601145132885318,48.04908957099079,25.496867110749406,2016-02-01 14:55:00,2016-02-01 18:00:00,2016-02-01 18:40:00
state_transition,AZ_I10_W::141,2016-03-01,2016-03-01 14:30:00,2016-03-01 17:30:00,2016-03-01 18:45:00,2016-03-01 18:40:00,49.569115807884366,post_qc,0,49.569115807884366,49.569115807884366,66.2818072262163,post_qc,0,66.2818072262163,66.2818072262163,174,210,224,MD;PM,PM,255.0,18.033326451404893,29.614933206706397,68.64155652998684,48.04908957099079,2724.5578947368417,947.6240526315789,2.875146411882082,553.8315789473684,50.0,0.4444444444444444,-3.6631578947368553,48.24848077481141,False,0,5,174,224,speed_mph,True,AZ_I10_W,W,147.937,1.1140000000000043,False,I10_monthly_average_weekday,state_transition__AZ_I10_W::141__2016-03-01__017,947.6240526315789,68.64155652998684,1.1140000000000043,I10_monthly_average_weekday,141,5,False,PM,measured,4.25,2724.5578947368417,2.875146411882082,48.04908957099079,18.033326451404893,2016-03-01 14:30:00,2016-03-01 17:30:00,2016-03-01 18:45:00
state_transition,AZ_I10_W::141,2016-06-01,2016-06-01 14:50:00,2016-06-01 16:10:00,2016-06-01 17:05:00,2016-06-01 17:00:00,51.9545108670068,post_qc,0,51.9545108670068,51.9545108670068,66.51508047816749,post_qc,0,66.51508047816749,66.51508047816749,178,194,204,MD;PM,PM,135.0,33.283368898039456,45.250253328944986,68.64155652998684,48.04908957099079,1491.4666666666665,947.6240526315789,1.5739012349093726,639.6,30.0,0.2,-45.0,33.231711580128035,False,0,1,178,204,speed_mph,True,AZ_I10_W,W,147.937,1.1140000000000043,False,I10_monthly_average_weekday,state_transition__AZ_I10_W::141__2016-06-01__018,947.6240526315789,68.64155652998684,1.1140000000000043,I10_monthly_average_weekday,141,5,False,PM,measured,2.25,1491.4666666666665,1.5739012349093726,48.04908957099079,33.283368898039456,2016-06-01 14:50:00,2016-06-01 16:10:00,2016-06-01 17:05:00
state_transition,AZ_I10_W::141,2016-08-01,2016-08-01 15:30:00,2016-08-01 16:45:00,2016-08-01 19:35:00,2016-08-01 19:30:00,45.372420994407264,post_qc,0,45.372420994407264,45.372420994407264,68.96347147688412,post_qc,0,68.96347147688412,68.96347147688412,186,201,234,MD;PM,PM,245.0,35.87358507016269,47.33458735357014,68.64155652998684,48.04908957099079,2393.2000000000003,947.6240526315789,2.525474098461321,552.4235294117648,125.0,0.5,16.941176470588402,33.08988640672143,True,0,7,186,234,speed_mph,True,AZ_I10_W,W,147.937,1.1140000000000043,False,I10_monthly_average_weekday,state_transition__AZ_I10_W::141__2016-08-01__019,947.6240526315789,68.64155652998684,1.1140000000000043,I10_monthly_average_weekday,141,5,False,PM,measured,4.083333333333333,2393.2000000000003,2.525474098461321,48.04908957099079,35.87358507016269,2016-08-01 15:30:00,2016-08-01 16:45:00,2016-08-01 19:35:00
state_transition,AZ_I10_W::141,2016-09-01,2016-09-01 14:35:00,2016-09-01 15:35:00,2016-09-01 17:35:00,2016-09-01 17:30:00,52.98746592029912,post_qc,0,52.98746592029912,52.98746592029912,62.76262525740769,post_qc,0,62.76262525740769,62.76262525740769,175,187,210,MD;PM,MD,180.0,26.914142764956928,40.52848857171668,68.64155652998684,48.04908957099079,2074.6857142857143,947.6240526315789,2.1893552707154837,653.657142857143,95.0,0.4444444444444444,-88.4571428571428,35.84848249245076,False,0,2,175,210,speed_mph,True,AZ_I10_W,W,147.937,1.1140000000000043,False,I10_monthly_average_weekday,state_transition__AZ_I10_W::141__2016-09-01__020,947.6240526315789,68.64155652998684,1.1140000000000043,I10_monthly_average_weekday,141,5,False,MD,measured,3.0,2074.6857142857143,2.1893552707154837,48.04908957099079,26.914142764956928,2016-09-01 14:35:00,2016-09-01 15:35:00,2016-09-01 17:35:00
state_transition,AZ_I10_W::141,2016-11-01,2016-11-01 14:40:00,2016-11-01 15:00:00,2016-11-01 15:15:00,2016-11-01 15:10:00,46.822835785112154,post_qc,0,46.822835785112154,46.822835785112154,49.56997446053489,post_qc,0,49.56997446053489,49.56997446053489,176,180,182,MD,MD,35.0,39.881738700893,45.01044309970875,68.64155652998684,48.04908957099079,490.20000000000005,947.6240526315789,0.5172937502363946,743.2615384615384,5.0,,,9.688235759641884,False,0,2,176,182,speed_mph,True,AZ_I10_W,W,147.937,1.1140000000000043,False,I10_monthly_average_weekday,state_transition__AZ_I10_W::141__2016-11-01__021,947.6240526315789,68.64155652998684,1.1140000000000043,I10_monthly_average_weekday,141,5,False,MD,measured,0.5833333333333334,490.20000000000005,0.5172937502363946,48.04908957099079,39.881738700893,2016-11-01 14:40:00,2016-11-01 15:00:00,2016-11-01 15:15:00
state_transition,AZ_I10_W::141,2016-11-01,2016-11-01 15:45:00,2016-11-01 17:40:00,2016-11-01 19:05:00,2016-11-01 19:00:00,51.84938179446325,post_qc,0,51.84938179446325,51.84938179446325,67.2734763072907,post_qc,0,67.2734763072907,67.2734763072907,189,212,228,MD;PM,PM,200.0,22.62841559086655,36.711569247763535,68.64155652998684,48.04908957099079,2089.9692307692308,947.6240526315789,2.2054835195089515,593.5384615384614,60.0,0.45454545454545453,-41.723076923076974,44.64506071642414,False,0,3,189,228,speed_mph,True,AZ_I10_W,W,147.937,1.1140000000000043,False,I10_monthly_average_weekday,state_transition__AZ_I10_W::141__2016-11-01__022,947.6240526315789,68.64155652998684,1.1140000000000043,I10_monthly_average_weekday,141,5,False,PM,measured,3.3333333333333335,2089.9692307692308,2.2054835195089515,48.04908957099079,22.62841559086655,2016-11-01 15:45:00,2016-11-01 17:40:00,2016-11-01 19:05:00
state_transition,AZ_I10_W::141,2016-12-01,2016-12-01 15:20:00,2016-12-01 16:25:00,2016-12-01 18:45:00,2016-12-01 18:40:00,54.7376359388246,post_qc,0,54.7376359388246,54.7376359388246,66.88082733753437,post_qc,0,66.88082733753437,66.88082733753437,184,197,224,MD;PM,PM,205.0,27.196418601850073,45.549085272902275,68.64155652998684,48.04908957099079,2118.3777777777777,947.6240526315789,2.235462229873738,614.5333333333333,70.0,0.46153846153846156,-6.133333333333439,39.6844087356843,False,0,2,184,224,speed_mph,True,AZ_I10_W,W,147.937,1.1140000000000043,False,I10_monthly_average_weekday,state_transition__AZ_I10_W::141__2016-12-01__023,947.6240526315789,68.64155652998684,1.1140000000000043,I10_monthly_average_weekday,141,5,False,PM,measured,3.4166666666666665,2118.3777777777777,2.235462229873738,48.04908957099079,27.196418601850073,2016-12-01 15:20:00,2016-12-01 16:25:00,2016-12-01 18:45:00
state_transition,AZ_I10_W::78,2016-01-01,2016-01-01 14:45:00,2016-01-01 17:30:00,2016-01-01 19:30:00,2016-01-01 19:25:00,46.639173194262995,post_qc,0,46.639173194262995,46.639173194262995,52.03397765983085,post_qc,0,52.03397765983085,52.03397765983085,177,210,233,MD;PM,PM,285.0,9.921443223835361,24.06785059280027,64.16137486955441,44.91296240868808,5257.753846153846,1501.6157386990858,3.50139766829353,1077.1384615384616,100.0,0.6842105263157895,319.20000000000005,42.11253443599549,True,0,11,177,233,speed_mph,True,AZ_I10_W,W,144.641,1.0400000000000205,False,I10_monthly_average_weekday,state_transition__AZ_I10_W::78__2016-01-01__024,1501.6157386990858,64.16137486955441,1.0400000000000205,I10_monthly_average_weekday,78,5,False,PM,measured,4.75,5257.753846153846,3.50139766829353,44.91296240868808,9.921443223835361,2016-01-01 14:45:00,2016-01-01 17:30:00,2016-01-01 19:30:00
state_transition,AZ_I10_W::78,2016-02-01,2016-02-01 14:40:00,2016-02-01 17:30:00,2016-02-01 19:20:00,2016-02-01 19:15:00,44.84954214450613,post_qc,0,44.84954214450613,44.84954214450613,46.14717402352223,post_qc,0,46.14717402352223,46.14717402352223,176,210,231,MD;PM,PM,280.0,7.0720620995662795,22.056236754011458,64.16137486955441,44.91296240868808,4936.5684210526315,1501.6157386990858,3.287504448594414,1022.7157894736843,100.0,0.8421052631578947,420.88421052631577,39.07511192395595,True,0,8,176,231,speed_mph,True,AZ_I10_W,W,144.641,1.0400000000000205,False,I10_monthly_average_weekday,state_transition__AZ_I10_W::78__2016-02-01__025,1501.6157386990858,64.16137486955441,1.0400000000000205,I10_monthly_average_weekday,78,5,False,PM,measured,4.666666666666667,4936.5684210526315,3.287504448594414,44.91296240868808,7.0720620995662795,2016-02-01 14:40:00,2016-02-01 17:30:00,2016-02-01 19:20:00
state_transition,AZ_I10_W::78,2016-03-01,2016-03-01 14:10:00,2016-03-01 17:30:00,2016-03-01 19:10:00,2016-03-01 19:05:00,44.75213127973245,post_qc,0,44.75213127973245,44.75213127973245,46.36580672458852,post_qc,0,46.36580672458852,46.36580672458852,170,210,229,MD;PM,PM,300.0,8.869607070872544,22.550922807875835,64.16137486955441,44.91296240868808,5252.879999999999,1501.6157386990858,3.498151933696962,958.2,90.0,0.7647058823529411,459.60000000000014,37.496199653715976,True,0,8,170,229,speed_mph,True,AZ_I10_W,W,144.641,1.0400000000000205,False,I10_monthly_average_weekday,state_transition__AZ_I10_W::78__2016-03-01__026,1501.6157386990858,64.16137486955441,1.0400000000000205,I10_monthly_average_weekday,78,5,False,PM,measured,5.0,5252.879999999999,3.498151933696962,44.91296240868808,8.869607070872544,2016-03-01 14:10:00,2016-03-01 17:30:00,2016-03-01 19:10:00
state_transition,AZ_I10_W::78,2016-04-01,2016-04-01 14:35:00,2016-04-01 17:20:00,2016-04-01 19:05:00,2016-04-01 19:00:00,46.279454368525215,post_qc,0,46.279454368525215,46.279454368525215,56.81960879852785,post_qc,0,56.81960879852785,56.81960879852785,175,208,228,MD;PM,PM,270.0,8.592804560660786,25.208875076697264,64.16137486955441,44.91296240868808,4688.744444444444,1501.6157386990858,3.122466236606247,994.8000000000001,85.0,0.6875,288.9333333333334,48.226804237867064,True,0,9,175,228,speed_mph,True,AZ_I10_W,W,144.641,1.0400000000000205,False,I10_monthly_average_weekday,state_transition__AZ_I10_W::78__2016-04-01__027,1501.6157386990858,64.16137486955441,1.0400000000000205,I10_monthly_average_weekday,78,5,False,PM,measured,4.5,4688.744444444444,3.122466236606247,44.91296240868808,8.592804560660786,2016-04-01 14:35:00,2016-04-01 17:20:00,2016-04-01 19:05:00
state_transition,AZ_I10_W::78,2016-06-01,2016-06-01 12:25:00,2016-06-01 12:40:00,2016-06-01 13:00:00,2016-06-01 12:55:00,44.942060349834875,post_qc,0,44.942060349834875,44.942060349834875,49.45967351054085,post_qc,0,49.45967351054085,49.45967351054085,149,152,155,MD,MD,35.0,36.48086513207508,42.05796156143471,64.16137486955441,44.91296240868808,827.5,1501.6157386990858,0.5510730732729925,1438.6285714285714,10.0,0.0,-14.400000000000091,12.978808378465772,False,0,2,149,155,speed_mph,True,AZ_I10_W,W,144.641,1.0400000000000205,False,I10_monthly_average_weekday,state_transition__AZ_I10_W::78__2016-06-01__028,1501.6157386990858,64.16137486955441,1.0400000000000205,I10_monthly_average_weekday,78,5,False,MD,measured,0.5833333333333334,827.5,0.5510730732729925,44.91296240868808,36.48086513207508,2016-06-01 12:25:00,2016-06-01 12:40:00,2016-06-01 13:00:00
state_transition,AZ_I10_W::78,2016-06-01,2016-06-01 14:35:00,2016-06-01 17:00:00,2016-06-01 18:55:00,2016-06-01 18:50:00,45.41206460633058,post_qc,0,45.41206460633058,45.41206460633058,46.169880679596965,post_qc,0,46.169880679596965,46.169880679596965,175,204,226,MD;PM,PM,260.0,12.492541233662575,23.47277914291876,64.16137486955441,44.91296240868808,4553.557142857143,1501.6157386990858,3.0324383432489093,1028.2285714285715,105.0,0.65,211.02857142857135,33.67733944593439,True,0,6,175,226,speed_mph,True,AZ_I10_W,W,144.641,1.0400000000000205,False,I10_monthly_average_weekday,state_transition__AZ_I10_W::78__2016-06-01__029,1501.6157386990858,64.16137486955441,1.0400000000000205,I10_monthly_average_weekday,78,5,False,PM,measured,4.333333333333333,4553.557142857143,3.0324383432489093,44.91296240868808,12.492541233662575,2016-06-01 14:35:00,2016-06-01 17:00:00,2016-06-01 18:55:00
state_transition,AZ_I10_W::78,2016-08-01,2016-08-01 14:05:00,2016-08-01 17:25:00,2016-08-01 19:15:00,2016-08-01 19:10:00,48.12332207275707,post_qc,0,48.12332207275707,48.12332207275707,47.84021631449349,post_qc,0,47.84021631449349,47.84021631449349,169,209,230,MD;PM,PM,310.0,8.129924858447836,25.698409944194406,64.16137486955441,44.91296240868808,5652.46,1501.6157386990858,3.764251968281159,1063.2,100.0,0.5789473684210527,263.0400000000002,39.71029145604565,True,0,7,169,230,speed_mph,True,AZ_I10_W,W,144.641,1.0400000000000205,False,I10_monthly_average_weekday,state_transition__AZ_I10_W::78__2016-08-01__030,1501.6157386990858,64.16137486955441,1.0400000000000205,I10_monthly_average_weekday,78,5,False,PM,measured,5.166666666666667,5652.46,3.764251968281159,44.91296240868808,8.129924858447836,2016-08-01 14:05:00,2016-08-01 17:25:00,2016-08-01 19:15:00
state_transition,AZ_I10_W::78,2016-09-01,2016-09-01 14:10:00,2016-09-01 17:05:00,2016-09-01 19:35:00,2016-09-01 19:30:00,46.61276236685984,post_qc,0,46.61276236685984,46.61276236685984,45.25974215425005,post_qc,0,45.25974215425005,45.25974215425005,170,205,234,MD;PM,PM,325.0,8.3638068314543,23.563723704428288,64.16137486955441,44.91296240868808,5732.047619047619,1501.6157386990858,3.817253290121705,971.0857142857144,140.0,0.6296296296296297,417.71428571428567,36.89593532279575,True,0,5,170,234,speed_mph,True,AZ_I10_W,W,144.641,1.0400000000000205,False,I10_monthly_average_weekday,state_transition__AZ_I10_W::78__2016-09-01__031,1501.6157386990858,64.16137486955441,1.0400000000000205,I10_monthly_average_weekday,78,5,False,PM,measured,5.416666666666667,5732.047619047619,3.817253290121705,44.91296240868808,8.3638068314543,2016-09-01 14:10:00,2016-09-01 17:05:00,2016-09-01 19:35:00
state_transition,AZ_I10_W::78,2016-11-01,2016-11-01 14:35:00,2016-11-01 17:15:00,2016-11-01 19:20:00,2016-11-01 19:15:00,46.2152477299037,post_qc,0,46.2152477299037,46.2152477299037,44.16825450875183,post_qc,0,44.16825450875183,44.16825450875183,175,207,231,MD;PM,PM,285.0,6.686485004887182,20.288486862182175,64.16137486955441,44.91296240868808,5003.016666666666,1501.6157386990858,3.3317556134574047,1045.8,120.0,0.7391304347826086,485.6,37.48176950386465,True,0,10,175,231,speed_mph,True,AZ_I10_W,W,144.641,1.0400000000000205,False,I10_monthly_average_weekday,state_transition__AZ_I10_W::78__2016-11-01__032,1501.6157386990858,64.16137486955441,1.0400000000000205,I10_monthly_average_weekday,78,5,False,PM,measured,4.75,5003.016666666666,3.3317556134574047,44.91296240868808,6.686485004887182,2016-11-01 14:35:00,2016-11-01 17:15:00,2016-11-01 19:20:00
state_transition,AZ_I10_W::78,2016-12-01,2016-12-01 13:35:00,2016-12-01 17:20:00,2016-12-01 19:15:00,2016-12-01 19:10:00,48.58114218014643,post_qc,0,48.58114218014643,48.58114218014643,45.296023933048126,post_qc,0,45.296023933048126,45.296023933048126,163,208,230,MD;PM,PM,340.0,7.783620775482156,22.66818071281713,64.16137486955441,44.91296240868808,6125.874999999999,1501.6157386990858,4.079522371886637,1003.1999999999999,105.0,0.6,238.79999999999995,37.51240315756597,True,0,8,163,230,speed_mph,True,AZ_I10_W,W,144.641,1.0400000000000205,False,I10_monthly_average_weekday,state_transition__AZ_I10_W::78__2016-12-01__033,1501.6157386990858,64.16137486955441,1.0400000000000205,I10_monthly_average_weekday,78,5,False,PM,measured,5.666666666666667,6125.874999999999,4.079522371886637,44.91296240868808,7.783620775482156,2016-12-01 13:35:00,2016-12-01 17:20:00,2016-12-01 19:15:00
state_transition,AZ_I10_W::84,2016-01-01,2016-01-01 14:25:00,2016-01-01 17:20:00,2016-01-01 19:15:00,2016-01-01 19:10:00,51.19343856089398,post_qc,0,51.19343856089398,51.19343856089398,48.294215413155996,post_qc,0,48.294215413155996,48.294215413155996,173,208,230,MD;PM,PM,290.0,11.520132627152579,23.238718062052634,68.79623913843852,48.15736739690696,5718.066666666667,1641.1798271198104,3.4841195170559653,1100.48,105.0,0.45,245.91999999999985,36.77408278600342,True,0,11,173,230,speed_mph,True,AZ_I10_W,W,145.681,1.141999999999996,False,I10_monthly_average_weekday,state_transition__AZ_I10_W::84__2016-01-01__034,1641.1798271198104,68.79623913843852,1.141999999999996,I10_monthly_average_weekday,84,5,False,PM,measured,4.833333333333333,5718.066666666667,3.4841195170559653,48.15736739690696,11.520132627152579,2016-01-01 14:25:00,2016-01-01 17:20:00,2016-01-01 19:15:00
state_transition,AZ_I10_W::84,2016-02-01,2016-02-01 13:45:00,2016-02-01 17:35:00,2016-02-01 19:30:00,2016-02-01 19:25:00,49.536837263665305,post_qc,0,49.536837263665305,49.536837263665305,49.053636803782396,post_qc,0,49.053636803782396,49.053636803782396,165,211,233,MD;PM,PM,345.0,9.963274111045832,24.1860166707344,68.79623913843852,48.15736739690696,7082.042105263159,1641.1798271198104,4.315213962684268,1161.7263157894736,105.0,0.75,480.884210526316,39.09036269273656,True,0,6,165,233,speed_mph,True,AZ_I10_W,W,145.681,1.141999999999996,False,I10_monthly_average_weekday,state_transition__AZ_I10_W::84__2016-02-01__035,1641.1798271198104,68.79623913843852,1.141999999999996,I10_monthly_average_weekday,84,5,False,PM,measured,5.75,7082.042105263159,4.315213962684268,48.15736739690696,9.963274111045832,2016-02-01 13:45:00,2016-02-01 17:35:00,2016-02-01 19:30:00
state_transition,AZ_I10_W::84,2016-03-01,2016-03-01 12:40:00,2016-03-01 12:55:00,2016-03-01 13:15:00,2016-03-01 13:10:00,50.162913856128306,post_qc,0,50.162913856128306,50.162913856128306,50.30013714460819,post_qc,0,50.30013714460819,50.30013714460819,152,155,158,MD,MD,35.0,46.17201089283403,47.656673292485735,68.79623913843852,48.15736739690696,923.7263157894737,1641.1798271198104,0.5628428405743737,1567.7684210526315,10.0,1.0,33.473684210526244,4.128126251774162,False,0,0,152,158,speed_mph,True,AZ_I10_W,W,145.681,1.141999999999996,False,I10_monthly_average_weekday,state_transition__AZ_I10_W::84__2016-03-01__036,1641.1798271198104,68.79623913843852,1.141999999999996,I10_monthly_average_weekday,84,5,False,MD,measured,0.5833333333333334,923.7263157894737,0.5628428405743737,48.15736739690696,46.17201089283403,2016-03-01 12:40:00,2016-03-01 12:55:00,2016-03-01 13:15:00
state_transition,AZ_I10_W::84,2016-03-01,2016-03-01 13:35:00,2016-03-01 17:20:00,2016-03-01 19:15:00,2016-03-01 19:10:00,51.70087406172892,post_qc,0,51.70087406172892,51.70087406172892,49.37459469741006,post_qc,0,49.37459469741006,49.37459469741006,163,208,230,MD;PM,PM,340.0,10.286141565764602,21.71474117378584,68.79623913843852,48.15736739690696,6754.031578947368,1641.1798271198104,4.115351326734475,1066.7368421052631,105.0,0.7,404.71578947368425,39.08845313164546,True,0,1,163,230,speed_mph,True,AZ_I10_W,W,145.681,1.141999999999996,False,I10_monthly_average_weekday,state_transition__AZ_I10_W::84__2016-03-01__037,1641.1798271198104,68.79623913843852,1.141999999999996,I10_monthly_average_weekday,84,5,False,PM,measured,5.666666666666667,6754.031578947368,4.115351326734475,48.15736739690696,10.286141565764602,2016-03-01 13:35:00,2016-03-01 17:20:00,2016-03-01 19:15:00
state_transition,AZ_I10_W::84,2016-04-01,2016-04-01 13:40:00,2016-04-01 17:10:00,2016-04-01 19:00:00,2016-04-01 18:55:00,52.389831556901385,post_qc,0,52.389831556901385,52.389831556901385,57.29101413141971,post_qc,0,57.29101413141971,57.29101413141971,164,206,227,MD;PM,PM,320.0,9.920126265022104,24.509600437690732,68.79623913843852,48.15736739690696,6435.0875,1641.1798271198104,3.921013038097879,977.625,90.0,0.6470588235294118,212.69999999999982,47.3708878663976,True,0,6,164,227,speed_mph,True,AZ_I10_W,W,145.681,1.141999999999996,False,I10_monthly_average_weekday,state_transition__AZ_I10_W::84__2016-04-01__038,1641.1798271198104,68.79623913843852,1.141999999999996,I10_monthly_average_weekday,84,5,False,PM,measured,5.333333333333333,6435.0875,3.921013038097879,48.15736739690696,9.920126265022104,2016-04-01 13:40:00,2016-04-01 17:10:00,2016-04-01 19:00:00
state_transition,AZ_I10_W::84,2016-06-01,2016-06-01 13:35:00,2016-06-01 17:10:00,2016-06-02 00:00:00,2016-06-01 23:55:00,52.204942684209676,post_qc,0,52.204942684209676,52.204942684209676,32.05995251576217,post_qc,0,32.05995251576217,32.05995251576217,163,206,287,MD;PM;NT,PM,625.0,11.252315726644039,32.74444022093364,68.79623913843852,48.15736739690696,11311.369230769229,1641.1798271198104,6.892218051826852,1053.0461538461539,405.0,0.425,-501.23076923076917,20.80763678911813,False,0,16,163,287,speed_mph,True,AZ_I10_W,W,145.681,1.141999999999996,False,I10_monthly_average_weekday,state_transition__AZ_I10_W::84__2016-06-01__039,1641.1798271198104,68.79623913843852,1.141999999999996,I10_monthly_average_weekday,84,5,False,PM,measured,10.416666666666666,11311.369230769229,6.892218051826852,48.15736739690696,11.252315726644039,2016-06-01 13:35:00,2016-06-01 17:10:00,2016-06-02 00:00:00
state_transition,AZ_I10_W::84,2016-08-01,2016-08-01 13:40:00,2016-08-01 17:30:00,2016-08-01 19:30:00,2016-08-01 19:25:00,49.517843873557425,post_qc,0,49.517843873557425,49.517843873557425,50.76820994425856,post_qc,0,50.76820994425856,50.76820994425856,164,210,233,MD;PM,PM,350.0,9.953824469225502,24.781357009532513,68.79623913843852,48.15736739690696,6895.96,1641.1798271198104,4.2018308329453875,1127.76,110.0,0.8095238095238095,406.6800000000002,40.814385475033056,True,0,13,164,233,speed_mph,True,AZ_I10_W,W,145.681,1.141999999999996,False,I10_monthly_average_weekday,state_transition__AZ_I10_W::84__2016-08-01__040,1641.1798271198104,68.79623913843852,1.141999999999996,I10_monthly_average_weekday,84,5,False,PM,measured,5.833333333333333,6895.96,4.2018308329453875,48.15736739690696,9.953824469225502,2016-08-01 13:40:00,2016-08-01 17:30:00,2016-08-01 19:30:00
state_transition,AZ_I10_W::84,2016-09-01,2016-09-01 13:40:00,2016-09-01 17:20:00,2016-09-01 19:55:00,2016-09-01 19:50:00,51.71294325005174,post_qc,0,51.71294325005174,51.71294325005174,56.20206387343823,post_qc,0,56.20206387343823,56.20206387343823,164,208,238,MD;PM,PM,375.0,11.159200700775589,24.009243190932093,68.79623913843852,48.15736739690696,7370.776470588235,1641.1798271198104,4.491144936581132,1133.364705882353,135.0,0.6538461538461539,365.92941176470583,45.042863172662635,True,0,4,164,238,speed_mph,True,AZ_I10_W,W,145.681,1.141999999999996,False,I10_monthly_average_weekday,state_transition__AZ_I10_W::84__2016-09-01__041,1641.1798271198104,68.79623913843852,1.141999999999996,I10_monthly_average_weekday,84,5,False,PM,measured,6.25,7370.776470588235,4.491144936581132,48.15736739690696,11.159200700775589,2016-09-01 13:40:00,2016-09-01 17:20:00,2016-09-01 19:55:00
state_transition,AZ_I10_W::84,2016-11-01,2016-11-01 13:35:00,2016-11-01 17:15:00,2016-11-01 19:20:00,2016-11-01 19:15:00,49.21289056859512,post_qc,0,49.21289056859512,49.21289056859512,46.260860268809814,post_qc,0,46.260860268809814,46.260860268809814,163,207,231,MD;PM,PM,345.0,9.106381001739782,21.21682786176614,68.79623913843852,48.15736739690696,6758.550000000001,1641.1798271198104,4.118104480884902,1078.8000000000002,120.0,0.6956521739130435,478.6,37.15447926707003,True,0,3,163,231,speed_mph,True,AZ_I10_W,W,145.681,1.141999999999996,False,I10_monthly_average_weekday,state_transition__AZ_I10_W::84__2016-11-01__042,1641.1798271198104,68.79623913843852,1.141999999999996,I10_monthly_average_weekday,84,5,False,PM,measured,5.75,6758.550000000001,4.118104480884902,48.15736739690696,9.106381001739782,2016-11-01 13:35:00,2016-11-01 17:15:00,2016-11-01 19:20:00
state_transition,AZ_I10_W::84,2016-12-01,2016-12-01 12:00:00,2016-12-01 12:15:00,2016-12-01 12:30:00,2016-12-01 12:25:00,46.91198347133994,post_qc,0,46.91198347133994,46.91198347133994,51.16030843871491,post_qc,0,51.16030843871491,51.16030843871491,144,147,149,MD,MD,30.0,43.294727494945185,46.791375509298895,68.79623913843852,48.15736739690696,768.2400000000001,1641.1798271198104,0.46810226844441744,1625.52,5.0,,,7.8655809437697215,False,0,0,144,149,speed_mph,True,AZ_I10_W,W,145.681,1.141999999999996,False,I10_monthly_average_weekday,state_transition__AZ_I10_W::84__2016-12-01__043,1641.1798271198104,68.79623913843852,1.141999999999996,I10_monthly_average_weekday,84,5,False,MD,measured,0.5,768.2400000000001,0.46810226844441744,48.15736739690696,43.294727494945185,2016-12-01 12:00:00,2016-12-01 12:15:00,2016-12-01 12:30:00
state_transition,AZ_I10_W::84,2016-12-01,2016-12-01 13:35:00,2016-12-01 17:20:00,2016-12-01 19:20:00,2016-12-01 19:15:00,54.008117506516314,post_qc,0,54.008117506516314,54.008117506516314,49.54387276125647,post_qc,0,49.54387276125647,49.54387276125647,163,208,231,MD;PM,PM,345.0,10.375885556045969,21.950600059076557,68.79623913843852,48.15736739690696,6720.0199999999995,1641.1798271198104,4.094627467968152,1074.48,105.0,0.65,301.20000000000005,39.16798720521051,True,0,7,163,231,speed_mph,True,AZ_I10_W,W,145.681,1.141999999999996,False,I10_monthly_average_weekday,state_transition__AZ_I10_W::84__2016-12-01__044,1641.1798271198104,68.79623913843852,1.141999999999996,I10_monthly_average_weekday,84,5,False,PM,measured,5.75,6720.0199999999995,4.094627467968152,48.15736739690696,10.375885556045969,2016-12-01 13:35:00,2016-12-01 17:20:00,2016-12-01 19:20:00
state_transition,PeMS::D12_I405_N::L405N-001,2025-10-01,2025-10-01 15:15:00,2025-10-01 16:25:00,2025-10-01 18:45:00,2025-10-01 18:40:00,49.75217391304348,post_qc,0,49.75217391304348,49.75217391304348,49.19565217391304,post_qc,0,49.19565217391304,49.19565217391304,183,197,224,MD;PM,PM,210.0,36.1695652173913,40.862111801242236,69.5013718528299,48.65096029698093,4233.641304347826,1241.7940873327047,3.4092941394506235,1199.445652173913,130.0,0.4,2.086956521739012,13.026086956521738,True,0,3,183,224,speed_mph,True,D12_I405_N,N,83.0,1.0545,False,PeMS_average_weekday,state_transition__PeMS::D12_I405_N::L405N-001__2025-10-01__045,1241.7940873327047,69.5013718528299,1.0545,PeMS_average_weekday,L405N-001,8,False,PM,measured,3.5,4233.641304347826,3.4092941394506235,48.65096029698093,36.1695652173913,2025-10-01 15:15:00,2025-10-01 16:25:00,2025-10-01 18:45:00
state_transition,PeMS::D12_I405_N::L405N-002,2025-10-01,2025-10-01 16:05:00,2025-10-01 16:30:00,2025-10-01 17:25:00,2025-10-01 17:20:00,50.66521739130437,post_qc,0,50.66521739130437,50.66521739130437,50.36956521739132,post_qc,0,50.36956521739132,50.36956521739132,193,198,208,PM,PM,80.0,48.6695652173913,49.6710597826087,71.87369565217391,50.31158695652173,1843.7434782608696,1442.7284347826087,1.2779560129337064,1367.4521739130437,40.0,0.42857142857142855,13.721739130434798,1.700000000000017,True,0,1,193,208,speed_mph,True,D12_I405_N,N,82.0,0.9681,False,PeMS_average_weekday,state_transition__PeMS::D12_I405_N::L405N-002__2025-10-01__046,1442.7284347826087,71.87369565217391,0.9681,PeMS_average_weekday,L405N-002,5,False,PM,measured,1.3333333333333333,1843.7434782608696,1.2779560129337064,50.31158695652173,48.6695652173913,2025-10-01 16:05:00,2025-10-01 16:30:00,2025-10-01 17:25:00
state_transition,PeMS::D12_I405_N::L405N-016,2025-10-01,2025-10-01 14:30:00,2025-10-01 18:00:00,2025-10-01 19:20:00,2025-10-01 19:15:00,46.966666666666654,post_qc,0,46.966666666666654,46.966666666666654,47.485714285714295,post_qc,0,47.485714285714295,47.485714285714295,174,216,231,MD;PM,PM,290.0,35.44761904761906,38.36472525932156,67.26942609494725,47.08859826646307,5812.472822299651,1241.0662533816374,4.683450868526896,1170.5142857142855,70.0,0.46153846153846156,18.28571428571422,12.038095238095238,True,0,1,174,231,speed_mph,True,D12_I405_N,N,70.0,0.6301,False,PeMS_average_weekday,state_transition__PeMS::D12_I405_N::L405N-016__2025-10-01__047,1241.0662533816374,67.26942609494725,0.6301,PeMS_average_weekday,L405N-016,5,False,PM,measured,4.833333333333333,5812.472822299651,4.683450868526896,47.08859826646307,35.44761904761906,2025-10-01 14:30:00,2025-10-01 18:00:00,2025-10-01 19:20:00
state_transition,PeMS::D12_I405_N::L405N-027,2025-10-01,2025-10-01 14:45:00,2025-10-01 16:10:00,2025-10-01 18:45:00,2025-10-01 18:40:00,50.17826086956522,post_qc,0,50.17826086956522,50.17826086956522,48.76956521739131,post_qc,0,48.76956521739131,48.76956521739131,177,194,224,MD;PM,PM,240.0,34.708695652173915,40.731521739130436,69.52946237146797,48.67062366002758,4174.755434782608,1089.9315953866496,3.8302912333701338,1024.8260869565215,145.0,0.5357142857142857,45.391304347825894,14.060869565217395,True,0,4,177,224,speed_mph,True,D12_I405_N,N,84.0,0.2517,False,PeMS_average_weekday,state_transition__PeMS::D12_I405_N::L405N-027__2025-10-01__048,1089.9315953866496,69.52946237146797,0.2517,PeMS_average_weekday,L405N-027,8,False,PM,measured,4.0,4174.755434782608,3.8302912333701338,48.67062366002758,34.708695652173915,2025-10-01 14:45:00,2025-10-01 16:10:00,2025-10-01 18:45:00
state_transition,PeMS::D12_I405_N::L405N-063,2025-10-01,2025-10-01 14:45:00,2025-10-01 17:35:00,2025-10-01 19:05:00,2025-10-01 19:00:00,50.82608695652175,post_qc,0,50.82608695652175,50.82608695652175,51.39565217391305,post_qc,0,51.39565217391305,51.39565217391305,177,211,228,MD;PM,PM,260.0,33.695652173913054,39.90969899665552,70.58477531332669,49.40934271932868,4284.913043478262,1062.3213802487749,4.03353742393363,950.608695652174,75.0,0.42857142857142855,72.0,17.699999999999996,True,0,4,177,228,speed_mph,True,D12_I405_N,N,55.0,0.2336,False,PeMS_average_weekday,state_transition__PeMS::D12_I405_N::L405N-063__2025-10-01__049,1062.3213802487749,70.58477531332669,0.2336,PeMS_average_weekday,L405N-063,6,False,PM,measured,4.333333333333333,4284.913043478262,4.03353742393363,49.40934271932868,33.695652173913054,2025-10-01 14:45:00,2025-10-01 17:35:00,2025-10-01 19:05:00
state_transition,PeMS::D12_I405_N::L405N-065,2025-10-01,2025-10-01 16:20:00,2025-10-01 17:30:00,2025-10-01 18:10:00,2025-10-01 18:05:00,47.66,post_qc,0,47.66,47.66,47.32000000000001,post_qc,0,47.32000000000001,47.32000000000001,196,210,217,PM,PM,110.0,43.94,45.4530303030303,67.72814868372754,47.40970407860927,1940.9333333333334,1201.608494182071,1.6152793049740526,997.76,35.0,0.5,0.8000000000001819,3.3800000000000097,True,0,2,196,217,speed_mph,True,D12_I405_N,N,59.0,0.292,False,PeMS_average_weekday,state_transition__PeMS::D12_I405_N::L405N-065__2025-10-01__050,1201.608494182071,67.72814868372754,0.292,PeMS_average_weekday,L405N-065,5,False,PM,measured,1.8333333333333333,1940.9333333333334,1.6152793049740526,47.40970407860927,43.94,2025-10-01 16:20:00,2025-10-01 17:30:00,2025-10-01 18:10:00
state_transition,PeMS::D12_I405_N::L405N-071,2025-10-01,2025-10-01 14:40:00,2025-10-01 17:05:00,2025-10-01 19:20:00,2025-10-01 19:15:00,49.05652173913043,post_qc,0,49.05652173913043,49.05652173913043,48.92608695652173,post_qc,0,48.92608695652173,48.92608695652173,176,205,231,MD;PM,PM,280.0,32.10000000000001,37.310481366459626,69.23271268378657,48.4628988786506,5117.057971014492,1197.6133549776414,4.272712849891377,1050.5217391304348,125.0,0.5,106.60869565217399,16.82608695652172,True,0,2,176,231,speed_mph,True,D12_I405_N,N,69.0,0.2896,False,PeMS_average_weekday,state_transition__PeMS::D12_I405_N::L405N-071__2025-10-01__051,1197.6133549776414,69.23271268378657,0.2896,PeMS_average_weekday,L405N-071,6,False,PM,measured,4.666666666666667,5117.057971014492,4.272712849891377,48.4628988786506,32.10000000000001,2025-10-01 14:40:00,2025-10-01 17:05:00,2025-10-01 19:20:00
state_transition,PeMS::D12_I405_N::L405N-074,2025-10-01,2025-10-01 15:40:00,2025-10-01 17:40:00,2025-10-01 18:55:00,2025-10-01 18:50:00,48.89782608695652,post_qc,0,48.89782608695652,48.89782608695652,49.75869565217391,post_qc,0,49.75869565217391,49.75869565217391,188,212,226,MD;PM,PM,195.0,38.14565217391304,42.73338907469341,68.78651884704944,48.150563192934605,4509.691304347826,1413.4757945820145,3.1904977231544374,1362.3652173913044,65.0,0.5,-3.5478260869565474,11.61304347826087,False,0,1,188,226,speed_mph,True,D12_I405_N,N,73.0,0.6257,False,PeMS_average_weekday,state_transition__PeMS::D12_I405_N::L405N-074__2025-10-01__052,1413.4757945820145,68.78651884704944,0.6257,PeMS_average_weekday,L405N-074,5,False,PM,measured,3.25,4509.691304347826,3.1904977231544374,48.150563192934605,38.14565217391304,2025-10-01 15:40:00,2025-10-01 17:40:00,2025-10-01 18:55:00
state_transition,PeMS::D12_I405_N::L405N-076,2025-10-01,2025-10-01 07:40:00,2025-10-01 08:45:00,2025-10-01 09:20:00,2025-10-01 09:15:00,50.73913043478261,post_qc,0,50.73913043478261,50.73913043478261,50.23181818181818,post_qc,0,50.23181818181818,50.23181818181818,92,105,111,AM,AM,100.0,44.21739130434783,46.62441699604743,70.33521739130434,49.23465217391304,2529.2347826086957,1982.51895652174,1.2757682716165042,1531.7217391304348,25.0,0.75,55.61739130434762,6.014426877470349,False,0,1,92,111,speed_mph,True,D12_I405_N,N,71.0,0.4548,False,PeMS_average_weekday,state_transition__PeMS::D12_I405_N::L405N-076__2025-10-01__053,1982.51895652174,70.33521739130434,0.4548,PeMS_average_weekday,L405N-076,5,False,AM,measured,1.6666666666666667,2529.2347826086957,1.2757682716165042,49.23465217391304,44.21739130434783,2025-10-01 07:40:00,2025-10-01 08:45:00,2025-10-01 09:20:00
state_transition,PeMS::D12_I405_N::L405N-080,2025-10-01,2025-10-01 16:25:00,2025-10-01 16:35:00,2025-10-01 17:00:00,2025-10-01 16:55:00,50.18260869565218,post_qc,0,50.18260869565218,50.18260869565218,49.83478260869565,post_qc,0,49.83478260869565,49.83478260869565,197,199,203,PM,PM,35.0,49.81304347826087,49.9608695652174,71.42543478260869,49.99780434782608,923.1826086956523,1643.3827826086956,0.5617575031607658,1574.504347826087,15.0,0.0,-57.80869565217381,0.021739130434774268,False,0,0,197,203,speed_mph,True,D12_I405_N,N,81.0,0.8345,False,PeMS_average_weekday,state_transition__PeMS::D12_I405_N::L405N-080__2025-10-01__054,1643.3827826086956,71.42543478260869,0.8345,PeMS_average_weekday,L405N-080,5,False,PM,measured,0.5833333333333334,923.1826086956523,0.5617575031607658,49.99780434782608,49.81304347826087,2025-10-01 16:25:00,2025-10-01 16:35:00,2025-10-01 17:00:00
state_transition,PeMS::D12_I405_N::L405N-086,2025-10-01,2025-10-01 15:45:00,2025-10-01 17:35:00,2025-10-01 18:20:00,2025-10-01 18:15:00,48.71739130434783,post_qc,0,48.71739130434783,48.71739130434783,48.6086956521739,post_qc,0,48.6086956521739,48.6086956521739,189,211,219,MD;PM,PM,155.0,43.77391304347825,45.86171107994391,69.37059910582124,48.559419374074864,3500.260869565216,1382.18021280416,2.5324200398325085,1324.7826086956522,35.0,0.6666666666666666,38.78260869565224,4.834782608695647,True,0,1,189,219,speed_mph,True,D12_I405_N,N,87.0,0.1087,False,PeMS_average_weekday,state_transition__PeMS::D12_I405_N::L405N-086__2025-10-01__055,1382.18021280416,69.37059910582124,0.1087,PeMS_average_weekday,L405N-086,6,False,PM,measured,2.5833333333333335,3500.260869565216,2.5324200398325085,48.559419374074864,43.77391304347825,2025-10-01 15:45:00,2025-10-01 17:35:00,2025-10-01 18:20:00
state_transition,PeMS::D12_I405_N::L405N-087,2025-10-01,2025-10-01 16:35:00,2025-10-01 17:50:00,2025-10-01 18:45:00,2025-10-01 18:40:00,49.24782608695652,post_qc,0,49.24782608695652,49.24782608695652,49.44347826086956,post_qc,0,49.44347826086956,49.44347826086956,199,214,224,PM,PM,130.0,42.44347826086957,45.92090301003345,70.35586956521738,49.24910869565216,3095.913043478261,1514.0752173913042,2.044755113826118,1412.7826086956522,45.0,0.5,-14.34782608695673,6.999999999999993,False,0,7,199,224,speed_mph,True,D12_I405_N,N,75.0,0.0802,False,PeMS_average_weekday,state_transition__PeMS::D12_I405_N::L405N-087__2025-10-01__056,1514.0752173913042,70.35586956521738,0.0802,PeMS_average_weekday,L405N-087,6,False,PM,measured,2.1666666666666665,3095.913043478261,2.044755113826118,49.24910869565216,42.44347826086957,2025-10-01 16:35:00,2025-10-01 17:50:00,2025-10-01 18:45:00
state_transition,PeMS::D12_I405_N::L405N-091,2025-10-01,2025-10-01 14:40:00,2025-10-01 16:10:00,2025-10-01 19:05:00,2025-10-01 19:00:00,51.082608695652176,post_qc,0,51.082608695652176,51.082608695652176,48.83478260869566,post_qc,0,48.83478260869566,48.83478260869566,176,194,228,MD;PM,PM,265.0,30.13478260869565,37.95077932731747,68.48311744677504,47.938182212742525,5853.282608695652,1382.2277914930785,4.234672927805158,1313.5434782608695,165.0,0.3125,-96.32608695652175,18.70000000000001,False,0,3,176,228,speed_mph,True,D12_I405_N,N,85.0,0.2666,False,PeMS_average_weekday,state_transition__PeMS::D12_I405_N::L405N-091__2025-10-01__057,1382.2277914930785,68.48311744677504,0.2666,PeMS_average_weekday,L405N-091,8,False,PM,measured,4.416666666666667,5853.282608695652,4.234672927805158,47.938182212742525,30.13478260869565,2025-10-01 14:40:00,2025-10-01 16:10:00,2025-10-01 19:05:00
state_transition,PeMS::D12_I405_N::L405N-095,2025-10-01,2025-10-01 16:00:00,2025-10-01 17:45:00,2025-10-01 19:10:00,2025-10-01 19:05:00,50.04545454545454,post_qc,0,50.04545454545454,50.04545454545454,51.154545454545456,post_qc,0,51.154545454545456,51.154545454545456,192,213,229,PM,PM,190.0,36.081818181818186,41.733971291866034,71.06854944487148,49.74798461141003,3971.0181818181823,1283.7194166158993,3.093369259994879,1275.0545454545454,75.0,0.5714285714285714,-34.4727272727273,15.07272727272727,False,0,1,192,229,speed_mph,True,D12_I405_N,N,77.0,0.2392,False,PeMS_average_weekday,state_transition__PeMS::D12_I405_N::L405N-095__2025-10-01__058,1283.7194166158993,71.06854944487148,0.2392,PeMS_average_weekday,L405N-095,5,False,PM,measured,3.1666666666666665,3971.0181818181823,3.093369259994879,49.74798461141003,36.081818181818186,2025-10-01 16:00:00,2025-10-01 17:45:00,2025-10-01 19:10:00
state_transition,PeMS::D12_I405_N::L405N-100,2025-10-01,2025-10-01 15:00:00,2025-10-01 17:45:00,2025-10-01 18:45:00,2025-10-01 18:40:00,49.952173913043474,post_qc,0,49.952173913043474,49.952173913043474,49.59130434782609,post_qc,0,49.59130434782609,49.59130434782609,180,213,224,MD;PM,PM,225.0,44.69130434782609,47.76821256038647,70.92021739130435,49.64415217391304,4273.434782608696,1333.1291304347826,3.205567026515257,1101.2173913043478,55.0,0.8,108.3478260869565,4.899999999999999,True,0,2,180,224,speed_mph,True,D12_I405_N,N,58.0,0.2206,False,PeMS_average_weekday,state_transition__PeMS::D12_I405_N::L405N-100__2025-10-01__059,1333.1291304347826,70.92021739130435,0.2206,PeMS_average_weekday,L405N-100,6,False,PM,measured,3.75,4273.434782608696,3.205567026515257,49.64415217391304,44.69130434782609,2025-10-01 15:00:00,2025-10-01 17:45:00,2025-10-01 18:45:00
state_transition,PeMS::D12_I405_N::L405N-110,2025-10-01,2025-10-01 14:20:00,2025-10-01 16:15:00,2025-10-01 19:40:00,2025-10-01 19:35:00,50.51739130434783,post_qc,0,50.51739130434783,50.51739130434783,50.20434782608696,post_qc,0,50.20434782608696,50.20434782608696,172,195,235,MD;PM,PM,320.0,14.65217391304348,27.871671195652176,71.00999999999999,49.707,21608.826086956524,4462.077391304348,4.842772590423373,3999.913043478261,195.0,0.42105263157894735,-320.6086956521731,35.552173913043475,False,0,2,172,235,speed_mph,True,D12_I405_N,N,86.0,4.8287,False,PeMS_average_weekday,state_transition__PeMS::D12_I405_N::L405N-110__2025-10-01__060,4462.077391304348,71.00999999999999,4.8287,PeMS_average_weekday,L405N-110,2,False,PM,measured,5.333333333333333,21608.826086956524,4.842772590423373,49.707,14.65217391304348,2025-10-01 14:20:00,2025-10-01 16:15:00,2025-10-01 19:40:00
state_transition,PeMS::D12_I405_N::L405N-116,2025-10-01,2025-10-01 14:30:00,2025-10-01 17:35:00,2025-10-01 19:25:00,2025-10-01 19:20:00,49.31304347826088,post_qc,0,49.31304347826088,49.31304347826088,48.87391304347827,post_qc,0,48.87391304347827,48.87391304347827,174,211,232,MD;PM,PM,295.0,23.3304347826087,33.56160648489315,69.59152173913044,48.71406521739131,19745.97826086957,4603.56652173913,4.289278360076778,3991.826086956522,100.0,0.5263157894736842,340.17391304347893,25.543478260869566,True,0,1,174,232,speed_mph,True,D12_I405_N,N,68.0,0.0826,False,PeMS_average_weekday,state_transition__PeMS::D12_I405_N::L405N-116__2025-10-01__061,4603.56652173913,69.59152173913044,0.0826,PeMS_average_weekday,L405N-116,2,False,PM,measured,4.916666666666667,19745.97826086957,4.289278360076778,48.71406521739131,23.3304347826087,2025-10-01 14:30:00,2025-10-01 17:35:00,2025-10-01 19:25:00
state_transition,PeMS::D12_I405_N::L405N-126,2025-10-01,2025-10-01 17:10:00,2025-10-01 17:35:00,2025-10-01 18:05:00,2025-10-01 18:00:00,50.0608695652174,post_qc,0,50.0608695652174,50.0608695652174,48.59130434782608,post_qc,0,48.59130434782608,48.59130434782608,206,211,216,PM,PM,55.0,43.15652173913043,45.8707509881423,69.34478260869565,48.54134782608696,5643.608695652175,6919.891304347826,0.8155631999748678,5900.347826086956,20.0,0.3333333333333333,-36.52173913043498,5.434782608695649,False,0,4,206,216,speed_mph,True,D12_I405_N,N,63.0,0.7053,False,PeMS_average_weekday,state_transition__PeMS::D12_I405_N::L405N-126__2025-10-01__062,6919.891304347826,69.34478260869565,0.7053,PeMS_average_weekday,L405N-126,1,False,PM,measured,0.9166666666666666,5643.608695652175,0.8155631999748678,48.54134782608696,43.15652173913043,2025-10-01 17:10:00,2025-10-01 17:35:00,2025-10-01 18:05:00
state_transition,PeMS::D12_I405_N::L405N-134,2025-10-01,2025-10-01 17:10:00,2025-10-01 17:55:00,2025-10-01 18:25:00,2025-10-01 18:20:00,48.02727272727272,post_qc,0,48.02727272727272,48.02727272727272,47.8,post_qc,0,47.8,47.8,206,215,220,PM,PM,75.0,43.79090909090909,46.120000000000005,68.10000000000001,47.67,4964.363636363637,4203.766363636364,1.1809323370838662,3784.3636363636365,20.0,0.3333333333333333,-37.09090909090901,4.009090909090908,False,0,1,206,220,speed_mph,True,D12_I405_N,N,72.0,1.7324,False,PeMS_average_weekday,state_transition__PeMS::D12_I405_N::L405N-134__2025-10-01__063,4203.766363636364,68.10000000000001,1.7324,PeMS_average_weekday,L405N-134,2,False,PM,measured,1.25,4964.363636363637,1.1809323370838662,47.67,43.79090909090909,2025-10-01 17:10:00,2025-10-01 17:55:00,2025-10-01 18:25:00
state_transition,PeMS::D12_I405_S::L405S-004,2025-10-01,2025-10-01 07:05:00,2025-10-01 07:50:00,2025-10-01 09:50:00,2025-10-01 09:45:00,49.52173913043477,post_qc,0,49.52173913043477,49.52173913043477,49.35217391304349,post_qc,0,49.35217391304349,49.35217391304349,85,94,117,AM,AM,165.0,25.98695652173913,36.623014732303275,69.46812089861896,48.62768462903327,3101.296442687747,1216.4675896513102,2.5494279248136045,1095.6699604743083,110.0,0.6190476190476191,91.56521739130449,23.365217391304355,True,0,3,85,117,speed_mph,True,D12_I405_S,S,26.0,0.1317,False,PeMS_average_weekday,state_transition__PeMS::D12_I405_S::L405S-004__2025-10-01__064,1216.4675896513102,69.46812089861896,0.1317,PeMS_average_weekday,L405S-004,8,False,AM,measured,2.75,3101.296442687747,2.5494279248136045,48.62768462903327,25.98695652173913,2025-10-01 07:05:00,2025-10-01 07:50:00,2025-10-01 09:50:00
state_transition,PeMS::D12_I405_S::L405S-005,2025-10-01,2025-10-01 07:15:00,2025-10-01 08:40:00,2025-10-01 09:35:00,2025-10-01 09:30:00,49.04347826086956,post_qc,0,49.04347826086956,49.04347826086956,48.95652173913045,post_qc,0,48.95652173913045,48.95652173913045,87,104,114,AM,AM,140.0,22.10434782608696,31.532001693958218,70.2102160286858,49.14715122008006,2690.6645962732914,1338.4533869857034,2.010278895354636,1154.944099378882,50.0,0.8888888888888888,145.9378881987575,26.85217391304349,True,0,3,87,114,speed_mph,True,D12_I405_S,S,29.0,0.0789,False,PeMS_average_weekday,state_transition__PeMS::D12_I405_S::L405S-005__2025-10-01__065,1338.4533869857034,70.2102160286858,0.0789,PeMS_average_weekday,L405S-005,7,False,AM,measured,2.3333333333333335,2690.6645962732914,2.010278895354636,49.14715122008006,22.10434782608696,2025-10-01 07:15:00,2025-10-01 08:40:00,2025-10-01 09:35:00
state_transition,PeMS::D12_I405_S::L405S-020,2025-10-01,2025-10-01 07:15:00,2025-10-01 08:50:00,2025-10-01 09:25:00,2025-10-01 09:20:00,53.14090909090909,post_qc,0,53.14090909090909,53.14090909090909,50.409090909090914,post_qc,0,50.409090909090914,50.409090909090914,87,106,112,AM,AM,130.0,43.21363636363637,45.42360139860141,71.20727272727272,49.84509090909091,2896.962121212121,1407.0140909090908,2.058943218784934,1275.6363636363635,25.0,0.5,-60.63636363636374,7.195454545454545,False,0,2,87,112,speed_mph,True,D12_I405_S,S,18.0,0.1603,False,PeMS_average_weekday,state_transition__PeMS::D12_I405_S::L405S-020__2025-10-01__066,1407.0140909090908,71.20727272727272,0.1603,PeMS_average_weekday,L405S-020,6,False,AM,measured,2.1666666666666665,2896.962121212121,2.058943218784934,49.84509090909091,43.21363636363637,2025-10-01 07:15:00,2025-10-01 08:50:00,2025-10-01 09:25:00
state_transition,PeMS::D12_I405_S::L405S-020,2025-10-01,2025-10-01 17:15:00,2025-10-01 17:30:00,2025-10-01 17:50:00,2025-10-01 17:45:00,52.46818181818182,post_qc,0,52.46818181818182,52.46818181818182,50.4090909090909,post_qc,0,50.4090909090909,50.4090909090909,207,210,213,PM,PM,35.0,45.57272727272726,48.217532467532465,71.20727272727272,49.84509090909091,683.6287878787878,1407.0140909090908,0.4858720266526158,1124.272727272727,10.0,0.0,-9.272727272727252,4.836363636363636,False,0,3,207,213,speed_mph,True,D12_I405_S,S,18.0,0.1603,False,PeMS_average_weekday,state_transition__PeMS::D12_I405_S::L405S-020__2025-10-01__067,1407.0140909090908,71.20727272727272,0.1603,PeMS_average_weekday,L405S-020,6,False,PM,measured,0.5833333333333334,683.6287878787878,0.4858720266526158,49.84509090909091,45.57272727272726,2025-10-01 17:15:00,2025-10-01 17:30:00,2025-10-01 17:50:00
state_transition,PeMS::D12_I405_S::L405S-024,2025-10-01,2025-10-01 06:40:00,2025-10-01 07:00:00,2025-10-01 07:35:00,2025-10-01 07:30:00,51.4875,post_qc,0,51.4875,51.4875,50.06250000000001,post_qc,0,50.06250000000001,50.06250000000001,80,84,90,AM,AM,55.0,46.15000000000001,47.9844696969697,70.74145833333334,49.519020833333336,1396.6916666666664,1695.191,0.8239140407580422,1459.8,25.0,0.0,-95.29999999999995,3.9124999999999943,False,0,3,80,90,speed_mph,True,D12_I405_S,S,39.0,0.9227,False,PeMS_average_weekday,state_transition__PeMS::D12_I405_S::L405S-024__2025-10-01__068,1695.191,70.74145833333334,0.9227,PeMS_average_weekday,L405S-024,5,False,AM,measured,0.9166666666666666,1396.6916666666664,0.8239140407580422,49.519020833333336,46.15000000000001,2025-10-01 06:40:00,2025-10-01 07:00:00,2025-10-01 07:35:00
state_transition,PeMS::D12_I405_S::L405S-108,2025-10-01,2025-10-01 07:25:00,2025-10-01 08:10:00,2025-10-01 09:15:00,2025-10-01 09:10:00,49.18301886792453,post_qc,0,49.18301886792453,49.18301886792453,49.11257861635221,post_qc,0,49.11257861635221,49.11257861635221,89,98,110,AM,AM,110.0,44.82075471698114,46.26309319611207,69.1724213836478,48.420694968553455,5869.949685534592,3894.6698113207535,1.5071751829827098,3146.8301886792456,50.0,0.3333333333333333,-71.24528301886812,4.291823899371067,False,0,2,89,110,speed_mph,True,D12_I405_S,S,30.0,2.6905,False,PeMS_average_weekday,state_transition__PeMS::D12_I405_S::L405S-108__2025-10-01__069,3894.6698113207535,69.1724213836478,2.6905,PeMS_average_weekday,L405S-108,2,False,AM,measured,1.8333333333333333,5869.949685534592,1.5071751829827098,48.420694968553455,44.82075471698114,2025-10-01 07:25:00,2025-10-01 08:10:00,2025-10-01 09:15:00
state_transition,PeMS::D12_I405_S::L405S-112,2025-10-01,2025-10-01 06:55:00,2025-10-01 07:35:00,2025-10-01 08:35:00,2025-10-01 08:30:00,51.45454545454545,post_qc,0,51.45454545454545,51.45454545454545,49.60909090909091,post_qc,0,49.60909090909091,49.60909090909091,83,91,102,AM,AM,100.0,38.78181818181818,45.54409090909091,70.95,49.665,4614.545454545454,3658.832727272727,1.2612070019350434,2708.454545454545,40.0,0.7142857142857143,206.18181818181847,10.827272727272728,True,0,2,83,102,speed_mph,True,D12_I405_S,S,34.0,1.0756,False,PeMS_average_weekday,state_transition__PeMS::D12_I405_S::L405S-112__2025-10-01__070,3658.832727272727,70.95,1.0756,PeMS_average_weekday,L405S-112,2,False,AM,measured,1.6666666666666667,4614.545454545454,1.2612070019350434,49.665,38.78181818181818,2025-10-01 06:55:00,2025-10-01 07:35:00,2025-10-01 08:35:00
state_transition,PeMS::D12_I405_S::L405S-114,2025-10-01,2025-10-01 06:40:00,2025-10-01 07:40:00,2025-10-01 09:55:00,2025-10-01 09:50:00,47.95217391304347,post_qc,0,47.95217391304347,47.95217391304347,47.49565217391304,post_qc,0,47.49565217391304,47.49565217391304,80,92,118,AM,AM,195.0,27.95652173913044,35.10617208878079,66.44048832909807,46.50834183036865,7297.385375494071,2740.2752823930946,2.6630117865827088,2019.9130434782608,125.0,0.625,782.347826086956,19.539130434782596,True,0,3,80,118,speed_mph,True,D12_I405_S,S,33.0,0.6413,False,PeMS_average_weekday,state_transition__PeMS::D12_I405_S::L405S-114__2025-10-01__071,2740.2752823930946,66.44048832909807,0.6413,PeMS_average_weekday,L405S-114,2,False,AM,measured,3.25,7297.385375494071,2.6630117865827088,46.50834183036865,27.95652173913044,2025-10-01 06:40:00,2025-10-01 07:40:00,2025-10-01 09:55:00
state_transition,PeMS::D12_I405_S::L405S-115,2025-10-01,2025-10-01 06:35:00,2025-10-01 07:50:00,2025-10-01 10:05:00,2025-10-01 10:00:00,56.10625,post_qc,0,56.10625,56.10625,49.275,post_qc,0,49.275,49.275,79,94,120,AM;MD,AM,210.0,14.587500000000002,27.568283730158733,68.34076074160181,47.83853251912127,9320.404166666667,3329.3212569774114,2.7994907812316003,2371.875,125.0,0.6666666666666666,704.25,34.6875,True,0,4,79,120,speed_mph,True,D12_I405_S,S,32.0,0.0503,False,PeMS_average_weekday,state_transition__PeMS::D12_I405_S::L405S-115__2025-10-01__072,3329.3212569774114,68.34076074160181,0.0503,PeMS_average_weekday,L405S-115,2,False,AM,measured,3.5,9320.404166666667,2.7994907812316003,47.83853251912127,14.587500000000002,2025-10-01 06:35:00,2025-10-01 07:50:00,2025-10-01 10:05:00
state_transition,PeMS::D12_I405_S::L405S-117,2025-10-01,2025-10-01 07:05:00,2025-10-01 07:50:00,2025-10-01 09:50:00,2025-10-01 09:45:00,50.095652173913045,post_qc,0,50.095652173913045,50.095652173913045,50.49565217391304,post_qc,0,50.49565217391304,50.49565217391304,85,94,117,AM,AM,165.0,25.48260869565217,36.465277278716016,70.72152173913044,49.505065217391305,10251.014822134388,4443.073043478261,2.3071902536424154,3604.173913043478,110.0,0.6190476190476191,414.5217391304359,25.013043478260865,True,0,1,85,117,speed_mph,True,D12_I405_S,S,27.0,0.9296,False,PeMS_average_weekday,state_transition__PeMS::D12_I405_S::L405S-117__2025-10-01__073,4443.073043478261,70.72152173913044,0.9296,PeMS_average_weekday,L405S-117,2,False,AM,measured,2.75,10251.014822134388,2.3071902536424154,49.505065217391305,25.48260869565217,2025-10-01 07:05:00,2025-10-01 07:50:00,2025-10-01 09:50:00
state_transition,PeMS::D12_I405_S::L405S-132,2025-10-01,2025-10-01 06:35:00,2025-10-01 07:55:00,2025-10-01 09:55:00,2025-10-01 09:50:00,54.59565217391304,post_qc,0,54.59565217391304,54.59565217391304,50.091304347826096,post_qc,0,50.091304347826096,50.091304347826096,79,95,118,AM,AM,200.0,18.81304347826088,30.818586956521745,70.91869565217392,49.64308695652174,10981.440711462452,4427.844782608695,2.4800870966828836,2981.217391304348,110.0,0.8095238095238095,935.478260869565,31.278260869565216,True,0,5,79,118,speed_mph,True,D12_I405_S,S,31.0,1.2794,False,PeMS_average_weekday,state_transition__PeMS::D12_I405_S::L405S-132__2025-10-01__074,4427.844782608695,70.91869565217392,1.2794,PeMS_average_weekday,L405S-132,2,False,AM,measured,3.3333333333333335,10981.440711462452,2.4800870966828836,49.64308695652174,18.81304347826088,2025-10-01 06:35:00,2025-10-01 07:55:00,2025-10-01 09:55:00
state_transition,PeMS::D12_I5_N::L5N-010,2025-10-01,2025-10-01 14:30:00,2025-10-01 15:05:00,2025-10-01 17:00:00,2025-10-01 16:55:00,48.88095238095238,post_qc,0,48.88095238095238,48.88095238095238,48.69047619047619,post_qc,0,48.69047619047619,48.69047619047619,174,181,203,MD;PM,MD,150.0,41.14285714285714,43.8320634920635,69.87101816281965,48.90971271397376,2516.515873015873,1051.5545790120077,2.393138618996149,1006.9047619047619,110.0,0.5714285714285714,95.71428571428567,7.547619047619051,True,0,3,174,203,speed_mph,True,D12_I5_N,N,127.0,0.2597,False,PeMS_average_weekday,state_transition__PeMS::D12_I5_N::L5N-010__2025-10-01__075,1051.5545790120077,69.87101816281965,0.2597,PeMS_average_weekday,L5N-010,6,False,MD,measured,2.5,2516.515873015873,2.393138618996149,48.90971271397376,41.14285714285714,2025-10-01 14:30:00,2025-10-01 15:05:00,2025-10-01 17:00:00
state_transition,PeMS::D12_I5_N::L5N-028,2025-10-01,2025-10-01 07:35:00,2025-10-01 07:55:00,2025-10-01 09:15:00,2025-10-01 09:10:00,49.46190476190476,post_qc,0,49.46190476190476,49.46190476190476,48.54500000000001,post_qc,0,48.54500000000001,48.54500000000001,91,95,110,AM,AM,100.0,42.675,44.625095238095234,68.50149197511861,47.95104438258303,1881.3000000000002,1063.0822888012706,1.7696654528233653,1101.45,70.0,0.46153846153846156,-83.29999999999995,5.870000000000012,False,0,0,91,110,speed_mph,True,D12_I5_N,N,143.0,0.0851,False,PeMS_average_weekday,state_transition__PeMS::D12_I5_N::L5N-028__2025-10-01__076,1063.0822888012706,68.50149197511861,0.0851,PeMS_average_weekday,L5N-028,6,False,AM,measured,1.6666666666666667,1881.3000000000002,1.7696654528233653,47.95104438258303,42.675,2025-10-01 07:35:00,2025-10-01 07:55:00,2025-10-01 09:15:00
state_transition,PeMS::D12_I5_N::L5N-028,2025-10-01,2025-10-01 13:25:00,2025-10-01 17:15:00,2025-10-01 19:10:00,2025-10-01 19:05:00,47.78,post_qc,0,47.78,47.78,48.06190476190476,post_qc,0,48.06190476190476,48.06190476190476,161,207,229,MD;PM,PM,345.0,36.48095238095238,40.53198757763975,68.50149197511861,47.95104438258303,5106.81507936508,1063.0822888012706,4.803781544628605,853.9,105.0,0.45,8.857142857143003,11.580952380952382,True,0,3,161,229,speed_mph,True,D12_I5_N,N,143.0,0.0851,False,PeMS_average_weekday,state_transition__PeMS::D12_I5_N::L5N-028__2025-10-01__077,1063.0822888012706,68.50149197511861,0.0851,PeMS_average_weekday,L5N-028,6,False,PM,measured,5.75,5106.81507936508,4.803781544628605,47.95104438258303,36.48095238095238,2025-10-01 13:25:00,2025-10-01 17:15:00,2025-10-01 19:10:00
state_transition,PeMS::D12_I5_N::L5N-035,2025-10-01,2025-10-01 14:20:00,2025-10-01 17:25:00,2025-10-01 19:20:00,2025-10-01 19:15:00,47.28695652173913,post_qc,0,47.28695652173913,47.28695652173913,48.1217391304348,post_qc,0,48.1217391304348,48.1217391304348,172,209,231,MD;PM,PM,300.0,33.426086956521736,37.64894268774704,67.31278267451971,47.118947872163794,4821.6351778656135,1115.5700516267907,4.322126764549136,923.1652173913044,105.0,0.6,110.92173913043473,14.69565217391306,True,0,1,172,231,speed_mph,True,D12_I5_N,N,164.0,0.2349,False,PeMS_average_weekday,state_transition__PeMS::D12_I5_N::L5N-035__2025-10-01__078,1115.5700516267907,67.31278267451971,0.2349,PeMS_average_weekday,L5N-035,5,False,PM,measured,5.0,4821.6351778656135,4.322126764549136,47.118947872163794,33.426086956521736,2025-10-01 14:20:00,2025-10-01 17:25:00,2025-10-01 19:20:00
state_transition,PeMS::D12_I5_N::L5N-038,2025-10-01,2025-10-01 12:25:00,2025-10-01 18:05:00,2025-10-01 19:15:00,2025-10-01 19:10:00,51.0,post_qc,0,51.0,51.0,51.05714285714285,post_qc,0,51.05714285714285,51.05714285714285,149,217,230,MD;PM,PM,410.0,43.47692307692308,46.61486511456024,71.93249999999999,50.35274999999999,7682.787906537907,1436.357142857143,5.348800571462066,1045.142857142857,60.0,0.5454545454545454,124.14285714285711,7.580219780219771,True,0,1,149,230,speed_mph,True,D12_I5_N,N,155.0,0.1858,False,PeMS_average_weekday,state_transition__PeMS::D12_I5_N::L5N-038__2025-10-01__079,1436.357142857143,71.93249999999999,0.1858,PeMS_average_weekday,L5N-038,6,False,PM,measured,6.833333333333333,7682.787906537907,5.348800571462066,50.35274999999999,43.47692307692308,2025-10-01 12:25:00,2025-10-01 18:05:00,2025-10-01 19:15:00
state_transition,PeMS::D12_I5_N::L5N-042,2025-10-01,2025-10-01 17:25:00,2025-10-01 17:50:00,2025-10-01 18:30:00,2025-10-01 18:25:00,49.08695652173913,post_qc,0,49.08695652173913,49.08695652173913,49.34782608695651,post_qc,0,49.34782608695651,49.34782608695651,209,214,221,PM,PM,65.0,47.16521739130435,48.04749163879598,70.35065217391305,49.24545652173913,942.4293478260869,1105.3382608695651,0.8526162363046056,886.9565217391305,30.0,0.6,23.804347826086882,2.1826086956521564,True,0,0,209,221,speed_mph,True,D12_I5_N,N,180.0,0.0764,False,PeMS_average_weekday,state_transition__PeMS::D12_I5_N::L5N-042__2025-10-01__080,1105.3382608695651,70.35065217391305,0.0764,PeMS_average_weekday,L5N-042,8,False,PM,measured,1.0833333333333333,942.4293478260869,0.8526162363046056,49.24545652173913,47.16521739130435,2025-10-01 17:25:00,2025-10-01 17:50:00,2025-10-01 18:30:00
state_transition,PeMS::D12_I5_N::L5N-042,2025-10-01,2025-10-01 20:00:00,2025-10-01 20:10:00,2025-10-01 21:15:00,2025-10-01 21:10:00,49.31304347826087,post_qc,0,49.31304347826087,49.31304347826087,67.61739130434782,post_qc,0,67.61739130434782,67.61739130434782,240,242,254,NT,NT,75.0,48.47826086956521,52.10550724637681,70.35065217391305,49.24545652173913,1071.0760869565217,1105.3382608695651,0.9690029965251638,855.5217391304348,30.0,0.2,-65.804347826087,19.139130434782608,False,0,2,240,254,speed_mph,True,D12_I5_N,N,180.0,0.0764,False,PeMS_average_weekday,state_transition__PeMS::D12_I5_N::L5N-042__2025-10-01__081,1105.3382608695651,70.35065217391305,0.0764,PeMS_average_weekday,L5N-042,8,False,NT,measured,1.25,1071.0760869565217,0.9690029965251638,49.24545652173913,48.47826086956521,2025-10-01 20:00:00,2025-10-01 20:10:00,2025-10-01 21:15:00
state_transition,PeMS::D12_I5_N::L5N-043,2025-10-01,2025-10-01 14:50:00,2025-10-01 17:35:00,2025-10-01 19:45:00,2025-10-01 19:40:00,49.99090909090909,post_qc,0,49.99090909090909,49.99090909090909,51.65652173913045,post_qc,0,51.65652173913045,51.65652173913045,178,211,236,MD;PM,PM,295.0,25.065217391304348,32.25511154284183,70.51108480368515,49.3577593625796,4372.434782608696,1087.3945222744142,4.021019687926358,917.9565217391304,120.0,0.6521739130434783,275.82608695652186,26.5913043478261,True,0,4,178,236,speed_mph,True,D12_I5_N,N,199.0,0.064,False,PeMS_average_weekday,state_transition__PeMS::D12_I5_N::L5N-043__2025-10-01__082,1087.3945222744142,70.51108480368515,0.064,PeMS_average_weekday,L5N-043,6,False,PM,measured,4.916666666666667,4372.434782608696,4.021019687926358,49.3577593625796,25.065217391304348,2025-10-01 14:50:00,2025-10-01 17:35:00,2025-10-01 19:45:00
state_transition,PeMS::D12_I5_N::L5N-045,2025-10-01,2025-10-01 14:35:00,2025-10-01 17:40:00,2025-10-01 19:45:00,2025-10-01 19:40:00,50.70000000000001,post_qc,0,50.70000000000001,50.70000000000001,52.33157894736841,post_qc,0,52.33157894736841,52.33157894736841,175,212,236,MD;PM,PM,310.0,32.14736842105264,38.7598754951896,71.23791508631481,49.86654056042037,4817.614522417155,1060.3743314954677,4.543314921271976,971.5789473684212,115.0,0.6363636363636364,232.9473684210526,20.184210526315773,True,0,4,175,236,speed_mph,True,D12_I5_N,N,204.0,0.2877,False,PeMS_average_weekday,state_transition__PeMS::D12_I5_N::L5N-045__2025-10-01__083,1060.3743314954677,71.23791508631481,0.2877,PeMS_average_weekday,L5N-045,6,False,PM,measured,5.166666666666667,4817.614522417155,4.543314921271976,49.86654056042037,32.14736842105264,2025-10-01 14:35:00,2025-10-01 17:40:00,2025-10-01 19:45:00
state_transition,PeMS::D12_I5_N::L5N-072,2025-10-01,2025-10-01 17:10:00,2025-10-01 17:50:00,2025-10-01 18:30:00,2025-10-01 18:25:00,46.97391304347826,post_qc,0,46.97391304347826,46.97391304347826,46.82826086956521,post_qc,0,46.82826086956521,46.82826086956521,206,214,221,PM,PM,80.0,44.29782608695651,45.723369565217396,66.61512746928959,46.63058922850271,1444.695652173913,1213.8696894147686,1.190157118817614,1097.576086956522,30.0,0.6,25.695652173913004,2.530434782608701,True,0,0,206,221,speed_mph,True,D12_I5_N,N,191.0,0.3511,False,PeMS_average_weekday,state_transition__PeMS::D12_I5_N::L5N-072__2025-10-01__084,1213.8696894147686,66.61512746928959,0.3511,PeMS_average_weekday,L5N-072,4,False,PM,measured,1.3333333333333333,1444.695652173913,1.190157118817614,46.63058922850271,44.29782608695651,2025-10-01 17:10:00,2025-10-01 17:50:00,2025-10-01 18:30:00
state_transition,PeMS::D12_I5_N::L5N-128,2025-10-01,2025-10-01 14:35:00,2025-10-01 16:00:00,2025-10-01 19:35:00,2025-10-01 19:30:00,52.10555555555556,post_qc,0,52.10555555555556,52.10555555555556,52.37894736842106,post_qc,0,52.37894736842106,52.37894736842106,175,192,234,MD;PM,PM,300.0,38.6421052631579,42.27821637426901,71.77175513891335,50.240228597239344,5504.781676413256,1143.286877710908,4.814873487776703,1093.5263157894738,200.0,0.48717948717948717,-35.15789473684208,13.736842105263158,False,0,4,175,234,speed_mph,True,D12_I5_N,N,219.0,0.3082,False,PeMS_average_weekday,state_transition__PeMS::D12_I5_N::L5N-128__2025-10-01__085,1143.286877710908,71.77175513891335,0.3082,PeMS_average_weekday,L5N-128,6,False,PM,measured,5.0,5504.781676413256,4.814873487776703,50.240228597239344,38.6421052631579,2025-10-01 14:35:00,2025-10-01 16:00:00,2025-10-01 19:35:00
state_transition,PeMS::D12_I5_N::L5N-131,2025-10-01,2025-10-01 13:45:00,2025-10-01 16:55:00,2025-10-01 19:40:00,2025-10-01 19:35:00,50.55454545454546,post_qc,0,50.55454545454546,50.55454545454546,50.00833333333334,post_qc,0,50.00833333333334,50.00833333333334,165,203,235,MD;PM,PM,355.0,34.40833333333334,40.405185659411,70.73118574239156,49.511830019674086,7086.906565656565,1360.045006244457,5.2107882703278365,1118.8333333333333,155.0,0.5666666666666667,139.5,15.600000000000001,True,0,2,165,235,speed_mph,True,D12_I5_N,N,170.0,0.2728,False,PeMS_average_weekday,state_transition__PeMS::D12_I5_N::L5N-131__2025-10-01__086,1360.045006244457,70.73118574239156,0.2728,PeMS_average_weekday,L5N-131,6,False,PM,measured,5.916666666666667,7086.906565656565,5.2107882703278365,49.511830019674086,34.40833333333334,2025-10-01 13:45:00,2025-10-01 16:55:00,2025-10-01 19:40:00
state_transition,PeMS::D12_I5_N::L5N-132,2025-10-01,2025-10-01 13:35:00,2025-10-01 17:40:00,2025-10-01 19:55:00,2025-10-01 19:50:00,50.67777777777778,post_qc,0,50.67777777777778,50.67777777777778,50.66785714285714,post_qc,0,50.66785714285714,50.66785714285714,163,212,238,MD;PM,PM,380.0,32.910714285714285,38.48362399053188,68.72198042606713,48.10538629824699,6367.710317460316,1133.599372822974,5.617249329984162,978.1836734693878,125.0,0.6666666666666666,116.93877551020421,17.757142857142853,True,0,5,163,238,speed_mph,True,D12_I5_N,N,173.0,0.192,False,PeMS_average_weekday,state_transition__PeMS::D12_I5_N::L5N-132__2025-10-01__087,1133.599372822974,68.72198042606713,0.192,PeMS_average_weekday,L5N-132,7,False,PM,measured,6.333333333333333,6367.710317460316,5.617249329984162,48.10538629824699,32.910714285714285,2025-10-01 13:35:00,2025-10-01 17:40:00,2025-10-01 19:55:00
state_transition,PeMS::D12_I5_N::L5N-133,2025-10-01,2025-10-01 08:00:00,2025-10-01 08:30:00,2025-10-01 08:55:00,2025-10-01 08:50:00,48.22619047619049,post_qc,0,48.22619047619049,48.22619047619049,48.43809523809524,post_qc,0,48.43809523809524,48.43809523809524,96,102,106,AM,AM,55.0,45.95238095238095,47.005844155844166,68.99411697406033,48.29588188184223,981.4920634920634,1096.9644349295625,0.8947346260638671,1046.3333333333333,15.0,0.5,-14.095238095237846,2.4857142857142875,False,0,4,96,106,speed_mph,True,D12_I5_N,N,132.0,0.3815,False,PeMS_average_weekday,state_transition__PeMS::D12_I5_N::L5N-133__2025-10-01__088,1096.9644349295625,68.99411697406033,0.3815,PeMS_average_weekday,L5N-133,6,False,AM,measured,0.9166666666666666,981.4920634920634,0.8947346260638671,48.29588188184223,45.95238095238095,2025-10-01 08:00:00,2025-10-01 08:30:00,2025-10-01 08:55:00
state_transition,PeMS::D12_I5_N::L5N-133,2025-10-01,2025-10-01 13:50:00,2025-10-01 16:00:00,2025-10-01 18:10:00,2025-10-01 18:05:00,48.93333333333333,post_qc,0,48.93333333333333,48.93333333333333,49.45909090909091,post_qc,0,49.45909090909091,49.45909090909091,166,192,217,MD;PM,PM,260.0,36.56363636363636,40.932178238428236,68.99411697406033,48.29588188184223,4256.325577200576,1096.9644349295625,3.8800944147964835,973.1136363636363,120.0,0.5217391304347826,72.22727272727286,12.895454545454548,True,0,0,166,217,speed_mph,True,D12_I5_N,N,132.0,0.3815,False,PeMS_average_weekday,state_transition__PeMS::D12_I5_N::L5N-133__2025-10-01__089,1096.9644349295625,68.99411697406033,0.3815,PeMS_average_weekday,L5N-133,6,False,PM,measured,4.333333333333333,4256.325577200576,3.8800944147964835,48.29588188184223,36.56363636363636,2025-10-01 13:50:00,2025-10-01 16:00:00,2025-10-01 18:10:00
state_transition,PeMS::D12_I5_N::L5N-134,2025-10-01,2025-10-01 14:00:00,2025-10-01 17:25:00,2025-10-01 19:50:00,2025-10-01 19:45:00,50.13636363636364,post_qc,0,50.13636363636364,50.13636363636364,51.31666666666667,post_qc,0,51.31666666666667,51.31666666666667,168,209,237,MD;PM,PM,350.0,13.46666666666666,26.240768398268397,71.00246051540262,49.70172236078183,5426.674242424242,1193.0363144200494,4.548624527881382,898.1428571428571,135.0,0.46153846153846156,181.42857142857144,37.85000000000001,True,0,1,168,237,speed_mph,True,D12_I5_N,N,167.0,0.0982,False,PeMS_average_weekday,state_transition__PeMS::D12_I5_N::L5N-134__2025-10-01__090,1193.0363144200494,71.00246051540262,0.0982,PeMS_average_weekday,L5N-134,7,False,PM,measured,5.833333333333333,5426.674242424242,4.548624527881382,49.70172236078183,13.46666666666666,2025-10-01 14:00:00,2025-10-01 17:25:00,2025-10-01 19:50:00
state_transition,PeMS::D12_I5_N::L5N-135,2025-10-01,2025-10-01 14:20:00,2025-10-01 15:35:00,2025-10-01 19:40:00,2025-10-01 19:35:00,49.26363636363638,post_qc,0,49.26363636363638,49.26363636363638,48.95217391304349,post_qc,0,48.95217391304349,48.95217391304349,172,187,235,MD;PM,MD,320.0,38.26818181818182,41.917471590909095,68.24928256364005,47.77449779454803,5014.931818181818,1020.4078006357344,4.914634928366302,897.1304347826086,235.0,0.5434782608695652,11.363636363636374,10.683992094861665,True,0,7,172,235,speed_mph,True,D12_I5_N,N,215.0,0.0472,False,PeMS_average_weekday,state_transition__PeMS::D12_I5_N::L5N-135__2025-10-01__091,1020.4078006357344,68.24928256364005,0.0472,PeMS_average_weekday,L5N-135,6,False,MD,measured,5.333333333333333,5014.931818181818,4.914634928366302,47.77449779454803,38.26818181818182,2025-10-01 14:20:00,2025-10-01 15:35:00,2025-10-01 19:40:00
state_transition,PeMS::D12_I5_N::L5N-138,2025-10-01,2025-10-01 14:35:00,2025-10-01 14:55:00,2025-10-01 17:55:00,2025-10-01 17:50:00,51.27727272727274,post_qc,0,51.27727272727274,51.27727272727274,49.49999999999999,post_qc,0,49.49999999999999,49.49999999999999,175,179,214,MD;PM,MD,200.0,33.94545454545455,40.485454545454544,69.70282999503613,48.79198099652528,3140.045454545455,962.7844457558876,3.2614210464110553,942.6623376623377,170.0,0.5454545454545454,133.87012987012997,15.55454545454544,True,0,2,175,214,speed_mph,True,D12_I5_N,N,123.0,0.2082,False,PeMS_average_weekday,state_transition__PeMS::D12_I5_N::L5N-138__2025-10-01__092,962.7844457558876,69.70282999503613,0.2082,PeMS_average_weekday,L5N-138,7,False,MD,measured,3.3333333333333335,3140.045454545455,3.2614210464110553,48.79198099652528,33.94545454545455,2025-10-01 14:35:00,2025-10-01 14:55:00,2025-10-01 17:55:00
state_transition,PeMS::D12_I5_N::L5N-140,2025-10-01,2025-10-01 17:15:00,2025-10-01 17:25:00,2025-10-01 17:45:00,2025-10-01 17:40:00,51.67567567567569,post_qc,0,51.67567567567569,51.67567567567569,48.82432432432432,post_qc,0,48.82432432432432,48.82432432432432,207,209,212,PM,PM,30.0,44.02972972972972,46.93556056056056,69.65702702702703,48.75991891891891,555.7708708708709,1284.441081081081,0.43269471761452294,1084.6702702702703,10.0,0.0,-34.24864864864867,4.794594594594599,False,0,2,207,212,speed_mph,True,D12_I5_N,N,113.0,0.3598,False,PeMS_average_weekday,state_transition__PeMS::D12_I5_N::L5N-140__2025-10-01__093,1284.441081081081,69.65702702702703,0.3598,PeMS_average_weekday,L5N-140,5,False,PM,measured,0.5,555.7708708708709,0.43269471761452294,48.75991891891891,44.02972972972972,2025-10-01 17:15:00,2025-10-01 17:25:00,2025-10-01 17:45:00
state_transition,PeMS::D12_I5_N::L5N-146,2025-10-01,2025-10-01 14:35:00,2025-10-01 16:10:00,2025-10-01 19:35:00,2025-10-01 19:30:00,49.36363636363636,post_qc,0,49.36363636363636,49.36363636363636,49.08695652173914,post_qc,0,49.08695652173914,49.08695652173914,175,194,234,MD;PM,PM,300.0,34.75652173913044,37.922223320158096,68.62908541126373,48.04035978788461,5958.534782608695,1244.292322012775,4.788693683305971,1188.6260869565217,195.0,0.5,-47.79130434782587,14.330434782608698,False,0,2,175,234,speed_mph,True,D12_I5_N,N,221.0,0.2386,False,PeMS_average_weekday,state_transition__PeMS::D12_I5_N::L5N-146__2025-10-01__094,1244.292322012775,68.62908541126373,0.2386,PeMS_average_weekday,L5N-146,5,False,PM,measured,5.0,5958.534782608695,4.788693683305971,48.04035978788461,34.75652173913044,2025-10-01 14:35:00,2025-10-01 16:10:00,2025-10-01 19:35:00
state_transition,PeMS::D12_I5_N::L5N-157,2025-10-01,2025-10-01 14:25:00,2025-10-01 17:35:00,2025-10-01 19:10:00,2025-10-01 19:05:00,50.67333333333333,post_qc,0,50.67333333333333,50.67333333333333,51.93749999999999,post_qc,0,51.93749999999999,51.93749999999999,173,211,229,MD;PM,PM,285.0,41.51875,45.639946741854644,71.83875,50.287125,4935.212400793652,1410.51625,3.498869581115178,1012.875,85.0,0.625,130.75,10.418749999999996,True,0,3,173,229,speed_mph,True,D12_I5_N,N,161.0,0.0951,False,PeMS_average_weekday,state_transition__PeMS::D12_I5_N::L5N-157__2025-10-01__095,1410.51625,71.83875,0.0951,PeMS_average_weekday,L5N-157,6,False,PM,measured,4.75,4935.212400793652,3.498869581115178,50.287125,41.51875,2025-10-01 14:25:00,2025-10-01 17:35:00,2025-10-01 19:10:00
state_transition,PeMS::D12_I5_N::L5N-159,2025-10-01,2025-10-01 16:00:00,2025-10-01 17:40:00,2025-10-01 18:50:00,2025-10-01 18:45:00,48.68260869565216,post_qc,0,48.68260869565216,48.68260869565216,49.28695652173912,post_qc,0,49.28695652173912,49.28695652173912,192,212,225,PM,PM,170.0,43.47826086956522,45.41764705882353,69.79447675150786,48.856133726055496,3883.4782608695655,1448.8442709015746,2.680397292424663,1356.208695652174,60.0,0.5454545454545454,12.208695652173901,5.808695652173903,True,0,1,192,225,speed_mph,True,D12_I5_N,N,190.0,0.5139,False,PeMS_average_weekday,state_transition__PeMS::D12_I5_N::L5N-159__2025-10-01__096,1448.8442709015746,69.79447675150786,0.5139,PeMS_average_weekday,L5N-159,5,False,PM,measured,2.8333333333333335,3883.4782608695655,2.680397292424663,48.856133726055496,43.47826086956522,2025-10-01 16:00:00,2025-10-01 17:40:00,2025-10-01 18:50:00
state_transition,PeMS::D12_I5_N::L5N-161,2025-10-01,2025-10-01 07:30:00,2025-10-01 08:35:00,2025-10-01 09:30:00,2025-10-01 09:25:00,51.50909090909092,post_qc,0,51.50909090909092,51.50909090909092,50.371428571428574,post_qc,0,50.371428571428574,50.371428571428574,90,103,113,AM,AM,120.0,39.54285714285714,43.80241432178932,70.27219530423932,49.19053671296752,2196.37560296846,1045.6966999303768,2.1003945055145494,1054.408163265306,40.0,0.2857142857142857,-34.09387755102057,10.828571428571436,False,0,2,90,113,speed_mph,True,D12_I5_N,N,149.0,0.2287,False,PeMS_average_weekday,state_transition__PeMS::D12_I5_N::L5N-161__2025-10-01__097,1045.6966999303768,70.27219530423932,0.2287,PeMS_average_weekday,L5N-161,7,False,AM,measured,2.0,2196.37560296846,2.1003945055145494,49.19053671296752,39.54285714285714,2025-10-01 07:30:00,2025-10-01 08:35:00,2025-10-01 09:30:00
state_transition,PeMS::D12_I5_N::L5N-161,2025-10-01,2025-10-01 12:25:00,2025-10-01 18:15:00,2025-10-01 19:35:00,2025-10-01 19:30:00,50.13809523809524,post_qc,0,50.13809523809524,50.13809523809524,50.354545454545466,post_qc,0,50.354545454545466,50.354545454545466,149,219,234,MD;PM,PM,430.0,33.30909090909091,38.07008708345918,70.27219530423932,49.19053671296752,6514.358379715523,1045.6966999303768,6.229682450130381,869.6883116883116,70.0,0.6153846153846154,136.67532467532476,17.045454545454554,True,0,0,149,234,speed_mph,True,D12_I5_N,N,149.0,0.2287,False,PeMS_average_weekday,state_transition__PeMS::D12_I5_N::L5N-161__2025-10-01__098,1045.6966999303768,70.27219530423932,0.2287,PeMS_average_weekday,L5N-161,7,False,PM,measured,7.166666666666667,6514.358379715523,6.229682450130381,49.19053671296752,33.30909090909091,2025-10-01 12:25:00,2025-10-01 18:15:00,2025-10-01 19:35:00
state_transition,PeMS::D12_I5_N::L5N-162,2025-10-01,2025-10-01 13:35:00,2025-10-01 15:45:00,2025-10-01 18:50:00,2025-10-01 18:45:00,48.29523809523809,post_qc,0,48.29523809523809,48.29523809523809,47.64545454545455,post_qc,0,47.64545454545455,47.64545454545455,163,189,225,MD;PM,MD,315.0,42.81818181818182,45.63868618154332,67.97886363636364,47.58520454545455,4997.765151515151,1259.8254545454545,3.967029824237316,932.9090909090908,175.0,0.5882352941176471,51.54545454545439,4.827272727272728,True,0,7,163,225,speed_mph,True,D12_I5_N,N,134.0,0.2541,False,PeMS_average_weekday,state_transition__PeMS::D12_I5_N::L5N-162__2025-10-01__099,1259.8254545454545,67.97886363636364,0.2541,PeMS_average_weekday,L5N-162,6,False,MD,measured,5.25,4997.765151515151,3.967029824237316,47.58520454545455,42.81818181818182,2025-10-01 13:35:00,2025-10-01 15:45:00,2025-10-01 18:50:00
state_transition,PeMS::D12_I5_N::L5N-163,2025-10-01,2025-10-01 07:35:00,2025-10-01 08:20:00,2025-10-01 09:15:00,2025-10-01 09:10:00,52.3,post_qc,0,52.3,52.3,52.18571428571428,post_qc,0,52.18571428571428,52.18571428571428,91,100,110,AM,AM,100.0,36.26666666666667,41.66738095238095,71.03119660002716,49.72183762001901,2025.1922799422798,1257.3227891963716,1.6107178660435308,1156.2857142857142,45.0,0.375,-72.3809523809523,15.91904761904761,False,0,4,91,110,speed_mph,True,D12_I5_N,N,133.0,1.0445,False,PeMS_average_weekday,state_transition__PeMS::D12_I5_N::L5N-163__2025-10-01__100,1257.3227891963716,71.03119660002716,1.0445,PeMS_average_weekday,L5N-163,6,False,AM,measured,1.6666666666666667,2025.1922799422798,1.6107178660435308,49.72183762001901,36.26666666666667,2025-10-01 07:35:00,2025-10-01 08:20:00,2025-10-01 09:15:00
state_transition,PeMS::D12_I5_N::L5N-163,2025-10-01,2025-10-01 13:35:00,2025-10-01 15:25:00,2025-10-01 18:55:00,2025-10-01 18:50:00,52.43809523809524,post_qc,0,52.43809523809524,52.43809523809524,52.02272727272729,post_qc,0,52.02272727272729,52.02272727272729,163,185,226,MD;PM,MD,320.0,18.859090909090902,28.611789772727274,71.03119660002716,49.72183762001901,5574.212121212121,1257.3227891963716,4.433397826802238,1039.7748917748918,200.0,0.6153846153846154,76.90909090909088,33.163636363636385,True,0,2,163,226,speed_mph,True,D12_I5_N,N,133.0,1.0445,False,PeMS_average_weekday,state_transition__PeMS::D12_I5_N::L5N-163__2025-10-01__101,1257.3227891963716,71.03119660002716,1.0445,PeMS_average_weekday,L5N-163,6,False,MD,measured,5.333333333333333,5574.212121212121,4.433397826802238,49.72183762001901,18.859090909090902,2025-10-01 13:35:00,2025-10-01 15:25:00,2025-10-01 18:55:00
state_transition,PeMS::D12_I5_N::L5N-165,2025-10-01,2025-10-01 08:00:00,2025-10-01 08:15:00,2025-10-01 08:40:00,2025-10-01 08:35:00,48.65238095238096,post_qc,0,48.65238095238096,48.65238095238096,49.742857142857154,post_qc,0,49.742857142857154,49.742857142857154,96,99,103,AM,AM,40.0,46.08571428571428,47.47202380952381,68.60926782945062,48.02648748061543,615.5578231292517,1023.726071809192,0.601291536945425,925.1428571428572,15.0,0.5,-20.163265306122412,3.6571428571428726,False,0,4,96,103,speed_mph,True,D12_I5_N,N,129.0,0.2492,False,PeMS_average_weekday,state_transition__PeMS::D12_I5_N::L5N-165__2025-10-01__102,1023.726071809192,68.60926782945062,0.2492,PeMS_average_weekday,L5N-165,7,False,AM,measured,0.6666666666666666,615.5578231292517,0.601291536945425,48.02648748061543,46.08571428571428,2025-10-01 08:00:00,2025-10-01 08:15:00,2025-10-01 08:40:00
state_transition,PeMS::D12_I5_N::L5N-165,2025-10-01,2025-10-01 14:10:00,2025-10-01 15:00:00,2025-10-01 18:00:00,2025-10-01 17:55:00,50.20000000000001,post_qc,0,50.20000000000001,50.20000000000001,50.85,post_qc,0,50.85,50.85,170,180,215,MD;PM,MD,230.0,36.43181818181819,40.83577075098814,68.60926782945062,48.02648748061543,3672.9458874458874,1023.726071809192,3.587820989021829,948.7012987012986,170.0,0.45454545454545453,111.97402597402606,14.418181818181814,True,0,4,170,215,speed_mph,True,D12_I5_N,N,129.0,0.2492,False,PeMS_average_weekday,state_transition__PeMS::D12_I5_N::L5N-165__2025-10-01__103,1023.726071809192,68.60926782945062,0.2492,PeMS_average_weekday,L5N-165,7,False,MD,measured,3.8333333333333335,3672.9458874458874,3.587820989021829,48.02648748061543,36.43181818181819,2025-10-01 14:10:00,2025-10-01 15:00:00,2025-10-01 18:00:00
state_transition,PeMS::D12_I5_N::L5N-166,2025-10-01,2025-10-01 17:15:00,2025-10-01 17:30:00,2025-10-01 17:50:00,2025-10-01 17:45:00,52.93333333333334,post_qc,0,52.93333333333334,52.93333333333334,52.284615384615385,post_qc,0,52.284615384615385,52.284615384615385,207,210,213,PM,PM,35.0,45.65384615384615,48.49333166833167,71.96846153846154,50.37792307692308,949.1455710955711,1719.6651538461538,0.5519362702516472,1580.7272727272725,10.0,0.0,-40.14545454545487,6.630769230769232,False,0,2,207,213,speed_mph,True,D12_I5_N,N,119.0,0.2293,False,PeMS_average_weekday,state_transition__PeMS::D12_I5_N::L5N-166__2025-10-01__104,1719.6651538461538,71.96846153846154,0.2293,PeMS_average_weekday,L5N-166,5,False,PM,measured,0.5833333333333334,949.1455710955711,0.5519362702516472,50.37792307692308,45.65384615384615,2025-10-01 17:15:00,2025-10-01 17:30:00,2025-10-01 17:50:00
state_transition,PeMS::D12_I5_N::L5N-178,2025-10-01,2025-10-01 07:40:00,2025-10-01 08:30:00,2025-10-01 09:20:00,2025-10-01 09:15:00,49.96190476190476,post_qc,0,49.96190476190476,49.96190476190476,52.545,post_qc,0,52.545,52.545,92,102,111,AM,AM,100.0,29.47619047619048,35.88772619047619,70.20837579453372,49.1458630561736,1799.6214285714284,1139.6321419104645,1.5791248442278631,1042.6938775510205,40.0,0.42857142857142855,15.183673469387713,23.06880952380952,True,0,4,92,111,speed_mph,True,D12_I5_N,N,137.0,0.1678,False,PeMS_average_weekday,state_transition__PeMS::D12_I5_N::L5N-178__2025-10-01__105,1139.6321419104645,70.20837579453372,0.1678,PeMS_average_weekday,L5N-178,7,False,AM,measured,1.6666666666666667,1799.6214285714284,1.5791248442278631,49.1458630561736,29.47619047619048,2025-10-01 07:40:00,2025-10-01 08:30:00,2025-10-01 09:20:00
state_transition,PeMS::D12_I5_N::L5N-178,2025-10-01,2025-10-01 13:45:00,2025-10-01 16:25:00,2025-10-01 19:00:00,2025-10-01 18:55:00,53.93809523809525,post_qc,0,53.93809523809525,53.93809523809525,50.42272727272728,post_qc,0,50.42272727272728,50.42272727272728,165,197,227,MD;PM,PM,315.0,17.186363636363637,27.044258915687486,70.20837579453372,49.1458630561736,4661.670068027211,1139.6321419104645,4.090504204464124,895.6363636363636,145.0,0.5,50.64935064935071,33.23636363636364,True,0,4,165,227,speed_mph,True,D12_I5_N,N,137.0,0.1678,False,PeMS_average_weekday,state_transition__PeMS::D12_I5_N::L5N-178__2025-10-01__106,1139.6321419104645,70.20837579453372,0.1678,PeMS_average_weekday,L5N-178,7,False,PM,measured,5.25,4661.670068027211,4.090504204464124,49.1458630561736,17.186363636363637,2025-10-01 13:45:00,2025-10-01 16:25:00,2025-10-01 19:00:00
state_transition,PeMS::D12_I5_N::L5N-230,2025-10-01,2025-10-01 08:30:00,2025-10-01 08:45:00,2025-10-01 09:05:00,2025-10-01 09:00:00,51.13043478260871,post_qc,0,51.13043478260871,51.13043478260871,51.02173913043478,post_qc,0,51.02173913043478,51.02173913043478,102,105,108,AM,AM,35.0,46.70869565217391,48.64223602484473,70.34599963326036,49.24219974328225,672.1242236024844,1119.6629311802133,0.6002915742633476,1152.111801242236,10.0,0.0,-22.881987577639848,4.313043478260873,False,0,2,102,108,speed_mph,True,D12_I5_N,N,179.0,0.0547,False,PeMS_average_weekday,state_transition__PeMS::D12_I5_N::L5N-230__2025-10-01__107,1119.6629311802133,70.34599963326036,0.0547,PeMS_average_weekday,L5N-230,7,False,AM,measured,0.5833333333333334,672.1242236024844,0.6002915742633476,49.24219974328225,46.70869565217391,2025-10-01 08:30:00,2025-10-01 08:45:00,2025-10-01 09:05:00
state_transition,PeMS::D12_I5_N::L5N-230,2025-10-01,2025-10-01 11:40:00,2025-10-01 17:40:00,2025-10-01 19:55:00,2025-10-01 19:50:00,50.78260869565216,post_qc,0,50.78260869565216,50.78260869565216,50.19130434782608,post_qc,0,50.19130434782608,50.19130434782608,140,212,238,MD;PM,PM,495.0,34.29130434782609,40.084057971014495,70.34599963326036,49.24219974328225,8330.569169960476,1119.6629311802133,7.4402473619265015,962.16149068323,125.0,0.5833333333333334,157.63975155279525,15.899999999999991,True,0,8,140,238,speed_mph,True,D12_I5_N,N,179.0,0.0547,False,PeMS_average_weekday,state_transition__PeMS::D12_I5_N::L5N-230__2025-10-01__108,1119.6629311802133,70.34599963326036,0.0547,PeMS_average_weekday,L5N-230,7,False,PM,measured,8.25,8330.569169960476,7.4402473619265015,49.24219974328225,34.29130434782609,2025-10-01 11:40:00,2025-10-01 17:40:00,2025-10-01 19:55:00
state_transition,PeMS::D12_I5_N::L5N-233,2025-10-01,2025-10-01 15:45:00,2025-10-01 16:00:00,2025-10-01 19:50:00,2025-10-01 19:45:00,41.42,post_qc,0,41.42,41.42,49.81000000000001,post_qc,0,49.81000000000001,49.81000000000001,189,192,237,MD;PM,PM,245.0,39.77,42.7730612244898,69.62448889262245,48.73714222483572,4930.48,1499.5181517682695,3.288042891768835,1177.44,220.0,0.5116279069767442,-12.960000000000036,10.040000000000006,False,0,0,189,237,speed_mph,True,D12_I5_N,N,169.0,0.1473,False,PeMS_average_weekday,state_transition__PeMS::D12_I5_N::L5N-233__2025-10-01__109,1499.5181517682695,69.62448889262245,0.1473,PeMS_average_weekday,L5N-233,5,False,PM,measured,4.083333333333333,4930.48,3.288042891768835,48.73714222483572,39.77,2025-10-01 15:45:00,2025-10-01 16:00:00,2025-10-01 19:50:00
state_transition,PeMS::D12_I5_N::L5N-242,2025-10-01,2025-10-01 14:50:00,2025-10-01 17:35:00,2025-10-01 19:40:00,2025-10-01 19:35:00,51.82727272727272,post_qc,0,51.82727272727272,51.82727272727272,51.03913043478261,post_qc,0,51.03913043478261,51.03913043478261,178,211,235,MD;PM,PM,290.0,26.234782608695653,35.28506201444732,70.90366399118822,49.63256479383176,3385.1312817617168,822.2556720292315,4.11688407500748,717.9130434782609,115.0,0.7272727272727273,227.4037267080745,24.804347826086953,True,0,1,178,235,speed_mph,True,D12_I5_N,N,200.0,0.1274,False,PeMS_average_weekday,state_transition__PeMS::D12_I5_N::L5N-242__2025-10-01__110,822.2556720292315,70.90366399118822,0.1274,PeMS_average_weekday,L5N-242,7,False,PM,measured,4.833333333333333,3385.1312817617168,4.11688407500748,49.63256479383176,26.234782608695653,2025-10-01 14:50:00,2025-10-01 17:35:00,2025-10-01 19:40:00
state_transition,PeMS::D12_I5_N::L5N-248,2025-10-01,2025-10-01 14:25:00,2025-10-01 17:30:00,2025-10-01 19:45:00,2025-10-01 19:40:00,48.24090909090911,post_qc,0,48.24090909090911,48.24090909090911,48.10869565217392,post_qc,0,48.10869565217392,48.10869565217392,173,210,236,MD;PM,PM,320.0,28.991304347826087,34.59215662055336,68.26473482360103,47.78531437652072,4026.797760210804,905.5869582049376,4.446616333999286,767.7391304347826,125.0,0.75,285.82608695652186,19.117391304347834,True,0,6,173,236,speed_mph,True,D12_I5_N,N,213.0,0.0298,False,PeMS_average_weekday,state_transition__PeMS::D12_I5_N::L5N-248__2025-10-01__111,905.5869582049376,68.26473482360103,0.0298,PeMS_average_weekday,L5N-248,6,False,PM,measured,5.333333333333333,4026.797760210804,4.446616333999286,47.78531437652072,28.991304347826087,2025-10-01 14:25:00,2025-10-01 17:30:00,2025-10-01 19:45:00
state_transition,PeMS::D12_I5_S::L5S-028,2025-10-01,2025-10-01 07:20:00,2025-10-01 08:00:00,2025-10-01 09:25:00,2025-10-01 09:20:00,50.268181818181816,post_qc,0,50.268181818181816,50.268181818181816,50.457142857142856,post_qc,0,50.457142857142856,50.457142857142856,88,96,112,AM,AM,125.0,41.495238095238086,45.44638354978355,70.62540543331079,49.43778380331755,2463.334199134199,1224.976461471531,2.010923700668552,1168.2857142857142,75.0,0.35714285714285715,-85.8380952380951,8.96190476190477,False,0,1,88,112,speed_mph,True,D12_I5_S,S,56.0,0.1845,False,PeMS_average_weekday,state_transition__PeMS::D12_I5_S::L5S-028__2025-10-01__112,1224.976461471531,70.62540543331079,0.1845,PeMS_average_weekday,L5S-028,6,False,AM,measured,2.0833333333333335,2463.334199134199,2.010923700668552,49.43778380331755,41.495238095238086,2025-10-01 07:20:00,2025-10-01 08:00:00,2025-10-01 09:25:00
state_transition,PeMS::D12_I5_S::L5S-028,2025-10-01,2025-10-01 16:55:00,2025-10-01 17:05:00,2025-10-01 17:45:00,2025-10-01 17:40:00,50.604545454545466,post_qc,0,50.604545454545466,50.604545454545466,50.69545454545455,post_qc,0,50.69545454545455,50.69545454545455,203,205,212,PM,PM,50.0,48.45909090909091,49.40545454545455,70.62540543331079,49.43778380331755,1058.0833333333335,1224.976461471531,0.8637580938186247,1258.0,25.0,0.25,-47.090909090909236,2.2363636363636417,False,0,1,203,212,speed_mph,True,D12_I5_S,S,56.0,0.1845,False,PeMS_average_weekday,state_transition__PeMS::D12_I5_S::L5S-028__2025-10-01__113,1224.976461471531,70.62540543331079,0.1845,PeMS_average_weekday,L5S-028,6,False,PM,measured,0.8333333333333334,1058.0833333333335,0.8637580938186247,49.43778380331755,48.45909090909091,2025-10-01 16:55:00,2025-10-01 17:05:00,2025-10-01 17:45:00
state_transition,PeMS::D12_I5_S::L5S-033,2025-10-01,2025-10-01 06:35:00,2025-10-01 07:35:00,2025-10-01 09:20:00,2025-10-01 09:15:00,49.16000000000001,post_qc,0,49.16000000000001,49.16000000000001,47.53428571428571,post_qc,0,47.53428571428571,47.53428571428571,79,91,111,AM,AM,165.0,37.80285714285716,43.191515537344415,68.35633590125659,47.849435130879606,2898.1289381207025,1125.0197758286404,2.576069328191202,1031.72987012987,100.0,0.3684210526315789,-70.01142857142861,9.731428571428552,False,0,3,79,111,speed_mph,True,D12_I5_S,S,60.0,0.4611,False,PeMS_average_weekday,state_transition__PeMS::D12_I5_S::L5S-033__2025-10-01__114,1125.0197758286404,68.35633590125659,0.4611,PeMS_average_weekday,L5S-033,5,False,AM,measured,2.75,2898.1289381207025,2.576069328191202,47.849435130879606,37.80285714285716,2025-10-01 06:35:00,2025-10-01 07:35:00,2025-10-01 09:20:00
state_transition,PeMS::D12_I5_S::L5S-033,2025-10-01,2025-10-01 17:05:00,2025-10-01 17:40:00,2025-10-01 18:20:00,2025-10-01 18:15:00,48.603030303030295,post_qc,0,48.603030303030295,48.603030303030295,50.25142857142857,post_qc,0,50.25142857142857,50.25142857142857,205,212,219,PM,PM,75.0,38.08235294117647,42.54131126389951,68.35633590125659,47.849435130879606,1397.0905780494015,1125.0197758286404,1.241836461959405,1114.2161344537817,30.0,0.2,-28.443025210084215,12.169075630252102,False,0,1,205,219,speed_mph,True,D12_I5_S,S,60.0,0.4611,False,PeMS_average_weekday,state_transition__PeMS::D12_I5_S::L5S-033__2025-10-01__115,1125.0197758286404,68.35633590125659,0.4611,PeMS_average_weekday,L5S-033,5,False,PM,measured,1.25,1397.0905780494015,1.241836461959405,47.849435130879606,38.08235294117647,2025-10-01 17:05:00,2025-10-01 17:40:00,2025-10-01 18:20:00
state_transition,PeMS::D12_I5_S::L5S-035,2025-10-01,2025-10-01 06:35:00,2025-10-01 07:55:00,2025-10-01 09:10:00,2025-10-01 09:05:00,50.41538461538462,post_qc,0,50.41538461538462,50.41538461538462,50.67692307692308,post_qc,0,50.67692307692308,50.67692307692308,79,95,109,AM,AM,155.0,48.76153846153847,49.90554364989848,71.29601291949618,49.90720904364732,3600.5151515151515,1430.8441879328998,2.5163572539066705,1381.8181818181818,35.0,0.3333333333333333,-19.423076923076906,1.9153846153846104,False,0,1,79,109,speed_mph,True,D12_I5_S,S,58.0,0.1939,False,PeMS_average_weekday,state_transition__PeMS::D12_I5_S::L5S-035__2025-10-01__116,1430.8441879328998,71.29601291949618,0.1939,PeMS_average_weekday,L5S-035,6,False,AM,measured,2.5833333333333335,3600.5151515151515,2.5163572539066705,49.90720904364732,48.76153846153847,2025-10-01 06:35:00,2025-10-01 07:55:00,2025-10-01 09:10:00
state_transition,PeMS::D12_I5_S::L5S-036,2025-10-01,2025-10-01 06:15:00,2025-10-01 07:55:00,2025-10-01 10:25:00,2025-10-01 10:20:00,51.323076923076925,post_qc,0,51.323076923076925,51.323076923076925,50.69166666666667,post_qc,0,50.69166666666667,50.69166666666667,75,95,124,AM;MD,AM,250.0,21.73076923076923,32.60628205128205,71.59288433896538,50.11501903727576,5781.503846153847,1615.9940864381035,3.577676363220586,1378.4923076923076,140.0,0.5925925925925926,103.06153846153848,28.96089743589744,True,0,2,75,124,speed_mph,True,D12_I5_S,S,63.0,0.3039,False,PeMS_average_weekday,state_transition__PeMS::D12_I5_S::L5S-036__2025-10-01__117,1615.9940864381035,71.59288433896538,0.3039,PeMS_average_weekday,L5S-036,5,False,AM,measured,4.166666666666667,5781.503846153847,3.577676363220586,50.11501903727576,21.73076923076923,2025-10-01 06:15:00,2025-10-01 07:55:00,2025-10-01 10:25:00
state_transition,PeMS::D12_I5_S::L5S-036,2025-10-01,2025-10-01 17:20:00,2025-10-01 17:45:00,2025-10-01 18:10:00,2025-10-01 18:05:00,51.48333333333333,post_qc,0,51.48333333333333,51.48333333333333,51.45,post_qc,0,51.45,51.45,208,213,217,PM,PM,50.0,41.34166666666666,46.245,71.59288433896538,50.11501903727576,1257.7666666666667,1615.9940864381035,0.7783238052801142,1521.8,15.0,0.0,-24.0,10.108333333333341,False,0,4,208,217,speed_mph,True,D12_I5_S,S,63.0,0.3039,False,PeMS_average_weekday,state_transition__PeMS::D12_I5_S::L5S-036__2025-10-01__118,1615.9940864381035,71.59288433896538,0.3039,PeMS_average_weekday,L5S-036,5,False,PM,measured,0.8333333333333334,1257.7666666666667,0.7783238052801142,50.11501903727576,41.34166666666666,2025-10-01 17:20:00,2025-10-01 17:45:00,2025-10-01 18:10:00
state_transition,PeMS::D12_I5_S::L5S-041,2025-10-01,2025-10-01 07:30:00,2025-10-01 07:50:00,2025-10-01 08:20:00,2025-10-01 08:15:00,50.48695652173912,post_qc,0,50.48695652173912,50.48695652173912,50.43043478260869,post_qc,0,50.43043478260869,50.43043478260869,90,94,99,AM,AM,50.0,46.90434782608696,48.7613043478261,71.44891304347826,50.01423913043477,865.304347826087,1135.968447204969,0.761732731182062,994.8074534161491,20.0,0.6666666666666666,26.23602484472042,3.5260869565217305,False,0,2,90,99,speed_mph,True,D12_I5_S,S,74.0,0.0255,False,PeMS_average_weekday,state_transition__PeMS::D12_I5_S::L5S-041__2025-10-01__119,1135.968447204969,71.44891304347826,0.0255,PeMS_average_weekday,L5S-041,7,False,AM,measured,0.8333333333333334,865.304347826087,0.761732731182062,50.01423913043477,46.90434782608696,2025-10-01 07:30:00,2025-10-01 07:50:00,2025-10-01 08:20:00
state_transition,PeMS::D12_I5_S::L5S-049,2025-10-01,2025-10-01 07:15:00,2025-10-01 07:40:00,2025-10-01 08:15:00,2025-10-01 08:10:00,50.72173913043478,post_qc,0,50.72173913043478,50.72173913043478,47.85652173913044,post_qc,0,47.85652173913044,47.85652173913044,87,92,98,AM,AM,60.0,41.32608695652175,45.060144927536236,68.13760869565218,47.69632608695652,1066.3333333333333,1147.4882608695652,0.929276028083518,1022.3478260869564,25.0,0.5,-27.739130434782737,6.530434782608694,False,0,5,87,98,speed_mph,True,D12_I5_S,S,78.0,0.146,False,PeMS_average_weekday,state_transition__PeMS::D12_I5_S::L5S-049__2025-10-01__120,1147.4882608695652,68.13760869565218,0.146,PeMS_average_weekday,L5S-049,6,False,AM,measured,1.0,1066.3333333333333,0.929276028083518,47.69632608695652,41.32608695652175,2025-10-01 07:15:00,2025-10-01 07:40:00,2025-10-01 08:15:00
state_transition,PeMS::D12_I5_S::L5S-061,2025-10-01,2025-10-01 06:30:00,2025-10-01 07:50:00,2025-10-01 09:45:00,2025-10-01 09:40:00,48.96428571428572,post_qc,0,48.96428571428572,48.96428571428572,47.79230769230769,post_qc,0,47.79230769230769,47.79230769230769,78,94,116,AM,AM,195.0,37.89285714285714,42.34644970414201,68.8687955161524,48.20815686130668,4081.9591836734694,1343.1318512144524,3.039135122871656,1239.6734693877552,95.0,0.5,16.530612244898066,9.899450549450549,True,0,5,78,116,speed_mph,True,D12_I5_S,S,59.0,0.1547,False,PeMS_average_weekday,state_transition__PeMS::D12_I5_S::L5S-061__2025-10-01__121,1343.1318512144524,68.8687955161524,0.1547,PeMS_average_weekday,L5S-061,7,False,AM,measured,3.25,4081.9591836734694,3.039135122871656,48.20815686130668,37.89285714285714,2025-10-01 06:30:00,2025-10-01 07:50:00,2025-10-01 09:45:00
state_transition,PeMS::D12_I5_S::L5S-061,2025-10-01,2025-10-01 17:00:00,2025-10-01 17:50:00,2025-10-01 18:20:00,2025-10-01 18:15:00,48.55000000000001,post_qc,0,48.55000000000001,48.55000000000001,49.842857142857135,post_qc,0,49.842857142857135,49.842857142857135,204,214,219,PM,PM,80.0,41.40714285714286,44.60178571428571,68.8687955161524,48.20815686130668,1750.3979591836735,1343.1318512144524,1.30322124190635,1316.7551020408164,20.0,0.6666666666666666,-10.775510204081911,8.435714285714276,False,0,1,204,219,speed_mph,True,D12_I5_S,S,59.0,0.1547,False,PeMS_average_weekday,state_transition__PeMS::D12_I5_S::L5S-061__2025-10-01__122,1343.1318512144524,68.8687955161524,0.1547,PeMS_average_weekday,L5S-061,7,False,PM,measured,1.3333333333333333,1750.3979591836735,1.30322124190635,48.20815686130668,41.40714285714286,2025-10-01 17:00:00,2025-10-01 17:50:00,2025-10-01 18:20:00
state_transition,PeMS::D12_I5_S::L5S-062,2025-10-01,2025-10-01 07:30:00,2025-10-01 08:25:00,2025-10-01 09:30:00,2025-10-01 09:25:00,50.17826086956522,post_qc,0,50.17826086956522,50.17826086956522,51.54347826086956,post_qc,0,51.54347826086956,51.54347826086956,90,101,113,AM,AM,120.0,34.434782608695656,41.44800724637681,71.79067806151733,50.25347464306213,1852.295652173913,1057.7472644903955,1.7511703545424124,886.7478260869566,55.0,0.7,58.74782608695648,17.108695652173907,True,0,4,90,113,speed_mph,True,D12_I5_S,S,72.0,0.1877,False,PeMS_average_weekday,state_transition__PeMS::D12_I5_S::L5S-062__2025-10-01__123,1057.7472644903955,71.79067806151733,0.1877,PeMS_average_weekday,L5S-062,5,False,AM,measured,2.0,1852.295652173913,1.7511703545424124,50.25347464306213,34.434782608695656,2025-10-01 07:30:00,2025-10-01 08:25:00,2025-10-01 09:30:00
state_transition,PeMS::D12_I5_S::L5S-066,2025-10-01,2025-10-01 06:15:00,2025-10-01 07:40:00,2025-10-01 09:45:00,2025-10-01 09:40:00,58.8,post_qc,0,58.8,58.8,50.9842105263158,post_qc,0,50.9842105263158,50.9842105263158,75,92,116,AM,AM,210.0,19.968421052631577,33.57205513784462,72.07329643192863,50.45130750235003,3609.2982456140353,1199.2718533435252,3.0095747144831644,1030.9473684210527,115.0,0.6818181818181818,218.31578947368428,31.015789473684222,True,0,4,75,116,speed_mph,True,D12_I5_S,S,87.0,0.4455,False,PeMS_average_weekday,state_transition__PeMS::D12_I5_S::L5S-066__2025-10-01__124,1199.2718533435252,72.07329643192863,0.4455,PeMS_average_weekday,L5S-066,6,False,AM,measured,3.5,3609.2982456140353,3.0095747144831644,50.45130750235003,19.968421052631577,2025-10-01 06:15:00,2025-10-01 07:40:00,2025-10-01 09:45:00
state_transition,PeMS::D12_I5_S::L5S-067,2025-10-01,2025-10-01 07:25:00,2025-10-01 07:55:00,2025-10-01 08:45:00,2025-10-01 08:40:00,43.30434782608695,post_qc,0,43.30434782608695,43.30434782608695,43.7913043478261,post_qc,0,43.7913043478261,43.7913043478261,89,95,104,AM,AM,80.0,39.94347826086956,41.932065217391305,61.54086956521739,43.07860869565217,1410.7478260869566,1549.7286877470356,0.9103192302246618,1127.6869565217391,35.0,0.8333333333333334,141.39130434782646,3.8478260869565375,True,0,2,89,104,speed_mph,True,D12_I5_S,S,88.0,0.3231,False,PeMS_average_weekday,state_transition__PeMS::D12_I5_S::L5S-067__2025-10-01__125,1549.7286877470356,61.54086956521739,0.3231,PeMS_average_weekday,L5S-067,5,False,AM,measured,1.3333333333333333,1410.7478260869566,0.9103192302246618,43.07860869565217,39.94347826086956,2025-10-01 07:25:00,2025-10-01 07:55:00,2025-10-01 08:45:00
state_transition,PeMS::D12_I5_S::L5S-068,2025-10-01,2025-10-01 06:55:00,2025-10-01 08:15:00,2025-10-01 09:25:00,2025-10-01 09:20:00,48.00434782608696,post_qc,0,48.00434782608696,48.00434782608696,48.87826086956522,post_qc,0,48.87826086956522,48.87826086956522,83,99,112,AM,AM,150.0,28.243478260869573,35.14173913043478,68.37933608166523,47.86553525716566,1816.2086956521741,927.0070960624874,1.959217683841492,719.7391304347826,60.0,0.6363636363636364,96.83478260869583,20.634782608695645,True,0,0,83,112,speed_mph,True,D12_I5_S,S,94.0,0.1839,False,PeMS_average_weekday,state_transition__PeMS::D12_I5_S::L5S-068__2025-10-01__126,927.0070960624874,68.37933608166523,0.1839,PeMS_average_weekday,L5S-068,5,False,AM,measured,2.5,1816.2086956521741,1.959217683841492,47.86553525716566,28.243478260869573,2025-10-01 06:55:00,2025-10-01 08:15:00,2025-10-01 09:25:00
state_transition,PeMS::D12_I5_S::L5S-083,2025-10-01,2025-10-01 07:15:00,2025-10-01 07:40:00,2025-10-01 08:30:00,2025-10-01 08:25:00,54.80869565217392,post_qc,0,54.80869565217392,54.80869565217392,50.74782608695653,post_qc,0,50.74782608695653,50.74782608695653,87,92,101,AM,AM,75.0,39.243478260869566,45.8536231884058,72.2036956521739,50.54258695652173,1496.2173913043478,1241.522608695652,1.2051471159887124,1184.0869565217392,40.0,0.2857142857142857,-20.95652173913072,11.504347826086963,False,0,5,87,101,speed_mph,True,D12_I5_S,S,79.0,0.0404,False,PeMS_average_weekday,state_transition__PeMS::D12_I5_S::L5S-083__2025-10-01__127,1241.522608695652,72.2036956521739,0.0404,PeMS_average_weekday,L5S-083,6,False,AM,measured,1.25,1496.2173913043478,1.2051471159887124,50.54258695652173,39.243478260869566,2025-10-01 07:15:00,2025-10-01 07:40:00,2025-10-01 08:30:00
state_transition,PeMS::D12_I5_S::L5S-084,2025-10-01,2025-10-01 07:40:00,2025-10-01 08:05:00,2025-10-01 09:35:00,2025-10-01 09:30:00,49.933333333333344,post_qc,0,49.933333333333344,49.933333333333344,49.3095238095238,post_qc,0,49.3095238095238,49.3095238095238,92,97,114,AM,AM,115.0,43.8,46.23197722567288,70.16313570197848,49.11419499138493,2346.4682539682544,1276.5133078038798,1.8381855007881827,1218.952380952381,80.0,0.4666666666666667,-104.57142857142821,5.509523809523806,False,0,1,92,114,speed_mph,True,D12_I5_S,S,53.0,0.2778,False,PeMS_average_weekday,state_transition__PeMS::D12_I5_S::L5S-084__2025-10-01__128,1276.5133078038798,70.16313570197848,0.2778,PeMS_average_weekday,L5S-084,6,False,AM,measured,1.9166666666666667,2346.4682539682544,1.8381855007881827,49.11419499138493,43.8,2025-10-01 07:40:00,2025-10-01 08:05:00,2025-10-01 09:35:00
state_transition,PeMS::D12_I5_S::L5S-086,2025-10-01,2025-10-01 06:15:00,2025-10-01 08:30:00,2025-10-01 10:25:00,2025-10-01 10:20:00,51.43695652173913,post_qc,0,51.43695652173913,51.43695652173913,49.26521739130435,post_qc,0,49.26521739130435,49.26521739130435,75,102,124,AM;MD,AM,250.0,24.241304347826087,32.35591304347826,68.62489714542446,48.03742800179712,4985.951086956522,1471.655899310951,3.387987021484445,1279.5652173913045,105.0,0.8,333.91304347826076,25.02391304347826,True,0,7,75,124,speed_mph,True,D12_I5_S,S,69.0,0.3181,False,PeMS_average_weekday,state_transition__PeMS::D12_I5_S::L5S-086__2025-10-01__129,1471.655899310951,68.62489714542446,0.3181,PeMS_average_weekday,L5S-086,4,False,AM,measured,4.166666666666667,4985.951086956522,3.387987021484445,48.03742800179712,24.241304347826087,2025-10-01 06:15:00,2025-10-01 08:30:00,2025-10-01 10:25:00
state_transition,PeMS::D12_I5_S::L5S-086,2025-10-01,2025-10-01 15:45:00,2025-10-01 17:25:00,2025-10-01 18:20:00,2025-10-01 18:15:00,48.70869565217392,post_qc,0,48.70869565217392,48.70869565217392,48.61304347826088,post_qc,0,48.61304347826088,48.61304347826088,189,209,219,MD;PM,PM,155.0,33.87826086956522,41.147545582047684,68.62489714542446,48.03742800179712,3552.3749999999995,1471.655899310951,2.4138625079838762,1314.195652173913,45.0,0.5,45.65217391304327,14.73478260869566,True,0,8,189,219,speed_mph,True,D12_I5_S,S,69.0,0.3181,False,PeMS_average_weekday,state_transition__PeMS::D12_I5_S::L5S-086__2025-10-01__130,1471.655899310951,68.62489714542446,0.3181,PeMS_average_weekday,L5S-086,4,False,PM,measured,2.5833333333333335,3552.3749999999995,2.4138625079838762,48.03742800179712,33.87826086956522,2025-10-01 15:45:00,2025-10-01 17:25:00,2025-10-01 18:20:00
state_transition,PeMS::D12_I5_S::L5S-091,2025-10-01,2025-10-01 06:40:00,2025-10-01 08:40:00,2025-10-01 09:25:00,2025-10-01 09:20:00,50.73076923076923,post_qc,0,50.73076923076923,50.73076923076923,50.30833333333334,post_qc,0,50.30833333333334,50.30833333333334,80,104,112,AM,AM,165.0,44.76153846153847,46.9938616938617,71.20613750460755,49.84429625322529,2469.004807692308,1044.7822665123397,2.36317641180326,929.7115384615385,30.0,0.4,27.115384615384755,5.546794871794866,True,0,0,80,112,speed_mph,True,D12_I5_S,S,65.0,0.1168,False,PeMS_average_weekday,state_transition__PeMS::D12_I5_S::L5S-091__2025-10-01__131,1044.7822665123397,71.20613750460755,0.1168,PeMS_average_weekday,L5S-091,8,False,AM,measured,2.75,2469.004807692308,2.36317641180326,49.84429625322529,44.76153846153847,2025-10-01 06:40:00,2025-10-01 08:40:00,2025-10-01 09:25:00
state_transition,PeMS::D12_I5_S::L5S-093,2025-10-01,2025-10-01 16:10:00,2025-10-01 17:25:00,2025-10-01 18:10:00,2025-10-01 18:05:00,50.62727272727273,post_qc,0,50.62727272727273,50.62727272727273,49.642424242424255,post_qc,0,49.642424242424255,49.642424242424255,194,209,217,PM,PM,120.0,38.46969696969697,44.545276988636374,69.7288582914912,48.810200804043845,2979.363952020202,1529.8403349399375,1.9474999344537307,1448.3636363636365,35.0,0.3333333333333333,-23.87878787878776,11.172727272727286,False,0,2,194,217,speed_mph,True,D12_I5_S,S,39.0,0.4809,False,PeMS_average_weekday,state_transition__PeMS::D12_I5_S::L5S-093__2025-10-01__132,1529.8403349399375,69.7288582914912,0.4809,PeMS_average_weekday,L5S-093,6,False,PM,measured,2.0,2979.363952020202,1.9474999344537307,48.810200804043845,38.46969696969697,2025-10-01 16:10:00,2025-10-01 17:25:00,2025-10-01 18:10:00
state_transition,PeMS::D12_I5_S::L5S-096,2025-10-01,2025-10-01 08:10:00,2025-10-01 08:40:00,2025-10-01 09:00:00,2025-10-01 08:55:00,50.707142857142856,post_qc,0,50.707142857142856,50.707142857142856,50.721428571428575,post_qc,0,50.721428571428575,50.721428571428575,98,104,107,AM,AM,50.0,48.97142857142857,49.96214285714286,71.94999999999999,50.36499999999999,582.1547619047619,1017.427738095238,0.5721829080408543,696.7142857142858,5.0,,,1.750000000000007,False,0,2,98,107,speed_mph,True,D12_I5_S,S,96.0,0.315,False,PeMS_average_weekday,state_transition__PeMS::D12_I5_S::L5S-096__2025-10-01__133,1017.427738095238,71.94999999999999,0.315,PeMS_average_weekday,L5S-096,6,False,AM,measured,0.8333333333333334,582.1547619047619,0.5721829080408543,50.36499999999999,48.97142857142857,2025-10-01 08:10:00,2025-10-01 08:40:00,2025-10-01 09:00:00
state_transition,PeMS::D12_I5_S::L5S-107,2025-10-01,2025-10-01 06:20:00,2025-10-01 07:50:00,2025-10-01 10:05:00,2025-10-01 10:00:00,53.952631578947376,post_qc,0,53.952631578947376,53.952631578947376,51.05789473684212,post_qc,0,51.05789473684212,51.05789473684212,76,94,120,AM;MD,AM,225.0,16.768421052631584,28.402690058479532,71.41591523085482,49.99114066159837,3134.812030075188,1045.2711223008305,2.999042031482608,840.812030075188,125.0,0.5833333333333334,211.48872180451121,34.289473684210535,True,0,4,76,120,speed_mph,True,D12_I5_S,S,90.0,0.6121,False,PeMS_average_weekday,state_transition__PeMS::D12_I5_S::L5S-107__2025-10-01__134,1045.2711223008305,71.41591523085482,0.6121,PeMS_average_weekday,L5S-107,7,False,AM,measured,3.75,3134.812030075188,2.999042031482608,49.99114066159837,16.768421052631584,2025-10-01 06:20:00,2025-10-01 07:50:00,2025-10-01 10:05:00
state_transition,PeMS::D12_I5_S::L5S-107,2025-10-01,2025-10-01 14:50:00,2025-10-01 16:00:00,2025-10-01 17:45:00,2025-10-01 17:40:00,50.24444444444445,post_qc,0,50.24444444444445,50.24444444444445,50.91052631578947,post_qc,0,50.91052631578947,50.91052631578947,178,192,212,MD;PM,PM,175.0,35.45789473684211,42.09479532163743,71.41591523085482,49.99114066159837,2957.8467000835426,1045.2711223008305,2.8297411427312635,1019.5488721804512,95.0,0.5555555555555556,24.721804511278037,15.452631578947361,True,0,4,178,212,speed_mph,True,D12_I5_S,S,90.0,0.6121,False,PeMS_average_weekday,state_transition__PeMS::D12_I5_S::L5S-107__2025-10-01__135,1045.2711223008305,71.41591523085482,0.6121,PeMS_average_weekday,L5S-107,7,False,PM,measured,2.9166666666666665,2957.8467000835426,2.8297411427312635,49.99114066159837,35.45789473684211,2025-10-01 14:50:00,2025-10-01 16:00:00,2025-10-01 17:45:00
state_transition,PeMS::D12_I5_S::L5S-135,2025-10-01,2025-10-01 07:20:00,2025-10-01 07:35:00,2025-10-01 08:15:00,2025-10-01 08:10:00,50.00434782608696,post_qc,0,50.00434782608696,50.00434782608696,49.03913043478261,post_qc,0,49.03913043478261,49.03913043478261,88,91,98,AM,AM,55.0,42.99565217391305,46.30039525691699,69.09021739130435,48.36315217391304,1213.8347826086956,1409.1986086956522,0.8613653001915859,1327.5652173913045,30.0,0.4,41.008695652173856,6.043478260869556,True,0,5,88,98,speed_mph,True,D12_I5_S,S,81.0,0.2218,False,PeMS_average_weekday,state_transition__PeMS::D12_I5_S::L5S-135__2025-10-01__136,1409.1986086956522,69.09021739130435,0.2218,PeMS_average_weekday,L5S-135,5,False,AM,measured,0.9166666666666666,1213.8347826086956,0.8613653001915859,48.36315217391304,42.99565217391305,2025-10-01 07:20:00,2025-10-01 07:35:00,2025-10-01 08:15:00
state_transition,PeMS::D12_I5_S::L5S-136,2025-10-01,2025-10-01 06:35:00,2025-10-01 07:50:00,2025-10-01 09:30:00,2025-10-01 09:25:00,54.29090909090908,post_qc,0,54.29090909090908,54.29090909090908,49.73636363636364,post_qc,0,49.73636363636364,49.73636363636364,79,94,113,AM,AM,175.0,14.572727272727276,27.61896103896104,71.16705867071465,49.81694106950025,2478.166666666667,1123.0567789680308,2.2066263372220924,834.1818181818181,95.0,0.5,273.6363636363634,35.163636363636364,True,0,5,79,113,speed_mph,True,D12_I5_S,S,91.0,0.1901,False,PeMS_average_weekday,state_transition__PeMS::D12_I5_S::L5S-136__2025-10-01__137,1123.0567789680308,71.16705867071465,0.1901,PeMS_average_weekday,L5S-136,6,False,AM,measured,2.9166666666666665,2478.166666666667,2.2066263372220924,49.81694106950025,14.572727272727276,2025-10-01 06:35:00,2025-10-01 07:50:00,2025-10-01 09:30:00
state_transition,PeMS::D12_I5_S::L5S-137,2025-10-01,2025-10-01 06:15:00,2025-10-01 08:05:00,2025-10-01 10:20:00,2025-10-01 10:15:00,51.23076923076923,post_qc,0,51.23076923076923,51.23076923076923,50.825,post_qc,0,50.825,50.825,75,97,123,AM;MD,AM,245.0,23.492307692307687,34.106907378335954,71.33567931554013,49.93497552087809,5050.42094017094,1436.5344583137266,3.5156977341840916,1253.0,125.0,0.5416666666666666,100.65384615384619,27.332692307692316,True,0,3,75,123,speed_mph,True,D12_I5_S,S,64.0,0.1783,False,PeMS_average_weekday,state_transition__PeMS::D12_I5_S::L5S-137__2025-10-01__138,1436.5344583137266,71.33567931554013,0.1783,PeMS_average_weekday,L5S-137,6,False,AM,measured,4.083333333333333,5050.42094017094,3.5156977341840916,49.93497552087809,23.492307692307687,2025-10-01 06:15:00,2025-10-01 08:05:00,2025-10-01 10:20:00
state_transition,PeMS::D12_I5_S::L5S-137,2025-10-01,2025-10-01 17:30:00,2025-10-01 17:45:00,2025-10-01 18:10:00,2025-10-01 18:05:00,50.03333333333335,post_qc,0,50.03333333333335,50.03333333333335,53.88333333333334,post_qc,0,53.88333333333334,53.88333333333334,210,213,217,PM,PM,40.0,43.016666666666666,47.203125,71.33567931554013,49.93497552087809,893.3472222222222,1436.5344583137266,0.6218766400291408,1346.0,15.0,0.5,4.3333333333332575,10.866666666666674,False,0,5,210,217,speed_mph,True,D12_I5_S,S,64.0,0.1783,False,PeMS_average_weekday,state_transition__PeMS::D12_I5_S::L5S-137__2025-10-01__139,1436.5344583137266,71.33567931554013,0.1783,PeMS_average_weekday,L5S-137,6,False,PM,measured,0.6666666666666666,893.3472222222222,0.6218766400291408,49.93497552087809,43.016666666666666,2025-10-01 17:30:00,2025-10-01 17:45:00,2025-10-01 18:10:00
state_transition,PeMS::D12_I5_S::L5S-142,2025-10-01,2025-10-01 06:15:00,2025-10-01 08:35:00,2025-10-01 10:10:00,2025-10-01 10:05:00,51.05652173913042,post_qc,0,51.05652173913042,51.05652173913042,49.22608695652173,post_qc,0,49.22608695652173,49.22608695652173,75,103,121,AM;MD,AM,235.0,38.21304347826086,42.318963922294174,70.2060094759031,49.14420663313217,5607.5130434782595,1607.1965256759447,3.4890027161550057,1464.104347826087,85.0,0.5,93.60000000000059,11.013043478260876,True,0,1,75,121,speed_mph,True,D12_I5_S,S,66.0,0.2386,False,PeMS_average_weekday,state_transition__PeMS::D12_I5_S::L5S-142__2025-10-01__140,1607.1965256759447,70.2060094759031,0.2386,PeMS_average_weekday,L5S-142,5,False,AM,measured,3.9166666666666665,5607.5130434782595,3.4890027161550057,49.14420663313217,38.21304347826086,2025-10-01 06:15:00,2025-10-01 08:35:00,2025-10-01 10:10:00
state_transition,PeMS::D12_I5_S::L5S-142,2025-10-01,2025-10-01 16:20:00,2025-10-01 17:40:00,2025-10-01 18:20:00,2025-10-01 18:15:00,49.56956521739132,post_qc,0,49.56956521739132,49.56956521739132,49.1695652173913,post_qc,0,49.1695652173913,49.1695652173913,196,212,219,PM,PM,120.0,42.21739130434783,45.43840579710146,70.2060094759031,49.14420663313217,3126.4782608695655,1607.1965256759447,1.9452992903619244,1530.521739130435,30.0,0.4,36.834782608695605,6.952173913043474,True,0,0,196,219,speed_mph,True,D12_I5_S,S,66.0,0.2386,False,PeMS_average_weekday,state_transition__PeMS::D12_I5_S::L5S-142__2025-10-01__141,1607.1965256759447,70.2060094759031,0.2386,PeMS_average_weekday,L5S-142,5,False,PM,measured,2.0,3126.4782608695655,1.9452992903619244,49.14420663313217,42.21739130434783,2025-10-01 16:20:00,2025-10-01 17:40:00,2025-10-01 18:20:00
state_transition,PeMS::D12_I5_S::L5S-149,2025-10-01,2025-10-01 07:20:00,2025-10-01 07:40:00,2025-10-01 08:20:00,2025-10-01 08:15:00,51.86315789473685,post_qc,0,51.86315789473685,51.86315789473685,50.47894736842106,post_qc,0,50.47894736842106,50.47894736842106,88,92,99,AM,AM,60.0,40.742105263157896,46.475877192982466,72.25,50.575,1237.7719298245613,1293.2168421052631,0.9571263608116628,1231.0526315789473,35.0,0.3333333333333333,-23.26315789473665,9.736842105263165,False,0,5,88,99,speed_mph,True,D12_I5_S,S,80.0,0.458,False,PeMS_average_weekday,state_transition__PeMS::D12_I5_S::L5S-149__2025-10-01__142,1293.2168421052631,72.25,0.458,PeMS_average_weekday,L5S-149,6,False,AM,measured,1.0,1237.7719298245613,0.9571263608116628,50.575,40.742105263157896,2025-10-01 07:20:00,2025-10-01 07:40:00,2025-10-01 08:20:00
state_transition,PeMS::D12_I5_S::L5S-156,2025-10-01,2025-10-01 08:20:00,2025-10-01 09:15:00,2025-10-01 09:30:00,2025-10-01 09:25:00,50.261904761904766,post_qc,0,50.261904761904766,50.261904761904766,49.65238095238095,post_qc,0,49.65238095238095,49.65238095238095,100,111,113,AM,AM,70.0,49.13000000000001,50.07085034013604,71.0190909090909,49.71336363636363,1391.4785714285715,1317.7128571428573,1.055980112727789,1136.2857142857142,5.0,,,0.5223809523809422,False,0,0,100,113,speed_mph,True,D12_I5_S,S,51.0,0.2734,False,PeMS_average_weekday,state_transition__PeMS::D12_I5_S::L5S-156__2025-10-01__143,1317.7128571428573,71.0190909090909,0.2734,PeMS_average_weekday,L5S-156,6,False,AM,measured,1.1666666666666667,1391.4785714285715,1.055980112727789,49.71336363636363,49.13000000000001,2025-10-01 08:20:00,2025-10-01 09:15:00,2025-10-01 09:30:00
state_transition,PeMS::D12_I5_S::L5S-158,2025-10-01,2025-10-01 07:25:00,2025-10-01 07:55:00,2025-10-01 09:45:00,2025-10-01 09:40:00,50.92,post_qc,0,50.92,50.92,52.110526315789485,post_qc,0,52.110526315789485,52.110526315789485,89,95,116,AM,AM,140.0,42.115,45.321983082706765,71.78099999999999,50.24669999999999,2576.2147660818714,1227.6705,2.0984578240512186,1077.35,100.0,0.3684210526315789,-191.79999999999995,9.995526315789483,False,0,2,89,116,speed_mph,True,D12_I5_S,S,54.0,0.3163,False,PeMS_average_weekday,state_transition__PeMS::D12_I5_S::L5S-158__2025-10-01__144,1227.6705,71.78099999999999,0.3163,PeMS_average_weekday,L5S-158,6,False,AM,measured,2.3333333333333335,2576.2147660818714,2.0984578240512186,50.24669999999999,42.115,2025-10-01 07:25:00,2025-10-01 07:55:00,2025-10-01 09:45:00
state_transition,PeMS::D12_I5_S::L5S-161,2025-10-01,2025-10-01 07:15:00,2025-10-01 07:35:00,2025-10-01 08:45:00,2025-10-01 08:40:00,44.92,post_qc,0,44.92,44.92,45.32000000000001,post_qc,0,45.32000000000001,45.32000000000001,87,91,104,AM,AM,90.0,39.41,42.215555555555554,64.18020451074726,44.92614315752308,1908.06,1311.3309137622778,1.4550560655400664,1278.7199999999998,60.0,0.6363636363636364,122.16000000000008,5.910000000000011,True,0,3,87,104,speed_mph,True,D12_I5_S,S,82.0,0.522,False,PeMS_average_weekday,state_transition__PeMS::D12_I5_S::L5S-161__2025-10-01__145,1311.3309137622778,64.18020451074726,0.522,PeMS_average_weekday,L5S-161,5,False,AM,measured,1.5,1908.06,1.4550560655400664,44.92614315752308,39.41,2025-10-01 07:15:00,2025-10-01 07:35:00,2025-10-01 08:45:00
state_transition,PeMS::D12_I5_S::L5S-173,2025-10-01,2025-10-01 08:00:00,2025-10-01 08:35:00,2025-10-01 09:45:00,2025-10-01 09:40:00,52.34285714285714,post_qc,0,52.34285714285714,52.34285714285714,50.47142857142856,post_qc,0,50.47142857142856,50.47142857142856,96,103,116,AM,AM,105.0,44.2857142857143,46.61631519274376,70.98977272727274,49.69284090909091,1900.8472789115647,1195.8387755102042,1.5895514661669745,1023.6326530612246,60.0,0.36363636363636365,-128.24489795918385,6.185714285714262,False,0,3,96,116,speed_mph,True,D12_I5_S,S,50.0,0.3244,False,PeMS_average_weekday,state_transition__PeMS::D12_I5_S::L5S-173__2025-10-01__146,1195.8387755102042,70.98977272727274,0.3244,PeMS_average_weekday,L5S-173,7,False,AM,measured,1.75,1900.8472789115647,1.5895514661669745,49.69284090909091,44.2857142857143,2025-10-01 08:00:00,2025-10-01 08:35:00,2025-10-01 09:45:00
state_transition,PeMS::D12_I5_S::L5S-173,2025-10-01,2025-10-01 17:45:00,2025-10-01 18:00:00,2025-10-01 18:20:00,2025-10-01 18:15:00,49.85454545454546,post_qc,0,49.85454545454546,49.85454545454546,49.45454545454545,post_qc,0,49.45454545454545,49.45454545454545,213,216,219,PM,PM,35.0,44.90454545454545,46.962337662337674,70.98977272727274,49.69284090909091,592.0649350649351,1195.8387755102042,0.49510431271333444,1032.857142857143,15.0,0.5,25.32467532467524,4.550000000000004,False,0,5,213,219,speed_mph,True,D12_I5_S,S,50.0,0.3244,False,PeMS_average_weekday,state_transition__PeMS::D12_I5_S::L5S-173__2025-10-01__147,1195.8387755102042,70.98977272727274,0.3244,PeMS_average_weekday,L5S-173,7,False,PM,measured,0.5833333333333334,592.0649350649351,0.49510431271333444,49.69284090909091,44.90454545454545,2025-10-01 17:45:00,2025-10-01 18:00:00,2025-10-01 18:20:00
state_transition,PeMS::D12_I5_S::L5S-174,2025-10-01,2025-10-01 06:25:00,2025-10-01 07:30:00,2025-10-01 10:15:00,2025-10-01 10:10:00,52.56521739130434,post_qc,0,52.56521739130434,52.56521739130434,51.92272727272727,post_qc,0,51.92272727272727,51.92272727272727,77,90,122,AM;MD,AM,230.0,34.66086956521739,42.68248185337033,71.7991773052975,50.25942411370825,4325.475324675324,1243.448932645027,3.4786111525097407,1115.890909090909,145.0,0.42857142857142855,-13.26640316205544,17.261857707509883,False,0,9,77,122,speed_mph,True,D12_I5_S,S,61.0,0.0963,False,PeMS_average_weekday,state_transition__PeMS::D12_I5_S::L5S-174__2025-10-01__148,1243.448932645027,71.7991773052975,0.0963,PeMS_average_weekday,L5S-174,5,False,AM,measured,3.8333333333333335,4325.475324675324,3.4786111525097407,50.25942411370825,34.66086956521739,2025-10-01 06:25:00,2025-10-01 07:30:00,2025-10-01 10:15:00
state_transition,PeMS::D12_I5_S::L5S-174,2025-10-01,2025-10-01 17:00:00,2025-10-01 17:40:00,2025-10-01 18:15:00,2025-10-01 18:10:00,51.426086956521736,post_qc,0,51.426086956521736,51.426086956521736,50.33913043478262,post_qc,0,50.33913043478262,50.33913043478262,204,212,218,PM,PM,75.0,38.68260869565217,43.77768115942028,71.7991773052975,50.25942411370825,1605.3565217391308,1243.448932645027,1.2910514292889093,1259.4782608695652,25.0,0.25,-30.05217391304359,11.656521739130447,False,0,5,204,218,speed_mph,True,D12_I5_S,S,61.0,0.0963,False,PeMS_average_weekday,state_transition__PeMS::D12_I5_S::L5S-174__2025-10-01__149,1243.448932645027,71.7991773052975,0.0963,PeMS_average_weekday,L5S-174,5,False,PM,measured,1.25,1605.3565217391308,1.2910514292889093,50.25942411370825,38.68260869565217,2025-10-01 17:00:00,2025-10-01 17:40:00,2025-10-01 18:15:00
state_transition,PeMS::D12_I5_S::L5S-181,2025-10-01,2025-10-01 06:30:00,2025-10-01 07:35:00,2025-10-01 09:50:00,2025-10-01 09:45:00,54.76315789473684,post_qc,0,54.76315789473684,54.76315789473684,49.26315789473686,post_qc,0,49.26315789473686,49.26315789473686,78,91,117,AM,AM,200.0,10.010526315789471,24.57671052631579,69.6162044120217,48.73134308841519,2687.960526315789,1094.086814582362,2.456807348822539,775.578947368421,125.0,0.7916666666666666,318.0,39.25263157894739,True,0,4,78,117,speed_mph,True,D12_I5_S,S,92.0,0.4107,False,PeMS_average_weekday,state_transition__PeMS::D12_I5_S::L5S-181__2025-10-01__150,1094.086814582362,69.6162044120217,0.4107,PeMS_average_weekday,L5S-181,4,False,AM,measured,3.3333333333333335,2687.960526315789,2.456807348822539,48.73134308841519,10.010526315789471,2025-10-01 06:30:00,2025-10-01 07:35:00,2025-10-01 09:50:00
state_transition,PeMS::D12_I5_S::L5S-181,2025-10-01,2025-10-01 16:05:00,2025-10-01 16:15:00,2025-10-01 16:40:00,2025-10-01 16:35:00,49.62631578947369,post_qc,0,49.62631578947369,49.62631578947369,49.6578947368421,post_qc,0,49.6578947368421,49.6578947368421,193,195,199,PM,PM,35.0,44.826315789473696,47.048120300751876,69.6162044120217,48.73134308841519,624.8815789473684,1094.086814582362,0.5711444198200123,1080.3157894736842,15.0,0.5,-5.684210526315837,4.831578947368406,False,0,5,193,199,speed_mph,True,D12_I5_S,S,92.0,0.4107,False,PeMS_average_weekday,state_transition__PeMS::D12_I5_S::L5S-181__2025-10-01__151,1094.086814582362,69.6162044120217,0.4107,PeMS_average_weekday,L5S-181,4,False,PM,measured,0.5833333333333334,624.8815789473684,0.5711444198200123,48.73134308841519,44.826315789473696,2025-10-01 16:05:00,2025-10-01 16:15:00,2025-10-01 16:40:00
state_transition,PeMS::D12_I5_S::L5S-185,2025-10-01,2025-10-01 06:15:00,2025-10-01 08:35:00,2025-10-01 10:30:00,2025-10-01 10:25:00,52.0608695652174,post_qc,0,52.0608695652174,52.0608695652174,51.26521739130435,post_qc,0,51.26521739130435,51.26521739130435,75,103,125,AM;MD,AM,255.0,13.386956521739128,26.48687127024723,72.20558997995316,50.54391298596721,4761.4,1432.9152302351267,3.3228762592039045,1187.2695652173911,105.0,0.75,196.79999999999995,37.87826086956522,True,0,1,75,125,speed_mph,True,D12_I5_S,S,68.0,0.1864,False,PeMS_average_weekday,state_transition__PeMS::D12_I5_S::L5S-185__2025-10-01__152,1432.9152302351267,72.20558997995316,0.1864,PeMS_average_weekday,L5S-185,5,False,AM,measured,4.25,4761.4,3.3228762592039045,50.54391298596721,13.386956521739128,2025-10-01 06:15:00,2025-10-01 08:35:00,2025-10-01 10:30:00
state_transition,PeMS::D12_I5_S::L5S-185,2025-10-01,2025-10-01 15:40:00,2025-10-01 17:20:00,2025-10-01 18:30:00,2025-10-01 18:25:00,51.31818181818182,post_qc,0,51.31818181818182,51.31818181818182,51.40434782608696,post_qc,0,51.40434782608696,51.40434782608696,188,208,221,MD;PM,PM,170.0,26.45217391304348,39.576877470355726,72.20558997995316,50.54391298596721,3941.8252964426874,1432.9152302351267,2.750913112840509,1340.5565217391304,60.0,0.8181818181818182,78.99130434782592,24.95217391304348,True,0,9,188,221,speed_mph,True,D12_I5_S,S,68.0,0.1864,False,PeMS_average_weekday,state_transition__PeMS::D12_I5_S::L5S-185__2025-10-01__153,1432.9152302351267,72.20558997995316,0.1864,PeMS_average_weekday,L5S-185,5,False,PM,measured,2.8333333333333335,3941.8252964426874,2.750913112840509,50.54391298596721,26.45217391304348,2025-10-01 15:40:00,2025-10-01 17:20:00,2025-10-01 18:30:00
state_transition,PeMS::D12_I5_S::L5S-187,2025-10-01,2025-10-01 00:50:00,2025-10-01 01:10:00,2025-10-01 01:30:00,2025-10-01 01:25:00,49.66000000000001,post_qc,0,49.66000000000001,49.66000000000001,46.56000000000001,post_qc,0,46.56000000000001,46.56000000000001,10,14,17,NT,NT,40.0,44.12999999999999,46.190000000000005,65.691,45.9837,166.16000000000003,1323.528,0.12554324502390582,251.16000000000003,10.0,0.0,-3.5999999999999943,2.430000000000021,False,0,0,10,17,speed_mph,True,D12_I5_S,S,85.0,0.2206,False,PeMS_average_weekday,state_transition__PeMS::D12_I5_S::L5S-187__2025-10-01__154,1323.528,65.691,0.2206,PeMS_average_weekday,L5S-187,5,False,NT,measured,0.6666666666666666,166.16000000000003,0.12554324502390582,45.9837,44.12999999999999,2025-10-01 00:50:00,2025-10-01 01:10:00,2025-10-01 01:30:00
state_transition,PeMS::D12_I5_S::L5S-187,2025-10-01,2025-10-01 06:15:00,2025-10-01 07:10:00,2025-10-01 08:45:00,2025-10-01 08:40:00,48.47,post_qc,0,48.47,48.47,46.92999999999999,post_qc,0,46.92999999999999,46.92999999999999,75,86,104,AM,AM,150.0,39.59,42.44300000000001,65.691,45.9837,2664.8,1323.528,2.0134065920781428,1074.0,85.0,0.4375,-0.7200000000000273,7.339999999999989,False,0,2,75,104,speed_mph,True,D12_I5_S,S,85.0,0.2206,False,PeMS_average_weekday,state_transition__PeMS::D12_I5_S::L5S-187__2025-10-01__155,1323.528,65.691,0.2206,PeMS_average_weekday,L5S-187,5,False,AM,measured,2.5,2664.8,2.0134065920781428,45.9837,39.59,2025-10-01 06:15:00,2025-10-01 07:10:00,2025-10-01 08:45:00
state_transition,PeMS::D12_I5_S::L5S-187,2025-10-01,2025-10-01 18:50:00,2025-10-01 20:50:00,2025-10-02 00:00:00,2025-10-01 23:55:00,46.150000000000006,post_qc,0,46.150000000000006,46.150000000000006,45.25000000000001,post_qc,0,45.25000000000001,45.25000000000001,226,250,287,PM;NT,NT,310.0,29.5,40.35274193548386,65.691,45.9837,3289.38,1323.528,2.4853119843327836,530.8800000000001,130.0,0.4,-172.07999999999998,15.750000000000007,False,0,2,226,287,speed_mph,True,D12_I5_S,S,85.0,0.2206,False,PeMS_average_weekday,state_transition__PeMS::D12_I5_S::L5S-187__2025-10-01__156,1323.528,65.691,0.2206,PeMS_average_weekday,L5S-187,5,False,NT,measured,5.166666666666667,3289.38,2.4853119843327836,45.9837,29.5,2025-10-01 18:50:00,2025-10-01 20:50:00,2025-10-02 00:00:00
state_transition,PeMS::D12_I5_S::L5S-196,2025-10-01,2025-10-01 07:10:00,2025-10-01 07:35:00,2025-10-01 08:55:00,2025-10-01 08:50:00,53.16842105263158,post_qc,0,53.16842105263158,53.16842105263158,52.01052631578946,post_qc,0,52.01052631578946,52.01052631578946,86,91,106,AM,AM,105.0,36.64736842105263,44.29849624060151,71.96369039654232,50.37458327757962,2456.663157894737,1478.0165238223906,1.662135110331113,1374.8210526315788,60.0,0.45454545454545453,-82.10526315789457,15.36315789473683,False,0,7,86,106,speed_mph,True,D12_I5_S,S,76.0,0.1106,False,PeMS_average_weekday,state_transition__PeMS::D12_I5_S::L5S-196__2025-10-01__157,1478.0165238223906,71.96369039654232,0.1106,PeMS_average_weekday,L5S-196,5,False,AM,measured,1.75,2456.663157894737,1.662135110331113,50.37458327757962,36.64736842105263,2025-10-01 07:10:00,2025-10-01 07:35:00,2025-10-01 08:55:00
state_transition,PeMS::D12_I5_S::L5S-197,2025-10-01,2025-10-01 07:10:00,2025-10-01 08:20:00,2025-10-01 09:20:00,2025-10-01 09:15:00,44.230769230769226,post_qc,0,44.230769230769226,44.230769230769226,43.93076923076922,post_qc,0,43.93076923076922,43.93076923076922,86,100,111,AM,AM,130.0,32.90769230769231,36.98224852071006,61.52069318958189,43.06448523270732,2385.876923076923,1235.4422522967784,1.9311925900554248,1071.7846153846153,50.0,0.6666666666666666,148.43076923076933,11.023076923076914,True,0,0,86,111,speed_mph,True,D12_I5_S,S,71.0,0.1734,False,PeMS_average_weekday,state_transition__PeMS::D12_I5_S::L5S-197__2025-10-01__158,1235.4422522967784,61.52069318958189,0.1734,PeMS_average_weekday,L5S-197,5,False,AM,measured,2.1666666666666665,2385.876923076923,1.9311925900554248,43.06448523270732,32.90769230769231,2025-10-01 07:10:00,2025-10-01 08:20:00,2025-10-01 09:20:00
state_transition,PeMS::D12_I5_S::L5S-220,2025-10-01,2025-10-01 07:35:00,2025-10-01 07:50:00,2025-10-01 09:05:00,2025-10-01 09:00:00,48.96521739130435,post_qc,0,48.96521739130435,48.96521739130435,50.286956521739135,post_qc,0,50.286956521739135,50.286956521739135,91,94,108,AM,AM,90.0,40.978260869565226,44.93502415458938,68.11883393091487,47.68318375164041,1427.4076086956522,1021.609004590254,1.3972151794689354,940.5,65.0,0.4166666666666667,-29.673913043478365,9.30869565217391,False,0,5,91,108,speed_mph,True,D12_I5_S,S,73.0,0.0298,False,PeMS_average_weekday,state_transition__PeMS::D12_I5_S::L5S-220__2025-10-01__159,1021.609004590254,68.11883393091487,0.0298,PeMS_average_weekday,L5S-220,8,False,AM,measured,1.5,1427.4076086956522,1.3972151794689354,47.68318375164041,40.978260869565226,2025-10-01 07:35:00,2025-10-01 07:50:00,2025-10-01 09:05:00
state_transition,PeMS::D12_I5_S::L5S-223,2025-10-01,2025-10-01 07:40:00,2025-10-01 08:00:00,2025-10-01 09:20:00,2025-10-01 09:15:00,50.99473684210526,post_qc,0,50.99473684210526,50.99473684210526,49.97647058823531,post_qc,0,49.97647058823531,49.97647058823531,92,96,111,AM,AM,100.0,46.80555555555557,49.21375472996216,71.45947368421052,50.02163157894736,1704.5250472996213,1127.7990789473686,1.5113729733584638,1002.2368421052632,45.0,0.5,-31.383900928792627,3.170915032679737,False,0,0,92,111,speed_mph,True,D12_I5_S,S,57.0,0.2206,False,PeMS_average_weekday,state_transition__PeMS::D12_I5_S::L5S-223__2025-10-01__160,1127.7990789473686,71.45947368421052,0.2206,PeMS_average_weekday,L5S-223,8,False,AM,measured,1.6666666666666667,1704.5250472996213,1.5113729733584638,50.02163157894736,46.80555555555557,2025-10-01 07:40:00,2025-10-01 08:00:00,2025-10-01 09:20:00
state_transition,PeMS::D12_I5_S::L5S-240,2025-10-01,2025-10-01 07:15:00,2025-10-01 08:45:00,2025-10-01 09:25:00,2025-10-01 09:20:00,48.84347826086957,post_qc,0,48.84347826086957,48.84347826086957,49.58260869565217,post_qc,0,49.58260869565217,49.58260869565217,87,105,112,AM,AM,130.0,35.60000000000001,42.06923076923077,69.99232511424623,48.99462757997236,1832.0797101449277,1028.7044111003995,1.7809583495274042,864.0,30.0,0.6,56.086956521739125,13.98260869565216,True,0,4,87,112,speed_mph,True,D12_I5_S,S,95.0,0.2454,False,PeMS_average_weekday,state_transition__PeMS::D12_I5_S::L5S-240__2025-10-01__161,1028.7044111003995,69.99232511424623,0.2454,PeMS_average_weekday,L5S-240,6,False,AM,measured,2.1666666666666665,1832.0797101449277,1.7809583495274042,48.99462757997236,35.60000000000001,2025-10-01 07:15:00,2025-10-01 08:45:00,2025-10-01 09:25:00
state_transition,PeMS::D12_I5_S::L5S-252,2025-10-01,2025-10-01 07:35:00,2025-10-01 08:35:00,2025-10-01 09:30:00,2025-10-01 09:25:00,48.2,post_qc,0,48.2,48.2,48.09047619047619,post_qc,0,48.09047619047619,48.09047619047619,91,103,113,AM,AM,115.0,43.19999999999999,44.800683229813664,67.85539823865251,47.49877876705676,2467.7559163059163,1339.2537081644766,1.8426351192920094,1228.190476190476,45.0,0.25,-113.33333333333303,4.8904761904762,False,0,1,91,113,speed_mph,True,D12_I5_S,S,52.0,1.3005,False,PeMS_average_weekday,state_transition__PeMS::D12_I5_S::L5S-252__2025-10-01__162,1339.2537081644766,67.85539823865251,1.3005,PeMS_average_weekday,L5S-252,6,False,AM,measured,1.9166666666666667,2467.7559163059163,1.8426351192920094,47.49877876705676,43.19999999999999,2025-10-01 07:35:00,2025-10-01 08:35:00,2025-10-01 09:30:00
state_transition,PeMS::D12_I5_S::L5S-260,2025-10-01,2025-10-01 06:30:00,2025-10-01 08:45:00,2025-10-01 10:05:00,2025-10-01 10:00:00,49.95384615384616,post_qc,0,49.95384615384616,49.95384615384616,49.80833333333333,post_qc,0,49.80833333333333,49.80833333333333,78,105,120,AM;MD,AM,215.0,41.55384615384616,45.31641323792487,70.76238617560196,49.53367032292137,4131.2425213675215,1313.9823422371153,3.144062434152571,1175.128205128205,70.0,0.38461538461538464,-31.756410256410163,8.254487179487171,False,0,4,78,120,speed_mph,True,D12_I5_S,S,62.0,0.2169,False,PeMS_average_weekday,state_transition__PeMS::D12_I5_S::L5S-260__2025-10-01__163,1313.9823422371153,70.76238617560196,0.2169,PeMS_average_weekday,L5S-260,6,False,AM,measured,3.5833333333333335,4131.2425213675215,3.144062434152571,49.53367032292137,41.55384615384616,2025-10-01 06:30:00,2025-10-01 08:45:00,2025-10-01 10:05:00
state_transition,PeMS::D12_I5_S::L5S-262,2025-10-01,2025-10-01 06:20:00,2025-10-01 08:55:00,2025-10-01 10:10:00,2025-10-01 10:05:00,49.95652173913045,post_qc,0,49.95652173913045,49.95652173913045,49.304347826086975,post_qc,0,49.304347826086975,49.304347826086975,76,107,121,AM;MD,AM,230.0,43.26521739130436,47.00207939508507,70.57580909049022,49.40306636334316,5228.060869565218,1571.54239453184,3.3267068631149774,1485.0782608695652,70.0,0.6923076923076923,146.5043478260868,6.039130434782614,True,0,0,76,121,speed_mph,True,D12_I5_S,S,67.0,0.1299,False,PeMS_average_weekday,state_transition__PeMS::D12_I5_S::L5S-262__2025-10-01__164,1571.54239453184,70.57580909049022,0.1299,PeMS_average_weekday,L5S-262,5,False,AM,measured,3.8333333333333335,5228.060869565218,3.3267068631149774,49.40306636334316,43.26521739130436,2025-10-01 06:20:00,2025-10-01 08:55:00,2025-10-01 10:10:00
state_transition,PeMS::D12_I5_S::L5S-262,2025-10-01,2025-10-01 16:15:00,2025-10-01 16:40:00,2025-10-01 18:30:00,2025-10-01 18:25:00,49.247826086956536,post_qc,0,49.247826086956536,49.247826086956536,50.35217391304348,post_qc,0,50.35217391304348,50.35217391304348,195,200,221,PM,PM,135.0,45.769565217391296,47.53961352657006,70.57580909049022,49.40306636334316,3458.286956521739,1571.54239453184,2.2005686697061435,1501.6695652173912,100.0,0.42105263157894735,22.121739130435117,4.582608695652183,True,0,2,195,221,speed_mph,True,D12_I5_S,S,67.0,0.1299,False,PeMS_average_weekday,state_transition__PeMS::D12_I5_S::L5S-262__2025-10-01__165,1571.54239453184,70.57580909049022,0.1299,PeMS_average_weekday,L5S-262,5,False,PM,measured,2.25,3458.286956521739,2.2005686697061435,49.40306636334316,45.769565217391296,2025-10-01 16:15:00,2025-10-01 16:40:00,2025-10-01 18:30:00
state_transition,PeMS::D12_I5_S::L5S-264,2025-10-01,2025-10-01 06:20:00,2025-10-01 08:40:00,2025-10-01 10:10:00,2025-10-01 10:05:00,52.9304347826087,post_qc,0,52.9304347826087,52.9304347826087,49.89565217391304,post_qc,0,49.89565217391304,49.89565217391304,76,104,121,AM;MD,AM,230.0,15.265217391304349,30.43809073724008,69.516761724338,48.6617332070366,2557.3768115942034,792.8699340496762,3.2254682663171517,679.4782608695652,80.0,0.7333333333333333,121.30434782608688,34.630434782608695,True,0,6,76,121,speed_mph,True,D12_I5_S,S,70.0,0.1255,False,PeMS_average_weekday,state_transition__PeMS::D12_I5_S::L5S-264__2025-10-01__166,792.8699340496762,69.516761724338,0.1255,PeMS_average_weekday,L5S-264,6,False,AM,measured,3.8333333333333335,2557.3768115942034,3.2254682663171517,48.6617332070366,15.265217391304349,2025-10-01 06:20:00,2025-10-01 08:40:00,2025-10-01 10:10:00
state_transition,PeMS::D12_I5_S::L5S-264,2025-10-01,2025-10-01 16:40:00,2025-10-01 17:30:00,2025-10-01 18:00:00,2025-10-01 17:55:00,48.99565217391304,post_qc,0,48.99565217391304,48.99565217391304,49.84782608695652,post_qc,0,49.84782608695652,49.84782608695652,200,210,215,PM,PM,80.0,34.25652173913044,42.93722826086957,69.516761724338,48.6617332070366,971.304347826087,792.8699340496762,1.2250487830520147,700.8695652173913,20.0,0.3333333333333333,-21.652173913043498,15.591304347826082,False,0,2,200,215,speed_mph,True,D12_I5_S,S,70.0,0.1255,False,PeMS_average_weekday,state_transition__PeMS::D12_I5_S::L5S-264__2025-10-01__167,792.8699340496762,69.516761724338,0.1255,PeMS_average_weekday,L5S-264,6,False,PM,measured,1.3333333333333333,971.304347826087,1.2250487830520147,48.6617332070366,34.25652173913044,2025-10-01 16:40:00,2025-10-01 17:30:00,2025-10-01 18:00:00
state_transition,PeMS::D12_I5_S::L5S-267,2025-10-01,2025-10-01 06:45:00,2025-10-01 07:50:00,2025-10-01 09:35:00,2025-10-01 09:30:00,54.2391304347826,post_qc,0,54.2391304347826,54.2391304347826,49.7,post_qc,0,49.7,49.7,81,94,114,AM,AM,170.0,24.100000000000005,32.19156010230179,68.36489402379974,47.85542581665981,2129.4695652173914,945.3510714789865,2.252570108040255,713.895652173913,90.0,0.5882352941176471,160.90434782608702,25.599999999999998,True,0,3,81,114,speed_mph,True,D12_I5_S,S,93.0,0.1143,False,PeMS_average_weekday,state_transition__PeMS::D12_I5_S::L5S-267__2025-10-01__168,945.3510714789865,68.36489402379974,0.1143,PeMS_average_weekday,L5S-267,5,False,AM,measured,2.8333333333333335,2129.4695652173914,2.252570108040255,47.85542581665981,24.100000000000005,2025-10-01 06:45:00,2025-10-01 07:50:00,2025-10-01 09:35:00
state_transition,PeMS::D12_I5_S::L5S-272,2025-10-01,2025-10-01 06:20:00,2025-10-01 07:40:00,2025-10-01 10:05:00,2025-10-01 10:00:00,51.76956521739129,post_qc,0,51.76956521739129,51.76956521739129,50.24782608695652,post_qc,0,50.24782608695652,50.24782608695652,76,92,120,AM;MD,AM,225.0,12.217391304347828,26.318937198067633,69.84211840456094,48.88948288319265,5283.71304347826,1766.3489708981992,2.9913188902821735,1465.878260869565,135.0,0.7307692307692307,500.5565217391304,38.030434782608694,True,0,4,76,120,speed_mph,True,D12_I5_S,S,89.0,0.0547,False,PeMS_average_weekday,state_transition__PeMS::D12_I5_S::L5S-272__2025-10-01__169,1766.3489708981992,69.84211840456094,0.0547,PeMS_average_weekday,L5S-272,5,False,AM,measured,3.75,5283.71304347826,2.9913188902821735,48.88948288319265,12.217391304347828,2025-10-01 06:20:00,2025-10-01 07:40:00,2025-10-01 10:05:00
state_transition,PeMS::D12_I5_S::L5S-272,2025-10-01,2025-10-01 14:50:00,2025-10-01 16:00:00,2025-10-01 17:45:00,2025-10-01 17:40:00,49.24999999999999,post_qc,0,49.24999999999999,49.24999999999999,49.278260869565216,post_qc,0,49.278260869565216,49.278260869565216,178,192,212,MD;PM,PM,175.0,40.08695652173912,43.60181818181819,69.84211840456094,48.88948288319265,5037.104743083004,1766.3489708981992,2.8517041796795146,1735.3043478260868,95.0,0.5555555555555556,51.23478260869547,9.191304347826097,True,0,6,178,212,speed_mph,True,D12_I5_S,S,89.0,0.0547,False,PeMS_average_weekday,state_transition__PeMS::D12_I5_S::L5S-272__2025-10-01__170,1766.3489708981992,69.84211840456094,0.0547,PeMS_average_weekday,L5S-272,5,False,PM,measured,2.9166666666666665,5037.104743083004,2.8517041796795146,48.88948288319265,40.08695652173912,2025-10-01 14:50:00,2025-10-01 16:00:00,2025-10-01 17:45:00
state_transition,PeMS::D12_I5_S::L5S-277,2025-10-01,2025-10-01 07:20:00,2025-10-01 07:45:00,2025-10-01 08:35:00,2025-10-01 08:30:00,49.52173913043479,post_qc,0,49.52173913043479,49.52173913043479,48.87391304347826,post_qc,0,48.87391304347826,48.87391304347826,88,93,102,AM,AM,75.0,43.826086956521735,46.77884057971015,69.33173913043477,48.532217391304336,1366.942028985507,1188.0766798418972,1.1505503408815434,1063.217391304348,40.0,0.8571428571428571,23.82608695652152,5.047826086956526,True,0,3,88,102,speed_mph,True,D12_I5_S,S,75.0,0.1255,False,PeMS_average_weekday,state_transition__PeMS::D12_I5_S::L5S-277__2025-10-01__171,1188.0766798418972,69.33173913043477,0.1255,PeMS_average_weekday,L5S-277,6,False,AM,measured,1.25,1366.942028985507,1.1505503408815434,48.532217391304336,43.826086956521735,2025-10-01 07:20:00,2025-10-01 07:45:00,2025-10-01 08:35:00
state_transition,PeMS::D12_I5_S::L5S-280,2025-10-01,2025-10-01 17:15:00,2025-10-01 17:50:00,2025-10-01 18:05:00,2025-10-01 18:00:00,49.93913043478262,post_qc,0,49.93913043478262,49.93913043478262,49.47391304347828,post_qc,0,49.47391304347828,49.47391304347828,207,214,216,PM,PM,50.0,45.99999999999999,47.52608695652174,70.33565217391303,49.23495652173912,1311.4855072463768,1675.9260869565217,0.7825437633875798,1537.1304347826087,5.0,,,3.4739130434782837,False,0,3,207,216,speed_mph,True,D12_I5_S,S,38.0,0.5232,False,PeMS_average_weekday,state_transition__PeMS::D12_I5_S::L5S-280__2025-10-01__172,1675.9260869565217,70.33565217391303,0.5232,PeMS_average_weekday,L5S-280,6,False,PM,measured,0.8333333333333334,1311.4855072463768,0.7825437633875798,49.23495652173912,45.99999999999999,2025-10-01 17:15:00,2025-10-01 17:50:00,2025-10-01 18:05:00
state_transition,PeMS::D7_I10_E::L10E-002,2025-10-01,2025-10-01 07:40:00,2025-10-01 08:10:00,2025-10-01 08:40:00,2025-10-01 08:35:00,48.98,post_qc,0,48.98,48.98,48.215,post_qc,0,48.215,48.215,92,98,103,AM,AM,60.0,44.405,46.08416666666667,68.40325000000001,47.88227500000001,1201.97,1244.169,0.9660825820286472,1189.02,20.0,0.3333333333333333,-32.87999999999988,3.8100000000000023,False,0,2,92,103,speed_mph,True,D7_I10_E,E,126.0,0.11,False,PeMS_average_weekday,state_transition__PeMS::D7_I10_E::L10E-002__2025-10-01__173,1244.169,68.40325000000001,0.11,PeMS_average_weekday,L10E-002,5,False,AM,measured,1.0,1201.97,0.9660825820286472,47.88227500000001,44.405,2025-10-01 07:40:00,2025-10-01 08:10:00,2025-10-01 08:40:00
state_transition,PeMS::D7_I10_E::L10E-002,2025-10-01,2025-10-01 13:30:00,2025-10-01 14:50:00,2025-10-01 19:30:00,2025-10-01 19:25:00,48.195,post_qc,0,48.195,48.195,48.43000000000001,post_qc,0,48.43000000000001,48.43000000000001,162,178,233,MD;PM,MD,360.0,39.595,42.818749999999994,68.40325000000001,47.88227500000001,7190.179999999999,1244.169,5.779102356673409,1200.1799999999998,270.0,0.4528301886792453,-0.36000000000012733,8.835000000000008,False,0,2,162,233,speed_mph,True,D7_I10_E,E,126.0,0.11,False,PeMS_average_weekday,state_transition__PeMS::D7_I10_E::L10E-002__2025-10-01__174,1244.169,68.40325000000001,0.11,PeMS_average_weekday,L10E-002,5,False,MD,measured,6.0,7190.179999999999,5.779102356673409,47.88227500000001,39.595,2025-10-01 13:30:00,2025-10-01 14:50:00,2025-10-01 19:30:00
state_transition,PeMS::D7_I10_E::L10E-028,2025-10-01,2025-10-01 13:05:00,2025-10-01 17:30:00,2025-10-01 19:30:00,2025-10-01 19:25:00,49.48695652173912,post_qc,0,49.48695652173912,49.48695652173912,48.63043478260868,post_qc,0,48.63043478260868,48.63043478260868,157,210,233,MD;PM,PM,385.0,24.49565217391305,35.47848673066065,69.28979315400106,48.50285520780074,7243.380434782609,1234.555228305983,5.8671983793886175,1089.913043478261,110.0,0.5714285714285714,165.78260869565224,24.13478260869563,True,0,9,157,233,speed_mph,True,D7_I10_E,E,96.0,0.0727,False,PeMS_average_weekday,state_transition__PeMS::D7_I10_E::L10E-028__2025-10-01__175,1234.555228305983,69.28979315400106,0.0727,PeMS_average_weekday,L10E-028,4,False,PM,measured,6.416666666666667,7243.380434782609,5.8671983793886175,48.50285520780074,24.49565217391305,2025-10-01 13:05:00,2025-10-01 17:30:00,2025-10-01 19:30:00
state_transition,PeMS::D7_I10_E::L10E-069,2025-10-01,2025-10-01 12:35:00,2025-10-01 17:25:00,2025-10-01 19:35:00,2025-10-01 19:30:00,46.3857142857143,post_qc,0,46.3857142857143,46.3857142857143,46.56666666666668,post_qc,0,46.56666666666668,46.56666666666668,151,209,234,MD;PM,PM,420.0,23.823809523809523,32.155354308390024,65.2200906969684,45.65406348787788,11935.197023809525,1848.9356080667512,6.4551718143872945,1647.7857142857142,120.0,0.6956521739130435,193.4285714285711,22.742857142857154,True,0,6,151,234,speed_mph,True,D7_I10_E,E,99.0,0.6462,False,PeMS_average_weekday,state_transition__PeMS::D7_I10_E::L10E-069__2025-10-01__176,1848.9356080667512,65.2200906969684,0.6462,PeMS_average_weekday,L10E-069,4,False,PM,measured,7.0,11935.197023809525,6.4551718143872945,45.65406348787788,23.823809523809523,2025-10-01 12:35:00,2025-10-01 17:25:00,2025-10-01 19:35:00
state_transition,PeMS::D7_I10_E::L10E-073,2025-10-01,2025-10-01 07:45:00,2025-10-01 08:15:00,2025-10-01 08:55:00,2025-10-01 08:50:00,51.36521739130435,post_qc,0,51.36521739130435,51.36521739130435,49.42608695652175,post_qc,0,49.42608695652175,49.42608695652175,93,99,106,AM,AM,70.0,38.595652173913045,43.36832298136647,67.86660972521821,47.50662680765274,1402.6956521739125,1386.2952921307287,1.0118303511064923,1178.478260869565,30.0,0.6,46.43478260869574,10.830434782608705,True,0,4,93,106,speed_mph,True,D7_I10_E,E,101.0,0.0615,False,PeMS_average_weekday,state_transition__PeMS::D7_I10_E::L10E-073__2025-10-01__177,1386.2952921307287,67.86660972521821,0.0615,PeMS_average_weekday,L10E-073,4,False,AM,measured,1.1666666666666667,1402.6956521739125,1.0118303511064923,47.50662680765274,38.595652173913045,2025-10-01 07:45:00,2025-10-01 08:15:00,2025-10-01 08:55:00
state_transition,PeMS::D7_I10_E::L10E-073,2025-10-01,2025-10-01 12:30:00,2025-10-01 17:55:00,2025-10-01 19:45:00,2025-10-01 19:40:00,49.39130434782608,post_qc,0,49.39130434782608,49.39130434782608,48.26086956521738,post_qc,0,48.26086956521738,48.26086956521738,150,215,236,MD;PM,PM,435.0,28.74347826086957,35.484807596201904,67.86660972521821,47.50662680765274,9220.826086956522,1386.2952921307287,6.651415567302519,1299.9782608695652,100.0,0.5263157894736842,150.91304347826076,19.517391304347807,True,0,9,150,236,speed_mph,True,D7_I10_E,E,101.0,0.0615,False,PeMS_average_weekday,state_transition__PeMS::D7_I10_E::L10E-073__2025-10-01__178,1386.2952921307287,67.86660972521821,0.0615,PeMS_average_weekday,L10E-073,4,False,PM,measured,7.25,9220.826086956522,6.651415567302519,47.50662680765274,28.74347826086957,2025-10-01 12:30:00,2025-10-01 17:55:00,2025-10-01 19:45:00
state_transition,PeMS::D7_I10_E::L10E-100,2025-10-01,2025-10-01 16:10:00,2025-10-01 16:35:00,2025-10-01 18:00:00,2025-10-01 17:55:00,50.765217391304354,post_qc,0,50.765217391304354,50.765217391304354,51.00434782608696,post_qc,0,51.00434782608696,51.00434782608696,194,199,215,PM,PM,110.0,47.67391304347826,49.79565217391305,71.83760869565218,50.28632608695652,1772.1304347826087,1102.011304347826,1.6080873470089871,970.3478260869564,55.0,0.5,-37.04347826086939,3.3304347826087053,False,0,1,194,215,speed_mph,True,D7_I10_E,E,133.0,0.146,False,PeMS_average_weekday,state_transition__PeMS::D7_I10_E::L10E-100__2025-10-01__179,1102.011304347826,71.83760869565218,0.146,PeMS_average_weekday,L10E-100,6,False,PM,measured,1.8333333333333333,1772.1304347826087,1.6080873470089871,50.28632608695652,47.67391304347826,2025-10-01 16:10:00,2025-10-01 16:35:00,2025-10-01 18:00:00
state_transition,PeMS::D7_I10_E::L10E-106,2025-10-01,2025-10-01 13:45:00,2025-10-01 16:00:00,2025-10-01 19:00:00,2025-10-01 18:55:00,47.61500000000001,post_qc,0,47.61500000000001,47.61500000000001,47.705000000000005,post_qc,0,47.705000000000005,47.705000000000005,165,192,227,MD;PM,PM,315.0,35.71000000000001,40.19215121136173,68.00856051527317,47.60599236069122,5275.623157894737,1055.6940617529333,4.997303053059518,1000.38,170.0,0.6363636363636364,77.03999999999996,11.994999999999997,True,0,3,165,227,speed_mph,True,D7_I10_E,E,122.0,0.1609,False,PeMS_average_weekday,state_transition__PeMS::D7_I10_E::L10E-106__2025-10-01__180,1055.6940617529333,68.00856051527317,0.1609,PeMS_average_weekday,L10E-106,5,False,PM,measured,5.25,5275.623157894737,4.997303053059518,47.60599236069122,35.71000000000001,2025-10-01 13:45:00,2025-10-01 16:00:00,2025-10-01 19:00:00
state_transition,PeMS::D7_I10_E::L10E-169,2025-10-01,2025-10-01 13:10:00,2025-10-01 17:35:00,2025-10-01 20:35:00,2025-10-01 20:30:00,49.578260869565206,post_qc,0,49.578260869565206,49.578260869565206,49.15217391304349,post_qc,0,49.15217391304349,49.15217391304349,158,211,246,MD;PM;NT,PM,445.0,16.221739130434784,28.390425012212994,69.69952645518173,48.7896685186272,9889.206521739132,1463.0038871526417,6.759521699553316,1309.108695652174,170.0,0.6060606060606061,69.52173913043475,32.93043478260871,True,0,5,158,246,speed_mph,True,D7_I10_E,E,91.0,0.4213,False,PeMS_average_weekday,state_transition__PeMS::D7_I10_E::L10E-169__2025-10-01__181,1463.0038871526417,69.69952645518173,0.4213,PeMS_average_weekday,L10E-169,4,False,PM,measured,7.416666666666667,9889.206521739132,6.759521699553316,48.7896685186272,16.221739130434784,2025-10-01 13:10:00,2025-10-01 17:35:00,2025-10-01 20:35:00
state_transition,PeMS::D7_I10_E::L10E-178,2025-10-01,2025-10-01 07:30:00,2025-10-01 07:50:00,2025-10-01 08:05:00,2025-10-01 08:00:00,48.88571428571428,post_qc,0,48.88571428571428,48.88571428571428,47.25714285714285,post_qc,0,47.25714285714285,47.25714285714285,90,94,96,AM,AM,35.0,43.72380952380953,45.80068027210884,66.46095403119959,46.52266782183971,761.8809523809524,1229.3266392672722,0.6197546917514648,1312.7142857142858,5.0,,,3.5333333333333243,False,0,3,90,96,speed_mph,True,D7_I10_E,E,137.0,0.3672,False,PeMS_average_weekday,state_transition__PeMS::D7_I10_E::L10E-178__2025-10-01__182,1229.3266392672722,66.46095403119959,0.3672,PeMS_average_weekday,L10E-178,4,False,AM,measured,0.5833333333333334,761.8809523809524,0.6197546917514648,46.52266782183971,43.72380952380953,2025-10-01 07:30:00,2025-10-01 07:50:00,2025-10-01 08:05:00
state_transition,PeMS::D7_I10_E::L10E-178,2025-10-01,2025-10-01 13:40:00,2025-10-01 17:30:00,2025-10-01 19:50:00,2025-10-01 19:45:00,46.46190476190476,post_qc,0,46.46190476190476,46.46190476190476,47.10476190476191,post_qc,0,47.10476190476191,47.10476190476191,164,210,237,MD;PM,PM,370.0,25.33333333333333,32.90933075933076,66.46095403119959,46.52266782183971,6537.857142857142,1229.3266392672722,5.318242470328282,1103.0714285714284,130.0,0.64,264.8571428571431,21.77142857142858,True,0,1,164,237,speed_mph,True,D7_I10_E,E,137.0,0.3672,False,PeMS_average_weekday,state_transition__PeMS::D7_I10_E::L10E-178__2025-10-01__183,1229.3266392672722,66.46095403119959,0.3672,PeMS_average_weekday,L10E-178,4,False,PM,measured,6.166666666666667,6537.857142857142,5.318242470328282,46.52266782183971,25.33333333333333,2025-10-01 13:40:00,2025-10-01 17:30:00,2025-10-01 19:50:00
state_transition,PeMS::D7_I10_E::L10E-187,2025-10-01,2025-10-01 13:35:00,2025-10-01 17:30:00,2025-10-01 20:30:00,2025-10-01 20:25:00,48.8304347826087,post_qc,0,48.8304347826087,48.8304347826087,49.57826086956521,post_qc,0,49.57826086956521,49.57826086956521,163,210,245,MD;PM;NT,PM,415.0,15.582608695652173,29.1297537977999,69.56088838748884,48.69262187124219,9017.45652173913,1427.4225809488755,6.317299895693677,1262.217391304348,170.0,0.5454545454545454,64.43478260869574,33.995652173913044,True,0,4,163,245,speed_mph,True,D7_I10_E,E,90.0,0.2367,False,PeMS_average_weekday,state_transition__PeMS::D7_I10_E::L10E-187__2025-10-01__184,1427.4225809488755,69.56088838748884,0.2367,PeMS_average_weekday,L10E-187,4,False,PM,measured,6.916666666666667,9017.45652173913,6.317299895693677,48.69262187124219,15.582608695652173,2025-10-01 13:35:00,2025-10-01 17:30:00,2025-10-01 20:30:00
state_transition,PeMS::D7_I10_E::L10E-214,2025-10-01,2025-10-01 13:00:00,2025-10-01 17:30:00,2025-10-01 19:40:00,2025-10-01 19:35:00,49.75652173913043,post_qc,0,49.75652173913043,49.75652173913043,49.65217391304348,post_qc,0,49.65217391304348,49.65217391304348,156,210,235,MD;PM,PM,400.0,16.104347826086958,30.82298913043478,68.96647498221901,48.2765324875533,7837.076086956522,1330.0828675075054,5.892171291284074,1117.108695652174,120.0,0.5217391304347826,189.78260869565247,33.54782608695652,True,0,13,156,235,speed_mph,True,D7_I10_E,E,95.0,0.0889,False,PeMS_average_weekday,state_transition__PeMS::D7_I10_E::L10E-214__2025-10-01__185,1330.0828675075054,68.96647498221901,0.0889,PeMS_average_weekday,L10E-214,4,False,PM,measured,6.666666666666667,7837.076086956522,5.892171291284074,48.2765324875533,16.104347826086958,2025-10-01 13:00:00,2025-10-01 17:30:00,2025-10-01 19:40:00
state_transition,PeMS::D7_I10_E::L10E-216,2025-10-01,2025-10-01 13:10:00,2025-10-01 16:15:00,2025-10-01 20:05:00,2025-10-01 20:00:00,50.76818181818182,post_qc,0,50.76818181818182,50.76818181818182,52.45909090909091,post_qc,0,52.45909090909091,52.45909090909091,158,195,240,MD;PM;NT,PM,415.0,16.922727272727276,25.688335158817086,71.13942841022958,49.79759988716071,6969.427272727273,1202.5874356368074,5.7953601261738985,1048.5272727272727,220.0,0.5581395348837209,102.65454545454554,35.53636363636363,True,0,8,158,240,speed_mph,True,D7_I10_E,E,118.0,0.2672,False,PeMS_average_weekday,state_transition__PeMS::D7_I10_E::L10E-216__2025-10-01__186,1202.5874356368074,71.13942841022958,0.2672,PeMS_average_weekday,L10E-216,5,False,PM,measured,6.916666666666667,6969.427272727273,5.7953601261738985,49.79759988716071,16.922727272727276,2025-10-01 13:10:00,2025-10-01 16:15:00,2025-10-01 20:05:00
state_transition,PeMS::D7_I10_E::L10E-217,2025-10-01,2025-10-01 12:20:00,2025-10-01 17:25:00,2025-10-01 19:50:00,2025-10-01 19:45:00,49.90434782608696,post_qc,0,49.90434782608696,49.90434782608696,49.90434782608696,post_qc,0,49.90434782608696,49.90434782608696,148,209,237,MD;PM,PM,450.0,17.317391304347826,29.42101449275362,69.7552424464421,48.828669712509466,9062.510869565216,1352.099441247501,6.702547603454211,1171.9565217391305,135.0,0.5769230769230769,131.86956521739125,32.58695652173914,True,0,2,148,237,speed_mph,True,D7_I10_E,E,97.0,0.1118,False,PeMS_average_weekday,state_transition__PeMS::D7_I10_E::L10E-217__2025-10-01__187,1352.099441247501,69.7552424464421,0.1118,PeMS_average_weekday,L10E-217,4,False,PM,measured,7.5,9062.510869565216,6.702547603454211,48.828669712509466,17.317391304347826,2025-10-01 12:20:00,2025-10-01 17:25:00,2025-10-01 19:50:00
state_transition,PeMS::D7_I10_E::L10E-221,2025-10-01,2025-10-01 07:45:00,2025-10-01 08:15:00,2025-10-01 09:00:00,2025-10-01 08:55:00,49.44347826086957,post_qc,0,49.44347826086957,49.44347826086957,50.76521739130435,post_qc,0,50.76521739130435,50.76521739130435,93,99,107,AM,AM,75.0,32.6608695652174,39.75449275362318,69.76447644752635,48.83513351326844,1485.9130434782608,1416.4074156640904,1.0490717762739066,1157.8695652173913,35.0,0.3333333333333333,33.91304347826099,18.104347826086943,True,0,4,93,107,speed_mph,True,D7_I10_E,E,100.0,0.115,False,PeMS_average_weekday,state_transition__PeMS::D7_I10_E::L10E-221__2025-10-01__188,1416.4074156640904,69.76447644752635,0.115,PeMS_average_weekday,L10E-221,4,False,AM,measured,1.25,1485.9130434782608,1.0490717762739066,48.83513351326844,32.6608695652174,2025-10-01 07:45:00,2025-10-01 08:15:00,2025-10-01 09:00:00
state_transition,PeMS::D7_I10_E::L10E-221,2025-10-01,2025-10-01 12:15:00,2025-10-01 17:55:00,2025-10-01 20:10:00,2025-10-01 20:05:00,50.582608695652176,post_qc,0,50.582608695652176,50.582608695652176,49.86521739130436,post_qc,0,49.86521739130436,49.86521739130436,147,215,241,MD;PM;NT,PM,475.0,18.139130434782608,28.847093821510306,69.76447644752635,48.83513351326844,10059.923913043478,1416.4074156640904,7.102422510494148,1299.9130434782608,125.0,0.5833333333333334,127.95652173913072,31.726086956521755,True,0,2,147,241,speed_mph,True,D7_I10_E,E,100.0,0.115,False,PeMS_average_weekday,state_transition__PeMS::D7_I10_E::L10E-221__2025-10-01__189,1416.4074156640904,69.76447644752635,0.115,PeMS_average_weekday,L10E-221,4,False,PM,measured,7.916666666666667,10059.923913043478,7.102422510494148,48.83513351326844,18.139130434782608,2025-10-01 12:15:00,2025-10-01 17:55:00,2025-10-01 20:10:00
state_transition,PeMS::D7_I10_E::L10E-222,2025-10-01,2025-10-01 12:25:00,2025-10-01 17:30:00,2025-10-01 19:45:00,2025-10-01 19:40:00,48.95217391304347,post_qc,0,48.95217391304347,48.95217391304347,49.7608695652174,post_qc,0,49.7608695652174,49.7608695652174,149,210,236,MD;PM,PM,440.0,25.26956521739132,34.112203557312256,69.50976829038417,48.65683780326892,8789.923913043476,1253.9108924068198,7.010006824465535,1173.391304347826,125.0,0.4583333333333333,-14.869565217391255,24.491304347826077,False,0,8,149,236,speed_mph,True,D7_I10_E,E,98.0,0.0684,False,PeMS_average_weekday,state_transition__PeMS::D7_I10_E::L10E-222__2025-10-01__190,1253.9108924068198,69.50976829038417,0.0684,PeMS_average_weekday,L10E-222,4,False,PM,measured,7.333333333333333,8789.923913043476,7.010006824465535,48.65683780326892,25.26956521739132,2025-10-01 12:25:00,2025-10-01 17:30:00,2025-10-01 19:45:00
state_transition,PeMS::D7_I10_E::L10E-233,2025-10-01,2025-10-01 11:50:00,2025-10-01 17:35:00,2025-10-01 20:50:00,2025-10-01 20:45:00,50.595454545454544,post_qc,0,50.595454545454544,50.595454545454544,50.10909090909091,post_qc,0,50.10909090909091,50.10909090909091,142,211,249,MD;PM;NT,PM,540.0,29.10909090909091,38.225,71.53006689468943,50.0710468262826,14566.763636363636,1662.8078540463,8.760340890209694,1612.1454545454546,185.0,0.5,13.527272727272702,21.0,True,0,5,142,249,speed_mph,True,D7_I10_E,E,92.0,0.3766,False,PeMS_average_weekday,state_transition__PeMS::D7_I10_E::L10E-233__2025-10-01__191,1662.8078540463,71.53006689468943,0.3766,PeMS_average_weekday,L10E-233,5,False,PM,measured,9.0,14566.763636363636,8.760340890209694,50.0710468262826,29.10909090909091,2025-10-01 11:50:00,2025-10-01 17:35:00,2025-10-01 20:50:00
state_transition,PeMS::D7_I10_E::L10E-303,2025-10-01,2025-10-01 07:35:00,2025-10-01 08:15:00,2025-10-01 09:00:00,2025-10-01 08:55:00,51.98222222222222,post_qc,0,51.98222222222222,51.98222222222222,49.92000000000001,post_qc,0,49.92000000000001,49.92000000000001,91,99,107,AM,AM,85.0,38.90666666666666,43.308496732026136,69.1278888888889,48.38952222222223,8464.133333333333,6372.522666666667,1.3282233388682074,5950.666666666667,35.0,0.3333333333333333,-56.53333333333376,11.01333333333335,False,0,0,91,107,speed_mph,True,D7_I10_E,E,124.0,0.5543,False,PeMS_average_weekday,state_transition__PeMS::D7_I10_E::L10E-303__2025-10-01__192,6372.522666666667,69.1278888888889,0.5543,PeMS_average_weekday,L10E-303,1,False,AM,measured,1.4166666666666667,8464.133333333333,1.3282233388682074,48.38952222222223,38.90666666666666,2025-10-01 07:35:00,2025-10-01 08:15:00,2025-10-01 09:00:00
state_transition,PeMS::D7_I10_E::L10E-303,2025-10-01,2025-10-01 12:45:00,2025-10-01 14:55:00,2025-10-01 19:40:00,2025-10-01 19:35:00,48.87333333333333,post_qc,0,48.87333333333333,48.87333333333333,49.43111111111111,post_qc,0,49.43111111111111,49.43111111111111,153,179,235,MD;PM,MD,415.0,30.242222222222225,36.61303882195449,69.1278888888889,48.38952222222223,39082.71111111111,6372.522666666667,6.133004644384334,5616.266666666666,275.0,0.6111111111111112,405.33333333333303,19.188888888888883,True,0,5,153,235,speed_mph,True,D7_I10_E,E,124.0,0.5543,False,PeMS_average_weekday,state_transition__PeMS::D7_I10_E::L10E-303__2025-10-01__193,6372.522666666667,69.1278888888889,0.5543,PeMS_average_weekday,L10E-303,1,False,MD,measured,6.916666666666667,39082.71111111111,6.133004644384334,48.38952222222223,30.242222222222225,2025-10-01 12:45:00,2025-10-01 14:55:00,2025-10-01 19:40:00
state_transition,PeMS::D7_I10_E::L10E-304,2025-10-01,2025-10-01 07:40:00,2025-10-01 08:10:00,2025-10-01 08:40:00,2025-10-01 08:35:00,49.34782608695652,post_qc,0,49.34782608695652,49.34782608695652,47.695652173913054,post_qc,0,47.695652173913054,47.695652173913054,92,98,103,AM,AM,60.0,43.621739130434776,45.6945652173913,67.86650512480273,47.50655358736191,1558.4239130434783,1513.8328349530211,1.0294557477291348,1558.7608695652175,20.0,0.6666666666666666,-15.521739130434753,4.073913043478278,False,0,5,92,103,speed_mph,True,D7_I10_E,E,125.0,0.1802,False,PeMS_average_weekday,state_transition__PeMS::D7_I10_E::L10E-304__2025-10-01__194,1513.8328349530211,67.86650512480273,0.1802,PeMS_average_weekday,L10E-304,4,False,AM,measured,1.0,1558.4239130434783,1.0294557477291348,47.50655358736191,43.621739130434776,2025-10-01 07:40:00,2025-10-01 08:10:00,2025-10-01 08:40:00
state_transition,PeMS::D7_I10_E::L10E-304,2025-10-01,2025-10-01 13:25:00,2025-10-01 15:20:00,2025-10-01 19:35:00,2025-10-01 19:30:00,47.91739130434784,post_qc,0,47.91739130434784,47.91739130434784,48.26521739130435,post_qc,0,48.26521739130435,48.26521739130435,161,184,234,MD;PM,MD,370.0,38.72608695652176,42.40446533490012,67.86650512480273,47.50655358736191,9173.152173913042,1513.8328349530211,6.059554240146808,1490.413043478261,240.0,0.48936170212765956,12.91304347826076,9.539130434782585,True,0,0,161,234,speed_mph,True,D7_I10_E,E,125.0,0.1802,False,PeMS_average_weekday,state_transition__PeMS::D7_I10_E::L10E-304__2025-10-01__195,1513.8328349530211,67.86650512480273,0.1802,PeMS_average_weekday,L10E-304,4,False,MD,measured,6.166666666666667,9173.152173913042,6.059554240146808,47.50655358736191,38.72608695652176,2025-10-01 13:25:00,2025-10-01 15:20:00,2025-10-01 19:35:00
state_transition,PeMS::D7_I10_E::L10E-308,2025-10-01,2025-10-01 07:35:00,2025-10-01 08:15:00,2025-10-01 09:00:00,2025-10-01 08:55:00,51.991304347826095,post_qc,0,51.991304347826095,51.991304347826095,48.40434782608694,post_qc,0,48.40434782608694,48.40434782608694,91,99,107,AM,AM,85.0,35.652173913043484,40.785166240409204,69.17804347826088,48.42463043478261,8079.956521739129,6106.502608695652,1.3231725325447796,5659.04347826087,40.0,0.2857142857142857,-59.47826086956593,12.752173913043457,False,0,4,91,107,speed_mph,True,D7_I10_E,E,123.0,0.5263,False,PeMS_average_weekday,state_transition__PeMS::D7_I10_E::L10E-308__2025-10-01__196,6106.502608695652,69.17804347826088,0.5263,PeMS_average_weekday,L10E-308,1,False,AM,measured,1.4166666666666667,8079.956521739129,1.3231725325447796,48.42463043478261,35.652173913043484,2025-10-01 07:35:00,2025-10-01 08:15:00,2025-10-01 09:00:00
state_transition,PeMS::D7_I10_E::L10E-308,2025-10-01,2025-10-01 12:40:00,2025-10-01 14:55:00,2025-10-01 19:45:00,2025-10-01 19:40:00,49.55217391304348,post_qc,0,49.55217391304348,49.55217391304348,49.66521739130435,post_qc,0,49.66521739130435,49.66521739130435,152,179,236,MD;PM,MD,425.0,26.14782608695653,33.30803069053708,69.17804347826088,48.42463043478261,38057.08695652175,6106.502608695652,6.232223155416081,5312.869565217391,275.0,0.5740740740740741,566.086956521739,23.51739130434782,True,0,9,152,236,speed_mph,True,D7_I10_E,E,123.0,0.5263,False,PeMS_average_weekday,state_transition__PeMS::D7_I10_E::L10E-308__2025-10-01__197,6106.502608695652,69.17804347826088,0.5263,PeMS_average_weekday,L10E-308,1,False,MD,measured,7.083333333333333,38057.08695652175,6.232223155416081,48.42463043478261,26.14782608695653,2025-10-01 12:40:00,2025-10-01 14:55:00,2025-10-01 19:45:00
state_transition,PeMS::D7_I10_E::L10E-311,2025-10-01,2025-10-01 05:55:00,2025-10-01 06:40:00,2025-10-01 07:30:00,2025-10-01 07:25:00,54.22173913043478,post_qc,0,54.22173913043478,54.22173913043478,49.33478260869565,post_qc,0,49.33478260869565,49.33478260869565,71,80,89,NT;AM,AM,95.0,36.49565217391304,41.697254004576656,70.05652173913042,49.03956521739129,8219.521739130434,6515.966086956521,1.261443296272527,5210.347826086956,40.0,0.5714285714285714,136.17391304347802,12.83913043478261,True,0,0,71,89,speed_mph,True,D7_I10_E,E,127.0,0.028,False,PeMS_average_weekday,state_transition__PeMS::D7_I10_E::L10E-311__2025-10-01__198,6515.966086956521,70.05652173913042,0.028,PeMS_average_weekday,L10E-311,1,False,AM,measured,1.5833333333333333,8219.521739130434,1.261443296272527,49.03956521739129,36.49565217391304,2025-10-01 05:55:00,2025-10-01 06:40:00,2025-10-01 07:30:00
state_transition,PeMS::D7_I10_E::L10E-311,2025-10-01,2025-10-01 08:40:00,2025-10-01 09:10:00,2025-10-01 09:25:00,2025-10-01 09:20:00,49.25652173913043,post_qc,0,49.25652173913043,49.25652173913043,49.2913043478261,post_qc,0,49.2913043478261,49.2913043478261,104,110,112,AM,AM,45.0,48.22608695652174,48.92657004830918,70.05652173913042,49.03956521739129,3875.0,6515.966086956521,0.5946930889890398,,0.0,,,,False,0,2,104,112,speed_mph,True,D7_I10_E,E,127.0,0.028,False,PeMS_average_weekday,state_transition__PeMS::D7_I10_E::L10E-311__2025-10-01__199,6515.966086956521,70.05652173913042,0.028,PeMS_average_weekday,L10E-311,1,False,AM,measured,0.75,3875.0,0.5946930889890398,49.03956521739129,48.22608695652174,2025-10-01 08:40:00,2025-10-01 09:10:00,2025-10-01 09:25:00
state_transition,PeMS::D7_I10_E::L10E-326,2025-10-01,2025-10-01 14:45:00,2025-10-01 16:45:00,2025-10-01 19:05:00,2025-10-01 19:00:00,47.361904761904775,post_qc,0,47.361904761904775,47.361904761904775,48.43809523809525,post_qc,0,48.43809523809525,48.43809523809525,177,201,228,MD;PM,PM,260.0,37.27142857142858,41.78717948717948,68.11886697127713,47.68320687989399,5053.809523809524,1184.4052636924334,4.266959695918658,1159.542857142857,125.0,0.6666666666666666,20.114285714285415,11.166666666666671,True,0,3,177,228,speed_mph,True,D7_I10_E,E,143.0,0.5114,False,PeMS_average_weekday,state_transition__PeMS::D7_I10_E::L10E-326__2025-10-01__200,1184.4052636924334,68.11886697127713,0.5114,PeMS_average_weekday,L10E-326,5,False,PM,measured,4.333333333333333,5053.809523809524,4.266959695918658,47.68320687989399,37.27142857142858,2025-10-01 14:45:00,2025-10-01 16:45:00,2025-10-01 19:05:00
state_transition,PeMS::D7_I10_E::L10E-331,2025-10-01,2025-10-01 13:40:00,2025-10-01 16:45:00,2025-10-01 19:05:00,2025-10-01 19:00:00,48.70909090909091,post_qc,0,48.70909090909091,48.70909090909091,48.07272727272727,post_qc,0,48.07272727272727,48.07272727272727,164,201,228,MD;PM,PM,325.0,26.68636363636363,36.70755244755244,68.2165909090909,47.75161363636362,24199.18181818182,5029.729090909091,4.811229666806563,4356.545454545454,130.0,0.6,588.545454545455,21.38636363636364,True,0,1,164,228,speed_mph,True,D7_I10_E,E,141.0,0.5195,False,PeMS_average_weekday,state_transition__PeMS::D7_I10_E::L10E-331__2025-10-01__201,5029.729090909091,68.2165909090909,0.5195,PeMS_average_weekday,L10E-331,1,False,PM,measured,5.416666666666667,24199.18181818182,4.811229666806563,47.75161363636362,26.68636363636363,2025-10-01 13:40:00,2025-10-01 16:45:00,2025-10-01 19:05:00
state_transition,PeMS::D7_I10_E::L10E-333,2025-10-01,2025-10-01 14:45:00,2025-10-01 16:50:00,2025-10-01 19:05:00,2025-10-01 19:00:00,48.35714285714287,post_qc,0,48.35714285714287,48.35714285714287,49.08095238095238,post_qc,0,49.08095238095238,49.08095238095238,177,202,228,MD;PM,PM,260.0,30.27142857142857,36.72582417582418,68.55666666666667,47.989666666666665,18548.28571428571,4757.185714285714,3.899003912877661,4233.142857142857,125.0,0.5833333333333334,525.1428571428573,18.809523809523814,True,0,1,177,228,speed_mph,True,D7_I10_E,E,140.0,0.1566,False,PeMS_average_weekday,state_transition__PeMS::D7_I10_E::L10E-333__2025-10-01__202,4757.185714285714,68.55666666666667,0.1566,PeMS_average_weekday,L10E-333,1,False,PM,measured,4.333333333333333,18548.28571428571,3.899003912877661,47.989666666666665,30.27142857142857,2025-10-01 14:45:00,2025-10-01 16:50:00,2025-10-01 19:05:00
state_transition,PeMS::D7_I10_E::L10E-337,2025-10-01,2025-10-01 14:15:00,2025-10-01 16:55:00,2025-10-01 19:10:00,2025-10-01 19:05:00,50.586956521739125,post_qc,0,50.586956521739125,50.586956521739125,49.56956521739131,post_qc,0,49.56956521739131,49.56956521739131,171,203,229,MD;PM,PM,295.0,24.295652173913044,33.90854826823876,70.70782608695652,49.49547826086956,24587.565217391308,6020.026956521739,4.084294870267085,4897.565217391304,125.0,0.7083333333333334,759.1304347826081,25.273913043478263,True,0,0,171,229,speed_mph,True,D7_I10_E,E,139.0,0.5126,False,PeMS_average_weekday,state_transition__PeMS::D7_I10_E::L10E-337__2025-10-01__203,6020.026956521739,70.70782608695652,0.5126,PeMS_average_weekday,L10E-337,1,False,PM,measured,4.916666666666667,24587.565217391308,4.084294870267085,49.49547826086956,24.295652173913044,2025-10-01 14:15:00,2025-10-01 16:55:00,2025-10-01 19:10:00
state_transition,PeMS::D7_I10_E::L10E-349,2025-10-01,2025-10-01 12:45:00,2025-10-01 15:55:00,2025-10-01 19:55:00,2025-10-01 19:50:00,48.19473684210527,post_qc,0,48.19473684210527,48.19473684210527,49.03684210526317,post_qc,0,49.03684210526317,49.03684210526317,153,191,238,MD;PM,MD,430.0,18.03157894736842,27.44706242350061,68.57092217078552,47.999645519549865,6995.184210526316,1137.8021127147088,6.147979628756658,980.6842105263158,230.0,0.6,200.63157894736844,31.00526315789475,True,0,0,153,238,speed_mph,True,D7_I10_E,E,119.0,0.1069,False,PeMS_average_weekday,state_transition__PeMS::D7_I10_E::L10E-349__2025-10-01__204,1137.8021127147088,68.57092217078552,0.1069,PeMS_average_weekday,L10E-349,6,False,MD,measured,7.166666666666667,6995.184210526316,6.147979628756658,47.999645519549865,18.03157894736842,2025-10-01 12:45:00,2025-10-01 15:55:00,2025-10-01 19:55:00
state_transition,PeMS::D7_I10_E::L10E-351,2025-10-01,2025-10-01 07:45:00,2025-10-01 08:20:00,2025-10-01 08:45:00,2025-10-01 08:40:00,51.5608695652174,post_qc,0,51.5608695652174,51.5608695652174,50.97608695652175,post_qc,0,50.97608695652175,50.97608695652175,93,100,104,AM,AM,60.0,44.15652173913045,46.47536231884058,69.81641304347826,48.87148913043478,5402.826086956521,5912.872173913043,0.9137397068709195,5351.478260869565,15.0,1.0,144.52173913043498,6.8195652173913,False,0,2,93,104,speed_mph,True,D7_I10_E,E,121.0,0.8836,False,PeMS_average_weekday,state_transition__PeMS::D7_I10_E::L10E-351__2025-10-01__205,5912.872173913043,69.81641304347826,0.8836,PeMS_average_weekday,L10E-351,1,False,AM,measured,1.0,5402.826086956521,0.9137397068709195,48.87148913043478,44.15652173913045,2025-10-01 07:45:00,2025-10-01 08:20:00,2025-10-01 08:45:00
state_transition,PeMS::D7_I10_E::L10E-351,2025-10-01,2025-10-01 13:05:00,2025-10-01 16:00:00,2025-10-01 19:25:00,2025-10-01 19:20:00,49.07608695652174,post_qc,0,49.07608695652174,49.07608695652174,49.88695652173914,post_qc,0,49.88695652173914,49.88695652173914,157,192,232,MD;PM,PM,380.0,22.94347826086957,32.950543478260876,69.81641304347826,48.87148913043478,32677.652173913048,5912.872173913043,5.526527753818751,5121.652173913043,195.0,0.6052631578947368,900.260869565217,26.94347826086957,True,0,8,157,232,speed_mph,True,D7_I10_E,E,121.0,0.8836,False,PeMS_average_weekday,state_transition__PeMS::D7_I10_E::L10E-351__2025-10-01__206,5912.872173913043,69.81641304347826,0.8836,PeMS_average_weekday,L10E-351,1,False,PM,measured,6.333333333333333,32677.652173913048,5.526527753818751,48.87148913043478,22.94347826086957,2025-10-01 13:05:00,2025-10-01 16:00:00,2025-10-01 19:25:00
state_transition,PeMS::D7_I10_W::L10W-001,2025-10-01,2025-10-01 06:00:00,2025-10-01 06:15:00,2025-10-01 07:45:00,2025-10-01 07:40:00,47.23571428571428,post_qc,0,47.23571428571428,47.23571428571428,47.13571428571428,post_qc,0,47.13571428571428,47.13571428571428,72,75,92,AM,AM,105.0,36.41428571428572,41.07140240711669,66.51032340696449,46.557226384875136,1924.7274725274726,1161.2409841190126,1.657474631751554,1093.9516483516486,80.0,0.5333333333333333,20.74285714285702,10.72142857142856,True,0,3,72,92,speed_mph,True,D7_I10_W,W,79.0,0.0746,False,PeMS_average_weekday,state_transition__PeMS::D7_I10_W::L10W-001__2025-10-01__207,1161.2409841190126,66.51032340696449,0.0746,PeMS_average_weekday,L10W-001,5,False,AM,measured,1.75,1924.7274725274726,1.657474631751554,46.557226384875136,36.41428571428572,2025-10-01 06:00:00,2025-10-01 06:15:00,2025-10-01 07:45:00
state_transition,PeMS::D7_I10_W::L10W-068,2025-10-01,2025-10-01 06:15:00,2025-10-01 08:15:00,2025-10-01 09:00:00,2025-10-01 08:55:00,50.113043478260856,post_qc,0,50.113043478260856,50.113043478260856,50.53478260869566,post_qc,0,50.53478260869566,50.53478260869566,75,99,107,AM,AM,165.0,38.0,44.74795783926219,69.46721580883491,48.62705106618444,3768.9239130434785,1371.9962763261833,2.7470365467285283,1321.304347826087,35.0,0.5,-18.0,12.534782608695657,False,0,7,75,107,speed_mph,True,D7_I10_W,W,45.0,0.0684,False,PeMS_average_weekday,state_transition__PeMS::D7_I10_W::L10W-068__2025-10-01__208,1371.9962763261833,69.46721580883491,0.0684,PeMS_average_weekday,L10W-068,4,False,AM,measured,2.75,3768.9239130434785,2.7470365467285283,48.62705106618444,38.0,2025-10-01 06:15:00,2025-10-01 08:15:00,2025-10-01 09:00:00
state_transition,PeMS::D7_I10_W::L10W-071,2025-10-01,2025-10-01 06:00:00,2025-10-01 07:40:00,2025-10-01 10:20:00,2025-10-01 10:15:00,45.84782608695652,post_qc,0,45.84782608695652,45.84782608695652,46.4,post_qc,0,46.4,46.4,72,92,123,AM;MD,AM,260.0,28.60869565217391,33.471739130434784,65.9863431047008,46.19044017329056,6022.619565217391,1489.2178344858771,4.044149503015173,1369.8260869565215,150.0,0.3103448275862069,-55.434782608695514,17.791304347826088,False,0,7,72,123,speed_mph,True,D7_I10_W,W,48.0,0.2802,False,PeMS_average_weekday,state_transition__PeMS::D7_I10_W::L10W-071__2025-10-01__209,1489.2178344858771,65.9863431047008,0.2802,PeMS_average_weekday,L10W-071,4,False,AM,measured,4.333333333333333,6022.619565217391,4.044149503015173,46.19044017329056,28.60869565217391,2025-10-01 06:00:00,2025-10-01 07:40:00,2025-10-01 10:20:00
state_transition,PeMS::D7_I10_W::L10W-084,2025-10-01,2025-10-01 05:55:00,2025-10-01 07:20:00,2025-10-01 11:35:00,2025-10-01 11:30:00,49.8304347826087,post_qc,0,49.8304347826087,49.8304347826087,48.80434782608696,post_qc,0,48.80434782608696,48.80434782608696,71,88,138,NT;AM;MD,AM,340.0,18.4608695652174,31.34712276214834,67.92813036719309,47.54969125703517,6560.456521739131,1359.7055217254951,4.824909818277249,1169.0217391304348,240.0,0.5531914893617021,274.17391304347825,30.34347826086956,True,0,4,71,138,speed_mph,True,D7_I10_W,W,74.0,0.1541,False,PeMS_average_weekday,state_transition__PeMS::D7_I10_W::L10W-084__2025-10-01__210,1359.7055217254951,67.92813036719309,0.1541,PeMS_average_weekday,L10W-084,4,False,AM,measured,5.666666666666667,6560.456521739131,4.824909818277249,47.54969125703517,18.4608695652174,2025-10-01 05:55:00,2025-10-01 07:20:00,2025-10-01 11:35:00
state_transition,PeMS::D7_I10_W::L10W-086,2025-10-01,2025-10-01 06:00:00,2025-10-01 07:55:00,2025-10-01 09:15:00,2025-10-01 09:10:00,44.8952380952381,post_qc,0,44.8952380952381,44.8952380952381,46.11428571428572,post_qc,0,46.11428571428572,46.11428571428572,72,95,110,AM,AM,195.0,37.66666666666667,41.631501831501836,65.31232545544157,45.7186278188091,3654.847619047619,1200.7500995869195,3.0438037192792695,1130.6285714285714,65.0,0.5833333333333334,20.0,8.44761904761905,True,0,7,72,110,speed_mph,True,D7_I10_W,W,103.0,0.2175,False,PeMS_average_weekday,state_transition__PeMS::D7_I10_W::L10W-086__2025-10-01__211,1200.7500995869195,65.31232545544157,0.2175,PeMS_average_weekday,L10W-086,5,False,AM,measured,3.25,3654.847619047619,3.0438037192792695,45.7186278188091,37.66666666666667,2025-10-01 06:00:00,2025-10-01 07:55:00,2025-10-01 09:15:00
state_transition,PeMS::D7_I10_W::L10W-099,2025-10-01,2025-10-01 06:00:00,2025-10-01 07:55:00,2025-10-01 09:35:00,2025-10-01 09:30:00,46.61428571428571,post_qc,0,46.61428571428571,46.61428571428571,47.02857142857143,post_qc,0,47.02857142857143,47.02857142857143,72,95,114,AM,AM,215.0,39.57142857142858,43.29767441860465,66.31149816133697,46.41804871293588,4236.9880952380945,1226.1942446749802,3.4553971474243603,1174.0,85.0,0.3125,-55.0,7.4571428571428555,False,0,7,72,114,speed_mph,True,D7_I10_W,W,99.0,0.1193,False,PeMS_average_weekday,state_transition__PeMS::D7_I10_W::L10W-099__2025-10-01__212,1226.1942446749802,66.31149816133697,0.1193,PeMS_average_weekday,L10W-099,4,False,AM,measured,3.5833333333333335,4236.9880952380945,3.4553971474243603,46.41804871293588,39.57142857142858,2025-10-01 06:00:00,2025-10-01 07:55:00,2025-10-01 09:35:00
state_transition,PeMS::D7_I10_W::L10W-107,2025-10-01,2025-10-01 05:55:00,2025-10-01 07:05:00,2025-10-01 10:35:00,2025-10-01 10:30:00,52.62173913043478,post_qc,0,52.62173913043478,52.62173913043478,46.239130434782616,post_qc,0,46.239130434782616,46.239130434782616,71,85,126,NT;AM;MD,AM,280.0,28.28695652173913,37.488586956521736,65.51016658521564,45.857116609650944,5688.79347826087,1326.4155296828685,4.288847160603584,1194.9782608695655,200.0,0.46153846153846156,2.3478260869567293,17.952173913043488,True,0,1,71,126,speed_mph,True,D7_I10_W,W,77.0,0.2765,False,PeMS_average_weekday,state_transition__PeMS::D7_I10_W::L10W-107__2025-10-01__213,1326.4155296828685,65.51016658521564,0.2765,PeMS_average_weekday,L10W-107,4,False,AM,measured,4.666666666666667,5688.79347826087,4.288847160603584,45.857116609650944,28.28695652173913,2025-10-01 05:55:00,2025-10-01 07:05:00,2025-10-01 10:35:00
state_transition,PeMS::D7_I10_W::L10W-109,2025-10-01,2025-10-01 06:00:00,2025-10-01 06:30:00,2025-10-01 10:45:00,2025-10-01 10:40:00,47.58695652173913,post_qc,0,47.58695652173913,47.58695652173913,46.939130434782605,post_qc,0,46.939130434782605,46.939130434782605,72,78,128,AM;MD,AM,285.0,31.05652173913044,38.3673531655225,67.09801849854979,46.96861294898485,5866.489130434782,1406.2727660079397,4.17165806821979,1224.8478260869565,250.0,0.5306122448979592,24.782608695652016,15.882608695652166,True,0,2,72,128,speed_mph,True,D7_I10_W,W,76.0,0.0621,False,PeMS_average_weekday,state_transition__PeMS::D7_I10_W::L10W-109__2025-10-01__214,1406.2727660079397,67.09801849854979,0.0621,PeMS_average_weekday,L10W-109,4,False,AM,measured,4.75,5866.489130434782,4.17165806821979,46.96861294898485,31.05652173913044,2025-10-01 06:00:00,2025-10-01 06:30:00,2025-10-01 10:45:00
state_transition,PeMS::D7_I10_W::L10W-124,2025-10-01,2025-10-01 07:55:00,2025-10-01 08:10:00,2025-10-01 09:25:00,2025-10-01 09:20:00,51.03913043478261,post_qc,0,51.03913043478261,51.03913043478261,53.400000000000006,post_qc,0,53.400000000000006,53.400000000000006,95,98,112,AM,AM,90.0,44.765217391304354,47.86835748792271,72.37630434782609,50.663413043478265,1583.2521739130434,1200.9824347826086,1.3182975271404613,1052.3478260869565,65.0,0.3333333333333333,-41.73913043478274,8.634782608695652,False,0,1,95,112,speed_mph,True,D7_I10_W,W,62.0,0.0087,False,PeMS_average_weekday,state_transition__PeMS::D7_I10_W::L10W-124__2025-10-01__215,1200.9824347826086,72.37630434782609,0.0087,PeMS_average_weekday,L10W-124,5,False,AM,measured,1.5,1583.2521739130434,1.3182975271404613,50.663413043478265,44.765217391304354,2025-10-01 07:55:00,2025-10-01 08:10:00,2025-10-01 09:25:00
state_transition,PeMS::D7_I10_W::L10W-147,2025-10-01,2025-10-01 07:20:00,2025-10-01 07:55:00,2025-10-01 10:25:00,2025-10-01 10:20:00,51.05652173913043,post_qc,0,51.05652173913043,51.05652173913043,48.47391304347827,post_qc,0,48.47391304347827,48.47391304347827,88,95,124,AM;MD,AM,185.0,27.721739130434784,37.48401880141011,68.95120686925475,48.26584480847832,2601.4275362318836,903.44394833075,2.879456485417182,828.7826086956522,140.0,0.4444444444444444,-60.60869565217399,20.752173913043485,False,0,2,88,124,speed_mph,True,D7_I10_W,W,60.0,0.2206,False,PeMS_average_weekday,state_transition__PeMS::D7_I10_W::L10W-147__2025-10-01__216,903.44394833075,68.95120686925475,0.2206,PeMS_average_weekday,L10W-147,6,False,AM,measured,3.0833333333333335,2601.4275362318836,2.879456485417182,48.26584480847832,27.721739130434784,2025-10-01 07:20:00,2025-10-01 07:55:00,2025-10-01 10:25:00
state_transition,PeMS::D7_I10_W::L10W-147,2025-10-01,2025-10-01 17:25:00,2025-10-01 17:35:00,2025-10-01 18:00:00,2025-10-01 17:55:00,48.104347826086936,post_qc,0,48.104347826086936,48.104347826086936,49.27391304347827,post_qc,0,49.27391304347827,49.27391304347827,209,211,215,PM,PM,35.0,46.02173913043478,47.119875776397514,68.95120686925475,48.26584480847832,493.731884057971,903.44394833075,0.5464997413178933,860.6086956521739,15.0,0.5,-35.73913043478251,3.2521739130434852,False,0,3,209,215,speed_mph,True,D7_I10_W,W,60.0,0.2206,False,PeMS_average_weekday,state_transition__PeMS::D7_I10_W::L10W-147__2025-10-01__217,903.44394833075,68.95120686925475,0.2206,PeMS_average_weekday,L10W-147,6,False,PM,measured,0.5833333333333334,493.731884057971,0.5464997413178933,48.26584480847832,46.02173913043478,2025-10-01 17:25:00,2025-10-01 17:35:00,2025-10-01 18:00:00
state_transition,PeMS::D7_I10_W::L10W-169,2025-10-01,2025-10-01 06:05:00,2025-10-01 07:30:00,2025-10-01 10:00:00,2025-10-01 09:55:00,49.77826086956524,post_qc,0,49.77826086956524,49.77826086956524,47.97826086956522,post_qc,0,47.97826086956522,47.97826086956522,73,90,119,AM,AM,235.0,35.982608695652175,40.886308973172994,68.61891744633478,48.03324221243434,5408.608695652175,1426.752296946524,3.790853329780828,1369.5652173913045,145.0,0.4642857142857143,-30.652173913043498,11.995652173913044,False,0,4,73,119,speed_mph,True,D7_I10_W,W,51.0,0.1417,False,PeMS_average_weekday,state_transition__PeMS::D7_I10_W::L10W-169__2025-10-01__218,1426.752296946524,68.61891744633478,0.1417,PeMS_average_weekday,L10W-169,4,False,AM,measured,3.9166666666666665,5408.608695652175,3.790853329780828,48.03324221243434,35.982608695652175,2025-10-01 06:05:00,2025-10-01 07:30:00,2025-10-01 10:00:00
state_transition,PeMS::D7_I10_W::L10W-221,2025-10-01,2025-10-01 05:50:00,2025-10-01 06:10:00,2025-10-01 10:00:00,2025-10-01 09:55:00,48.79130434782608,post_qc,0,48.79130434782608,48.79130434782608,47.04347826086957,post_qc,0,47.04347826086957,47.04347826086957,70,74,119,NT;AM,AM,250.0,34.17826086956522,40.43669565217391,67.32720934951263,47.129046544658834,6129.652173913044,1543.2623592501443,3.9718795298625573,1473.1304347826087,225.0,0.5454545454545454,7.043478260869733,12.865217391304348,True,0,9,70,119,speed_mph,True,D7_I10_W,W,98.0,0.1703,False,PeMS_average_weekday,state_transition__PeMS::D7_I10_W::L10W-221__2025-10-01__219,1543.2623592501443,67.32720934951263,0.1703,PeMS_average_weekday,L10W-221,4,False,AM,measured,4.166666666666667,6129.652173913044,3.9718795298625573,47.129046544658834,34.17826086956522,2025-10-01 05:50:00,2025-10-01 06:10:00,2025-10-01 10:00:00
state_transition,PeMS::D7_I10_W::L10W-232,2025-10-01,2025-10-01 05:55:00,2025-10-01 06:25:00,2025-10-01 09:30:00,2025-10-01 09:25:00,50.61363636363637,post_qc,0,50.61363636363637,50.61363636363637,46.64090909090909,post_qc,0,46.64090909090909,46.64090909090909,71,77,113,NT;AM,AM,215.0,35.03636363636364,40.402959830866806,65.95115487625075,46.16580841337552,4259.204545454545,1268.9884682095862,3.3563776599671153,1204.6363636363635,170.0,0.48484848484848486,55.909090909090764,11.604545454545452,True,0,1,71,113,speed_mph,True,D7_I10_W,W,102.0,0.2181,False,PeMS_average_weekday,state_transition__PeMS::D7_I10_W::L10W-232__2025-10-01__220,1268.9884682095862,65.95115487625075,0.2181,PeMS_average_weekday,L10W-232,4,False,AM,measured,3.5833333333333335,4259.204545454545,3.3563776599671153,46.16580841337552,35.03636363636364,2025-10-01 05:55:00,2025-10-01 06:25:00,2025-10-01 09:30:00
state_transition,PeMS::D7_I10_W::L10W-248,2025-10-01,2025-10-01 05:55:00,2025-10-01 06:45:00,2025-10-01 09:40:00,2025-10-01 09:35:00,49.64090909090908,post_qc,0,49.64090909090908,49.64090909090908,46.87272727272728,post_qc,0,46.87272727272728,46.87272727272728,71,81,115,NT;AM,AM,225.0,38.06363636363636,41.26717171717172,66.0538612019521,46.23770284136647,4448.670454545455,1237.4562011883145,3.5950124539950985,1204.159090909091,160.0,0.41935483870967744,-57.13636363636351,8.80909090909092,False,0,5,71,115,speed_mph,True,D7_I10_W,W,100.0,0.1883,False,PeMS_average_weekday,state_transition__PeMS::D7_I10_W::L10W-248__2025-10-01__221,1237.4562011883145,66.0538612019521,0.1883,PeMS_average_weekday,L10W-248,4,False,AM,measured,3.75,4448.670454545455,3.5950124539950985,46.23770284136647,38.06363636363636,2025-10-01 05:55:00,2025-10-01 06:45:00,2025-10-01 09:40:00
state_transition,PeMS::D7_I10_W::L10W-262,2025-10-01,2025-10-01 06:35:00,2025-10-01 07:40:00,2025-10-01 11:05:00,2025-10-01 11:00:00,45.46956521739131,post_qc,0,45.46956521739131,45.46956521739131,45.34782608695653,post_qc,0,45.34782608695653,45.34782608695653,79,92,132,AM;MD,AM,270.0,34.80434782608696,41.50813204508856,64.57096329693383,45.19967430785368,6534.076086956523,1489.7559237438377,4.386004433891449,1426.4347826086955,195.0,0.4473684210526316,-131.34782608695627,10.54347826086957,False,0,3,79,132,speed_mph,True,D7_I10_W,W,67.0,0.2958,False,PeMS_average_weekday,state_transition__PeMS::D7_I10_W::L10W-262__2025-10-01__222,1489.7559237438377,64.57096329693383,0.2958,PeMS_average_weekday,L10W-262,4,False,AM,measured,4.5,6534.076086956523,4.386004433891449,45.19967430785368,34.80434782608696,2025-10-01 06:35:00,2025-10-01 07:40:00,2025-10-01 11:05:00
state_transition,PeMS::D7_I10_W::L10W-291,2025-10-01,2025-10-01 06:15:00,2025-10-01 08:15:00,2025-10-01 08:55:00,2025-10-01 08:50:00,50.908695652173925,post_qc,0,50.908695652173925,50.908695652173925,48.94782608695652,post_qc,0,48.94782608695652,48.94782608695652,75,99,106,AM,AM,160.0,39.634782608695645,45.55203804347826,69.82478260869566,48.87734782608696,3663.75,1516.966304347826,2.4151821892808085,1318.5,30.0,0.6,2.4782608695650197,9.313043478260873,True,0,3,75,106,speed_mph,True,D7_I10_W,W,46.0,0.1081,False,PeMS_average_weekday,state_transition__PeMS::D7_I10_W::L10W-291__2025-10-01__223,1516.966304347826,69.82478260869566,0.1081,PeMS_average_weekday,L10W-291,4,False,AM,measured,2.6666666666666665,3663.75,2.4151821892808085,48.87734782608696,39.634782608695645,2025-10-01 06:15:00,2025-10-01 08:15:00,2025-10-01 08:55:00
state_transition,PeMS::D7_I10_W::L10W-292,2025-10-01,2025-10-01 06:20:00,2025-10-01 08:20:00,2025-10-01 09:00:00,2025-10-01 08:55:00,47.12380952380952,post_qc,0,47.12380952380952,47.12380952380952,47.47619047619048,post_qc,0,47.47619047619048,47.47619047619048,76,100,107,AM,AM,160.0,40.48095238095238,45.11190476190477,67.10749646576987,46.975247526038906,3775.7738095238096,1423.9920141637904,2.651541421558501,1402.0714285714284,30.0,0.4,-11.71428571428578,6.995238095238101,False,0,4,76,107,speed_mph,True,D7_I10_W,W,47.0,0.4412,False,PeMS_average_weekday,state_transition__PeMS::D7_I10_W::L10W-292__2025-10-01__224,1423.9920141637904,67.10749646576987,0.4412,PeMS_average_weekday,L10W-292,4,False,AM,measured,2.6666666666666665,3775.7738095238096,2.651541421558501,46.975247526038906,40.48095238095238,2025-10-01 06:20:00,2025-10-01 08:20:00,2025-10-01 09:00:00
state_transition,PeMS::D7_I10_W::L10W-296,2025-10-01,2025-10-01 05:50:00,2025-10-01 07:30:00,2025-10-01 14:00:00,2025-10-01 13:55:00,50.1,post_qc,0,50.1,50.1,50.85,post_qc,0,50.85,50.85,70,90,167,NT;AM;MD,AM,490.0,17.16875,31.900085034013607,70.7823095230676,49.54761666614731,9173.586666666666,1270.3379734999485,7.221374829402467,1113.6,380.0,0.56,232.35000000000002,33.681250000000006,True,0,5,70,167,speed_mph,True,D7_I10_W,W,69.0,0.2212,False,PeMS_average_weekday,state_transition__PeMS::D7_I10_W::L10W-296__2025-10-01__225,1270.3379734999485,70.7823095230676,0.2212,PeMS_average_weekday,L10W-296,5,False,AM,measured,8.166666666666666,9173.586666666666,7.221374829402467,49.54761666614731,17.16875,2025-10-01 05:50:00,2025-10-01 07:30:00,2025-10-01 14:00:00
state_transition,PeMS::D7_I10_W::L10W-296,2025-10-01,2025-10-01 14:40:00,2025-10-01 14:55:00,2025-10-01 15:15:00,2025-10-01 15:10:00,50.01875,post_qc,0,50.01875,50.01875,49.825,post_qc,0,49.825,49.825,176,179,182,MD,MD,35.0,47.01875,48.59374999999999,70.7823095230676,49.54761666614731,717.4499999999999,1270.3379734999485,0.564770962504829,1216.05,10.0,0.0,-0.900000000000091,2.8062500000000057,False,0,2,176,182,speed_mph,True,D7_I10_W,W,69.0,0.2212,False,PeMS_average_weekday,state_transition__PeMS::D7_I10_W::L10W-296__2025-10-01__226,1270.3379734999485,70.7823095230676,0.2212,PeMS_average_weekday,L10W-296,5,False,MD,measured,0.5833333333333334,717.4499999999999,0.564770962504829,49.54761666614731,47.01875,2025-10-01 14:40:00,2025-10-01 14:55:00,2025-10-01 15:15:00
state_transition,PeMS::D7_I10_W::L10W-296,2025-10-01,2025-10-01 16:10:00,2025-10-01 16:25:00,2025-10-01 16:45:00,2025-10-01 16:40:00,50.21249999999999,post_qc,0,50.21249999999999,50.21249999999999,50.05625,post_qc,0,50.05625,50.05625,194,197,200,PM,PM,35.0,44.2625,47.30892857142857,70.7823095230676,49.54761666614731,752.5124999999999,1270.3379734999485,0.5923718850399543,1278.675,10.0,1.0,12.75,5.793749999999996,False,0,2,194,200,speed_mph,True,D7_I10_W,W,69.0,0.2212,False,PeMS_average_weekday,state_transition__PeMS::D7_I10_W::L10W-296__2025-10-01__227,1270.3379734999485,70.7823095230676,0.2212,PeMS_average_weekday,L10W-296,5,False,PM,measured,0.5833333333333334,752.5124999999999,0.5923718850399543,49.54761666614731,44.2625,2025-10-01 16:10:00,2025-10-01 16:25:00,2025-10-01 16:45:00
state_transition,PeMS::D7_I10_W::L10W-296,2025-10-01,2025-10-01 17:10:00,2025-10-01 17:25:00,2025-10-01 17:55:00,2025-10-01 17:50:00,51.93749999999999,post_qc,0,51.93749999999999,51.93749999999999,49.39375,post_qc,0,49.39375,49.39375,206,209,214,PM,PM,45.0,42.50625000000001,46.712500000000006,70.7823095230676,49.54761666614731,961.3,1270.3379734999485,0.7567277528132862,1277.85,25.0,0.5,-38.549999999999955,6.887499999999989,False,0,1,206,214,speed_mph,True,D7_I10_W,W,69.0,0.2212,False,PeMS_average_weekday,state_transition__PeMS::D7_I10_W::L10W-296__2025-10-01__228,1270.3379734999485,70.7823095230676,0.2212,PeMS_average_weekday,L10W-296,5,False,PM,measured,0.75,961.3,0.7567277528132862,49.54761666614731,42.50625000000001,2025-10-01 17:10:00,2025-10-01 17:25:00,2025-10-01 17:55:00
state_transition,PeMS::D7_I10_W::L10W-301,2025-10-01,2025-10-01 05:55:00,2025-10-01 07:30:00,2025-10-01 10:20:00,2025-10-01 10:15:00,51.14782608695653,post_qc,0,51.14782608695653,51.14782608695653,48.35217391304349,post_qc,0,48.35217391304349,48.35217391304349,71,90,123,NT;AM;MD,AM,265.0,28.347826086956523,34.22100082034455,68.99808140309305,48.298656982165134,5961.000000000001,1449.5494716108806,4.112312216136754,1324.8260869565217,160.0,0.41935483870967744,-77.21739130434776,20.004347826086963,False,0,8,71,123,speed_mph,True,D7_I10_W,W,49.0,0.1578,False,PeMS_average_weekday,state_transition__PeMS::D7_I10_W::L10W-301__2025-10-01__229,1449.5494716108806,68.99808140309305,0.1578,PeMS_average_weekday,L10W-301,4,False,AM,measured,4.416666666666667,5961.000000000001,4.112312216136754,48.298656982165134,28.347826086956523,2025-10-01 05:55:00,2025-10-01 07:30:00,2025-10-01 10:20:00
state_transition,PeMS::D7_I10_W::L10W-302,2025-10-01,2025-10-01 06:15:00,2025-10-01 06:40:00,2025-10-01 07:20:00,2025-10-01 07:15:00,49.204347826086966,post_qc,0,49.204347826086966,49.204347826086966,49.247826086956536,post_qc,0,49.247826086956536,49.247826086956536,75,80,87,AM,AM,65.0,45.94782608695651,47.72608695652173,69.63500000000002,48.74450000000001,1839.0108695652177,1716.1304347826087,1.0716032023510933,1700.4782608695652,30.0,0.8,10.173913043478478,3.3000000000000256,True,0,3,75,87,speed_mph,True,D7_I10_W,W,40.0,0.4461,False,PeMS_average_weekday,state_transition__PeMS::D7_I10_W::L10W-302__2025-10-01__230,1716.1304347826087,69.63500000000002,0.4461,PeMS_average_weekday,L10W-302,4,False,AM,measured,1.0833333333333333,1839.0108695652177,1.0716032023510933,48.74450000000001,45.94782608695651,2025-10-01 06:15:00,2025-10-01 06:40:00,2025-10-01 07:20:00
state_transition,PeMS::D7_I10_W::L10W-302,2025-10-01,2025-10-01 08:10:00,2025-10-01 08:30:00,2025-10-01 09:00:00,2025-10-01 08:55:00,49.20000000000002,post_qc,0,49.20000000000002,49.20000000000002,49.71739130434784,post_qc,0,49.71739130434784,49.71739130434784,98,102,107,AM,AM,50.0,44.98695652173912,47.31695652173913,69.63500000000002,48.74450000000001,1307.0,1716.1304347826087,0.7615971219376251,1576.4347826086955,15.0,0.0,-21.652173913043498,4.730434782608725,False,0,4,98,107,speed_mph,True,D7_I10_W,W,40.0,0.4461,False,PeMS_average_weekday,state_transition__PeMS::D7_I10_W::L10W-302__2025-10-01__231,1716.1304347826087,69.63500000000002,0.4461,PeMS_average_weekday,L10W-302,4,False,AM,measured,0.8333333333333334,1307.0,0.7615971219376251,48.74450000000001,44.98695652173912,2025-10-01 08:10:00,2025-10-01 08:30:00,2025-10-01 09:00:00
state_transition,PeMS::D7_I10_W::L10W-312,2025-10-01,2025-10-01 06:05:00,2025-10-01 07:35:00,2025-10-01 10:05:00,2025-10-01 10:00:00,49.80434782608696,post_qc,0,49.80434782608696,49.80434782608696,49.3304347826087,post_qc,0,49.3304347826087,49.3304347826087,73,91,120,AM;MD,AM,240.0,35.21739130434783,40.3268115942029,68.96633553713282,48.27643487599297,4613.069565217391,1195.2001149055734,3.859662919779627,1146.521739130435,140.0,0.48148148148148145,-45.18260869565211,14.11304347826087,False,0,4,73,120,speed_mph,True,D7_I10_W,W,50.0,0.0615,False,PeMS_average_weekday,state_transition__PeMS::D7_I10_W::L10W-312__2025-10-01__232,1195.2001149055734,68.96633553713282,0.0615,PeMS_average_weekday,L10W-312,5,False,AM,measured,4.0,4613.069565217391,3.859662919779627,48.27643487599297,35.21739130434783,2025-10-01 06:05:00,2025-10-01 07:35:00,2025-10-01 10:05:00
state_transition,PeMS::D7_I10_W::L10W-315,2025-10-01,2025-10-01 06:10:00,2025-10-01 07:30:00,2025-10-01 10:10:00,2025-10-01 10:05:00,49.12173913043477,post_qc,0,49.12173913043477,49.12173913043477,48.51739130434783,post_qc,0,48.51739130434783,48.51739130434783,74,90,121,AM;MD,AM,240.0,31.90869565217392,38.02708333333334,68.84940311267945,48.19458217887561,5483.108695652174,1431.6335381711865,3.8299666426203376,1363.891304347826,150.0,0.41379310344827586,-33.39130434782601,16.608695652173914,False,0,7,74,121,speed_mph,True,D7_I10_W,W,52.0,0.0764,False,PeMS_average_weekday,state_transition__PeMS::D7_I10_W::L10W-315__2025-10-01__233,1431.6335381711865,68.84940311267945,0.0764,PeMS_average_weekday,L10W-315,4,False,AM,measured,4.0,5483.108695652174,3.8299666426203376,48.19458217887561,31.90869565217392,2025-10-01 06:10:00,2025-10-01 07:30:00,2025-10-01 10:10:00
state_transition,PeMS::D7_I10_W::L10W-371,2025-10-01,2025-10-01 06:00:00,2025-10-01 06:30:00,2025-10-01 07:55:00,2025-10-01 07:50:00,46.713043478260886,post_qc,0,46.713043478260886,46.713043478260886,47.59999999999999,post_qc,0,47.59999999999999,47.59999999999999,72,78,94,AM,AM,115.0,36.26521739130435,40.870132325141775,68.14187484852394,47.69931239396676,2097.582608695652,1163.5512449665189,1.8027419228587651,1086.313043478261,80.0,0.4666666666666667,-25.460869565217536,11.33478260869564,False,0,2,72,94,speed_mph,True,D7_I10_W,W,80.0,0.1417,False,PeMS_average_weekday,state_transition__PeMS::D7_I10_W::L10W-371__2025-10-01__234,1163.5512449665189,68.14187484852394,0.1417,PeMS_average_weekday,L10W-371,5,False,AM,measured,1.9166666666666667,2097.582608695652,1.8027419228587651,47.69931239396676,36.26521739130435,2025-10-01 06:00:00,2025-10-01 06:30:00,2025-10-01 07:55:00
state_transition,PeMS::D7_I10_W::L10W-371,2025-10-01,2025-10-01 08:20:00,2025-10-01 08:40:00,2025-10-01 09:20:00,2025-10-01 09:15:00,48.99565217391304,post_qc,0,48.99565217391304,48.99565217391304,48.02173913043477,post_qc,0,48.02173913043477,48.02173913043477,100,104,111,AM,AM,60.0,45.27826086956523,46.79528985507246,68.14187484852394,47.69931239396676,1055.6,1163.5512449665189,0.9072226122970414,1044.9391304347828,30.0,0.6,-3.860869565217399,2.743478260869537,True,0,0,100,111,speed_mph,True,D7_I10_W,W,80.0,0.1417,False,PeMS_average_weekday,state_transition__PeMS::D7_I10_W::L10W-371__2025-10-01__235,1163.5512449665189,68.14187484852394,0.1417,PeMS_average_weekday,L10W-371,5,False,AM,measured,1.0,1055.6,0.9072226122970414,47.69931239396676,45.27826086956523,2025-10-01 08:20:00,2025-10-01 08:40:00,2025-10-01 09:20:00
state_transition,PeMS::D7_I10_W::L10W-377,2025-10-01,2025-10-01 06:20:00,2025-10-01 07:25:00,2025-10-01 09:15:00,2025-10-01 09:10:00,46.829411764705874,post_qc,0,46.829411764705874,46.829411764705874,47.55294117647061,post_qc,0,47.55294117647061,47.55294117647061,76,89,110,AM,AM,175.0,35.72352941176471,40.82487394957983,66.28147058823528,46.39702941176469,8499.588235294119,4133.890588235295,2.056074792952487,2961.8823529411766,100.0,0.6842105263157895,702.3529411764707,11.829411764705902,True,0,0,76,110,speed_mph,True,D7_I10_W,W,70.0,0.0068,False,PeMS_average_weekday,state_transition__PeMS::D7_I10_W::L10W-377__2025-10-01__236,4133.890588235295,66.28147058823528,0.0068,PeMS_average_weekday,L10W-377,1,False,AM,measured,2.9166666666666665,8499.588235294119,2.056074792952487,46.39702941176469,35.72352941176471,2025-10-01 06:20:00,2025-10-01 07:25:00,2025-10-01 09:15:00
state_transition,PeMS::D7_I10_W::L10W-377,2025-10-01,2025-10-01 09:35:00,2025-10-01 09:50:00,2025-10-01 10:05:00,2025-10-01 10:00:00,46.41176470588234,post_qc,0,46.41176470588234,46.41176470588234,47.32352941176472,post_qc,0,47.32352941176472,47.32352941176472,115,118,120,AM;MD,AM,30.0,45.20588235294119,46.24607843137255,66.28147058823528,46.39702941176469,1578.6470588235293,4133.890588235295,0.38187925517821547,3098.823529411765,5.0,,,2.117647058823529,False,0,0,115,120,speed_mph,True,D7_I10_W,W,70.0,0.0068,False,PeMS_average_weekday,state_transition__PeMS::D7_I10_W::L10W-377__2025-10-01__237,4133.890588235295,66.28147058823528,0.0068,PeMS_average_weekday,L10W-377,1,False,AM,measured,0.5,1578.6470588235293,0.38187925517821547,46.39702941176469,45.20588235294119,2025-10-01 09:35:00,2025-10-01 09:50:00,2025-10-01 10:05:00
state_transition,PeMS::D7_I10_W::L10W-383,2025-10-01,2025-10-01 06:00:00,2025-10-01 06:15:00,2025-10-01 10:00:00,2025-10-01 09:55:00,47.29130434782609,post_qc,0,47.29130434782609,47.29130434782609,48.34782608695652,post_qc,0,48.34782608695652,48.34782608695652,72,75,119,AM,AM,240.0,41.62608695652173,45.14356884057972,67.84760869565217,47.49332608695652,25297.043478260868,7157.887826086956,3.534149192177289,6362.086956521739,215.0,0.5,162.78260869565202,6.721739130434791,True,0,6,72,119,speed_mph,True,D7_I10_W,W,97.0,1.2365,False,PeMS_average_weekday,state_transition__PeMS::D7_I10_W::L10W-383__2025-10-01__238,7157.887826086956,67.84760869565217,1.2365,PeMS_average_weekday,L10W-383,1,False,AM,measured,4.0,25297.043478260868,3.534149192177289,47.49332608695652,41.62608695652173,2025-10-01 06:00:00,2025-10-01 06:15:00,2025-10-01 10:00:00
state_transition,PeMS::D7_I10_W::L10W-385,2025-10-01,2025-10-01 06:05:00,2025-10-01 06:20:00,2025-10-01 06:55:00,2025-10-01 06:50:00,48.77272727272727,post_qc,0,48.77272727272727,48.77272727272727,48.62272727272727,post_qc,0,48.62272727272727,48.62272727272727,73,76,82,AM,AM,50.0,46.290909090909096,47.362272727272725,69.05636363636364,48.339454545454544,5487.772727272728,7326.231818181818,0.7490580237515132,6623.454545454545,25.0,1.0,243.81818181818198,2.3318181818181714,False,0,0,73,82,speed_mph,True,D7_I10_W,W,95.0,1.5485,False,PeMS_average_weekday,state_transition__PeMS::D7_I10_W::L10W-385__2025-10-01__239,7326.231818181818,69.05636363636364,1.5485,PeMS_average_weekday,L10W-385,1,False,AM,measured,0.8333333333333334,5487.772727272728,0.7490580237515132,48.339454545454544,46.290909090909096,2025-10-01 06:05:00,2025-10-01 06:20:00,2025-10-01 06:55:00
state_transition,PeMS::D7_I10_W::L10W-388,2025-10-01,2025-10-01 05:55:00,2025-10-01 07:55:00,2025-10-01 09:20:00,2025-10-01 09:15:00,47.43809523809524,post_qc,0,47.43809523809524,47.43809523809524,45.98571428571427,post_qc,0,45.98571428571427,45.98571428571427,71,95,111,NT;AM,AM,205.0,34.36190476190476,39.60344367015099,64.83187877058694,45.382315139410856,3680.2636904761907,1196.2798257176796,3.0764237692199683,1119.45,75.0,0.5,120.0,11.623809523809513,True,0,5,71,111,speed_mph,True,D7_I10_W,W,105.0,0.1833,False,PeMS_average_weekday,state_transition__PeMS::D7_I10_W::L10W-388__2025-10-01__240,1196.2798257176796,64.83187877058694,0.1833,PeMS_average_weekday,L10W-388,4,False,AM,measured,3.4166666666666665,3680.2636904761907,3.0764237692199683,45.382315139410856,34.36190476190476,2025-10-01 05:55:00,2025-10-01 07:55:00,2025-10-01 09:20:00
state_transition,PeMS::D7_I10_W::L10W-395,2025-10-01,2025-10-01 05:50:00,2025-10-01 07:35:00,2025-10-01 09:30:00,2025-10-01 09:25:00,46.77619047619047,post_qc,0,46.77619047619047,46.77619047619047,46.538095238095245,post_qc,0,46.538095238095245,46.538095238095245,70,91,113,NT;AM,AM,220.0,35.214285714285715,40.018073593073595,66.47476190476192,46.53233333333334,16641.142857142855,5372.928571428572,3.0972201911700186,4574.285714285715,105.0,0.45,-51.42857142857156,11.32380952380953,False,0,2,70,113,speed_mph,True,D7_I10_W,W,101.0,0.5014,False,PeMS_average_weekday,state_transition__PeMS::D7_I10_W::L10W-395__2025-10-01__241,5372.928571428572,66.47476190476192,0.5014,PeMS_average_weekday,L10W-395,1,False,AM,measured,3.6666666666666665,16641.142857142855,3.0972201911700186,46.53233333333334,35.214285714285715,2025-10-01 05:50:00,2025-10-01 07:35:00,2025-10-01 09:30:00
state_transition,PeMS::D7_I210_E::L210E-008,2025-10-01,2025-10-01 12:15:00,2025-10-01 17:20:00,2025-10-01 19:50:00,2025-10-01 19:45:00,51.52173913043477,post_qc,0,51.52173913043477,51.52173913043477,50.15652173913044,post_qc,0,50.15652173913044,50.15652173913044,147,208,237,MD;PM,PM,455.0,15.952173913043476,26.228093645484947,71.68241596766359,50.17769117736451,8622.417391304347,1358.995668415375,6.344698214791453,1098.573913043478,145.0,0.5357142857142857,87.23478260869547,34.204347826086966,True,0,5,147,237,speed_mph,True,D7_I210_E,E,167.0,0.2312,False,PeMS_average_weekday,state_transition__PeMS::D7_I210_E::L210E-008__2025-10-01__242,1358.995668415375,71.68241596766359,0.2312,PeMS_average_weekday,L210E-008,5,False,PM,measured,7.583333333333333,8622.417391304347,6.344698214791453,50.17769117736451,15.952173913043476,2025-10-01 12:15:00,2025-10-01 17:20:00,2025-10-01 19:50:00
state_transition,PeMS::D7_I210_E::L210E-009,2025-10-01,2025-10-01 12:15:00,2025-10-01 17:20:00,2025-10-01 19:45:00,2025-10-01 19:40:00,48.68695652173913,post_qc,0,48.68695652173913,48.68695652173913,48.56956521739131,post_qc,0,48.56956521739131,48.56956521739131,147,208,236,MD;PM,PM,450.0,17.513043478260872,28.840531400966192,67.60103220318528,47.320722542229696,9539.38043478261,1512.4224403680755,6.307351821929479,1177.695652173913,135.0,0.5769230769230769,199.30434782608677,31.056521739130435,True,0,3,147,236,speed_mph,True,D7_I210_E,E,171.0,0.2983,False,PeMS_average_weekday,state_transition__PeMS::D7_I210_E::L210E-009__2025-10-01__243,1512.4224403680755,67.60103220318528,0.2983,PeMS_average_weekday,L210E-009,4,False,PM,measured,7.5,9539.38043478261,6.307351821929479,47.320722542229696,17.513043478260872,2025-10-01 12:15:00,2025-10-01 17:20:00,2025-10-01 19:45:00
state_transition,PeMS::D7_I210_E::L210E-042,2025-10-01,2025-10-01 08:05:00,2025-10-01 08:35:00,2025-10-01 09:20:00,2025-10-01 09:15:00,47.42608695652173,post_qc,0,47.42608695652173,47.42608695652173,45.87826086956521,post_qc,0,45.87826086956521,45.87826086956521,97,103,111,AM,AM,75.0,40.595652173913045,42.94840579710145,65.41347826086957,45.78943478260869,1371.4347826086957,1185.151956521739,1.157180541332161,1012.0434782608698,35.0,0.16666666666666666,-136.69565217391312,5.282608695652165,False,0,4,97,111,speed_mph,True,D7_I210_E,E,118.0,0.0466,False,PeMS_average_weekday,state_transition__PeMS::D7_I210_E::L210E-042__2025-10-01__244,1185.151956521739,65.41347826086957,0.0466,PeMS_average_weekday,L210E-042,4,False,AM,measured,1.25,1371.4347826086957,1.157180541332161,45.78943478260869,40.595652173913045,2025-10-01 08:05:00,2025-10-01 08:35:00,2025-10-01 09:20:00
state_transition,PeMS::D7_I210_E::L210E-042,2025-10-01,2025-10-01 14:05:00,2025-10-01 15:55:00,2025-10-01 17:05:00,2025-10-01 17:00:00,46.91739130434783,post_qc,0,46.91739130434783,46.91739130434783,47.26956521739131,post_qc,0,47.26956521739131,47.26956521739131,169,191,204,MD;PM,MD,180.0,40.00869565217392,43.664855072463766,65.41347826086957,45.78943478260869,2935.010869565218,1185.151956521739,2.4764848536208626,1020.0652173913043,60.0,0.45454545454545453,4.043478260869733,7.260869565217391,True,0,2,169,204,speed_mph,True,D7_I210_E,E,118.0,0.0466,False,PeMS_average_weekday,state_transition__PeMS::D7_I210_E::L210E-042__2025-10-01__245,1185.151956521739,65.41347826086957,0.0466,PeMS_average_weekday,L210E-042,4,False,MD,measured,3.0,2935.010869565218,2.4764848536208626,45.78943478260869,40.00869565217392,2025-10-01 14:05:00,2025-10-01 15:55:00,2025-10-01 17:05:00
state_transition,PeMS::D7_I210_E::L210E-046,2025-10-01,2025-10-01 07:30:00,2025-10-01 07:50:00,2025-10-01 08:15:00,2025-10-01 08:10:00,47.53000000000001,post_qc,0,47.53000000000001,47.53000000000001,48.00500000000001,post_qc,0,48.00500000000001,48.00500000000001,90,94,98,AM,AM,45.0,40.89000000000001,43.80444444444444,66.361,46.4527,938.225,1317.6,0.7120711900425016,1209.45,15.0,0.0,-48.450000000000045,7.115000000000002,False,0,4,90,98,speed_mph,True,D7_I210_E,E,37.0,0.3281,False,PeMS_average_weekday,state_transition__PeMS::D7_I210_E::L210E-046__2025-10-01__246,1317.6,66.361,0.3281,PeMS_average_weekday,L210E-046,4,False,AM,measured,0.75,938.225,0.7120711900425016,46.4527,40.89000000000001,2025-10-01 07:30:00,2025-10-01 07:50:00,2025-10-01 08:15:00
state_transition,PeMS::D7_I210_E::L210E-065,2025-10-01,2025-10-01 07:35:00,2025-10-01 08:45:00,2025-10-01 10:05:00,2025-10-01 10:00:00,47.35238095238096,post_qc,0,47.35238095238096,47.35238095238096,45.690476190476176,post_qc,0,45.690476190476176,45.690476190476176,91,105,120,AM;MD,AM,150.0,28.180952380952384,35.51444444444444,64.15332200754574,44.907325405282016,2702.607142857142,1247.6774611483916,2.16611041476184,1029.142857142857,65.0,0.4166666666666667,-27.999999999999886,17.50952380952379,False,0,1,91,120,speed_mph,True,D7_I210_E,E,63.0,0.1031,False,PeMS_average_weekday,state_transition__PeMS::D7_I210_E::L210E-065__2025-10-01__247,1247.6774611483916,64.15332200754574,0.1031,PeMS_average_weekday,L210E-065,4,False,AM,measured,2.5,2702.607142857142,2.16611041476184,44.907325405282016,28.180952380952384,2025-10-01 07:35:00,2025-10-01 08:45:00,2025-10-01 10:05:00
state_transition,PeMS::D7_I210_E::L210E-070,2025-10-01,2025-10-01 07:25:00,2025-10-01 08:35:00,2025-10-01 09:45:00,2025-10-01 09:40:00,47.42727272727272,post_qc,0,47.42727272727272,47.42727272727272,45.81136363636364,post_qc,0,45.81136363636364,45.81136363636364,89,103,116,AM,AM,140.0,36.25909090909091,39.52150974025975,64.50486756988954,45.15340729892267,3473.8977272727275,1602.7802818603584,2.1674198058142755,1436.318181818182,60.0,0.18181818181818182,-119.04545454545473,9.55227272727273,False,0,3,89,116,speed_mph,True,D7_I210_E,E,75.0,0.6742,False,PeMS_average_weekday,state_transition__PeMS::D7_I210_E::L210E-070__2025-10-01__248,1602.7802818603584,64.50486756988954,0.6742,PeMS_average_weekday,L210E-070,4,False,AM,measured,2.3333333333333335,3473.8977272727275,2.1674198058142755,45.15340729892267,36.25909090909091,2025-10-01 07:25:00,2025-10-01 08:35:00,2025-10-01 09:45:00
state_transition,PeMS::D7_I210_E::L210E-128,2025-10-01,2025-10-01 14:30:00,2025-10-01 17:15:00,2025-10-01 19:35:00,2025-10-01 19:30:00,44.935294117647054,post_qc,0,44.935294117647054,44.935294117647054,46.6764705882353,post_qc,0,46.6764705882353,46.6764705882353,174,207,234,MD;PM,PM,305.0,22.670588235294115,30.18158148505304,63.13814774004796,44.196703418033565,4430.823529411765,1014.9029487873956,4.365760819500727,913.2705882352941,130.0,0.64,129.60000000000014,24.005882352941182,True,0,5,174,234,speed_mph,True,D7_I210_E,E,219.0,0.2193,False,PeMS_average_weekday,state_transition__PeMS::D7_I210_E::L210E-128__2025-10-01__249,1014.9029487873956,63.13814774004796,0.2193,PeMS_average_weekday,L210E-128,5,False,PM,measured,5.083333333333333,4430.823529411765,4.365760819500727,44.196703418033565,22.670588235294115,2025-10-01 14:30:00,2025-10-01 17:15:00,2025-10-01 19:35:00
state_transition,PeMS::D7_I210_E::L210E-139,2025-10-01,2025-10-01 13:25:00,2025-10-01 17:35:00,2025-10-01 20:05:00,2025-10-01 20:00:00,47.84347826086956,post_qc,0,47.84347826086956,47.84347826086956,47.72173913043479,post_qc,0,47.72173913043479,47.72173913043479,161,211,240,MD;PM;NT,PM,400.0,19.513043478260865,27.069021739130438,67.15884220713484,47.01118954499439,8121.326086956522,1352.9500259705776,6.002680018525042,1224.7826086956522,140.0,0.2962962962962963,-153.52173913043475,28.208695652173926,False,0,2,161,240,speed_mph,True,D7_I210_E,E,232.0,0.1516,False,PeMS_average_weekday,state_transition__PeMS::D7_I210_E::L210E-139__2025-10-01__250,1352.9500259705776,67.15884220713484,0.1516,PeMS_average_weekday,L210E-139,4,False,PM,measured,6.666666666666667,8121.326086956522,6.002680018525042,47.01118954499439,19.513043478260865,2025-10-01 13:25:00,2025-10-01 17:35:00,2025-10-01 20:05:00
state_transition,PeMS::D7_I210_E::L210E-141,2025-10-01,2025-10-01 12:50:00,2025-10-01 15:50:00,2025-10-01 20:10:00,2025-10-01 20:05:00,47.72833333333333,post_qc,0,47.72833333333333,47.72833333333333,48.10666666666667,post_qc,0,48.10666666666667,48.10666666666667,154,190,241,MD;PM;NT,MD,440.0,29.41833333333334,34.79916666666667,67.50673650206721,47.25471555144705,9442.904166666667,1357.556048939039,6.955811639634703,1295.35,250.0,0.4897959183673469,-26.649999999999864,18.68833333333333,False,0,1,154,241,speed_mph,True,D7_I210_E,E,252.0,0.2877,False,PeMS_average_weekday,state_transition__PeMS::D7_I210_E::L210E-141__2025-10-01__251,1357.556048939039,67.50673650206721,0.2877,PeMS_average_weekday,L210E-141,4,False,MD,measured,7.333333333333333,9442.904166666667,6.955811639634703,47.25471555144705,29.41833333333334,2025-10-01 12:50:00,2025-10-01 15:50:00,2025-10-01 20:10:00
state_transition,PeMS::D7_I210_E::L210E-145,2025-10-01,2025-10-01 13:40:00,2025-10-01 15:20:00,2025-10-01 18:35:00,2025-10-01 18:30:00,48.6695652173913,post_qc,0,48.6695652173913,48.6695652173913,49.547826086956526,post_qc,0,49.547826086956526,49.547826086956526,164,184,222,MD;PM,MD,295.0,36.42173913043477,42.21886514369934,69.09562301290538,48.36693610903376,6902.234782608696,1445.6659863266157,4.774432578404243,1397.7391304347825,185.0,0.4722222222222222,10.121739130434662,13.126086956521753,True,0,3,164,222,speed_mph,True,D7_I210_E,E,144.0,0.3275,False,PeMS_average_weekday,state_transition__PeMS::D7_I210_E::L210E-145__2025-10-01__252,1445.6659863266157,69.09562301290538,0.3275,PeMS_average_weekday,L210E-145,5,False,MD,measured,4.916666666666667,6902.234782608696,4.774432578404243,48.36693610903376,36.42173913043477,2025-10-01 13:40:00,2025-10-01 15:20:00,2025-10-01 18:35:00
state_transition,PeMS::D7_I210_E::L210E-170,2025-10-01,2025-10-01 13:15:00,2025-10-01 15:50:00,2025-10-01 19:10:00,2025-10-01 19:05:00,49.21304347826087,post_qc,0,49.21304347826087,49.21304347826087,50.91304347826087,post_qc,0,50.91304347826087,50.91304347826087,159,190,229,MD;PM,MD,355.0,26.930434782608696,33.35211267605634,69.88620644248189,48.92034450973732,7564.191304347826,1417.4889708409664,5.336331682256512,1268.1391304347826,190.0,0.4864864864864865,-30.26086956521749,23.98260869565217,False,0,1,159,229,speed_mph,True,D7_I210_E,E,156.0,0.1727,False,PeMS_average_weekday,state_transition__PeMS::D7_I210_E::L210E-170__2025-10-01__253,1417.4889708409664,69.88620644248189,0.1727,PeMS_average_weekday,L210E-170,5,False,MD,measured,5.916666666666667,7564.191304347826,5.336331682256512,48.92034450973732,26.930434782608696,2025-10-01 13:15:00,2025-10-01 15:50:00,2025-10-01 19:10:00
state_transition,PeMS::D7_I210_E::L210E-220,2025-10-01,2025-10-01 14:00:00,2025-10-01 17:20:00,2025-10-01 19:05:00,2025-10-01 19:00:00,47.78695652173913,post_qc,0,47.78695652173913,47.78695652173913,47.27826086956521,post_qc,0,47.27826086956521,47.27826086956521,168,208,228,MD;PM,PM,305.0,41.443478260869554,45.1008553100499,67.04179298587735,46.92925509011414,7483.663043478261,1507.909568400403,4.962938892560357,1485.7826086956522,85.0,0.4375,-67.304347826087,5.8347826086956545,False,0,4,168,228,speed_mph,True,D7_I210_E,E,256.0,0.5325,False,PeMS_average_weekday,state_transition__PeMS::D7_I210_E::L210E-220__2025-10-01__254,1507.909568400403,67.04179298587735,0.5325,PeMS_average_weekday,L210E-220,4,False,PM,measured,5.083333333333333,7483.663043478261,4.962938892560357,46.92925509011414,41.443478260869554,2025-10-01 14:00:00,2025-10-01 17:20:00,2025-10-01 19:05:00
state_transition,PeMS::D7_I210_E::L210E-224,2025-10-01,2025-10-01 13:05:00,2025-10-01 14:10:00,2025-10-01 19:45:00,2025-10-01 19:40:00,49.2,post_qc,0,49.2,49.2,49.91739130434784,post_qc,0,49.91739130434784,49.91739130434784,157,170,236,MD;PM,MD,400.0,44.89130434782609,47.852554347826086,70.12804347826086,49.0896304347826,9612.369565217392,1501.4680434782608,6.401980786050986,1443.782608695652,270.0,0.5283018867924528,-39.65217391304327,5.026086956521745,False,0,6,157,236,speed_mph,True,D7_I210_E,E,258.0,0.2871,False,PeMS_average_weekday,state_transition__PeMS::D7_I210_E::L210E-224__2025-10-01__255,1501.4680434782608,70.12804347826086,0.2871,PeMS_average_weekday,L210E-224,4,False,MD,measured,6.666666666666667,9612.369565217392,6.401980786050986,49.0896304347826,44.89130434782609,2025-10-01 13:05:00,2025-10-01 14:10:00,2025-10-01 19:45:00
state_transition,PeMS::D7_I210_E::L210E-231,2025-10-01,2025-10-01 13:10:00,2025-10-01 15:45:00,2025-10-01 20:15:00,2025-10-01 20:10:00,48.414285714285725,post_qc,0,48.414285714285725,48.414285714285725,49.433333333333344,post_qc,0,49.433333333333344,49.433333333333344,158,189,242,MD;PM;NT,MD,425.0,27.46190476190476,35.60459383753501,68.69407323291408,48.08585126303985,7829.438095238094,1190.116935322708,6.578713286787311,1112.9142857142858,260.0,0.5294117647058824,6.742857142857474,21.971428571428586,True,0,1,158,242,speed_mph,True,D7_I210_E,E,244.0,0.4281,False,PeMS_average_weekday,state_transition__PeMS::D7_I210_E::L210E-231__2025-10-01__256,1190.116935322708,68.69407323291408,0.4281,PeMS_average_weekday,L210E-231,5,False,MD,measured,7.083333333333333,7829.438095238094,6.578713286787311,48.08585126303985,27.46190476190476,2025-10-01 13:10:00,2025-10-01 15:45:00,2025-10-01 20:15:00
state_transition,PeMS::D7_I210_E::L210E-237,2025-10-01,2025-10-01 13:45:00,2025-10-01 15:50:00,2025-10-01 19:15:00,2025-10-01 19:10:00,48.8,post_qc,0,48.8,48.8,47.52727272727272,post_qc,0,47.52727272727272,47.52727272727272,165,190,230,MD;PM,MD,330.0,28.863636363636367,36.4486914600551,66.73256411910097,46.71279488337068,7067.170454545455,1437.427578326397,4.916540186861999,1303.2272727272727,195.0,0.5789473684210527,99.13636363636374,18.66363636363635,True,0,3,165,230,speed_mph,True,D7_I210_E,E,240.0,0.4816,False,PeMS_average_weekday,state_transition__PeMS::D7_I210_E::L210E-237__2025-10-01__257,1437.427578326397,66.73256411910097,0.4816,PeMS_average_weekday,L210E-237,4,False,MD,measured,5.5,7067.170454545455,4.916540186861999,46.71279488337068,28.863636363636367,2025-10-01 13:45:00,2025-10-01 15:50:00,2025-10-01 19:15:00
state_transition,PeMS::D7_I210_E::L210E-245,2025-10-01,2025-10-01 13:35:00,2025-10-01 17:35:00,2025-10-01 20:05:00,2025-10-01 20:00:00,50.77272727272727,post_qc,0,50.77272727272727,50.77272727272727,48.9909090909091,post_qc,0,48.9909090909091,48.9909090909091,163,211,240,MD;PM;NT,PM,390.0,19.059090909090912,27.632750582750585,69.18443357411284,48.42910350187899,7840.761363636364,1400.519539509389,5.598466242308217,1238.590909090909,140.0,0.5555555555555556,96.81818181818176,29.931818181818187,True,0,3,163,240,speed_mph,True,D7_I210_E,E,230.0,0.2989,False,PeMS_average_weekday,state_transition__PeMS::D7_I210_E::L210E-245__2025-10-01__258,1400.519539509389,69.18443357411284,0.2989,PeMS_average_weekday,L210E-245,4,False,PM,measured,6.5,7840.761363636364,5.598466242308217,48.42910350187899,19.059090909090912,2025-10-01 13:35:00,2025-10-01 17:35:00,2025-10-01 20:05:00
state_transition,PeMS::D7_I210_E::L210E-304,2025-10-01,2025-10-01 14:40:00,2025-10-01 15:25:00,2025-10-01 17:40:00,2025-10-01 17:35:00,49.75652173913044,post_qc,0,49.75652173913044,49.75652173913044,49.53913043478261,post_qc,0,49.53913043478261,49.53913043478261,176,185,211,MD;PM,MD,180.0,47.11304347826088,48.76437198067634,70.65198969380688,49.45639278566482,4261.843478260869,1463.9510241994474,2.9111926613743324,1421.0086956521739,100.0,0.631578947368421,67.61739130434785,2.426086956521729,True,0,1,176,211,speed_mph,True,D7_I210_E,E,140.0,0.0354,False,PeMS_average_weekday,state_transition__PeMS::D7_I210_E::L210E-304__2025-10-01__259,1463.9510241994474,70.65198969380688,0.0354,PeMS_average_weekday,L210E-304,5,False,MD,measured,3.0,4261.843478260869,2.9111926613743324,49.45639278566482,47.11304347826088,2025-10-01 14:40:00,2025-10-01 15:25:00,2025-10-01 17:40:00
state_transition,PeMS::D7_I210_E::L210E-314,2025-10-01,2025-10-01 13:30:00,2025-10-01 16:00:00,2025-10-01 19:20:00,2025-10-01 19:15:00,48.18000000000001,post_qc,0,48.18000000000001,48.18000000000001,47.68000000000001,post_qc,0,47.68000000000001,47.68000000000001,162,192,231,MD;PM,PM,350.0,36.19500000000001,40.487,67.08846341321176,46.96192438924823,5237.458333333333,953.3670338605992,5.4936432111823486,903.25,190.0,0.5135135135135135,-0.40000000000009095,11.485,False,0,3,162,231,speed_mph,True,D7_I210_E,E,237.0,0.1964,False,PeMS_average_weekday,state_transition__PeMS::D7_I210_E::L210E-314__2025-10-01__260,953.3670338605992,67.08846341321176,0.1964,PeMS_average_weekday,L210E-314,6,False,PM,measured,5.833333333333333,5237.458333333333,5.4936432111823486,46.96192438924823,36.19500000000001,2025-10-01 13:30:00,2025-10-01 16:00:00,2025-10-01 19:20:00
state_transition,PeMS::D7_I210_E::L210E-319,2025-10-01,2025-10-01 13:30:00,2025-10-01 17:30:00,2025-10-01 19:40:00,2025-10-01 19:35:00,48.12727272727273,post_qc,0,48.12727272727273,48.12727272727273,48.00909090909091,post_qc,0,48.00909090909091,48.00909090909091,162,210,235,MD;PM,PM,370.0,15.490909090909096,26.3245085995086,66.9890999968746,46.89236999781222,7865.500000000001,1557.9473653018997,5.048630123955324,1278.409090909091,120.0,0.6521739130434783,336.68181818181824,32.518181818181816,True,0,7,162,235,speed_mph,True,D7_I210_E,E,187.0,0.0671,False,PeMS_average_weekday,state_transition__PeMS::D7_I210_E::L210E-319__2025-10-01__261,1557.9473653018997,66.9890999968746,0.0671,PeMS_average_weekday,L210E-319,4,False,PM,measured,6.166666666666667,7865.500000000001,5.048630123955324,46.89236999781222,15.490909090909096,2025-10-01 13:30:00,2025-10-01 17:30:00,2025-10-01 19:40:00
state_transition,PeMS::D7_I210_W::L210W-001,2025-10-01,2025-10-01 07:20:00,2025-10-01 08:00:00,2025-10-01 09:50:00,2025-10-01 09:45:00,52.286363636363646,post_qc,0,52.286363636363646,52.286363636363646,49.87272727272727,post_qc,0,49.87272727272727,49.87272727272727,88,96,117,AM,AM,150.0,25.995454545454542,36.276060606060604,70.21932136592828,49.1535249561498,2950.9272727272737,1233.657665196483,2.3920147022774616,1183.581818181818,100.0,0.6842105263157895,144.0,23.877272727272725,True,0,4,88,117,speed_mph,True,D7_I210_W,W,39.0,0.2442,False,PeMS_average_weekday,state_transition__PeMS::D7_I210_W::L210W-001__2025-10-01__262,1233.657665196483,70.21932136592828,0.2442,PeMS_average_weekday,L210W-001,5,False,AM,measured,2.5,2950.9272727272737,2.3920147022774616,49.1535249561498,25.995454545454542,2025-10-01 07:20:00,2025-10-01 08:00:00,2025-10-01 09:50:00
state_transition,PeMS::D7_I210_W::L210W-001,2025-10-01,2025-10-01 15:25:00,2025-10-01 16:25:00,2025-10-01 18:05:00,2025-10-01 18:00:00,49.35,post_qc,0,49.35,49.35,48.77619047619048,post_qc,0,48.77619047619048,48.77619047619048,185,197,216,MD;PM,PM,160.0,40.940909090909095,43.560504599567096,70.21932136592828,49.1535249561498,3085.6402597402594,1233.657665196483,2.5012127325037237,1149.942857142857,95.0,0.5,-8.815584415584226,7.835281385281384,False,0,3,185,216,speed_mph,True,D7_I210_W,W,39.0,0.2442,False,PeMS_average_weekday,state_transition__PeMS::D7_I210_W::L210W-001__2025-10-01__263,1233.657665196483,70.21932136592828,0.2442,PeMS_average_weekday,L210W-001,5,False,PM,measured,2.6666666666666665,3085.6402597402594,2.5012127325037237,49.1535249561498,40.940909090909095,2025-10-01 15:25:00,2025-10-01 16:25:00,2025-10-01 18:05:00
state_transition,PeMS::D7_I210_W::L210W-022,2025-10-01,2025-10-01 17:35:00,2025-10-01 18:10:00,2025-10-01 18:30:00,2025-10-01 18:25:00,49.256521739130434,post_qc,0,49.256521739130434,49.256521739130434,48.48695652173914,post_qc,0,48.48695652173914,48.48695652173914,211,218,221,PM,PM,55.0,45.36521739130436,46.9600790513834,68.93152173913042,48.25206521739129,1185.804347826087,1423.0415217391303,0.8332886494955463,1213.695652173913,10.0,0.0,-56.60869565217399,3.1217391304347757,False,0,2,211,221,speed_mph,True,D7_I210_W,W,14.0,0.0261,False,PeMS_average_weekday,state_transition__PeMS::D7_I210_W::L210W-022__2025-10-01__264,1423.0415217391303,68.93152173913042,0.0261,PeMS_average_weekday,L210W-022,4,False,PM,measured,0.9166666666666666,1185.804347826087,0.8332886494955463,48.25206521739129,45.36521739130436,2025-10-01 17:35:00,2025-10-01 18:10:00,2025-10-01 18:30:00
state_transition,PeMS::D7_I210_W::L210W-028,2025-10-01,2025-10-01 08:15:00,2025-10-01 08:45:00,2025-10-01 09:15:00,2025-10-01 09:10:00,46.13478260869566,post_qc,0,46.13478260869566,46.13478260869566,47.482608695652175,post_qc,0,47.482608695652175,47.482608695652175,99,105,110,AM,AM,60.0,39.72173913043479,43.21014492753624,66.03847826086957,46.22693478260869,879.8260869565216,987.8504347826088,0.8906470615160892,821.0086956521741,20.0,0.3333333333333333,-59.895652173912936,7.760869565217384,False,0,5,99,110,speed_mph,True,D7_I210_W,W,30.0,0.0304,False,PeMS_average_weekday,state_transition__PeMS::D7_I210_W::L210W-028__2025-10-01__265,987.8504347826088,66.03847826086957,0.0304,PeMS_average_weekday,L210W-028,5,False,AM,measured,1.0,879.8260869565216,0.8906470615160892,46.22693478260869,39.72173913043479,2025-10-01 08:15:00,2025-10-01 08:45:00,2025-10-01 09:15:00
state_transition,PeMS::D7_I210_W::L210W-108,2025-10-01,2025-10-01 05:55:00,2025-10-01 06:35:00,2025-10-01 10:55:00,2025-10-01 10:50:00,51.77727272727274,post_qc,0,51.77727272727274,51.77727272727274,48.02727272727273,post_qc,0,48.02727272727273,48.02727272727273,71,79,130,NT;AM;MD,AM,300.0,24.045454545454536,38.66409090909091,67.86559989377635,47.50591992564344,6620.022727272728,1570.304620259495,4.215757020557425,1413.818181818182,250.0,0.5714285714285714,361.90909090909076,23.981818181818195,True,0,6,71,130,speed_mph,True,D7_I210_W,W,67.0,0.5269,False,PeMS_average_weekday,state_transition__PeMS::D7_I210_W::L210W-108__2025-10-01__266,1570.304620259495,67.86559989377635,0.5269,PeMS_average_weekday,L210W-108,4,False,AM,measured,5.0,6620.022727272728,4.215757020557425,47.50591992564344,24.045454545454536,2025-10-01 05:55:00,2025-10-01 06:35:00,2025-10-01 10:55:00
state_transition,PeMS::D7_I210_W::L210W-112,2025-10-01,2025-10-01 05:50:00,2025-10-01 07:30:00,2025-10-01 11:35:00,2025-10-01 11:30:00,53.53636363636363,post_qc,0,53.53636363636363,53.53636363636363,48.29545454545455,post_qc,0,48.29545454545455,48.29545454545455,70,90,138,NT;AM;MD,AM,345.0,15.568181818181818,31.340579710144926,68.79452284839005,48.15616599387303,6576.534090909091,1360.695297711727,4.833215858075506,1230.6818181818182,235.0,0.6086956521739131,355.49999999999955,32.72727272727273,True,0,3,70,138,speed_mph,True,D7_I210_W,W,66.0,0.2523,False,PeMS_average_weekday,state_transition__PeMS::D7_I210_W::L210W-112__2025-10-01__267,1360.695297711727,68.79452284839005,0.2523,PeMS_average_weekday,L210W-112,4,False,AM,measured,5.75,6576.534090909091,4.833215858075506,48.15616599387303,15.568181818181818,2025-10-01 05:50:00,2025-10-01 07:30:00,2025-10-01 11:35:00
state_transition,PeMS::D7_I210_W::L210W-113,2025-10-01,2025-10-01 05:50:00,2025-10-01 07:20:00,2025-10-01 11:30:00,2025-10-01 11:25:00,53.27826086956523,post_qc,0,53.27826086956523,53.27826086956523,48.40434782608697,post_qc,0,48.40434782608697,48.40434782608697,70,88,137,NT;AM;MD,AM,340.0,13.808695652173911,30.58548593350384,68.13067336874299,47.69147135812009,6689.250000000001,1399.1466437198335,4.780949895441741,1272.0652173913045,240.0,0.5531914893617021,379.695652173913,34.59565217391306,True,0,2,70,137,speed_mph,True,D7_I210_W,W,65.0,0.1268,False,PeMS_average_weekday,state_transition__PeMS::D7_I210_W::L210W-113__2025-10-01__268,1399.1466437198335,68.13067336874299,0.1268,PeMS_average_weekday,L210W-113,4,False,AM,measured,5.666666666666667,6689.250000000001,4.780949895441741,47.69147135812009,13.808695652173911,2025-10-01 05:50:00,2025-10-01 07:20:00,2025-10-01 11:30:00
state_transition,PeMS::D7_I210_W::L210W-129,2025-10-01,2025-10-01 06:25:00,2025-10-01 08:10:00,2025-10-01 12:05:00,2025-10-01 12:00:00,47.24545454545456,post_qc,0,47.24545454545456,47.24545454545456,47.01363636363637,post_qc,0,47.01363636363637,47.01363636363637,77,98,144,AM;MD,AM,340.0,18.868181818181817,32.65715240641712,67.13304261933492,46.99312983353444,6907.545454545455,1341.448626637273,5.149317921970076,1244.7954545454545,210.0,0.6097560975609756,198.81818181818176,28.145454545454555,True,0,2,77,144,speed_mph,True,D7_I210_W,W,43.0,0.2349,False,PeMS_average_weekday,state_transition__PeMS::D7_I210_W::L210W-129__2025-10-01__269,1341.448626637273,67.13304261933492,0.2349,PeMS_average_weekday,L210W-129,4,False,AM,measured,5.666666666666667,6907.545454545455,5.149317921970076,46.99312983353444,18.868181818181817,2025-10-01 06:25:00,2025-10-01 08:10:00,2025-10-01 12:05:00
state_transition,PeMS::D7_I210_W::L210W-129,2025-10-01,2025-10-01 15:10:00,2025-10-01 17:20:00,2025-10-01 18:40:00,2025-10-01 18:35:00,47.05909090909092,post_qc,0,47.05909090909092,47.05909090909092,47.909090909090914,post_qc,0,47.909090909090914,47.909090909090914,182,208,223,MD;PM,PM,210.0,37.24545454545454,42.34253246753248,67.13304261933492,46.99312983353444,4658.636363636364,1341.448626637273,3.4728399367142195,1311.4772727272727,70.0,0.6153846153846154,-12.954545454545496,10.663636363636371,True,0,1,182,223,speed_mph,True,D7_I210_W,W,43.0,0.2349,False,PeMS_average_weekday,state_transition__PeMS::D7_I210_W::L210W-129__2025-10-01__270,1341.448626637273,67.13304261933492,0.2349,PeMS_average_weekday,L210W-129,4,False,PM,measured,3.5,4658.636363636364,3.4728399367142195,46.99312983353444,37.24545454545454,2025-10-01 15:10:00,2025-10-01 17:20:00,2025-10-01 18:40:00
state_transition,PeMS::D7_I210_W::L210W-132,2025-10-01,2025-10-01 06:20:00,2025-10-01 07:30:00,2025-10-01 10:45:00,2025-10-01 10:40:00,47.87826086956522,post_qc,0,47.87826086956522,47.87826086956522,48.2304347826087,post_qc,0,48.2304347826087,48.2304347826087,76,90,128,AM;MD,AM,265.0,26.430434782608703,34.954224774405255,67.67999889720927,47.37599922804649,5629.728260869566,1430.534845482983,3.935400999595249,1265.4782608695652,185.0,0.5,79.30434782608722,21.799999999999994,True,0,4,76,128,speed_mph,True,D7_I210_W,W,50.0,0.0087,False,PeMS_average_weekday,state_transition__PeMS::D7_I210_W::L210W-132__2025-10-01__271,1430.534845482983,67.67999889720927,0.0087,PeMS_average_weekday,L210W-132,4,False,AM,measured,4.416666666666667,5629.728260869566,3.935400999595249,47.37599922804649,26.430434782608703,2025-10-01 06:20:00,2025-10-01 07:30:00,2025-10-01 10:45:00
state_transition,PeMS::D7_I210_W::L210W-141,2025-10-01,2025-10-01 06:25:00,2025-10-01 06:55:00,2025-10-01 08:25:00,2025-10-01 08:20:00,48.640000000000015,post_qc,0,48.640000000000015,48.640000000000015,48.432,post_qc,0,48.432,48.432,77,83,100,AM,AM,120.0,38.712,43.76833333333334,68.06837884513781,47.64786519159647,2271.98,1161.7876258893343,1.9555897733553729,1142.52,75.0,0.5714285714285714,-17.160000000000082,9.719999999999999,False,0,2,77,100,speed_mph,True,D7_I210_W,W,53.0,0.5822,False,PeMS_average_weekday,state_transition__PeMS::D7_I210_W::L210W-141__2025-10-01__272,1161.7876258893343,68.06837884513781,0.5822,PeMS_average_weekday,L210W-141,4,False,AM,measured,2.0,2271.98,1.9555897733553729,47.64786519159647,38.712,2025-10-01 06:25:00,2025-10-01 06:55:00,2025-10-01 08:25:00
state_transition,PeMS::D7_I210_W::L210W-143,2025-10-01,2025-10-01 05:55:00,2025-10-01 06:20:00,2025-10-01 07:50:00,2025-10-01 07:45:00,51.65,post_qc,0,51.65,51.65,47.94545454545454,post_qc,0,47.94545454545454,47.94545454545454,71,76,93,NT;AM,AM,115.0,30.181818181818183,41.050988142292496,67.65721221283277,47.36004854898294,1666.4636363636366,1127.69410823636,1.4777621202347833,818.290909090909,55.0,0.7,90.10909090909081,17.763636363636355,True,0,4,71,93,speed_mph,True,D7_I210_W,W,68.0,0.0696,False,PeMS_average_weekday,state_transition__PeMS::D7_I210_W::L210W-143__2025-10-01__273,1127.69410823636,67.65721221283277,0.0696,PeMS_average_weekday,L210W-143,5,False,AM,measured,1.9166666666666667,1666.4636363636366,1.4777621202347833,47.36004854898294,30.181818181818183,2025-10-01 05:55:00,2025-10-01 06:20:00,2025-10-01 07:50:00
state_transition,PeMS::D7_I210_W::L210W-143,2025-10-01,2025-10-01 08:15:00,2025-10-01 09:50:00,2025-10-01 10:55:00,2025-10-01 10:50:00,48.01818181818182,post_qc,0,48.01818181818182,48.01818181818182,48.17272727272727,post_qc,0,48.17272727272727,48.17272727272727,99,118,130,AM;MD,AM,160.0,37.98636363636364,43.50284090909091,67.65721221283277,47.36004854898294,2824.8,1127.69410823636,2.5049346089231617,1041.3818181818183,55.0,0.6,31.090909090909122,10.18636363636363,True,0,4,99,130,speed_mph,True,D7_I210_W,W,68.0,0.0696,False,PeMS_average_weekday,state_transition__PeMS::D7_I210_W::L210W-143__2025-10-01__274,1127.69410823636,67.65721221283277,0.0696,PeMS_average_weekday,L210W-143,5,False,AM,measured,2.6666666666666665,2824.8,2.5049346089231617,47.36004854898294,37.98636363636364,2025-10-01 08:15:00,2025-10-01 09:50:00,2025-10-01 10:55:00
state_transition,PeMS::D7_I210_W::L210W-150,2025-10-01,2025-10-01 07:15:00,2025-10-01 08:15:00,2025-10-01 13:05:00,2025-10-01 13:00:00,51.5304347826087,post_qc,0,51.5304347826087,51.5304347826087,50.27826086956522,post_qc,0,50.27826086956522,50.27826086956522,87,99,156,AM;MD,AM,350.0,32.178260869565214,39.71304347826088,71.11878637652643,49.7831504635685,7612.530434782609,1296.3508686949522,5.872276263019911,1251.391304347826,280.0,0.41818181818181815,-245.11304347826103,18.10000000000001,False,0,7,87,156,speed_mph,True,D7_I210_W,W,36.0,0.1584,False,PeMS_average_weekday,state_transition__PeMS::D7_I210_W::L210W-150__2025-10-01__275,1296.3508686949522,71.11878637652643,0.1584,PeMS_average_weekday,L210W-150,5,False,AM,measured,5.833333333333333,7612.530434782609,5.872276263019911,49.7831504635685,32.178260869565214,2025-10-01 07:15:00,2025-10-01 08:15:00,2025-10-01 13:05:00
state_transition,PeMS::D7_I210_W::L210W-150,2025-10-01,2025-10-01 13:25:00,2025-10-01 16:15:00,2025-10-01 19:20:00,2025-10-01 19:15:00,50.26086956521738,post_qc,0,50.26086956521738,50.26086956521738,51.35217391304347,post_qc,0,51.35217391304347,51.35217391304347,161,195,231,MD;PM,PM,355.0,20.90434782608696,31.369014084507047,71.11878637652643,49.7831504635685,6970.939130434784,1296.3508686949522,5.3773552352014775,1165.878260869565,175.0,0.5588235294117647,-11.478260869565247,30.447826086956514,False,0,3,161,231,speed_mph,True,D7_I210_W,W,36.0,0.1584,False,PeMS_average_weekday,state_transition__PeMS::D7_I210_W::L210W-150__2025-10-01__276,1296.3508686949522,71.11878637652643,0.1584,PeMS_average_weekday,L210W-150,5,False,PM,measured,5.916666666666667,6970.939130434784,5.3773552352014775,49.7831504635685,20.90434782608696,2025-10-01 13:25:00,2025-10-01 16:15:00,2025-10-01 19:20:00
state_transition,PeMS::D7_I210_W::L210W-154,2025-10-01,2025-10-01 06:15:00,2025-10-01 07:35:00,2025-10-01 10:55:00,2025-10-01 10:50:00,51.01739130434783,post_qc,0,51.01739130434783,51.01739130434783,48.93478260869564,post_qc,0,48.93478260869564,48.93478260869564,75,91,130,AM;MD,AM,280.0,21.117391304347827,32.10900621118013,67.9627516109467,47.57392612766269,5684.45652173913,1417.444325048097,4.010356118605395,1177.108695652174,190.0,0.5675675675675675,112.43478260869551,27.817391304347815,True,0,2,75,130,speed_mph,True,D7_I210_W,W,49.0,0.2324,False,PeMS_average_weekday,state_transition__PeMS::D7_I210_W::L210W-154__2025-10-01__277,1417.444325048097,67.9627516109467,0.2324,PeMS_average_weekday,L210W-154,4,False,AM,measured,4.666666666666667,5684.45652173913,4.010356118605395,47.57392612766269,21.117391304347827,2025-10-01 06:15:00,2025-10-01 07:35:00,2025-10-01 10:55:00
state_transition,PeMS::D7_I210_W::L210W-155,2025-10-01,2025-10-01 06:15:00,2025-10-01 07:45:00,2025-10-01 11:40:00,2025-10-01 11:35:00,49.77391304347826,post_qc,0,49.77391304347826,49.77391304347826,48.478260869565226,post_qc,0,48.478260869565226,48.478260869565226,75,93,139,AM;MD,AM,325.0,18.45652173913044,32.62214046822743,69.13334548622781,48.39334184035946,6229.271739130435,1285.2773873121312,4.846636065198001,1126.5652173913043,220.0,0.5348837209302325,299.0869565217391,30.021739130434785,True,0,1,75,139,speed_mph,True,D7_I210_W,W,44.0,0.0988,False,PeMS_average_weekday,state_transition__PeMS::D7_I210_W::L210W-155__2025-10-01__278,1285.2773873121312,69.13334548622781,0.0988,PeMS_average_weekday,L210W-155,4,False,AM,measured,5.416666666666667,6229.271739130435,4.846636065198001,48.39334184035946,18.45652173913044,2025-10-01 06:15:00,2025-10-01 07:45:00,2025-10-01 11:40:00
state_transition,PeMS::D7_I210_W::L210W-155,2025-10-01,2025-10-01 15:15:00,2025-10-01 17:30:00,2025-10-01 18:35:00,2025-10-01 18:30:00,48.94782608695653,post_qc,0,48.94782608695653,48.94782608695653,48.83478260869566,post_qc,0,48.83478260869566,48.83478260869566,183,210,222,MD;PM,PM,200.0,40.15217391304349,44.616739130434794,69.13334548622781,48.39334184035946,4228.554347826087,1285.2773873121312,3.2899935761486927,1249.695652173913,55.0,0.7,19.04347826086928,8.68260869565217,True,0,5,183,222,speed_mph,True,D7_I210_W,W,44.0,0.0988,False,PeMS_average_weekday,state_transition__PeMS::D7_I210_W::L210W-155__2025-10-01__279,1285.2773873121312,69.13334548622781,0.0988,PeMS_average_weekday,L210W-155,4,False,PM,measured,3.3333333333333335,4228.554347826087,3.2899935761486927,48.39334184035946,40.15217391304349,2025-10-01 15:15:00,2025-10-01 17:30:00,2025-10-01 18:35:00
state_transition,PeMS::D7_I210_W::L210W-182,2025-10-01,2025-10-01 05:55:00,2025-10-01 06:40:00,2025-10-01 11:55:00,2025-10-01 11:50:00,54.56956521739131,post_qc,0,54.56956521739131,54.56956521739131,51.03913043478261,post_qc,0,51.03913043478261,51.03913043478261,71,80,142,NT;AM;MD,AM,360.0,22.00869565217391,38.43285024154589,71.84175370180901,50.289227591266304,6784.3130434782615,1238.990492949648,5.475678047639365,1137.495652173913,285.0,0.5535714285714286,145.14782608695646,29.030434782608697,True,0,9,71,142,speed_mph,True,D7_I210_W,W,60.0,0.1075,False,PeMS_average_weekday,state_transition__PeMS::D7_I210_W::L210W-182__2025-10-01__280,1238.990492949648,71.84175370180901,0.1075,PeMS_average_weekday,L210W-182,5,False,AM,measured,6.0,6784.3130434782615,5.475678047639365,50.289227591266304,22.00869565217391,2025-10-01 05:55:00,2025-10-01 06:40:00,2025-10-01 11:55:00
state_transition,PeMS::D7_I210_W::L210W-211,2025-10-01,2025-10-01 06:40:00,2025-10-01 07:45:00,2025-10-01 10:50:00,2025-10-01 10:45:00,48.86086956521739,post_qc,0,48.86086956521739,48.86086956521739,48.83913043478261,post_qc,0,48.83913043478261,48.83913043478261,80,93,129,AM;MD,AM,250.0,24.8608695652174,36.10495652173913,69.3479321452884,48.54355250170188,5817.717391304348,1488.0616328065785,3.909594376364482,1384.4347826086955,175.0,0.5294117647058824,214.82608695652175,23.97826086956521,True,0,6,80,129,speed_mph,True,D7_I210_W,W,42.0,0.2355,False,PeMS_average_weekday,state_transition__PeMS::D7_I210_W::L210W-211__2025-10-01__281,1488.0616328065785,69.3479321452884,0.2355,PeMS_average_weekday,L210W-211,4,False,AM,measured,4.166666666666667,5817.717391304348,3.909594376364482,48.54355250170188,24.8608695652174,2025-10-01 06:40:00,2025-10-01 07:45:00,2025-10-01 10:50:00
state_transition,PeMS::D7_I210_W::L210W-211,2025-10-01,2025-10-01 16:00:00,2025-10-01 17:20:00,2025-10-01 18:10:00,2025-10-01 18:05:00,49.36521739130435,post_qc,0,49.36521739130435,49.36521739130435,49.08260869565217,post_qc,0,49.08260869565217,49.08260869565217,192,208,217,PM,PM,130.0,43.360869565217385,45.615050167224084,69.3479321452884,48.54355250170188,3156.7934782608695,1488.0616328065785,2.1214131247419887,1447.5652173913045,40.0,0.2857142857142857,-43.17391304347825,5.721739130434784,False,0,2,192,217,speed_mph,True,D7_I210_W,W,42.0,0.2355,False,PeMS_average_weekday,state_transition__PeMS::D7_I210_W::L210W-211__2025-10-01__282,1488.0616328065785,69.3479321452884,0.2355,PeMS_average_weekday,L210W-211,4,False,PM,measured,2.1666666666666665,3156.7934782608695,2.1214131247419887,48.54355250170188,43.360869565217385,2025-10-01 16:00:00,2025-10-01 17:20:00,2025-10-01 18:10:00
state_transition,PeMS::D7_I210_W::L210W-221,2025-10-01,2025-10-01 15:20:00,2025-10-01 16:50:00,2025-10-01 18:25:00,2025-10-01 18:20:00,50.35217391304349,post_qc,0,50.35217391304349,50.35217391304349,49.15652173913045,post_qc,0,49.15652173913045,49.15652173913045,184,202,220,MD;PM,PM,185.0,35.291304347826085,40.46392479435959,68.30565217391305,47.81395652173913,3553.8434782608706,1205.625391304348,2.9477178432813367,1152.104347826087,85.0,0.375,-87.2347826086957,13.865217391304363,False,0,6,184,220,speed_mph,True,D7_I210_W,W,19.0,0.7208,False,PeMS_average_weekday,state_transition__PeMS::D7_I210_W::L210W-221__2025-10-01__283,1205.625391304348,68.30565217391305,0.7208,PeMS_average_weekday,L210W-221,5,False,PM,measured,3.0833333333333335,3553.8434782608706,2.9477178432813367,47.81395652173913,35.291304347826085,2025-10-01 15:20:00,2025-10-01 16:50:00,2025-10-01 18:25:00
state_transition,PeMS::D7_I210_W::L210W-222,2025-10-01,2025-10-01 06:00:00,2025-10-01 06:45:00,2025-10-01 11:15:00,2025-10-01 11:10:00,49.43043478260869,post_qc,0,49.43043478260869,49.43043478260869,50.08260869565217,post_qc,0,50.08260869565217,50.08260869565217,72,81,134,AM;MD,AM,315.0,28.204347826086952,38.69399585921325,68.44052828078823,47.90836979655176,5971.417391304349,1211.809447711422,4.927686776647718,1145.0608695652172,260.0,0.5490196078431373,102.36521739130444,21.878260869565217,True,0,6,72,134,speed_mph,True,D7_I210_W,W,59.0,0.453,False,PeMS_average_weekday,state_transition__PeMS::D7_I210_W::L210W-222__2025-10-01__284,1211.809447711422,68.44052828078823,0.453,PeMS_average_weekday,L210W-222,5,False,AM,measured,5.25,5971.417391304349,4.927686776647718,47.90836979655176,28.204347826086952,2025-10-01 06:00:00,2025-10-01 06:45:00,2025-10-01 11:15:00
state_transition,PeMS::D7_I210_W::L210W-233,2025-10-01,2025-10-01 05:55:00,2025-10-01 06:45:00,2025-10-01 12:00:00,2025-10-01 11:55:00,52.03636363636363,post_qc,0,52.03636363636363,52.03636363636363,49.87272727272728,post_qc,0,49.87272727272728,49.87272727272728,71,81,143,NT;AM;MD,AM,365.0,18.43636363636364,35.390099626400996,68.54572327345998,47.98200629142199,7954.227272727274,1463.9208426687917,5.43350913579888,1368.8181818181818,300.0,0.6101694915254238,349.5,31.43636363636364,True,0,6,71,143,speed_mph,True,D7_I210_W,W,61.0,0.2423,False,PeMS_average_weekday,state_transition__PeMS::D7_I210_W::L210W-233__2025-10-01__285,1463.9208426687917,68.54572327345998,0.2423,PeMS_average_weekday,L210W-233,4,False,AM,measured,6.083333333333333,7954.227272727274,5.43350913579888,47.98200629142199,18.43636363636364,2025-10-01 05:55:00,2025-10-01 06:45:00,2025-10-01 12:00:00
state_transition,PeMS::D7_I210_W::L210W-234,2025-10-01,2025-10-01 05:55:00,2025-10-01 06:50:00,2025-10-01 11:15:00,2025-10-01 11:10:00,47.547058823529404,post_qc,0,47.547058823529404,47.547058823529404,45.04117647058824,post_qc,0,45.04117647058824,45.04117647058824,71,82,134,NT;AM;MD,AM,320.0,24.800000000000004,36.20110294117647,63.777275929702505,44.64409315079176,5573.60294117647,1200.2531067361451,4.64368966003579,1093.235294117647,255.0,0.48,166.41176470588232,20.241176470588236,True,0,2,71,134,speed_mph,True,D7_I210_W,W,62.0,0.2983,False,PeMS_average_weekday,state_transition__PeMS::D7_I210_W::L210W-234__2025-10-01__286,1200.2531067361451,63.777275929702505,0.2983,PeMS_average_weekday,L210W-234,4,False,AM,measured,5.333333333333333,5573.60294117647,4.64368966003579,44.64409315079176,24.800000000000004,2025-10-01 05:55:00,2025-10-01 06:50:00,2025-10-01 11:15:00
state_transition,PeMS::D7_I210_W::L210W-251,2025-10-01,2025-10-01 14:45:00,2025-10-01 16:20:00,2025-10-01 19:15:00,2025-10-01 19:10:00,46.1818181818182,post_qc,0,46.1818181818182,46.1818181818182,46.11363636363637,post_qc,0,46.11363636363637,46.11363636363637,177,196,230,MD;PM,PM,270.0,36.36818181818182,39.69680134680135,64.34818181818181,45.04372727272727,6365.78787878788,1484.299090909091,4.288750102844175,1430.3636363636365,165.0,0.375,-241.81818181818153,9.74545454545455,False,0,4,177,230,speed_mph,True,D7_I210_W,W,6.0,0.3585,False,PeMS_average_weekday,state_transition__PeMS::D7_I210_W::L210W-251__2025-10-01__287,1484.299090909091,64.34818181818181,0.3585,PeMS_average_weekday,L210W-251,3,False,PM,measured,4.5,6365.78787878788,4.288750102844175,45.04372727272727,36.36818181818182,2025-10-01 14:45:00,2025-10-01 16:20:00,2025-10-01 19:15:00
state_transition,PeMS::D7_I210_W::L210W-256,2025-10-01,2025-10-01 15:40:00,2025-10-01 16:40:00,2025-10-01 18:25:00,2025-10-01 18:20:00,50.38181818181819,post_qc,0,50.38181818181819,50.38181818181819,48.71818181818182,post_qc,0,48.71818181818182,48.71818181818182,188,200,220,MD;PM,PM,165.0,28.827272727272724,35.89765840220385,68.8638716515756,48.20471015610291,3322.4545454545455,1253.9655774574028,2.649558014336649,1204.0909090909092,95.0,0.4444444444444444,-72.0,19.890909090909094,False,0,3,188,220,speed_mph,True,D7_I210_W,W,20.0,0.2684,False,PeMS_average_weekday,state_transition__PeMS::D7_I210_W::L210W-256__2025-10-01__288,1253.9655774574028,68.8638716515756,0.2684,PeMS_average_weekday,L210W-256,6,False,PM,measured,2.75,3322.4545454545455,2.649558014336649,48.20471015610291,28.827272727272724,2025-10-01 15:40:00,2025-10-01 16:40:00,2025-10-01 18:25:00
state_transition,PeMS::D7_I210_W::L210W-291,2025-10-01,2025-10-01 05:50:00,2025-10-01 07:25:00,2025-10-01 12:00:00,2025-10-01 11:55:00,52.04090909090909,post_qc,0,52.04090909090909,52.04090909090909,49.154545454545456,post_qc,0,49.154545454545456,49.154545454545456,70,89,143,NT;AM;MD,AM,370.0,13.681818181818182,31.807739557739556,68.84823502366453,48.19376451656517,7255.125,1381.7974227630066,5.250498286132882,1261.909090909091,265.0,0.5769230769230769,337.9090909090909,35.472727272727276,True,0,4,70,143,speed_mph,True,D7_I210_W,W,63.0,0.1435,False,PeMS_average_weekday,state_transition__PeMS::D7_I210_W::L210W-291__2025-10-01__289,1381.7974227630066,68.84823502366453,0.1435,PeMS_average_weekday,L210W-291,4,False,AM,measured,6.166666666666667,7255.125,5.250498286132882,48.19376451656517,13.681818181818182,2025-10-01 05:50:00,2025-10-01 07:25:00,2025-10-01 12:00:00
state_transition,PeMS::D7_I210_W::L210W-299,2025-10-01,2025-10-01 06:15:00,2025-10-01 07:35:00,2025-10-01 11:25:00,2025-10-01 11:20:00,49.30434782608695,post_qc,0,49.30434782608695,49.30434782608695,48.11739130434782,post_qc,0,48.11739130434782,48.11739130434782,75,91,136,AM;MD,AM,310.0,21.75217391304348,35.17131837307153,68.15452128124008,47.708164896868055,4807.147826086957,1057.5788670820048,4.545427273287421,917.0086956521739,200.0,0.4358974358974359,171.4434782608696,26.365217391304338,True,0,7,75,136,speed_mph,True,D7_I210_W,W,51.0,0.2218,False,PeMS_average_weekday,state_transition__PeMS::D7_I210_W::L210W-299__2025-10-01__290,1057.5788670820048,68.15452128124008,0.2218,PeMS_average_weekday,L210W-299,5,False,AM,measured,5.166666666666667,4807.147826086957,4.545427273287421,47.708164896868055,21.75217391304348,2025-10-01 06:15:00,2025-10-01 07:35:00,2025-10-01 11:25:00
state_transition,PeMS::D7_I210_W::L210W-301,2025-10-01,2025-10-01 06:10:00,2025-10-01 07:55:00,2025-10-01 11:50:00,2025-10-01 11:45:00,48.07500000000001,post_qc,0,48.07500000000001,48.07500000000001,47.02,post_qc,0,47.02,47.02,74,95,141,AM;MD,AM,340.0,18.270000000000003,31.15830108359133,66.3842287062521,46.46896009437647,6766.55197368421,1327.7630584053009,5.096204425065962,1185.15,225.0,0.5227272727272727,222.04736842105262,28.75,True,0,7,74,141,speed_mph,True,D7_I210_W,W,45.0,0.1342,False,PeMS_average_weekday,state_transition__PeMS::D7_I210_W::L210W-301__2025-10-01__291,1327.7630584053009,66.3842287062521,0.1342,PeMS_average_weekday,L210W-301,4,False,AM,measured,5.666666666666667,6766.55197368421,5.096204425065962,46.46896009437647,18.270000000000003,2025-10-01 06:10:00,2025-10-01 07:55:00,2025-10-01 11:50:00
state_transition,PeMS::D7_I210_W::L210W-301,2025-10-01,2025-10-01 16:20:00,2025-10-01 17:10:00,2025-10-01 18:35:00,2025-10-01 18:30:00,46.495000000000005,post_qc,0,46.495000000000005,46.495000000000005,47.28,post_qc,0,47.28,47.28,196,206,222,PM,PM,135.0,42.19,44.4458089668616,66.3842287062521,46.46896009437647,2935.257236842105,1327.7630584053009,2.210678492868654,1285.05,75.0,0.42857142857142855,-62.25,5.090000000000003,False,0,0,196,222,speed_mph,True,D7_I210_W,W,45.0,0.1342,False,PeMS_average_weekday,state_transition__PeMS::D7_I210_W::L210W-301__2025-10-01__292,1327.7630584053009,66.3842287062521,0.1342,PeMS_average_weekday,L210W-301,4,False,PM,measured,2.25,2935.257236842105,2.210678492868654,46.46896009437647,42.19,2025-10-01 16:20:00,2025-10-01 17:10:00,2025-10-01 18:35:00
state_transition,PeMS::D7_I210_W::L210W-305,2025-10-01,2025-10-01 06:00:00,2025-10-01 06:40:00,2025-10-01 12:05:00,2025-10-01 12:00:00,51.502173913043485,post_qc,0,51.502173913043485,51.502173913043485,47.5108695652174,post_qc,0,47.5108695652174,47.5108695652174,72,80,144,AM;MD,AM,365.0,37.71739130434784,43.13469326980346,67.88819285179075,47.52173499625352,9158.79891304348,1541.7559590998496,5.940498467987646,1501.6304347826087,320.0,0.4444444444444444,-4.6304347826089725,9.793478260869556,False,0,3,72,144,speed_mph,True,D7_I210_W,W,57.0,0.5269,False,PeMS_average_weekday,state_transition__PeMS::D7_I210_W::L210W-305__2025-10-01__293,1541.7559590998496,67.88819285179075,0.5269,PeMS_average_weekday,L210W-305,4,False,AM,measured,6.083333333333333,9158.79891304348,5.940498467987646,47.52173499625352,37.71739130434784,2025-10-01 06:00:00,2025-10-01 06:40:00,2025-10-01 12:05:00
state_transition,PeMS::D7_I210_W::L210W-305,2025-10-01,2025-10-01 17:15:00,2025-10-01 17:20:00,2025-10-01 17:55:00,2025-10-01 17:50:00,47.78260869565217,post_qc,0,47.78260869565217,47.78260869565217,47.80652173913044,post_qc,0,47.80652173913044,47.80652173913044,207,208,214,PM,PM,40.0,46.66739130434783,47.23478260869565,67.88819285179075,47.52173499625352,1015.7989130434784,1541.7559590998496,0.6588584315487582,1533.1304347826087,25.0,0.25,-31.239130434782282,1.139130434782608,False,0,1,207,214,speed_mph,True,D7_I210_W,W,57.0,0.5269,False,PeMS_average_weekday,state_transition__PeMS::D7_I210_W::L210W-305__2025-10-01__294,1541.7559590998496,67.88819285179075,0.5269,PeMS_average_weekday,L210W-305,4,False,PM,measured,0.6666666666666666,1015.7989130434784,0.6588584315487582,47.52173499625352,46.66739130434783,2025-10-01 17:15:00,2025-10-01 17:20:00,2025-10-01 17:55:00
state_transition,PeMS::D7_I405_N::L405N-069,2025-10-01,2025-10-01 06:00:00,2025-10-01 08:35:00,2025-10-01 11:05:00,2025-10-01 11:00:00,48.366666666666674,post_qc,0,48.366666666666674,48.366666666666674,48.46111111111112,post_qc,0,48.46111111111112,48.46111111111112,72,103,132,AM;MD,AM,305.0,30.877777777777784,36.30701275045538,67.99861554093745,47.599030878656215,6304.833333333334,1330.7003284983937,4.737981345843595,1209.0833333333333,140.0,0.48148148148148145,78.83333333333348,17.58333333333334,True,0,3,72,132,speed_mph,True,D7_I405_N,N,163.0,0.1286,False,PeMS_average_weekday,state_transition__PeMS::D7_I405_N::L405N-069__2025-10-01__295,1330.7003284983937,67.99861554093745,0.1286,PeMS_average_weekday,L405N-069,4,False,AM,measured,5.083333333333333,6304.833333333334,4.737981345843595,47.599030878656215,30.877777777777784,2025-10-01 06:00:00,2025-10-01 08:35:00,2025-10-01 11:05:00
state_transition,PeMS::D7_I405_N::L405N-069,2025-10-01,2025-10-01 17:15:00,2025-10-01 17:55:00,2025-10-01 18:15:00,2025-10-01 18:10:00,48.38888888888889,post_qc,0,48.38888888888889,48.38888888888889,48.30000000000001,post_qc,0,48.30000000000001,48.30000000000001,207,215,218,PM,PM,60.0,43.40000000000001,45.56851851851852,67.99861554093745,47.599030878656215,1352.1666666666667,1330.7003284983937,1.016131609580721,1315.5833333333333,10.0,0.0,-11.5,4.899999999999999,False,0,1,207,218,speed_mph,True,D7_I405_N,N,163.0,0.1286,False,PeMS_average_weekday,state_transition__PeMS::D7_I405_N::L405N-069__2025-10-01__296,1330.7003284983937,67.99861554093745,0.1286,PeMS_average_weekday,L405N-069,4,False,PM,measured,1.0,1352.1666666666667,1.016131609580721,47.599030878656215,43.40000000000001,2025-10-01 17:15:00,2025-10-01 17:55:00,2025-10-01 18:15:00
state_transition,PeMS::D7_I405_N::L405N-076,2025-10-01,2025-10-01 06:05:00,2025-10-01 06:30:00,2025-10-01 12:00:00,2025-10-01 11:55:00,50.96000000000001,post_qc,0,50.96000000000001,50.96000000000001,47.815,post_qc,0,47.815,47.815,73,78,143,AM;MD,AM,355.0,34.595000000000006,40.28345070422535,68.43879176243695,47.90715423370586,8035.149999999999,1349.687020011148,5.953343168354417,1367.64,305.0,0.4666666666666667,-51.47999999999979,13.219999999999992,False,0,6,73,143,speed_mph,True,D7_I405_N,N,182.0,0.0845,False,PeMS_average_weekday,state_transition__PeMS::D7_I405_N::L405N-076__2025-10-01__297,1349.687020011148,68.43879176243695,0.0845,PeMS_average_weekday,L405N-076,5,False,AM,measured,5.916666666666667,8035.149999999999,5.953343168354417,47.90715423370586,34.595000000000006,2025-10-01 06:05:00,2025-10-01 06:30:00,2025-10-01 12:00:00
state_transition,PeMS::D7_I405_N::L405N-076,2025-10-01,2025-10-01 13:25:00,2025-10-01 13:45:00,2025-10-01 14:00:00,2025-10-01 13:55:00,48.17000000000001,post_qc,0,48.17000000000001,48.17000000000001,48.675,post_qc,0,48.675,48.675,161,165,167,MD,MD,35.0,45.86000000000001,47.14571428571429,68.43879176243695,47.90715423370586,745.73,1349.687020011148,0.5525206873470863,1263.96,5.0,,,2.8149999999999906,False,0,0,161,167,speed_mph,True,D7_I405_N,N,182.0,0.0845,False,PeMS_average_weekday,state_transition__PeMS::D7_I405_N::L405N-076__2025-10-01__298,1349.687020011148,68.43879176243695,0.0845,PeMS_average_weekday,L405N-076,5,False,MD,measured,0.5833333333333334,745.73,0.5525206873470863,47.90715423370586,45.86000000000001,2025-10-01 13:25:00,2025-10-01 13:45:00,2025-10-01 14:00:00
state_transition,PeMS::D7_I405_N::L405N-076,2025-10-01,2025-10-01 14:40:00,2025-10-01 17:40:00,2025-10-01 18:40:00,2025-10-01 18:35:00,48.155,post_qc,0,48.155,48.155,48.69,post_qc,0,48.69,48.69,176,212,223,MD;PM,PM,240.0,37.09,43.7334375,68.43879176243695,47.90715423370586,5218.32,1349.687020011148,3.8663185780336673,1299.18,50.0,0.5555555555555556,15.240000000000009,11.599999999999994,True,0,3,176,223,speed_mph,True,D7_I405_N,N,182.0,0.0845,False,PeMS_average_weekday,state_transition__PeMS::D7_I405_N::L405N-076__2025-10-01__299,1349.687020011148,68.43879176243695,0.0845,PeMS_average_weekday,L405N-076,5,False,PM,measured,4.0,5218.32,3.8663185780336673,47.90715423370586,37.09,2025-10-01 14:40:00,2025-10-01 17:40:00,2025-10-01 18:40:00
state_transition,PeMS::D7_I405_N::L405N-098,2025-10-01,2025-10-01 05:55:00,2025-10-01 15:25:00,2025-10-01 19:00:00,2025-10-01 18:55:00,53.07368421052631,post_qc,0,53.07368421052631,53.07368421052631,50.0,post_qc,0,50.0,50.0,71,185,227,NT;AM;MD;PM,MD,785.0,30.50526315789473,36.50928595373785,71.22904376747431,49.86033063723201,13818.166666666666,1108.078767181368,12.47038304128513,916.7368421052632,205.0,0.575,154.1052631578949,19.49473684210527,True,0,14,71,227,speed_mph,True,D7_I405_N,N,283.0,0.663,False,PeMS_average_weekday,state_transition__PeMS::D7_I405_N::L405N-098__2025-10-01__300,1108.078767181368,71.22904376747431,0.663,PeMS_average_weekday,L405N-098,6,False,MD,measured,13.083333333333334,13818.166666666666,12.47038304128513,49.86033063723201,30.50526315789473,2025-10-01 05:55:00,2025-10-01 15:25:00,2025-10-01 19:00:00
state_transition,PeMS::D7_I405_N::L405N-115,2025-10-01,2025-10-01 14:30:00,2025-10-01 16:40:00,2025-10-01 19:40:00,2025-10-01 19:35:00,48.15882352941176,post_qc,0,48.15882352941176,48.15882352941176,48.60588235294118,post_qc,0,48.60588235294118,48.60588235294118,174,200,235,MD;PM,PM,310.0,22.700000000000003,33.25608989563567,68.30466277344011,47.81326394140808,6076.563725490197,1365.0352844325575,4.451579966312894,1138.235294117647,170.0,0.5454545454545454,245.64705882352928,25.905882352941177,True,0,1,174,235,speed_mph,True,D7_I405_N,N,334.0,0.5021,False,PeMS_average_weekday,state_transition__PeMS::D7_I405_N::L405N-115__2025-10-01__301,1365.0352844325575,68.30466277344011,0.5021,PeMS_average_weekday,L405N-115,6,False,PM,measured,5.166666666666667,6076.563725490197,4.451579966312894,47.81326394140808,22.700000000000003,2025-10-01 14:30:00,2025-10-01 16:40:00,2025-10-01 19:40:00
state_transition,PeMS::D7_I405_N::L405N-122,2025-10-01,2025-10-01 12:30:00,2025-10-01 17:05:00,2025-10-01 20:05:00,2025-10-01 20:00:00,51.21,post_qc,0,51.21,51.21,50.22499999999998,post_qc,0,50.22499999999998,50.22499999999998,150,205,240,MD;PM;NT,PM,455.0,20.855,34.71126373626374,70.48127511002458,49.3368925770172,8933.35,1301.56635910055,6.863537873069652,1132.85,170.0,0.5151515151515151,172.10000000000002,29.36999999999998,True,0,7,150,240,speed_mph,True,D7_I405_N,N,324.0,0.5524,False,PeMS_average_weekday,state_transition__PeMS::D7_I405_N::L405N-122__2025-10-01__302,1301.56635910055,70.48127511002458,0.5524,PeMS_average_weekday,L405N-122,6,False,PM,measured,7.583333333333333,8933.35,6.863537873069652,49.3368925770172,20.855,2025-10-01 12:30:00,2025-10-01 17:05:00,2025-10-01 20:05:00
state_transition,PeMS::D7_I405_N::L405N-129,2025-10-01,2025-10-01 05:45:00,2025-10-01 08:25:00,2025-10-01 10:15:00,2025-10-01 10:10:00,50.56315789473684,post_qc,0,50.56315789473684,50.56315789473684,47.789473684210535,post_qc,0,47.789473684210535,47.789473684210535,69,101,122,NT;AM;MD,AM,270.0,17.64736842105263,31.378849902534117,68.12870262445598,47.69009183711918,5797.013157894736,1450.3524386245806,3.9969686012265018,1231.8947368421054,100.0,0.47368421052631576,85.8947368421052,30.142105263157905,True,0,4,69,122,speed_mph,True,D7_I405_N,N,126.0,0.1678,False,PeMS_average_weekday,state_transition__PeMS::D7_I405_N::L405N-129__2025-10-01__303,1450.3524386245806,68.12870262445598,0.1678,PeMS_average_weekday,L405N-129,4,False,AM,measured,4.5,5797.013157894736,3.9969686012265018,47.69009183711918,17.64736842105263,2025-10-01 05:45:00,2025-10-01 08:25:00,2025-10-01 10:15:00
state_transition,PeMS::D7_I405_N::L405N-129,2025-10-01,2025-10-01 16:10:00,2025-10-01 17:30:00,2025-10-01 18:50:00,2025-10-01 18:45:00,49.126315789473686,post_qc,0,49.126315789473686,49.126315789473686,48.16315789473684,post_qc,0,48.16315789473684,48.16315789473684,194,210,225,PM,PM,160.0,25.184210526315795,34.748519736842105,68.12870262445598,47.69009183711918,3447.7763157894738,1450.3524386245806,2.377198964866167,1235.0526315789475,70.0,0.46153846153846156,-53.21052631578959,22.978947368421046,False,0,0,194,225,speed_mph,True,D7_I405_N,N,126.0,0.1678,False,PeMS_average_weekday,state_transition__PeMS::D7_I405_N::L405N-129__2025-10-01__304,1450.3524386245806,68.12870262445598,0.1678,PeMS_average_weekday,L405N-129,4,False,PM,measured,2.6666666666666665,3447.7763157894738,2.377198964866167,47.69009183711918,25.184210526315795,2025-10-01 16:10:00,2025-10-01 17:30:00,2025-10-01 18:50:00
state_transition,PeMS::D7_I405_N::L405N-135,2025-10-01,2025-10-01 06:05:00,2025-10-01 08:45:00,2025-10-01 15:05:00,2025-10-01 15:00:00,52.65833333333334,post_qc,0,52.65833333333334,52.65833333333334,49.23333333333333,post_qc,0,49.23333333333333,49.23333333333333,73,105,180,AM;MD,AM,540.0,9.35,22.31288580246913,68.69298270702213,48.08508789491548,10232.604166666666,1534.53693022395,6.668203263881907,1222.375,370.0,0.547945205479452,486.0,39.883333333333326,True,0,5,73,180,speed_mph,True,D7_I405_N,N,255.0,0.0976,False,PeMS_average_weekday,state_transition__PeMS::D7_I405_N::L405N-135__2025-10-01__305,1534.53693022395,68.69298270702213,0.0976,PeMS_average_weekday,L405N-135,4,False,AM,measured,9.0,10232.604166666666,6.668203263881907,48.08508789491548,9.35,2025-10-01 06:05:00,2025-10-01 08:45:00,2025-10-01 15:05:00
state_transition,PeMS::D7_I405_N::L405N-215,2025-10-01,2025-10-01 08:05:00,2025-10-01 08:20:00,2025-10-01 08:40:00,2025-10-01 08:35:00,48.22564102564103,post_qc,0,48.22564102564103,48.22564102564103,48.13846153846155,post_qc,0,48.13846153846155,48.13846153846155,97,100,103,AM,AM,35.0,47.22307692307693,47.706593406593406,68.56877884610519,47.99814519227363,608.4,1014.7787631870395,0.5995395470134236,1046.8615384615384,10.0,0.0,-18.030769230769238,0.9153846153846175,False,0,0,97,103,speed_mph,True,D7_I405_N,N,114.0,0.1423,False,PeMS_average_weekday,state_transition__PeMS::D7_I405_N::L405N-215__2025-10-01__306,1014.7787631870395,68.56877884610519,0.1423,PeMS_average_weekday,L405N-215,5,False,AM,measured,0.5833333333333334,608.4,0.5995395470134236,47.99814519227363,47.22307692307693,2025-10-01 08:05:00,2025-10-01 08:20:00,2025-10-01 08:40:00
state_transition,PeMS::D7_I405_N::L405N-215,2025-10-01,2025-10-01 14:05:00,2025-10-01 17:30:00,2025-10-01 19:05:00,2025-10-01 19:00:00,48.0,post_qc,0,48.0,48.0,48.47692307692308,post_qc,0,48.47692307692308,48.47692307692308,169,210,228,MD;PM,PM,300.0,27.684615384615384,37.66619658119659,68.56877884610519,47.99814519227363,4638.261538461538,1014.7787631870395,4.570712067223893,930.0923076923076,85.0,0.375,28.369230769230853,20.792307692307695,True,0,8,169,228,speed_mph,True,D7_I405_N,N,114.0,0.1423,False,PeMS_average_weekday,state_transition__PeMS::D7_I405_N::L405N-215__2025-10-01__307,1014.7787631870395,68.56877884610519,0.1423,PeMS_average_weekday,L405N-215,5,False,PM,measured,5.0,4638.261538461538,4.570712067223893,47.99814519227363,27.684615384615384,2025-10-01 14:05:00,2025-10-01 17:30:00,2025-10-01 19:05:00
state_transition,PeMS::D7_I405_N::L405N-241,2025-10-01,2025-10-01 06:05:00,2025-10-01 07:45:00,2025-10-01 13:00:00,2025-10-01 12:55:00,46.63,post_qc,0,46.63,46.63,47.51499999999999,post_qc,0,47.51499999999999,47.51499999999999,73,93,155,AM;MD,AM,415.0,10.365000000000002,26.081265060240963,66.46643381268947,46.52650366888263,8600.562499999998,1635.2053670515584,5.259622230513888,1349.55,305.0,0.55,508.79999999999995,37.14999999999999,True,0,4,73,155,speed_mph,True,D7_I405_N,N,232.0,0.1442,False,PeMS_average_weekday,state_transition__PeMS::D7_I405_N::L405N-241__2025-10-01__308,1635.2053670515584,66.46643381268947,0.1442,PeMS_average_weekday,L405N-241,4,False,AM,measured,6.916666666666667,8600.562499999998,5.259622230513888,46.52650366888263,10.365000000000002,2025-10-01 06:05:00,2025-10-01 07:45:00,2025-10-01 13:00:00
state_transition,PeMS::D7_I405_N::L405N-273,2025-10-01,2025-10-01 13:50:00,2025-10-01 17:50:00,2025-10-01 19:40:00,2025-10-01 19:35:00,48.375000000000014,post_qc,0,48.375000000000014,48.375000000000014,48.06500000000001,post_qc,0,48.06500000000001,48.06500000000001,166,214,235,MD;PM,PM,350.0,12.77,25.1475,68.13189646750052,47.69232752725036,8053.1,1668.2476914579197,4.8272807696573,1469.4,100.0,0.42105263157894735,33.600000000000136,35.295000000000016,True,0,4,166,235,speed_mph,True,D7_I405_N,N,338.0,0.1081,False,PeMS_average_weekday,state_transition__PeMS::D7_I405_N::L405N-273__2025-10-01__309,1668.2476914579197,68.13189646750052,0.1081,PeMS_average_weekday,L405N-273,3,False,PM,measured,5.833333333333333,8053.1,4.8272807696573,47.69232752725036,12.77,2025-10-01 13:50:00,2025-10-01 17:50:00,2025-10-01 19:40:00
state_transition,PeMS::D7_I405_S::L405S-001,2025-10-01,2025-10-01 13:45:00,2025-10-01 16:45:00,2025-10-01 16:55:00,2025-10-01 16:50:00,50.72,post_qc,0,50.72,50.72,,missing,0,,,165,201,202,MD;PM,PM,190.0,30.12,37.52057142857142,70.87225044231599,49.61057530962119,2957.1200000000003,1189.7086652585367,2.48558330821049,,0.0,,,,False,3,5,165,202,speed_mph,True,D7_I405_S,S,32.0,0.1485,False,PeMS_average_weekday,state_transition__PeMS::D7_I405_S::L405S-001__2025-10-01__310,1189.7086652585367,70.87225044231599,0.1485,PeMS_average_weekday,L405S-001,5,False,PM,measured,3.1666666666666665,2957.1200000000003,2.48558330821049,49.61057530962119,30.12,2025-10-01 13:45:00,2025-10-01 16:45:00,2025-10-01 16:55:00
state_transition,PeMS::D7_I405_S::L405S-001,2025-10-01,2025-10-01 17:20:00,2025-10-01 17:20:00,2025-10-01 19:10:00,2025-10-01 19:05:00,24.43,post_qc,0,24.43,24.43,50.36,post_qc,0,50.36,50.36,208,208,229,PM,PM,110.0,24.43,35.648888888888884,70.87225044231599,49.61057530962119,1519.8799999999999,1189.7086652585367,1.2775228460403902,993.12,80.0,0.7333333333333333,203.7600000000001,25.93,True,4,6,208,229,speed_mph,True,D7_I405_S,S,32.0,0.1485,False,PeMS_average_weekday,state_transition__PeMS::D7_I405_S::L405S-001__2025-10-01__311,1189.7086652585367,70.87225044231599,0.1485,PeMS_average_weekday,L405S-001,5,False,PM,measured,1.8333333333333333,1519.8799999999999,1.2775228460403902,49.61057530962119,24.43,2025-10-01 17:20:00,2025-10-01 17:20:00,2025-10-01 19:10:00
state_transition,PeMS::D7_I405_S::L405S-061,2025-10-01,2025-10-01 13:30:00,2025-10-01 16:05:00,2025-10-01 18:35:00,2025-10-01 18:30:00,46.98888888888889,post_qc,0,46.98888888888889,46.98888888888889,46.66111111111112,post_qc,0,46.66111111111112,46.66111111111112,162,193,222,MD;PM,PM,305.0,32.33888888888888,38.934153005464466,66.95070852378527,46.86549596664968,5994.444444444443,1286.9180703276406,4.657984515609683,1156.3333333333333,145.0,0.5714285714285714,96.0,14.322222222222237,True,0,7,162,222,speed_mph,True,D7_I405_S,S,43.0,0.2243,False,PeMS_average_weekday,state_transition__PeMS::D7_I405_S::L405S-061__2025-10-01__312,1286.9180703276406,66.95070852378527,0.2243,PeMS_average_weekday,L405S-061,4,False,PM,measured,5.083333333333333,5994.444444444443,4.657984515609683,46.86549596664968,32.33888888888888,2025-10-01 13:30:00,2025-10-01 16:05:00,2025-10-01 18:35:00
state_transition,PeMS::D7_I405_S::L405S-073,2025-10-01,2025-10-01 08:00:00,2025-10-01 08:35:00,2025-10-01 09:05:00,2025-10-01 09:00:00,48.488888888888894,post_qc,0,48.488888888888894,48.488888888888894,49.50000000000001,post_qc,0,49.50000000000001,49.50000000000001,96,103,108,AM,AM,65.0,41.32777777777778,44.10940170940171,69.0090397161734,48.30632780132138,1432.1333333333334,1294.926580785216,1.1059571674441329,1313.8000000000002,20.0,0.3333333333333333,-36.40000000000032,8.172222222222224,False,0,1,96,108,speed_mph,True,D7_I405_S,S,48.0,0.243,False,PeMS_average_weekday,state_transition__PeMS::D7_I405_S::L405S-073__2025-10-01__313,1294.926580785216,69.0090397161734,0.243,PeMS_average_weekday,L405S-073,5,False,AM,measured,1.0833333333333333,1432.1333333333334,1.1059571674441329,48.30632780132138,41.32777777777778,2025-10-01 08:00:00,2025-10-01 08:35:00,2025-10-01 09:05:00
state_transition,PeMS::D7_I405_S::L405S-073,2025-10-01,2025-10-01 11:55:00,2025-10-01 16:00:00,2025-10-01 20:00:00,2025-10-01 19:55:00,48.67222222222222,post_qc,0,48.67222222222222,48.67222222222222,49.04999999999999,post_qc,0,49.04999999999999,49.04999999999999,143,192,239,MD;PM,PM,485.0,31.44444444444445,36.87325315005728,69.0090397161734,48.30632780132138,9389.377777777778,1294.926580785216,7.250895855488779,1123.8666666666668,230.0,0.5555555555555556,92.2666666666662,17.60555555555554,True,0,7,143,239,speed_mph,True,D7_I405_S,S,48.0,0.243,False,PeMS_average_weekday,state_transition__PeMS::D7_I405_S::L405S-073__2025-10-01__314,1294.926580785216,69.0090397161734,0.243,PeMS_average_weekday,L405S-073,5,False,PM,measured,8.083333333333334,9389.377777777778,7.250895855488779,48.30632780132138,31.44444444444445,2025-10-01 11:55:00,2025-10-01 16:00:00,2025-10-01 20:00:00
state_transition,PeMS::D7_I405_S::L405S-084,2025-10-01,2025-10-01 12:15:00,2025-10-01 16:50:00,2025-10-01 20:55:00,2025-10-01 20:50:00,45.58,post_qc,0,45.58,45.58,44.486666666666665,post_qc,0,44.486666666666665,44.486666666666665,147,202,250,MD;PM;NT,PM,520.0,22.986666666666665,31.934871794871796,63.161320745407416,44.21292452178519,12665.933333333334,1702.13434305587,7.441206615098297,1397.0,235.0,0.5434782608695652,192.5999999999999,21.5,True,0,4,147,250,speed_mph,True,D7_I405_S,S,64.0,0.1653,False,PeMS_average_weekday,state_transition__PeMS::D7_I405_S::L405S-084__2025-10-01__315,1702.13434305587,63.161320745407416,0.1653,PeMS_average_weekday,L405S-084,4,False,PM,measured,8.666666666666666,12665.933333333334,7.441206615098297,44.21292452178519,22.986666666666665,2025-10-01 12:15:00,2025-10-01 16:50:00,2025-10-01 20:55:00
state_transition,PeMS::D7_I405_S::L405S-087,2025-10-01,2025-10-01 11:30:00,2025-10-01 17:10:00,2025-10-01 20:55:00,2025-10-01 20:50:00,48.54705882352941,post_qc,0,48.54705882352941,48.54705882352941,49.41764705882353,post_qc,0,49.41764705882353,49.41764705882353,138,206,250,MD;PM;NT,PM,565.0,19.16764705882353,29.87604230751029,69.4853321127462,48.63973247892234,10256.176470588236,1390.6566140712982,7.3750603612793855,993.9529411764706,215.0,0.7380952380952381,381.5999999999999,30.250000000000004,True,0,5,138,250,speed_mph,True,D7_I405_S,S,69.0,0.5872,False,PeMS_average_weekday,state_transition__PeMS::D7_I405_S::L405S-087__2025-10-01__316,1390.6566140712982,69.4853321127462,0.5872,PeMS_average_weekday,L405S-087,5,False,PM,measured,9.416666666666666,10256.176470588236,7.3750603612793855,48.63973247892234,19.16764705882353,2025-10-01 11:30:00,2025-10-01 17:10:00,2025-10-01 20:55:00
state_transition,PeMS::D7_I405_S::L405S-231,2025-10-01,2025-10-01 18:05:00,2025-10-01 18:50:00,2025-10-01 19:20:00,2025-10-01 19:15:00,48.50999999999999,post_qc,0,48.50999999999999,48.50999999999999,48.40499999999999,post_qc,0,48.40499999999999,48.40499999999999,217,226,231,PM,PM,75.0,45.475,46.69766666666666,68.75625000000001,48.129375,1856.875,1676.81625,1.107381324578647,1475.25,20.0,0.6666666666666666,-4.199999999999818,2.9299999999999855,False,0,1,217,231,speed_mph,True,D7_I405_S,S,59.0,0.3188,False,PeMS_average_weekday,state_transition__PeMS::D7_I405_S::L405S-231__2025-10-01__317,1676.81625,68.75625000000001,0.3188,PeMS_average_weekday,L405S-231,4,False,PM,measured,1.25,1856.875,1.107381324578647,48.129375,45.475,2025-10-01 18:05:00,2025-10-01 18:50:00,2025-10-01 19:20:00
state_transition,PeMS::D7_I405_S::L405S-234,2025-10-01,2025-10-01 15:00:00,2025-10-01 16:40:00,2025-10-01 19:35:00,2025-10-01 19:30:00,46.4,post_qc,0,46.4,46.4,46.72631578947368,post_qc,0,46.72631578947368,46.72631578947368,180,200,234,MD;PM,PM,275.0,39.30526315789474,43.01090909090908,66.41896528186905,46.493275697308334,5881.705263157895,1291.3802290931148,4.55458828519342,1294.042105263158,160.0,0.41935483870967744,-40.42105263157896,7.421052631578938,False,0,7,180,234,speed_mph,True,D7_I405_S,S,60.0,0.2355,False,PeMS_average_weekday,state_transition__PeMS::D7_I405_S::L405S-234__2025-10-01__318,1291.3802290931148,66.41896528186905,0.2355,PeMS_average_weekday,L405S-234,5,False,PM,measured,4.583333333333333,5881.705263157895,4.55458828519342,46.493275697308334,39.30526315789474,2025-10-01 15:00:00,2025-10-01 16:40:00,2025-10-01 19:35:00
state_transition,PeMS::D7_I405_S::L405S-336,2025-10-01,2025-10-01 07:15:00,2025-10-01 08:20:00,2025-10-01 09:50:00,2025-10-01 09:45:00,48.94736842105265,post_qc,0,48.94736842105265,48.94736842105265,50.69473684210528,post_qc,0,50.69473684210528,50.69473684210528,87,100,117,AM,AM,155.0,37.315789473684205,42.71544991511037,70.035845536502,49.0250918755514,3382.715789473684,1489.896730487227,2.2704364136482575,1316.463157894737,80.0,0.7333333333333333,159.9157894736843,13.378947368421073,True,0,5,87,117,speed_mph,True,D7_I405_S,S,33.0,0.0112,False,PeMS_average_weekday,state_transition__PeMS::D7_I405_S::L405S-336__2025-10-01__319,1489.896730487227,70.035845536502,0.0112,PeMS_average_weekday,L405S-336,5,False,AM,measured,2.5833333333333335,3382.715789473684,2.2704364136482575,49.0250918755514,37.315789473684205,2025-10-01 07:15:00,2025-10-01 08:20:00,2025-10-01 09:50:00
state_transition,PeMS::D7_I405_S::L405S-336,2025-10-01,2025-10-01 17:05:00,2025-10-01 17:35:00,2025-10-01 18:25:00,2025-10-01 18:20:00,50.60526315789473,post_qc,0,50.60526315789473,50.60526315789473,49.75263157894737,post_qc,0,49.75263157894737,49.75263157894737,205,211,220,PM,PM,80.0,42.12105263157896,45.76414473684211,70.035845536502,49.0250918755514,1885.8000000000002,1489.896730487227,1.2657253092859024,1416.1894736842105,40.0,0.5714285714285714,27.9157894736843,7.631578947368411,True,0,2,205,220,speed_mph,True,D7_I405_S,S,33.0,0.0112,False,PeMS_average_weekday,state_transition__PeMS::D7_I405_S::L405S-336__2025-10-01__320,1489.896730487227,70.035845536502,0.0112,PeMS_average_weekday,L405S-336,5,False,PM,measured,1.3333333333333333,1885.8000000000002,1.2657253092859024,49.0250918755514,42.12105263157896,2025-10-01 17:05:00,2025-10-01 17:35:00,2025-10-01 18:25:00
state_transition,PeMS::D7_I405_S::L405S-392,2025-10-01,2025-10-01 08:25:00,2025-10-01 08:50:00,2025-10-01 09:30:00,2025-10-01 09:25:00,50.19000000000001,post_qc,0,50.19000000000001,50.19000000000001,49.89500000000001,post_qc,0,49.89500000000001,49.89500000000001,101,106,113,AM,AM,65.0,39.47,44.92192307692307,71.50049999999999,50.05034999999999,7145.0,7142.391,1.0003652838384234,6507.6,35.0,0.5,101.39999999999964,10.425000000000011,True,0,5,101,113,speed_mph,True,D7_I405_S,S,67.0,0.2964,False,PeMS_average_weekday,state_transition__PeMS::D7_I405_S::L405S-392__2025-10-01__321,7142.391,71.50049999999999,0.2964,PeMS_average_weekday,L405S-392,1,False,AM,measured,1.0833333333333333,7145.0,1.0003652838384234,50.05034999999999,39.47,2025-10-01 08:25:00,2025-10-01 08:50:00,2025-10-01 09:30:00
state_transition,PeMS::D7_I405_S::L405S-392,2025-10-01,2025-10-01 11:25:00,2025-10-01 17:25:00,2025-10-01 21:05:00,2025-10-01 21:00:00,51.61000000000001,post_qc,0,51.61000000000001,51.61000000000001,50.775000000000006,post_qc,0,50.775000000000006,50.775000000000006,137,209,252,MD;PM;NT,PM,580.0,10.245,22.866336206896555,71.50049999999999,50.05034999999999,49030.3,7142.391,6.864689989668727,4769.7,210.0,0.7073170731707317,2040.0000000000005,40.53000000000001,True,0,2,137,252,speed_mph,True,D7_I405_S,S,67.0,0.2964,False,PeMS_average_weekday,state_transition__PeMS::D7_I405_S::L405S-392__2025-10-01__322,7142.391,71.50049999999999,0.2964,PeMS_average_weekday,L405S-392,1,False,PM,measured,9.666666666666666,49030.3,6.864689989668727,50.05034999999999,10.245,2025-10-01 11:25:00,2025-10-01 17:25:00,2025-10-01 21:05:00
state_transition,PeMS::D7_I405_S::L405S-417,2025-10-01,2025-10-01 06:00:00,2025-10-01 07:55:00,2025-10-01 13:15:00,2025-10-01 13:10:00,51.72999999999999,post_qc,0,51.72999999999999,51.72999999999999,50.28500000000001,post_qc,0,50.28500000000001,50.28500000000001,72,95,158,AM;MD,AM,435.0,18.885,28.287988505747126,68.75525,48.128675,42243.55,7507.872,5.626567687888127,5764.5,310.0,0.5573770491803278,1083.6000000000004,31.40000000000001,True,0,3,72,158,speed_mph,True,D7_I405_S,S,86.0,1.0712,False,PeMS_average_weekday,state_transition__PeMS::D7_I405_S::L405S-417__2025-10-01__323,7507.872,68.75525,1.0712,PeMS_average_weekday,L405S-417,1,False,AM,measured,7.25,42243.55,5.626567687888127,48.128675,18.885,2025-10-01 06:00:00,2025-10-01 07:55:00,2025-10-01 13:15:00
state_transition,PeMS::D7_I405_S::L405S-425,2025-10-01,2025-10-01 08:00:00,2025-10-01 08:30:00,2025-10-01 09:15:00,2025-10-01 09:10:00,47.27368421052632,post_qc,0,47.27368421052632,47.27368421052632,58.47894736842105,post_qc,0,58.47894736842105,58.47894736842105,96,102,110,AM,AM,75.0,26.13684210526316,39.3080701754386,67.75849259270203,47.43094481489142,1568.8947368421052,1328.7339200953202,1.1807441001653336,1281.0,25.0,0.25,11.210526315789366,32.34210526315789,False,0,5,96,110,speed_mph,True,D7_I405_S,S,51.0,0.051,False,PeMS_average_weekday,state_transition__PeMS::D7_I405_S::L405S-425__2025-10-01__324,1328.7339200953202,67.75849259270203,0.051,PeMS_average_weekday,L405S-425,4,False,AM,measured,1.25,1568.8947368421052,1.1807441001653336,47.43094481489142,26.13684210526316,2025-10-01 08:00:00,2025-10-01 08:30:00,2025-10-01 09:15:00
state_transition,PeMS::D7_I405_S::L405S-425,2025-10-01,2025-10-01 12:10:00,2025-10-01 14:55:00,2025-10-01 20:15:00,2025-10-01 20:10:00,50.69473684210528,post_qc,0,50.69473684210528,50.69473684210528,48.01052631578948,post_qc,0,48.01052631578948,48.01052631578948,146,179,242,MD;PM;NT,MD,485.0,12.005263157894737,23.680629408572976,67.75849259270203,47.43094481489142,8300.026315789473,1328.7339200953202,6.246567646285458,926.0526315789474,310.0,0.5081967213114754,221.21052631578948,36.00526315789474,True,0,4,146,242,speed_mph,True,D7_I405_S,S,51.0,0.051,False,PeMS_average_weekday,state_transition__PeMS::D7_I405_S::L405S-425__2025-10-01__325,1328.7339200953202,67.75849259270203,0.051,PeMS_average_weekday,L405S-425,4,False,MD,measured,8.083333333333334,8300.026315789473,6.246567646285458,47.43094481489142,12.005263157894737,2025-10-01 12:10:00,2025-10-01 14:55:00,2025-10-01 20:15:00
