sample,period,pollutant,method,N,R2,RMSE,bias_pct,WAPE_pct,MAE,N_blocks,N_dates,R2_lo,R2_hi,RMSE_lo,RMSE_hi,MAE_lo,MAE_hi,bias_pct_lo,bias_pct_hi,WAPE_pct_lo,WAPE_pct_hi
All average-weekday profiles,All,CO2,M,1246,0.9881531855142371,227633.47019899453,4.875714431363298,6.758686529412498,57434.99987175659,393,12,0.9836947364203531,0.9953574660588529,100547.79786162429,358930.8886984393,42195.073497217374,81238.69828748045,3.6418834597147476,6.1761264681775305,5.778481382941763,7.716790684296877
All average-weekday profiles,All,CO2,S,1246,0.9975986751217848,102485.11325874667,-0.9716121276818201,4.378644377745351,37209.513739074486,393,12,0.9937886496103487,0.9986718435934725,81630.06516784147,124221.68146980758,30942.210629098623,44799.54061664299,-1.6711568998478963,-0.32585888361202126,3.6835563057226506,5.1373940417984665
All average-weekday profiles,All,NOx,M,1246,0.9578345309716033,588.2378840321928,11.139119504095829,12.590419441161076,146.84287284048904,393,12,0.9433655129178783,0.9822197603674757,268.50859421315084,907.6621236434739,105.69895730194357,202.54193062614252,9.088489253519269,13.1255178652046,10.820663919672286,14.305053410062794
All average-weekday profiles,All,NOx,S,1246,0.9948960047774863,204.65843677394906,-1.4331226642334438,6.322927148081865,73.74470656236042,393,12,0.9857487861886575,0.9970816024461022,160.8932882689475,248.2267276204025,60.95635176034021,88.83668198863614,-2.3743534443694165,-0.5390144675110644,5.27997403176138,7.481887707469061
All average-weekday profiles,All,CO,M,1246,0.9764948744405443,2053.4356315257805,4.787966564100943,9.011590589651451,506.20323599421835,393,12,0.9676149864934108,0.990334566830251,940.3159612582485,3220.11173042658,362.6585332030517,714.6205045182525,2.5492841643305586,6.906136465946596,7.662335161820057,10.377313535687744
All average-weekday profiles,All,CO,S,1246,0.9948832592011445,958.0683968141607,-1.3806102445819257,5.596810772043517,314.3866441634814,393,12,0.9872746359838437,0.9974031892399459,680.7148504861412,1252.095604040063,256.7062530971556,387.5502367736751,-2.372019117879649,-0.43159690779129295,4.671181797017735,6.619540382474892
All average-weekday profiles,All,HC,M,1246,0.9951924742405168,40.52130559162796,0.14331876846460645,4.768348471301719,11.375139298125744,393,12,0.9911406635388765,0.99673615727741,24.377922437112048,59.32836182419876,8.575467988232804,15.03175532559761,-1.0440106529642772,1.2984458520220525,4.050691421284413,5.469798462058237
All average-weekday profiles,All,HC,S,1246,0.9983899109537748,23.450254888859448,-0.8305250697093203,3.432802292426068,8.189125541953516,393,12,0.9958319519456037,0.9992175847585282,17.979016928566192,29.067477885543173,6.783158744651811,9.928093426829795,-1.4098490394238286,-0.23393438473221287,2.894119738411987,4.0467691755315744
All average-weekday profiles,AM,CO2,M,327,0.9915828263016625,168784.25353415136,5.0026840255976035,6.597611351918562,47305.058946171055,327,12,0.9847315570451767,0.9987077239259508,59534.91443379193,277330.3341463678,34558.27837481206,66996.63755425102,3.5814145282416083,6.730065136884886,5.203960092808151,8.091902806433097
All average-weekday profiles,AM,CO2,S,327,0.9972049238854596,97262.53891663022,-1.045453975260091,5.117317295984736,36691.30893295557,327,12,0.9865884692190997,0.9989483096882978,51577.04737613777,149298.98473351097,28940.58183858531,47460.720237217036,-2.20110114228773,0.33262519972340454,4.192931696886011,6.042577719512423
All average-weekday profiles,AM,NOx,M,327,0.9639810734609379,471.768699817554,11.015755624891543,12.557409012221328,123.93038338299814,327,12,0.9398715376366583,0.9890330217398431,154.2896931009765,756.7672105466926,86.55625987870054,173.58125013348135,8.508680012818044,13.582788858815874,10.4992011261108,14.919762456112547
All average-weekday profiles,AM,NOx,S,327,0.9934449644427918,201.2571260842903,-1.5689275119209811,7.4523047685204915,73.54757547124893,327,12,0.9747543496179301,0.9977450716819298,102.6981320430028,306.02516256834986,57.30511979527589,98.03467053654282,-3.4239290594771443,0.26164953213235387,6.173946103997764,8.905964696743467
All average-weekday profiles,AM,CO,M,327,0.9826537993815189,1562.6026954102665,4.838263983835089,8.395550194112298,398.50437857088934,327,12,0.9639418777968553,0.9976141705686673,543.2405513550796,2866.683815636199,279.7334055050601,592.9715523995972,2.1189152398107427,7.531514631448916,6.3700887097624825,10.643616327442198
All average-weekday profiles,AM,CO,S,327,0.9898478197961245,1195.4352165203745,-2.2133400471217146,7.396882835467824,351.1014918089542,327,12,0.9632080680764348,0.9972330215988148,534.7268885055807,1906.231628243891,250.4245374058266,492.50373007231826,-4.453000347349856,0.10613438490925424,5.7928743848359625,9.041463595638508
All average-weekday profiles,AM,HC,M,327,0.9964828929432465,30.895974993623916,0.18641141096109592,4.430150942293961,8.92738110035162,327,12,0.9919019278795875,0.9971854880834307,11.38289019297404,48.16963008307698,6.196535502932813,12.738188475747728,-1.4311620531373404,1.5946951917794498,3.8140789931473655,5.107068590802632
All average-weekday profiles,AM,HC,S,327,0.9972404789703938,27.366922667916455,-1.146186442018926,4.381381996132977,8.829104772092657,327,12,0.9882990344514088,0.9993382392917114,12.848859391945158,41.67080848445646,6.529420228729147,11.898858125982077,-2.206691715614487,0.049403985740217135,3.428046397453638,5.359820948261437
All average-weekday profiles,MD,CO2,M,272,0.9775279065552664,392894.7019063875,9.133308284241748,10.009980451866877,111229.08448754108,272,12,0.9734173305298633,0.9886549445310702,165635.74354810535,615265.6660572386,76664.37293068638,159822.95060270187,7.453877743760314,10.87429130525815,8.58881086948336,11.553188297652225
All average-weekday profiles,MD,CO2,S,272,0.9978204253920381,122360.22764737537,-2.2588179136478925,4.65833467899877,51762.568775542655,272,12,0.9900774998231565,0.9991915598226789,92853.25015788211,150928.30714363724,39679.007702966526,66185.43154764091,-3.7960199081890917,-1.1162710889069614,3.2357099301964682,6.473364743188498
All average-weekday profiles,MD,NOx,M,272,0.9172719661951545,994.7867385923879,19.11605691524865,19.894501311700566,294.6530052013524,272,12,0.9077790524064819,0.943321604586662,416.1729602050336,1497.372585092304,197.86539365919666,414.466558132521,16.036668659632603,21.65019863371164,16.905629485366795,22.22019179480631
All average-weekday profiles,MD,NOx,S,272,0.9951610578831644,240.59070755452626,-3.425514039472377,6.8554191980410195,101.5340790387053,272,12,0.9766053930381502,0.9982731845412656,176.78254605676895,294.0513199938625,75.76839965817643,129.36031065957525,-5.560654899496987,-1.4701512783573525,4.626749096801542,9.260750578375832
All average-weekday profiles,MD,CO,M,272,0.9570950088742775,3405.911982126715,10.86552633125779,13.121314358732624,947.3246054919612,272,12,0.9499002490986687,0.9768953218182088,1374.4059496392674,5236.683626361185,632.2858606201044,1422.6588384722318,7.765063330503004,13.599366724584533,10.882083378956535,14.868524984160334
All average-weekday profiles,MD,CO,S,272,0.9973244927569964,850.5161756406761,-2.1829802970886325,4.987631135490647,360.0939333202954,272,12,0.9899969856016108,0.9989272743307366,640.4968221579314,1065.733152642204,277.18390478235045,451.54078881499083,-3.8496995360020234,-0.9546005180332795,3.5337344548603893,6.730429503618091
All average-weekday profiles,MD,HC,M,272,0.99385397642101,58.45717013716549,2.5893357703026476,5.425827079630454,17.182550739124263,272,12,0.9920371936422347,0.9976618703613925,23.43241343618125,92.95938654212448,11.831452133356487,24.973492813217987,1.0064793110181813,3.9380861845340425,4.466864882503641,6.36025858761928
All average-weekday profiles,MD,HC,S,272,0.9991689107314101,21.496339572520505,-1.3378469915818703,3.07632465863709,9.742128483138295,272,12,0.9955196179512459,0.9996532110503563,16.49195270686625,27.037571225079397,7.510677439303487,12.255752470321687,-2.4296992720923494,-0.5507405989621552,2.256959956740718,4.30374544776522
All average-weekday profiles,NT,CO2,M,363,0.9992016584568308,58046.9330805111,0.6457614526088618,2.398144372822597,21337.765706068796,363,12,0.9977385041360302,0.9995934202615948,43034.43017806088,72134.36329818278,16602.438709912603,27151.021419547124,-0.06009591673085233,1.477283780366606,1.91654817708863,2.9863585813515323
All average-weekday profiles,NT,CO2,S,363,0.9984118179304822,81871.93566325631,0.9365521660191112,2.9285357890930026,26056.984407471442,363,12,0.996942298485447,0.9991803301057565,53694.73710716526,109345.91956184822,18299.423083735594,33820.20926273919,-0.0011557670388650716,1.6055298054255354,2.2585113889926687,3.5793432155898235
All average-weekday profiles,NT,NOx,M,363,0.9982316707257818,126.0183998772266,1.7182315923301994,3.621856391421975,46.90112742625718,363,12,0.9951915504896062,0.9990191498041445,94.41314887479895,150.53521353344277,35.19463084834704,58.108610833481926,0.7320251027308872,2.7651365344472754,2.8714197022512673,4.5453787810380355
All average-weekday profiles,NT,NOx,S,363,0.9970323053633862,163.2533111219923,1.2041526125496693,4.03351786403803,52.23192608226519,363,12,0.9943000300974802,0.9985568006794794,109.06946296473222,216.22722055277524,37.380563924603415,68.2498949001946,0.07467912904275566,2.33584617307723,3.1660650476299446,4.899122876223067
All average-weekday profiles,NT,CO,M,363,0.9969169322725113,748.5272175959037,0.0981875020245937,3.8830001337119477,227.6989130434191,363,12,0.9901193952293683,0.998929037017131,425.37357726954997,1018.3800992862135,161.11941685312107,304.19673010201643,-1.2673414685230282,1.3742728251513963,2.8904268323468294,5.108707353774806
All average-weekday profiles,NT,CO,S,363,0.996007823255498,851.7672627865862,-0.02072179324988932,4.2467252119302605,249.02773150981741,363,12,0.9877327595791654,0.9983351984863663,504.02776702775395,1155.9213676150905,178.84240271132307,336.95424598152493,-1.7137564378066554,1.3650168796739257,3.1070977278206278,5.50782005132036
All average-weekday profiles,NT,HC,M,363,0.9989146551185071,18.12002160470336,-0.6682739098864743,2.3939942668729093,5.729687604443584,363,12,0.9964244980125767,0.9996151418152799,10.25183388516474,24.381324947396944,3.984267441992444,7.630474142855646,-1.459078413663723,-0.041508463049496215,1.7183205140976887,3.107959753326743
All average-weekday profiles,NT,HC,S,363,0.9985678597714244,20.81457760210669,0.14456067591748223,2.6125112924410763,6.252677283275709,363,12,0.9962624815749477,0.9993844649640166,12.928708580399649,26.73197858102876,4.397608022868824,8.103977584802164,-0.7935579713098735,0.8072923192514647,1.8802169961322366,3.406670324372156
All average-weekday profiles,PM,CO2,M,284,0.9867931871502627,205878.68322070086,5.12483087714235,9.08582263941635,63715.97053836838,284,12,0.9833677336113055,0.991663043146302,96558.56727988855,317927.03632689675,45476.976207173735,86444.92813074906,2.6233453667224627,7.1682371954214945,7.895107505016682,10.172576117894815
All average-weekday profiles,PM,CO2,S,284,0.9961732429710869,110822.46717320065,-2.0257666225872217,5.436275010683348,38122.85933433309,284,12,0.9846795909145725,0.9985471483931949,70345.95733750737,146958.15533554912,27182.055866142302,50741.150494488335,-3.875632419478876,-0.076452364103188,4.241178143480279,7.107519832562986
All average-weekday profiles,PM,NOx,M,284,0.948761731114092,542.0053713832652,16.01030305373998,17.57527929069327,159.40231522010484,284,12,0.9394098992038323,0.9653456553352853,229.4161430791679,909.2610332132658,106.94199633406821,224.62741652697304,13.101108899905865,18.251197261973925,15.249491276988985,19.620971466953268
All average-weekday profiles,PM,NOx,S,284,0.9916937938181913,218.2266168621441,-2.9597407939068843,8.253147566486781,74.85348074370621,284,12,0.9644866570437711,0.9969181665181546,135.6617274952193,289.2664495202182,54.15557230069407,100.00759330248238,-5.661745360933863,-0.10946783921324922,6.358796646792897,10.850745638948098
All average-weekday profiles,PM,CO,M,284,0.9702030078537115,1965.1770509993185,3.289172336138413,11.818806655574113,563.7017680547203,284,12,0.9520024373071724,0.9806534052916961,878.1568301677715,2993.494617668994,360.872933588997,799.3845940163015,-1.4723732285364706,6.843020297203511,9.63800348936748,13.966654298372704
All average-weekday profiles,PM,CO,S,284,0.9941243375270874,872.6576305799581,-1.4001845872295027,6.538935027160485,311.8766000175552,284,12,0.9802932190180552,0.9979798108788441,513.8490581804051,1169.5886373735268,226.32546766724758,410.25341676689214,-3.2992243814228104,0.5551060280104962,5.200228129227277,8.22277871881966
All average-weekday profiles,PM,HC,M,284,0.9906592054361425,49.11490068812485,-2.308696816106015,7.716027941165014,15.847322338714344,284,12,0.9558431365775253,0.9962722014833107,30.314775616356524,64.88416579725784,11.086659134517586,21.429519329714427,-5.637224068328176,0.3437712279301935,5.6515609497849715,10.270799668902859
All average-weekday profiles,PM,HC,S,284,0.9978548917098008,23.536721610987893,-1.1770898377088113,4.109405169917151,8.439973111116494,284,12,0.9921105770258318,0.9992120701552561,15.750828503735812,31.30210842960958,6.29536535040504,11.249207701743268,-2.3249909650238214,0.22295404369226482,3.1940246893500195,5.226266427418342
I10 monthly average weekday,All,CO2,M,151,0.8756902437551757,167645.86185110375,4.068289953913928,7.482817539960242,114537.44124869844,50,11,0.8271167936443578,0.915244737756076,138458.82857452304,189259.89774420531,93517.39408358978,133343.96886840335,2.5497958218930945,5.729734139800695,6.204831966483943,8.62284835255052
I10 monthly average weekday,All,CO2,S,151,0.8747212075848987,168298.02117974195,-3.395173206605828,7.018012850767816,107422.80301300788,50,11,0.8252778888173689,0.915851998214195,132454.52026003163,195883.31878368778,84478.96313497028,128568.76875103424,-5.202539619224969,-1.3476493458807428,5.731258130028323,8.009075747614574
I10 monthly average weekday,All,NOx,M,151,0.6878689025212146,380.6952095242454,11.076631151962912,13.035410836713925,268.14321677280515,50,11,0.553616789184809,0.7857514853384445,312.6472191706364,438.02620009983275,220.3581771547047,323.2694219128652,8.521234788372645,13.608715547187847,10.846363107208184,15.286551427653615
I10 monthly average weekday,All,NOx,S,151,0.7630525276391189,331.69195060448317,-5.0917739738147505,10.374012417871793,213.397268058059,50,11,0.6625883531682759,0.8428903556930948,262.4817298680121,393.9902482444874,169.39137143450532,260.54816665288126,-7.713250132283761,-2.5250501452703764,8.507961199367443,12.079475905889437
I10 monthly average weekday,All,CO,M,151,0.7105993728895663,1913.6668245672968,-0.4664721242343073,10.835311211595497,1155.03197501881,50,11,0.5407395608940331,0.8190524125459754,1419.1422749903504,2368.531458936313,876.8182011149747,1478.227084455697,-3.511126422579626,2.6349268182462886,8.72163732985582,13.066734898062819
I10 monthly average weekday,All,CO,S,151,0.811899246696373,1542.8079264098428,-4.044840632644419,8.329624656513188,887.9286095522416,50,11,0.6393152298358766,0.9161179704586724,993.1883295019112,2078.9094298492478,666.6705077488476,1179.1802061812732,-6.95597432045498,-1.3309021951697528,6.350454791028938,10.949363377520339
I10 monthly average weekday,All,HC,M,151,0.7749028175797605,70.44782584053497,-2.2842075303815434,8.447732323175483,37.310768565577085,50,11,0.663393499231139,0.8765866058595938,46.242596275632245,90.01961179940204,26.606756636709928,49.706685533583105,-5.054551162588945,0.39456047236117503,6.450578851150202,10.414643386569253
I10 monthly average weekday,All,HC,S,151,0.9328134068407097,38.48786981709148,-2.7652365056047956,5.530220654375719,24.42510901841942,50,11,0.8838201413950395,0.964489357525973,28.087930544358095,48.649256249755844,18.714640166750304,30.165171690136912,-4.4522309856831574,-1.2001167081186193,4.4523344288728905,6.763344958490326
I10 monthly average weekday,AM,CO2,M,50,0.8968083604462537,109256.53606425173,3.83512196699487,5.727537572153337,80989.57097683077,50,11,0.8322071841100496,0.9416030872263158,84803.35879632374,132938.35532621774,62597.434165748244,103430.2095567425,2.196449078778793,5.575005922487727,4.372489882210093,7.15037905075632
I10 monthly average weekday,AM,CO2,S,50,0.9238229836660937,93872.23326969352,1.1573724074817715,4.325843622643701,61169.08264628898,50,11,0.8788962499642158,0.9587669602230852,70059.59220508518,115542.73029400247,43890.82569627811,80092.5924068052,-0.5080761180383699,2.823990481452932,3.181011617908491,5.51006305636451
I10 monthly average weekday,AM,NOx,M,50,0.6596495626722054,266.9972774068555,7.169365839711794,9.521061787591892,192.000165001231,50,11,0.45452737430262036,0.7898605376378123,218.12688997939816,313.5941823127046,143.74957714237277,239.9951733283296,4.278170248137435,9.832693573577396,7.286616202244872,11.877538417709644
I10 monthly average weekday,AM,NOx,S,50,0.827391329880194,190.14065236019727,1.4682150985589004,6.155812487336897,124.13710147597496,50,11,0.6956138706566288,0.9069358126856871,142.4111117120958,236.2209288651372,86.78987139013792,164.57130154681423,-1.3135156609309013,3.71549070943198,4.468100144185547,7.9272266999140415
I10 monthly average weekday,AM,CO,M,50,0.6122311101752494,1358.5182989942095,3.1868530772097836,9.324797566655286,869.7620994531203,50,11,0.3001425159478469,0.8311749710324602,886.5563903966315,1880.6205271106382,604.0745767672714,1185.4056475582838,-0.9721306353495557,6.802867361455288,6.660759019968065,12.377194818981438
I10 monthly average weekday,AM,CO,S,50,0.667834313925654,1257.3506022185638,-0.8325551809506226,7.190111184094747,670.6511486257117,50,11,0.260741813220745,0.8897566029645552,695.3757138949144,1884.710566909811,427.5124351039502,1018.959211272269,-5.172817958013941,2.723815477491375,4.734632725429224,10.652520995160737
I10 monthly average weekday,AM,HC,M,50,0.9127970427891934,28.029906800634443,0.487567807923206,4.437004982901522,17.202512430109053,50,11,0.8034839040380287,0.9699788354185845,16.862831341477968,39.16986206786508,11.913326634628962,23.56626945806763,-1.7553011557289366,2.374779897847386,3.122959983913266,6.1073064387615
I10 monthly average weekday,AM,HC,S,50,0.9013794176129796,29.808479845388685,-0.25280550489629183,4.321142787613584,16.753308324569126,50,11,0.7791769889761909,0.9678105384553454,17.311134355750408,42.33129134202568,10.503184669370246,23.889734215502713,-2.5997179359233895,1.645974493042311,2.779664130594692,6.176270072132962
I10 monthly average weekday,MD,CO2,M,26,0.7805998565839446,220731.0889940829,7.877723808316106,7.98541643180179,157356.2965749099,26,11,0.5083426968023741,0.9247746785305893,148073.35296502072,286513.9954290708,98280.04973401995,221459.7819134607,5.015529839787287,10.789247706521543,5.228855272230484,10.860638311623273
I10 monthly average weekday,MD,CO2,S,26,0.5653592337313302,310677.8429728893,-7.8284474599993,12.338517189396734,243136.14533829087,26,11,0.22625971353103796,0.6941110764984575,230758.85054428308,384503.7979740574,176232.54878698284,322673.8975218742,-12.863634070668258,-2.0914028821784547,9.42610204461049,15.388194725259337
I10 monthly average weekday,MD,NOx,M,26,-0.5167475649281601,582.3110268244266,16.635858523483794,16.635858523483776,428.97352380391436,26,11,-1.820507385487942,0.1932294698312034,412.0902337092947,739.3257544526143,297.82675722982117,591.2287644850885,11.921081283443284,22.365604344953212,11.921081283443275,22.36560434495321
I10 monthly average weekday,MD,NOx,S,26,-0.6664079620549814,610.3641636432143,-12.246490534449894,18.66948149772879,481.41268179020096,26,11,-1.9023558179365119,-0.029556719191802923,447.8505832782091,753.5771830772577,340.7104615869943,640.8729308614438,-18.988511276857196,-4.906633321329861,13.866897018361275,23.60794740712428
I10 monthly average weekday,MD,CO,M,26,0.8437659383881513,1531.1573737996075,1.5276734895731447,8.363876342829123,1176.0830924132586,26,11,0.7277618279492116,0.9020545811238662,1138.1287218404518,1907.160953356966,805.4977198167949,1601.922529969562,-2.887151777162104,5.618003201953015,6.317658226327032,10.278987806454657
I10 monthly average weekday,MD,CO,S,26,0.7482992195498982,1943.4539282316268,-6.6031077570422365,10.474075840116084,1472.8079420705506,26,11,0.3843213008696427,0.8911875158819941,1337.3568535583129,2598.175725722086,1034.117552084911,1992.827097856621,-11.27222433922777,-2.5421989319838025,6.756770019154437,14.60421769588391
I10 monthly average weekday,MD,HC,M,26,0.8569906400710801,63.42254196353958,-0.022262852650356546,7.963062179842007,46.36573785370933,26,11,0.7723664353178187,0.8993481858505924,44.03105328247178,83.54774396769616,31.750948780268978,66.24076449806857,-4.440879023873308,4.274627055880594,5.960596072306621,10.203520427092176
I10 monthly average weekday,MD,HC,S,26,0.9130201192292677,49.46190250311219,-4.382950676787944,7.426696879046694,43.242696444657454,26,11,0.8313673402141429,0.9489889165629128,38.799100001067636,60.674136702744,34.36614801205508,53.25215942133988,-6.785017037061574,-1.6544852045034784,6.077517282835876,8.842431161576643
I10 monthly average weekday,NT,CO2,M,49,0.8955316144891058,130783.62877015323,2.6219006589785376,5.179098425116033,83566.8891536404,49,11,0.7605647833115401,0.9560530366526786,93387.02180495665,164071.91479370426,56085.08283162905,112095.90595357252,0.6054226995346335,4.713764486110396,3.573288349799642,6.819453379937793
I10 monthly average weekday,NT,CO2,S,49,0.9347422834839689,103365.80191731127,-1.39624697213796,3.803736760578548,61374.861442949536,49,11,0.866433890090063,0.9733002836458916,70082.76444744662,129990.3306498339,39470.1327069226,86542.38511255634,-2.9255316545585246,0.25454429779919596,2.4852778911797193,5.216194511592171
I10 monthly average weekday,NT,NOx,M,49,0.7700002761338027,285.2180211848006,4.5184111450049524,7.723203082924412,180.09689730155165,49,11,0.5823439212190694,0.8871572896720697,211.70202748675368,346.43411772749135,120.82946328934634,241.76833494517902,1.5869691992438841,7.745156099233168,5.349824706289809,10.367135729763717
I10 monthly average weekday,NT,NOx,S,49,0.8709351978877953,213.6570437850947,-2.1144662512957657,5.416037619117686,126.29624786484779,49,11,0.7595397020077507,0.9446474659528992,143.12099902815265,267.32217720388735,77.44487992580649,173.37431364259405,-4.652831464459889,0.3597442009580754,3.468308667001255,7.513199327829292
I10 monthly average weekday,NT,CO,M,49,0.6308784108391945,1835.30112559176,0.5205730424269861,8.88729028978511,959.6536967315386,49,11,0.2972499066309214,0.8813084376627828,937.6705953568066,2659.083256801816,561.9006705552049,1490.8112219157351,-3.972132788001328,5.111598985147975,5.298175647457988,13.044410836191194
I10 monthly average weekday,NT,CO,S,49,0.6581045109088317,1766.3196194908717,-4.588782506186783,7.325518669450621,791.0128782103922,49,11,0.33410953376138136,0.9309381099932897,741.5186289767519,2679.2182470907824,413.0998092721867,1264.6412151583359,-9.356161185592356,-0.921800880426972,3.9995877875953894,11.33262680072017
I10 monthly average weekday,NT,HC,M,49,0.8652650032861176,41.44435098153677,-0.30757744723731717,5.223149048843096,23.01967904231334,49,11,0.7107495175113054,0.958716092473732,22.730399531725286,58.9897727215173,14.69614619111028,34.35628700250891,-2.8795951852475308,2.1323357003808434,3.3711989858995666,7.568457113985191
I10 monthly average weekday,NT,HC,S,49,0.8693664484755484,40.80867574399001,-2.5824972072656105,4.369752407209651,19.258553981074417,49,11,0.6761584261366713,0.9725499656010219,18.889242736535376,60.2003000722716,10.610159767271366,30.703240232667248,-5.104676570858489,-0.28698149592407335,2.476206365812387,6.706409378435869
I10 monthly average weekday,PM,CO2,M,26,0.6864683904046593,243542.3494768428,1.9333059058895596,16.791594605666045,194601.30000907264,26,11,0.5588325155858862,0.7690921910148739,177259.15455891757,301978.17411001987,138462.68588559487,250055.77188711404,-6.008570266399004,9.88781688569794,12.844710399436783,20.821867018712247
I10 monthly average weekday,PM,CO2,S,26,0.8366851937797696,175770.74980558528,-11.78429660887902,12.722316210575793,147441.5820442174,26,11,0.7352014813244394,0.8864655304928866,134575.11496562517,212074.23014464666,109997.8517916941,183396.61439787253,-14.302314285105806,-8.875337932657848,10.571882423515332,14.617030250135066
I10 monthly average weekday,PM,NOx,M,26,-2.4716150649979594,460.6651473189043,38.137785875664164,38.317354713802736,419.6753036905474,26,11,-5.990435506008918,-1.130764959972706,400.3458278552919,518.8280123150412,351.79835123420366,483.7687662140982,31.765942105388095,44.37731080772231,32.318188012825196,44.377310807722296
I10 monthly average weekday,PM,NOx,S,26,-0.8135423099082733,332.95337373512064,-23.420882637642382,25.673128910977645,281.1879435017458,26,11,-2.0802804483326773,-0.3407105381735314,258.83577490968094,414.80403481689797,208.8942513493462,354.30468458170554,-28.80855075514901,-16.77024489554746,20.313214105618723,30.16187476212621
I10 monthly average weekday,PM,CO,M,26,0.4324559333148881,3004.4706000621372,-12.354893713164493,21.450886570589972,2050.789681253621,26,11,0.12808487924523457,0.6858534339929967,1880.4138601175714,3994.7681871144437,1249.1879282063974,3000.8403546940112,-21.800099041110055,-3.193791213931978,14.719885425470322,27.721849965635943
I10 monthly average weekday,PM,CO,S,26,0.9291580112788044,1061.4842069176723,-5.151231872095751,9.45085784453818,903.5394263445905,26,11,0.8835975414383228,0.9506262335151828,850.262349811725,1288.0587379784256,684.6943612661261,1128.9679206875282,-8.018393028993193,-1.1284935389070263,7.714456511058593,11.676822468521069
I10 monthly average weekday,PM,HC,M,26,0.37280121634552454,141.60706339795425,-14.64329345494777,23.082802843496424,93.85872979334201,26,11,-0.004923031371178289,0.6819008229149122,81.64572062604283,188.95901091175998,55.482370478952696,139.97721548922846,-23.88120204961469,-3.429599497568543,15.394069338925824,29.58789570012256
I10 monthly average weekday,PM,HC,S,26,0.9590490965792163,36.18379018937034,-5.428892002288476,7.402029942944254,30.097953573812884,26,11,0.9403881665357193,0.9712404734951828,27.955902065117126,43.67811451401235,22.866684569862986,37.56255659203797,-7.171736032408079,-3.293474529905035,6.26570417414091,8.624374469846668
PeMS released profiles,All,CO2,M,1095,0.9886958584644538,234705.8833179808,5.1011805106593755,6.556479407378404,49560.599280050454,343,1,0.9840922547174538,0.9967051516641648,86133.09097245432,377114.6627060992,32701.312234398276,73980.48631898582,3.6658295892830655,6.5975807305840455,5.4465918809733305,7.658280643032763
PeMS released profiles,All,CO2,S,1095,0.9983489783191852,89697.75449574267,-0.294854325979077,3.6416242872596647,27527.133209061747,343,1,0.9956836217241382,0.999074001608848,61851.40359356627,116730.20936660735,21537.864499911728,35103.19663076892,-0.877777946569794,0.2700045137315224,3.10547054381889,4.354016520475951
PeMS released profiles,All,NOx,M,1095,0.9591500524957327,611.3548169029533,11.15610670790128,12.469450344202945,130.11561080050757,343,1,0.9444443265191691,0.9855617741633105,225.77869415941586,969.2171890882878,84.59117852772148,194.86793340483902,8.684476775224438,13.634803985755791,10.406816748828861,14.637553977945549
PeMS released profiles,All,NOx,S,1095,0.9964490380365507,180.24805918817262,-0.43853321952092017,5.221656130969146,54.4866821003965,343,1,0.9918409720673828,0.9980971270826239,125.35002735561955,223.91262188848634,42.163225801220975,65.60842320995566,-1.2898472636069238,0.36151148855458204,4.427335341290407,6.1465533778937855
PeMS released profiles,All,CO,M,1095,0.9783608677320617,2071.9700872341527,6.357287543912871,8.466907664777672,416.7300491515577,343,1,0.968774255946736,0.9941803397683401,728.7031711867087,3335.3348525526076,264.252463775278,651.4285786813074,4.197690602287957,8.653673314898223,6.723517886313576,10.31952308944667
PeMS released profiles,All,CO,S,1095,0.9963898180646475,846.3073348721367,-0.5848958227311574,4.780612807389322,235.29546902767973,343,1,0.9914394860242082,0.9983096738939831,506.39631910536184,1145.261067171794,182.7335531612964,291.6919141195305,-1.5083516719814996,0.16402662433318677,4.014165221935774,5.6989674267033426
PeMS released profiles,All,HC,M,1095,0.9968769813449976,34.4096332577412,0.8455390987371691,3.703998254008336,7.798627864897292,343,1,0.9959420891086483,0.9989360654476104,11.450040641482945,54.674163578351894,5.341791401676468,11.56325771755349,-0.3072198727630948,2.0533789287152784,3.0752518919505856,4.2136214747161125
PeMS released profiles,All,HC,S,1095,0.9988883043992133,20.52984631057027,-0.2708632839060754,2.8260736174172423,5.9501908342399545,343,1,0.9973271131923847,0.9994817210122139,13.243958770370464,28.29697815008991,4.684406104240247,7.4734047039418385,-0.7506781445055746,0.1857668900983855,2.355483604264017,3.386233644840875
PeMS released profiles,AM,CO2,M,277,0.9918689261720841,177413.90440785582,5.506774606355491,6.973262473597635,41224.82211753211,277,1,0.9848592726005432,0.9992021680796777,48546.10781131295,298131.1244947992,27525.522398563775,65308.37827800273,3.613313677847156,7.449471403458817,5.1075919298733865,8.827604986029014
PeMS released profiles,AM,CO2,S,277,0.9975259941548084,97861.99436837656,-1.9965160814696459,5.459033113751643,32272.938226577702,277,1,0.9847485042482107,0.9994077072830487,41925.11043122233,160757.71192339947,23711.633574536776,46537.080115988945,-3.285610312940049,-0.4031880356570314,4.222662019967349,6.770063883845788
PeMS released profiles,AM,NOx,M,277,0.964460191028903,499.8722168720992,12.763591785101536,13.937154116216954,111.64341919198137,277,1,0.9391755535170202,0.9899101253819137,130.45373096959688,814.4565353254717,70.88517895479815,170.64025376869273,9.727494723294372,16.093927010550956,11.140815331090351,16.97035173393394
PeMS released profiles,AM,NOx,S,277,0.9941272717679442,203.1989252038364,-2.949034046824106,8.04144321185169,64.41589207689405,277,1,0.9690800442213625,0.998489657294601,79.53272252024206,312.13216657909527,47.14848817736833,90.5357019852109,-5.086089047595246,-0.605572665698389,6.308331357824989,10.15138566137491
PeMS released profiles,AM,CO,M,277,0.984150120701517,1596.6641563862152,5.547592537707535,7.9964116803049405,313.4398080145299,277,1,0.9686504219925423,0.9991557827170087,353.0820705479355,2696.860652783162,190.918431208814,512.6438692950644,2.5809620368356105,8.70965868268553,5.115752401180014,10.741482659386444
PeMS released profiles,AM,CO,S,277,0.9912855641358521,1183.9142154447188,-2.8064269211399706,7.485697215863316,293.4210483402254,277,1,0.9709795331203344,0.9986497250366998,367.3486750116732,1946.611090528807,195.4647712452776,456.522411138092,-5.329133738414222,0.18429011447342886,5.456915759257626,9.443147335054105
PeMS released profiles,AM,HC,M,277,0.9968365339514578,31.385443048444237,0.060889628512827976,4.427294182807156,7.43367508414992,277,1,0.9957924951152873,0.9976483905146225,7.820482168866615,49.37710694669848,4.6021953514568175,11.839846914061466,-2.0365546810406876,1.9398173905440979,3.752593231108263,5.056314519548719
PeMS released profiles,AM,HC,S,277,0.9976756822929008,26.90261026880844,-1.5185470120220312,4.406489657477373,7.398743120021094,277,1,0.9906236138878471,0.9996005896799149,9.825158042531731,42.68592964050894,5.03059775569945,10.734831648486953,-2.8484389297497854,0.021424677198430383,3.249452485765241,5.446493702677292
PeMS released profiles,MD,CO2,M,246,0.9778862870859042,406856.0879533655,9.389591136883336,10.423223090945557,106353.8506896891,246,1,0.9733270172070119,0.9897521781381711,151368.94025623714,633822.6598733867,66513.36611697357,153408.80893860452,7.438409346117936,11.22616215585792,8.736934678932267,11.952482529313407
PeMS released profiles,MD,CO2,S,246,0.9991512831871954,79706.06849534191,-1.1219764062348925,3.090698952122264,31536.09320387008,246,1,0.9952872671154891,0.9997578882512532,49457.92979291677,110211.71881662535,23519.11647245851,41238.406738753736,-2.196053739918716,-0.24694956697005693,2.112395888984691,4.584935129505147
PeMS released profiles,MD,NOx,M,246,0.9189744755572028,1028.7634435497941,19.611224612610133,20.545084205118542,280.4565276254719,246,1,0.9083532746986335,0.9459141373961145,471.8677856042958,1638.1801935737096,187.20202427449308,429.72376199336304,16.445189584781446,22.54316500733083,17.956154864939567,23.11032551740133
PeMS released profiles,MD,NOx,S,246,0.9981145986339685,156.93019226357248,-1.6644199939311544,4.4967602920253995,61.3843080161895,246,1,0.9904806265315113,0.9994314166536065,90.2949128899286,210.9285158420321,44.342032216133084,81.74687228949645,-3.5202782071949628,-0.31944908657552673,2.971978059422508,6.4855279035198645
PeMS released profiles,MD,CO,M,246,0.9569067215999519,3546.6168429042814,13.001655646175593,14.209626948572312,923.1468792319868,246,1,0.9492296821845279,0.9775347440404766,1325.0217875368023,5584.499759468487,585.3452429280413,1362.4051000069185,9.929436187964795,15.608353270211277,11.85052354684998,16.424103999263494
PeMS released profiles,MD,CO,S,246,0.9986274418352946,632.9579855983828,-1.1718309458447762,3.732550811681283,242.49001369628465,246,1,0.9931561722265914,0.9995886295480572,414.9318550230229,829.6938340940337,181.30495511158207,310.8193797215648,-2.256688156602293,-0.09847541605555958,2.426769649495882,5.20140199166083
PeMS released profiles,MD,HC,M,246,0.9944441501197188,57.90750235189488,3.1461986374907047,4.884820509855033,14.098148848964865,246,1,0.9925761006239986,0.9989160701297878,16.02061744963118,95.19306661238167,8.778294592163506,22.379680495421724,1.5885895514469268,4.713513541247254,3.6460976452197653,6.030359274432301
PeMS released profiles,MD,HC,S,246,0.99958187854871,15.885862777895944,-0.6885492188975606,2.1487086280950876,6.201418048180982,246,1,0.9979837335345975,0.9998901706121838,9.318344878147029,21.546358771659122,4.516789864389345,8.014540371288888,-1.4731578377830545,-0.06588099173768464,1.3556652895208077,3.2403957602603017
PeMS released profiles,NT,CO2,M,314,0.9997423684854166,35015.71701608119,0.005221186050596849,1.496733660358328,11626.851537498707,314,1,0.9994844854492306,0.9999200085254989,17755.461227819134,58634.757604135855,8582.198969268273,15668.570918559268,-0.5002863166063948,0.47892621921417217,1.1811230331844698,1.8371133314956756
PeMS released profiles,NT,CO2,S,314,0.9987220966963852,77985.260447592,1.6926991909683275,2.644850580196583,20545.595952890464,314,1,0.9978566548860663,0.9993887561134015,44306.01356946588,113416.57545199903,13699.937523624545,29824.09018434211,0.9277891846984088,2.444490869271311,1.9944542258648394,3.3500281658771898
PeMS released profiles,NT,NOx,M,314,0.9994410072072887,75.26079094485802,0.8189802522807321,2.3047474564545696,26.115800280112495,314,1,0.9991641504037867,0.9995593701885188,45.426540463523324,101.55049589865405,19.336891475990118,33.891851451496706,0.11509087279587718,1.4794117335711556,2.0155116527930583,2.641769123408961
PeMS released profiles,NT,NOx,S,314,0.9976623506117275,153.90593266535794,2.2698958637550115,3.5895346411719555,40.6741179060023,314,1,0.9961788467364648,0.9989676936664273,80.72220495076782,218.69778027760776,25.736108085611985,59.83319368632188,1.1075464942454678,3.3176091616753154,2.5959111223064775,4.558841913140923
PeMS released profiles,NT,CO,M,314,0.999402298088791,349.42252862153737,-0.04153265496025238,2.227639948942644,113.47666972903109,314,1,0.9985907209409121,0.9997254548688309,170.60860022213598,502.7559057339247,77.03774177547095,154.32943409503028,-0.819935332289364,0.6465142013167013,1.8330766111669972,2.705393435780992
PeMS released profiles,NT,CO,S,314,0.9982775131723162,593.1800477517132,1.4903388347250468,3.228296634098428,164.45043154698885,314,1,0.99724725464995,0.9993347546723034,308.26867363401857,871.3874850523965,104.17414217555763,237.54494063730652,0.47026471496622313,2.416303650993112,2.233959252360442,3.994005928545458
PeMS released profiles,NT,HC,M,314,0.9996723633065405,10.560953535360117,-0.7875907470754839,1.4581220433874462,3.031567921463911,314,1,0.9992423306004521,0.99994072396501,3.9146065095964464,15.77403488607677,2.034429726010061,4.106952423993342,-1.225335925112965,-0.3571744824879521,1.119733419718892,1.8654913265280788
PeMS released profiles,NT,HC,S,314,0.999292119186949,15.523403105746425,1.0466596847708898,2.0312234959023185,4.223097798587376,314,1,0.9988198159061257,0.9997091300183854,7.629801792569552,22.529098456085258,2.705103617971853,6.129065845282858,0.43570496338805,1.6348120215954318,1.4726769425682653,2.5522958067484858
PeMS released profiles,PM,CO2,M,258,0.9883455673215594,201693.39662457944,5.693770623533534,7.712147049309478,50525.976095584214,258,1,0.985905436905768,0.9941042578992081,66035.40975674456,328615.72288091504,31405.91678286701,79203.7438727652,3.561010424910212,7.495606585145217,6.491746956045546,8.860937887674842
PeMS released profiles,PM,CO2,S,258,0.9970188492994123,102008.90280255636,-0.28615448558040324,4.13742306065915,27106.24386744551,258,1,0.9863988432554305,0.9991136932012276,51063.590345746874,148893.22263025452,17491.211244118178,40313.906383577654,-1.8184720644912225,2.069505722890888,3.0162265096895213,5.870375519993413
PeMS released profiles,PM,NOx,M,258,0.9520736280636822,549.5350670330519,13.259916790892179,14.997095420174151,133.17325436649432,258,1,0.942648358006582,0.9736923099366515,192.11454744380893,971.184712917127,80.70786000355614,213.78015716166195,9.797099650675952,16.05280763336498,12.259723119724923,17.496062002834982
PeMS released profiles,PM,NOx,S,258,0.9934534704329466,203.10176655530026,-0.4164762074157169,6.087891004114419,54.06008527196579,258,1,0.9737216020164261,0.9980494783153541,96.33058920369126,292.38862279894335,32.98237516759722,79.53895984548646,-2.9199470062879795,2.733244738364725,4.379626667835885,8.202442362358237
PeMS released profiles,PM,CO,M,258,0.9758776764978931,1827.9564412771856,6.80520457777305,9.653979210556649,413.8401954067691,258,1,0.9699346820404321,0.9901279865031521,671.5244311976669,3252.3621179385036,254.1099572065322,678.8018954139065,3.8437774235458892,9.718503453679723,7.692531577761638,11.837511810843251
PeMS released profiles,PM,CO,S,258,0.9947680740727104,851.3086912675773,-0.557129901067932,5.884475088242773,252.25166403110975,258,1,0.9795564864712245,0.9982764685463515,391.7120638392406,1179.4820633776778,155.049116755093,366.56295235235314,-2.6680962937390253,1.8190613443216432,4.364559428129998,7.804828906402813
PeMS released profiles,PM,HC,M,258,0.9977055097687474,25.19067555884549,0.42187060107790053,4.3142130230044105,7.9857076339844255,258,1,0.9967793777997457,0.9991320519829737,9.830188868621793,40.25209353622402,5.527434976915343,11.624205069187854,-1.2591821069374844,1.8116828767117843,3.4285648063380196,5.2134914956279
PeMS released profiles,PM,HC,S,258,0.9982721348998795,21.860073826505985,-0.23584848261224423,3.3805014055306892,6.257385932705231,258,1,0.9935164476407556,0.9993866440687159,12.577001564852965,31.657033875438902,4.135376132282031,9.308401897740307,-1.506361818712296,1.3946025146493097,2.558538296975395,4.386385459255526
AZ_I10,All,CO2,M,151,0.8756902437551757,167645.86185110375,4.068289953913928,7.482817539960242,114537.44124869844,50,11,0.8129305802986692,0.9149251024920425,140655.43867809649,193938.37794772693,93214.23882782304,138223.06451454622,2.4229240601009567,5.816761216556322,6.281722113653132,8.788786931225653
AZ_I10,All,CO2,S,151,0.8747212075848987,168298.02117974195,-3.395173206605828,7.018012850767816,107422.80301300788,50,11,0.8166753546104261,0.9136737151599054,134608.0839881359,200538.90197654886,84841.75319159892,129542.18023648557,-4.982243540667931,-1.3689168883074094,5.7852822810397635,8.028333638883579
AZ_I10,All,NOx,M,151,0.6878689025212146,380.6952095242454,11.076631151962912,13.035410836713925,268.14321677280515,50,11,0.5429187558029048,0.7939292895247752,309.2776344268306,446.8975184630381,213.80413550939127,325.2335708683566,8.374495560716534,13.907505553627331,10.602489344375039,15.507410696148437
AZ_I10,All,NOx,S,151,0.7630525276391189,331.69195060448317,-5.0917739738147505,10.374012417871793,213.397268058059,50,11,0.663357023402993,0.8493166754915642,262.6360192825766,391.66945948910893,169.5485678561756,255.23579718882007,-7.633052526288882,-2.159025755551756,8.408073896037367,12.005692194089187
AZ_I10,All,CO,M,151,0.7105993728895663,1913.6668245672968,-0.4664721242343073,10.835311211595497,1155.03197501881,50,11,0.5534048295295001,0.8303455310003598,1356.7412907051269,2381.9820916987483,839.4595917699858,1456.2418110583374,-3.6151990095607114,2.9901389373503275,8.41449775130319,12.916952856826963
AZ_I10,All,CO,S,151,0.811899246696373,1542.8079264098428,-4.044840632644419,8.329624656513188,887.9286095522416,50,11,0.6362419525664292,0.9134677446426642,1033.4121589230067,2069.062304744992,670.3187588793013,1180.9146534930073,-6.924847011836041,-1.5236481110720617,6.373844235153824,11.064841645781563
AZ_I10,All,HC,M,151,0.7749028175797605,70.44782584053497,-2.2842075303815434,8.447732323175483,37.310768565577085,50,11,0.6840628214630109,0.8617413467559097,49.55849611971264,87.70891835806376,27.044833431539075,47.1802413180213,-4.854805040445926,0.32673398611659404,6.284906406972172,10.314839636682203
AZ_I10,All,HC,S,151,0.9328134068407097,38.48786981709148,-2.7652365056047956,5.530220654375719,24.42510901841942,50,11,0.8741640802175435,0.9649438155864923,28.387022747662627,48.77407495103708,19.076296908720586,31.120503660388128,-4.454292468902875,-1.142768179378358,4.449730806835061,6.760652628919685
AZ_I10,AM,CO2,M,50,0.8968083604462537,109256.53606425173,3.83512196699487,5.727537572153337,80989.57097683077,50,11,0.8294221309195471,0.9434569394815465,84729.3840699889,132795.38725778123,61010.77553849689,100837.85727286048,1.975387783603288,5.52644189235173,4.394804998454884,7.05120802877253
AZ_I10,AM,CO2,S,50,0.9238229836660937,93872.23326969352,1.1573724074817715,4.325843622643701,61169.08264628898,50,11,0.8692018878831955,0.9610204741918934,67604.8428569055,117126.23404589602,41698.06727011967,81626.39520067758,-0.6870284869690241,2.9458772445415256,3.0507311234768344,5.602762426139656
AZ_I10,AM,NOx,M,50,0.6596495626722054,266.9972774068555,7.169365839711794,9.521061787591892,192.000165001231,50,11,0.4420124186094027,0.7931425964269421,212.2631245879716,314.19559511062425,141.104783167816,244.3501232196476,4.160727456974584,10.0896384895078,7.137223510136819,12.1399470657866
AZ_I10,AM,NOx,S,50,0.827391329880194,190.14065236019727,1.4682150985589004,6.155812487336897,124.13710147597496,50,11,0.6954143460915695,0.9091365119791249,137.49188398571695,236.22136428374915,84.46470708122148,164.23297455909383,-0.9086080097385121,3.8492846094199336,4.258165064627366,7.897214559085767
AZ_I10,AM,CO,M,50,0.6122311101752494,1358.5182989942095,3.1868530772097836,9.324797566655286,869.7620994531203,50,11,0.2580776724862538,0.8344441937907032,895.8363019729127,1953.2059862819535,609.4325045823433,1192.8931824954002,-1.5093075539163172,7.001125764164386,6.777222322973175,12.496581036033849
AZ_I10,AM,CO,S,50,0.667834313925654,1257.3506022185638,-0.8325551809506226,7.190111184094747,670.6511486257117,50,11,0.3161629252463357,0.9029385323089216,668.781435134562,1846.8022263007165,409.126395698554,995.6120650141849,-4.617774342012881,2.336229854820646,4.532565672682125,10.364690444161951
AZ_I10,AM,HC,M,50,0.9127970427891934,28.029906800634443,0.487567807923206,4.437004982901522,17.202512430109053,50,11,0.793177844392519,0.9723061922364457,16.570640768136414,40.525505162628654,11.698375856660366,24.27121833036478,-1.9424860159864914,2.4179709108750496,3.037151871863868,6.166416810367111
AZ_I10,AM,HC,S,50,0.9013794176129796,29.808479845388685,-0.25280550489629183,4.321142787613584,16.753308324569126,50,11,0.7824280772608061,0.9704522993067994,16.674734724254133,41.66600777892715,10.467833177942593,23.528957499978528,-2.507498340297027,1.6631212558446649,2.794819383220068,5.8717247208333685
AZ_I10,MD,CO2,M,26,0.7805998565839446,220731.0889940829,7.877723808316106,7.98541643180179,157356.2965749099,26,11,0.4752544666573402,0.9209530995604744,138583.17755529078,285884.9671878622,95928.02938106394,221679.49781336586,4.941448245558105,10.8918035336677,5.124292116619086,10.966510655369662
AZ_I10,MD,CO2,S,26,0.5653592337313302,310677.8429728893,-7.8284474599993,12.338517189396734,243136.14533829087,26,11,0.26061157546796715,0.7224656242891148,217796.838272189,380874.48687113676,164160.70866777396,319258.32713733194,-12.379147308795625,-2.7611812693994757,8.83881995892687,15.260395398127724
AZ_I10,MD,NOx,M,26,-0.5167475649281601,582.3110268244266,16.635858523483794,16.635858523483776,428.97352380391436,26,11,-1.9768478689450768,0.221928825069093,399.83501177480895,737.5277856159769,289.22037677291934,583.6405089811643,11.680689593006711,21.8730989300667,11.680689593006688,21.873098930066714
AZ_I10,MD,NOx,S,26,-0.6664079620549814,610.3641636432143,-12.246490534449894,18.66948149772879,481.41268179020096,26,11,-1.712789592058402,0.042283591093972284,443.3161790992392,758.0622026615322,346.7381622372045,625.3684135964877,-19.611432856926868,-4.52126388046055,13.937115557090873,23.19204937361587
AZ_I10,MD,CO,M,26,0.8437659383881513,1531.1573737996075,1.5276734895731447,8.363876342829123,1176.0830924132586,26,11,0.7331964781224711,0.9037078137419882,1103.1304584583584,1846.7412792622551,800.7845871607179,1516.5727760922603,-2.453561581912148,5.672110563445473,6.2446758672123055,10.049027281183315
AZ_I10,MD,CO,S,26,0.7482992195498982,1943.4539282316268,-6.6031077570422365,10.474075840116084,1472.8079420705506,26,11,0.35625473250026174,0.8955927378479765,1328.3136844459884,2556.495903738467,1029.2977871547332,2009.3008978652015,-11.110988073810253,-1.6290994032286283,7.1489904174916905,14.723873817822376
AZ_I10,MD,HC,M,26,0.8569906400710801,63.42254196353958,-0.022262852650356546,7.963062179842007,46.36573785370933,26,11,0.7870907020000746,0.9054092908584496,43.368381803216586,81.80284211351943,31.052787057102858,63.56416233052684,-3.795846395447895,4.004936140913285,5.663276248026528,10.03112859166702
AZ_I10,MD,HC,S,26,0.9130201192292677,49.46190250311219,-4.382950676787944,7.426696879046694,43.242696444657454,26,11,0.8276077117536195,0.9482262315266047,39.60659349085804,60.31149841756111,35.45702372892262,53.188814710189035,-7.041881501317628,-1.851978469712771,6.171135960490608,8.81163595636106
AZ_I10,NT,CO2,M,49,0.8955316144891058,130783.62877015323,2.6219006589785376,5.179098425116033,83566.8891536404,49,11,0.784937247659553,0.9564255452920031,90492.56009235015,163133.21657685522,56639.84650793083,111612.0230727924,0.22629920913705756,4.754324685644336,3.5728117309013125,6.7304635941194695
AZ_I10,NT,CO2,S,49,0.9347422834839689,103365.80191731127,-1.39624697213796,3.803736760578548,61374.861442949536,49,11,0.85810664081123,0.9722927588252414,71422.11315691937,131763.9700639721,39008.46560517325,88998.04094063131,-3.2167856675094724,0.10027835131632709,2.4854643895915163,5.277535541989379
AZ_I10,NT,NOx,M,49,0.7700002761338027,285.2180211848006,4.5184111450049524,7.723203082924412,180.09689730155165,49,11,0.5302233842216995,0.8951884339204689,207.24131707500578,350.2423682091904,118.74470071692808,241.85015842128217,1.6166528990296558,7.875782482308147,5.101327506528469,10.595116526052124
AZ_I10,NT,NOx,S,49,0.8709351978877953,213.6570437850947,-2.1144662512957657,5.416037619117686,126.29624786484779,49,11,0.704844486449149,0.9419312032387608,152.63826533842607,272.8632211346867,81.67521427581582,180.83128865937957,-4.427949678525323,0.19214684304454174,3.600203761376569,7.716524794636379
AZ_I10,NT,CO,M,49,0.6308784108391945,1835.30112559176,0.5205730424269861,8.88729028978511,959.6536967315386,49,11,0.2770173905791121,0.9083016291830244,841.2876941732618,2668.052107827512,531.1855526091144,1496.6508561922014,-4.441731544711892,5.0876318570872865,5.025037870823327,13.487959278421899
AZ_I10,NT,CO,S,49,0.6581045109088317,1766.3196194908717,-4.588782506186783,7.325518669450621,791.0128782103922,49,11,0.2898783963298015,0.9284317518772648,721.8808836143473,2632.7706816343025,410.0339306080299,1270.1792588624699,-9.096721927521562,-0.6569036898671277,4.030121356413999,11.36056554853988
AZ_I10,NT,HC,M,49,0.8652650032861176,41.44435098153677,-0.30757744723731717,5.223149048843096,23.01967904231334,49,11,0.6930618039231835,0.9629109586694912,21.373774018383465,58.824099885341056,14.196757090115186,34.012432135887096,-3.247792711104741,1.9901141565092824,3.3199755850929185,7.446476228273707
AZ_I10,NT,HC,S,49,0.8693664484755484,40.80867574399001,-2.5824972072656105,4.369752407209651,19.258553981074417,49,11,0.7005465835121713,0.9770445868072297,17.555020351212335,58.6615318053,9.900594943420488,29.90400041099044,-5.15874512306769,-0.34913511616715953,2.3513368997236683,6.63562947275066
AZ_I10,PM,CO2,M,26,0.6864683904046593,243542.3494768428,1.9333059058895596,16.791594605666045,194601.30000907264,26,11,0.5595628771399669,0.7690068904846243,184974.3309335227,304436.3357695041,142907.99098770085,254738.49316648656,-6.107283161221643,11.206109712066322,12.911136709334201,21.018001153521364
AZ_I10,PM,CO2,S,26,0.8366851937797696,175770.74980558528,-11.78429660887902,12.722316210575793,147441.5820442174,26,11,0.7525007033319749,0.883308984109444,141725.3551927686,209161.9819952135,115742.28214823247,183665.52875556104,-14.486554873496692,-9.248070721391587,10.800465948845156,14.987307173259763
AZ_I10,PM,NOx,M,26,-2.4716150649979594,460.6651473189043,38.137785875664164,38.317354713802736,419.6753036905474,26,11,-5.539774833164346,-1.255443564437984,400.0680683073411,518.3539543684672,346.1501123319256,490.7190527256612,31.496978827813255,44.17251201088612,31.84325858481288,44.1725120108861
AZ_I10,PM,NOx,S,26,-0.8135423099082733,332.95337373512064,-23.420882637642382,25.673128910977645,281.1879435017458,26,11,-2.0157207865083775,-0.36680804302489184,256.27522820097784,417.0183554500448,210.45794017851017,358.38751693965764,-29.30570406414926,-15.691501996747535,19.904808978998886,30.59325150619353
AZ_I10,PM,CO,M,26,0.4324559333148881,3004.4706000621372,-12.354893713164493,21.450886570589972,2050.789681253621,26,11,0.032818795012556246,0.7028286734557904,1830.4752260504113,3997.9921620337714,1272.9427556654107,3007.0456694734758,-21.457982714426002,-1.3820985483333526,15.015867046224603,27.377220242926384
AZ_I10,PM,CO,S,26,0.9291580112788044,1061.4842069176723,-5.151231872095751,9.45085784453818,903.5394263445905,26,11,0.8966142325171009,0.9527641893684924,829.9303657906081,1280.070327509887,686.9343056418488,1129.5322576703477,-8.168102243213255,-1.549427113029285,7.3746422454494285,11.78400118132132
AZ_I10,PM,HC,M,26,0.37280121634552454,141.60706339795425,-14.64329345494777,23.082802843496424,93.85872979334201,26,11,0.04089793418750036,0.6716295597098508,89.07422824084816,186.27086213219448,57.12333531891246,135.33253233828492,-23.064614411485444,-3.886427232962392,15.992191627840217,29.43666450350091
AZ_I10,PM,HC,S,26,0.9590490965792163,36.18379018937034,-5.428892002288476,7.402029942944254,30.097953573812884,26,11,0.9366728988056402,0.970308783807519,28.727866906969115,44.39779653590693,23.383498916203056,38.26436272716548,-7.375785315126022,-2.6731648838667716,6.164168197716928,8.68111039421581
D12_I405,All,CO2,M,94,0.9848039920368373,753888.2756738579,6.355937216540641,7.289771214995227,234732.1149273448,33,1,0.9787195666669677,0.9979009117143062,166264.72306278776,1248572.5353332546,71096.60893160978,493324.3235304783,2.1758525932464,8.96059668334975,4.005675275198335,9.36759623730915
D12_I405,All,CO2,S,94,0.9985796770542626,230481.34767619727,-0.7823345314032837,2.5902995994269773,83408.17363626226,33,1,0.9933609677655955,0.9992624012300579,127105.32274989592,320582.37415365747,38069.75329426817,144102.59551592928,-2.2768763228486653,0.418337067382768,1.7987028420497764,3.8559941593979734
D12_I405,All,NOx,M,94,0.94652637776252,1927.9940304829784,13.526192403404158,14.388773841853391,638.4552527778479,33,1,0.9251143511720579,0.9880123152011753,527.5119302663044,3124.8996839630104,210.48962522410312,1285.2975745663473,7.213920454715545,17.585001893860905,9.116192460845104,17.96197054211727
D12_I405,All,NOx,S,94,0.9968478387119428,468.1015709469728,-1.2036390664938001,3.7463443531280767,166.2319011514296,33,1,0.985583817845182,0.9986293173071806,246.31746528154707,650.4037000166614,77.65730038341427,278.8314328915132,-3.4440189621613526,0.3939617294374157,2.509091452144798,5.779465037735482
D12_I405,All,CO,M,94,0.9711583617915304,6609.1096308429305,8.983679303732561,9.995930181350463,2060.7844094350385,33,1,0.9598867493692108,0.9967884837394476,1473.3208269708523,10758.45611890064,607.2502527941995,4140.0459043176525,2.898639274818166,12.648071819150745,5.097369311280137,13.052883764369223
D12_I405,All,CO,S,94,0.9964310705866262,2324.887662561704,-1.64786487605042,3.6215636728676657,746.6300603766008,33,1,0.9879857522937113,0.9989594968417131,1091.469851587101,3906.992707310501,363.84431457975205,1332.7155609244785,-3.9923389702250476,0.08256713063928532,2.4106845865413993,5.707714580707226
D12_I405,All,HC,M,94,0.9956742022019806,112.49559630095386,1.7163806788577096,4.092076448826782,36.58643164456175,33,1,0.9946533810535149,0.997930521894073,25.9434962182244,183.48760746597628,12.877309906846788,74.32672317739889,-1.879643828441473,3.9331553880630037,2.9220859879432917,4.784595839521606
D12_I405,All,HC,S,94,0.9989531346077116,55.341106207491805,-0.8294469300423879,2.062494556836733,18.44034857721741,33,1,0.9965938935255937,0.9996447246876591,22.997427692452057,84.46604860762163,7.013094530469537,31.960947313267116,-2.1833247043285104,0.0743698596757681,1.2775141267726482,3.0796738483114856
D12_I405,AM,CO2,M,23,0.9911166732076935,591626.3066371139,5.668337878693075,6.28236948894819,180787.64334602776,23,1,0.9826794055637033,0.9997823260827254,67418.255294518,1013797.8311235334,36508.19170929893,426098.6518261829,1.1151687926036586,10.012071833135796,1.8992751848447587,10.49877215733304
D12_I405,AM,CO2,S,23,0.9975071425721994,313406.7729599603,-3.338875534327168,4.476307309840002,128814.62175413371,23,1,0.9783380808162119,0.9997327388955956,62036.99502644319,506605.83573167265,33552.29744655973,275801.7156070341,-6.121076950302261,0.16594725977213695,2.1794206055735073,8.385753808426372
D12_I405,AM,NOx,M,23,0.9600502792735202,1686.6117010048847,14.234408927900532,14.780438938257761,578.6043832676138,23,1,0.9285639652988463,0.9904285263256305,228.20054229272677,2844.6659135195177,103.98276885913475,1367.229392124038,7.233922074899957,20.96230020915364,8.702487392659638,21.28859574263068
D12_I405,AM,NOx,S,23,0.9939703898506747,655.2436966131133,-5.100535069737422,6.721149989996414,263.11037588640147,23,1,0.9582272274314908,0.9994030785659745,102.93599184224924,1017.700035475581,64.38987799626295,513.3145470404244,-9.002284889756067,0.7637369748413015,3.203387235686303,11.279572160352519
D12_I405,AM,CO,M,23,0.982105101371368,5409.659895527452,7.597016361251652,8.585932447042195,1592.3126687480667,23,1,0.9624721906645025,0.999709041070063,382.0860607129336,9373.407613506031,250.7754237063132,4224.987022115022,0.446318281700101,15.179863684035194,2.129618848299067,15.611465641022251
D12_I405,AM,CO,S,23,0.9908371113385479,3870.9855077801453,-6.055854082467038,6.952783676135224,1289.4354339334188,23,1,0.9707151756742682,0.9996325112717799,435.8206803615257,6444.903718473118,239.33401535124077,2793.9824219043458,-10.004544924776706,-0.6455608543872452,2.203556832448606,11.023821531941037
D12_I405,AM,HC,M,23,0.9964982805598812,105.50262680665207,-0.24530468300237862,4.615735371798621,37.37113313864294,23,1,0.995331334817728,0.9992254853556418,9.907263107115847,173.09437453150173,6.572529686910726,85.59962818852127,-4.709141578709897,4.0828851086350655,2.4009350485881433,5.391118515209044
D12_I405,AM,HC,S,23,0.9976115229847475,87.13309335520809,-3.162969225854928,3.860717692084387,31.25816002432096,23,1,0.9892903003675266,0.9998672611060156,12.561654349426986,146.435106914284,6.940795934479083,70.4506441688928,-5.514755877247776,-0.2657359941556918,1.5250548603935288,6.198406233684718
D12_I405,MD,CO2,M,21,0.9672831086890178,1314646.9754414875,12.539539838594793,12.548166691303052,573019.7894013687,21,1,0.9602407454844003,0.9810802872501092,331191.00286911824,2198351.606831703,182787.0942299396,1207403.0586379154,7.90352849849186,14.870379656669336,7.916002231134117,14.876201913494691
D12_I405,MD,CO2,S,21,0.9991389047623622,213279.30882025836,-1.801290054768423,2.0857524795410995,95247.17641808053,21,1,0.9890515401591309,0.9999512325054373,47083.87860186541,317166.905203941,19281.339690038258,180661.49150076963,-5.056492865470917,-0.03662852877091671,0.48513921189861703,5.415348891730879
D12_I405,MD,NOx,M,21,0.8866852034153819,3225.1044095714465,24.4217197552582,24.431257450645795,1485.338872671554,21,1,0.8591966937929955,0.9235246576728213,874.6984197932309,5176.317206178799,512.9270705180868,2822.6581036818793,17.450216482662555,27.81492265480731,17.483885347934585,27.83306126334319
D12_I405,MD,NOx,S,21,0.9980632308234293,421.63766509922334,-2.730325348692031,3.0665378508279013,186.43526161331357,21,1,0.9763191781412737,0.999836681250875,109.20874076451662,644.4528358661203,45.590974932238055,382.8867382956725,-8.092128163219423,-0.43580927109116746,0.7943619558664844,8.412304027537322
D12_I405,MD,CO,M,21,0.9379365360804099,11290.036988633881,17.491285872168305,17.500292306877203,5017.809019094794,21,1,0.923110465388817,0.9671651289730302,2868.159928552073,18631.57994738679,1702.2035449760717,10141.15878412118,11.861043577661128,20.354292407149124,11.88186453249797,20.362930125965377
D12_I405,MD,CO,S,21,0.9986775711747602,1648.0239271865469,-2.604157412443542,2.6456019317381947,758.5659142843981,21,1,0.9814712009747182,0.9998944278997935,512.1321316235599,2507.9608224295434,216.515092934488,1477.241054852128,-7.156592790549977,-0.7615952051972411,0.7626004125955099,7.156592790549986
D12_I405,MD,HC,M,21,0.9912747977551167,192.9273536396514,5.567497166886848,5.935373722592416,76.66924569250385,21,1,0.9891742039860255,0.9974947938950128,37.48715967548063,313.19978901207367,19.856004275162455,155.5140921691822,2.158017019561907,7.376327632862573,2.958534603557949,7.537673491669279
D12_I405,MD,HC,S,21,0.999562917905546,43.18048974555588,-1.4430396821946578,1.4675094847044439,18.956320275270222,21,1,0.9942304021191294,0.999964398069898,12.190372874513457,63.064202792289905,4.206535141720698,34.16996452966524,-3.875098335384392,-0.36294218551129365,0.3913608376122788,3.8759058854505715
D12_I405,NT,CO2,M,33,0.9996917304222288,91879.71007325975,-0.7995289734780142,1.226083175557818,31663.64244517907,33,1,0.9993676587774721,0.9999598951408045,19046.48030933557,153447.68192435757,10385.085017984591,63401.59688846961,-1.7300509149358334,0.15097405378083825,0.6594693394791785,1.8497544389805198
D12_I405,NT,CO2,S,33,0.9990311937784992,162881.86819010883,1.4386510304952083,1.4386510304952245,37153.21500294176,33,1,0.9980374904381947,0.9999890362154467,14286.248244126631,280946.29045174946,4746.202341423043,97161.2722018917,0.24573930022000703,2.9099052790352733,0.24573930022000268,2.9099052790352644
D12_I405,NT,NOx,M,33,0.9994866846339457,173.27888004615215,-0.30157733762692374,1.6297329941573406,61.6402362881832,33,1,0.9993408792943624,0.999855355741697,30.12810227743634,267.675576411333,17.96225573829612,120.40494725851806,-1.7355718588429505,1.0597087085083985,0.9974250937084556,1.977393832386208
D12_I405,NT,NOx,S,33,0.9982166079665359,322.9809524770772,1.9478375464106357,1.9478375464106568,73.6716793745886,33,1,0.9965601593061391,0.9999831557935666,25.578904805769135,556.3325895721589,7.553242291561753,186.7148812269173,0.2744813119444939,3.6353055713549893,0.2744813119445108,3.635305571355018
D12_I405,NT,CO,M,33,0.9996233106081494,663.5062899295214,-0.5609914740779098,1.404190525780477,237.13951782076902,33,1,0.9993630881102201,0.9998753788292652,136.94356167649488,1087.8236152223824,73.99519980257595,494.8758575741069,-1.7349359843393632,0.6208958479699643,0.879076999433985,1.93194603850153
D12_I405,NT,CO,S,33,0.9986721522231815,1245.740243941478,1.682570458588084,1.6825704585881005,284.15228555062214,33,1,0.9972346241252872,0.9999900280115197,101.27415515364572,2151.54127370755,35.29588454595762,766.9402818165662,0.2551983996402441,3.580759165935882,0.2551983996402427,3.5807591659358806
D12_I405,NT,HC,M,33,0.9996963698052442,24.311375525319693,-1.1313988108072492,1.2333570356068555,8.479963236625819,33,1,0.9993508748778438,0.9999660357217938,5.800653238944592,46.18526499414319,2.982895364299597,18.807949268309734,-1.869027933986158,-0.49838529151329447,0.6439256636375202,1.9287247635546798
D12_I405,NT,HC,S,33,0.9994359518348012,33.135623583565085,1.099293482410757,1.0992934824107472,7.558207435463947,33,1,0.9989136839742051,0.9999954987856178,2.7907015461150593,57.170863513898,0.9999685179374262,19.854376994638592,0.1681695886684709,2.097393938846184,0.16816958866847606,2.0973939388461793
D12_I405,PM,CO2,M,17,0.9837676152005189,719532.4088107215,7.48143639918919,8.719524806887131,284022.7781230661,17,1,0.9795164252526177,0.9939602667692439,104282.32838193804,1210261.478164647,71070.48730939874,637388.4311699667,1.674080437939065,10.188721613664507,4.9659500923838005,10.629057210848462
D12_I405,PM,CO2,S,17,0.9983336120031412,230540.5153435339,0.6198888528940127,2.982216157307391,97140.3071521652,17,1,0.970579292508174,0.9996025236795512,24995.085350594596,377934.9140174916,15786.150876150305,211465.1200892001,-1.416319449845719,7.034922875312899,1.2023803471444503,7.450422713181878
D12_I405,PM,NOx,M,17,0.9328496256024356,1948.8739321013013,17.161166399180527,18.077659095377527,792.9793424911717,17,1,0.9148332862345266,0.975425138317909,311.7976922594039,3276.021192889505,187.23798046590144,1735.47132020743,7.256128858046681,21.5775626062195,10.795339573702,21.777002482800118
D12_I405,PM,NOx,S,17,0.9963116730602463,456.7454531774339,0.8405316970611088,4.328712620667243,189.87965585918482,17,1,0.9377321515195627,0.9992219640731262,41.093682739813175,744.1464585376664,26.203592455806096,414.5886664301499,-2.163262271098538,10.108475868790952,1.4946210675308658,11.053478689025038
D12_I405,PM,CO,M,17,0.964906542687157,6604.712165082116,11.222935719921434,12.470910088660167,2581.82056568306,17,1,0.957295550205913,0.9895495940575344,886.6663899680993,10989.224311998305,571.0326589068119,5387.068363547353,2.367718726783255,15.191226687989749,6.284696952364299,15.666569393174969
D12_I405,PM,CO,S,17,0.9973883468923066,1801.766730596074,0.05684955575286921,4.324320547548453,895.2530042228792,17,1,0.9565629362668774,0.9992586225821053,457.87922520282586,2804.4664281268088,299.25430541375175,1683.7894594175061,-2.7084816014918953,7.03879598446173,2.320285516579216,10.112753160246438
D12_I405,PM,HC,M,17,0.9969318896268771,88.26471141119168,1.5034552827312808,4.419417118379792,40.570327414634306,17,1,0.9922011839052403,0.9991860489415649,21.568402486889983,147.44794728170132,14.12261916314443,79.91871500721275,-3.4473547695125486,4.028200646227413,2.590220182003057,6.060469513165952
D12_I405,PM,HC,S,17,0.9991224949690686,47.203741524456774,0.21742687060362087,2.351344397209629,21.585383208709974,17,1,0.9834705398970132,0.9997648591182436,7.4903303197785025,73.36175295686293,5.2033403635871425,43.380166723325544,-1.2588660191783108,4.359300632162432,1.2529352006723304,5.609365773533137
D12_I5,All,CO2,M,654,0.9839198812549371,43893.86614477758,2.952976432853971,5.846851828043793,24776.88790112944,171,1,0.9786816087722723,0.9880574312620893,34927.4730766671,52643.9109995985,21206.596723996376,28439.884598322853,2.0332428572469365,3.9137556397571704,5.290545876024396,6.407375393063152
D12_I5,All,CO2,S,654,0.9876745645471381,38429.1116350262,-0.5717914943262348,4.426900960779538,18759.63887583835,171,1,0.9834780803951292,0.9916233098047039,30294.97252741615,47923.46539206035,15581.984461351914,22556.86581336459,-1.2114122547996897,0.0345924526860325,3.8403946303121037,4.977407008454971
D12_I5,All,NOx,M,654,0.9522467271618203,106.20498763666234,7.478277391932209,10.097766443268183,59.36915144571365,171,1,0.9361936425322448,0.9656347747776406,88.04816085493026,124.26683620602476,51.00712585570914,67.39640046173594,5.914708406194179,8.944643832475098,9.023872875288436,11.084254281997499
D12_I5,All,NOx,S,654,0.9754963118679059,76.077997014824,-0.7754689841570794,6.3219389313130945,37.16942275822769,171,1,0.9665984122599534,0.9830784439443276,62.0381164290941,92.47198971672215,31.707983268238664,43.47173746884005,-1.631294878191608,0.14197958131933802,5.587859635578698,7.132429119952247
D12_I5,All,CO,M,654,0.9780193120659036,339.12635087963037,2.7544502770207258,6.658111989045327,187.03766723720213,171,1,0.9659561286772221,0.9850681354427491,280.29550068731345,398.7001015080207,160.74656771084508,216.51009991533405,1.4890469557351727,3.933605205900166,6.018625676291506,7.332906012189117
D12_I5,All,CO,S,654,0.9771174944149944,346.0132144006707,-0.5724050050763152,5.461783331451315,153.43076459970516,171,1,0.9676494170840436,0.9860661026968824,251.17230028989255,452.9408314829207,125.15400778381162,185.3797658128219,-1.210911637686714,0.16963497054215723,4.717832433424333,6.360830392377033
D12_I5,All,HC,M,654,0.9918466466621423,8.714134693467368,-0.6352914879907745,3.955392858601164,4.672082091522855,171,1,0.9882051784328815,0.9943647629599446,6.919957528611869,10.932076204345753,3.8954054013751302,5.621918181451041,-1.3695050246949327,0.13670853654225204,3.5717334189100836,4.417135919284314
D12_I5,All,HC,S,654,0.9920932106319054,8.581361974440116,-0.2810950533660872,3.408509453994324,4.026107278867133,171,1,0.9890284199611387,0.9951544930852018,6.24915226106317,11.176104670095793,3.3246366724772822,4.885153331448457,-0.828579891228878,0.136948348519282,2.9516256020666125,3.889145838349683
D12_I5,AM,CO2,M,166,0.9767712284754823,43261.50155280592,3.5530634692639174,6.394578029531492,23885.688468268658,166,1,0.9600102035628643,0.9885851919168942,27946.939807703424,60403.66402336827,19217.883936723825,29567.173361516794,2.1048378211138585,5.258739728130263,5.387131599175187,7.683270709086005
D12_I5,AM,CO2,S,166,0.9807976974076525,39333.72911631147,-0.7918634458401352,6.643976430126681,24817.267139072304,166,1,0.9721949963221274,0.9871900008380802,30871.205870394868,47760.763256912745,20372.052312700056,29575.652144973887,-2.650104196938118,0.7806007029958296,5.601239193877857,7.546626641570974
D12_I5,AM,NOx,M,166,0.9428998975774843,94.74634710530735,8.806057613085926,11.050501065352865,55.86895112105671,166,1,0.892914576734548,0.9732300306061881,62.180067351200925,134.50532328928463,44.74103805615361,70.2226819968389,6.225246529782944,11.868923290671178,8.9712142800269,13.649617429533091
D12_I5,AM,NOx,S,166,0.9608410525375265,78.46202931361229,-1.0264278933072801,9.688546338967505,48.98320163444861,166,1,0.9475634521223059,0.9734800666727653,62.99955957363974,93.87060809280153,40.338660143289694,59.21795066417102,-3.1044016095800915,0.9929306139062695,8.248637655419081,11.162557360930023
D12_I5,AM,CO,M,166,0.9856252654054034,241.4362286732545,1.5607504943780492,6.023041175864894,153.7771746396651,166,1,0.9733898483973444,0.9911327993541932,195.64157836773086,291.90016601555084,127.52637760037219,182.46054241512547,-0.0557247618484657,3.102493967546162,5.211832581481881,7.037361038188003
D12_I5,AM,CO,S,166,0.95462146429673,428.97082888756245,-0.5076899035481586,8.339584735324754,212.92196762745274,166,1,0.9277639542623868,0.980074240607906,254.01995584183922,644.6554222897437,165.20382119441774,276.7753234977653,-2.6570290577277933,2.0524772635080217,6.75091207203729,10.351191211127658
D12_I5,AM,HC,M,166,0.9912444863675013,7.699101297592727,-1.060880343960191,4.134037327642165,4.4197069207430575,166,1,0.982677837347958,0.9956589698546092,5.5540744424791315,10.212308950041495,3.5212316201594005,5.501073731208651,-2.2104390334380635,-0.06040090947928817,3.4268891895227145,5.034005664430821
D12_I5,AM,HC,S,166,0.9839022220772928,10.439559774748375,-0.2158581668555759,5.196577757668428,5.555670851391644,166,1,0.9764026619769746,0.9920764547347687,6.490202908037391,14.580777769444405,4.2725866129735905,7.101304544830767,-1.679735293979762,1.230551913687867,4.2826009339007545,6.192940504645023
D12_I5,MD,CO2,M,161,0.9772529457446472,68334.60815473253,5.663878476148709,8.381829310240642,48086.76660769325,161,1,0.9651243784041954,0.9851556929733396,56264.19389754504,82197.19840185519,41780.671057556356,56316.46271755593,3.928356879704914,7.257730980809046,7.472651725485679,9.41626230365347
D12_I5,MD,CO2,S,161,0.9830638284872297,58963.838534076596,-1.0788240487490164,5.434699940037067,31179.01092069649,161,1,0.9741488142299868,0.9900375501296181,42261.25959998884,74942.90748189803,23842.098593602725,38574.86173811408,-2.7297897251336387,0.432638009844701,4.294844729865897,6.625682069984682
D12_I5,MD,NOx,M,161,0.9260836318851404,171.44575290517773,13.014493729854104,15.471665093925107,121.00877468065933,161,1,0.8794268075953731,0.9560215309896121,140.43416196651623,206.2517268664616,100.9457129646374,140.9698346444533,10.069506895886455,15.661129640237379,13.537851648438817,17.435203468100312
D12_I5,MD,NOx,S,161,0.9660787547530691,116.14280609985651,-1.6360213970852744,7.805998737630746,61.05317925802062,161,1,0.9466906055079533,0.979854936589321,80.65632647306143,149.6133872021331,46.39693382374955,78.43673948454185,-3.6681497413091337,0.7796843205631264,6.304817736663786,9.628762287572995
D12_I5,MD,CO,M,161,0.9614975704379489,576.2100056403394,7.675348141587124,10.685658358177967,396.16282500005445,161,1,0.9375876292827776,0.9746505058485642,462.6377992467396,696.2370602509952,329.9406429109098,458.1340489837317,5.646934702282965,9.691728047698575,9.277594203442263,12.023982176291398
D12_I5,MD,CO,S,161,0.9792411826624842,423.09513497702886,-1.533468409780836,5.471866176699446,202.8653630802704,161,1,0.9692429020604867,0.9871204437380184,294.70033217574456,552.287354389313,152.26320656781192,264.16474385599145,-3.176589106281161,0.10874111318252988,4.316152668794255,6.742585651388389
D12_I5,MD,HC,M,161,0.9895966438619233,12.82569187336267,0.8577471231011158,4.846309483228865,7.788559112588768,161,1,0.9857691138518444,0.9933014659185684,9.380301738922995,15.85002075934913,6.3223836535546045,9.214238037412462,-0.6035764216770664,2.2255317105537764,4.216200192021614,5.501162817193102
D12_I5,MD,HC,S,161,0.9925727358563626,10.836985790022219,-0.7860256871435212,3.5036733414907104,5.630793292470612,161,1,0.9881936291507826,0.9961732532782731,7.831167316294023,14.13999418223665,4.267743844333723,7.149478738175799,-1.6809782541488039,0.16711519449307424,2.712808023723675,4.316167770765962
D12_I5,NT,CO2,M,170,0.9976181348758909,13496.444040876751,-0.48440963679531324,1.762553371233711,6630.163160676592,170,1,0.9954302842877484,0.9989508578280054,8708.618808519026,18084.445510735197,5170.394353716219,8483.90886678694,-0.9993183040686809,0.08396082965417045,1.403095505467565,2.166996959662154
D12_I5,NT,CO2,S,170,0.9976161458559689,13502.078090817828,0.33297670634060417,1.2498201677806953,4701.424518050199,170,1,0.9946917490629887,0.9991319730017519,7945.887783607904,19531.90603559762,3107.99776643616,6543.240431831985,-0.2610380846300575,0.7811238659878377,0.8147899771131877,1.7645367883120904
D12_I5,NT,NOx,M,170,0.9957249672625353,26.459314715071155,-0.18035176656140406,2.163116867467057,11.916141884333642,170,1,0.991422249558666,0.9983209904128637,15.578270323403537,35.62215754035823,8.841939254757438,15.349894440871518,-0.8376191248181231,0.5929834251469714,1.6548528571163863,2.8694019269781714
D12_I5,NT,NOx,S,170,0.9955850387724716,26.888855453167672,0.41961636504339594,1.719114051531993,9.470226625986431,170,1,0.9899704116421967,0.9984668469027997,14.94884025349867,39.30187260578926,6.139013221386489,13.712333802628352,-0.4409507311962241,1.128331157834545,1.133139419211939,2.3926572323225463
D12_I5,NT,CO,M,170,0.9950316038389654,127.70138894826891,-0.7970327552153322,2.399395049591161,59.29750093849985,170,1,0.9912344364595636,0.9977205216040876,84.10200777909475,164.76338965847594,43.869568065473814,76.0734986726515,-1.6434463701910174,-0.04843162632376846,1.8029994857047507,3.0461894243695573
D12_I5,NT,CO,S,170,0.9950027451615849,128.07172548056045,-0.09397444306648017,1.8962877996201282,46.86394914284756,170,1,0.9902456575543336,0.9979820647306109,77.95062199138658,165.8568347163462,29.32695113688304,63.188295278118325,-0.8096124549708611,0.6363944651226108,1.2486779752408725,2.5969949384059063
D12_I5,NT,HC,M,170,0.9979442419329765,3.344995064020229,-0.9535363865489144,1.8191588923464697,1.8268944686108632,170,1,0.9965854993360204,0.998869704468732,2.4222854453898903,4.2152364134063225,1.4363926869932702,2.2866780991973727,-1.3773217441412124,-0.5290387353550688,1.4790003651431245,2.1813645369900776
D12_I5,NT,HC,S,170,0.9981050571355468,3.211497139961344,0.0044066837663336855,1.1856335709692198,1.1906752190344019,170,1,0.9958273640686295,0.999158863873231,2.058218097690677,4.385533385713683,0.8005208111879267,1.6706751487276716,-0.5751957006628624,0.4244308895894866,0.8079754060269413,1.6349074584853156
D12_I5,PM,CO2,M,157,0.9882117392959237,32574.248072711856,1.800527971285626,5.729151813437316,21464.734015620514,157,1,0.9788561481690637,0.9928867692904825,26204.440459526064,39069.194668948476,17940.21493251546,25441.29129794894,0.5431780088819788,3.237118499497996,4.925606462263226,6.76237131303578
D12_I5,PM,CO2,S,157,0.9916321497382445,27444.57334195633,-0.5272536276786477,3.9612749162599465,14841.239193704514,157,1,0.9843120098722519,0.9959390809133689,19611.95590044704,35965.53914105934,11216.106166014953,18492.664253010415,-1.6122770883883064,0.5792318042495719,3.0853881858634287,4.819279751330031
D12_I5,PM,NOx,M,157,0.9633852681836054,81.20269893418723,6.350754681550219,9.930107439299542,51.24218035336587,157,1,0.9347078615491958,0.9782605849729304,64.79157822668788,96.57973288364256,42.31201805120079,61.563998727773914,4.087405052848476,8.645462418000827,8.230052605895805,11.747361551531899
D12_I5,PM,NOx,S,157,0.9834245271492038,54.63557254900781,-0.5593826010569347,5.848305588768517,30.17892118218743,157,1,0.9689819574159598,0.9912258900903066,40.53841856164148,68.22077961666699,23.27741702121854,37.52083253883864,-2.311699633323106,1.0977787838139816,4.606983599197012,7.333602419622515
D12_I5,PM,CO,M,157,0.9852078356972317,243.52501469899113,0.38466823401672734,5.786020019586917,146.069002537529,157,1,0.9736754200937064,0.9917375412547359,185.30551484301893,300.38852797248717,117.4790565765888,174.44981025140845,-0.9892027736464606,1.8863374032602724,4.74890966976051,6.798306565415364
D12_I5,PM,CO,S,157,0.9743507966378623,320.6746708630804,0.29860444691924837,6.148742054042124,155.22597841937844,157,1,0.9469746292146973,0.9873136254755347,217.61457213449606,424.3615761626631,116.61090663470968,198.25966576535058,-1.529272301421564,2.430217044752574,4.720166662929406,7.735277585454795
D12_I5,PM,HC,M,157,0.9896490926242132,8.534690765893119,-2.1842924287071908,4.5743755581893675,4.823823326254528,157,1,0.981980898228883,0.9946193920354475,5.704025980847892,12.172383730450731,3.828157384154519,6.119205407318343,-3.3626084837606562,-1.0532435588930795,3.9388912769422113,5.425278709603209
D12_I5,PM,HC,S,157,0.9914848824550976,7.740943589943054,0.14369532464924006,3.635268247632493,3.833505042831051,157,1,0.9829582574893575,0.9955304997710778,5.462252110735041,10.113274045453958,2.9219626514731183,4.844055245384306,-0.985128887216627,1.1734142062704804,2.9130149005317603,4.538635032158572
D7_I10,All,CO2,M,131,0.9948581812441849,186967.57685227244,5.541690868004845,5.744299288457761,63192.095157629235,56,1,0.9883260805668043,0.9960211358970644,59801.68484287732,286451.27274039993,29912.031809012486,110843.47563401917,4.44369971539623,6.995658746557991,4.724321212260348,7.3739968119934005
D7_I10,All,CO2,S,131,0.9981161477574153,113170.00516092726,0.25624124864642717,3.891059312073564,42804.90586669056,56,1,0.9944475144058554,0.9987184838452797,54314.09434375335,157509.0626928999,22436.09004966571,67842.238098554,-0.6835702205235844,1.5802716383838133,3.072045580725744,5.379551532318347
D7_I10,All,NOx,M,131,0.9733134979267573,587.4005680164853,12.050069088685378,12.210125651665061,185.74474378206344,56,1,0.9640907268710514,0.9864123908567362,139.103235500457,884.8912619190307,76.82401045777146,331.7949123745419,9.712610075837851,14.392561967140201,9.918562499499123,14.603599719365905
D7_I10,All,NOx,S,131,0.9960733125916791,225.321015972883,0.37402636762129404,5.5117453079336,83.84661626102981,56,1,0.9897124472685523,0.9972249079139432,101.17146176441835,317.57522259361735,41.94740413896071,130.2439194600422,-0.9649426908679417,2.3889351606924016,4.431555428395218,7.554556105697879
D7_I10,All,CO,M,131,0.9882479574009823,1803.232079640473,7.651520759292585,8.106583387001542,574.5242833781664,56,1,0.9798990441992943,0.994144122324763,469.8517083979021,2873.748317418998,239.8922725011863,1064.8098742274892,5.5855509855409045,9.51186804478589,6.402645446770912,9.968433540159943
D7_I10,All,CO,S,131,0.9965939007636887,970.7862017264214,0.32479115441998996,5.162857038491353,365.8985047855404,56,1,0.990795644280597,0.9971518307632853,500.02279709255754,1407.532533850617,203.58262413081187,592.0930217471798,-0.7307407891855282,2.5017470126705232,4.395521617907094,6.682333416705825
D7_I10,All,HC,M,131,0.9996342396120118,13.83561202897202,1.2219772432475962,1.9640611545150393,5.993822631951301,56,1,0.9972425396023608,0.999856087467481,7.598469783090784,20.404752909304833,3.578607431689451,9.60271283040268,0.578064621186547,2.4124359505751234,1.2360244238631108,3.4793539216334475
D7_I10,All,HC,S,131,0.9988659140488096,24.362565840326525,0.21293350002153932,2.9669372566863648,9.054349268008023,56,1,0.997152892464678,0.9990975650616597,11.542635571574861,33.97900616797112,4.631995053510586,14.169686411736038,-0.5434361954399897,1.3382735207200835,2.5039074683765827,4.024824581136035
D7_I10,AM,CO2,M,30,0.9852912314335149,82769.30979866859,8.563176300881214,9.094683915124232,43101.99459715817,30,1,0.9549952992632862,0.9946227701126609,37906.639496992175,118695.60671113142,20747.575638516944,69167.24477660512,5.308322084680117,11.138712571549,6.227611744414461,11.629950867805832
D7_I10,AM,CO2,S,30,0.9942999873866347,51525.12863847481,-1.544737782036798,5.154999574441663,24430.83958491834,30,1,0.9903800953085581,0.9990820748997252,16127.309539130838,85251.06734297004,13198.141938037616,42314.168568498004,-4.0878068902060445,2.4587890656565583,3.4426682898050704,7.119256057000084
D7_I10,AM,NOx,M,30,0.9432457185591304,220.25427259723048,17.998905676661515,18.199584267372646,115.45644178754266,30,1,0.8618546957501121,0.9732771157479758,95.75525206675472,319.47618688826714,53.32875850918021,189.01524402130718,12.810083243020884,22.376353585184425,13.334279500106776,22.636631264083775
D7_I10,AM,NOx,S,30,0.9879374337971282,101.54180567576687,-2.2273329853319423,7.298697608435602,46.30224752243059,30,1,0.9801972248531069,0.9981591762382297,30.1400497907727,169.16303358716704,23.864720374850823,82.32221559890957,-6.247220002358228,2.596584728833713,4.563955412748503,10.27748717475106
D7_I10,AM,CO,M,30,0.9715769343368938,728.763136743877,9.201679063973177,11.340825966648428,354.90820172570176,30,1,0.942250949819723,0.9871323640931623,325.5570482452557,1073.179370020983,155.599180716308,597.3504225578972,3.0281832175458745,13.222771452616255,7.708007160957194,14.359947043230072
D7_I10,AM,CO,S,30,0.9879687747552619,474.13920379697083,-1.4640395998187117,7.3066931607743335,228.66106383063354,30,1,0.9639885489671667,0.9983307382502493,132.05221322574766,705.857470446104,105.30006283518402,370.9451388531999,-5.443949333721047,4.447966274709938,4.228112775110316,10.782868481284044
D7_I10,AM,HC,M,30,0.996589772583484,11.176803056628424,1.7599105129732173,4.235918248164536,5.75530997809234,30,1,0.9860327049914929,0.9991905967286586,5.123457206097443,15.546929769254929,2.6058066514369274,9.08069424511175,-1.1721590707280516,4.04295817770655,2.3950041176063794,5.911282015615412
D7_I10,AM,HC,S,30,0.9964637890202084,11.38138230651508,-0.8075074622147516,3.783193367061384,5.140196117792355,30,1,0.9916700941436123,0.9995271905616826,3.2073105154528125,17.972274992824424,2.3612407443560253,9.120911097874986,-3.023745480791048,2.132868275155167,2.109003348572184,5.525152184182604
D7_I10,MD,CO2,M,25,0.9913329440625458,355641.9772991975,8.889830679017653,8.911580373176097,148098.81646730483,25,1,0.9749405397749478,0.9922524688848723,47176.94851722761,554491.7752334556,37843.94765163942,292942.88258768636,8.050646500542078,11.038919795248695,8.132903891670304,11.112097081656145
D7_I10,MD,CO2,S,25,0.9998972519568071,38722.55419061349,0.1135928855341195,0.941439148046823,15645.487978921821,25,1,0.9860650777696838,0.9999929055217712,10729.65145366884,60037.34446658162,3966.3730778744184,31530.797027532637,-1.303836494324496,1.7056771137703128,0.23786748364858465,4.268018033457528
D7_I10,MD,NOx,M,25,0.9466677905670564,1162.365490397537,21.16271640931757,21.16271640931757,464.58292238384695,25,1,0.8966281413426875,0.9512142321601657,160.25233926753407,1885.124449231659,124.21763253126325,982.7500683722325,19.22311556574584,23.31796150488455,19.22311556574585,23.31796150488457
D7_I10,MD,NOx,S,25,0.999822013683464,67.14925943949639,0.2830745817633096,1.2109577995273986,26.584031204059084,25,1,0.9916493381803866,0.9999877789422882,19.661702687968717,111.92927451520043,7.254900903378264,57.493668883239316,-1.255608328786251,2.199924348955847,0.26392220690311624,4.532617636043153
D7_I10,MD,CO,M,25,0.9771412058757947,3606.6982764734435,13.724563210550844,13.796217120056365,1440.5757445174409,25,1,0.9507011740384644,0.9805670857619606,461.56324714671615,5638.346457077529,360.4948212877868,2894.4286316173525,11.80944061335066,15.408288802452596,11.961590537189837,15.488746481372592
D7_I10,MD,CO,S,25,0.9994971428514698,534.9404865593164,0.9904252637515487,1.81370653771402,189.38391757441764,25,1,0.9350718264627059,0.9999803760930237,104.00733046386341,858.7505942924588,42.66189725387488,398.16019176155845,-0.6933152151722907,5.726811264597043,0.35945973708222856,7.550135207719527
D7_I10,MD,HC,M,25,0.9997230683242965,18.08325971406047,1.6876367635166423,2.02562809169522,9.578158312351926,25,1,0.9954300112350123,0.9998877149909235,6.175605402991937,26.8881175916016,4.361204923430574,16.20651801678059,0.8927580325489742,4.311471259749681,1.356437960020058,4.669554802162184
D7_I10,MD,HC,S,25,0.9999300627986564,9.087502170203807,0.4230308899410229,0.722291505871285,3.415346785160583,25,1,0.9962623398080018,0.9999979539310666,1.432872665691949,14.54511754371738,0.5241200198442802,7.326266170392627,-0.20767941368934617,2.196111282326542,0.1260733485339745,2.7212022473733115
D7_I10,NT,CO2,M,42,0.9998649406720174,32538.66165825126,1.0519478843145524,1.1646636015174288,16557.44029599131,42,1,0.999571780643194,0.9999416855360189,18093.51038521379,46721.10370481071,9601.065373487469,25746.181511599567,0.6743052283144269,1.694392817044527,0.8353335068528298,1.8291720585903004
D7_I10,NT,CO2,S,42,0.9974734209832739,140735.55701662044,3.3197181914785823,4.98773919992913,70908.19521379725,42,1,0.9936618041367825,0.9980649859621745,85762.84112892998,188775.65230374376,39521.59920912901,107989.65045791196,0.8629937522011634,4.404820102851606,4.188519271526726,6.701023363447129
D7_I10,NT,NOx,M,42,0.9992309093032578,112.67158956170866,2.6663574600935602,2.7609481570656977,56.865509218175,42,1,0.9980873021208075,0.9995057203141355,68.06417863596225,156.93529409579597,31.660746890185308,85.3318246763281,2.114389238913961,3.5340261780118842,2.2089045613727083,3.727905643686041
D7_I10,NT,NOx,S,42,0.995281343638832,279.08392212845484,4.538880965374714,6.8242866112533,140.5555306087765,42,1,0.9868553800519262,0.9964293386122746,181.39348597305565,373.1486548789072,81.01980617622819,210.56744275013887,1.4025086179044395,6.212862378307269,5.642606571652996,8.99707940862051
D7_I10,NT,CO,M,42,0.9996345218610946,348.43516716498084,1.7540718756038354,1.9522435704820384,180.6756365640288,42,1,0.9989951618566889,0.9997754806838814,193.46379440472887,493.08369915398487,98.29052039420678,275.6412272094072,1.3380951776224466,2.464867277275247,1.528837147485722,2.815566225709565
D7_I10,NT,CO,S,42,0.9965065523725531,1077.2546997310612,3.8322076736774457,5.91640669716814,547.5497844352469,42,1,0.9917801704792937,0.997378688185811,612.9273163631843,1457.518742369291,295.3701004803294,836.9861902242407,1.5823292049701227,5.157473270393543,4.888935214759776,7.689179884497824
D7_I10,NT,HC,M,42,0.9999642501648253,4.483990010556342,-0.04166060003766292,0.608341606731423,2.3199292559572577,42,1,0.999809560680318,0.9999881823699048,2.5149754160247118,6.094711955680097,1.2639015703536198,3.518353736542854,-0.363916702409616,0.42900077669966225,0.36809082768737617,1.1098704837674482
D7_I10,NT,HC,S,42,0.9985410804303552,28.644634784677308,2.483898520791894,3.8089737343891006,14.5256374112897,42,1,0.9959708341698287,0.9988928278389753,15.96072885334029,39.21968059766793,7.2052737054137515,22.173636025363468,0.9110208946672221,3.4153315361393064,3.138088398887055,4.896533944006341
D7_I10,PM,CO2,M,34,0.9925314384587645,185292.243666547,8.545354300093045,9.034489377980908,76094.7565770714,34,1,0.9532921273420926,0.9944026622540542,34919.70705524638,281881.4702827795,25276.37792415451,143728.5438428607,6.414812430323952,12.185349515775036,7.378521759258128,13.387553687435906
D7_I10,PM,CO2,S,34,0.9953373238442095,146405.1603320613,-5.030092418237175,5.256232689635406,44271.64948636423,34,1,0.9910869034135861,0.999129078615028,13393.719037694125,240175.61620447296,8840.804715875685,96614.66349830042,-7.341482078827229,-1.8758891022480246,2.5467166939667485,7.49624326803642
D7_I10,PM,NOx,M,34,0.9674124850799245,526.7626725781457,17.155078662290336,17.66699235779773,201.93952161954428,34,1,0.8610460155117111,0.9729351596531475,79.06874479406189,817.5197901979827,59.03569478276154,372.4876816135148,13.84161713323922,22.687380137524332,15.052196334638978,23.442374335369234
D7_I10,PM,NOx,S,34,0.9897844087564738,294.93147616073475,-7.494095878565954,7.788634957269177,89.02665408387928,34,1,0.9813133421525116,0.997576619156361,25.449684959757352,491.5839930112182,16.07933072757487,207.74003966410461,-10.45187531015135,-3.151874995689585,4.005291163695561,10.692494682348439
D7_I10,PM,CO,M,34,0.9876688886983286,1531.308914799288,10.690007382409572,11.37145136908938,618.0195506512797,34,1,0.9212126581530785,0.992538272897813,275.2300477265927,2425.544062569017,213.19031723056676,1236.8557642164067,7.929149400795333,15.373694207348178,9.030320552269265,16.66573968764103
D7_I10,PM,CO,S,34,0.9905932376404296,1337.4630367444308,-7.084664722406631,7.219865705170474,392.3877448925288,34,1,0.9872358011536104,0.9990912373215772,81.36625929358264,2111.868297661774,56.725409365356924,874.8988589676854,-8.842430829645675,-2.316084755038049,2.516908296862151,8.899122859327758
D7_I10,PM,HC,M,34,0.9990037533023308,19.027357359364487,2.777343166306223,3.4182484892072127,8.107072908348448,34,1,0.9843346883890137,0.9999265102596739,4.3652522961373235,29.514577066383993,3.3072855591749324,14.545307840841602,0.8343817074434269,6.291875225171253,1.4880700711257915,7.644561067359393
D7_I10,PM,HC,S,34,0.9969778630209037,33.139969162065896,-4.0899879534875065,4.172396711550739,9.895689108002891,34,1,0.9952933359669991,0.9996483951178846,2.469671730766065,53.01436376889843,1.6201840685060145,22.072841820173466,-5.3831289927950206,-1.4305174048839295,1.7434727410523356,5.431309900523394
D7_I210,All,CO2,M,172,0.9848806716851969,67793.97294803952,7.501360904069632,8.430780279010751,34649.89640478449,64,1,0.9652933769724995,0.9884425112487876,37966.3002614325,99240.3287224173,23722.469073248365,48707.564475156934,6.125467135606516,9.05521075795858,7.258787803105007,9.721508250595551
D7_I210,All,CO2,S,172,0.9982545552174011,23034.452497350634,0.37424161222865404,3.0362574618521374,12478.798287905935,64,1,0.9928709143078752,0.9993791531133538,17420.077899144297,28740.23504744249,9535.96487725854,15613.614663062159,-0.36415211620953314,1.0363632223055177,2.1224613922154436,3.972708418182144
D7_I210,All,NOx,M,172,0.9425983890049573,180.50636735950803,14.751455796576952,15.642427289958212,87.89986440610552,64,1,0.8831645633371843,0.9529661332434974,97.41490413661542,282.91233017946854,58.25030427307912,131.82398188190314,12.784754537793768,17.197694005581702,13.797778633030015,17.875632851614803
D7_I210,All,NOx,S,172,0.9963277522162247,45.65585437970036,0.6038699765957833,4.385699683826944,24.644666737991795,64,1,0.9837573544667482,0.9985324031399798,33.24887061715927,56.53852515813884,18.544440299955976,30.548077439209834,-0.5564536775531839,1.569340804487211,3.179517248859293,5.947398315227773
D7_I210,All,CO,M,172,0.9712197313259361,595.4066211187459,9.128165270052047,10.597513501056278,282.7409807496957,64,1,0.9510443315759669,0.9757459154592698,299.8670639940663,891.2929127146508,179.37913808089868,406.9097271482791,7.096882679276683,10.79025336566116,9.01980237899259,11.891429129886797
D7_I210,All,CO,S,172,0.9951057801105887,245.53192947870042,0.8937249526710378,4.359193828844864,116.30301186431798,64,1,0.9734299041368439,0.9987749800485797,156.60967085322642,340.42683347076155,84.8091303718076,153.12483673821356,-0.2435174292135228,2.3711899160449756,2.9450042244386934,6.362585729848201
D7_I210,All,HC,M,172,0.9966133301298529,8.964628892865866,2.567228232358798,4.281461511312611,4.931915360692153,64,1,0.9902620314309651,0.9976635543960883,5.958627881582342,12.0682301644814,3.6348250600466603,6.523256617512111,1.5345524138004858,4.020527033505462,3.5196799060899697,5.386059948198777
D7_I210,All,HC,S,172,0.9985616101921803,5.842304416435589,0.47158983352195705,2.5239963458225003,2.9074502516026364,64,1,0.9934426417858813,0.999563605815097,3.9019093007205514,8.00936777105054,2.170418284220514,3.957033106433635,-0.212835474276149,1.2910474437684831,1.7510369885161563,3.4795652057514297
D7_I210,AM,CO2,M,47,0.9791930183135757,54129.54506184553,9.85107588255627,10.050306490541539,36296.90241247031,47,1,0.925654354411392,0.9927671391223317,37414.12890363498,70234.12825343391,25300.9092250438,49201.701927167436,6.7348813050923715,12.88600788121912,6.955918777925612,13.007701307913601
D7_I210,AM,CO2,S,47,0.9926697366276519,32128.438902354505,-1.1106121142529402,5.390698193200292,19468.62480639911,47,1,0.9752606543380177,0.9972196231514214,19787.193596592282,46248.332499740485,13073.905342711907,27323.463086426375,-3.871728693948364,1.0704491817154864,4.035332750502072,7.061606677056674
D7_I210,AM,NOx,M,47,0.9419409152648436,127.0853019953879,18.181775731676055,18.33488015556048,88.91570576805299,47,1,0.7536839717219164,0.9787994261241518,91.45148801314686,158.7959887280446,64.59381121266999,116.39616624762205,13.187547832100407,24.157390380190282,13.310619695734875,24.305290122493105
D7_I210,AM,NOx,S,47,0.9851166827860256,64.34430314268985,-1.4701864895074856,8.129293675880731,39.42332202086919,47,1,0.9305295926686994,0.9946617831168669,39.498560459227065,88.60346780322645,26.59272919012268,55.527651379838666,-5.81210099454969,1.758486065632068,5.927412004805756,10.834645457859008
D7_I210,AM,CO,M,47,0.9786269174622805,370.7795165898606,10.020025505652598,10.321670956888124,248.22827719452994,47,1,0.9109998922259563,0.9933300966258618,261.4594565082966,458.0011479541925,172.10568853711789,319.63222065117435,6.588822449375816,13.637322516615637,6.898978053038303,13.779892193496995
D7_I210,AM,CO,S,47,0.9824239935992289,336.23448486532504,0.551067787602233,6.5965978971816215,158.64312456789753,47,1,0.9287064597943073,0.9964683783410786,155.70067312226254,527.8542307443877,95.89131081077986,254.12170014610928,-2.82955640910295,5.045139843765245,4.391919152489723,9.752683171814923
D7_I210,AM,HC,M,47,0.9948249504739302,7.556291761735459,3.911135132222854,4.77917114817183,4.935266481354303,47,1,0.9824428433428043,0.9980053585311627,5.588394636743246,9.962804091542075,3.5186960367162112,6.631179866315682,2.315550446963122,5.640968904648985,3.2431703309303255,6.375139206951383
D7_I210,AM,HC,S,47,0.9935777148726179,8.417754481878545,-0.10324376596654306,4.267219922697323,4.4065941143604785,47,1,0.9766023118422974,0.9983404492333722,3.9080056032165706,12.357088726090183,2.4551844228608566,6.49247774793833,-2.2950550373536247,2.4108966381558847,2.8479715235723853,5.82508569202926
D7_I210,MD,CO2,M,31,0.9736696219709678,123135.22949175922,12.657706534410762,12.955032434960033,70951.59887616275,31,1,0.9486962441525278,0.9779006869014548,58024.28178767809,181255.0207809809,41785.32045915767,103578.11356687397,10.598481558450958,14.204016717180433,11.287103621270573,14.444199686118926
D7_I210,MD,CO2,S,31,0.9997857454698347,11107.562960664289,-0.5982233853614072,1.151879641565501,6308.567940086804,31,1,0.9983898822123756,0.9999431402284947,6251.001634677349,15061.587519782792,3424.893115318709,9965.307250139576,-1.4399635596566982,0.006291688213255374,0.5177099335194756,2.1031719476475548
D7_I210,MD,NOx,M,31,0.896486285526793,321.8390028739109,24.856782115808883,24.989092206515632,180.71634289746385,31,1,0.8170613540655859,0.9091186799390883,151.66099296483492,523.1494246486936,104.65370225611593,301.1996552219353,22.158409286944938,26.68450500206803,22.527582363197872,26.720310995094515
D7_I210,MD,NOx,S,31,0.9995379622587103,21.50197999982128,-0.6449159267115201,1.625348191879222,11.754207745683226,31,1,0.9953371353026916,0.9999080456164007,11.693424152179155,29.625421807666502,6.163871519411963,19.088774190903887,-2.0333590901927305,0.4311858171318186,0.7023728371210618,3.32288593998285
D7_I210,MD,CO,M,31,0.9453402125661021,1101.871649365588,17.24824393878417,18.01946584725574,622.8003711387437,31,1,0.9013115498025399,0.9522980034394644,522.5612338454783,1676.97139840766,360.6437680047668,985.2857200430977,13.845465844152551,19.124308341149252,15.982495052143621,19.31617073679655
D7_I210,MD,CO,S,31,0.9965200624578354,278.0243054314236,1.1193013674599017,3.4293737793651893,118.52822279342915,31,1,0.9671319764223557,0.999783702362208,80.49475278542866,414.58894862460284,43.17788502613418,208.54071279495227,-1.3971586551548951,5.175539967607681,1.060620049065132,7.6176121816574085
D7_I210,MD,HC,M,31,0.994490742026148,15.985072989138695,5.448634761132132,6.182094953249893,9.64235130249902,31,1,0.9850385985696658,0.9957971142714706,8.299545963941549,24.53492543010418,5.907780767343693,14.5562766935175,4.00793725905791,6.941068160950361,5.097915795064311,7.769233826364696
D7_I210,MD,HC,S,31,0.9993805361173254,5.360139151580201,0.3885434427912893,1.6055171674404205,2.504160914337852,31,1,0.9937412965396887,0.9999526453438247,1.8741280174593793,8.378435968885075,0.9454705722884477,4.482048590612177,-0.7325253772206305,2.103109006592096,0.4667085947552794,3.762893359923321
D7_I210,NT,CO2,M,53,0.997969395436241,22111.6797007625,0.9234938475813914,2.951542297383391,11188.422142911568,53,1,0.9957044552976273,0.9987676569284423,12297.732047740828,29673.23858672681,6763.392273130636,15907.836837857176,-0.4612763045424733,2.6999402367269587,2.14747317623391,3.8851828352906375
D7_I210,NT,CO2,S,53,0.9982437820328491,20563.55815802681,2.5475822976333884,2.9559059073472738,11204.963295103837,53,1,0.993133624624394,0.9994391906795914,12991.857082756444,28224.03692345628,7112.041258081939,15989.231364536472,1.4530675720240949,3.9399854413075466,1.9095890725996074,4.539000776009052
D7_I210,NT,NOx,M,53,0.9966219333458579,41.836966970067806,2.080148988259145,4.130895008716119,22.762598189424182,53,1,0.9870119303336746,0.99809928527822,28.15413600861617,56.187367334741324,14.458088164594473,32.9079140014541,0.014427115043674863,4.703115730670772,3.1341542620503775,5.784449263901772
D7_I210,NT,NOx,S,53,0.9967853850260524,40.81225265854393,3.450977314403425,4.05180922674272,22.32680936551108,53,1,0.9862063850956234,0.999164866186597,24.321985558836477,55.79019339002601,13.86394321682926,32.84421840908781,1.849063619259208,5.4231466218167865,2.4480076218981903,6.082215081373532
D7_I210,NT,CO,M,53,0.9969974461043567,176.3317256299637,1.0996435670782345,3.8542715751949745,95.55718523712174,53,1,0.9905813824068399,0.9982717028935222,117.91338742773928,232.15488857434605,62.091188718123625,138.58635379119167,-0.5981401046958162,3.2785441452481927,2.9095932167262086,5.209905803338378
D7_I210,NT,CO,S,53,0.9971694163318907,171.20760423365212,2.595800350244293,3.8222831565397803,94.76411106286034,53,1,0.9889340571002343,0.9990950099184541,111.06324327455162,228.2763966683731,61.086013296435375,137.18215763183724,0.8988146157683152,4.497972356186159,2.421627734787465,5.420868861935111
D7_I210,NT,HC,M,53,0.9984171762312529,5.19832685550731,-0.05235375133494369,2.475908487737047,2.516536791295045,53,1,0.9968202783674176,0.9991507685221881,2.574749396179192,7.743270904530612,1.4620939846281906,3.850376459121485,-1.2588015005535655,1.3697185626983854,1.7980452089944328,3.224603704141536
D7_I210,NT,HC,S,53,0.9988498857039888,4.431163781724302,1.734223429806936,2.4299169114769654,2.4697905184334292,53,1,0.995257187217428,0.999622923523767,2.7444877397600704,5.857992609879639,1.5698763046862554,3.526897412318857,0.8219641646741016,2.917841251397675,1.5645399741909836,3.6315573432202957
D7_I210,PM,CO2,M,41,0.9890331013139001,61853.80709278059,7.785211492185318,8.777925937839216,35642.483646377295,41,1,0.9651885323610899,0.9916654957628405,32377.756778588395,91557.876149148,22845.846125564312,52353.24482519029,5.985710915051048,9.528312269763596,7.512842215057987,10.224978729111692
D7_I210,PM,CO2,S,41,0.99884575534464,20066.584395574686,0.257146001437647,2.6543817902818123,10778.03119111873,41,1,0.9883606887925062,0.9997904429690332,9947.762436160674,28461.486103824733,5777.38681147062,16039.492440554777,-1.2369818998147095,1.9611164499594596,1.3473060100651235,4.579601432070897
D7_I210,PM,NOx,M,41,0.9382686751358931,193.89200220435032,17.68938611792612,18.578346589056093,100.75888226562925,41,1,0.8650390910935493,0.9469882701387053,86.94998789747991,331.07758861163194,58.97335100317408,167.58115332664855,14.035643995114482,20.53991322290675,15.786890550501324,20.91157487016388
D7_I210,PM,NOx,S,41,0.997543880755293,38.67513340865141,0.24951912028128298,3.769915928969401,20.445980669889494,41,1,0.9780875565246544,0.9995780564909614,20.57603832610053,55.15181935814842,11.538414787708172,30.994857854183532,-1.9505758692632564,2.2762109750152875,2.0152657447859386,6.545824853817956
D7_I210,PM,CO,M,41,0.9725322517119578,609.4467286051974,9.912035085543058,11.734544973030877,307.1555448277135,41,1,0.9333859946835275,0.977152423917786,267.4264241369306,925.9834544404561,172.8758774512952,488.0874179403109,5.677838466534259,12.516658721031643,8.922137147100331,13.959664078413466
D7_I210,PM,CO,S,41,0.9980052764220669,164.23494950164917,-1.0545973437435574,3.5883899380199793,93.92727787911234,41,1,0.9828036053392855,0.9995839006310384,99.21576377142065,214.16719180216052,53.577282700693935,131.9258260949854,-3.365656860200141,1.0515586864756177,1.869191456505249,5.837907789297881
D7_I210,PM,HC,M,41,0.998450336707048,6.599564650529146,1.2283138835148977,3.884834543464728,4.488843343885148,41,1,0.9875060311605004,0.9994859446525991,4.762136675135203,8.364561644712664,3.0710639699006217,6.094154709937629,-0.6504085737604542,2.961321426125925,2.5450695101666256,6.067654319779291
D7_I210,PM,HC,S,41,0.99947141059365,3.854391653161093,-0.29047811044715655,1.7824655132374285,2.059600831201603,41,1,0.9949432501568611,0.9999213902869869,1.7771389974878442,5.513792517554087,1.1211940874980926,3.102095097763768,-1.3727098117636822,0.6153575227275029,0.8203228713029999,3.0677022672517813
D7_I405,All,CO2,M,44,0.9977921567168034,77683.05069868268,4.5696410718683245,5.325260001728281,40045.59258804122,19,1,0.9486933406110198,0.9982675789677996,33881.744881172344,126095.19343061776,21539.151021703634,64203.01224556706,2.867858207570422,8.680104138538917,3.3815304520758938,9.69882733175527
D7_I405,All,CO2,S,44,0.9910053954186597,156795.3535671043,2.6544158450794386,6.888489429678282,51800.97143771351,19,1,0.9739465742942686,0.9913254910939553,25891.25216527535,267466.2483151643,17608.901324913226,109337.4726417632,-3.9222730407951407,5.829873388985011,5.055963592813139,7.720014414279861
D7_I405,All,NOx,M,44,0.9933410646201514,194.6512956407232,8.936499093878814,9.28295087503569,95.06902060547442,19,1,0.8620683004582661,0.9944142188816102,73.03478453849495,311.76408476044406,49.14735014215009,149.61137558424318,6.210243536748606,15.551153635665575,6.388621671499873,15.768187212132862
D7_I405,All,NOx,S,44,0.9832877376443238,308.37028417422493,3.6891421398487223,9.998615893279675,102.39832497021321,19,1,0.9422937033414398,0.9839215737901741,50.740169378759134,556.8184496490787,33.70097028462067,230.7095911115791,-6.200955492191092,8.010069919580275,7.369748730124712,11.319211108190846
D7_I405,All,CO,M,44,0.9940689572239426,863.3204007348974,2.2000144049394876,7.2193502154591656,372.4751170328271,19,1,0.940564792433472,0.9945619719671793,196.72801546558136,1542.0525413413002,137.3474184016998,751.547319417384,0.01176103121753536,8.104847130673583,5.409684756399623,9.730772563743106
D7_I405,All,CO,S,44,0.9884122142350591,1206.720537567194,1.6788867328128898,8.450935384717894,436.01751577575374,19,1,0.9158442331769687,0.9895307825723331,213.1078452137921,2091.4068777100374,134.37859502510562,898.649748787372,-3.178624006744201,4.14165856494221,5.508116054795669,11.081201034224742
D7_I405,All,HC,M,44,0.9979987631990649,20.42122340746102,0.0048871039940889816,4.346677995490854,9.34888733620713,19,1,0.981125255280793,0.9983190918206145,6.16875706468502,33.61552059108628,3.9495794897324337,17.0825724211437,-1.4301646308250695,3.6475695751778843,3.558072282364881,5.85452531254795
D7_I405,All,HC,S,44,0.9954364847748726,30.837720519153187,1.1751297997418808,4.890233764286102,10.517973624329649,19,1,0.973449247162353,0.9956940761902099,4.993905906234908,54.832470571584814,3.5021015039977783,20.712993113678813,-2.148473081684915,2.9812077296332924,3.6969458503825607,6.1542498310103015
D7_I405,AM,CO2,M,11,0.9775673374166705,36126.83767184199,3.9637797685578624,6.7944469308397775,27011.035687664567,11,1,0.9142877516814913,0.9949776482520227,19756.347255227745,52675.54552967961,15676.17427268156,42516.84850882772,-0.39924117558124905,8.62604454717162,3.8322350469729356,10.79284418854367
D7_I405,AM,CO2,S,11,0.9864259115191196,28102.494632759663,-3.668055491046973,4.7850566914041845,19022.789989330544,11,1,0.9662865883776778,0.9965757106060407,12959.17458014422,42201.79064231041,8947.485284015125,31860.513462255658,-6.756251772926735,-0.5740932150520931,2.3891410214692925,7.3139974854280485
D7_I405,AM,NOx,M,11,0.9365992664377532,86.78627043813016,8.925799726182015,11.476003423551544,63.66809001850333,11,1,0.7543863679383855,0.9849714763487966,43.100281284671084,123.22001188985463,31.09345214738844,95.52521631345832,1.7584481274603492,17.466519834790088,5.956841269955924,18.67191082367769
D7_I405,AM,NOx,S,11,0.9720675880395072,57.60472441223909,-5.420680605588091,6.8574020937225715,38.04440254001645,11,1,0.933905489212251,0.9936507175642678,23.54808684738818,87.55114540636669,15.584276583513983,63.57416132994811,-9.790385536730527,-1.126946009971658,3.2832934782067777,10.490430810529581
D7_I405,AM,CO,M,11,0.9640566491513757,303.58970910272774,4.38728107043036,8.280229921354215,214.42266988371756,11,1,0.831371178891234,0.993640471068781,154.05268282860783,451.8119641235324,104.06802283235255,359.0441544270468,-1.3137220218518608,12.376003491383463,3.6944943627726476,15.729769986991439
D7_I405,AM,CO,S,11,0.9642184153734522,302.9057725687228,-6.097555223364259,6.8790188420285086,178.13727400058906,11,1,0.9160594213749323,0.9953036883038031,97.50542664870135,498.65999474643644,66.63633344870172,357.6881702548093,-11.43873415612042,-1.615441017625996,2.907304521933988,11.6591541325861
D7_I405,AM,HC,M,11,0.9880681897716856,7.2500697656533815,0.05884175725128227,5.060950968991913,5.573069391906361,11,1,0.9505801274790374,0.9966314557080732,4.0410963380947855,9.989179877247526,3.0126285892788336,8.345284568682898,-3.4640394028772743,4.517444238942992,3.146291899914393,7.6342957070900885
D7_I405,AM,HC,S,11,0.9886298116518446,7.077385409913441,-3.387736542174291,3.8765491508508103,4.268817767884952,11,1,0.9736743914608831,0.9985976695035155,2.3222664302193143,11.310292679064908,1.5442525710147972,7.877291698673874,-6.046657474346079,-0.6305374624135339,1.5607214913436074,6.168005609445106
D7_I405,MD,CO2,M,8,0.9566538788515927,73093.83233450055,11.12803493457315,11.512914780578976,60711.53644406233,8,1,0.801657453513698,0.9795429660393051,45937.25295874481,95551.36410866347,33700.81648119032,87598.47492677547,7.44837689919298,15.133411647921594,8.355862623434172,15.252882238759515
D7_I405,MD,CO2,S,8,0.9933696025383396,28587.448419732395,-0.900876913271742,3.5832272268056706,18895.582440559745,8,1,0.9572793743675344,0.9994848259039562,7865.306736674329,40493.02215154667,5553.6128345485295,34140.7943744714,-5.055514973589988,2.995153124718387,0.9967902639140643,8.785802216348232
D7_I405,MD,NOx,M,8,0.8341252213439564,160.9212829884506,22.413092654004373,22.413092654004366,137.62463209496713,8,1,0.33839661550051464,0.9077954020223866,114.32214528486327,197.9672049574306,78.40688682269945,191.54449829412516,19.074059499978578,26.53210582311136,19.07405949997857,26.53210582311137
D7_I405,MD,NOx,S,8,0.9790965192381506,57.12584179513685,-1.1000094636608115,6.653839981342056,40.85702466800703,8,1,0.8874707835943932,0.996969456792068,24.394198970925647,81.63934226217988,17.04069203577855,69.3747860386056,-8.310597099841319,6.2755321372242845,2.606921250952877,14.072004516184498
D7_I405,MD,CO,M,8,0.9795762803739811,394.6033429256747,7.581949956966216,8.452271498384306,327.09036835402156,8,1,0.8626112779147358,0.9951767066950096,228.34772430067335,532.0989433781824,167.20885729700248,463.0368655656663,3.6137707821595173,12.458341827518407,4.74967617755496,13.525991735605785
D7_I405,MD,CO,S,8,0.9483545791294489,627.4935276874807,7.496900408864837,8.567391933838506,331.5453584291733,8,1,0.5624359504529355,0.9997368704992959,30.138547414500366,941.1911886151568,22.939414899449016,728.894644578515,-1.208502373204303,17.210039958924465,0.7172571632251473,18.20266970373131
D7_I405,MD,HC,M,8,0.9938308736449267,9.258834680939385,2.8783320323298778,4.903723013481828,8.2206989987146,8,1,0.9522196259359175,0.997377484809965,6.4495402607399255,11.812439224279338,5.19380898227569,10.830661318090089,-0.5105094134633661,6.257541671624414,3.2134633822488183,8.470204104350332
D7_I405,MD,HC,S,8,0.990447281212785,11.521472658959752,2.7716892392706027,4.316917775209802,7.236967001323877,8,1,0.9094604280662154,0.9985455425701049,3.2941278723948133,17.90077025588751,2.100202556553966,13.954745923080562,-1.443588614870506,8.29992653493301,1.3908425122494619,10.256717346857265
D7_I405,NT,CO2,M,16,0.9999320241217183,17794.087879937168,1.2726250745260126,1.2737211805016369,11900.286172669727,16,1,0.9915699285722969,0.9999882390415856,8862.511963872357,25752.63974544802,6155.49757055911,18860.50267491761,0.4871689658016831,3.82954709875752,0.4883955503403078,3.8326521792691652
D7_I405,NT,CO2,S,16,0.9980024694776504,96459.50509036837,1.3100281653294577,5.712954416352869,53375.72577637539,16,1,0.9456495691547616,0.9982957689481906,31587.983799453064,153583.72153553469,21946.88852778404,93545.93983533072,-6.570321057740665,3.6952115071148963,4.240268535584745,10.71129704091062
D7_I405,NT,NOx,M,16,0.9997309572646261,51.685188708247146,2.5206635606775496,2.522903148361072,34.10751743160804,16,1,0.9770823600144602,0.9998337300870337,22.314490526661675,77.77949278742352,18.162194059351545,57.188659391883455,1.4459189871331952,6.566209755946098,1.4459189871331783,6.567050341419907
D7_I405,NT,NOx,S,16,0.9967721311215461,179.0248892236937,1.4702648604178137,7.5999385525118806,102.74474342280644,16,1,0.9039841876822746,0.9973289568307012,64.51183259950945,284.14316625073087,47.18681424636627,180.24519181905913,-8.70226833962349,4.586476295060481,5.363168896362437,14.761686453818411
D7_I405,NT,CO,M,16,0.9960753186331966,945.0832614313766,-2.4044615240762957,4.973538547968545,317.03671837679684,16,1,0.9856443739404637,0.9987693015647352,71.76706579160637,1630.0946942347023,58.884663255588734,800.1155643471704,-4.744662705518226,5.034588651085598,2.374256961059389,5.776524689336996
D7_I405,NT,CO,S,16,0.9982997323191046,622.0517547071747,-3.383177614138222,6.151442767810098,392.121868480495,16,1,0.9089503822818422,0.9990892368391122,252.3983721351722,907.1440238782158,180.79266475506626,651.3843469771876,-10.677285367692662,2.9945989427789175,3.674825183422013,15.085121517961937
D7_I405,NT,HC,M,16,0.9980266229540795,26.620469511523478,-2.0683395745632938,3.173452676786464,8.168000136145444,16,1,0.9962492891975531,0.9996263439946482,1.2132327795745446,45.95394319330435,0.7507704249212726,21.67389081592145,-3.4431429401829226,2.386426794506985,0.8913522521616816,3.8381687395440287
D7_I405,NT,HC,S,16,0.9996209584829866,11.666862126482402,-1.4118304499696643,3.235456154518463,8.327587962446135,16,1,0.9724268263681282,0.999866439637719,6.806575132992915,15.637971188020005,4.665694158383303,12.396030507622992,-5.4409747628557135,0.8393064268121281,1.6082022210351734,8.56661292625304
D7_I405,PM,CO2,M,9,0.9950321127404517,150318.36883292493,7.111477185858206,8.2618615645799,87643.09011047654,9,1,0.5988151139163116,0.9953449440454815,36953.557411259775,250541.01769822583,30713.706094742764,175992.06711715864,3.6182511199094907,17.42509113800131,6.435165455404858,18.553059888085873
D7_I405,PM,CO2,S,9,0.9775831419267377,319310.764641972,9.22626237642743,11.153012832269281,118312.86460336385,9,1,0.9642459306048979,0.9954296172679912,12499.669224899922,552672.284355538,9676.645473010865,330751.53416892566,-5.117773169422642,12.53345586962601,3.0497457262894994,13.036731059013801
D7_I405,PM,NOx,M,9,0.9837890482907891,385.04893556283764,14.787333037273909,14.787333037273898,203.99673119687466,9,1,-0.7406368239790183,0.9845646156559749,79.240496477081,651.4197217671157,62.13742865106172,443.677145528966,12.15349522098579,33.926997049187364,12.153495220985773,33.92699704918735
D7_I405,PM,NOx,S,9,0.9561591385887096,633.2150238884482,13.927377525763784,17.044895594668258,235.14064207113785,9,1,0.8644663569801645,0.9809060211200223,25.272516074589046,1095.97492381604,20.11683137048482,657.5969576193123,-11.053233677455124,17.937566314377424,6.086354155516801,18.78872416281216
D7_I405,PM,CO,M,9,0.9901461270101667,1343.4502381517405,5.870367695776912,9.669327924170817,704.5494822069527,9,1,0.8462667935992096,0.9911169198379827,188.5472680248031,2242.225487457299,170.9328064066332,1479.2511161378623,-8.01001559017159,9.619157826572987,7.931727595383348,15.467097376489692
D7_I405,PM,CO,S,9,0.9674112758901714,2443.1592909848036,10.183015930805794,12.655092345722448,922.1053241117083,9,1,0.9488610252294117,0.9957153585616738,108.82389317545196,4227.355920828356,84.40297349747773,2541.990864630233,-6.296562075984736,14.45341223434263,3.2781862539816125,15.214132236282786
D7_I405,PM,HC,M,9,0.9980933922051479,25.269135638026647,1.65863332014482,5.499309099029944,17.065965034899982,9,1,0.8723179746719784,0.9989093993752257,8.463257144977282,37.07299080611019,6.75939662833675,30.623112996700193,-8.302469686799764,8.411289603667983,3.221777935139715,14.532009980288388
D7_I405,PM,HC,S,9,0.9873755687291152,65.02279229916043,6.201821870975177,8.045100341734994,24.966300068226758,9,1,0.9759880918893686,0.9978456332741906,3.350131977876168,112.45344345057421,2.627738139244715,67.54031726649406,-4.164976398480241,8.97749582241471,2.3371437485481716,9.568767909153904
