sensor_uid,corridor,sensor,date,period,H_h,flow_source,holdout,is_average_day,V_veh,D_veh,QDF,complete_observations,all_episodes_valid,period_model_pass,dataset,O_H_CO2,S_H_CO2,M_H_CO2,O_H_NOx,S_H_NOx,M_H_NOx,O_H_CO,S_H_CO,M_H_CO,O_H_HC,S_H_HC,M_H_HC,paper_corridor,profile_kind,month
AZ_I10_W::137,AZ_I10_W,137,2016-01-01,NT,10,measured,False,True,4349.183333333333,0.0,0.0,True,True,True,I10_monthly_average_weekday,1471351.2425752925,1457846.3453859107,1587497.2529538423,1948.3354284200557,1921.5563608307727,2336.6541275087475,9179.944108267584,9076.657019863922,10406.219634897747,416.7481672125678,414.0008191205149,421.23248108750624,AZ_I10,constructed_monthly_average_weekday,2016-01
AZ_I10_W::137,AZ_I10_W,137,2016-01-01,AM,4,measured,False,True,3306.5,0.0,0.0,True,True,True,I10_monthly_average_weekday,1083047.527651287,1083047.527651287,1206906.9672601859,1427.5419850844903,1427.5419850844905,1776.4592293436715,6743.132412970499,6743.132412970499,7911.408323276646,307.5650359266008,307.56503592660084,320.2452258199829,AZ_I10,constructed_monthly_average_weekday,2016-01
AZ_I10_W::137,AZ_I10_W,137,2016-01-01,MD,6,measured,False,True,5928.633333333333,1463.733333333333,0.24689220112561067,True,False,False,I10_monthly_average_weekday,2044648.7440534707,1926036.843092376,,2474.153181293339,2437.100797004938,,14149.42556737132,20896.195226781416,,624.8383518266471,743.9992192645954,,AZ_I10,constructed_monthly_average_weekday,2016-01
AZ_I10_W::137,AZ_I10_W,137,2016-01-01,PM,4,measured,False,True,3533.0666666666666,3085.616666666667,0.8733536493320251,True,False,False,I10_monthly_average_weekday,1722971.4779286124,1564015.9692255463,,1221.7005023397928,919.6308326835135,,14984.318126496408,14142.480786276123,,656.2427707617176,620.7933632771286,,AZ_I10,constructed_monthly_average_weekday,2016-01
AZ_I10_W::137,AZ_I10_W,137,2016-02-01,NT,10,measured,False,True,4519.088235294117,0.0,0.0,True,True,True,I10_monthly_average_weekday,1529584.2933316512,1529584.2933316512,1649514.313273857,2016.1126291401015,2016.1126291401017,2427.9376996239653,9523.302683773018,9523.302683773018,10812.748307372585,434.3730409980541,434.37304099805414,437.6883207053358,AZ_I10,constructed_monthly_average_weekday,2016-02
AZ_I10_W::137,AZ_I10_W,137,2016-02-01,AM,4,measured,False,True,3442.985294117647,0.0,0.0,True,True,True,I10_monthly_average_weekday,1128221.9050083724,1128221.9050083722,1256725.5223483888,1487.0853741609972,1487.0853741609974,1849.7876915862178,7024.3913609069,7024.3913609069,8237.974448148025,320.39370562027955,320.39370562027955,333.46426826238803,AZ_I10,constructed_monthly_average_weekday,2016-02
AZ_I10_W::137,AZ_I10_W,137,2016-02-01,MD,6,measured,False,True,6192.588235294117,1517.4264705882354,0.24503913596899524,True,False,False,I10_monthly_average_weekday,2071313.4664358676,2509346.90824705,,2490.0849638630107,3307.5169604357357,,14377.116061609417,15623.375743336785,,637.7884293574865,712.6071130608813,,AZ_I10,constructed_monthly_average_weekday,2016-02
AZ_I10_W::137,AZ_I10_W,137,2016-02-01,PM,4,measured,False,True,3296.3235294117644,3139.455882352941,0.952411331697524,True,False,False,I10_monthly_average_weekday,1584320.3831642144,1430114.7147336924,,1140.4582196733395,840.8977988854726,,14002.506019005214,12931.690131851401,,607.1936874728497,567.6449224947844,,AZ_I10,constructed_monthly_average_weekday,2016-02
AZ_I10_W::137,AZ_I10_W,137,2016-03-01,NT,10,measured,False,True,4822.912499999999,0.0,0.0,True,True,True,I10_monthly_average_weekday,1616813.0876127128,1616813.087612713,1760413.3369835902,2131.0870535908507,2131.0870535908507,2591.1711546777437,10066.395479835744,10066.395479835746,11539.703642805074,459.14437056756014,459.14437056756026,467.11468400802005,AZ_I10,constructed_monthly_average_weekday,2016-03
AZ_I10_W::137,AZ_I10_W,137,2016-03-01,AM,4,measured,False,True,3495.0,0.0,0.0,True,True,True,I10_monthly_average_weekday,1135839.739376206,1135839.739376206,1275711.432201527,1497.1262801395978,1497.1262801395978,1877.7332546669081,7071.820549867591,7071.82054986759,8362.429181869615,322.5570266576367,322.5570266576367,338.5020608621927,AZ_I10,constructed_monthly_average_weekday,2016-03
AZ_I10_W::137,AZ_I10_W,137,2016-03-01,MD,6,measured,False,True,6270.5250000000015,2641.4625000000005,0.4212506129869508,True,False,False,I10_monthly_average_weekday,2201504.4946217607,1709835.8468294414,,2592.9243537582292,1626.5950797499504,,16494.71142377916,16122.599411046851,,706.4610233769522,635.1865837164263,,AZ_I10,constructed_monthly_average_weekday,2016-03
AZ_I10_W::137,AZ_I10_W,137,2016-03-01,PM,4,measured,False,True,3232.3125,3074.7249999999995,0.9512462053096659,True,False,False,I10_monthly_average_weekday,1499158.7592486632,1357054.044215101,,1069.5400811195361,797.9386177853603,,13253.933954215307,12271.04526033307,,574.4637199485248,538.6454875357044,,AZ_I10,constructed_monthly_average_weekday,2016-03
AZ_I10_W::137,AZ_I10_W,137,2016-04-01,NT,10,measured,False,True,4723.5,0.0,0.0,True,True,True,I10_monthly_average_weekday,1771894.2065366756,1771894.2065366758,1724126.7381985446,2608.0699689457306,2608.069968945731,2537.76052315283,11614.962009360806,11614.962009360808,11301.840984423783,470.16106103820994,470.16106103821005,457.4862616545257,AZ_I10,constructed_monthly_average_weekday,2016-04
AZ_I10_W::137,AZ_I10_W,137,2016-04-01,AM,4,measured,False,True,3377.8888888888887,0.0,0.0,True,True,True,I10_monthly_average_weekday,1250896.03359289,1250896.0335928898,1232964.6558689754,1841.207204951386,1841.2072049513858,1814.8138189517938,8199.761506213155,8199.761506213155,8082.219346940649,331.9174498301788,331.9174498301788,327.15947074460405,AZ_I10,constructed_monthly_average_weekday,2016-04
AZ_I10_W::137,AZ_I10_W,137,2016-04-01,MD,6,measured,False,True,6093.763888888888,1194.5555555555554,0.19602918283946932,True,True,True,I10_monthly_average_weekday,2201385.2387599284,2029465.840460851,2388574.1347455694,3033.98689795989,2674.9958986891784,3256.6750370932486,15245.146683361458,12635.601430627315,16386.442274812307,622.6306025435683,576.3299561624821,672.3614587349573,AZ_I10,constructed_monthly_average_weekday,2016-04
AZ_I10_W::137,AZ_I10_W,137,2016-04-01,PM,4,measured,False,True,3133.6805555555557,2428.9444444444443,0.7751091412742381,True,True,True,I10_monthly_average_weekday,1199785.2383226766,986590.2673293783,1477877.9191646432,1146.9683387497203,762.8008810353138,1648.4792428356145,9873.407229029543,8836.490047691304,11170.114960807223,420.30971345986035,384.70942395787523,470.56822216294864,AZ_I10,constructed_monthly_average_weekday,2016-04
AZ_I10_W::137,AZ_I10_W,137,2016-05-01,NT,10,measured,False,True,4662.894736842105,0.0,0.0,True,True,True,I10_monthly_average_weekday,1717897.562101765,1662471.2325321105,1702005.1853910745,2578.64665686871,2447.009127185973,2505.1995737853285,12871.420071496545,10897.682342591947,11156.831765194467,485.33192390312456,441.1263583058728,451.61644578097986,AZ_I10,constructed_monthly_average_weekday,2016-05
AZ_I10_W::137,AZ_I10_W,137,2016-05-01,AM,4,measured,False,True,3224.8947368421054,0.0,0.0,True,True,True,I10_monthly_average_weekday,1207985.7275700439,1142063.2547891424,1177120.1955467837,1837.580947031287,1681.0150777985102,1732.6157625661542,9833.85718415581,7486.350634099369,7716.152748448112,355.6161724624543,303.0393517082142,312.3414919841749,AZ_I10,constructed_monthly_average_weekday,2016-05
AZ_I10_W::137,AZ_I10_W,137,2016-05-01,MD,6,measured,False,True,5940.7368421052615,0.0,0.0,True,True,True,I10_monthly_average_weekday,2178924.8660396235,1900973.5179714689,2168430.8741557887,3106.132665835842,2505.632892513084,3191.736516636888,17484.270806533226,11835.598916910318,14214.303613799422,657.2266462729608,539.8405641702005,575.3795891538158,AZ_I10,constructed_monthly_average_weekday,2016-05
AZ_I10_W::137,AZ_I10_W,137,2016-05-01,PM,4,measured,False,True,3029.1842105263154,0.0,0.0,True,True,True,I10_monthly_average_weekday,1150399.7421898488,1051128.6100500205,1105683.8133369896,1233.646387384952,999.9560065734888,1627.4677901622854,10588.265526001294,9911.434212092196,7247.879381792255,413.62560554847175,390.48356139118215,293.3862941328676,AZ_I10,constructed_monthly_average_weekday,2016-05
AZ_I10_W::137,AZ_I10_W,137,2016-06-01,NT,10,measured,False,True,4699.4375,0.0,0.0,True,True,True,I10_monthly_average_weekday,1756535.4458131474,1789769.8413208995,1715343.674868831,2568.48031417364,2634.3813063182374,2524.8326386205204,11477.95808781556,11732.138767513761,11244.267035299681,468.1432606941339,474.90424908288986,455.1557306561004,AZ_I10,constructed_monthly_average_weekday,2016-06
AZ_I10_W::137,AZ_I10_W,137,2016-06-01,AM,4,measured,False,True,3113.395833333333,0.0,0.0,True,True,True,I10_monthly_average_weekday,1123020.6718381522,1109207.305258881,1136421.9334912542,1665.4608003453147,1632.6540554784692,1672.7115568501831,7762.87177241037,7270.976260072055,7449.371150608849,305.3381551041746,294.3212307077741,301.5424623356501,AZ_I10,constructed_monthly_average_weekday,2016-06
AZ_I10_W::137,AZ_I10_W,137,2016-06-01,MD,6,measured,False,True,5973.020833333333,994.1458333333333,0.1664393714793952,True,True,True,I10_monthly_average_weekday,2134390.802358249,2445498.575442942,2298312.1179026477,3004.91749645866,3599.5554193829275,3205.948088673687,15005.233379970623,16030.512963431722,15563.652729033556,603.5578861239103,648.897773216962,636.1851213825568,AZ_I10,constructed_monthly_average_weekday,2016-06
AZ_I10_W::137,AZ_I10_W,137,2016-06-01,PM,4,measured,False,True,2997.0625,2166.6875,0.7229370425208016,True,True,True,I10_monthly_average_weekday,1078392.2616716507,1029642.5814196612,1351345.674592603,1101.078335629165,979.5159926865912,1603.380885889052,8817.155064389675,9708.835446144038,9943.504132325428,375.07173404297475,382.5017208252248,415.9828848047495,AZ_I10,constructed_monthly_average_weekday,2016-06
AZ_I10_W::137,AZ_I10_W,137,2016-08-01,NT,10,measured,False,True,4248.972222222223,0.0,0.0,True,True,True,I10_monthly_average_weekday,1747332.189482736,1506547.865611552,1550919.1527884456,2789.3666174177833,2217.503861452718,2282.814431995027,18449.943885932775,9875.587470069191,10166.446152808154,591.7918920832292,399.7530667393808,411.5267106633571,AZ_I10,constructed_monthly_average_weekday,2016-08
AZ_I10_W::137,AZ_I10_W,137,2016-08-01,AM,4,measured,False,True,3016.263888888889,0.0,0.0,True,True,True,I10_monthly_average_weekday,1240920.8415059205,1065111.044733959,1100967.7612567074,1985.2965572708586,1567.7482995966627,1620.5261828376536,13242.526723801318,6981.920407379279,7216.965140104141,422.83860712631326,282.6205633881727,292.13491916826916,AZ_I10,constructed_monthly_average_weekday,2016-08
AZ_I10_W::137,AZ_I10_W,137,2016-08-01,MD,6,measured,False,True,5743.972222222223,1238.486111111111,0.21561491998858706,True,True,True,I10_monthly_average_weekday,2025310.9331040527,1877437.3070579343,2259213.188535589,2787.1053513464303,2474.6103118866013,3073.3525317866747,14204.458327962835,11689.060761716204,15518.529421722016,576.794354943572,533.1567249384211,636.9816376649168,AZ_I10,constructed_monthly_average_weekday,2016-08
AZ_I10_W::137,AZ_I10_W,137,2016-08-01,PM,4,measured,False,True,3047.194444444444,2228.958333333333,0.7314788648939371,True,True,True,I10_monthly_average_weekday,1162746.3143117223,970063.4951768398,1404902.3737366716,1094.7739318391677,750.0228953039609,1614.341820108658,9567.148648776176,8688.46643294221,10485.556637119404,410.3648899994675,378.2650009737556,440.29682963266384,AZ_I10,constructed_monthly_average_weekday,2016-08
AZ_I10_W::137,AZ_I10_W,137,2016-09-01,NT,10,measured,False,True,4362.631578947368,0.0,0.0,True,True,True,I10_monthly_average_weekday,1743629.2642335652,1551727.832174558,1592406.0027887146,2739.770626399869,2284.004735803034,2343.879368712296,17005.378364937147,10171.74713540226,10438.39703162672,564.7933022155158,411.74128868771754,422.5349871977586,AZ_I10,constructed_monthly_average_weekday,2016-09
AZ_I10_W::137,AZ_I10_W,137,2016-09-01,AM,4,measured,False,True,3042.4868421052633,0.0,0.0,True,True,True,I10_monthly_average_weekday,1170090.5946964365,1077977.2582536635,1110539.412531161,1805.4553854060448,1586.686216415282,1634.614798371262,10346.425959552787,7066.259856475276,7279.70837020755,359.5000169376948,286.0345327875039,294.6746970525713,AZ_I10,constructed_monthly_average_weekday,2016-09
AZ_I10_W::137,AZ_I10_W,137,2016-09-01,MD,6,measured,False,True,5692.381578947368,1275.828947368421,0.22412920315934734,True,True,True,I10_monthly_average_weekday,2009122.3632650918,1931313.4456672128,2252580.5839328826,2723.092954380759,2545.623307988227,3040.3259542766928,14042.74852534891,12024.497505964871,15540.515760009142,576.1707295923597,548.4565304260751,638.6847653125494,AZ_I10,constructed_monthly_average_weekday,2016-09
AZ_I10_W::137,AZ_I10_W,137,2016-09-01,PM,4,measured,False,True,2974.2631578947367,2334.5921052631575,0.7849312523225566,True,True,True,I10_monthly_average_weekday,1138172.3535613276,1048737.4046329672,1405500.7023788383,952.3292492112514,810.8511128882228,1565.062500928992,9596.136865598302,9393.11682423777,10630.62677006663,415.88923443502193,408.9429788432415,447.9223512475637,AZ_I10,constructed_monthly_average_weekday,2016-09
AZ_I10_W::137,AZ_I10_W,137,2016-10-01,NT,10,measured,False,True,4254.625,0.0,0.0,True,True,True,I10_monthly_average_weekday,1544263.5002816464,1526386.7148181235,1552982.4756024098,2289.1622395527684,2246.7048750590743,2285.8514588375374,10642.22762377793,10005.633315353689,10179.971461491274,419.27490733026434,405.01718146944137,412.07420048520936,AZ_I10,constructed_monthly_average_weekday,2016-10
AZ_I10_W::137,AZ_I10_W,137,2016-10-01,AM,4,measured,False,True,3116.8611111111113,0.0,0.0,True,True,True,I10_monthly_average_weekday,1118250.7951836227,1110874.9692266476,1137686.7960025177,1652.6262940905735,1635.1087078479954,1674.5733214624845,7544.561959830789,7281.907981367001,7457.662463917055,300.646364367699,294.76373492594234,301.87808570310017,AZ_I10,constructed_monthly_average_weekday,2016-10
AZ_I10_W::137,AZ_I10_W,137,2016-10-01,MD,6,measured,False,True,5735.944444444443,0.0,0.0,True,True,True,I10_monthly_average_weekday,2056479.628610732,1973852.8761634924,2093679.5142347966,2797.1729544656464,2601.693629469609,3081.7091932060757,14407.908956586047,12289.351083749067,13724.300202519344,589.867036633327,560.5369249931158,555.5447826710985,AZ_I10,constructed_monthly_average_weekday,2016-10
AZ_I10_W::137,AZ_I10_W,137,2016-10-01,PM,4,measured,False,True,2926.083333333333,0.0,0.0,True,True,True,I10_monthly_average_weekday,1140502.7764678793,1003431.5238939583,1068050.918428522,1014.8181412510032,775.8220163238037,1572.0755310233462,9629.651299436722,8987.33037214166,7001.191603790838,410.5460705639489,391.27647648843026,283.4006405115444,AZ_I10,constructed_monthly_average_weekday,2016-10
AZ_I10_W::137,AZ_I10_W,137,2016-11-01,NT,10,measured,False,True,4405.961538461539,0.0,0.0,True,True,True,I10_monthly_average_weekday,1619429.6635668417,1579092.7097274715,1608221.889686871,2420.0836539034763,2324.283390751135,2367.158941216768,11787.53031631973,10351.126926811563,10542.071915143324,451.1733413120885,419.00238803439134,426.7316340053758,AZ_I10,constructed_monthly_average_weekday,2016-11
AZ_I10_W::137,AZ_I10_W,137,2016-11-01,AM,4,measured,False,True,3248.7307692307695,0.0,0.0,True,True,True,I10_monthly_average_weekday,1166029.653498077,1158388.8999614182,1185820.5958376408,1723.191758169864,1705.044968940092,1745.4219744904783,7865.455118232876,7593.367039342275,7773.18483223265,313.4651835399918,307.371259690087,314.6500888615257,AZ_I10,constructed_monthly_average_weekday,2016-11
AZ_I10_W::137,AZ_I10_W,137,2016-11-01,MD,6,measured,False,True,5797.173076923076,1486.3653846153848,0.2563948608904208,True,True,True,I10_monthly_average_weekday,2066453.474300667,2051104.0779452294,2360605.063347912,2768.3020082307576,2703.516800776612,3055.7436912289036,14409.152656564547,12770.322665674947,16652.668942177042,598.0664480367952,582.4748067986343,688.7222260803815,AZ_I10,constructed_monthly_average_weekday,2016-11
AZ_I10_W::137,AZ_I10_W,137,2016-11-01,PM,4,measured,False,True,2985.25,2848.423076923077,0.9541656735359106,True,True,True,I10_monthly_average_weekday,1300789.50124481,1088985.6224474288,1558345.872914379,1051.9102485711107,640.3161952672378,1491.06354014406,11141.96085586124,9847.059457851825,12473.841555221694,481.68992272063065,432.24305916411384,532.9836873639206,AZ_I10,constructed_monthly_average_weekday,2016-11
AZ_I10_W::137,AZ_I10_W,137,2016-12-01,NT,10,measured,False,True,4523.916666666666,0.0,0.0,True,True,True,I10_monthly_average_weekday,1726569.7594456552,1829296.9590293649,1651276.7410568502,2488.8623539146147,2692.5616921867195,2430.5318358631957,11205.573327928283,11991.243384950669,10824.301215931227,464.49437225818025,485.3925228935022,438.15596991001087,AZ_I10,constructed_monthly_average_weekday,2016-12
AZ_I10_W::137,AZ_I10_W,137,2016-12-01,AM,4,measured,False,True,3243.7222222222217,0.0,0.0,True,True,True,I10_monthly_average_weekday,1288167.0410785568,1288167.0410785566,1183992.423969966,1896.0667981354031,1896.066798135403,1742.7310688322484,8444.077072232623,8444.07707223262,7761.200963945654,341.8070788840912,341.80707888409114,314.1649948745962,AZ_I10,constructed_monthly_average_weekday,2016-12
AZ_I10_W::137,AZ_I10_W,137,2016-12-01,MD,6,measured,False,True,5665.944444444445,1714.4166666666663,0.3025826821065429,True,True,True,I10_monthly_average_weekday,2136299.8442909867,1567375.9366688796,2351727.476504286,2602.6433724095405,1491.0706144286285,2974.4306431875207,15388.82290892135,14779.298492475353,16786.516681008914,654.819070230963,582.2641796042245,696.5256373322625,AZ_I10,constructed_monthly_average_weekday,2016-12
AZ_I10_W::137,AZ_I10_W,137,2016-12-01,PM,4,measured,False,True,2855.083333333333,2644.6388888888887,0.9262913127657297,True,True,True,I10_monthly_average_weekday,1467938.8687876912,1301789.3120939727,1479611.1689375413,1083.318943498041,765.4433283390827,1426.4575135539117,12671.682175834729,11771.318641449014,11813.414799502667,551.8948908787459,516.7096636060594,504.45778705045643,AZ_I10,constructed_monthly_average_weekday,2016-12
AZ_I10_W::139,AZ_I10_W,139,2016-01-01,NT,10,measured,False,True,4932.377777777778,0.0,0.0,True,True,True,I10_monthly_average_weekday,1654597.254951149,1654597.2549511488,1641146.4989660599,2435.4193356570545,2435.4193356570545,2415.621024553089,10846.067550846457,10846.067550846457,10757.896361399795,439.0370475330293,439.03704753302935,435.4679734413677,AZ_I10,constructed_monthly_average_weekday,2016-01
AZ_I10_W::139,AZ_I10_W,139,2016-01-01,AM,4,measured,False,True,5733.2555555555555,0.0,0.0,True,True,True,I10_monthly_average_weekday,1774237.9591417003,1744841.7186938277,1907621.9840802366,2358.129133611686,2299.8388779521824,2807.849131413341,11088.337022444775,10863.511017233724,12504.672565424304,501.48226214837456,495.50208296037687,506.17557909850024,AZ_I10,constructed_monthly_average_weekday,2016-01
AZ_I10_W::139,AZ_I10_W,139,2016-01-01,MD,6,measured,False,True,8538.588888888888,2668.9444444444443,0.3125744170582441,True,False,False,I10_monthly_average_weekday,2640301.576212553,2017666.7242441974,,3160.8097063468986,1919.4396773915505,,20126.096727517608,19025.237071914802,,843.647181468521,749.5426160513907,,AZ_I10,constructed_monthly_average_weekday,2016-01
AZ_I10_W::139,AZ_I10_W,139,2016-01-01,PM,4,measured,False,True,4218.5888888888885,4056.7666666666664,0.9616406750019095,True,False,False,I10_monthly_average_weekday,1708771.2360053752,1491855.267959217,,1304.9863592957909,877.2008274288736,,15268.9874080841,13489.9738098361,,651.0808082649111,592.1511464986498,,AZ_I10,constructed_monthly_average_weekday,2016-01
AZ_I10_W::139,AZ_I10_W,139,2016-02-01,NT,10,measured,False,True,5256.87962962963,0.0,0.0,True,True,True,I10_monthly_average_weekday,1740030.8321117968,1816287.2784531107,1749117.765983366,2522.202528655126,2673.4126046783717,2574.5450833247814,11322.744961396682,11905.963493470881,11465.659928706544,466.4273719469097,481.9404854067634,464.11747479151825,AZ_I10,constructed_monthly_average_weekday,2016-02
AZ_I10_W::139,AZ_I10_W,139,2016-02-01,AM,4,measured,False,True,6158.453703703704,0.0,0.0,True,True,True,I10_monthly_average_weekday,1876929.0865505517,1844587.0603511499,2049097.85710523,2495.4425975111153,2431.311098142939,3016.0889768881266,11731.888475747017,11484.532744535856,13432.062521531392,530.4073261148369,523.8278755106581,543.7153183940817,AZ_I10,constructed_monthly_average_weekday,2016-02
AZ_I10_W::139,AZ_I10_W,139,2016-02-01,MD,6,measured,False,True,8885.333333333332,3306.9722222222226,0.3721832482993198,True,False,False,I10_monthly_average_weekday,2811303.2178575126,2278987.720315678,,3207.8476373359686,2168.0386567809605,,20702.15843805412,21489.31790468524,,895.4255462569322,846.6207016792065,,AZ_I10,constructed_monthly_average_weekday,2016-02
AZ_I10_W::139,AZ_I10_W,139,2016-02-01,PM,4,measured,False,True,4307.555555555555,3516.944444444444,0.8164594510936856,True,False,False,I10_monthly_average_weekday,1844194.4300357078,1634134.01689779,,1359.864538486202,960.859771412891,,15877.823266359735,14776.517242097563,,695.2213238385508,648.6248045778414,,AZ_I10,constructed_monthly_average_weekday,2016-02
AZ_I10_W::139,AZ_I10_W,139,2016-03-01,NT,10,measured,False,True,5614.043859649123,0.0,0.0,True,True,True,I10_monthly_average_weekday,1894087.2299265447,1901967.7996914354,1867956.7625203438,2783.9001745937494,2799.526677144394,2749.465469013916,12407.337211488859,12467.608762953721,12244.662662004883,503.0721049352728,504.6752765851011,495.65066029346275,AZ_I10,constructed_monthly_average_weekday,2016-03
AZ_I10_W::139,AZ_I10_W,139,2016-03-01,AM,4,measured,False,True,6191.684210526315,0.0,0.0,True,True,True,I10_monthly_average_weekday,1912098.3870817288,1858928.359142414,2060154.6196623277,2555.6457232292937,2450.214060037482,3032.363543548229,11980.47351999598,11573.822710354056,13504.540819938513,538.7170966817305,527.9005334184185,546.6491612817185,AZ_I10,constructed_monthly_average_weekday,2016-03
AZ_I10_W::139,AZ_I10_W,139,2016-03-01,MD,6,measured,False,True,8796.149122807017,6219.666666666666,0.7070897252685335,True,False,False,I10_monthly_average_weekday,2705227.6248090803,2659869.012253361,,2672.4200290003346,2530.3773202166667,,22859.8969622399,25080.771730185596,,959.362172344768,988.1142181919226,,AZ_I10,constructed_monthly_average_weekday,2016-03
AZ_I10_W::139,AZ_I10_W,139,2016-03-01,PM,4,measured,False,True,4287.210526315789,3153.1315789473683,0.7354739310310962,True,False,False,I10_monthly_average_weekday,1778099.7380964835,1512767.2746207304,,1394.5812127047952,889.4969461882835,,15059.131417316414,13679.068843539226,,658.8254275233892,600.451595601291,,AZ_I10,constructed_monthly_average_weekday,2016-03
AZ_I10_W::139,AZ_I10_W,139,2016-04-01,NT,10,measured,False,True,5559.629629629629,0.0,0.0,True,True,True,I10_monthly_average_weekday,1821867.4345304398,1925813.6780102004,1849851.555029392,2628.5090805167674,2834.6256796112875,2722.8162211273966,11828.927673848579,12623.921126147037,12125.98102943155,489.85648649879045,511.0026314635011,490.8465565648879,AZ_I10,constructed_monthly_average_weekday,2016-04
AZ_I10_W::139,AZ_I10_W,139,2016-04-01,AM,4,measured,False,True,6220.333333333333,0.0,0.0,True,True,True,I10_monthly_average_weekday,1913591.3369392375,1852209.3192477762,2069687.0216216866,2563.073179513088,2441.357835999139,3046.394387596597,12001.44658221955,11531.989480933524,13567.026766451267,538.4796098616481,525.9924530306001,549.1785246053985,AZ_I10,constructed_monthly_average_weekday,2016-04
AZ_I10_W::139,AZ_I10_W,139,2016-04-01,MD,6,measured,False,True,8802.574074074073,3373.5555555555557,0.3832464830363173,True,False,False,I10_monthly_average_weekday,2793974.8963957224,2327188.8425504193,,3144.829371415785,2213.8931804247595,,20891.388361801808,21943.821994299844,,900.8481729115279,864.526927133747,,AZ_I10,constructed_monthly_average_weekday,2016-04
AZ_I10_W::139,AZ_I10_W,139,2016-04-01,PM,4,measured,False,True,4336.425925925925,3049.342592592592,0.7031925933201518,True,False,False,I10_monthly_average_weekday,1547435.7445115848,1398129.4864685943,,1325.0398513264945,1080.990193595372,,13027.54376382514,12522.4804071971,,562.9573955035369,545.1843659616003,,AZ_I10,constructed_monthly_average_weekday,2016-04
AZ_I10_W::139,AZ_I10_W,139,2016-05-01,NT,10,measured,False,True,5503.916666666666,0.0,0.0,True,True,True,I10_monthly_average_weekday,1843883.583260354,1843883.583260354,1831314.2210632807,2714.031899868868,2714.031899868868,2695.530921676122,12086.860316064696,12086.860316064694,12004.466760138883,489.26299252995534,489.2629925299553,485.92779077504895,AZ_I10,constructed_monthly_average_weekday,2016-05
AZ_I10_W::139,AZ_I10_W,139,2016-05-01,AM,4,measured,False,True,5897.601851851851,0.0,0.0,True,True,True,I10_monthly_average_weekday,1806665.7831394284,1719351.3064294313,1962304.8086602758,2439.377719852468,2266.240505955109,2888.337363768412,11372.597549629198,10704.805862776851,12863.124513468725,506.0259744103972,488.2632874655154,520.6853250699426,AZ_I10,constructed_monthly_average_weekday,2016-05
AZ_I10_W::139,AZ_I10_W,139,2016-05-01,MD,6,measured,False,True,8451.935185185184,0.0,0.0,True,True,True,I10_monthly_average_weekday,2760725.752079322,2241457.3305716594,2812206.29554131,3167.1588587502574,2132.335377187239,4139.316421276194,20853.976045841922,21135.431629166276,18434.322525971595,881.7584011424216,832.6785445468398,746.2013764096976,AZ_I10,constructed_monthly_average_weekday,2016-05
AZ_I10_W::139,AZ_I10_W,139,2016-05-01,PM,4,measured,False,True,4259.157407407407,0.0,0.0,True,True,True,I10_monthly_average_weekday,1630022.6357769552,1337122.7135627598,1417146.3709053611,1557.2296536040224,1033.8216559939815,2085.9128484780663,13079.347698571008,11976.067413398334,9289.550808985394,560.7823821037002,521.3954829375831,376.03093849131676,AZ_I10,constructed_monthly_average_weekday,2016-05
AZ_I10_W::139,AZ_I10_W,139,2016-06-01,NT,10,measured,False,True,5723.25,0.0,0.0,True,True,True,I10_monthly_average_weekday,1860218.4633662612,1707024.280249569,1904292.842799901,2564.4827594091034,2249.9925140861365,2802.948932878017,12272.707969211078,10628.056904243862,12482.849677041779,523.0582139191893,484.7626449239093,505.2922122524807,AZ_I10,constructed_monthly_average_weekday,2016-06
AZ_I10_W::139,AZ_I10_W,139,2016-06-01,AM,4,measured,False,True,6025.892857142857,0.0,0.0,True,True,True,I10_monthly_average_weekday,1865755.4177046204,1741087.4447398707,2004990.982280381,2542.0964830811545,2294.8904490458303,2951.167597705122,11793.612383123827,10840.136635463981,13142.937090931566,519.7975783769376,494.4359400866369,532.0118346362881,AZ_I10,constructed_monthly_average_weekday,2016-06
AZ_I10_W::139,AZ_I10_W,139,2016-06-01,MD,6,measured,False,True,8620.52380952381,4462.166666666666,0.5176212913810342,True,False,False,I10_monthly_average_weekday,2679980.3986874507,2323653.2735927682,,2949.6086037567716,2210.529735283932,,21110.9645838671,21910.48396240629,,890.2979671953208,863.2134993144225,,AZ_I10,constructed_monthly_average_weekday,2016-06
AZ_I10_W::139,AZ_I10_W,139,2016-06-01,PM,4,measured,False,True,4383.178571428571,2784.107142857142,0.6351799493192317,True,False,False,I10_monthly_average_weekday,1448232.089508909,1236100.2221184566,,1322.2865231054168,955.7142105529348,,11971.404057906362,11071.249810993851,,516.1342060727067,482.0029349089775,,AZ_I10,constructed_monthly_average_weekday,2016-06
AZ_I10_W::141,AZ_I10_W,141,2016-01-01,NT,10,measured,False,True,2525.2200000000003,0.0,0.0,True,True,True,I10_monthly_average_weekday,861336.5180401502,881074.2305001034,844878.0137099136,1258.6767335923364,1296.8625511061093,1243.5849538027912,5663.382062999364,5775.538786081406,5538.268591647853,230.40136667293817,233.78754416440876,224.18310410875327,AZ_I10,constructed_monthly_average_weekday,2016-01
AZ_I10_W::141,AZ_I10_W,141,2016-01-01,AM,4,measured,False,True,2683.72,0.0,0.0,True,True,True,I10_monthly_average_weekday,923205.5489649489,923205.5489649486,897908.310148648,1358.8760878256776,1358.8760878256771,1321.6408123726353,6051.71422678672,6051.714226786719,5885.888035409656,244.96682638074824,244.9668263807482,238.2543620590456,AZ_I10,constructed_monthly_average_weekday,2016-01
AZ_I10_W::141,AZ_I10_W,141,2016-01-01,MD,6,measured,False,True,4364.639999999999,59.1,0.013540635653799628,True,True,True,I10_monthly_average_weekday,1472902.0771181474,1510528.842978714,1463297.8649155798,2148.7528138450753,2223.3635044720613,2150.10042434428,9613.909156084486,9901.683215915153,9602.612423746079,393.1548506904163,400.80939421988677,388.83417238564715,AZ_I10,constructed_monthly_average_weekday,2016-01
AZ_I10_W::141,AZ_I10_W,141,2016-01-01,PM,4,measured,False,True,2341.4399999999996,1406.98,0.6009037173705072,True,True,True,I10_monthly_average_weekday,725247.0166561307,677102.5349555737,854668.5329070026,891.81584080931,856.7682043635486,1168.8798458816623,5573.293910271886,7346.1038970902255,5853.214637593232,227.1378972005038,261.55457990107817,240.0466409176322,AZ_I10,constructed_monthly_average_weekday,2016-01
AZ_I10_W::141,AZ_I10_W,141,2016-02-01,NT,10,measured,False,True,2557.6923076923076,0.0,0.0,True,True,True,I10_monthly_average_weekday,878619.940897116,878619.940897116,855742.4686182598,1293.2500560795813,1293.2500560795813,1259.576460784919,5759.450646962543,5759.450646962543,5609.486292200927,233.13631374693867,233.13631374693867,227.06591936288402,AZ_I10,constructed_monthly_average_weekday,2016-02
AZ_I10_W::141,AZ_I10_W,141,2016-02-01,AM,4,measured,False,True,2998.9692307692303,0.0,0.0,True,True,True,I10_monthly_average_weekday,1025137.0817843133,1025137.0817843134,1003383.1376551171,1508.910197454834,1508.910197454834,1476.8903352191674,6719.88667008791,6719.886670087911,6577.287166301372,272.01372198366107,272.01372198366107,266.2414487769327,AZ_I10,constructed_monthly_average_weekday,2016-02
AZ_I10_W::141,AZ_I10_W,141,2016-02-01,MD,6,measured,False,True,4567.723076923077,825.123076923077,0.18064209739240555,True,True,True,I10_monthly_average_weekday,1513976.99548727,1358168.3498075104,1606194.0404729831,2111.8848508569863,1790.172908078875,2255.0365610537197,10571.667048031646,8456.054594130808,10835.88739618702,426.3728804326893,385.69415158428365,442.4396455370805,AZ_I10,constructed_monthly_average_weekday,2016-02
AZ_I10_W::141,AZ_I10_W,141,2016-02-01,PM,4,measured,False,True,2356.9384615384615,1639.7846153846153,0.6957265292002011,True,True,True,I10_monthly_average_weekday,728805.6223725008,630917.0734616782,943473.8453491899,801.8416921770381,600.2018318460097,1171.8178038838275,5920.876872443638,5949.12269261093,6794.897906181039,244.3435825307061,234.37925999949186,282.6310892692196,AZ_I10,constructed_monthly_average_weekday,2016-02
AZ_I10_W::141,AZ_I10_W,141,2016-03-01,NT,10,measured,False,True,2793.5263157894733,0.0,0.0,True,True,True,I10_monthly_average_weekday,959720.0240026028,959720.0240026027,934646.8683641752,1412.622132835703,1412.6221328357028,1375.7166878006403,6291.070639144473,6291.070639144472,6126.713337720507,254.65571427463234,254.65571427463234,248.00270902462887,AZ_I10,constructed_monthly_average_weekday,2016-03
AZ_I10_W::141,AZ_I10_W,141,2016-03-01,AM,4,measured,False,True,2996.810526315789,0.0,0.0,True,True,True,I10_monthly_average_weekday,1023766.0458374996,1023766.0458374998,1002660.8869479272,1506.89215503106,1506.8921550310604,1475.8272467048967,6710.899378196012,6710.899378196013,6572.552733232909,271.649926158212,271.649926158212,266.0498040627194,AZ_I10,constructed_monthly_average_weekday,2016-03
AZ_I10_W::141,AZ_I10_W,141,2016-03-01,MD,6,measured,False,True,4748.199999999999,1122.6947368421052,0.23644638743989416,True,True,True,I10_monthly_average_weekday,1534418.8293630388,1345508.6140405298,1707498.001637704,1951.1228353164115,1702.5323930929144,2341.8794788846353,10808.41730399211,14597.857138166131,11675.163905538482,457.57893232486447,519.7498489970109,478.5890794237938,AZ_I10,constructed_monthly_average_weekday,2016-03
AZ_I10_W::141,AZ_I10_W,141,2016-03-01,PM,4,measured,False,True,2302.736842105263,1601.863157894737,0.6956344852806731,True,True,True,I10_monthly_average_weekday,793113.2645887315,648666.4377848154,940036.2089988717,761.400915753152,501.5286959800335,1139.0882671033216,6495.482249099121,5809.842962745604,6850.224964950104,275.04098691384445,252.93994871499208,285.8378041596382,AZ_I10,constructed_monthly_average_weekday,2016-03
AZ_I10_W::141,AZ_I10_W,141,2016-04-01,NT,10,measured,False,True,3005.0923076923073,0.0,0.0,True,True,True,I10_monthly_average_weekday,1016838.3436216683,1026254.9629933451,1005431.7722566813,1491.8832598669765,1510.5556187217294,1479.9057423252868,6655.1950599555985,6727.214504744168,6590.716192131723,270.3946892297205,272.3103447805606,266.78504117336234,AZ_I10,constructed_monthly_average_weekday,2016-04
AZ_I10_W::141,AZ_I10_W,141,2016-04-01,AM,4,measured,False,True,2972.953846153846,0.0,0.0,True,True,True,I10_monthly_average_weekday,1007427.6133494861,1007427.6133494859,994679.0142600284,1482.8434421031457,1482.8434421031454,1464.0786432180405,6603.799150687674,6603.799150687673,6520.230677157842,267.31462514197347,267.3146251419734,263.9318639971274,AZ_I10,constructed_monthly_average_weekday,2016-04
AZ_I10_W::141,AZ_I10_W,141,2016-04-01,MD,6,measured,False,True,4602.538461538461,0.0,0.0,True,True,True,I10_monthly_average_weekday,1547388.44054258,1589320.791188812,1539898.921047709,2256.1899121952583,2339.33821287361,2266.5936354329033,10097.46943577053,10418.173129211153,10094.20731793257,413.1859019877904,421.71634556893764,408.6025609996823,AZ_I10,constructed_monthly_average_weekday,2016-04
AZ_I10_W::141,AZ_I10_W,141,2016-04-01,PM,4,measured,False,True,2337.0,0.0,0.0,True,True,True,I10_monthly_average_weekday,799274.5564393577,799274.5564393577,781904.1184689129,1176.460738966111,1176.4607389661112,1150.89300616862,5239.332898004875,5239.332898004875,5125.467760702447,212.08251154615127,212.08251154615127,207.47337432071518,AZ_I10,constructed_monthly_average_weekday,2016-04
AZ_I10_W::141,AZ_I10_W,141,2016-05-01,NT,10,measured,False,True,2713.65,0.0,0.0,True,True,True,I10_monthly_average_weekday,929341.1031307172,929341.1031307172,907922.1699114955,1367.9070754001882,1367.9070754001882,1336.3803192937423,6091.933461252795,6091.933461252794,5951.529990941461,246.59485735798893,246.59485735798896,240.91147720385482,AZ_I10,constructed_monthly_average_weekday,2016-05
AZ_I10_W::141,AZ_I10_W,141,2016-05-01,AM,4,measured,False,True,2804.1333333333337,0.0,0.0,True,True,True,I10_monthly_average_weekday,950675.6514590923,950675.6514590923,938195.7218952905,1399.3096244863514,1399.3096244863516,1380.940283139766,6231.783779294803,6231.783779294804,6149.976464146806,252.25584650837712,252.25584650837712,248.94437514414267,AZ_I10,constructed_monthly_average_weekday,2016-05
AZ_I10_W::141,AZ_I10_W,141,2016-05-01,MD,6,measured,False,True,4530.883333333333,0.0,0.0,True,True,True,I10_monthly_average_weekday,1483807.7628115243,1304677.48493595,1515924.8346750059,2086.6866887104934,1719.667733122952,2231.305922164868,10265.18674732894,8123.016592100135,9937.05453680104,415.15135259183273,370.50375655919703,402.2411869149149,AZ_I10,constructed_monthly_average_weekday,2016-05
AZ_I10_W::141,AZ_I10_W,141,2016-05-01,PM,4,measured,False,True,2250.633333333333,0.0,0.0,True,True,True,I10_monthly_average_weekday,755281.8821750893,805554.644571252,753007.9043631796,1090.504885469569,1185.7044676259277,1108.3603606261454,5105.127200508041,5280.499568564718,4936.049889243595,206.52194224837314,213.74889370859208,199.80594438397327,AZ_I10,constructed_monthly_average_weekday,2016-05
AZ_I10_W::141,AZ_I10_W,141,2016-06-01,NT,10,measured,False,True,2868.0,0.0,0.0,True,True,True,I10_monthly_average_weekday,982385.1749526523,982385.1749526522,959563.9759387427,1445.9832101033949,1445.9832101033949,1412.3924440272153,6439.643204171258,6439.643204171256,6290.047726869755,260.6697705201771,260.66977052017705,254.6143078955118,AZ_I10,constructed_monthly_average_weekday,2016-06
AZ_I10_W::141,AZ_I10_W,141,2016-06-01,AM,4,measured,False,True,2899.8499999999995,0.0,0.0,True,True,True,I10_monthly_average_weekday,987758.8982266078,987758.898226608,970220.2216269047,1453.8928506680097,1453.89285066801,1428.0774856388841,6474.868553091952,6474.868553091953,6359.900593013687,262.0956544284196,262.0956544284196,257.4418761334727,AZ_I10,constructed_monthly_average_weekday,2016-06
AZ_I10_W::141,AZ_I10_W,141,2016-06-01,MD,6,measured,False,True,4594.466666666667,828.9833333333332,0.18043080807347966,True,True,True,I10_monthly_average_weekday,1500343.376898459,1342883.1676487292,1580095.4438210772,2092.528532082404,1770.0258335283754,2271.9686725318156,10305.160283586949,8360.88794204809,10509.064463223734,420.61349188752905,381.353448632858,427.2756700199991,AZ_I10,constructed_monthly_average_weekday,2016-06
AZ_I10_W::141,AZ_I10_W,141,2016-06-01,PM,4,measured,False,True,2270.5333333333333,662.4833333333332,0.2917743261495096,True,True,True,I10_monthly_average_weekday,745343.5973163338,698865.690774391,793947.2929488381,1021.2378034306316,921.1600507311609,1125.6325980154684,5249.4272464320475,4351.188448759499,5325.375279127218,212.61122804534335,198.46465256887737,217.0679321066665,AZ_I10,constructed_monthly_average_weekday,2016-06
AZ_I10_W::141,AZ_I10_W,141,2016-08-01,NT,10,measured,False,True,2593.2,0.0,0.0,True,True,True,I10_monthly_average_weekday,869566.1221627793,869566.1221627792,867622.4903780849,1279.9236437812676,1279.9236437812672,1277.0627914405072,5700.101866289851,5700.1018662898505,5687.361145508594,230.73393949294555,230.7339394929455,230.2182089381594,AZ_I10,constructed_monthly_average_weekday,2016-08
AZ_I10_W::141,AZ_I10_W,141,2016-08-01,AM,4,measured,False,True,2849.035294117647,0.0,0.0,True,True,True,I10_monthly_average_weekday,955974.0696382206,955974.0696382207,953218.8404509535,1407.1084226792248,1407.1084226792248,1403.0529714709273,6266.515495010817,6266.515495010817,6248.454663715624,253.66174868003793,253.66174868003796,252.93066582344858,AZ_I10,constructed_monthly_average_weekday,2016-08
AZ_I10_W::141,AZ_I10_W,141,2016-08-01,MD,6,measured,False,True,4334.2588235294115,330.0235294117647,0.07614301379976765,True,True,True,I10_monthly_average_weekday,1402020.7633450818,1244590.082383758,1480269.0171338418,1964.6333183425613,1640.4678016998641,2136.9749544999368,9569.507058598861,7748.908068313034,9821.087350699045,393.56533456391657,353.4400694606458,399.00969957139637,AZ_I10,constructed_monthly_average_weekday,2016-08
AZ_I10_W::141,AZ_I10_W,141,2016-08-01,PM,4,measured,False,True,2262.0235294117647,2063.176470588235,0.9120932845136057,True,True,True,I10_monthly_average_weekday,635373.5161850009,664146.1361462369,945179.7803504623,725.1854982536022,840.3738918778895,1129.5981248108567,5307.369911965168,7205.53574548558,6931.95059288594,213.24177475836646,256.5497168668122,289.7423018369525,AZ_I10,constructed_monthly_average_weekday,2016-08
AZ_I10_W::141,AZ_I10_W,141,2016-09-01,NT,10,measured,False,True,2643.2571428571428,0.0,0.0,True,True,True,I10_monthly_average_weekday,890938.3031697299,890938.3031697299,884370.4091452166,1311.3815848081467,1311.3815848081467,1301.7142315873064,5840.198870691775,5840.1988706917755,5797.145600753422,236.40491423955243,236.40491423955243,234.6621645810458,AZ_I10,constructed_monthly_average_weekday,2016-09
AZ_I10_W::141,AZ_I10_W,141,2016-09-01,AM,4,measured,False,True,2851.128571428572,0.0,0.0,True,True,True,I10_monthly_average_weekday,959569.43360226,959569.43360226,953919.2008063279,1412.4004772203186,1412.4004772203189,1404.0838393430347,6290.083502456229,6290.083502456231,6253.045603112866,254.6157560524393,254.61575605243934,253.11650206952757,AZ_I10,constructed_monthly_average_weekday,2016-09
AZ_I10_W::141,AZ_I10_W,141,2016-09-01,MD,6,measured,False,True,4471.5,1063.8428571428572,0.2379163272152202,True,True,True,I10_monthly_average_weekday,1441790.9255631727,1390533.6386659911,1583127.524412252,1954.3987394663538,1832.832909164021,2177.1505311207943,10226.23131172746,8657.563228594949,10808.312662889799,415.7678819316516,394.88528214539645,442.85907928802965,AZ_I10,constructed_monthly_average_weekday,2016-09
AZ_I10_W::141,AZ_I10_W,141,2016-09-01,PM,4,measured,False,True,2375.8428571428567,1010.8428571428572,0.4254670522942235,True,True,True,I10_monthly_average_weekday,749086.3056194447,811362.6914884939,877633.1140413345,959.1440627896658,1069.4399623835413,1146.3517294548833,5516.2556311003855,5051.6029296662655,6162.259911006743,225.96655871932637,230.41167537525624,254.5253553031558,AZ_I10,constructed_monthly_average_weekday,2016-09
AZ_I10_W::141,AZ_I10_W,141,2016-10-01,NT,10,measured,False,True,2569.0666666666666,0.0,0.0,True,True,True,I10_monthly_average_weekday,873859.6888339818,873859.6888339818,859548.0561779495,1286.2433903290685,1286.2433903290687,1265.1779456771912,5728.246669510438,5728.246669510439,5634.432338508899,231.873210592949,231.87321059294902,228.07570825340406,AZ_I10,constructed_monthly_average_weekday,2016-10
AZ_I10_W::141,AZ_I10_W,141,2016-10-01,AM,4,measured,False,True,2929.833333333333,0.0,0.0,True,True,True,I10_monthly_average_weekday,992702.4193192909,992702.4193192908,980251.9254432332,1461.1692720565516,1461.169272056551,1442.8432574125068,6507.2738792520395,6507.273879252038,6425.659518284717,263.4073868747622,263.40738687476215,260.103726086425,AZ_I10,constructed_monthly_average_weekday,2016-10
AZ_I10_W::141,AZ_I10_W,141,2016-10-01,MD,6,measured,False,True,4579.133333333333,0.0,0.0,True,True,True,I10_monthly_average_weekday,1511808.2738334562,1510987.0498912428,1532068.1268085642,2023.9200931244895,1991.599996831533,2255.0674059250896,10503.766120936734,9407.514898072723,10042.875597756924,435.7997091353343,429.09177521714315,406.524708656881,AZ_I10,constructed_monthly_average_weekday,2016-10
AZ_I10_W::141,AZ_I10_W,141,2016-10-01,PM,4,measured,False,True,2346.0,0.0,0.0,True,True,True,I10_monthly_average_weekday,740592.0669923235,561682.9540582092,784915.3024938251,887.465229342811,534.3382706267688,1155.3252000306302,5736.507184827247,5296.291618336428,5145.206404196807,234.63008794272295,208.6594905479093,208.27237319486423,AZ_I10,constructed_monthly_average_weekday,2016-10
AZ_I10_W::141,AZ_I10_W,141,2016-11-01,NT,10,measured,False,True,2637.8153846153846,0.0,0.0,True,True,True,I10_monthly_average_weekday,897679.1337247596,897679.1337247596,882549.727424659,1321.303485151558,1321.303485151558,1299.0343507564546,5884.385758667013,5884.385758667014,5785.210831207136,238.19355152632716,238.19355152632713,234.17905805787282,AZ_I10,constructed_monthly_average_weekday,2016-11
AZ_I10_W::141,AZ_I10_W,141,2016-11-01,AM,4,measured,False,True,2938.876923076923,0.0,0.0,True,True,True,I10_monthly_average_weekday,997225.4386859839,997225.4386859839,983277.6935503178,1467.8267524725459,1467.8267524725456,1447.2969177405155,6536.922770206102,6536.922770206101,6445.493762046715,264.6075418144283,264.60754181442826,260.9065947556911,AZ_I10,constructed_monthly_average_weekday,2016-11
AZ_I10_W::141,AZ_I10_W,141,2016-11-01,MD,6,measured,False,True,4611.553846153846,671.7076923076924,0.1456575624434948,True,True,True,I10_monthly_average_weekday,1506226.4973897953,1331167.6100334446,1561627.4726840898,2116.564659836823,1754.583805410954,2261.4342005642025,10474.594023285208,8287.94603112109,10341.156085294366,423.78476180212124,378.02645161116743,419.89699881024694,AZ_I10,constructed_monthly_average_weekday,2016-11
AZ_I10_W::141,AZ_I10_W,141,2016-11-01,PM,4,measured,False,True,2379.030769230769,1908.4615384615386,0.802201284298066,True,True,True,I10_monthly_average_weekday,722927.5367828142,699101.5582829043,944611.2780646945,730.2362627647168,665.0668583520043,1190.8483774130832,6014.534360540389,6592.0564203484155,6753.513838720558,252.23515096503982,259.7091009057805,280.34925068648346,AZ_I10,constructed_monthly_average_weekday,2016-11
AZ_I10_W::141,AZ_I10_W,141,2016-12-01,NT,10,measured,False,True,2814.6444444444446,0.0,0.0,True,True,True,I10_monthly_average_weekday,960912.0492703817,960912.0492703817,941712.4874354969,1414.3766875329584,1414.3766875329584,1386.1166478230518,6298.884496285816,6298.884496285815,6173.029250252566,254.97201073444117,254.97201073444117,249.87752691567974,AZ_I10,constructed_monthly_average_weekday,2016-12
AZ_I10_W::141,AZ_I10_W,141,2016-12-01,AM,4,measured,False,True,2853.0222222222224,0.0,0.0,True,True,True,I10_monthly_average_weekday,972744.8058651229,972744.805865123,954552.7709195059,1431.7934480882677,1431.793448088268,1405.0163979457468,6376.449521221794,6376.449521221794,6257.19872510383,258.1117587933642,258.1117587933642,253.28461594198959,AZ_I10,constructed_monthly_average_weekday,2016-12
AZ_I10_W::141,AZ_I10_W,141,2016-12-01,MD,6,measured,False,True,4640.4222222222215,454.84444444444443,0.0980179006699582,True,True,True,I10_monthly_average_weekday,1535757.4000101127,1659435.0326106101,1588571.5868476403,2200.9707749394092,2442.540112159134,2289.758869953197,10223.623239049124,10877.779717135554,10549.672953399055,417.7820151441447,440.3207216198051,428.73371516293935,AZ_I10,constructed_monthly_average_weekday,2016-12
AZ_I10_W::141,AZ_I10_W,141,2016-12-01,PM,4,measured,False,True,2327.5555555555557,1663.5333333333333,0.714712621729998,True,True,True,I10_monthly_average_weekday,714113.8127436782,536153.4991191218,910400.9406755992,860.1008619895467,510.0516785134851,1162.7321715435492,5463.747831588858,5055.5660680278925,6466.683563526112,225.8981985981918,199.17555833478443,267.96137630455274,AZ_I10,constructed_monthly_average_weekday,2016-12
AZ_I10_W::78,AZ_I10_W,78,2016-01-01,NT,10,measured,False,True,5774.492307692308,0.0,0.0,True,True,True,I10_monthly_average_weekday,1583894.9836313652,1523602.3384355945,1929612.9513961147,2127.7831513102683,2008.2279412118426,2840.217870603878,9947.184047557992,9486.058598982017,12648.825782349297,444.9398208286923,432.67427882414756,512.010744927446,AZ_I10,constructed_monthly_average_weekday,2016-01
AZ_I10_W::78,AZ_I10_W,78,2016-01-01,AM,4,measured,False,True,4614.8923076923065,0.0,0.0,True,True,True,I10_monthly_average_weekday,1246913.2325513186,1201901.9472441287,1542119.2880210304,1673.4550431806292,1584.2014757806915,2269.8618172474808,7827.380403057381,7483.1286446403365,10108.762068406288,350.4742475263074,341.3174455843583,409.1917215083739,AZ_I10,constructed_monthly_average_weekday,2016-01
AZ_I10_W::78,AZ_I10_W,78,2016-01-01,MD,6,measured,False,True,8157.6461538461535,1581.2153846153844,0.1938323083393211,True,False,False,I10_monthly_average_weekday,2347377.9468525453,2606570.023606555,,2964.202487741226,3435.664687615713,,16255.941066407235,16228.69390688254,,702.1670926481327,740.216640994793,,AZ_I10,constructed_monthly_average_weekday,2016-01
AZ_I10_W::78,AZ_I10_W,78,2016-01-01,PM,4,measured,False,True,4247.753846153846,3676.538461538462,0.8655253093037407,True,False,False,I10_monthly_average_weekday,1780291.1187853971,1610486.7004076901,,1270.6941125899302,946.9553089378118,,15454.238360200812,14562.688402949692,,677.1920155480404,639.2386490492396,,AZ_I10,constructed_monthly_average_weekday,2016-01
AZ_I10_W::78,AZ_I10_W,78,2016-02-01,NT,10,measured,False,True,5853.652631578947,0.0,0.0,True,True,True,I10_monthly_average_weekday,1610429.9045985765,1517561.1031005033,1956065.2831456766,2184.4160866291777,2000.2651169936655,2879.1533396573427,10158.717265034966,9448.445429880585,12822.223735340353,449.8513046334338,430.95868212553563,519.0297059446603,AZ_I10,constructed_monthly_average_weekday,2016-02
AZ_I10_W::78,AZ_I10_W,78,2016-02-01,AM,4,measured,False,True,4858.431578947368,0.0,0.0,True,True,True,I10_monthly_average_weekday,1332123.5614407477,1256075.2578589567,1623500.7336870546,1806.4035145584025,1655.606168002647,2389.648034555457,8402.04223439112,7820.415603336373,10642.22642321407,372.1724125632509,356.7016423071425,430.78577983420854,AZ_I10,constructed_monthly_average_weekday,2016-02
AZ_I10_W::78,AZ_I10_W,78,2016-02-01,MD,6,measured,False,True,8371.410526315789,1659.5578947368422,0.19824113147001576,True,False,False,I10_monthly_average_weekday,2395680.2092884574,2716520.9086423353,,2995.4413347764053,3580.588618171336,,16687.15762044318,16913.256087018257,,724.0832249117889,771.4406150520788,,AZ_I10,constructed_monthly_average_weekday,2016-02
AZ_I10_W::78,AZ_I10_W,78,2016-02-01,PM,4,measured,False,True,4136.642105263158,3277.0105263157893,0.7921909710647589,True,False,False,I10_monthly_average_weekday,1918219.5574172968,1736349.0773378853,,1367.4464495076068,1020.9615369926033,,16820.268028443854,15700.788193792452,,732.3365625088265,689.1962772461176,,AZ_I10,constructed_monthly_average_weekday,2016-02
AZ_I10_W::78,AZ_I10_W,78,2016-03-01,NT,10,measured,False,True,6125.5,0.0,0.0,True,True,True,I10_monthly_average_weekday,1673186.8762640362,1585465.4457399338,2046906.204729283,2263.7125602745787,2089.7683914229674,3012.863060395489,10542.12690815209,9871.222789269772,13417.695998411422,468.0877074953262,450.2422325240672,543.1337771244614,AZ_I10,constructed_monthly_average_weekday,2016-03
AZ_I10_W::78,AZ_I10_W,78,2016-03-01,AM,4,measured,False,True,4919.64,0.0,0.0,True,True,True,I10_monthly_average_weekday,1551481.1788293973,1642166.5273432273,1643954.23084391,2237.301047940494,2417.1224151937654,2419.753755031273,10071.010237512513,10764.582759947498,10776.301353624158,417.29019650891996,435.73863160048853,436.21298755898874,AZ_I10,constructed_monthly_average_weekday,2016-03
AZ_I10_W::78,AZ_I10_W,78,2016-03-01,MD,6,measured,False,True,8294.650000000001,2243.54,0.27048036987696883,True,False,False,I10_monthly_average_weekday,2380884.767792023,1839810.0944075359,,2797.152315779941,1750.2417280505808,,17420.627122561535,17348.16894822762,,752.6001329438152,683.470691482286,,AZ_I10,constructed_monthly_average_weekday,2016-03
AZ_I10_W::78,AZ_I10_W,78,2016-03-01,PM,4,measured,False,True,4095.2099999999996,3009.3400000000006,0.7348438785800975,True,False,False,I10_monthly_average_weekday,1850553.217369656,1644090.8673387053,,1364.4008262054253,966.7143322626873,,16130.13722288172,14866.551211585866,,701.9292595074251,652.5769040413296,,AZ_I10,constructed_monthly_average_weekday,2016-03
AZ_I10_W::78,AZ_I10_W,78,2016-04-01,NT,10,measured,False,True,6162.411111111111,0.0,0.0,True,True,True,I10_monthly_average_weekday,1740526.6519477663,1596707.9376675484,2059240.4766020745,2389.7672141472503,2104.586881686684,3031.0180066341336,11041.162294275284,9941.219358934686,13498.548511325056,482.69242786988843,453.43488782805,546.4065991301162,AZ_I10,constructed_monthly_average_weekday,2016-04
AZ_I10_W::78,AZ_I10_W,78,2016-04-01,AM,4,measured,False,True,4882.644444444444,0.0,0.0,True,True,True,I10_monthly_average_weekday,1540706.8100094367,1622043.7379208112,1631591.7408897714,2226.21922617413,2387.5034669572324,2401.5572742979216,10010.600985133693,10632.675655222229,10695.263868074113,413.85252165457564,430.39917510755043,432.9326780616894,AZ_I10,constructed_monthly_average_weekday,2016-04
AZ_I10_W::78,AZ_I10_W,78,2016-04-01,MD,6,measured,False,True,8246.8,1743.533333333333,0.2114193788297683,True,True,True,I10_monthly_average_weekday,2354166.4164750557,2652591.5182074946,2894833.013595696,2964.80925810859,3496.3246439720638,3933.345874260893,16930.097996096483,16515.227068183343,19897.77259580505,719.9945947118472,753.2858759812111,816.8904727939347,AZ_I10,constructed_monthly_average_weekday,2016-04
AZ_I10_W::78,AZ_I10_W,78,2016-04-01,PM,4,measured,False,True,4091.411111111111,2945.2111111111117,0.7198521564143858,True,True,True,I10_monthly_average_weekday,1713576.1826800755,1464538.5450657879,1602111.9048561526,1331.687950828456,861.138778757396,1804.794576498432,14407.661423103043,13242.964676767178,12059.181688894962,633.3559901813501,581.3085204562071,507.4845394926066,AZ_I10,constructed_monthly_average_weekday,2016-04
AZ_I10_W::78,AZ_I10_W,78,2016-05-01,NT,10,measured,False,True,6055.263157894737,0.0,0.0,True,True,True,I10_monthly_average_weekday,1842606.3934706235,2018774.5055983826,2023435.7569444731,2622.129263410514,2971.4557125933165,2978.3166581331793,11885.934561149239,13233.28960695827,13263.844623787825,499.8307161754083,535.6692064613833,536.9060403934311,AZ_I10,constructed_monthly_average_weekday,2016-05
AZ_I10_W::78,AZ_I10_W,78,2016-05-01,AM,4,measured,False,True,4708.610526315789,0.0,0.0,True,True,True,I10_monthly_average_weekday,1474988.416831024,1571598.1097437462,1573436.3075617342,2121.6831686033306,2313.2520091513156,2315.9576721126764,9563.116371561533,10301.998997071067,10314.048586568486,397.36009770966774,417.0137427375073,417.50149704773366,AZ_I10,constructed_monthly_average_weekday,2016-05
AZ_I10_W::78,AZ_I10_W,78,2016-05-01,MD,6,measured,False,True,8053.863157894736,0.0,0.0,True,True,True,I10_monthly_average_weekday,2302489.1117904037,2645068.4152082563,2691290.910119225,2858.7816498881084,3486.4086014020595,3961.3397766551643,16364.701292084568,16468.38768359023,17641.708834452267,700.2824595440811,751.1494568627833,714.1172340855294,AZ_I10,constructed_monthly_average_weekday,2016-05
AZ_I10_W::78,AZ_I10_W,78,2016-05-01,PM,4,measured,False,True,4098.61052631579,0.0,0.0,True,True,True,I10_monthly_average_weekday,1626661.3429039891,1389826.8596349861,1369597.7988873632,1266.5460612055585,817.2088120333742,2015.925598511951,13694.10366719635,12567.390643953038,8977.864673576738,601.9132105015007,551.6537602828462,363.41422187902566,AZ_I10,constructed_monthly_average_weekday,2016-05
AZ_I10_W::78,AZ_I10_W,78,2016-06-01,NT,10,measured,False,True,6189.042857142857,0.0,0.0,True,True,True,I10_monthly_average_weekday,1834322.781317974,1725522.1665847665,2068139.7805274937,2490.116592143335,2274.374185900743,3044.116986938253,11575.346356646936,10743.226085405111,13556.884430378337,512.1493817156927,490.0156951640858,548.7679738446116,AZ_I10,constructed_monthly_average_weekday,2016-06
AZ_I10_W::78,AZ_I10_W,78,2016-06-01,AM,4,measured,False,True,4709.5142857142855,0.0,0.0,True,True,True,I10_monthly_average_weekday,1525971.1389754883,1558009.2605324169,1573738.3091486031,2229.721554960228,2293.250437155733,2316.4021914673767,9967.891159571749,10212.922591291162,10316.028240288955,406.8904002424197,413.4080264707475,417.5816312826071,AZ_I10,constructed_monthly_average_weekday,2016-06
AZ_I10_W::78,AZ_I10_W,78,2016-06-01,MD,6,measured,False,True,8056.428571428571,2506.9142857142856,0.3111694299139995,True,True,True,I10_monthly_average_weekday,2277378.9652075646,1819843.596806728,2819230.761494108,2624.6243137130373,1731.2472691277922,3809.3469164525263,17259.05036821438,17159.898335550748,19437.982746902257,733.0325805940982,676.0533412007625,798.7232519616051,AZ_I10,constructed_monthly_average_weekday,2016-06
AZ_I10_W::78,AZ_I10_W,78,2016-06-01,PM,4,measured,False,True,4103.528571428571,2874.142857142857,0.7004076630913465,True,True,True,I10_monthly_average_weekday,1544573.0089227404,1327640.4198368224,1595638.5003176786,1200.938678182542,780.6436051950282,1831.5521987494756,13610.720094804921,12005.075074727787,11914.640913511714,583.8191454256214,526.9705537989324,500.365386734333,AZ_I10,constructed_monthly_average_weekday,2016-06
AZ_I10_W::78,AZ_I10_W,78,2016-08-01,NT,10,measured,False,True,5987.839999999998,0.0,0.0,True,True,True,I10_monthly_average_weekday,1841380.3597502946,1987146.4015265033,2000905.5340668005,2635.860251097177,2924.9019690908817,2945.154182933396,11911.127563629543,13025.963895373588,13116.156527161509,497.6231949537796,527.2768865846074,530.9277864691754,AZ_I10,constructed_monthly_average_weekday,2016-08
AZ_I10_W::78,AZ_I10_W,78,2016-08-01,AM,4,measured,False,True,4749.359999999999,0.0,0.0,True,True,True,I10_monthly_average_weekday,1483239.5860442598,1573320.108212227,1587053.2123896931,2137.1645892280385,2315.7866370515862,2336.000539469417,9624.340149682022,10313.28688701269,10403.308900010654,399.1452711065706,417.47066427608473,421.11465769714005,AZ_I10,constructed_monthly_average_weekday,2016-08
AZ_I10_W::78,AZ_I10_W,78,2016-08-01,MD,6,measured,False,True,8026.469999999999,2416.16,0.30102398688339954,True,False,False,I10_monthly_average_weekday,2249981.9855795717,2110450.510904594,,2751.528345056311,2670.4476815235976,,16720.595287781856,22896.958617633176,,702.8383689669181,815.2354603396732,,AZ_I10,constructed_monthly_average_weekday,2016-08
AZ_I10_W::78,AZ_I10_W,78,2016-08-01,PM,4,measured,False,True,4142.28,3236.2999999999993,0.7812847031103642,True,False,False,I10_monthly_average_weekday,1785500.2735233454,1579629.7047817851,,1322.1950139141213,928.8116037967358,,15467.191125196034,14283.666656146394,,674.6212386394525,626.990808571806,,AZ_I10,constructed_monthly_average_weekday,2016-08
AZ_I10_W::78,AZ_I10_W,78,2016-09-01,NT,10,measured,False,True,5881.1238095238095,0.0,0.0,True,True,True,I10_monthly_average_weekday,1826040.7667933684,1955749.589219756,1965245.0928896258,2621.4870547227906,2878.6886664028475,2892.665199465624,11828.125552315081,12820.154326826781,12882.398400981105,492.55882274704015,518.9459385331373,521.4655111261559,AZ_I10,constructed_monthly_average_weekday,2016-09
AZ_I10_W::78,AZ_I10_W,78,2016-09-01,AM,4,measured,False,True,4621.828571428571,0.0,0.0,True,True,True,I10_monthly_average_weekday,1521214.909187381,1521214.909187381,1544437.1202436078,2239.092439225714,2239.0924392257134,2273.2734592013053,9971.731558860965,9971.731558860965,10123.955714341802,403.6448751467145,403.6448751467145,409.80674381221996,AZ_I10,constructed_monthly_average_weekday,2016-09
AZ_I10_W::78,AZ_I10_W,78,2016-09-01,MD,6,measured,False,True,7850.742857142858,2213.5999999999995,0.2819605787987305,True,False,False,I10_monthly_average_weekday,2299648.562458228,1681249.8085474314,,2796.8503005626744,1599.4007094217798,,16472.75656651683,15853.052340300666,,708.965874577624,624.5671619561407,,AZ_I10,constructed_monthly_average_weekday,2016-09
AZ_I10_W::78,AZ_I10_W,78,2016-09-01,PM,4,measured,False,True,4029.057142857143,3518.447619047619,0.873268234799114,True,False,False,I10_monthly_average_weekday,1857575.6799410535,1716121.7049714853,,1276.5755448647988,1009.0679785773891,,16586.536761941396,15517.883907213898,,717.9234817997417,681.1675750022306,,AZ_I10,constructed_monthly_average_weekday,2016-09
AZ_I10_W::78,AZ_I10_W,78,2016-10-01,NT,10,measured,False,True,5679.5,0.0,0.0,True,True,True,I10_monthly_average_weekday,1744431.783331382,1461073.5230991472,1897870.1803542506,2487.6854718250024,1925.8100353569173,2793.4953475661055,11263.90793556733,9096.749662231827,12440.74841612565,472.56183064387244,414.91727662027546,503.5879988863568,AZ_I10,constructed_monthly_average_weekday,2016-10
AZ_I10_W::78,AZ_I10_W,78,2016-10-01,AM,4,measured,False,True,4598.622222222222,0.0,0.0,True,True,True,I10_monthly_average_weekday,1518585.8348708157,1525990.1148833432,1536682.4520239376,2231.4390550858757,2246.1211153877744,2261.8592803929714,9946.4047292397,10003.03355902603,10073.123008622471,403.40566778081757,404.9119461537797,407.7490910332283,AZ_I10,constructed_monthly_average_weekday,2016-10
AZ_I10_W::78,AZ_I10_W,78,2016-10-01,MD,6,measured,False,True,8130.788888888889,0.0,0.0,True,True,True,I10_monthly_average_weekday,2348840.561553747,1810786.1041351308,2716996.526979117,2769.37224699583,1722.6307267609852,3999.176148103407,16799.520645957426,17074.492285441647,17810.21198895968,734.1144813732885,672.6885750229002,720.9380589705046,AZ_I10,constructed_monthly_average_weekday,2016-10
AZ_I10_W::78,AZ_I10_W,78,2016-10-01,PM,4,measured,False,True,4078.5444444444443,0.0,0.0,True,True,True,I10_monthly_average_weekday,1861882.623178932,1676975.9341750094,1362892.4870781945,1338.052284820958,986.0505295858502,2006.0559785891614,16229.175977834424,15163.91161904905,8933.91061489925,708.1449718495694,665.6297319181517,361.63500926962683,AZ_I10,constructed_monthly_average_weekday,2016-10
AZ_I10_W::78,AZ_I10_W,78,2016-11-01,NT,10,measured,False,True,5983.666666666666,0.0,0.0,True,True,True,I10_monthly_average_weekday,1797723.7926067098,1550292.9102010855,1999510.966783411,2535.2296302198756,2043.4082180033677,2943.1015044845,11592.971550233306,9652.236033487501,13107.014984762245,491.37367890615616,440.25389694280676,530.5577467505349,AZ_I10,constructed_monthly_average_weekday,2016-11
AZ_I10_W::78,AZ_I10_W,78,2016-11-01,AM,4,measured,False,True,4787.733333333334,0.0,0.0,True,True,True,I10_monthly_average_weekday,1475005.3939880955,1598967.128734064,1599876.1026184333,2107.7311364765455,2353.5367599252754,2354.87468827429,9533.331583783405,10481.405936059462,10487.364360154706,399.05797518965215,424.27594098873027,424.51713153179685,AZ_I10,constructed_monthly_average_weekday,2016-11
AZ_I10_W::78,AZ_I10_W,78,2016-11-01,MD,6,measured,False,True,8244.416666666666,1707.1,0.20706134454630912,True,False,False,I10_monthly_average_weekday,2342588.8277728995,1782414.8301830674,,2802.3553192737145,1695.6406652868163,,17645.627976015552,16806.970297551183,,745.2440047946154,662.1489360214658,,AZ_I10,constructed_monthly_average_weekday,2016-11
AZ_I10_W::78,AZ_I10_W,78,2016-11-01,PM,4,measured,False,True,4090.083333333333,3295.9166666666665,0.8058311770338827,True,False,False,I10_monthly_average_weekday,2056906.9925610153,1900878.5331512694,,1415.5192015925509,1117.703746425126,,18143.531795070696,17188.531742069288,,791.4969485720001,754.5017448642791,,AZ_I10,constructed_monthly_average_weekday,2016-11
AZ_I10_W::78,AZ_I10_W,78,2016-12-01,NT,10,measured,False,True,6221.025,0.0,0.0,True,True,True,I10_monthly_average_weekday,1916883.3308639145,1598554.4708023474,2078826.9810261999,2738.239932632276,2107.0207578642994,3059.847591265504,12387.333661923669,9952.716008079798,13626.940208720498,518.7180128333922,453.9592683519368,551.6037557482168,AZ_I10,constructed_monthly_average_weekday,2016-12
AZ_I10_W::78,AZ_I10_W,78,2016-12-01,AM,4,measured,False,True,4675.849999999999,0.0,0.0,True,True,True,I10_monthly_average_weekday,1386111.245743238,1202325.805781447,1562489.0012869835,1949.1911200074933,1584.7601547327322,2299.844215321238,8891.380909740084,7485.767618617503,10242.287786167994,378.8259231174927,341.4378134010328,414.59669770098975,AZ_I10,constructed_monthly_average_weekday,2016-12
AZ_I10_W::78,AZ_I10_W,78,2016-12-01,MD,6,measured,False,True,8020.324999999999,2992.9,0.37316442912226133,True,False,False,I10_monthly_average_weekday,2395939.7511609523,1934068.25761807,,2751.242229348253,1839.9110754261342,,17971.409717016686,18236.959886540488,,768.6316548359346,718.4866380645879,,AZ_I10,constructed_monthly_average_weekday,2016-12
AZ_I10_W::78,AZ_I10_W,78,2016-12-01,PM,4,measured,False,True,4043.1499999999996,3132.9750000000004,0.7748846814983369,True,False,False,I10_monthly_average_weekday,2072281.3329774193,1888238.9713139038,,1462.8926390625136,1110.2717693827133,,18178.341910826057,17074.2395839653,,792.4389557808369,749.4848164839041,,AZ_I10,constructed_monthly_average_weekday,2016-12
AZ_I10_W::84,AZ_I10_W,84,2016-01-01,NT,10,measured,False,True,5476.146666666667,0.0,0.0,True,True,True,I10_monthly_average_weekday,1887150.075273852,1949050.5038497238,1874015.5846942947,2746.084902841284,2868.82821124219,2758.383513951796,12302.819112663768,12776.24108314477,12284.378909799078,504.57575911452443,517.1683780704751,497.2583309159173,AZ_I10,constructed_monthly_average_weekday,2016-01
AZ_I10_W::84,AZ_I10_W,84,2016-01-01,AM,4,measured,False,True,5194.373333333333,0.0,0.0,True,True,True,I10_monthly_average_weekday,1549184.2495763495,1484892.7342712386,1777588.7265109378,2084.6902635423976,1957.2056326244658,2616.451793592849,9736.759088764418,9245.04979754928,11652.290216044139,434.760528604219,421.6814825787847,471.67206634728853,AZ_I10,constructed_monthly_average_weekday,2016-01
AZ_I10_W::84,AZ_I10_W,84,2016-01-01,MD,6,measured,False,True,8727.746666666666,2234.893333333333,0.2560676218833116,True,False,False,I10_monthly_average_weekday,2917975.718593548,2116118.0220484096,,3599.146928701404,2013.0980229574584,,21919.598149480815,19953.56644279465,,909.633673806114,786.1162693823024,,AZ_I10,constructed_monthly_average_weekday,2016-01
AZ_I10_W::84,AZ_I10_W,84,2016-01-01,PM,4,measured,False,True,4390.133333333333,3483.1733333333327,0.7934094636457509,True,False,False,I10_monthly_average_weekday,1944157.6671642973,1730572.5056393277,,1428.2628703289208,1017.5649518261289,,17015.43457865012,15648.554037706532,,738.8890219473435,686.9034250991317,,AZ_I10,constructed_monthly_average_weekday,2016-01
AZ_I10_W::84,AZ_I10_W,84,2016-02-01,NT,10,measured,False,True,5832.8105263157895,0.0,0.0,True,True,True,I10_monthly_average_weekday,2050744.1160591377,2050744.116059138,1996071.050364743,3018.5121229896013,3018.5121229896013,2938.038254842329,13442.853930598969,13442.85393059897,13084.465953126604,544.1521429255112,544.1521429255112,529.6449864134238,AZ_I10,constructed_monthly_average_weekday,2016-02
AZ_I10_W::84,AZ_I10_W,84,2016-02-01,AM,4,measured,False,True,5541.221052631579,0.0,0.0,True,True,True,I10_monthly_average_weekday,1749079.880731098,2030772.9927299435,1896284.9687860266,2430.5428251733215,2989.116413692267,2791.162057762313,11157.51799575864,13311.941013847443,12430.357179406326,481.54712294210054,538.8529300831532,503.1673728974367,AZ_I10,constructed_monthly_average_weekday,2016-02
AZ_I10_W::84,AZ_I10_W,84,2016-02-01,MD,6,measured,False,True,9073.915789473685,3303.8736842105263,0.36410671653391674,True,False,False,I10_monthly_average_weekday,2948618.810510992,2269056.2233355865,,3500.7393883677214,2158.5906596809323,,22023.96836970887,21395.67058312571,,930.2279830386965,842.9312518120323,,AZ_I10,constructed_monthly_average_weekday,2016-02
AZ_I10_W::84,AZ_I10_W,84,2016-02-01,PM,4,measured,False,True,4423.61052631579,3778.1684210526314,0.8540915613109558,True,False,False,I10_monthly_average_weekday,2167732.2741856864,1962742.4473524697,,1545.9619627471704,1154.0793103895287,,19157.823957489345,17747.930901137683,,829.3782669122156,779.0569336335266,,AZ_I10,constructed_monthly_average_weekday,2016-02
AZ_I10_W::84,AZ_I10_W,84,2016-03-01,NT,10,measured,False,True,6236.863157894736,0.0,0.0,True,True,True,I10_monthly_average_weekday,2180737.469464806,2183172.0285194693,2134343.6304665096,3208.6066544111673,3213.4341788684583,3141.5631393200165,14292.313704640805,14310.933506981892,13990.857970716326,578.7957916003575,579.2910623958345,566.3347519385371,AZ_I10,constructed_monthly_average_weekday,2016-03
AZ_I10_W::84,AZ_I10_W,84,2016-03-01,AM,4,measured,False,True,5655.831578947368,0.0,0.0,True,True,True,I10_monthly_average_weekday,1815955.34331247,2062717.8674492016,1935506.3274456076,2546.8272247249843,3036.136415286988,2848.892393627704,11634.07353802468,13521.343191973641,12687.457512544708,497.1295466162546,547.329303072766,513.5745154540977,AZ_I10,constructed_monthly_average_weekday,2016-03
AZ_I10_W::84,AZ_I10_W,84,2016-03-01,MD,6,measured,False,True,9021.663157894736,4266.757894736842,0.472945821636342,True,False,False,I10_monthly_average_weekday,2965426.1935573122,2635152.8773180014,,3185.503766872122,2506.864452855253,,23115.991379867497,24847.715239241687,,992.027680626305,978.9324260676221,,AZ_I10,constructed_monthly_average_weekday,2016-03
AZ_I10_W::84,AZ_I10_W,84,2016-03-01,PM,4,measured,False,True,4441.915789473684,3410.999999999999,0.7679119014555122,True,False,False,I10_monthly_average_weekday,2180453.003969641,1921873.8761508153,,1623.7078961481907,1130.0488663887727,,18877.903239169988,17378.38033748957,,821.3556712422899,762.8352720470604,,AZ_I10,constructed_monthly_average_weekday,2016-03
AZ_I10_W::84,AZ_I10_W,84,2016-04-01,NT,10,measured,False,True,6149.05,0.0,0.0,True,True,True,I10_monthly_average_weekday,2111577.6641760953,2157298.182393697,2104292.713927394,3084.69027276418,3175.350188970638,3097.3308749580524,13791.651533511702,14141.327591076624,13793.870897413268,563.124515272182,572.4255989258626,558.3609289229875,AZ_I10,constructed_monthly_average_weekday,2016-04
AZ_I10_W::84,AZ_I10_W,84,2016-04-01,AM,4,measured,False,True,5617.012499999999,0.0,0.0,True,True,True,I10_monthly_average_weekday,1899493.0803184411,2031944.0524310926,1922221.884321821,2728.201046634187,2990.840108948531,2829.3388801969922,12306.616372150937,13319.617439386484,12600.376522252467,512.2187026498184,539.1636634608006,510.04957144144726,AZ_I10,constructed_monthly_average_weekday,2016-04
AZ_I10_W::84,AZ_I10_W,84,2016-04-01,MD,6,measured,False,True,9009.0625,3382.7124999999996,0.37547885809428,True,False,False,I10_monthly_average_weekday,2993742.7236797856,2346889.9898375347,,3500.066766698664,2232.63520721176,,22083.298857287504,22129.590532394996,,940.1272681091766,871.8457024792292,,AZ_I10,constructed_monthly_average_weekday,2016-04
AZ_I10_W::84,AZ_I10_W,84,2016-04-01,PM,4,measured,False,True,4356.862499999999,3052.3750000000005,0.7005901609242892,True,False,False,I10_monthly_average_weekday,2001676.9642117133,1694775.7358866853,,1579.175101778772,996.5166928423646,,16854.29800721861,15324.864805372046,,738.7056920254299,672.6948763845021,,AZ_I10,constructed_monthly_average_weekday,2016-04
AZ_I10_W::84,AZ_I10_W,84,2016-05-01,NT,10,measured,False,True,6085.8,0.0,0.0,True,True,True,I10_monthly_average_weekday,2104700.702007984,2104700.7020079833,2082647.6607637494,3097.9313969625546,3097.931396962554,3065.4712904952335,13796.545304293119,13796.545304293115,13651.985185919397,558.4691860120132,558.469186012013,552.6175492538712,AZ_I10,constructed_monthly_average_weekday,2016-05
AZ_I10_W::84,AZ_I10_W,84,2016-05-01,AM,4,measured,False,True,5369.722222222222,0.0,0.0,True,True,True,I10_monthly_average_weekday,1853619.9742834864,1945443.5885540508,1837595.6201423365,2681.4407023075687,2863.51915417294,2704.7765799330386,12050.319238722306,12752.597355446089,12045.642024102,497.53130918056354,516.2113056243705,487.5945207891313,AZ_I10,constructed_monthly_average_weekday,2016-05
AZ_I10_W::84,AZ_I10_W,84,2016-05-01,MD,6,measured,False,True,8758.211111111112,0.0,0.0,True,True,True,I10_monthly_average_weekday,2971051.8763460536,2292627.264245312,2997184.9030580427,3523.7025368059044,2181.0141801840496,4411.5884053382415,22287.823927794554,21617.929609331994,19646.877706142754,932.9898990032422,851.6876531811179,795.284294598943,AZ_I10,constructed_monthly_average_weekday,2016-05
AZ_I10_W::84,AZ_I10_W,84,2016-05-01,PM,4,measured,False,True,4359.722222222223,0.0,0.0,True,True,True,I10_monthly_average_weekday,1991350.3099398618,1584963.5034419654,1491959.1980825607,1708.3932546640963,931.9478414053943,2196.0306462184603,16567.978298923055,14331.89707485933,9779.957144911332,713.699000971496,629.107914071014,395.8820549265645,AZ_I10,constructed_monthly_average_weekday,2016-05
AZ_I10_W::84,AZ_I10_W,84,2016-06-01,NT,10,measured,False,True,6260.876923076922,3607.2307692307695,0.5761542374255758,True,False,False,I10_monthly_average_weekday,1838535.6424773554,2226828.757653981,,2214.5975696902715,2935.1357756555576,,14749.400456139354,13864.397259125717,,587.8701472648377,632.3772958842419,,AZ_I10,constructed_monthly_average_weekday,2016-06
AZ_I10_W::84,AZ_I10_W,84,2016-06-01,AM,4,measured,False,True,5310.7692307692305,0.0,0.0,True,True,True,I10_monthly_average_weekday,1853972.703239063,1902212.5734325328,1817421.0646616113,2704.2313843763277,2799.8869622229204,2675.0814366835143,12100.268915400324,12469.213281831453,11913.395587153387,494.9266216012082,504.74022576852525,482.2413284959346,AZ_I10,constructed_monthly_average_weekday,2016-06
AZ_I10_W::84,AZ_I10_W,84,2016-06-01,MD,6,measured,False,True,8743.030769230769,3362.092307692308,0.3845454049555075,True,False,False,I10_monthly_average_weekday,3010265.6438407465,2475037.4891329873,,3425.3946909820643,2354.544039701594,,22930.685720612248,23337.935064707337,,968.5855946261784,919.4511918835003,,AZ_I10,constructed_monthly_average_weekday,2016-06
AZ_I10_W::84,AZ_I10_W,84,2016-06-01,PM,4,measured,False,True,4342.046153846154,4342.046153846154,1.0,True,False,False,I10_monthly_average_weekday,1797009.6065363367,1647293.871007713,,1251.260176059831,968.597676799557,,16415.832258472776,14895.514098627065,,700.5101070749522,653.8482487458576,,AZ_I10,constructed_monthly_average_weekday,2016-06
AZ_I10_W::84,AZ_I10_W,84,2016-08-01,NT,10,measured,False,True,5758.139999999999,0.0,0.0,True,True,True,I10_monthly_average_weekday,1986665.6791826277,1994765.3935413728,1970517.7300190893,2920.055396923193,2936.1164446472176,2900.4260502566995,13013.959632756878,13075.907228601876,12916.961119072252,527.6507855351401,529.298538530044,522.8645724573081,AZ_I10,constructed_monthly_average_weekday,2016-08
AZ_I10_W::84,AZ_I10_W,84,2016-08-01,AM,4,measured,False,True,5326.139999999999,0.0,0.0,True,True,True,I10_monthly_average_weekday,1797445.2481946645,1930045.348528662,1822681.1613757,2577.9195496023976,2840.8543205521282,2682.823829103533,11637.51857533405,12651.660193257672,11947.876101438223,485.1501803234893,512.1254788059578,483.6370623061904,AZ_I10,constructed_monthly_average_weekday,2016-08
AZ_I10_W::84,AZ_I10_W,84,2016-08-01,MD,6,measured,False,True,8595.46,3206.91,0.37309347027384226,True,False,False,I10_monthly_average_weekday,2860634.9212913886,2248880.767604032,,3351.001724535882,2139.397415437333,,21251.82200889146,21205.42963613754,,902.3088025279301,835.4362757154609,,AZ_I10,constructed_monthly_average_weekday,2016-08
AZ_I10_W::84,AZ_I10_W,84,2016-08-01,PM,4,measured,False,True,4288.209999999999,3689.0499999999997,0.8602773651476958,True,False,False,I10_monthly_average_weekday,1912263.699168282,1712661.151786378,,1383.3884447550759,1007.0331966635307,,16709.377803316373,15486.592150676077,,726.776872274274,679.7940030612446,,AZ_I10,constructed_monthly_average_weekday,2016-08
AZ_I10_W::84,AZ_I10_W,84,2016-09-01,NT,10,measured,False,True,5786.411764705882,0.0,0.0,True,True,True,I10_monthly_average_weekday,1999622.8210040997,2028348.5346227197,1980192.731601522,2928.5871702278664,2985.547827962323,2914.6667882102174,13076.350688617435,13296.048423474493,12980.381821846662,532.3658436781145,538.2096152667664,525.4317737003405,AZ_I10,constructed_monthly_average_weekday,2016-09
AZ_I10_W::84,AZ_I10_W,84,2016-09-01,AM,4,measured,False,True,5212.388235294117,0.0,0.0,True,True,True,I10_monthly_average_weekday,1810729.3278650306,1885572.494201974,1783753.6832015153,2626.9865907943285,2775.3942522394477,2625.5260590570233,11787.726131115933,12360.135726646336,11692.70218730419,485.09927966811364,500.3248846731383,473.30789910084883,AZ_I10,constructed_monthly_average_weekday,2016-09
AZ_I10_W::84,AZ_I10_W,84,2016-09-01,MD,6,measured,False,True,8559.55294117647,3140.9058823529413,0.3669474216630336,True,False,False,I10_monthly_average_weekday,2949737.0741790095,2335200.2962612594,,3436.87320090933,2221.5146086524232,,22075.978775683296,22019.364602158683,,932.3785200076752,867.5031005030368,,AZ_I10,constructed_monthly_average_weekday,2016-09
AZ_I10_W::84,AZ_I10_W,84,2016-09-01,PM,4,measured,False,True,4327.447058823529,4229.870588235293,0.9774517240160615,True,False,False,I10_monthly_average_weekday,2016897.421419838,1873533.9277716277,,1370.9715631200597,1101.6253030399641,,17945.57177909081,16941.27048400082,,779.551316583258,743.648051631518,,AZ_I10,constructed_monthly_average_weekday,2016-09
AZ_I10_W::84,AZ_I10_W,84,2016-10-01,NT,10,measured,False,True,5660.129411764705,0.0,0.0,True,True,True,I10_monthly_average_weekday,1952022.7189937853,1952022.718993785,1936977.107205603,2873.203046393112,2873.203046393112,2851.0572500332537,12795.724281325884,12795.724281325882,12697.098636136321,517.957036795477,517.957036795477,513.9647776774076,AZ_I10,constructed_monthly_average_weekday,2016-10
AZ_I10_W::84,AZ_I10_W,84,2016-10-01,AM,4,measured,False,True,5285.611764705882,0.0,0.0,True,True,True,I10_monthly_average_weekday,1881852.114618973,1909447.2287036132,1808811.8205445558,2755.816953836553,2810.5357284294873,2662.409398503028,12305.586472534129,12516.637245301974,11856.96104214499,501.04612655673066,506.6598963594378,479.9569193399707,AZ_I10,constructed_monthly_average_weekday,2016-10
AZ_I10_W::84,AZ_I10_W,84,2016-10-01,MD,6,measured,False,True,8786.435294117646,0.0,0.0,True,True,True,I10_monthly_average_weekday,2960732.3797777174,2396155.161472948,3006843.621503526,3404.343627653192,2279.501978623644,4425.805175968924,22255.50518635454,22594.127890567175,19710.191671158012,944.701616602483,890.1472114371373,797.847175213285,AZ_I10,constructed_monthly_average_weekday,2016-10
AZ_I10_W::84,AZ_I10_W,84,2016-10-01,PM,4,measured,False,True,4365.8117647058825,0.0,0.0,True,True,True,I10_monthly_average_weekday,2015991.1675732136,1786841.3388644306,1494043.1264746727,1489.7184777091438,1050.6506459437883,2199.098002631078,17473.94340455408,16157.360155041919,9793.617525432537,761.2398881561471,709.2377994999176,396.4350123098826,AZ_I10,constructed_monthly_average_weekday,2016-10
AZ_I10_W::84,AZ_I10_W,84,2016-11-01,NT,10,measured,False,True,5966.766666666667,0.0,0.0,True,True,True,I10_monthly_average_weekday,2060732.744074502,2060732.7440745023,2041912.754388322,3033.214491032646,3033.2144910326465,3005.5131476142187,13508.33048924231,13508.330489242311,13384.963380520392,546.8025629837149,546.8025629837149,541.8087962639298,AZ_I10,constructed_monthly_average_weekday,2016-11
AZ_I10_W::84,AZ_I10_W,84,2016-11-01,AM,4,measured,False,True,5430.816666666666,0.0,0.0,True,True,True,I10_monthly_average_weekday,1745761.7426858847,1989021.7176568408,1858503.011415116,2445.2983347445897,2927.662266891828,2735.55039199607,11177.775065540256,13038.256799503562,12182.69228051817,478.28726927997235,527.774490007187,493.14216648269917,AZ_I10,constructed_monthly_average_weekday,2016-11
AZ_I10_W::84,AZ_I10_W,84,2016-11-01,MD,6,measured,False,True,8838.883333333333,3327.2333333333336,0.3764314119619183,True,False,False,I10_monthly_average_weekday,3007205.458542636,2428953.809760302,,3454.5784409836333,2310.703874422931,,22364.87607722225,22903.3970338837,,955.3517497646352,902.3315748628967,,AZ_I10,constructed_monthly_average_weekday,2016-11
AZ_I10_W::84,AZ_I10_W,84,2016-11-01,PM,4,measured,False,True,4253.05,3431.3166666666666,0.8067896372407253,True,False,False,I10_monthly_average_weekday,2200924.477693665,2016569.1335950114,,1536.2493117427637,1185.7290385661113,,19216.783027129444,18234.654113018318,,840.3947282907204,800.4219645821022,,AZ_I10,constructed_monthly_average_weekday,2016-11
AZ_I10_W::84,AZ_I10_W,84,2016-12-01,NT,10,measured,False,True,6158.079999999999,0.0,0.0,True,True,True,I10_monthly_average_weekday,2136957.92345066,2136957.92345066,2107382.9088691752,3145.411145028729,3145.4111450287287,3101.8793658307677,14007.9949496512,14007.9949496512,13814.127466184646,567.0284382538705,567.0284382538704,559.1808928504516,AZ_I10,constructed_monthly_average_weekday,2016-12
AZ_I10_W::84,AZ_I10_W,84,2016-12-01,AM,4,measured,False,True,5386.0599999999995,0.0,0.0,True,True,True,I10_monthly_average_weekday,1830541.0786217318,1967525.2764988397,1843186.6409893846,2624.3933608731654,2896.0214260241482,2713.0060631116294,11849.673529496326,12897.345256102411,12082.29178258783,494.2033729487853,522.0705436055867,489.078063251225,AZ_I10,constructed_monthly_average_weekday,2016-12
AZ_I10_W::84,AZ_I10_W,84,2016-12-01,MD,6,measured,False,True,8803.739999999998,4026.42,0.4573533520980857,True,False,False,I10_monthly_average_weekday,3043028.3899534494,2588804.965376083,,3366.121598961644,2462.772918769567,,23188.3534607475,24410.6856734131,,987.8832963318248,961.7146493416476,,AZ_I10,constructed_monthly_average_weekday,2016-12
AZ_I10_W::84,AZ_I10_W,84,2016-12-01,PM,4,measured,False,True,4298.98,3461.84,0.8052700873230395,True,False,False,I10_monthly_average_weekday,2119371.5319818533,1900756.0186767378,,1542.3233690052662,1117.631708741083,,18654.579900469173,17187.42391539987,,809.363296722189,754.4531160943745,,AZ_I10,constructed_monthly_average_weekday,2016-12
PeMS::D12_I405_N::L405N-001,D12_I405_N,L405N-001,2025-10-01,NT,10,measured,False,True,3947.8641304347825,0.0,0.0,True,True,True,PeMS_average_weekday,1237473.1858773371,1237473.1858773371,1234844.0833849583,1821.4499723268204,1821.4499723268204,1817.580168345094,8111.773258552301,8111.773258552302,8094.53920165712,328.3557810235327,328.3557810235327,327.65816509768626,D12_I405,released_monthly_average_weekday,2025-10
PeMS::D12_I405_N::L405N-001,D12_I405_N,L405N-001,2025-10-01,AM,4,measured,False,True,4667.439970355731,0.0,0.0,True,True,True,PeMS_average_weekday,1351460.8743558219,1278122.025303939,1459918.6905942208,1830.090272418161,1684.6655447701269,2148.869881731593,8518.584770375724,7957.6803755314395,9569.928083433048,377.88208425410426,362.96250773378387,387.3803063789664,D12_I405,released_monthly_average_weekday,2025-10
PeMS::D12_I405_N::L405N-001,D12_I405_N,L405N-001,2025-10-01,MD,6,measured,False,True,6871.065217391304,938.5923913043478,0.13660071060433007,True,False,False,PeMS_average_weekday,1910438.0165562509,2057065.195470842,,2446.6566016579827,2711.3740234086504,,13095.63812502109,12807.437015487145,,572.0144245375506,584.1676515530135,,D12_I405,released_monthly_average_weekday,2025-10
PeMS::D12_I405_N::L405N-001,D12_I405_N,L405N-001,2025-10-01,PM,4,measured,False,True,4583.032608695652,3295.0489130434785,0.7189669361705157,True,False,False,PeMS_average_weekday,1262041.8729284792,1088928.2007545084,,1373.7596254570965,1035.9153814868719,,10770.478565941667,10267.858871196198,,435.3342768570379,404.5257239356067,,D12_I405,released_monthly_average_weekday,2025-10
PeMS::D12_I405_N::L405N-002,D12_I405_N,L405N-002,2025-10-01,NT,10,measured,False,True,4198.960869565217,0.0,0.0,True,True,True,PeMS_average_weekday,1178448.8172604535,1178448.8172604535,1165973.8002188606,1734.5713750280765,1734.5713750280765,1716.2092644752922,7724.862010362371,7724.862010362371,7643.086897339431,312.6940334577646,312.6940334577646,309.3838656006162,D12_I405,released_monthly_average_weekday,2025-10
PeMS::D12_I405_N::L405N-002,D12_I405_N,L405N-002,2025-10-01,AM,4,measured,False,True,4821.650197628458,0.0,0.0,True,True,True,PeMS_average_weekday,1419635.4167108354,1440451.172412128,1338883.1139159908,2078.939553252133,2120.215434218126,1970.7163263195444,9283.114934736297,9442.316353981372,8776.526524969506,377.98010061203263,382.2147220170403,355.26427205565517,D12_I405,released_monthly_average_weekday,2025-10
PeMS::D12_I405_N::L405N-002,D12_I405_N,L405N-002,2025-10-01,MD,6,measured,False,True,7595.460869565217,0.0,0.0,True,True,True,PeMS_average_weekday,1906547.3779779156,1900201.2622686096,2109119.0534046623,2517.1988087327895,2504.614998643326,3104.4348154778445,11879.32665803644,11830.790796926567,13825.508085156163,540.912270478084,539.6212581407509,559.6415679595574,D12_I405,released_monthly_average_weekday,2025-10
PeMS::D12_I405_N::L405N-002,D12_I405_N,L405N-002,2025-10-01,PM,4,measured,False,True,5222.952173913043,1843.7434782608693,0.35300791905960227,True,True,True,PeMS_average_weekday,1438817.470925877,1488563.6738653148,1366360.4459546236,1898.059791572595,1962.0442202777865,1869.4091775862812,10299.378452158435,9267.90533355383,9739.25670674863,435.4983789826371,422.7239600687476,391.45746296624156,D12_I405,released_monthly_average_weekday,2025-10
PeMS::D12_I405_N::L405N-016,D12_I405_N,L405N-016,2025-10-01,NT,10,measured,False,True,3386.609523809524,0.0,0.0,True,True,True,PeMS_average_weekday,640892.9609794671,658151.7979161211,653963.6407542918,934.5178342497841,968.7406464902541,962.5760533228425,4182.259972428263,4314.257646414416,4286.80381415715,171.12544389860187,174.63646897817438,173.52516763313005,D12_I405,released_monthly_average_weekday,2025-10
PeMS::D12_I405_N::L405N-016,D12_I405_N,L405N-016,2025-10-01,AM,4,measured,False,True,3638.5969047619046,0.0,0.0,True,True,True,PeMS_average_weekday,673937.2983965413,732745.2377266428,702623.099104361,961.924361541837,1078.5355256272187,1034.198428721898,4353.455635548486,4803.22587394771,4605.771932031872,182.46586920696387,194.42937234589516,186.43665099540695,D12_I405,released_monthly_average_weekday,2025-10
PeMS::D12_I405_N::L405N-016,D12_I405_N,L405N-016,2025-10-01,MD,6,measured,False,True,6780.666666666666,1864.8571428571431,0.27502563310251843,True,False,False,PeMS_average_weekday,1131294.9252781342,1321743.2364273018,,1383.6055578888381,1742.161738361813,,8125.684137621238,8229.269197913834,,350.0051809999691,375.35010756092527,,D12_I405,released_monthly_average_weekday,2025-10
PeMS::D12_I405_N::L405N-016,D12_I405_N,L405N-016,2025-10-01,PM,4,measured,False,True,4638.32044134727,3947.6156794425083,0.851087312608325,True,False,False,PeMS_average_weekday,771579.3769071482,726268.6815900485,,781.7973882906813,690.911391430605,,7053.96564380716,6848.22407939229,,279.45377235297383,269.8014102200729,,D12_I405,released_monthly_average_weekday,2025-10
PeMS::D12_I405_N::L405N-017,D12_I405_N,L405N-017,2025-10-01,NT,10,measured,False,True,2861.3043478260865,0.0,0.0,True,True,True,PeMS_average_weekday,574116.9825683716,594793.7348969143,576038.4449645344,834.4829891605118,875.483238208557,847.8771270473725,3740.80024867465,3898.9385532992806,3775.9955586015712,153.6184592029737,157.82480266957444,152.84820362536706,D12_I405,released_monthly_average_weekday,2025-10
PeMS::D12_I405_N::L405N-017,D12_I405_N,L405N-017,2025-10-01,AM,4,measured,False,True,3676.1210474308305,0.0,0.0,True,True,True,PeMS_average_weekday,714719.5213457323,788610.2759338538,740077.5290724719,1014.2447612277726,1160.7638708211548,1089.3280034128964,4604.3019275560155,5169.427362746819,4851.289852659978,194.22095874113342,209.2528113195915,196.3749500594396,D12_I405,released_monthly_average_weekday,2025-10
PeMS::D12_I405_N::L405N-017,D12_I405_N,L405N-017,2025-10-01,MD,6,measured,False,True,6591.695652173913,0.0,0.0,True,True,True,PeMS_average_weekday,1220294.3430705569,1220294.3430705569,1327041.6745574852,1608.4441027921375,1608.4441027921375,1953.286785511702,7597.641034247401,7597.6410342474,8698.904583559119,346.5405385130677,346.5405385130677,352.12222007959696,D12_I405,released_monthly_average_weekday,2025-10
PeMS::D12_I405_N::L405N-017,D12_I405_N,L405N-017,2025-10-01,PM,4,measured,False,True,4571.29347826087,0.0,0.0,True,True,True,PeMS_average_weekday,890643.6782229878,912828.9162498179,920293.8473478182,1169.5048342389941,1203.1804421101583,1354.5903231800487,5933.921418250036,5683.3389999138935,6032.627701450838,261.52739241821007,259.2261662145734,244.19422454216974,D12_I405,released_monthly_average_weekday,2025-10
PeMS::D12_I405_N::L405N-027,D12_I405_N,L405N-027,2025-10-01,NT,10,measured,False,True,3847.320652173913,0.0,0.0,True,True,True,PeMS_average_weekday,287296.23769386753,287296.23769386753,287123.9688992837,422.87439450745853,422.87439450745853,422.6208302325243,1883.2585342490047,1883.258534249005,1882.1292932948281,76.232262314606,76.232262314606,76.18655186589721,D12_I405,released_monthly_average_weekday,2025-10
PeMS::D12_I405_N::L405N-027,D12_I405_N,L405N-027,2025-10-01,AM,4,measured,False,True,4160.768774703557,0.0,0.0,True,True,True,PeMS_average_weekday,298634.3844826446,272663.259192507,310516.4742611352,410.89020367929163,359.39166135339076,457.0525082117052,1896.2515259011186,1697.6212160092323,2035.4697467368778,82.71461033414175,77.43121420651889,82.3936070617981,D12_I405,released_monthly_average_weekday,2025-10
PeMS::D12_I405_N::L405N-027,D12_I405_N,L405N-027,2025-10-01,MD,6,measured,False,True,6245.0,1354.3586956521738,0.21687088801475962,True,False,False,PeMS_average_weekday,411934.93378023175,451541.15217806736,,522.2816726429112,595.1668198029059,,2844.354583934487,2811.3279438853187,,124.0498555789887,128.2291562893454,,D12_I405,released_monthly_average_weekday,2025-10
PeMS::D12_I405_N::L405N-027,D12_I405_N,L405N-027,2025-10-01,PM,4,measured,False,True,4001.293478260869,2820.3967391304345,0.7048712508726798,True,False,False,PeMS_average_weekday,265100.11929715076,230589.47978607565,,286.68392597686034,219.36358040313425,,2269.258548986798,2174.303350749336,,91.77821782523773,85.66164066443021,,D12_I405,released_monthly_average_weekday,2025-10
PeMS::D12_I405_N::L405N-063,D12_I405_N,L405N-063,2025-10-01,NT,10,measured,False,True,3039.6304347826085,0.0,0.0,True,True,True,PeMS_average_weekday,209188.82365411596,209188.8236541159,207385.93865903193,307.9072592475861,307.9072592475861,305.2535736066516,1371.2558179613543,1371.255817961354,1359.4377079139845,55.50694783228211,55.5069478322821,55.0285635590611,D12_I405,released_monthly_average_weekday,2025-10
PeMS::D12_I405_N::L405N-063,D12_I405_N,L405N-063,2025-10-01,AM,4,measured,False,True,3610.243412384716,0.0,0.0,True,True,True,PeMS_average_weekday,253536.38111836687,260114.9624981774,246317.3517074414,369.82121599607325,382.8659858259431,362.55713543647414,1654.7684898506839,1705.0822765473647,1614.637415582677,67.68157707145103,69.01988070670174,65.35877085870224,D12_I405,released_monthly_average_weekday,2025-10
PeMS::D12_I405_N::L405N-063,D12_I405_N,L405N-063,2025-10-01,MD,6,measured,False,True,6144.811594202898,1323.2898550724638,0.21535076133511954,True,False,False,PeMS_average_weekday,370665.4597941412,412828.0966867964,,464.5522138979452,544.1399620946921,,2540.6034118713505,2570.297654241035,,111.48910593280226,117.23537993234427,,D12_I405,released_monthly_average_weekday,2025-10
PeMS::D12_I405_N::L405N-063,D12_I405_N,L405N-063,2025-10-01,PM,4,measured,False,True,3764.463768115942,2961.6231884057966,0.7867317553936891,True,False,False,PeMS_average_weekday,229980.78044276708,202273.44528299733,,246.45606303867334,192.4260691290877,,2000.093090454142,1907.3022336251072,,80.06451405827293,75.14252255507587,,D12_I405,released_monthly_average_weekday,2025-10
PeMS::D12_I405_N::L405N-065,D12_I405_N,L405N-065,2025-10-01,NT,10,measured,False,True,3518.5200000000004,0.0,0.0,True,True,True,PeMS_average_weekday,313507.79665698984,313507.7966569899,312730.60961924866,461.4554675302032,461.4554675302032,460.3115176454363,2055.078195061517,2055.078195061517,2049.9836482854,83.18733577672589,83.1873357767259,82.98111405031494,D12_I405,released_monthly_average_weekday,2025-10
PeMS::D12_I405_N::L405N-065,D12_I405_N,L405N-065,2025-10-01,AM,4,measured,False,True,3793.0571428571425,0.0,0.0,True,True,True,PeMS_average_weekday,340200.8125772608,340200.8125772608,337131.82605367014,500.7452021799495,500.7452021799495,496.2279282040271,2230.053859345225,2230.0538593452256,2209.936314094926,90.27016083540391,90.27016083540393,89.45582442924588,D12_I405,released_monthly_average_weekday,2025-10
PeMS::D12_I405_N::L405N-065,D12_I405_N,L405N-065,2025-10-01,MD,6,measured,False,True,6942.466666666667,0.0,0.0,True,True,True,PeMS_average_weekday,576340.8185245432,534065.2224798488,617055.4190193546,792.5373057071138,703.9400473189081,908.250448352201,3842.7150639617857,3325.1287874262935,4044.8663487583162,163.41457228818913,151.6644331346926,163.73180151233373,D12_I405,released_monthly_average_weekday,2025-10
PeMS::D12_I405_N::L405N-065,D12_I405_N,L405N-065,2025-10-01,PM,4,measured,False,True,4240.906666666667,1940.9333333333334,0.4576694291786662,True,True,True,PeMS_average_weekday,310133.1986028835,313697.0720850916,353450.84092565713,365.16076547074005,396.93497408347605,470.37943599226844,2600.415152520289,3403.400762487597,2592.235395951307,104.44731458253958,121.17648608537226,103.95388898324681,D12_I405,released_monthly_average_weekday,2025-10
PeMS::D12_I405_N::L405N-071,D12_I405_N,L405N-071,2025-10-01,NT,10,measured,False,True,3496.2681159420285,0.0,0.0,True,True,True,PeMS_average_weekday,301708.5369568488,301708.53695684887,301500.9321803833,444.08801141109404,444.0880114110941,443.7824357277874,1977.732745965212,1977.7327459652122,1976.3718737513327,80.05647590957452,80.05647590957453,80.00138927877029,D12_I405,released_monthly_average_weekday,2025-10
PeMS::D12_I405_N::L405N-071,D12_I405_N,L405N-071,2025-10-01,AM,4,measured,False,True,3659.7147562582345,0.0,0.0,True,True,True,PeMS_average_weekday,324536.6937261543,324536.6937261542,315595.7649514707,477.6890186816024,477.6890186816025,464.5287703181785,2127.373832120954,2127.3738321209544,2068.765057588455,86.1137847311783,86.1137847311783,83.74136512290568,D12_I405,released_monthly_average_weekday,2025-10
PeMS::D12_I405_N::L405N-071,D12_I405_N,L405N-071,2025-10-01,MD,6,measured,False,True,6814.826086956522,1574.231884057971,0.23100103567881622,True,False,False,PeMS_average_weekday,517053.2644868081,580174.2078121537,,645.7840980788584,764.715323353427,,3587.21250918905,3612.206672362433,,156.31452335477167,164.7585138358634,,D12_I405,released_monthly_average_weekday,2025-10
PeMS::D12_I405_N::L405N-071,D12_I405_N,L405N-071,2025-10-01,PM,4,measured,False,True,4246.007246376812,3542.826086956521,0.8343900237051345,True,False,False,PeMS_average_weekday,311360.89435391285,317418.5500022252,,298.17692214875194,301.9655089185214,,2711.529683228522,2993.042950181937,,113.30914191105278,117.91775494589157,,D12_I405,released_monthly_average_weekday,2025-10
PeMS::D12_I405_N::L405N-074,D12_I405_N,L405N-074,2025-10-01,NT,10,measured,False,True,3823.9739130434778,0.0,0.0,True,True,True,PeMS_average_weekday,723687.1124644766,723687.1124644765,717091.3192717859,1065.20277450469,1065.2027745046898,1055.4943562008361,4743.848863509975,4743.848863509974,4700.6127114462215,192.0258553816396,192.0258553816396,190.27570285310608,D12_I405,released_monthly_average_weekday,2025-10
PeMS::D12_I405_N::L405N-074,D12_I405_N,L405N-074,2025-10-01,AM,4,measured,False,True,4171.830830039526,0.0,0.0,True,True,True,PeMS_average_weekday,800662.4400003509,808630.391804825,782323.243233312,1174.431919026936,1190.2316927629347,1151.509920376725,5239.721571134087,5300.6614310148325,5128.215169773327,212.94407594559593,214.5650240269188,207.58458645923358,D12_I405,released_monthly_average_weekday,2025-10
PeMS::D12_I405_N::L405N-074,D12_I405_N,L405N-074,2025-10-01,MD,6,measured,False,True,7548.104347826085,477.9,0.06331391008626411,True,False,False,PeMS_average_weekday,1266105.3833406689,1282445.4048851908,,1668.9697464959545,1690.3640997385116,,8370.97306798682,7984.598050188928,,368.2233198897533,364.1902658536106,,D12_I405,released_monthly_average_weekday,2025-10
PeMS::D12_I405_N::L405N-074,D12_I405_N,L405N-074,2025-10-01,PM,4,measured,False,True,5329.226086956522,4031.7913043478266,0.7565434902857255,True,False,False,PeMS_average_weekday,811939.0385679633,721121.0906882897,,860.4209042222385,686.0144031911243,,6960.210064923485,6799.68576725262,,282.19806404188654,267.8891326845885,,D12_I405,released_monthly_average_weekday,2025-10
PeMS::D12_I405_N::L405N-076,D12_I405_N,L405N-076,2025-10-01,NT,10,measured,False,True,4781.269565217391,0.0,0.0,True,True,True,PeMS_average_weekday,626325.1932762442,660764.1969074887,637364.0621816267,904.2962363584127,972.5858644108021,938.142956689414,4067.988541579272,4331.382210017643,4177.99174525279,168.32360673550565,175.32965273435207,169.12057313436148,D12_I405,released_monthly_average_weekday,2025-10
PeMS::D12_I405_N::L405N-076,D12_I405_N,L405N-076,2025-10-01,AM,4,measured,False,True,6614.8,2529.2347826086952,0.38235997802030225,True,True,True,PeMS_average_weekday,805282.6299075685,931582.4784802524,835411.2349502865,994.2803778117002,1227.8991149018289,1139.5527556741379,5880.425717497996,5800.100037731819,5973.646216870955,250.46699614863255,264.55182357853397,240.04158875597125,D12_I405,released_monthly_average_weekday,2025-10
PeMS::D12_I405_N::L405N-076,D12_I405_N,L405N-076,2025-10-01,MD,6,measured,False,True,9402.086956521738,0.0,0.0,True,True,True,PeMS_average_weekday,1211814.4455865147,1211814.4455865147,1253339.1505862768,1597.266929696203,1597.2669296962029,1844.8032548947558,7544.844577837667,7544.844577837666,8215.77640764346,344.13240783759375,344.1324078375937,332.56571566547177,D12_I405,released_monthly_average_weekday,2025-10
PeMS::D12_I405_N::L405N-076,D12_I405_N,L405N-076,2025-10-01,PM,4,measured,False,True,5799.730434782608,0.0,0.0,True,True,True,PeMS_average_weekday,722613.6296011058,722613.6296011057,773129.3329208859,952.4617054312755,952.4617054312754,1137.9773057914067,4499.0448372883875,4499.044837288387,5067.948073350553,205.20861852784213,205.20861852784213,205.14503977996014,D12_I405,released_monthly_average_weekday,2025-10
PeMS::D12_I405_N::L405N-080,D12_I405_N,L405N-080,2025-10-01,NT,10,measured,False,True,4571.260869565217,0.0,0.0,True,True,True,PeMS_average_weekday,1115899.4608198716,1115899.4608198719,1101047.80346404,1642.5043105793352,1642.5043105793354,1620.6439978157835,7314.8440780912615,7314.844078091262,7217.48982560392,296.09695238888844,296.09695238888844,292.1561578680676,D12_I405,released_monthly_average_weekday,2025-10
PeMS::D12_I405_N::L405N-080,D12_I405_N,L405N-080,2025-10-01,AM,4,measured,False,True,5295.583399209486,0.0,0.0,True,True,True,PeMS_average_weekday,1338006.9522320395,1377199.785467309,1275510.3320792995,1949.3989739642675,2027.1150435873647,1877.4372532535062,8727.94500162606,9027.696534302964,8361.110948381895,357.4582274893558,365.4313615385156,338.44870020076456,D12_I405,released_monthly_average_weekday,2025-10
PeMS::D12_I405_N::L405N-080,D12_I405_N,L405N-080,2025-10-01,MD,6,measured,False,True,8494.991304347825,0.0,0.0,True,True,True,PeMS_average_weekday,1863492.398610714,1863492.398610714,2046129.4559607822,2456.229823700882,2456.229823700882,3011.719755603888,11602.238750912782,11602.238750912782,13412.604324538528,529.1966343993995,529.1966343993996,542.9276716900562,D12_I405,released_monthly_average_weekday,2025-10
PeMS::D12_I405_N::L405N-080,D12_I405_N,L405N-080,2025-10-01,PM,4,measured,False,True,5966.417391304349,923.1826086956522,0.15472980654037524,True,True,True,PeMS_average_weekday,1431533.2927244753,1443705.0741231088,1404886.1395421738,1895.6684024498913,1902.917050980819,2023.4153005201,9583.480449508395,8988.612439937131,9454.602133979983,418.66402115030735,409.9849652517345,381.8411760266293,D12_I405,released_monthly_average_weekday,2025-10
PeMS::D12_I405_N::L405N-086,D12_I405_N,L405N-086,2025-10-01,NT,10,measured,False,True,4944.724637681159,0.0,0.0,True,True,True,PeMS_average_weekday,159848.30180898245,159848.30180898245,159732.36834717667,235.28241923079597,235.28241923079594,235.1117755326473,1047.8232537376616,1047.8232537376614,1047.0632971050813,42.41474852528766,42.414748525287656,42.38398630527963,D12_I405,released_monthly_average_weekday,2025-10
PeMS::D12_I405_N::L405N-086,D12_I405_N,L405N-086,2025-10-01,AM,4,measured,False,True,5333.553359683794,0.0,0.0,True,True,True,PeMS_average_weekday,163580.34614897048,158459.9221184815,172292.93282706503,219.01603119685137,208.862663920123,253.59980427169566,1025.744584026565,986.5829612400426,1129.3991830241318,46.041289738023295,44.99962411159216,45.71685364087861,D12_I405,released_monthly_average_weekday,2025-10
PeMS::D12_I405_N::L405N-086,D12_I405_N,L405N-086,2025-10-01,MD,6,measured,False,True,8153.173913043478,349.3333333333333,0.04284629974278711,True,False,False,PeMS_average_weekday,237347.89336143812,241560.71582343912,,311.38543636588474,318.3960583270466,,1531.5700358416193,1503.9745264935812,,68.63584873199358,68.59867950745438,,D12_I405,released_monthly_average_weekday,2025-10
PeMS::D12_I405_N::L405N-086,D12_I405_N,L405N-086,2025-10-01,PM,4,measured,False,True,5224.768115942029,3150.927536231884,0.6030750965995301,True,False,False,PeMS_average_weekday,136958.57739548828,146171.0814048551,,154.55915066516076,184.95682482318978,,1157.1863020001672,1585.8572303536748,,46.76342084606499,56.463702049264434,,D12_I405,released_monthly_average_weekday,2025-10
PeMS::D12_I405_N::L405N-087,D12_I405_N,L405N-087,2025-10-01,NT,10,measured,False,True,3793.608695652174,0.0,0.0,True,True,True,PeMS_average_weekday,90149.77093977566,90149.77093977566,89150.39789596113,132.69240873862458,132.69240873862458,131.22142090327233,590.9416943490637,590.9416943490638,584.390693790304,23.920678673159372,23.920678673159376,23.655501277737322,D12_I405,released_monthly_average_weekday,2025-10
PeMS::D12_I405_N::L405N-087,D12_I405_N,L405N-087,2025-10-01,AM,4,measured,False,True,4335.944334650856,0.0,0.0,True,True,True,PeMS_average_weekday,107234.71261700538,107234.71261700538,101895.37026628117,157.8399164990716,157.8399164990716,149.98088158182205,702.935371951881,702.9353719518812,667.9353937760683,28.454061240306448,28.45406124030645,27.03730009531154,D12_I405,released_monthly_average_weekday,2025-10
PeMS::D12_I405_N::L405N-087,D12_I405_N,L405N-087,2025-10-01,MD,6,measured,False,True,7654.818840579712,0.0,0.0,True,True,True,PeMS_average_weekday,165555.58900214723,160890.47036496596,179889.44042681815,221.3168532701814,212.06631803505783,264.7811847777637,1037.3951228295414,1001.7157308034433,1179.1951284307218,46.63889516398434,45.68985389344899,47.7325394871943,D12_I405,released_monthly_average_weekday,2025-10
PeMS::D12_I405_N::L405N-087,D12_I405_N,L405N-087,2025-10-01,PM,4,measured,False,True,5491.13768115942,3095.9130434782605,0.5638017517026777,True,False,False,PeMS_average_weekday,112444.91434193173,110850.26993679452,,133.57022265966168,140.26381799500055,,899.2203671164161,1202.650349004555,,36.751719864475746,42.81980097318898,,D12_I405,released_monthly_average_weekday,2025-10
PeMS::D12_I405_N::L405N-091,D12_I405_N,L405N-091,2025-10-01,NT,10,measured,False,True,4461.58152173913,0.0,0.0,True,True,True,PeMS_average_weekday,358246.9396099811,358246.939609981,358065.2512731863,527.3074889102681,527.307488910268,527.0400599107522,2348.3482129967547,2348.3482129967547,2347.1572259041677,95.05858793338399,95.05858793338398,95.01037806798088,D12_I405,released_monthly_average_weekday,2025-10
PeMS::D12_I405_N::L405N-091,D12_I405_N,L405N-091,2025-10-01,AM,4,measured,False,True,4922.289278656126,0.0,0.0,True,True,True,PeMS_average_weekday,355438.40723588044,344213.55297889194,395039.4582758384,475.9585222123144,453.7005866936286,581.4627893002701,2228.9475755889653,2143.098531519875,2589.527232012745,100.03365689557647,97.75014584813545,104.82125296744317,D12_I405,released_monthly_average_weekday,2025-10
PeMS::D12_I405_N::L405N-091,D12_I405_N,L405N-091,2025-10-01,MD,6,measured,False,True,7489.418478260869,1813.3260869565215,0.24211840908876509,True,False,False,PeMS_average_weekday,523290.5789750946,596203.692640025,,648.7569970146183,785.8434474724904,,3619.751907304853,3712.0074068144486,,158.7519759599649,169.31058468326256,,D12_I405,released_monthly_average_weekday,2025-10
PeMS::D12_I405_N::L405N-091,D12_I405_N,L405N-091,2025-10-01,PM,4,measured,False,True,5048.434782608696,4039.9565217391305,0.8002394198804622,True,False,False,PeMS_average_weekday,349267.26113101566,338189.70916591986,,349.67681108450086,321.72545567540965,,3130.407430800572,3188.900978963076,,126.80673668104059,125.63402879374793,,D12_I405,released_monthly_average_weekday,2025-10
PeMS::D12_I405_N::L405N-095,D12_I405_N,L405N-095,2025-10-01,NT,10,measured,False,True,3803.7999999999997,0.0,0.0,True,True,True,PeMS_average_weekday,266393.5444203293,266393.5444203292,263935.6888724717,392.1074974795853,392.1074974795852,388.48975370079427,1746.2390737361725,1746.2390737361723,1730.127559455271,70.68586320579466,70.68586320579465,70.03368658712505,D12_I405,released_monthly_average_weekday,2025-10
PeMS::D12_I405_N::L405N-095,D12_I405_N,L405N-095,2025-10-01,AM,4,measured,False,True,4350.26,0.0,0.0,True,True,True,PeMS_average_weekday,304467.8245696348,325144.03938281554,301853.1126437665,437.5837940266481,478.582977227245,444.3008139056779,1973.2208562641404,2131.355049906219,1978.6804555433746,82.06870598990722,86.27494010789289,80.0948381651261,D12_I405,released_monthly_average_weekday,2025-10
PeMS::D12_I405_N::L405N-095,D12_I405_N,L405N-095,2025-10-01,MD,6,measured,False,True,6968.345454545453,0.0,0.0,True,True,True,PeMS_average_weekday,466192.5584977835,466192.55849778355,483515.1842491223,614.4785278562771,614.4785278562772,711.6911534093308,2902.548661654123,2902.548661654123,3169.4953769162303,132.3898788763505,132.3898788763505,128.2977342642762,D12_I405,released_monthly_average_weekday,2025-10
PeMS::D12_I405_N::L405N-095,D12_I405_N,L405N-095,2025-10-01,PM,4,measured,False,True,4905.472727272727,3971.018181818181,0.809507748303379,True,False,False,PeMS_average_weekday,295966.51513069053,258347.94716819495,,320.2980490432586,245.77066886655604,,2587.3928755932757,2436.046985786813,,103.39866271828093,95.97362827326819,,D12_I405,released_monthly_average_weekday,2025-10
PeMS::D12_I405_N::L405N-100,D12_I405_N,L405N-100,2025-10-01,NT,10,measured,False,True,3496.3768115942025,0.0,0.0,True,True,True,PeMS_average_weekday,229560.9687779282,229560.9687779282,224207.63711535334,337.8932367988476,337.89323679884757,330.01361086437515,1504.7974768196234,1504.7974768196234,1469.7057971612485,60.91256930319227,60.912569303192264,59.492096181670405,D12_I405,released_monthly_average_weekday,2025-10
PeMS::D12_I405_N::L405N-100,D12_I405_N,L405N-100,2025-10-01,AM,4,measured,False,True,3983.652832674572,0.0,0.0,True,True,True,PeMS_average_weekday,261270.4802065959,275043.7132351761,255454.55676861198,377.5286183220854,404.83977315896055,376.0062849580568,1697.602531271098,1802.941884653639,1674.5328028274225,70.17919489187186,72.98113147471534,67.78327115371731,D12_I405,released_monthly_average_weekday,2025-10
PeMS::D12_I405_N::L405N-100,D12_I405_N,L405N-100,2025-10-01,MD,6,measured,False,True,7032.45652173913,1207.5072463768115,0.17170490036363487,True,False,False,PeMS_average_weekday,412436.7347298703,430714.1051671235,,539.9713868897902,567.7151306808903,,2888.100266165481,2681.657239525266,,124.2105400701013,122.31466842189475,,D12_I405,released_monthly_average_weekday,2025-10
PeMS::D12_I405_N::L405N-100,D12_I405_N,L405N-100,2025-10-01,PM,4,measured,False,True,4380.927536231884,3065.9275362318845,0.699835254264202,True,False,False,PeMS_average_weekday,247139.3684202847,242425.21686107386,,303.94053917961077,306.75149924838774,,2262.815429243618,2630.149406327249,,86.69872082068338,93.64523462858732,,D12_I405,released_monthly_average_weekday,2025-10
PeMS::D12_I405_N::L405N-110,D12_I405_N,L405N-110,2025-10-01,NT,10,measured,False,True,14705.41304347826,0.0,0.0,True,True,True,PeMS_average_weekday,21110555.432782367,21110555.43278237,20615062.67321136,31072.851555635036,31072.851555635036,30343.530481442303,138382.01989922096,138382.01989922096,135134.01019463508,5601.55403452834,5601.554034528341,5470.078125460382,D12_I405,released_monthly_average_weekday,2025-10
PeMS::D12_I405_N::L405N-110,D12_I405_N,L405N-110,2025-10-01,AM,4,measured,False,True,15974.6581027668,0.0,0.0,True,True,True,PeMS_average_weekday,22169717.83198086,20915173.65749007,22394377.974830944,30249.00845686064,27567.846986502227,32962.52363934086,147697.57293342048,130219.38724939985,146797.61830100205,6322.557188702616,5939.514170100404,5942.208327729132,D12_I405,released_monthly_average_weekday,2025-10
PeMS::D12_I405_N::L405N-110,D12_I405_N,L405N-110,2025-10-01,MD,6,measured,False,True,24394.760869565216,7107.500000000001,0.2913535425906668,True,False,False,PeMS_average_weekday,32722980.54700377,26066274.16169257,,37784.287274853195,24797.277105544148,,232883.49012000472,245787.39370026294,,10319.874080819387,9683.35508094704,,D12_I405,released_monthly_average_weekday,2025-10
PeMS::D12_I405_N::L405N-110,D12_I405_N,L405N-110,2025-10-01,PM,4,measured,False,True,15612.847826086956,14501.326086956522,0.928807239299852,True,False,False,PeMS_average_weekday,24673060.129264183,21832921.701151695,,18255.001116827687,12837.610586473884,,219951.59419258486,197422.32927436367,,9437.516679055472,8665.981140675674,,D12_I405,released_monthly_average_weekday,2025-10
PeMS::D12_I405_N::L405N-116,D12_I405_N,L405N-116,2025-10-01,NT,10,measured,False,True,12301.652173913044,0.0,0.0,True,True,True,PeMS_average_weekday,307423.404580344,307423.404580344,301012.0475742933,452.4997859800005,452.4997859800005,443.0628412651386,2015.194333734136,2015.1943337341363,1973.1671812218642,81.5728803402923,81.57288034029231,79.87166680195617,D12_I405,released_monthly_average_weekday,2025-10
PeMS::D12_I405_N::L405N-116,D12_I405_N,L405N-116,2025-10-01,AM,4,measured,False,True,12852.507905138338,0.0,0.0,True,True,True,PeMS_average_weekday,319807.0767649594,328220.3022905161,314491.06724010594,466.4282475694763,483.1109613904967,462.9027539820197,2087.1749254594206,2151.5202926571314,2061.5236422138823,85.37967559779676,87.09120725712862,83.44824048477226,D12_I405,released_monthly_average_weekday,2025-10
PeMS::D12_I405_N::L405N-116,D12_I405_N,L405N-116,2025-10-01,MD,6,measured,False,True,24211.782608695652,6419.413043478261,0.26513591118948554,True,False,False,PeMS_average_weekday,519628.33567152155,600235.2769623759,,641.817165765666,791.1573932963132,,3717.018044666821,3737.108343038939,,160.3869836746577,170.45547846242474,,D12_I405,released_monthly_average_weekday,2025-10
PeMS::D12_I405_N::L405N-116,D12_I405_N,L405N-116,2025-10-01,PM,4,measured,False,True,15481.021739130436,13326.565217391304,0.8608324077025586,True,False,False,PeMS_average_weekday,353309.762715911,321333.99079908844,,305.22837066567445,248.4454381976034,,3081.52728972717,2878.0586082277905,,131.93526572948218,125.30046017282598,,D12_I405,released_monthly_average_weekday,2025-10
PeMS::D12_I405_N::L405N-126,D12_I405_N,L405N-126,2025-10-01,NT,10,measured,False,True,16070.782608695652,0.0,0.0,True,True,True,PeMS_average_weekday,3426676.21975863,3493773.342586707,3369720.187728018,5009.474309470263,5142.522222539323,4959.927061639561,22388.902796577408,22902.069713732748,22088.8875973798,913.4011350021947,927.0509355004087,894.1342056537098,D12_I405,released_monthly_average_weekday,2025-10
PeMS::D12_I405_N::L405N-126,D12_I405_N,L405N-126,2025-10-01,AM,4,measured,False,True,22013.695652173912,0.0,0.0,True,True,True,PeMS_average_weekday,4297871.821372444,4159688.1698355754,4615829.636416915,5756.803269524832,5482.796789331181,6794.088841251296,26955.365358053812,25898.5200646701,30257.272511463827,1209.3840312690363,1181.2728515925853,1224.7815650750433,D12_I405,released_monthly_average_weekday,2025-10
PeMS::D12_I405_N::L405N-126,D12_I405_N,L405N-126,2025-10-01,MD,6,measured,False,True,34578.0,0.0,0.0,True,True,True,PeMS_average_weekday,6466718.189086603,6466718.189086602,7250311.79179869,8523.644147593655,8523.644147593655,10671.81120629274,40262.25619196994,40262.25619196993,47526.59369114507,1836.4257905346603,1836.42579053466,1923.8249508997196,D12_I405,released_monthly_average_weekday,2025-10
PeMS::D12_I405_N::L405N-126,D12_I405_N,L405N-126,2025-10-01,PM,4,measured,False,True,23553.91304347826,5643.608695652173,0.23960386901465644,True,False,False,PeMS_average_weekday,4632165.493553771,5065896.940890465,,5902.7407720852025,6677.251358410068,,32807.09738005919,31540.641560732336,,1408.4002032064127,1438.6190216456484,,D12_I405,released_monthly_average_weekday,2025-10
PeMS::D12_I405_N::L405N-134,D12_I405_N,L405N-134,2025-10-01,NT,10,measured,False,True,10469.181818181818,0.0,0.0,True,True,True,PeMS_average_weekday,5499171.078222398,5581759.241011226,5490482.680782214,8052.085588351043,8215.850921946885,8081.499980043163,35957.4033705765,36589.04763646342,35990.719714009574,1464.2837562712944,1481.0849527766948,1456.8652876031906,D12_I405,released_monthly_average_weekday,2025-10
PeMS::D12_I405_N::L405N-134,D12_I405_N,L405N-134,2025-10-01,AM,4,measured,False,True,11061.759090909089,0.0,0.0,True,True,True,PeMS_average_weekday,5515308.477182148,4786533.4105533995,5801255.318934685,7754.127459261341,6309.028211709909,8538.929538616936,35375.06389500102,29801.303970901045,38027.868643315625,1507.54229739617,1359.2850570217377,1539.3268661536395,D12_I405,released_monthly_average_weekday,2025-10
PeMS::D12_I405_N::L405N-134,D12_I405_N,L405N-134,2025-10-01,MD,6,measured,False,True,20104.772727272728,0.0,0.0,True,True,True,PeMS_average_weekday,9452481.878914004,9572564.103612565,10543794.957161613,12435.11755582854,12617.393802148512,15519.524182114568,60955.80755222547,59599.477986242986,69115.7391960169,2730.883218224879,2718.427351772912,2797.7301388201267,D12_I405,released_monthly_average_weekday,2025-10
PeMS::D12_I405_N::L405N-134,D12_I405_N,L405N-134,2025-10-01,PM,4,measured,False,True,14974.227272727274,4964.363636363636,0.3315271997644437,True,False,False,PeMS_average_weekday,6531702.536012463,6527193.416757065,,7941.091204729022,8259.150563622465,,60219.58638458533,70815.62764943246,,2309.960520932481,2521.3571710597594,,D12_I405,released_monthly_average_weekday,2025-10
PeMS::D12_I405_S::L405S-001,D12_I405_S,L405S-001,2025-10-01,NT,10,measured,False,True,4405.904347826086,0.0,0.0,True,True,True,PeMS_average_weekday,793974.2865486494,800735.7086281884,779359.9428065125,1165.2040969917862,1178.6114244470446,1147.148206893161,5197.1987373051925,5248.910911805334,5108.790408547387,211.09471960039969,212.47021915358326,206.79829319877857,D12_I405,released_monthly_average_weekday,2025-10
PeMS::D12_I405_S::L405S-001,D12_I405_S,L405S-001,2025-10-01,AM,4,measured,False,True,5143.112252964427,0.0,0.0,True,True,True,PeMS_average_weekday,826087.830232614,793391.2568448355,909764.569286571,1110.5867318037099,1045.7521953825305,1339.0921665717638,5189.778825920934,4939.71147489693,5963.607122109127,231.95970483812204,225.308127469269,241.40034637101274,D12_I405,released_monthly_average_weekday,2025-10
PeMS::D12_I405_S::L405S-001,D12_I405_S,L405S-001,2025-10-01,MD,6,measured,False,True,7936.773913043478,0.0,0.0,True,True,True,PeMS_average_weekday,1262024.0302428242,1262024.030242824,1403935.0777076716,1663.4471187650743,1663.447118765074,2066.46700520327,7857.453091401216,7857.453091401215,9202.94932452904,358.39098127450166,358.3909812745017,372.52540435468603,D12_I405,released_monthly_average_weekday,2025-10
PeMS::D12_I405_S::L405S-001,D12_I405_S,L405S-001,2025-10-01,PM,4,measured,False,True,5687.347826086957,0.0,0.0,True,True,True,PeMS_average_weekday,903397.7474650571,885078.3517731931,1006034.3408605558,1202.9288218468735,1166.6030113984275,1480.7926694760145,5650.6709296754825,5510.561973954229,6594.666095808939,255.0723084191831,251.34553019230586,266.94492898895584,D12_I405,released_monthly_average_weekday,2025-10
PeMS::D12_I405_S::L405S-004,D12_I405_S,L405S-004,2025-10-01,NT,10,measured,False,True,3084.184782608696,0.0,0.0,True,True,True,PeMS_average_weekday,120619.81110831196,120619.81110831194,120541.70612066679,177.54158563810603,177.54158563810597,177.4266220742822,790.6761692830905,790.6761692830904,790.1641824720871,32.00571352606801,32.005713526068,31.98498885541433,D12_I405,released_monthly_average_weekday,2025-10
PeMS::D12_I405_S::L405S-004,D12_I405_S,L405S-004,2025-10-01,AM,4,measured,False,True,4510.769268774704,3101.296442687747,0.6875316066720869,True,False,False,PeMS_average_weekday,154388.189702629,142092.28558421496,,161.90925057727884,135.17473799036807,,1276.5161202487461,1339.8344666374778,,53.433456445371924,52.7858353303663,,D12_I405,released_monthly_average_weekday,2025-10
PeMS::D12_I405_S::L405S-004,D12_I405_S,L405S-004,2025-10-01,MD,6,measured,False,True,6175.440217391304,0.0,0.0,True,True,True,PeMS_average_weekday,225785.9061825498,204810.0476166299,241359.76029973628,311.5491330846762,269.9557816949562,355.26000380127823,1435.5881076614,1275.1622023280163,1582.1398569553037,62.429375750275916,58.16218406402153,64.04330494214707,D12_I405,released_monthly_average_weekday,2025-10
PeMS::D12_I405_S::L405S-004,D12_I405_S,L405S-004,2025-10-01,PM,4,measured,False,True,3757.255434782608,0.0,0.0,True,True,True,PeMS_average_weekday,149031.94579556322,156147.79637440344,146847.87467784656,215.7254766806533,229.83560583852798,216.1469519669489,969.1431457884814,1023.5660323530512,962.6040196115176,39.985240347829986,41.4328425203575,38.96516638241707,D12_I405,released_monthly_average_weekday,2025-10
PeMS::D12_I405_S::L405S-005,D12_I405_S,L405S-005,2025-10-01,NT,10,measured,False,True,3480.0993788819874,0.0,0.0,True,True,True,PeMS_average_weekday,80704.97874920061,80704.97874920061,80624.13355347636,118.79051844274811,118.79051844274812,118.67152153744526,529.0300395362988,529.0300395362988,528.5000903590216,21.414562054444502,21.414562054444506,21.39311028669148,D12_I405,released_monthly_average_weekday,2025-10
PeMS::D12_I405_S::L405S-005,D12_I405_S,L405S-005,2025-10-01,AM,4,measured,False,True,4782.385093167702,2690.664596273292,0.5626198107963489,True,False,False,PeMS_average_weekday,105098.83035598151,96727.58087957995,,109.86234458983085,92.01854518759232,,833.3968374224504,912.0758822625531,,35.631082065641316,35.93331006832228,,D12_I405,released_monthly_average_weekday,2025-10
PeMS::D12_I405_S::L405S-005,D12_I405_S,L405S-005,2025-10-01,MD,6,measured,False,True,6694.4720496894415,0.0,0.0,True,True,True,PeMS_average_weekday,152287.54456986603,168601.92097101873,155092.12520751954,215.81693760738813,248.16696457886053,228.28175219575704,980.4298676057049,1105.2041930941893,1016.6459913864405,41.41857650179894,44.73746669771834,41.15272676959848,D12_I405,released_monthly_average_weekday,2025-10
PeMS::D12_I405_S::L405S-005,D12_I405_S,L405S-005,2025-10-01,PM,4,measured,False,True,4037.664596273292,0.0,0.0,True,True,True,PeMS_average_weekday,97137.55594244941,97137.55594244941,93541.35448817602,142.97780396577218,142.97780396577218,137.68451671387592,636.7473959740366,636.7473959740366,613.1738986877418,25.774843780220458,25.774843780220458,24.820614185016158,D12_I405,released_monthly_average_weekday,2025-10
PeMS::D12_I405_S::L405S-020,D12_I405_S,L405S-020,2025-10-01,NT,10,measured,False,True,3918.9924242424245,0.0,0.0,True,True,True,PeMS_average_weekday,186697.59031624687,186697.59031624687,181878.0605356043,274.8021731670233,274.8021731670232,267.70825591227805,1223.823302069999,1223.823302069999,1192.23075263977,49.539039538897434,49.539039538897434,48.26020741279597,D12_I405,released_monthly_average_weekday,2025-10
PeMS::D12_I405_S::L405S-020,D12_I405_S,L405S-020,2025-10-01,AM,4,measured,False,True,5133.90909090909,2896.9621212121206,0.5642799804036147,True,False,False,PeMS_average_weekday,209440.8188413892,258215.071154862,,249.53435333245358,340.34781100929524,,1640.304855835981,1607.6657499950895,,67.531427673936,73.328201772236,,D12_I405,released_monthly_average_weekday,2025-10
PeMS::D12_I405_S::L405S-020,D12_I405_S,L405S-020,2025-10-01,MD,6,measured,False,True,7020.098484848485,0.0,0.0,True,True,True,PeMS_average_weekday,314362.0370308342,281435.50333025376,325798.51119257876,436.24469862509216,370.954170375688,479.54630125994856,2004.0639592078219,1752.237843875979,2135.6451848242937,86.62072480152456,79.92236580836409,86.44860011499868,D12_I405,released_monthly_average_weekday,2025-10
PeMS::D12_I405_S::L405S-020,D12_I405_S,L405S-020,2025-10-01,PM,4,measured,False,True,4487.333333333333,683.6287878787878,0.15234633513863938,True,False,False,PeMS_average_weekday,196395.89179721137,194835.12491010444,,261.4011835908342,256.8080475484982,,1305.6967678799958,1213.0576105146608,,56.663742227626436,55.32949447074879,,D12_I405,released_monthly_average_weekday,2025-10
PeMS::D12_I405_S::L405S-024,D12_I405_S,L405S-024,2025-10-01,NT,10,measured,False,True,4492.483333333333,0.0,0.0,True,True,True,PeMS_average_weekday,1217971.333417161,1258483.8779953143,1208007.7129592414,1772.0428885364752,1852.375834004966,1778.0794286707885,7939.655818633845,8249.50066340548,7918.623832774523,325.6892294446556,333.93083695119077,320.53730181633307,D12_I405,released_monthly_average_weekday,2025-10
PeMS::D12_I405_S::L405S-024,D12_I405_S,L405S-024,2025-10-01,AM,4,measured,False,True,5671.995289855073,1396.6916666666668,0.24624344614051227,True,False,False,PeMS_average_weekday,1375710.18782523,1449252.8200118416,,1788.099654078426,1910.2294172219579,,9620.765391166264,9023.153107974445,,412.5218049078897,411.56042027103547,,D12_I405,released_monthly_average_weekday,2025-10
PeMS::D12_I405_S::L405S-024,D12_I405_S,L405S-024,2025-10-01,MD,6,measured,False,True,8089.8,0.0,0.0,True,True,True,PeMS_average_weekday,2158566.9822040163,1845999.1339153387,2175309.3047195887,3052.9678986115932,2433.172322371278,3201.860951899865,13883.881155365676,11493.3244169021,14259.39248501297,587.8156395926939,524.2288777246999,577.2047377435134,D12_I405,released_monthly_average_weekday,2025-10
PeMS::D12_I405_S::L405S-024,D12_I405_S,L405S-024,2025-10-01,PM,4,measured,False,True,5411.216666666666,0.0,0.0,True,True,True,PeMS_average_weekday,1547538.2477797149,1564643.577901036,1455050.8003725326,2269.09713838079,2303.015559604759,2141.704782228207,10125.587638297071,10256.411273578335,9538.018525976364,411.68860449323483,415.1684011487543,386.0886421118769,D12_I405,released_monthly_average_weekday,2025-10
PeMS::D12_I405_S::L405S-041,D12_I405_S,L405S-041,2025-10-01,NT,10,measured,False,True,3830.1340579710145,0.0,0.0,True,True,True,PeMS_average_weekday,145368.49992361135,145368.49992361135,140770.37477126738,213.96944449776493,213.96944449776498,207.20141507533,952.9065548844134,952.9065548844136,922.765337219308,38.57262353106711,38.57262353106711,37.35253974026446,D12_I405,released_monthly_average_weekday,2025-10
PeMS::D12_I405_S::L405S-041,D12_I405_S,L405S-041,2025-10-01,AM,4,measured,False,True,4239.152009222661,0.0,0.0,True,True,True,PeMS_average_weekday,159104.8572337166,159104.8572337166,155803.16720474465,234.18813523620224,234.1881352362022,229.32834249035858,1042.9498925257321,1042.9498925257321,1021.3069501244748,42.21748015055027,42.217480150550266,41.341397322628566,D12_I405,released_monthly_average_weekday,2025-10
PeMS::D12_I405_S::L405S-041,D12_I405_S,L405S-041,2025-10-01,MD,6,measured,False,True,6459.032608695653,0.0,0.0,True,True,True,PeMS_average_weekday,241527.76466039137,241527.76466039137,237391.28375772503,355.5072912104588,355.5072912104588,349.41876087971843,1583.241144074601,1583.241144074601,1556.1260553973684,64.08788384994713,64.08788384994712,62.99029447751884,D12_I405,released_monthly_average_weekday,2025-10
PeMS::D12_I405_S::L405S-041,D12_I405_S,L405S-041,2025-10-01,PM,4,measured,False,True,4077.036231884058,0.0,0.0,True,True,True,PeMS_average_weekday,151064.01348477782,151064.0134847778,149844.86433939278,222.35273161603794,222.35273161603791,220.55825299422486,990.2412746395223,990.2412746395223,982.2496174880102,40.08389248222506,40.08389248222506,39.76039887090026,D12_I405,released_monthly_average_weekday,2025-10
PeMS::D12_I405_S::L405S-108,D12_I405_S,L405S-108,2025-10-01,NT,10,measured,False,True,11170.459966206447,0.0,0.0,True,True,True,PeMS_average_weekday,9039195.851589657,9039195.851589656,8957107.673656842,13304.888721335661,13304.88872133566,13184.062257271245,59252.92606300562,59252.92606300562,58714.82900021828,2398.4941633859407,2398.4941633859403,2376.7125780671295,D12_I405,released_monthly_average_weekday,2025-10
PeMS::D12_I405_S::L405S-108,D12_I405_S,L405S-108,2025-10-01,AM,4,measured,False,True,13481.484483614699,5869.949685534591,0.43540825883595285,True,False,False,PeMS_average_weekday,9568312.716920089,11145735.648309257,,11855.101891120408,14690.957863242818,,74063.27870914989,69394.15805648148,,3043.836086278229,3165.178348668343,,D12_I405,released_monthly_average_weekday,2025-10
PeMS::D12_I405_S::L405S-108,D12_I405_S,L405S-108,2025-10-01,MD,6,measured,False,True,20982.388917718064,0.0,0.0,True,True,True,PeMS_average_weekday,14557676.777953967,14557676.777953967,16824868.21089882,19188.165131484384,19188.165131484388,24764.702853271978,90637.15084771023,90637.15084771025,110288.86733822456,4134.105167969019,4134.105167969019,4464.373697189187,D12_I405,released_monthly_average_weekday,2025-10
PeMS::D12_I405_S::L405S-108,D12_I405_S,L405S-108,2025-10-01,PM,4,measured,False,True,13332.01071537746,0.0,0.0,True,True,True,PeMS_average_weekday,9926653.491258135,9753698.881041138,10690361.52900131,13199.098059134802,12856.143712135357,15735.257081435682,62050.0140344713,60727.23624025386,70076.49924448942,2805.050962841074,2769.8662063984248,2836.6206632513654,D12_I405,released_monthly_average_weekday,2025-10
PeMS::D12_I405_S::L405S-110,D12_I405_S,L405S-110,2025-10-01,NT,10,measured,False,True,16001.17754021341,0.0,0.0,True,True,True,PeMS_average_weekday,22451894.746851668,23379102.513010085,22569193.503489964,32573.37569483059,34411.95018311224,33219.83647930557,146161.19905984076,153252.59628921488,147943.55337801186,6014.873740745405,6203.498833670568,5988.594536418719,D12_I405,released_monthly_average_weekday,2025-10
PeMS::D12_I405_S::L405S-110,D12_I405_S,L405S-110,2025-10-01,AM,4,measured,False,True,18558.627964426876,0.0,0.0,True,True,True,PeMS_average_weekday,23386559.06075327,23070093.81706095,26176402.620106418,31035.72534483113,30408.201563520266,38529.32602673353,146056.4408547621,143636.0763644915,171589.2071053936,6615.850405229601,6551.470782692176,6945.744946075522,D12_I405,released_monthly_average_weekday,2025-10
PeMS::D12_I405_S::L405S-110,D12_I405_S,L405S-110,2025-10-01,MD,6,measured,False,True,26892.635869565216,0.0,0.0,True,True,True,PeMS_average_weekday,32632613.181002907,32632613.181002907,37931277.322169974,43012.35560726211,43012.355607262114,55831.45139407966,203173.01507344202,203173.01507344202,248643.7076424936,9267.045618173062,9267.04561817306,10064.827531201081,D12_I405,released_monthly_average_weekday,2025-10
PeMS::D12_I405_S::L405S-110,D12_I405_S,L405S-110,2025-10-01,PM,4,measured,False,True,18797.494565217392,0.0,0.0,True,True,True,PeMS_average_weekday,23685697.531869456,23233578.692589175,26513316.982890874,31520.200886790626,30623.687511998414,39025.233868433694,148111.80465940613,144653.94504989954,173797.71792376705,6689.873502789975,6597.897398636111,7035.143067984487,D12_I405,released_monthly_average_weekday,2025-10
PeMS::D12_I405_S::L405S-112,D12_I405_S,L405S-112,2025-10-01,NT,10,measured,False,True,10039.90909090909,0.0,0.0,True,True,True,PeMS_average_weekday,3203451.071536732,3203451.071536731,3137797.370192317,4715.193777280991,4715.19377728099,4618.557394479569,20998.975196985135,20998.975196985128,20568.607941380295,850.015734134365,850.0157341343647,832.5949345339702,D12_I405,released_monthly_average_weekday,2025-10
PeMS::D12_I405_S::L405S-112,D12_I405_S,L405S-112,2025-10-01,AM,4,measured,False,True,11672.0,4614.545454545454,0.3953517353106112,True,False,False,PeMS_average_weekday,3432752.9199929694,3781882.126859225,,4369.823282218948,4984.818653748355,,25174.453374610115,23546.27225543987,,1055.598839296523,1073.9830732452758,,D12_I405,released_monthly_average_weekday,2025-10
PeMS::D12_I405_S::L405S-112,D12_I405_S,L405S-112,2025-10-01,MD,6,measured,False,True,18253.90909090909,0.0,0.0,True,True,True,PeMS_average_weekday,5598730.912669146,4927409.711978181,5704938.901592969,7825.887374320466,6494.714277974625,8397.160377309972,35812.755838044206,30678.410035135283,37396.50390146211,1535.86046614601,1399.291265062194,1513.7699063725631,D12_I405,released_monthly_average_weekday,2025-10
PeMS::D12_I405_S::L405S-112,D12_I405_S,L405S-112,2025-10-01,PM,4,measured,False,True,11470.909090909092,0.0,0.0,True,True,True,PeMS_average_weekday,3515146.7315751147,3521743.1514810454,3585031.3038950604,4645.5657490318,4641.934985369972,5276.845788493486,22556.964765707038,21926.628138294232,23500.27571820975,1009.8054898176708,1000.1085190217792,951.2656655664791,D12_I405,released_monthly_average_weekday,2025-10
PeMS::D12_I405_S::L405S-114,D12_I405_S,L405S-114,2025-10-01,NT,10,measured,False,True,9208.478260869564,0.0,0.0,True,True,True,PeMS_average_weekday,1794601.4931720016,1824115.9769396165,1832369.3208469604,2626.4110272753255,2684.9357494255373,2697.0839342938643,11731.551131323566,11957.281475756763,12011.38305562555,478.0135478178994,484.01778165469125,486.20775491284337,D12_I405,released_monthly_average_weekday,2025-10
PeMS::D12_I405_S::L405S-114,D12_I405_S,L405S-114,2025-10-01,AM,4,measured,False,True,9457.363636363634,7297.385375494073,0.7716088390040932,True,False,False,PeMS_average_weekday,1556514.065849492,1534848.2013968804,,1544.10316081117,1460.1264426550906,,13468.123634119256,14472.583876267325,,559.7910892075513,570.1804576014571,,D12_I405,released_monthly_average_weekday,2025-10
PeMS::D12_I405_S::L405S-114,D12_I405_S,L405S-114,2025-10-01,MD,6,measured,False,True,15838.521739130434,0.0,0.0,True,True,True,PeMS_average_weekday,2592136.293240454,2592136.293240454,3151663.1195923216,3416.6398936219703,3416.6398936219703,4638.966538814299,16138.828455379407,16138.82845537941,20659.499458446186,736.117734266081,736.117734266081,836.274124536368,D12_I405,released_monthly_average_weekday,2025-10
PeMS::D12_I405_S::L405S-114,D12_I405_S,L405S-114,2025-10-01,PM,4,measured,False,True,10283.652173913042,0.0,0.0,True,True,True,PeMS_average_weekday,1757010.1706954082,1757010.170695408,2046315.1691211143,2315.877856558609,2315.877856558608,3011.9931087840687,10939.27268143832,10939.272681438319,13413.821694793445,498.9576934312797,498.95769343127967,542.9769495172471,D12_I405,released_monthly_average_weekday,2025-10
PeMS::D12_I405_S::L405S-115,D12_I405_S,L405S-115,2025-10-01,NT,10,measured,False,True,10844.125,0.0,0.0,True,True,True,PeMS_average_weekday,163880.2630718265,163880.26307182654,164543.00019633063,241.2171059896233,241.21710598962335,242.19259582719272,1074.2532046446536,1074.2532046446538,1078.597519612732,43.48460426408427,43.484604264084275,43.660457420834135,D12_I405,released_monthly_average_weekday,2025-10
PeMS::D12_I405_S::L405S-115,D12_I405_S,L405S-115,2025-10-01,AM,4,measured,False,True,11059.904166666667,9074.654166666667,0.8205002529783825,True,False,False,PeMS_average_weekday,170732.8470568154,157305.74312177417,,142.3399988851571,121.6239034771907,,1468.2442417710172,1408.9239267512187,,62.767982734242906,61.339548772823356,,D12_I405,released_monthly_average_weekday,2025-10
PeMS::D12_I405_S::L405S-115,D12_I405_S,L405S-115,2025-10-01,MD,6,measured,False,True,18417.90625,245.75,0.013342993316626313,True,False,False,PeMS_average_weekday,256146.97154581855,247493.64818113192,,343.76083126510423,326.21613068678863,,1622.8159848089726,1540.9133934072784,,72.2988093543074,70.28352020664427,,D12_I405,released_monthly_average_weekday,2025-10
PeMS::D12_I405_S::L405S-115,D12_I405_S,L405S-115,2025-10-01,PM,4,measured,False,True,12320.15625,0.0,0.0,True,True,True,PeMS_average_weekday,165121.44172589015,154451.6379852629,186939.51538391286,224.73674692567909,203.57942958162047,275.1582652527624,1043.2310442159383,961.627093682027,1225.409147579108,46.03194234102011,43.861347145935,49.603232844618496,D12_I405,released_monthly_average_weekday,2025-10
PeMS::D12_I405_S::L405S-117,D12_I405_S,L405S-117,2025-10-01,NT,10,measured,False,True,10916.152173913042,0.0,0.0,True,True,True,PeMS_average_weekday,2979751.9401003737,2979751.9401003732,2958086.1621507574,4385.928641345612,4385.928641345611,4354.0385518494195,19532.602710650957,19532.602710650954,19390.581145898563,790.6585667586573,790.6585667586572,784.9096878970238,D12_I405,released_monthly_average_weekday,2025-10
PeMS::D12_I405_S::L405S-117,D12_I405_S,L405S-117,2025-10-01,AM,4,measured,False,True,15071.927865612648,10251.014822134386,0.6801395888791762,True,False,False,PeMS_average_weekday,3724392.0908072134,3344837.5898352284,,3988.4421127342407,3181.9992406156302,,30192.489408388403,31539.563669765645,,1270.6746668116166,1242.5730608662666,,D12_I405,released_monthly_average_weekday,2025-10
PeMS::D12_I405_S::L405S-117,D12_I405_S,L405S-117,2025-10-01,MD,6,measured,False,True,21131.086956521736,0.0,0.0,True,True,True,PeMS_average_weekday,5479487.305477324,4880674.292088723,5726154.685409139,7620.508812441225,6433.113311831026,8428.38811564473,34967.2263329109,30387.431923238557,37535.57570502383,1507.8378977472457,1386.0192887819676,1519.3993821014017,D12_I405,released_monthly_average_weekday,2025-10
PeMS::D12_I405_S::L405S-117,D12_I405_S,L405S-117,2025-10-01,PM,4,measured,False,True,12792.586956521738,0.0,0.0,True,True,True,PeMS_average_weekday,3610768.2998596234,3676646.651159937,3466567.1430112,5281.064202316482,5411.695394646376,5102.477127397489,23596.978822075725,24100.824427060616,22723.73007397161,962.173364186347,975.575225763998,919.8319403639895,D12_I405,released_monthly_average_weekday,2025-10
PeMS::D12_I405_S::L405S-132,D12_I405_S,L405S-132,2025-10-01,NT,10,measured,False,True,11681.543478260868,0.0,0.0,True,True,True,PeMS_average_weekday,4387936.964968221,4387936.964968221,4344527.567121771,6458.651189073471,6458.65118907347,6394.756433689269,28763.410907693447,28763.410907693447,28478.857515636682,1164.311668048529,1164.311668048529,1152.7932554507427,D12_I405,released_monthly_average_weekday,2025-10
PeMS::D12_I405_S::L405S-132,D12_I405_S,L405S-132,2025-10-01,AM,4,measured,False,True,13471.81027667984,10981.44071146245,0.8151421736150557,True,False,False,PeMS_average_weekday,4951641.758564393,4225251.726518374,,4562.62696826578,3266.833098109382,,42458.94268092377,37843.871024023756,,1788.8018787135975,1647.587870683121,,D12_I405,released_monthly_average_weekday,2025-10
PeMS::D12_I405_S::L405S-132,D12_I405_S,L405S-132,2025-10-01,MD,6,measured,False,True,22142.108695652176,0.0,0.0,True,True,True,PeMS_average_weekday,7353161.913337189,7179259.094683138,8234956.433752813,9807.66377310081,9462.829209060954,12121.120149958906,46028.61732659394,44698.58751947411,53981.0479507883,2074.151599523255,2038.7739457483365,2185.094256876852,D12_I405,released_monthly_average_weekday,2025-10
PeMS::D12_I405_S::L405S-132,D12_I405_S,L405S-132,2025-10-01,PM,4,measured,False,True,14409.95652173913,0.0,0.0,True,True,True,PeMS_average_weekday,5072122.327396443,5885081.852299966,5359262.11003088,7050.284806642863,8662.314706571258,7888.355023294647,32359.74796666121,38577.36081774811,35130.55439572998,1396.186536420189,1561.5697132292614,1422.046728714692,D12_I405,released_monthly_average_weekday,2025-10
PeMS::D12_I5_N::L5N-006,D12_I5_N,L5N-006,2025-10-01,NT,10,measured,False,True,2736.886956521739,0.0,0.0,True,True,True,PeMS_average_weekday,89265.54330605935,91917.63570563955,90186.07843520693,130.03567307043315,135.29454773089486,132.7458501281458,582.2467192359485,602.5302429302636,591.1796939872665,23.850246188690924,24.38977054728162,23.93031264030743,D12_I5,released_monthly_average_weekday,2025-10
PeMS::D12_I5_N::L5N-006,D12_I5_N,L5N-006,2025-10-01,AM,4,measured,False,True,4233.991304347826,0.0,0.0,True,True,True,PeMS_average_weekday,126966.16411989502,118080.19928617496,139518.7590623691,173.25912316336922,155.63900732381506,205.35914857262568,803.136814569614,735.1758799203757,914.5608581620692,35.34024837495932,33.53254571794362,37.02043132908685,D12_I5,released_monthly_average_weekday,2025-10
PeMS::D12_I5_N::L5N-006,D12_I5_N,L5N-006,2025-10-01,MD,6,measured,False,True,6235.681818181818,0.0,0.0,True,True,True,PeMS_average_weekday,177770.8684250191,177770.8684250191,205478.59611499897,234.31601284570274,234.31601284570277,302.44613578602235,1106.8143127183432,1106.8143127183434,1346.9348671088994,50.48356802255525,50.48356802255525,54.52246212763385,D12_I5,released_monthly_average_weekday,2025-10
PeMS::D12_I5_N::L5N-006,D12_I5_N,L5N-006,2025-10-01,PM,4,measured,False,True,3686.565217391304,0.0,0.0,True,True,True,PeMS_average_weekday,107075.53349538344,99561.90333413513,121479.9387530045,146.12932641344824,131.23043402594166,178.80761668629557,677.3447799652805,619.879627005254,796.3144008882562,29.802223385300515,28.273699532181045,32.23394302451384,D12_I5,released_monthly_average_weekday,2025-10
PeMS::D12_I5_N::L5N-007,D12_I5_N,L5N-007,2025-10-01,NT,10,measured,False,True,3221.173913043478,0.0,0.0,True,True,True,PeMS_average_weekday,1106914.315813596,1106914.3158135957,1095900.895548159,1629.2789798733365,1629.278979873336,1613.0682091943086,7255.945461282487,7255.945461282485,7183.751276378974,293.7128002797227,293.7128002797227,290.7904579984765,D12_I5,released_monthly_average_weekday,2025-10
PeMS::D12_I5_N::L5N-007,D12_I5_N,L5N-007,2025-10-01,AM,4,measured,False,True,4655.734782608695,0.0,0.0,True,True,True,PeMS_average_weekday,1472198.6568369993,1287174.1358391582,1583964.1247047177,2063.4848978067707,1696.5969397576346,2331.453678379797,9429.12940474602,8014.039471875253,10383.0595894298,403.17331637577877,365.53313610501885,420.29498757335375,D12_I5,released_monthly_average_weekday,2025-10
PeMS::D12_I5_N::L5N-007,D12_I5_N,L5N-007,2025-10-01,MD,6,measured,False,True,6867.209468599032,0.0,0.0,True,True,True,PeMS_average_weekday,1954814.9065548754,1954814.906554876,2336347.3099295823,2576.600085342325,2576.600085342325,3438.8945082474734,12170.819304979017,12170.819304979019,15315.01437579915,555.1305013070363,555.1305013070363,619.9351666357647,D12_I5,released_monthly_average_weekday,2025-10
PeMS::D12_I5_N::L5N-007,D12_I5_N,L5N-007,2025-10-01,PM,4,measured,False,True,3938.473913043478,0.0,0.0,True,True,True,PeMS_average_weekday,1349201.0464242161,1401182.4491131708,1339939.1665628306,1959.3406618671065,2062.4153818351856,1972.2707414667286,8787.345480556225,9184.905540406342,8783.449066579315,361.2202544445877,371.7950115491448,355.5444890297379,D12_I5,released_monthly_average_weekday,2025-10
PeMS::D12_I5_N::L5N-010,D12_I5_N,L5N-010,2025-10-01,NT,10,measured,False,True,3413.7380952380954,0.0,0.0,True,True,True,PeMS_average_weekday,263425.2437106323,266966.8060469982,261578.3505805499,385.9286691496095,392.95128737818567,385.0199623424128,1722.910569507818,1749.9968669444918,1714.6749468766675,70.11750228407762,70.83797459802838,69.4081815945204,D12_I5,released_monthly_average_weekday,2025-10
PeMS::D12_I5_N::L5N-010,D12_I5_N,L5N-010,2025-10-01,AM,4,measured,False,True,3720.181934001671,0.0,0.0,True,True,True,PeMS_average_weekday,272809.54006582,246347.44772937012,285059.6697834389,377.177436577042,324.70534817130556,419.5823663608696,1736.1623516022428,1533.7770663110914,1868.5975848451692,75.34129619073482,69.9580209334132,75.63880298843864,D12_I5,released_monthly_average_weekday,2025-10
PeMS::D12_I5_N::L5N-010,D12_I5_N,L5N-010,2025-10-01,MD,6,measured,False,True,6008.514682539682,1493.5476190476188,0.24857185144071667,True,True,True,PeMS_average_weekday,399982.164868752,452206.1548381382,458682.68095116934,497.93373953798675,596.0433457107788,642.2713480889963,2793.952911806874,2815.4682986503217,3099.2062964612987,121.60582149262763,128.4180044809659,126.60136224957658,D12_I5,released_monthly_average_weekday,2025-10
PeMS::D12_I5_N::L5N-010,D12_I5_N,L5N-010,2025-10-01,PM,4,measured,False,True,3944.594444444444,1022.9682539682537,0.25933420238143856,True,True,True,PeMS_average_weekday,266452.32591691555,304928.7549787866,301076.6113720368,334.12829923683154,401.920127305728,420.6453585919998,2047.8785905862,1898.508531572245,2036.93961863976,84.51749398853124,86.59400542050876,83.23998462202063,D12_I5,released_monthly_average_weekday,2025-10
PeMS::D12_I5_N::L5N-018,D12_I5_N,L5N-018,2025-10-01,NT,10,measured,False,True,2732.945652173913,0.0,0.0,True,True,True,PeMS_average_weekday,219342.54561869125,219342.54561869122,217659.63042964082,322.8526308341857,322.8526308341856,320.3755300294914,1437.8145856558822,1437.814585655882,1426.7828909228183,58.2011745387866,58.201174538786596,57.754623504304796,D12_I5,released_monthly_average_weekday,2025-10
PeMS::D12_I5_N::L5N-018,D12_I5_N,L5N-018,2025-10-01,AM,4,measured,False,True,3444.619565217391,0.0,0.0,True,True,True,PeMS_average_weekday,279703.85877267097,279703.85877267097,274339.38210206904,411.6990910473648,411.6990910473648,403.80306065678445,1833.4896527858527,1833.4896527858527,1798.3249163702794,74.21767198735893,74.21767198735893,72.79424160756514,D12_I5,released_monthly_average_weekday,2025-10
PeMS::D12_I5_N::L5N-018,D12_I5_N,L5N-018,2025-10-01,MD,6,measured,False,True,5946.195652173913,0.0,0.0,True,True,True,PeMS_average_weekday,493372.53577214875,493372.5357721487,473572.0767388867,726.2002941840482,726.2002941840481,697.0557874829806,3234.111403669122,3234.1114036691215,3104.3172102060917,130.91332092514764,130.91332092514764,125.65939278780239,D12_I5,released_monthly_average_weekday,2025-10
PeMS::D12_I5_N::L5N-018,D12_I5_N,L5N-018,2025-10-01,PM,4,measured,False,True,3534.2391304347825,0.0,0.0,True,True,True,PeMS_average_weekday,285529.1357579661,285529.1357579661,281476.9413246486,420.27337833274083,420.27337833274083,414.30891015463146,1871.6749861023686,1871.6749861023686,1845.1124045306842,75.76337285264992,75.76337285264991,74.6881483684379,D12_I5,released_monthly_average_weekday,2025-10
PeMS::D12_I5_N::L5N-021,D12_I5_N,L5N-021,2025-10-01,NT,10,measured,False,True,2768.6818181818185,0.0,0.0,True,True,True,PeMS_average_weekday,256478.92977810116,270524.9666245811,258943.5136424517,370.3364801503061,398.1885818582094,381.1417177689095,1665.8952120838371,1773.321002087193,1697.4033000571383,68.9246762741501,71.7821102841936,68.70904406931777,D12_I5,released_monthly_average_weekday,2025-10
PeMS::D12_I5_N::L5N-021,D12_I5_N,L5N-021,2025-10-01,AM,4,measured,False,True,4027.790909090909,0.0,0.0,True,True,True,PeMS_average_weekday,359843.1099171117,312508.6666839893,376702.8494816493,505.7712410786208,411.9110482266926,554.4729393690457,2307.7211627275833,1945.7016112865304,2469.328738367177,98.3759671574375,88.74655713814839,99.95574834831055,D12_I5,released_monthly_average_weekday,2025-10
PeMS::D12_I5_N::L5N-021,D12_I5_N,L5N-021,2025-10-01,MD,6,measured,False,True,6279.781818181818,0.0,0.0,True,True,True,PeMS_average_weekday,544172.2535634902,544172.2535634903,587322.3706058945,717.2619107164835,717.2619107164836,864.4860574724967,3388.055895571585,3388.0558955715856,3849.962936087964,154.53463901115379,154.53463901115379,155.84232281862734,D12_I5,released_monthly_average_weekday,2025-10
PeMS::D12_I5_N::L5N-021,D12_I5_N,L5N-021,2025-10-01,PM,4,measured,False,True,3581.4454545454546,0.0,0.0,True,True,True,PeMS_average_weekday,321657.6401030228,285729.9970408032,334957.9803026272,447.85612548265055,376.6146514902938,493.0282214723837,2053.7546360073693,1778.9756730086517,2195.686515365731,88.45080596994751,81.1419208866496,88.8790080363296,D12_I5,released_monthly_average_weekday,2025-10
PeMS::D12_I5_N::L5N-025,D12_I5_N,L5N-025,2025-10-01,NT,10,measured,False,True,3209.090909090909,0.0,0.0,True,True,True,PeMS_average_weekday,290332.21610636543,306383.4101837207,293305.91272713913,419.1408484339304,450.96900714247244,431.7200992451213,1885.615580506938,2008.3770557261348,1922.6526171138553,78.03157421996251,81.29692432261001,77.82689205023821,D12_I5,released_monthly_average_weekday,2025-10
PeMS::D12_I5_N::L5N-025,D12_I5_N,L5N-025,2025-10-01,AM,4,measured,False,True,4948.109090909091,0.0,0.0,True,True,True,PeMS_average_weekday,432005.2541129954,487373.95668696886,452249.4669973938,607.5794728727294,717.3709216906516,665.6708109301007,2771.3235165819797,3194.7900559681816,2964.545150918228,118.0577881572411,129.32163543003995,120.00157146687893,D12_I5,released_monthly_average_weekday,2025-10
PeMS::D12_I5_N::L5N-025,D12_I5_N,L5N-025,2025-10-01,MD,6,measured,False,True,7592.536363636364,0.0,0.0,True,True,True,PeMS_average_weekday,632629.6481416204,632629.6481416204,693946.00250861,833.8557271718992,833.8557271718993,1021.4265177547907,3938.798046140217,3938.7980461402176,4548.892606539752,179.65486785318467,179.65486785318467,184.13423760800538,D12_I5,released_monthly_average_weekday,2025-10
PeMS::D12_I5_N::L5N-025,D12_I5_N,L5N-025,2025-10-01,PM,4,measured,False,True,4421.090909090909,0.0,0.0,True,True,True,PeMS_average_weekday,389565.92274612794,336138.280185484,404080.82571519073,548.9992319963839,443.0567408241867,594.7708744047802,2501.4423752124603,2092.821297763666,2648.7943930731167,106.32589163981413,95.45692094026114,107.2203233480789,D12_I5,released_monthly_average_weekday,2025-10
PeMS::D12_I5_N::L5N-028,D12_I5_N,L5N-028,2025-10-01,NT,10,measured,False,True,3929.547619047619,0.0,0.0,True,True,True,PeMS_average_weekday,100101.72124761116,100101.72124761115,100639.57776657153,147.34079047301606,147.34079047301609,148.13246721620274,656.1778265730579,656.1778265730579,659.7035353942537,26.561366530747122,26.561366530747122,26.704083398778995,D12_I5,released_monthly_average_weekday,2025-10
PeMS::D12_I5_N::L5N-028,D12_I5_N,L5N-028,2025-10-01,AM,4,measured,False,True,4353.24544695071,1881.3000000000002,0.43216033254402925,True,True,True,PeMS_average_weekday,97481.91895170494,111156.01767359534,111547.29246074922,121.7842738687299,146.51239033615317,152.50739442201885,748.0373628802937,692.0654232940317,771.3483339450224,30.447876536867092,31.566208957955144,31.681116790370947,D12_I5,released_monthly_average_weekday,2025-10
PeMS::D12_I5_N::L5N-028,D12_I5_N,L5N-028,2025-10-01,MD,6,measured,False,True,6088.39126984127,2410.949603174603,0.39599123911716977,True,True,True,PeMS_average_weekday,132519.333677012,162162.75120448275,158908.0667857713,157.58971266204202,213.74328443667775,212.98549032628085,982.3476729460492,1009.6370435328596,1100.5081238211085,41.88284753710842,46.05115761477626,45.27834543573634,D12_I5,released_monthly_average_weekday,2025-10
PeMS::D12_I5_N::L5N-028,D12_I5_N,L5N-028,2025-10-01,PM,4,measured,False,True,3439.2384920634927,2695.8654761904763,0.7838553454235727,True,True,True,PeMS_average_weekday,74176.80867195193,67437.68216530918,91412.63218594115,77.28508382181354,64.15458080565965,111.16683196973175,653.9282033800239,635.8918821224335,665.0225377382635,26.236711055687657,25.052411333969303,27.736744389725132,D12_I5,released_monthly_average_weekday,2025-10
PeMS::D12_I5_N::L5N-034,D12_I5_N,L5N-034,2025-10-01,NT,10,measured,False,True,4549.75,0.0,0.0,True,True,True,PeMS_average_weekday,264549.88130784873,284600.9756178911,266581.61638294125,379.14758735403086,418.90720952945014,392.3843226059837,1712.2375976178253,1865.5907939842368,1747.4719062002698,71.43802767135917,75.51709135646286,70.73576692643837,D12_I5,released_monthly_average_weekday,2025-10
PeMS::D12_I5_N::L5N-034,D12_I5_N,L5N-034,2025-10-01,AM,4,measured,False,True,4637.246336996337,0.0,0.0,True,True,True,PeMS_average_weekday,248958.52764399705,248132.99045890395,271708.2529990345,328.69580452382706,327.0588341887655,399.9302736852326,1551.207793090748,1544.8939847720694,1781.0775748186622,70.63302322835244,70.46508133449134,72.09608793323875,D12_I5,released_monthly_average_weekday,2025-10
PeMS::D12_I5_N::L5N-034,D12_I5_N,L5N-034,2025-10-01,MD,6,measured,False,True,7338.476162726161,0.0,0.0,True,True,True,PeMS_average_weekday,412697.00542422256,412697.0054242226,429980.2928176767,543.9671734806896,543.9671734806896,632.8925760913156,2569.481470537966,2569.481470537966,2818.5682573073964,117.19815249046958,117.19815249046958,114.09258518420167,D12_I5,released_monthly_average_weekday,2025-10
PeMS::D12_I5_N::L5N-034,D12_I5_N,L5N-034,2025-10-01,PM,4,measured,False,True,4323.359890109889,0.0,0.0,True,True,True,PeMS_average_weekday,248305.80127914104,248305.80127914107,253316.83448775642,327.28661246725005,327.2866124672501,372.8597487472167,1545.9699174652355,1545.9699174652358,1660.519797430654,70.5141563425383,70.5141563425383,67.21603989799996,D12_I5,released_monthly_average_weekday,2025-10
PeMS::D12_I5_N::L5N-035,D12_I5_N,L5N-035,2025-10-01,NT,10,measured,False,True,4454.017391304347,0.0,0.0,True,True,True,PeMS_average_weekday,312324.31683110533,324725.5568552477,320430.68732297403,453.37639945076995,477.9670083343778,471.64534409147876,2033.7656659568136,2128.6118507686233,2100.4585071499746,83.64107109724564,86.16389838290648,85.024281576855,D12_I5,released_monthly_average_weekday,2025-10
PeMS::D12_I5_N::L5N-035,D12_I5_N,L5N-035,2025-10-01,AM,4,measured,False,True,4744.515320910972,0.0,0.0,True,True,True,PeMS_average_weekday,317972.9609662263,306332.3152188167,341329.67425362277,426.85254513871575,403.77013030198003,502.4067857137476,1996.2762670824602,1907.2471993651793,2237.4536721762615,89.36068696430556,86.99259001133106,90.5696972307292,D12_I5,released_monthly_average_weekday,2025-10
PeMS::D12_I5_N::L5N-035,D12_I5_N,L5N-035,2025-10-01,MD,6,measured,False,True,6538.394466403162,1737.417391304348,0.26572538567868315,True,True,True,PeMS_average_weekday,421552.6001839384,486152.05012546724,474234.7468995385,518.559688839312,640.7867106201963,656.2771359144542,2972.016151317864,3026.817903312354,3226.1551041953267,129.06770992767932,138.05799740560656,132.05068540645297,D12_I5,released_monthly_average_weekday,2025-10
PeMS::D12_I5_N::L5N-035,D12_I5_N,L5N-035,2025-10-01,PM,4,measured,False,True,3736.4438735177864,3084.217786561265,0.8254420221378934,True,True,True,PeMS_average_weekday,237595.52760352223,221325.2460751728,275641.31442281615,242.67436647547214,210.5503618712202,331.59870692985965,2128.7655120136114,2086.9478720066436,2015.4315256174941,85.09662880752123,82.22007229838464,84.17321788267202,D12_I5,released_monthly_average_weekday,2025-10
PeMS::D12_I5_N::L5N-038,D12_I5_N,L5N-038,2025-10-01,NT,10,measured,False,True,4426.714285714286,0.0,0.0,True,True,True,PeMS_average_weekday,243553.0465286828,244748.84508423062,235721.26764221836,357.8772665387874,360.24843381930236,346.9606463588625,1595.210069522724,1604.3556816209,1545.1789155144836,64.69931197349011,64.94257742260784,62.54716613163852,D12_I5,released_monthly_average_weekday,2025-10
PeMS::D12_I5_N::L5N-038,D12_I5_N,L5N-038,2025-10-01,AM,4,measured,False,True,4960.8778998779,0.0,0.0,True,True,True,PeMS_average_weekday,266659.6887637332,250135.7307774714,264165.32708046574,363.74224131581616,329.69860374364055,388.82776062681853,1735.8061032478577,1557.3631911661616,1731.6328632436737,75.23958864374066,71.03382174735916,70.09461965137183,D12_I5,released_monthly_average_weekday,2025-10
PeMS::D12_I5_N::L5N-038,D12_I5_N,L5N-038,2025-10-01,MD,6,measured,False,True,7297.700757575757,4324.066142191142,0.5925244519929541,True,True,True,PeMS_average_weekday,337510.2024342566,419274.78588813427,398431.4520401911,405.0790443964314,552.6372064581581,508.1036022675631,2773.021942977011,2610.4352085034598,2881.0474807383166,112.32655536369259,119.06611786876428,119.69244762417387,D12_I5,released_monthly_average_weekday,2025-10
PeMS::D12_I5_N::L5N-038,D12_I5_N,L5N-038,2025-10-01,PM,4,measured,False,True,4177.352716727716,3358.7217643467648,0.8040311633004222,True,True,True,PeMS_average_weekday,185009.50576127457,204692.17299246043,230079.0547625116,204.34950632489284,259.0061865793042,277.79591428405126,1638.831915992546,2220.771437257196,1717.3611984109798,65.02401911502429,79.06952426281283,71.90214212430945,D12_I5,released_monthly_average_weekday,2025-10
PeMS::D12_I5_N::L5N-042,D12_I5_N,L5N-042,2025-10-01,NT,10,measured,False,True,5623.701086956521,1071.0760869565215,0.19045750661263808,True,True,True,PeMS_average_weekday,125180.80352196479,136499.1136005063,124920.19772499832,180.54773377201792,200.91450023137912,178.70850388115537,892.7969827379964,894.7667490149838,836.6097837975193,35.288349649016034,36.2191872654903,34.067399718004104,D12_I5,released_monthly_average_weekday,2025-10
PeMS::D12_I5_N::L5N-042,D12_I5_N,L5N-042,2025-10-01,AM,4,measured,False,True,3941.5815217391305,0.0,0.0,True,True,True,PeMS_average_weekday,85069.6054041939,85069.60540419392,88245.4789467037,112.12844336796081,112.1284433679608,129.8894610564702,529.649529604324,529.649529604324,578.4588502420825,24.15816072185054,24.15816072185054,23.415386686376902,D12_I5,released_monthly_average_weekday,2025-10
PeMS::D12_I5_N::L5N-042,D12_I5_N,L5N-042,2025-10-01,MD,6,measured,False,True,5955.247282608696,0.0,0.0,True,True,True,PeMS_average_weekday,127696.3778917834,129658.80858634478,133328.1186248268,167.9216970430241,170.900526770452,196.24707892753486,829.4308091008278,807.2651407106327,873.9805271070851,37.02421064803363,36.82065200549466,35.37778355368159,D12_I5,released_monthly_average_weekday,2025-10
PeMS::D12_I5_N::L5N-042,D12_I5_N,L5N-042,2025-10-01,PM,4,measured,False,True,3639.1141304347825,942.4293478260868,0.2589721877487503,True,True,True,PeMS_average_weekday,79695.69997491507,87544.80770095988,81767.64779465058,102.64949327530269,115.390955039885,116.20963494097356,606.8723740863759,545.0603185215723,547.6599030968067,25.138300758605077,24.86107141034208,22.313559992794218,D12_I5,released_monthly_average_weekday,2025-10
PeMS::D12_I5_N::L5N-043,D12_I5_N,L5N-043,2025-10-01,NT,10,measured,False,True,4563.239130434782,0.0,0.0,True,True,True,PeMS_average_weekday,85436.75195083124,87009.06712349043,85387.15158009977,124.95180546474054,128.0695733151615,125.68225853909962,558.328777571619,570.3540343328887,559.7221990069548,22.767451000402303,23.087312531307354,22.656947371817722,D12_I5,released_monthly_average_weekday,2025-10
PeMS::D12_I5_N::L5N-043,D12_I5_N,L5N-043,2025-10-01,AM,4,measured,False,True,4182.739130434782,0.0,0.0,True,True,True,PeMS_average_weekday,81213.29481424874,82426.76776269879,78267.25050817581,118.91862393894932,121.32483804399703,115.20240026141805,531.0357684829125,540.3165564774005,513.0504619722458,21.624567003261237,21.871428015450444,20.767726090934456,D12_I5,released_monthly_average_weekday,2025-10
PeMS::D12_I5_N::L5N-043,D12_I5_N,L5N-043,2025-10-01,MD,6,measured,False,True,6278.114953886693,1198.2028985507245,0.19085392786714328,True,True,True,PeMS_average_weekday,104628.46287568696,116483.26900514259,118483.62506351188,131.42722846927578,153.534127376053,167.23483616630617,715.3484141431763,725.2332762355348,796.8281184025724,31.398340395770134,33.07904768880067,32.50508734344317,D12_I5,released_monthly_average_weekday,2025-10
PeMS::D12_I5_N::L5N-043,D12_I5_N,L5N-043,2025-10-01,PM,4,measured,False,True,3425.391304347826,3174.2318840579705,0.9266771594909287,True,True,True,PeMS_average_weekday,61600.6452536154,55631.147258212455,66765.57028259723,53.848004323565995,43.0122711999169,79.2984095493561,542.8453671387246,498.2656887742496,491.0492041685145,23.131362285749937,21.692720194529887,20.540355312365037,D12_I5,released_monthly_average_weekday,2025-10
PeMS::D12_I5_N::L5N-045,D12_I5_N,L5N-045,2025-10-01,NT,10,measured,False,True,4457.511842105263,0.0,0.0,True,True,True,PeMS_average_weekday,372210.48122937826,377553.30067931575,371123.01483085455,545.1303689897213,555.7247275517178,546.2599212719523,2434.0410099202227,2474.903539794525,2432.752306631914,99.09450196373749,100.1814102619739,98.47517407352744,D12_I5,released_monthly_average_weekday,2025-10
PeMS::D12_I5_N::L5N-045,D12_I5_N,L5N-045,2025-10-01,AM,4,measured,False,True,4013.7631578947367,0.0,0.0,True,True,True,PeMS_average_weekday,348100.940617985,348100.9406179849,334177.4372653994,512.3734848493259,512.3734848493259,491.87933185620136,2281.8400702395256,2281.840070239526,2190.5699696427264,92.36641046941824,92.36641046941824,88.67189581641534,D12_I5,released_monthly_average_weekday,2025-10
PeMS::D12_I5_N::L5N-045,D12_I5_N,L5N-045,2025-10-01,MD,6,measured,False,True,6203.0477582846,1487.9390838206627,0.23987225986345456,True,True,True,PeMS_average_weekday,466531.4431837718,503792.6965423713,523351.9777368016,596.1766830327742,664.0384726723867,729.6034859689743,3263.5474513905933,3136.6498466043913,3545.2251061747756,139.69547206125748,143.06760770474983,144.93028529358372,D12_I5,released_monthly_average_weekday,2025-10
PeMS::D12_I5_N::L5N-045,D12_I5_N,L5N-045,2025-10-01,PM,4,measured,False,True,3583.710526315789,3329.675438596491,0.9291139488376988,True,True,True,PeMS_average_weekday,271213.29921274836,261736.97979418928,313811.3281397854,269.2132769948897,248.9947115749695,370.7713142339258,2476.9514124313046,2468.003278855059,2313.506242551398,98.81576409330998,97.2326193394577,96.83351715724483,D12_I5,released_monthly_average_weekday,2025-10
PeMS::D12_I5_N::L5N-050,D12_I5_N,L5N-050,2025-10-01,NT,10,measured,False,True,3036.6510416666665,0.0,0.0,True,True,True,PeMS_average_weekday,574136.6388232715,574136.6388232715,562013.1736310193,845.0778383169923,845.0778383169923,827.2331806783887,3763.529009527452,3763.529009527452,3684.058357662152,152.34357124383632,152.34357124383632,149.12668547423374,D12_I5,released_monthly_average_weekday,2025-10
PeMS::D12_I5_N::L5N-050,D12_I5_N,L5N-050,2025-10-01,AM,4,measured,False,True,3996.078125,0.0,0.0,True,True,True,PeMS_average_weekday,783191.9602449962,795871.7383795205,739580.7151670969,1146.3091684226565,1171.4520947937287,1088.5967377301129,5120.050572208638,5217.027050204272,4848.033182698891,208.60010376697548,211.17959502685176,196.24312359258403,D12_I5,released_monthly_average_weekday,2025-10
PeMS::D12_I5_N::L5N-050,D12_I5_N,L5N-050,2025-10-01,MD,6,measured,False,True,6531.6875,0.0,0.0,True,True,True,PeMS_average_weekday,1265928.4669875838,1358724.4368310138,1208862.7803036228,1815.914430372308,1999.9209810037376,1779.3380114090128,8196.87377584205,8906.588585685815,7924.228893552867,341.6512370571072,360.52904316880336,320.7641885956962,D12_I5,released_monthly_average_weekday,2025-10
PeMS::D12_I5_N::L5N-050,D12_I5_N,L5N-050,2025-10-01,PM,4,measured,False,True,4205.442708333333,0.0,0.0,True,True,True,PeMS_average_weekday,826758.1855260115,836481.2842003067,778329.2089224154,1211.9456367776875,1231.2257181381688,1145.6310587027265,5408.863667744349,5483.22710333711,5102.033834220669,219.97708067784228,221.95508437657975,206.524794400257,D12_I5,released_monthly_average_weekday,2025-10
PeMS::D12_I5_N::L5N-051,D12_I5_N,L5N-051,2025-10-01,NT,10,measured,False,True,4232.928571428571,0.0,0.0,True,True,True,PeMS_average_weekday,587773.5114089304,587773.5114089304,582208.3272700016,865.1500964291247,865.1500964291247,856.9586425766045,3852.9202138243,3852.9202138243,3816.4398178106476,155.96203021303637,155.96203021303637,154.48534336007467,D12_I5,released_monthly_average_weekday,2025-10
PeMS::D12_I5_N::L5N-051,D12_I5_N,L5N-051,2025-10-01,AM,4,measured,False,True,5848.978327228326,0.0,0.0,True,True,True,PeMS_average_weekday,763786.8693277439,707170.4994953332,804484.1368501603,1044.371910384663,932.1064430404169,1184.1287759008778,4835.903639441202,4402.894789838683,5273.482272348422,212.34072589567822,200.8230613435683,213.46484117083824,D12_I5,released_monthly_average_weekday,2025-10
PeMS::D12_I5_N::L5N-051,D12_I5_N,L5N-051,2025-10-01,MD,6,measured,False,True,7899.930402930402,0.0,0.0,True,True,True,PeMS_average_weekday,934258.1076264079,934258.1076264078,1086577.575743804,1231.4258049547907,1231.4258049547905,1599.3451153984645,5816.7586987415125,5816.758698741511,7122.635886459409,265.3116517056044,265.3116517056044,288.31657331876863,D12_I5,released_monthly_average_weekday,2025-10
PeMS::D12_I5_N::L5N-051,D12_I5_N,L5N-051,2025-10-01,PM,4,measured,False,True,4875.203296703297,0.0,0.0,True,True,True,PeMS_average_weekday,641307.442756233,581846.6327766969,670548.5123546269,888.1283312870587,766.9197112430023,986.9875026069393,4211.93860130861,3622.6193114191224,4395.519477235329,179.51158146140784,165.2334509288087,177.92585972864578,D12_I5,released_monthly_average_weekday,2025-10
PeMS::D12_I5_N::L5N-056,D12_I5_N,L5N-056,2025-10-01,NT,10,measured,False,True,3111.808695652174,0.0,0.0,True,True,True,PeMS_average_weekday,393160.10531519214,393160.1053151922,385237.77600127173,578.6965496457642,578.6965496457643,567.0355886857305,2577.207866014731,2577.207866014731,2525.2761233252577,104.32257839715388,104.32257839715389,102.22043779395878,D12_I5,released_monthly_average_weekday,2025-10
PeMS::D12_I5_N::L5N-056,D12_I5_N,L5N-056,2025-10-01,AM,4,measured,False,True,4187.669565217391,0.0,0.0,True,True,True,PeMS_average_weekday,511304.61009149015,431485.59713265504,518427.9201310141,727.0063618474674,568.7320178846679,763.0795814833019,3296.9260772206653,2686.4606044250536,3398.352212394928,138.77161631196918,122.53375756437252,137.56161067711284,D12_I5,released_monthly_average_weekday,2025-10
PeMS::D12_I5_N::L5N-056,D12_I5_N,L5N-056,2025-10-01,MD,6,measured,False,True,6610.765217391305,0.0,0.0,True,True,True,PeMS_average_weekday,730767.041604406,730767.041604406,818403.9377397035,963.2085449366887,963.2085449366886,1204.6174791991862,4549.808571429387,4549.808571429387,5364.728102891501,207.5240334950483,207.5240334950483,217.1583733983972,D12_I5,released_monthly_average_weekday,2025-10
PeMS::D12_I5_N::L5N-056,D12_I5_N,L5N-056,2025-10-01,PM,4,measured,False,True,3952.1217391304344,0.0,0.0,True,True,True,PeMS_average_weekday,501863.8569206872,524264.4029748558,489267.4126774362,727.2519767488748,771.6703627913141,720.1579197450731,3265.2889136558115,3436.6110013505113,3207.2018688825997,134.55326414187272,139.11028494698107,129.82405215120937,D12_I5,released_monthly_average_weekday,2025-10
PeMS::D12_I5_N::L5N-057,D12_I5_N,L5N-057,2025-10-01,NT,10,measured,False,True,2255.8173913043474,0.0,0.0,True,True,True,PeMS_average_weekday,309021.3058482023,309021.3058482024,301289.5057438631,454.8517538879419,454.85175388794204,443.47123490231195,2025.6687528345633,2025.6687528345637,1974.9859501341682,81.99687346175469,81.99687346175469,79.94528859433939,D12_I5,released_monthly_average_weekday,2025-10
PeMS::D12_I5_N::L5N-057,D12_I5_N,L5N-057,2025-10-01,AM,4,measured,False,True,3253.826086956521,0.0,0.0,True,True,True,PeMS_average_weekday,444376.61083148856,452314.3117261655,434584.66864144924,650.0264678341603,665.7662565775496,639.6698059436513,2904.261718008469,2964.970215269368,2848.7504488133263,118.40398357687597,120.01877761065973,115.31432755162827,D12_I5,released_monthly_average_weekday,2025-10
PeMS::D12_I5_N::L5N-057,D12_I5_N,L5N-057,2025-10-01,MD,6,measured,False,True,4968.826086956521,0.0,0.0,True,True,True,PeMS_average_weekday,641508.8749933175,559411.6540930362,663641.995862406,900.1404788738071,737.3486414720799,976.8217273665557,4110.826990809454,3482.937507912154,4350.246499662382,175.56366333845844,158.8623408448251,176.09325871325706,D12_I5,released_monthly_average_weekday,2025-10
PeMS::D12_I5_N::L5N-057,D12_I5_N,L5N-057,2025-10-01,PM,4,measured,False,True,2897.260869565217,0.0,0.0,True,True,True,PeMS_average_weekday,393344.4418976021,414629.33850813704,386961.41751864366,568.0911951555088,610.297342819673,569.5726350071767,2555.1515924971154,2717.941058203201,2536.5747836336304,105.68924496724449,110.01930533515846,102.67779530529748,D12_I5,released_monthly_average_weekday,2025-10
PeMS::D12_I5_N::L5N-061,D12_I5_N,L5N-061,2025-10-01,NT,10,measured,False,True,3526.644927536232,0.0,0.0,True,True,True,PeMS_average_weekday,195278.94523919138,195278.94523919138,191113.54182470546,287.4331609454309,287.4331609454309,281.3020592612628,1280.0750303341033,1280.0750303341035,1252.7703514009966,51.81604847139069,51.81604847139069,50.71078469109154,D12_I5,released_monthly_average_weekday,2025-10
PeMS::D12_I5_N::L5N-061,D12_I5_N,L5N-061,2025-10-01,AM,4,measured,False,True,5207.485507246376,0.0,0.0,True,True,True,PeMS_average_weekday,276732.6194240109,242301.873379995,282200.51060993946,387.64621634558944,319.3729623894571,415.3739394980634,1771.9195405759733,1508.5890271642654,1849.8554810240717,75.81352038011434,68.80915425088851,74.88014295911492,D12_I5,released_monthly_average_weekday,2025-10
PeMS::D12_I5_N::L5N-061,D12_I5_N,L5N-061,2025-10-01,MD,6,measured,False,True,7141.985507246377,0.0,0.0,True,True,True,PeMS_average_weekday,354973.6518826458,340496.72541276744,387033.61806943564,477.5080344223992,448.8015150771977,569.6789077674619,2230.6785796752256,2119.9572936751165,2537.04806620965,99.63972842222175,96.69463704106846,102.69695327050933,D12_I5,released_monthly_average_weekday,2025-10
PeMS::D12_I5_N::L5N-061,D12_I5_N,L5N-061,2025-10-01,PM,4,measured,False,True,4232.702898550725,0.0,0.0,True,True,True,PeMS_average_weekday,244479.55302469176,247110.96900153952,229375.75487613791,358.50739412572545,363.7252691907003,337.6206184826363,1599.7142765914123,1619.8396645018934,1503.5833792595301,65.03403416884456,65.56935225101954,60.863423951137094,D12_I5,released_monthly_average_weekday,2025-10
PeMS::D12_I5_N::L5N-062,D12_I5_N,L5N-062,2025-10-01,NT,10,measured,False,True,2581.652173913043,0.0,0.0,True,True,True,PeMS_average_weekday,194619.0491345767,194619.04913457666,190600.18921014565,286.4618528353188,286.4618528353188,280.54645007614664,1275.7493385648381,1275.749338564838,1249.4052683765576,51.64094916152441,51.64094916152441,50.57456978104906,D12_I5,released_monthly_average_weekday,2025-10
PeMS::D12_I5_N::L5N-062,D12_I5_N,L5N-062,2025-10-01,AM,4,measured,False,True,4077.3540372670805,0.0,0.0,True,True,True,PeMS_average_weekday,319740.0780613213,319740.0780613213,301026.0091706812,470.6288289581555,470.62882895815545,443.08339148767647,2095.9314872478735,2095.9314872478735,1973.2587010265102,84.84103272259291,84.8410327225929,79.87537142435818,D12_I5,released_monthly_average_weekday,2025-10
PeMS::D12_I5_N::L5N-062,D12_I5_N,L5N-062,2025-10-01,MD,6,measured,False,True,6187.4844720496885,0.0,0.0,True,True,True,PeMS_average_weekday,504050.3126223957,504050.3126223957,456814.331157545,741.9170277426872,741.9170277426872,672.3898831436035,3304.105408955963,3304.1054089559625,2994.468339109967,133.7466023224913,133.7466023224913,121.2128296611404,D12_I5,released_monthly_average_weekday,2025-10
PeMS::D12_I5_N::L5N-062,D12_I5_N,L5N-062,2025-10-01,PM,4,measured,False,True,3678.4596273291922,0.0,0.0,True,True,True,PeMS_average_weekday,288689.5680855428,288689.56808554276,271576.1278980262,424.92525236225697,424.925252362257,399.7357973407576,1892.391968686622,1892.3919686866218,1780.2114802047552,76.60197383175537,76.60197383175536,72.06102936289595,D12_I5,released_monthly_average_weekday,2025-10
PeMS::D12_I5_N::L5N-070,D12_I5_N,L5N-070,2025-10-01,NT,10,measured,False,True,5843.460869565217,0.0,0.0,True,True,True,PeMS_average_weekday,672740.6860688054,687274.5685339037,671786.7779268781,982.7873047167137,1011.6067629776448,988.8101189012157,4394.003728458976,4505.160620804762,4403.636444673983,179.40733613351503,182.36401427039138,178.2544257644446,D12_I5,released_monthly_average_weekday,2025-10
PeMS::D12_I5_N::L5N-070,D12_I5_N,L5N-070,2025-10-01,AM,4,measured,False,True,4698.286956521739,0.0,0.0,True,True,True,PeMS_average_weekday,522099.9108030462,581406.7487659121,540133.1722329918,738.1783528029957,855.7787906325347,795.0277734051048,3357.5995067498575,3811.185382281611,3540.6325345710657,142.20765369162768,154.27264951040922,143.3209637585331,D12_I5,released_monthly_average_weekday,2025-10
PeMS::D12_I5_N::L5N-070,D12_I5_N,L5N-070,2025-10-01,MD,6,measured,False,True,7849.757312252965,0.0,0.0,True,True,True,PeMS_average_weekday,827112.7191734855,827112.7191734855,902438.3477558454,1090.1997399671966,1090.1997399671966,1328.3086230116346,5149.663743689973,5149.663743689973,5915.582931704519,234.88438567383795,234.88438567383795,239.45637924499596,D12_I5,released_monthly_average_weekday,2025-10
PeMS::D12_I5_N::L5N-070,D12_I5_N,L5N-070,2025-10-01,PM,4,measured,False,True,5692.0782608695645,0.0,0.0,True,True,True,PeMS_average_weekday,650795.196910521,659729.2630383851,654383.2499149955,856.0138803225548,869.5751550428511,963.1936805190311,4208.432552092903,4107.522212830923,4289.554398499247,188.27735762659228,187.35064649310794,173.6365083031825,D12_I5,released_monthly_average_weekday,2025-10
PeMS::D12_I5_N::L5N-072,D12_I5_N,L5N-072,2025-10-01,NT,10,measured,False,True,5734.652173913042,0.0,0.0,True,True,True,PeMS_average_weekday,597792.846144864,626493.7946450078,623105.7635119824,865.231343436253,922.1428940377758,917.1560149005796,3887.2276140468466,4106.735942280106,4084.5270244161343,160.39748200094766,166.2362155356223,165.33722263499808,D12_I5,released_monthly_average_weekday,2025-10
PeMS::D12_I5_N::L5N-072,D12_I5_N,L5N-072,2025-10-01,AM,4,measured,False,True,4811.896739130434,0.0,0.0,True,True,True,PeMS_average_weekday,493809.75005975855,417560.08941705036,522842.62421634933,701.5737219494818,550.3771013919871,769.5776314821501,3182.9260182128437,2599.7593839829547,3427.291084729729,134.09090948823598,118.57917646659348,138.73302483337216,D12_I5,released_monthly_average_weekday,2025-10
PeMS::D12_I5_N::L5N-072,D12_I5_N,L5N-072,2025-10-01,MD,6,measured,False,True,7328.68675889328,0.0,0.0,True,True,True,PeMS_average_weekday,689361.4756684761,689361.4756684762,796307.5736683029,908.6327462938472,908.6327462938472,1172.0936054007882,4292.014516587269,4292.01451658727,5219.883998606085,195.7656350411387,195.76563504113872,211.29524119864683,D12_I5,released_monthly_average_weekday,2025-10
PeMS::D12_I5_N::L5N-072,D12_I5_N,L5N-072,2025-10-01,PM,4,measured,False,True,4484.880434782608,1444.6956521739132,0.32212578979130374,True,True,True,PeMS_average_weekday,393415.4266959679,400479.2602779671,486366.87468544656,466.81851790891204,506.7443688358202,679.9146442457966,3476.8846842940156,4344.928726082548,3289.417595842271,136.47286012863063,154.69914713577455,134.40945090043948,D12_I5,released_monthly_average_weekday,2025-10
PeMS::D12_I5_N::L5N-073,D12_I5_N,L5N-073,2025-10-01,NT,10,measured,False,True,3478.386363636364,0.0,0.0,True,True,True,PeMS_average_weekday,151183.9125136285,151183.91251362846,149673.57254718445,222.5292122745883,222.52921227458828,220.30612677950086,991.0272260015856,991.0272260015855,981.1267808921934,40.11570694068083,40.11570694068082,39.71494766366977,D12_I5,released_monthly_average_weekday,2025-10
PeMS::D12_I5_N::L5N-073,D12_I5_N,L5N-073,2025-10-01,AM,4,measured,False,True,4414.590909090909,0.0,0.0,True,True,True,PeMS_average_weekday,193677.4001982867,195828.95082891005,189958.07929950667,283.9763773189932,288.2427200353618,279.6013216545276,1267.2250579971824,1283.6803776544748,1245.196167071078,51.524291609625465,51.961989019469186,50.40418992666755,D12_I5,released_monthly_average_weekday,2025-10
PeMS::D12_I5_N::L5N-073,D12_I5_N,L5N-073,2025-10-01,MD,6,measured,False,True,7766.522727272728,0.0,0.0,True,True,True,PeMS_average_weekday,288850.69741173636,282063.19000756554,334190.36338578945,385.24056332301143,371.7815108778024,491.89835795058104,1808.0575448478598,1756.1458666274364,2190.654701787967,81.48142314716827,80.10061696588873,88.67532568172857,D12_I5,released_monthly_average_weekday,2025-10
PeMS::D12_I5_N::L5N-073,D12_I5_N,L5N-073,2025-10-01,PM,4,measured,False,True,4467.181818181818,0.0,0.0,True,True,True,PeMS_average_weekday,197930.6591456414,202756.94071547492,192221.0450612835,288.86999450978055,298.4401021937619,282.9322050798866,1292.1821300534366,1329.0941156964143,1260.0301573028635,52.81846066083294,53.80028786593133,51.004653757817906,D12_I5,released_monthly_average_weekday,2025-10
PeMS::D12_I5_N::L5N-074,D12_I5_N,L5N-074,2025-10-01,NT,10,measured,False,True,2900.8941176470585,0.0,0.0,True,True,True,PeMS_average_weekday,488223.5077633833,493030.8809673828,481334.67001520196,716.1647948396555,725.6974088352679,708.4816312666618,3195.10444655825,3231.871818730567,3155.201865546069,129.84468434593413,130.82266495656614,127.71914843107753,D12_I5,released_monthly_average_weekday,2025-10
PeMS::D12_I5_N::L5N-074,D12_I5_N,L5N-074,2025-10-01,AM,4,measured,False,True,3990.294117647058,0.0,0.0,True,True,True,PeMS_average_weekday,664082.3110239913,698358.2677998723,662094.7971514101,959.9546581223306,1027.9209780666483,974.5443890924907,4315.668825957788,4577.815492310343,4340.104441415984,178.33212783413964,185.30500464548936,175.6827191985867,D12_I5,released_monthly_average_weekday,2025-10
PeMS::D12_I5_N::L5N-074,D12_I5_N,L5N-074,2025-10-01,MD,6,measured,False,True,6663.917647058823,0.0,0.0,True,True,True,PeMS_average_weekday,989218.9696774373,989218.9696774372,1105719.2960414675,1303.8685520283457,1303.8685520283457,1627.5200175332109,6158.9490097658145,6158.9490097658145,7248.111974834762,280.91949815712644,280.9194981571264,293.3957092468875,D12_I5,released_monthly_average_weekday,2025-10
PeMS::D12_I5_N::L5N-074,D12_I5_N,L5N-074,2025-10-01,PM,4,measured,False,True,3904.470588235294,0.0,0.0,True,True,True,PeMS_average_weekday,658374.4500052454,696648.8977494829,647854.4152092874,949.509949110213,1025.404938069571,953.583819125867,4273.882773766964,4566.61038304255,4246.757166704909,177.065130276506,184.85143397877957,171.90412279096918,D12_I5,released_monthly_average_weekday,2025-10
PeMS::D12_I5_N::L5N-079,D12_I5_N,L5N-079,2025-10-01,NT,10,measured,False,True,2904.0941176470587,0.0,0.0,True,True,True,PeMS_average_weekday,363546.0133567008,370434.3543962728,359756.5927203672,531.5872776319209,545.2462746379671,529.5295634146029,2375.5551954368966,2428.238061506269,2358.24415568891,96.89112321077361,98.29244232835691,95.45916495742998,D12_I5,released_monthly_average_weekday,2025-10
PeMS::D12_I5_N::L5N-079,D12_I5_N,L5N-079,2025-10-01,AM,4,measured,False,True,4023.8705882352942,0.0,0.0,True,True,True,PeMS_average_weekday,501436.9307304716,524315.1749246579,498473.5045516046,726.3794735607507,771.7450945653982,733.7084645009611,3261.968236190426,3436.943817082916,3267.5488167865337,134.46955637159465,139.12375696675622,132.26683113180914,D12_I5,released_monthly_average_weekday,2025-10
PeMS::D12_I5_N::L5N-079,D12_I5_N,L5N-079,2025-10-01,MD,6,measured,False,True,6705.729411764705,0.0,0.0,True,True,True,PeMS_average_weekday,736593.6826263776,736593.6826263774,830699.7869737812,970.8885169402424,970.8885169402423,1222.715870746367,4586.085660782246,4586.085660782246,5445.328751169362,209.17868946304665,209.17868946304662,220.42100019684435,D12_I5,released_monthly_average_weekday,2025-10
PeMS::D12_I5_N::L5N-079,D12_I5_N,L5N-079,2025-10-01,PM,4,measured,False,True,3926.341176470588,0.0,0.0,True,True,True,PeMS_average_weekday,499668.7679413658,520349.3213683676,486391.64788818476,724.8999261400503,765.9077124444791,715.9250508994448,3252.779833600015,3410.9472094857647,3188.3509134182214,133.86432575775814,138.07144249500675,129.06098592545908,D12_I5,released_monthly_average_weekday,2025-10
PeMS::D12_I5_N::L5N-080,D12_I5_N,L5N-080,2025-10-01,NT,10,measured,False,True,5253.471837944664,0.0,0.0,True,True,True,PeMS_average_weekday,464293.1159077473,444026.76780709036,551332.8192604196,625.4487212874066,585.2622690719742,811.5126532400692,2919.54232551615,2764.542842103739,3614.047456445033,130.2180666072,126.09521309662343,146.29272014796283,D12_I5,released_monthly_average_weekday,2025-10
PeMS::D12_I5_N::L5N-080,D12_I5_N,L5N-080,2025-10-01,AM,4,measured,False,True,4253.760869565217,0.0,0.0,True,True,True,PeMS_average_weekday,368878.4265863349,356693.7624060904,446416.77827944374,494.31164347723876,470.1504861533589,657.0856142364294,2313.991006596697,2220.8012200544244,2926.311232876454,103.77305804820837,101.29428953790683,118.45390394461919,D12_I5,released_monthly_average_weekday,2025-10
PeMS::D12_I5_N::L5N-080,D12_I5_N,L5N-080,2025-10-01,MD,6,measured,False,True,7006.330533596837,0.0,0.0,True,True,True,PeMS_average_weekday,614948.6250654476,614948.6250654476,735288.9831554841,810.5507455011309,810.5507455011308,1082.2796916373168,3828.71471484083,3828.7147148408294,4819.900405874323,174.63379134564192,174.6337913456419,195.10433930804396,D12_I5,released_monthly_average_weekday,2025-10
PeMS::D12_I5_N::L5N-080,D12_I5_N,L5N-080,2025-10-01,PM,4,measured,False,True,4294.402173913043,0.0,0.0,True,True,True,PeMS_average_weekday,407002.71563887486,359517.74631531525,450681.9357973099,568.0313928176881,473.87271947433226,663.3635450486263,2601.5543417737717,2238.3835485726354,2954.2698109626617,111.75627967896943,102.09624761483485,119.58563685321907,D12_I5,released_monthly_average_weekday,2025-10
PeMS::D12_I5_N::L5N-086,D12_I5_N,L5N-086,2025-10-01,NT,10,measured,False,True,3326.043478260869,0.0,0.0,True,True,True,PeMS_average_weekday,600660.229725358,600660.229725358,591514.2187463641,884.118194476598,884.118194476598,870.6560834307104,3937.3940741250235,3937.3940741250235,3877.440963117427,159.38144043211184,159.38144043211184,156.95460354180125,D12_I5,released_monthly_average_weekday,2025-10
PeMS::D12_I5_N::L5N-086,D12_I5_N,L5N-086,2025-10-01,AM,4,measured,False,True,5320.757763975155,0.0,0.0,True,True,True,PeMS_average_weekday,929783.7720345316,827621.8275901176,946260.5923426133,1293.4492701721056,1090.8707849778234,1392.8110519133784,5934.180406890957,5152.833489595171,6202.842579691686,255.812121666735,235.0289628456187,251.0843381468212,D12_I5,released_monthly_average_weekday,2025-10
PeMS::D12_I5_N::L5N-086,D12_I5_N,L5N-086,2025-10-01,MD,6,measured,False,True,7330.130434782608,0.0,0.0,True,True,True,PeMS_average_weekday,1197343.5349341556,1165366.7187614832,1303613.860064913,1599.4524844912025,1536.045165681599,1918.803135646659,7500.220224533701,7255.657663813786,8545.33267486969,337.44728561360563,330.9421309523033,345.90579582638856,D12_I5,released_monthly_average_weekday,2025-10
PeMS::D12_I5_N::L5N-086,D12_I5_N,L5N-086,2025-10-01,PM,4,measured,False,True,4281.596273291925,0.0,0.0,True,True,True,PeMS_average_weekday,820209.0275267086,820209.0275267086,761452.7865125454,1207.2744100968498,1207.2744100968498,1120.7904726744807,5376.560665593159,5376.56066559316,4991.407023420435,217.63734269938408,217.63734269938408,202.04674111836133,D12_I5,released_monthly_average_weekday,2025-10
PeMS::D12_I5_N::L5N-090,D12_I5_N,L5N-090,2025-10-01,NT,10,measured,False,True,4258.278260869565,0.0,0.0,True,True,True,PeMS_average_weekday,470418.5333083286,470418.5333083286,462425.74598799297,692.4140532944136,692.4140532944139,680.6493844437366,3083.6453851018173,3083.645385101818,3031.251782406963,124.82261973449504,124.82261973449506,122.7017835393551,D12_I5,released_monthly_average_weekday,2025-10
PeMS::D12_I5_N::L5N-090,D12_I5_N,L5N-090,2025-10-01,AM,4,measured,False,True,6269.113043478261,0.0,0.0,True,True,True,PeMS_average_weekday,711454.6233874063,726777.0467892347,680791.4133872265,1039.3678136042563,1069.7508817724304,1002.0641378143096,4646.915975029233,4764.103723908009,4462.662823559502,189.7286564004342,192.8457501560044,180.64374954386747,D12_I5,released_monthly_average_weekday,2025-10
PeMS::D12_I5_N::L5N-090,D12_I5_N,L5N-090,2025-10-01,MD,6,measured,False,True,8620.95652173913,0.0,0.0,True,True,True,PeMS_average_weekday,998078.5626535114,998078.5626535116,936188.7613894902,1469.082474733665,1469.0824747336653,1377.986216579399,6542.515091934764,6542.515091934765,6136.820616611913,264.833912930881,264.83391293088107,248.41184070874135,D12_I5,released_monthly_average_weekday,2025-10
PeMS::D12_I5_N::L5N-090,D12_I5_N,L5N-090,2025-10-01,PM,4,measured,False,True,5102.721739130435,0.0,0.0,True,True,True,PeMS_average_weekday,577296.3541498864,577296.3541498865,554127.692515963,849.7286569851503,849.7286569851503,815.6264569750223,3784.2412920912966,3784.241292091297,3632.3681589815374,153.18198197121473,153.18198197121473,147.0343223104655,D12_I5,released_monthly_average_weekday,2025-10
PeMS::D12_I5_N::L5N-095,D12_I5_N,L5N-095,2025-10-01,NT,10,measured,False,True,2028.5478260869563,0.0,0.0,True,True,True,PeMS_average_weekday,143992.21326739044,151949.74728399288,148135.06396391394,207.87733649121805,223.6564526360012,218.0415795970616,935.1871740345166,996.0473574126006,971.0416873917804,38.700087659255466,40.31891641384586,39.30671402011567,D12_I5,released_monthly_average_weekday,2025-10
PeMS::D12_I5_N::L5N-095,D12_I5_N,L5N-095,2025-10-01,AM,4,measured,False,True,2547.3565217391306,0.0,0.0,True,True,True,PeMS_average_weekday,180074.12124493864,195293.2410334527,186021.16077027793,257.2759772270987,287.45420307738084,273.80652930835436,1163.7710705029108,1280.1687408426803,1219.3892317685925,48.72376342802143,51.819841771111115,49.35955318363022,D12_I5,released_monthly_average_weekday,2025-10
PeMS::D12_I5_N::L5N-095,D12_I5_N,L5N-095,2025-10-01,MD,6,measured,False,True,4470.799999999999,0.0,0.0,True,True,True,PeMS_average_weekday,287592.3320946159,287592.33209461597,326480.9611353362,379.0693558423527,379.06935584235276,480.55080660482093,1790.5707060469613,1790.570706046961,2140.1187194908534,81.670788856992,81.670788856992,86.62968394495232,D12_I5,released_monthly_average_weekday,2025-10
PeMS::D12_I5_N::L5N-095,D12_I5_N,L5N-095,2025-10-01,PM,4,measured,False,True,2618.1304347826085,0.0,0.0,True,True,True,PeMS_average_weekday,179299.1106418596,201739.40517923248,191189.43829415357,252.44517687331282,296.9423807922138,281.4137720836122,1150.7979690904012,1322.4240579959992,1253.267861131562,48.96518418962188,53.530291166580454,50.730923345235304,D12_I5,released_monthly_average_weekday,2025-10
PeMS::D12_I5_N::L5N-101,D12_I5_N,L5N-101,2025-10-01,NT,10,measured,False,True,5345.330423280423,0.0,0.0,True,True,True,PeMS_average_weekday,639457.2965883391,643600.9227197786,630196.8892401449,939.1065984392397,947.3230581932451,927.5935184430666,4187.184099948373,4218.875054166536,4131.010135897825,169.93253288407482,170.77548512478802,167.21880855813552,D12_I5,released_monthly_average_weekday,2025-10
PeMS::D12_I5_N::L5N-101,D12_I5_N,L5N-101,2025-10-01,AM,4,measured,False,True,3830.343386243386,0.0,0.0,True,True,True,PeMS_average_weekday,450872.48558006866,496637.7831242172,451584.8966453144,640.257736746044,731.0064465653207,664.6926227453231,2905.4969250280533,3255.5154603027117,2960.1888189411416,122.46954064891489,131.77973391636192,119.82523187464169,D12_I5,released_monthly_average_weekday,2025-10
PeMS::D12_I5_N::L5N-101,D12_I5_N,L5N-101,2025-10-01,MD,6,measured,False,True,5595.416723254959,0.0,0.0,True,True,True,PeMS_average_weekday,598675.4096891726,595959.3775443821,659681.2420874678,790.9070826855857,785.5214209245175,970.9918516681664,3731.2588259248105,3710.486283319545,4324.28332169463,169.79373565472986,169.24120381192463,175.0422974366378,D12_I5,released_monthly_average_weekday,2025-10
PeMS::D12_I5_N::L5N-101,D12_I5_N,L5N-101,2025-10-01,PM,4,measured,False,True,4039.286772486773,0.0,0.0,True,True,True,PeMS_average_weekday,444513.8240292795,407120.44848940993,476218.63518173876,610.7647293940643,536.6168320105206,700.9512850642689,2820.750485246621,2534.7614228393595,3121.665692782466,123.22157980516272,115.61451567840659,126.3616405410828,D12_I5,released_monthly_average_weekday,2025-10
PeMS::D12_I5_N::L5N-106,D12_I5_N,L5N-106,2025-10-01,NT,10,measured,False,True,4187.730434782608,0.0,0.0,True,True,True,PeMS_average_weekday,111902.99942140198,111902.999421402,109056.90157429811,164.71121760500498,164.711217605005,160.52201584773908,733.5365069868269,733.536506986827,714.8800216012528,29.692761987274746,29.692761987274753,28.93756769933337,D12_I5,released_monthly_average_weekday,2025-10
PeMS::D12_I5_N::L5N-106,D12_I5_N,L5N-106,2025-10-01,AM,4,measured,False,True,6193.965217391304,0.0,0.0,True,True,True,PeMS_average_weekday,168487.451031796,173120.5702465504,161303.28004331907,245.63092952106837,254.8180126110945,237.42401720230245,1099.3897810485469,1134.8244376185567,1057.3607965852666,44.99393054398362,45.93646206098894,42.80081791245513,D12_I5,released_monthly_average_weekday,2025-10
PeMS::D12_I5_N::L5N-106,D12_I5_N,L5N-106,2025-10-01,MD,6,measured,False,True,8471.408695652173,0.0,0.0,True,True,True,PeMS_average_weekday,231933.15331980586,242460.91439461097,220612.47702190068,336.0051454852521,356.88080425055426,324.72185640257067,1508.8404525006713,1589.358043532831,1446.1391261100227,62.19379034103379,64.3354893037771,58.5381429050559,D12_I5,released_monthly_average_weekday,2025-10
PeMS::D12_I5_N::L5N-106,D12_I5_N,L5N-106,2025-10-01,PM,4,measured,False,True,5027.756521739129,0.0,0.0,True,True,True,PeMS_average_weekday,138264.24771383795,138264.24771383798,130932.86606431328,203.51261994708162,203.51261994708165,192.72148115309102,906.3373978675735,906.3373978675737,858.2793823149439,36.68755457801787,36.687554578017874,34.74221824670613,D12_I5,released_monthly_average_weekday,2025-10
PeMS::D12_I5_N::L5N-114,D12_I5_N,L5N-114,2025-10-01,NT,10,measured,False,True,3033.5199999999995,0.0,0.0,True,True,True,PeMS_average_weekday,170754.77858230128,170754.77858230125,168340.48697861587,251.33577864388135,251.3357786438813,247.78215709885856,1119.3164122517232,1119.316412251723,1103.4904644310939,45.30871401883421,45.308714018834195,44.66809682066466,D12_I5,released_monthly_average_weekday,2025-10
PeMS::D12_I5_N::L5N-114,D12_I5_N,L5N-114,2025-10-01,AM,4,measured,False,True,4403.43,0.0,0.0,True,True,True,PeMS_average_weekday,226515.38843206543,202372.53471315213,244361.51750318005,314.61618222371703,266.7429476132925,359.6783222242897,1444.6335379175023,1259.9860703053348,1601.8167065949172,62.38144094964841,57.46997645116128,64.83980246809628,D12_I5,released_monthly_average_weekday,2025-10
PeMS::D12_I5_N::L5N-114,D12_I5_N,L5N-114,2025-10-01,MD,6,measured,False,True,6292.306842105263,0.0,0.0,True,True,True,PeMS_average_weekday,301757.3936332325,301757.39363323245,349181.8079389214,397.7400231504927,397.7400231504926,513.9644249798087,1878.7634059554375,1878.7634059554373,2288.925274775735,85.69339871463609,85.69339871463607,92.65321186228825,D12_I5,released_monthly_average_weekday,2025-10
PeMS::D12_I5_N::L5N-114,D12_I5_N,L5N-114,2025-10-01,PM,4,measured,False,True,3746.21,0.0,0.0,True,True,True,PeMS_average_weekday,200845.1149958521,221162.68845414117,207890.11304496453,285.243690712232,325.53171847430343,305.9956732592221,1294.3545616026836,1449.7458227508343,1362.7426266371772,54.5508636093499,58.684138072161936,55.16234308346153,D12_I5,released_monthly_average_weekday,2025-10
PeMS::D12_I5_N::L5N-115,D12_I5_N,L5N-115,2025-10-01,NT,10,measured,False,True,2998.7130434782603,0.0,0.0,True,True,True,PeMS_average_weekday,309432.8460763976,309432.84607639763,307816.9827029891,455.4575043363658,455.4575043363659,453.07909781380977,2028.3664444338576,2028.3664444338579,2017.7742817498665,82.1060730909619,82.1060730909619,81.67731383697715,D12_I5,released_monthly_average_weekday,2025-10
PeMS::D12_I5_N::L5N-115,D12_I5_N,L5N-115,2025-10-01,AM,4,measured,False,True,4111.747826086956,0.0,0.0,True,True,True,PeMS_average_weekday,433319.3881810955,433319.3881810955,422069.6649231876,637.8074261476293,637.8074261476291,621.2488385752664,2840.456395802724,2840.4563958027234,2766.713218713263,114.97859328399747,114.97859328399747,111.99354947956945,D12_I5,released_monthly_average_weekday,2025-10
PeMS::D12_I5_N::L5N-115,D12_I5_N,L5N-115,2025-10-01,MD,6,measured,False,True,6133.182608695652,0.0,0.0,True,True,True,PeMS_average_weekday,658722.7264432772,658722.7264432771,629569.3311105676,969.5810022748135,969.5810022748133,926.6698089430975,4318.000145898028,4318.000145898027,4126.896423122641,174.78796129702414,174.7879612970241,167.0522899279731,D12_I5,released_monthly_average_weekday,2025-10
PeMS::D12_I5_N::L5N-115,D12_I5_N,L5N-115,2025-10-01,PM,4,measured,False,True,3704.860869565217,0.0,0.0,True,True,True,PeMS_average_weekday,392349.61037830135,392349.6103783013,380302.8424757659,577.5035735092154,577.5035735092154,559.7718074288506,2571.89498228497,2571.89498228497,2492.927089615448,104.10751862773374,104.10751862773373,100.91098400493154,D12_I5,released_monthly_average_weekday,2025-10
PeMS::D12_I5_N::L5N-116,D12_I5_N,L5N-116,2025-10-01,NT,10,measured,False,True,3033.6376811594205,0.0,0.0,True,True,True,PeMS_average_weekday,574307.7726184817,574307.7726184817,559621.8391774689,845.3297319742505,845.3297319742505,823.7133500073464,3764.650810435515,3764.6508104355144,3668.3828964934223,152.38898052755016,152.38898052755016,148.49215981246974,D12_I5,released_monthly_average_weekday,2025-10
PeMS::D12_I5_N::L5N-116,D12_I5_N,L5N-116,2025-10-01,AM,4,measured,False,True,4180.586956521738,0.0,0.0,True,True,True,PeMS_average_weekday,811283.3330068367,823997.4307516923,771202.103659223,1187.6396219313824,1212.8506011837035,1135.1405964991286,5304.155108161596,5401.39406669126,5055.314872917387,216.0560988167356,218.64257183401753,204.63366153221565,D12_I5,released_monthly_average_weekday,2025-10
PeMS::D12_I5_N::L5N-116,D12_I5_N,L5N-116,2025-10-01,MD,6,measured,False,True,6419.340579710144,0.0,0.0,True,True,True,PeMS_average_weekday,1097027.865051135,1049254.2854400915,1184189.9261189874,1477.7307920635528,1382.9998289584084,1743.0217743505377,6898.111357040311,6532.733237425689,7762.495612322057,307.6871386478048,297.9683935915203,314.2174008363058,D12_I5,released_monthly_average_weekday,2025-10
PeMS::D12_I5_N::L5N-116,D12_I5_N,L5N-116,2025-10-01,PM,4,measured,False,True,3870.398550724638,0.0,0.0,True,True,True,PeMS_average_weekday,759582.204939486,759582.204939486,713980.9637644427,1118.037143718857,1118.037143718857,1050.9161907767827,4979.145154835762,4979.145154835761,4680.22398794336,201.55039398098504,201.550393980985,189.45038944548628,D12_I5,released_monthly_average_weekday,2025-10
PeMS::D12_I5_N::L5N-117,D12_I5_N,L5N-117,2025-10-01,NT,10,measured,False,True,2978.984999999999,0.0,0.0,True,True,True,PeMS_average_weekday,613679.1532474475,613679.1532474475,602245.4769539275,903.2808867754397,903.2808867754397,886.4515367692329,4022.7345541344957,4022.7345541344957,3947.7855446018466,162.83593047679963,162.8359304767996,159.8020758832819,D12_I5,released_monthly_average_weekday,2025-10
PeMS::D12_I5_N::L5N-117,D12_I5_N,L5N-117,2025-10-01,AM,4,measured,False,True,3822.65,0.0,0.0,True,True,True,PeMS_average_weekday,779564.7566655709,821131.0057394763,772804.7212315375,1126.2091273950932,1208.6314796554448,1137.4995063858694,5064.700630195035,5382.604334495766,5065.820207913855,209.42601759171367,217.88198385977043,205.058906095609,D12_I5,released_monthly_average_weekday,2025-10
PeMS::D12_I5_N::L5N-117,D12_I5_N,L5N-117,2025-10-01,MD,6,measured,False,True,5855.175,0.0,0.0,True,True,True,PeMS_average_weekday,1029688.4293255393,1025545.1512989925,1183709.4381219486,1359.9650913832056,1351.7493218917264,1742.31453894625,6416.80674155205,6385.118449682242,7759.345960491282,292.07832885466377,291.2354474301367,314.089906347261,D12_I5,released_monthly_average_weekday,2025-10
PeMS::D12_I5_N::L5N-117,D12_I5_N,L5N-117,2025-10-01,PM,4,measured,False,True,3479.81,0.0,0.0,True,True,True,PeMS_average_weekday,745717.0669527875,745717.0669527875,703494.5906605932,1097.6288993298888,1097.6288993298888,1035.4811864326089,4888.257645651553,4888.257645651553,4611.484655330912,197.87136621328943,197.87136621328943,186.6678958368046,D12_I5,released_monthly_average_weekday,2025-10
PeMS::D12_I5_N::L5N-119,D12_I5_N,L5N-119,2025-10-01,NT,10,measured,False,True,2861.826086956521,0.0,0.0,True,True,True,PeMS_average_weekday,249676.9731264247,254467.03565226088,250272.0152112304,365.05445371445677,374.55274210106586,368.37804679984356,1631.4245149504036,1668.059492960758,1640.560671151132,66.54677955391263,67.52123859322444,66.40811611990988,D12_I5,released_monthly_average_weekday,2025-10
PeMS::D12_I5_N::L5N-119,D12_I5_N,L5N-119,2025-10-01,AM,4,measured,False,True,3813.0260869565213,0.0,0.0,True,True,True,PeMS_average_weekday,327320.84142879205,346849.22889201506,333456.22474581184,471.8079382593011,510.5310770180705,490.81777146132856,2124.2794906488634,2273.6349617797896,2185.8423420085355,88.06154896304754,92.03427658071038,88.4805265787981,D12_I5,released_monthly_average_weekday,2025-10
PeMS::D12_I5_N::L5N-119,D12_I5_N,L5N-119,2025-10-01,MD,6,measured,False,True,6064.913043478261,0.0,0.0,True,True,True,PeMS_average_weekday,450480.28792658576,450480.28792658576,530387.9283197135,593.768517123845,593.768517123845,780.6836450161131,2804.722926157758,2804.7229261577586,3476.751385568426,127.92789088474422,127.92789088474422,140.73512415172118,D12_I5,released_monthly_average_weekday,2025-10
PeMS::D12_I5_N::L5N-119,D12_I5_N,L5N-119,2025-10-01,PM,4,measured,False,True,3581.4434782608696,0.0,0.0,True,True,True,PeMS_average_weekday,300155.89614991297,328933.2065186266,313203.8947980574,427.0973230016891,484.1602927225877,461.00815114479786,1936.101105476773,2156.1934585240715,2053.0860848480215,81.42610384694903,87.28037194149326,83.10669731652885,D12_I5,released_monthly_average_weekday,2025-10
PeMS::D12_I5_N::L5N-122,D12_I5_N,L5N-122,2025-10-01,NT,10,measured,False,True,2709.8199999999997,0.0,0.0,True,True,True,PeMS_average_weekday,345667.09260314447,355363.4006947484,346793.23779336433,503.836219342228,523.0631772457449,510.44866312316606,2255.287759305411,2329.4462972788833,2273.2679339508754,92.32090529431164,94.29345889185917,92.01941969238533,D12_I5,released_monthly_average_weekday,2025-10
PeMS::D12_I5_N::L5N-122,D12_I5_N,L5N-122,2025-10-01,AM,4,measured,False,True,3531.965,0.0,0.0,True,True,True,PeMS_average_weekday,454497.1158633622,472678.1018005388,452008.46481420915,659.6885806176363,695.7399362424866,665.3160772478665,2959.406724693182,3098.4571058567876,2962.965355018712,121.72356107113177,125.42218212138411,119.93762304279096,D12_I5,released_monthly_average_weekday,2025-10
PeMS::D12_I5_N::L5N-122,D12_I5_N,L5N-122,2025-10-01,MD,6,measured,False,True,5951.259999999999,0.0,0.0,True,True,True,PeMS_average_weekday,666597.826891297,666597.8268912971,761621.3343875746,878.6284634406172,878.6284634406173,1121.0385600882616,4150.286389254066,4150.286389254066,4992.511873336417,189.30118886013247,189.30118886013247,202.09146424430594,D12_I5,released_monthly_average_weekday,2025-10
PeMS::D12_I5_N::L5N-122,D12_I5_N,L5N-122,2025-10-01,PM,4,measured,False,True,3456.9449999999997,0.0,0.0,True,True,True,PeMS_average_weekday,434722.782658214,469048.94431910507,442407.6689313615,622.3322686827833,690.39814066294,651.1845634545149,2812.1369387863992,3074.66757817656,2900.0310787918797,117.47611768490628,124.4592078502053,117.39011181867912,D12_I5,released_monthly_average_weekday,2025-10
PeMS::D12_I5_N::L5N-125,D12_I5_N,L5N-125,2025-10-01,NT,10,measured,False,True,2498.269565217391,0.0,0.0,True,True,True,PeMS_average_weekday,189894.56400322187,191715.070598662,187780.8375418224,278.57754544924967,282.187455875251,276.3966163045113,1242.7899840733694,1256.7134388783797,1230.9241071436822,50.50004462114027,50.87039659431075,49.82647242459932,D12_I5,released_monthly_average_weekday,2025-10
PeMS::D12_I5_N::L5N-125,D12_I5_N,L5N-125,2025-10-01,AM,4,measured,False,True,3179.721739130435,0.0,0.0,True,True,True,PeMS_average_weekday,240149.30826244835,248312.32345860862,239001.7553097383,349.30698769653645,365.4935556211104,351.78923112289226,1565.282947196487,1627.7146755082829,1566.6828740972571,64.22749364905067,65.88812415293945,63.417623045371876,D12_I5,released_monthly_average_weekday,2025-10
PeMS::D12_I5_N::L5N-125,D12_I5_N,L5N-125,2025-10-01,MD,6,measured,False,True,5249.8,0.0,0.0,True,True,True,PeMS_average_weekday,344761.9361097971,344761.9361097971,394597.8667203101,454.4233988724966,454.4233988724966,580.8128059828324,2146.5128046430054,2146.5128046430054,2586.6325506473486,97.9058762967559,97.90587629675589,104.70407940621882,D12_I5,released_monthly_average_weekday,2025-10
PeMS::D12_I5_N::L5N-125,D12_I5_N,L5N-125,2025-10-01,PM,4,measured,False,True,3054.9913043478264,0.0,0.0,True,True,True,PeMS_average_weekday,220158.9079525008,243806.328032747,229626.47177887725,311.9703012689198,358.86113292508117,337.9896513641308,1417.319047190634,1598.1773783645478,1505.2268562175107,59.88180969523879,64.69248640964705,60.929950115383974,D12_I5,released_monthly_average_weekday,2025-10
PeMS::D12_I5_N::L5N-128,D12_I5_N,L5N-128,2025-10-01,NT,10,measured,False,True,4587.136403508772,0.0,0.0,True,True,True,PeMS_average_weekday,409129.79372643115,412942.4885074534,406085.4627419597,600.2541994158079,607.8144503237952,597.7215210115953,2677.7236191531583,2706.8835703457703,2661.9350099466205,108.79608049509245,109.57171022298532,107.75224126283094,D12_I5,released_monthly_average_weekday,2025-10
PeMS::D12_I5_N::L5N-128,D12_I5_N,L5N-128,2025-10-01,AM,4,measured,False,True,4054.315789473684,0.0,0.0,True,True,True,PeMS_average_weekday,374520.58010039723,390313.370401408,358916.4477888861,543.1906442826776,574.5064101832613,528.2929451349819,2437.7620327275336,2558.5472045867828,2352.7369129734525,100.35443294168412,103.5672150675478,95.23623774712937,D12_I5,released_monthly_average_weekday,2025-10
PeMS::D12_I5_N::L5N-128,D12_I5_N,L5N-128,2025-10-01,MD,6,measured,False,True,6470.956627680311,1601.9746588693956,0.24756380718374044,True,True,True,PeMS_average_weekday,514040.09371840087,568613.9363374114,578869.6563276885,647.2748301627272,749.4779746057156,803.6033237484396,3564.385684099406,3540.2315842025237,3930.865542263836,154.61503567903497,161.47561514427878,160.81033152492856,D12_I5,released_monthly_average_weekday,2025-10
PeMS::D12_I5_N::L5N-128,D12_I5_N,L5N-128,2025-10-01,PM,4,measured,False,True,4340.114035087719,3902.8070175438593,0.8992406618792861,True,True,True,PeMS_average_weekday,327967.9126669545,305236.5158901112,398871.8889501477,334.328877952045,290.37653867622925,469.0892841105374,2928.0587760811436,2878.1745805863884,2946.7367898789066,117.1678618531567,113.39225348050877,123.40566293842774,D12_I5,released_monthly_average_weekday,2025-10
PeMS::D12_I5_N::L5N-129,D12_I5_N,L5N-129,2025-10-01,NT,10,measured,False,True,5471.208695652174,0.0,0.0,True,True,True,PeMS_average_weekday,863913.9998506113,863913.9998506114,851369.7596373571,1271.6042247048958,1271.604224704896,1253.140223827904,5663.051580959098,5663.051580959099,5580.822702408821,229.2341841387019,229.23418413870192,225.90564834529832,D12_I5,released_monthly_average_weekday,2025-10
PeMS::D12_I5_N::L5N-129,D12_I5_N,L5N-129,2025-10-01,AM,4,measured,False,True,4224.208695652174,0.0,0.0,True,True,True,PeMS_average_weekday,673389.9506408079,673389.9506408079,657325.2350496813,991.1698459068173,991.1698459068172,967.5240197969364,4414.145418684984,4414.145418684984,4308.839435633755,178.67981763119835,178.67981763119832,174.41714568400337,D12_I5,released_monthly_average_weekday,2025-10
PeMS::D12_I5_N::L5N-129,D12_I5_N,L5N-129,2025-10-01,MD,6,measured,False,True,7222.791304347826,0.0,0.0,True,True,True,PeMS_average_weekday,1104594.0214331872,921557.9555058279,1123931.9204877089,1577.6310237120915,1214.686003693802,1654.3273735811613,7137.568618854522,5737.686631055197,7367.49773740087,298.94071040286656,261.70504844627163,298.2283153936575,D12_I5,released_monthly_average_weekday,2025-10
PeMS::D12_I5_N::L5N-129,D12_I5_N,L5N-129,2025-10-01,PM,4,measured,False,True,5187.817391304347,0.0,0.0,True,True,True,PeMS_average_weekday,699066.8600220039,687293.3630674965,807271.4990724369,929.2526584505827,905.9068109194474,1188.2315240659063,4369.183427454429,4279.138297624301,5291.753739233202,197.57345347011602,195.17833013513888,214.20445032757502,D12_I5,released_monthly_average_weekday,2025-10
PeMS::D12_I5_N::L5N-130,D12_I5_N,L5N-130,2025-10-01,NT,10,measured,False,True,6211.51515151515,0.0,0.0,True,True,True,PeMS_average_weekday,139256.62858084147,139256.62858084144,136351.57105193607,204.97331592285715,204.97331592285718,200.69733078150557,912.84256393592,912.8425639359201,893.7995913313673,36.95087664299394,36.95087664299395,36.18003777172924,D12_I5,released_monthly_average_weekday,2025-10
PeMS::D12_I5_N::L5N-130,D12_I5_N,L5N-130,2025-10-01,AM,4,measured,False,True,3523.439393939394,0.0,0.0,True,True,True,PeMS_average_weekday,80346.52256675367,80346.52256675367,77344.49408092152,118.26290296707585,118.26290296707585,113.8441852406254,526.6803197134209,526.6803197134209,507.00169178782204,21.319447945231197,21.319447945231197,20.52287843619456,D12_I5,released_monthly_average_weekday,2025-10
PeMS::D12_I5_N::L5N-130,D12_I5_N,L5N-130,2025-10-01,MD,6,measured,False,True,5324.24090909091,0.0,0.0,True,True,True,PeMS_average_weekday,104560.26569913997,98997.4356794522,116874.64248339653,141.5170420695335,130.48642117728158,172.02903201992387,658.9104078140945,616.3652104711797,766.1261757583262,29.245067194484342,28.113401382691286,31.01195642253362,D12_I5,released_monthly_average_weekday,2025-10
PeMS::D12_I5_N::L5N-130,D12_I5_N,L5N-130,2025-10-01,PM,4,measured,False,True,3924.015151515152,0.0,0.0,True,True,True,PeMS_average_weekday,88057.65934128402,92974.53538298674,86137.70033390007,127.10046078076793,136.85020963131126,126.78699924980054,571.8534737886632,609.4583369184975,564.6421288929512,23.66995512278036,24.670212275619203,22.856100795958877,D12_I5,released_monthly_average_weekday,2025-10
PeMS::D12_I5_N::L5N-131,D12_I5_N,L5N-131,2025-10-01,NT,10,measured,False,True,5348.970085470086,0.0,0.0,True,True,True,PeMS_average_weekday,427661.6003022558,433481.4028456297,425304.8320362947,626.5057216118653,638.0458972592462,626.010715532191,2797.0078654938447,2841.5184198031307,2787.920096061837,113.83764023945884,115.02158286334152,112.85198086724658,D12_I5,released_monthly_average_weekday,2025-10
PeMS::D12_I5_N::L5N-131,D12_I5_N,L5N-131,2025-10-01,AM,4,measured,False,True,5564.0074786324785,0.0,0.0,True,True,True,PeMS_average_weekday,423644.9889621993,382527.6556725455,442402.785645885,585.7337834497487,504.2015931772883,651.1773756945719,2696.1152541714864,2381.6449121276887,2899.999068316829,116.99526892049585,108.63062714799509,117.38881606937731,D12_I5,released_monthly_average_weekday,2025-10
PeMS::D12_I5_N::L5N-131,D12_I5_N,L5N-131,2025-10-01,MD,6,measured,False,True,7929.977272727272,2916.823232323232,0.36782239494616864,True,True,True,PeMS_average_weekday,553805.8893162012,661078.6614657501,629617.8298132974,668.2368883090833,871.3537685020848,840.4848798138688,4020.093893964412,4115.9236652522295,4369.935768072653,172.70817819770542,187.73385015240794,179.90517135205417,D12_I5,released_monthly_average_weekday,2025-10
PeMS::D12_I5_N::L5N-131,D12_I5_N,L5N-131,2025-10-01,PM,4,measured,False,True,4562.833333333333,4170.083333333333,0.913924096869635,True,True,True,PeMS_average_weekday,324900.1204700907,307528.1040605575,361501.3975723107,327.7420220383066,292.5565643493212,408.78002983409584,2989.697830068515,2899.782712241664,2716.692148261282,118.16496202545662,114.2435551209381,114.27906892879247,D12_I5,released_monthly_average_weekday,2025-10
PeMS::D12_I5_N::L5N-132,D12_I5_N,L5N-132,2025-10-01,NT,10,measured,False,True,4622.376530612245,0.0,0.0,True,True,True,PeMS_average_weekday,258509.25384635376,274056.7120920501,266236.50422088953,372.55770244753154,403.386995656102,391.8763483361629,1677.5631406648276,1796.4719832688318,1745.2096579032711,69.55636351122732,72.71923688587019,70.64419356969458,D12_I5,released_monthly_average_weekday,2025-10
PeMS::D12_I5_N::L5N-132,D12_I5_N,L5N-132,2025-10-01,AM,4,measured,False,True,4632.303612479474,0.0,0.0,True,True,True,PeMS_average_weekday,255313.40615853688,236762.80122457948,266808.2775405104,348.8563076100187,312.0720288123168,392.7179475797557,1615.979634410798,1474.1023624193083,1748.957695094692,71.00997633318124,67.2361624079775,70.79591004894857,D12_I5,released_monthly_average_weekday,2025-10
PeMS::D12_I5_N::L5N-132,D12_I5_N,L5N-132,2025-10-01,MD,6,measured,False,True,6628.179320770454,2629.9909297052154,0.3967893447697953,True,True,True,PeMS_average_weekday,342232.1845580074,334129.8611136819,387517.9318100107,406.230535725089,422.78949841680054,515.4750745762028,2596.9583036073454,3625.0826841498733,2694.7559448207503,109.49438616264395,129.06936681566071,111.00029760227254,D12_I5,released_monthly_average_weekday,2025-10
PeMS::D12_I5_N::L5N-132,D12_I5_N,L5N-132,2025-10-01,PM,4,measured,False,True,3822.2295918367345,3737.719387755102,0.9778898148185228,True,True,True,PeMS_average_weekday,191319.22183496872,190603.7084117327,228325.67159685303,183.32054938249243,181.32445571282088,258.02787135723656,1765.6879514779719,1797.2644816639443,1716.3210844846112,70.44106174507702,70.80733429131759,72.20279226102728,D12_I5,released_monthly_average_weekday,2025-10
PeMS::D12_I5_N::L5N-133,D12_I5_N,L5N-133,2025-10-01,NT,10,measured,False,True,3728.590909090909,0.0,0.0,True,True,True,PeMS_average_weekday,425675.88196360075,426536.3750527507,425034.2606203901,626.1171518920489,627.823436824938,625.6124585811426,2789.411841101442,2795.9929964055823,2786.146470579595,113.00371002014509,113.17876311485205,112.78018643193606,D12_I5,released_monthly_average_weekday,2025-10
PeMS::D12_I5_N::L5N-133,D12_I5_N,L5N-133,2025-10-01,AM,4,measured,False,True,4271.066540404041,981.4920634920636,0.22980022769657316,True,True,True,PeMS_average_weekday,444428.0919446396,450222.1062749765,481392.3724674535,591.1638408558172,593.4282133624301,684.6934967170633,3234.960350614375,2803.1154684802764,3237.628760434998,132.9073499896263,127.85457217349153,131.99133407818815,D12_I5,released_monthly_average_weekday,2025-10
PeMS::D12_I5_N::L5N-133,D12_I5_N,L5N-133,2025-10-01,MD,6,measured,False,True,6479.702561327562,2150.742243867244,0.3319199027287758,True,True,True,PeMS_average_weekday,646721.3384655847,768668.6649783265,747863.204217999,782.3039673153983,1013.1658711737622,1022.6430458371581,4678.168251420864,4785.786825893555,5122.2217329019595,201.2326562175674,218.28737846104104,210.07336885486592,D12_I5,released_monthly_average_weekday,2025-10
PeMS::D12_I5_N::L5N-133,D12_I5_N,L5N-133,2025-10-01,PM,4,measured,False,True,3838.502344877345,2105.583333333333,0.5485429326735541,True,True,True,PeMS_average_weekday,374370.9362366068,384213.5141877631,446590.5547604861,429.9143338222998,486.1625908171456,580.8374195881632,2963.3546143186777,4168.456397928929,3142.729145876548,122.65314819490914,148.41593275424805,129.88830577295778,D12_I5,released_monthly_average_weekday,2025-10
PeMS::D12_I5_N::L5N-134,D12_I5_N,L5N-134,2025-10-01,NT,10,measured,False,True,4406.705128205128,0.0,0.0,True,True,True,PeMS_average_weekday,127324.6226719794,127914.56761028411,125646.03850733752,187.1090046284026,188.27881548703232,184.9397433205068,833.9821326548223,838.4941029528176,823.6236444058848,33.821317057543126,33.941331603225265,33.339391574242306,D12_I5,released_monthly_average_weekday,2025-10
PeMS::D12_I5_N::L5N-134,D12_I5_N,L5N-134,2025-10-01,AM,4,measured,False,True,4573.030219780219,0.0,0.0,True,True,True,PeMS_average_weekday,125477.80460639772,112475.2592592697,130388.37734163394,174.03420112480455,148.2512547016937,191.9200423985588,799.7241577399849,700.2791170330229,854.7101986666677,34.58600155778052,31.94084864396571,34.597741564839986,D12_I5,released_monthly_average_weekday,2025-10
PeMS::D12_I5_N::L5N-134,D12_I5_N,L5N-134,2025-10-01,MD,6,measured,False,True,6407.739177489178,2040.1147186147184,0.31838292135575363,True,True,True,PeMS_average_weekday,171499.9344983549,137393.97181327743,184368.48198666854,196.77232275728957,130.70515450543908,251.54049151334596,1227.9946563764552,1295.5325349773757,1264.366163741659,54.21291349722952,51.04045966818009,51.87340785379982,D12_I5,released_monthly_average_weekday,2025-10
PeMS::D12_I5_N::L5N-134,D12_I5_N,L5N-134,2025-10-01,PM,4,measured,False,True,3546.023809523809,3386.5595238095234,0.9550301142124311,True,True,True,PeMS_average_weekday,125218.29410001193,115065.05449651007,103874.78524437286,87.22242676078463,67.65747534649343,119.97118989505955,1125.760415968106,1040.4659251621972,773.5551351690546,48.51128390535408,45.671926362699075,32.463435987522004,D12_I5,released_monthly_average_weekday,2025-10
PeMS::D12_I5_N::L5N-135,D12_I5_N,L5N-135,2025-10-01,NT,10,measured,False,True,4256.45652173913,0.0,0.0,True,True,True,PeMS_average_weekday,60059.737114958974,61738.31224559243,60686.044374562305,87.54480750390022,90.8732798533428,89.32443555801419,391.8635023118294,404.701448093915,397.80371610709676,16.04039719441292,16.38187555725,16.102662849789915,D12_I5,released_monthly_average_weekday,2025-10
PeMS::D12_I5_N::L5N-135,D12_I5_N,L5N-135,2025-10-01,AM,4,measured,False,True,3862.6594202898546,0.0,0.0,True,True,True,PeMS_average_weekday,52776.88533259148,45203.779038180546,55071.51777219485,74.59897133241125,59.58214280902916,81.06035400762485,339.36203855985093,281.4420049341123,360.99987480186036,14.377642504874432,12.837019215626297,14.612883282331467,D12_I5,released_monthly_average_weekday,2025-10
PeMS::D12_I5_N::L5N-135,D12_I5_N,L5N-135,2025-10-01,MD,6,measured,False,True,6031.849472990778,1703.7361660079052,0.2824566782770095,True,True,True,PeMS_average_weekday,74375.64260571144,85630.10526724381,86775.90228478692,91.6974221610577,112.86722635458838,119.35688666684342,527.632065582965,533.1392423800816,592.3769821310563,22.83186867211816,24.31733209347967,24.27131586631092,D12_I5,released_monthly_average_weekday,2025-10
PeMS::D12_I5_N::L5N-135,D12_I5_N,L5N-135,2025-10-01,PM,4,measured,False,True,3639.210144927536,3311.195652173913,0.9098665700273392,True,True,True,PeMS_average_weekday,41308.353591712075,39296.90602316484,53396.48889771794,41.51423110684382,37.383795704835435,62.32883616621745,382.78577344056066,370.5433331976694,395.791746002651,15.089080524731255,14.598399918778528,16.58976599426292,D12_I5,released_monthly_average_weekday,2025-10
PeMS::D12_I5_N::L5N-138,D12_I5_N,L5N-138,2025-10-01,NT,10,measured,False,True,2991.9740259740256,0.0,0.0,True,True,True,PeMS_average_weekday,187718.8294617002,187718.8294617002,184240.3939245336,276.30534595044503,276.305345950445,271.1853996071868,1230.5176373373947,1230.5176373373947,1207.7161086303452,49.81001896782089,49.81001896782089,48.887037823193836,D12_I5,released_monthly_average_weekday,2025-10
PeMS::D12_I5_N::L5N-138,D12_I5_N,L5N-138,2025-10-01,AM,4,measured,False,True,3115.505534941249,0.0,0.0,True,True,True,PeMS_average_weekday,182025.10134573554,164534.834700293,191847.24267276228,251.55159515974293,216.8698774032289,282.38200135992076,1158.173483733045,1024.4058073206852,1257.579841406087,50.28289014021498,46.72478451201126,50.905467628670124,D12_I5,released_monthly_average_weekday,2025-10
PeMS::D12_I5_N::L5N-138,D12_I5_N,L5N-138,2025-10-01,MD,6,measured,False,True,5178.024427952999,1284.655844155844,0.24809767934287252,True,True,True,PeMS_average_weekday,284906.98409492197,326094.9311294161,320648.1058902277,351.5236056476919,429.8188153570674,448.09961609932196,1983.518954292973,2030.2906785381047,2169.0408643581477,86.63604067463626,92.60479955649166,88.6345992441309,D12_I5,released_monthly_average_weekday,2025-10
PeMS::D12_I5_N::L5N-138,D12_I5_N,L5N-138,2025-10-01,PM,4,measured,False,True,3587.543599257885,1855.3896103896104,0.5171754876438057,True,True,True,PeMS_average_weekday,183920.30649492936,188551.62767202637,223506.4576704215,211.22729974729452,238.5828307096587,294.5129577991684,1441.4913477984535,2045.6574526560576,1562.1025371573148,60.12407056002287,72.83467306566374,64.43699441474213,D12_I5,released_monthly_average_weekday,2025-10
PeMS::D12_I5_N::L5N-140,D12_I5_N,L5N-140,2025-10-01,NT,10,measured,False,True,3294.8713213213205,0.0,0.0,True,True,True,PeMS_average_weekday,350151.3905860358,359702.8366189491,350858.01581500657,510.51073052851115,529.4504392359477,516.4316532190572,2284.8411630996434,2357.891778513433,2299.913002332323,93.50181730532927,95.44490111166154,93.09798315316638,D12_I5,released_monthly_average_weekday,2025-10
PeMS::D12_I5_N::L5N-140,D12_I5_N,L5N-140,2025-10-01,AM,4,measured,False,True,4053.436666666667,0.0,0.0,True,True,True,PeMS_average_weekday,405272.53522719536,371868.1289934186,431634.6853655376,556.3896060669863,490.15149704846783,635.3276941164246,2570.7588686664667,2315.2779263566936,2829.4129829806816,112.39909722129224,105.60352296066912,114.53156791398683,D12_I5,released_monthly_average_weekday,2025-10
PeMS::D12_I5_N::L5N-140,D12_I5_N,L5N-140,2025-10-01,MD,6,measured,False,True,6175.283793373205,0.0,0.0,True,True,True,PeMS_average_weekday,614986.2960583387,614986.2960583386,657581.9227952773,810.6003988382179,810.6003988382178,967.901841225674,3828.94925717319,3828.9492571731894,4310.5220521254,174.64448919590802,174.64448919590802,174.4852561741104,D12_I5,released_monthly_average_weekday,2025-10
PeMS::D12_I5_N::L5N-140,D12_I5_N,L5N-140,2025-10-01,PM,4,measured,False,True,3976.9387387387387,555.7708708708708,0.1397484113741038,True,True,True,PeMS_average_weekday,386116.3958134646,391097.75052014005,424220.93823822687,508.10781818922453,515.4976535058952,615.5363958928399,2554.7350754347544,2435.002943860949,2811.3307702847414,111.77194691861094,111.0643721706267,114.14760279507368,D12_I5,released_monthly_average_weekday,2025-10
PeMS::D12_I5_N::L5N-142,D12_I5_N,L5N-142,2025-10-01,NT,10,measured,False,True,4921.427536231884,0.0,0.0,True,True,True,PeMS_average_weekday,223038.33588979865,223038.33588979865,220750.24738990053,328.29250392708155,328.29250392708155,324.92464207570254,1462.0408986237321,1462.0408986237321,1447.0422260718774,59.18182940453893,59.181829404538924,58.57469941173641,D12_I5,released_monthly_average_weekday,2025-10
PeMS::D12_I5_N::L5N-142,D12_I5_N,L5N-142,2025-10-01,AM,4,measured,False,True,3787.434782608696,0.0,0.0,True,True,True,PeMS_average_weekday,178827.15509380196,184058.86596037057,169885.09107951442,260.5441670124786,270.91820666185697,250.05567633866568,1166.513414818486,1206.5261727980524,1113.615514722051,47.774565418049434,48.83887051166692,45.07794787175076,D12_I5,released_monthly_average_weekday,2025-10
PeMS::D12_I5_N::L5N-142,D12_I5_N,L5N-142,2025-10-01,MD,6,measured,False,True,5475.654479578393,0.0,0.0,True,True,True,PeMS_average_weekday,237552.6246588015,214901.027915575,245610.05360530704,328.17268719444405,283.2564888935074,361.5160558209622,1511.231530877357,1337.9893771243305,1610.0009984900103,65.6359247387081,61.02783182087505,65.17109372485135,D12_I5,released_monthly_average_weekday,2025-10
PeMS::D12_I5_N::L5N-142,D12_I5_N,L5N-142,2025-10-01,PM,4,measured,False,True,3937.644927536232,0.0,0.0,True,True,True,PeMS_average_weekday,184578.74190432637,194003.72006929995,176622.7553870975,266.86720979136794,285.55614342544123,259.97291624871184,1199.6324148038302,1271.7157886553236,1157.7816475959576,49.56031942803317,51.477675437195444,46.865745014540835,D12_I5,released_monthly_average_weekday,2025-10
PeMS::D12_I5_N::L5N-144,D12_I5_N,L5N-144,2025-10-01,NT,10,measured,False,True,4916.789855072463,0.0,0.0,True,True,True,PeMS_average_weekday,331073.9929912954,334779.6512559132,329086.4924630448,485.41773048838957,492.7657370477438,484.3859159380279,2166.1762258313156,2194.5175487902393,2157.198264801116,88.07783461958337,88.8316895375684,87.32104540947122,D12_I5,released_monthly_average_weekday,2025-10
PeMS::D12_I5_N::L5N-144,D12_I5_N,L5N-144,2025-10-01,AM,4,measured,False,True,3514.4130434782605,0.0,0.0,True,True,True,PeMS_average_weekday,233318.87544589041,248077.92894880014,235223.77315993505,335.88259448136336,365.1485478437487,346.2283789276735,1513.2991659379654,1626.178193636744,1541.9177842966772,62.823443571356975,65.82592903371251,62.415159077950946,D12_I5,released_monthly_average_weekday,2025-10
PeMS::D12_I5_N::L5N-144,D12_I5_N,L5N-144,2025-10-01,MD,6,measured,False,True,5784.956192358365,0.0,0.0,True,True,True,PeMS_average_weekday,337193.9537245658,337193.9537245658,387193.88025737135,444.4482017352792,444.44820173527916,569.9147993900942,2099.393997739571,2099.393997739571,2538.0986025326106,95.7567122806085,95.7567122806085,102.73947784113335,D12_I5,released_monthly_average_weekday,2025-10
PeMS::D12_I5_N::L5N-144,D12_I5_N,L5N-144,2025-10-01,PM,4,measured,False,True,4291.521739130434,0.0,0.0,True,True,True,PeMS_average_weekday,247758.28892414056,247758.28892414056,287236.56655822776,326.5649480396412,326.56494803964114,422.78656392688504,1542.5610658560067,1542.5610658560065,1882.8673833716248,70.3586731778233,70.35867317782329,76.21642895145021,D12_I5,released_monthly_average_weekday,2025-10
PeMS::D12_I5_N::L5N-145,D12_I5_N,L5N-145,2025-10-01,NT,10,measured,False,True,3711.273291925466,0.0,0.0,True,True,True,PeMS_average_weekday,325148.9869733311,325148.986973331,321099.0511932821,478.5902596384604,478.59025963846034,472.62911599617166,2131.3874819078947,2131.387481907894,2104.839706057573,86.27625292013516,86.27625292013516,85.20162775546115,D12_I5,released_monthly_average_weekday,2025-10
PeMS::D12_I5_N::L5N-145,D12_I5_N,L5N-145,2025-10-01,AM,4,measured,False,True,5379.745341614907,0.0,0.0,True,True,True,PeMS_average_weekday,441365.4000166267,496590.6469093263,465455.111757024,621.4300779190321,730.9370662682053,685.1083402087113,2832.8371042425283,3255.206477213765,3051.1096092399357,120.5325630303168,131.7672266161379,123.50560682574893,D12_I5,released_monthly_average_weekday,2025-10
PeMS::D12_I5_N::L5N-145,D12_I5_N,L5N-145,2025-10-01,MD,6,measured,False,True,7184.773009599096,0.0,0.0,True,True,True,PeMS_average_weekday,550978.5308422502,532294.2438012474,621625.9528611681,738.6551169645584,701.6057578682176,914.9778658305746,3457.002234729825,3314.102545802111,4074.826702338863,154.9625179889875,151.16150864892188,164.94456412121332,D12_I5,released_monthly_average_weekday,2025-10
PeMS::D12_I5_N::L5N-145,D12_I5_N,L5N-145,2025-10-01,PM,4,measured,False,True,4222.167701863354,0.0,0.0,True,True,True,PeMS_average_weekday,380191.5310072233,380191.53100722336,365301.5923125046,559.6079668918511,559.6079668918511,537.691307417557,2492.1974306586326,2492.197430658633,2394.5922397714703,100.88144820196845,100.88144820196845,96.93049596696663,D12_I5,released_monthly_average_weekday,2025-10
PeMS::D12_I5_N::L5N-146,D12_I5_N,L5N-146,2025-10-01,NT,10,measured,False,True,4973.95652173913,0.0,0.0,True,True,True,PeMS_average_weekday,354142.298827693,362238.20289015,356501.148486662,517.1287796454767,533.1822718746025,524.7378403477392,2312.592929899505,2374.511384137277,2336.904359577727,94.4706668635543,96.11764471666392,94.59535316244634,D12_I5,released_monthly_average_weekday,2025-10
PeMS::D12_I5_N::L5N-146,D12_I5_N,L5N-146,2025-10-01,AM,4,measured,False,True,4198.24347826087,0.0,0.0,True,True,True,PeMS_average_weekday,290093.1107226598,321326.9359495063,300903.0366641261,411.0305113205013,472.96454199784614,442.9023869445333,1867.4534397452176,2106.3335157761735,1972.4526026790109,78.9080901169331,85.26209555223228,79.84274143778947,D12_I5,released_monthly_average_weekday,2025-10
PeMS::D12_I5_N::L5N-146,D12_I5_N,L5N-146,2025-10-01,MD,6,measured,False,True,6820.441897233202,1702.6652173913044,0.24964148116004212,True,True,True,PeMS_average_weekday,429407.15663107665,490820.62894727744,490159.9768830849,530.8303069300161,646.940265389176,678.1382475629415,3006.672921036138,3055.8848134636796,3334.9911165589947,130.89463892795533,139.3837855879314,136.51145393880262,D12_I5,released_monthly_average_weekday,2025-10
PeMS::D12_I5_N::L5N-146,D12_I5_N,L5N-146,2025-10-01,PM,4,measured,False,True,4731.478260869565,4255.869565217391,0.8994798941409983,True,True,True,PeMS_average_weekday,302499.89026084926,288219.0206297282,342407.89795196115,301.9303844920662,274.1875143839059,395.6804116019809,2753.271936142023,2717.711072015491,2549.3106986760004,109.52687058615852,107.07042750060734,106.97920467966088,D12_I5,released_monthly_average_weekday,2025-10
PeMS::D12_I5_N::L5N-147,D12_I5_N,L5N-147,2025-10-01,NT,10,measured,False,True,5436.481286549707,0.0,0.0,True,True,True,PeMS_average_weekday,701677.3061647138,701677.306164714,690530.5865962205,1032.8063060129716,1032.806306012972,1016.3993306689583,4599.5721549671935,4599.572154967195,4526.504178425802,186.1856907459821,186.18569074598213,183.22797832721318,D12_I5,released_monthly_average_weekday,2025-10
PeMS::D12_I5_N::L5N-147,D12_I5_N,L5N-147,2025-10-01,AM,4,measured,False,True,4024.7192982456145,0.0,0.0,True,True,True,PeMS_average_weekday,535840.9526173508,552031.5138330298,511211.50454037567,780.4365572859496,812.5410692287708,752.4576624567914,3494.8001044896964,3618.6274764524774,3351.0478120420116,143.18441234584208,146.4781143889893,135.64677987148653,D12_I5,released_monthly_average_weekday,2025-10
PeMS::D12_I5_N::L5N-147,D12_I5_N,L5N-147,2025-10-01,MD,6,measured,False,True,6492.101364522417,0.0,0.0,True,True,True,PeMS_average_weekday,730912.4880423413,730912.4880423412,824613.2612609332,963.4002548029989,963.4002548029988,1213.7570486742966,4550.714131494806,4550.714131494806,5405.430903621282,207.56533753551457,207.56533753551452,218.80597861337057,D12_I5,released_monthly_average_weekday,2025-10
PeMS::D12_I5_N::L5N-147,D12_I5_N,L5N-147,2025-10-01,PM,4,measured,False,True,4813.324561403509,0.0,0.0,True,True,True,PeMS_average_weekday,551877.9473334666,529255.5348760727,611378.5107818141,742.4588283893229,697.6005000559911,899.8945466080844,3468.202272572402,3295.1833237700325,4007.6535889522215,154.90072858155372,150.29857272424584,162.2254693675972,D12_I5,released_monthly_average_weekday,2025-10
PeMS::D12_I5_N::L5N-148,D12_I5_N,L5N-148,2025-10-01,NT,10,measured,False,True,6221.147826086955,0.0,0.0,True,True,True,PeMS_average_weekday,1132627.6848917187,1158644.644185768,1133978.7267458928,1653.831974315221,1705.4214015898503,1669.1153747999256,7396.062617046279,7595.043470948055,7433.3556608444505,302.14639952465916,307.43911982272425,300.8941726852313,D12_I5,released_monthly_average_weekday,2025-10
PeMS::D12_I5_N::L5N-148,D12_I5_N,L5N-148,2025-10-01,AM,4,measured,False,True,4297.347826086956,0.0,0.0,True,True,True,PeMS_average_weekday,774050.1517549827,643109.778026228,783312.2041845858,1107.3130378192836,847.6693641891595,1152.9655825420855,5005.495922410013,4004.0480944647743,5134.69791791676,209.2686812807445,182.63102674019575,207.84700107093045,D12_I5,released_monthly_average_weekday,2025-10
PeMS::D12_I5_N::L5N-148,D12_I5_N,L5N-148,2025-10-01,MD,6,measured,False,True,7177.623122529643,0.0,0.0,True,True,True,PeMS_average_weekday,1172878.6499139604,1172878.6499139604,1308323.1836121748,1545.9464828772354,1545.9464828772352,1925.7348391718199,7302.427491679162,7302.427491679161,8576.202810281526,333.07537747731976,333.0753774773197,347.1553854167742,D12_I5,released_monthly_average_weekday,2025-10
PeMS::D12_I5_N::L5N-148,D12_I5_N,L5N-148,2025-10-01,PM,4,measured,False,True,5458.034782608696,0.0,0.0,True,True,True,PeMS_average_weekday,944783.8721128837,944783.8721128836,994879.9652957958,1245.2995919732987,1245.2995919732984,1464.3744251894923,5882.292871405172,5882.292871405171,6521.547933367366,268.3007699573754,268.3007699573754,263.9851850993944,D12_I5,released_monthly_average_weekday,2025-10
PeMS::D12_I5_N::L5N-152,D12_I5_N,L5N-152,2025-10-01,NT,10,measured,False,True,5511.114473684211,0.0,0.0,True,True,True,PeMS_average_weekday,652524.8748729229,660500.9442838357,645818.55572348,956.382509805876,972.1983800680786,950.5872158487977,4268.654615708675,4329.656560026061,4233.411883167767,173.63720082068903,175.25980029485473,171.36392019171646,D12_I5,released_monthly_average_weekday,2025-10
PeMS::D12_I5_N::L5N-152,D12_I5_N,L5N-152,2025-10-01,AM,4,measured,False,True,3989.1842105263154,0.0,0.0,True,True,True,PeMS_average_weekday,496148.164680674,496148.1646806739,467471.5427630651,730.2857719595027,730.2857719595027,688.0763464993272,3252.3059573877763,3252.3059573877763,3064.3275369487474,131.64981672036288,131.6498167203629,124.0406541992395,D12_I5,released_monthly_average_weekday,2025-10
PeMS::D12_I5_N::L5N-152,D12_I5_N,L5N-152,2025-10-01,MD,6,measured,False,True,6646.001949317739,0.0,0.0,True,True,True,PeMS_average_weekday,719856.1549607639,690238.5089811207,778810.0575190039,968.5180293910547,909.7887453097286,1146.3388248773354,4523.994331082504,4297.474989564455,5105.185849821276,202.03991641573083,196.0146959322127,206.65238457214014,D12_I5,released_monthly_average_weekday,2025-10
PeMS::D12_I5_N::L5N-152,D12_I5_N,L5N-152,2025-10-01,PM,4,measured,False,True,5005.2807017543855,0.0,0.0,True,True,True,PeMS_average_weekday,533550.5466172167,533550.5466172168,586542.5530957401,703.261663975741,703.2616639757412,863.3382357673471,3321.924378198737,3321.9243781987375,3844.85114627497,151.51827491343312,151.51827491343315,155.63540311279064,D12_I5,released_monthly_average_weekday,2025-10
PeMS::D12_I5_N::L5N-157,D12_I5_N,L5N-157,2025-10-01,NT,10,measured,False,True,4266.625,0.0,0.0,True,True,True,PeMS_average_weekday,116804.64499589356,121265.87837280515,116440.20041267456,169.64629090289822,178.4925389310439,171.38957210537782,760.7911586034031,794.9112114796827,763.2783600546073,31.269579254943434,32.177143439578415,30.896679932449302,D12_I5,released_monthly_average_weekday,2025-10
PeMS::D12_I5_N::L5N-157,D12_I5_N,L5N-157,2025-10-01,AM,4,measured,False,True,4826.993253968253,0.0,0.0,True,True,True,PeMS_average_weekday,128949.58966437212,120293.21044530986,131733.17596055233,175.7207974218234,158.55593041580215,193.8994658197438,815.1592838877007,748.9542478095387,863.5255019795602,35.921996335754955,34.160999076903174,34.954575479201736,D12_I5,released_monthly_average_weekday,2025-10
PeMS::D12_I5_N::L5N-157,D12_I5_N,L5N-157,2025-10-01,MD,6,measured,False,True,6810.75248015873,1771.2762896825398,0.2600705714739554,True,True,True,PeMS_average_weekday,174377.41071905187,187261.40471980604,187616.9742946467,224.21413520014116,246.825287532066,261.85239290379474,1212.3014861855715,1165.903079620968,1279.0076366539784,52.53235050315968,53.178701026366205,52.333406602238185,D12_I5,released_monthly_average_weekday,2025-10
PeMS::D12_I5_N::L5N-157,D12_I5_N,L5N-157,2025-10-01,PM,4,measured,False,True,4010.0506944444446,3163.936111111111,0.7890015244681202,True,True,True,PeMS_average_weekday,90948.30762945415,79785.69477496303,112555.31015912195,97.34021525739217,75.90144913386638,140.12262075326512,772.1244673058497,752.3253170613274,825.6201949799868,31.399687082817476,29.639572118881638,34.4215171800126,D12_I5,released_monthly_average_weekday,2025-10
PeMS::D12_I5_N::L5N-159,D12_I5_N,L5N-159,2025-10-01,NT,10,measured,False,True,5924.791304347826,0.0,0.0,True,True,True,PeMS_average_weekday,901223.3715059037,909391.2599276054,899347.1025681706,1322.3464574290774,1338.5426885472561,1323.758586270795,5898.691038744864,5961.160038075482,5895.319478455444,239.6396691831094,241.30129106417826,238.63613664134346,D12_I5,released_monthly_average_weekday,2025-10
PeMS::D12_I5_N::L5N-159,D12_I5_N,L5N-159,2025-10-01,AM,4,measured,False,True,5840.069565217391,0.0,0.0,True,True,True,PeMS_average_weekday,832697.0938417579,758180.0404876599,886486.8604604733,1147.1020446103425,999.3410375963451,1304.8294588371575,5290.399333499214,4720.483889535934,5811.019172623955,230.4680699758344,215.30880726639705,235.2237517188929,D12_I5,released_monthly_average_weekday,2025-10
PeMS::D12_I5_N::L5N-159,D12_I5_N,L5N-159,2025-10-01,MD,6,measured,False,True,8616.60118577075,0.0,0.0,True,True,True,PeMS_average_weekday,1225916.5047403704,1225916.5047403707,1307947.3879057413,1615.8545548966695,1615.85455489667,1925.1817014659728,7632.645020331829,7632.645020331831,8573.739427965922,348.1371262082646,348.1371262082646,347.055670373168,D12_I5,released_monthly_average_weekday,2025-10
PeMS::D12_I5_N::L5N-159,D12_I5_N,L5N-159,2025-10-01,PM,4,measured,False,True,5431.8608695652165,3883.478260869566,0.7149443540847562,True,True,True,PeMS_average_weekday,663759.6230081781,727061.9909598328,834758.6230546413,732.4431753420079,919.9841446414227,1065.093915753448,5634.940178208583,7888.130156781419,6034.193873757178,228.0480537203705,280.85317036956275,250.66929133519142,D12_I5,released_monthly_average_weekday,2025-10
PeMS::D12_I5_N::L5N-161,D12_I5_N,L5N-161,2025-10-01,NT,10,measured,False,True,3858.4220779220777,0.0,0.0,True,True,True,PeMS_average_weekday,258882.36783857626,262536.1173815703,258874.39562536194,379.1846335457377,386.42970950552194,381.0399822228369,1693.008895151015,1720.953213923673,1696.9502238296197,68.91902408663415,69.66231903327589,68.69070403517132,D12_I5,released_monthly_average_weekday,2025-10
PeMS::D12_I5_N::L5N-161,D12_I5_N,L5N-161,2025-10-01,AM,4,measured,False,True,4185.015058750772,2196.37560296846,0.5248190441694799,True,True,True,PeMS_average_weekday,255841.4009867383,298822.21734767983,283963.3422304111,314.91346880491983,393.87122951561184,381.3731367539353,1978.181468745288,1860.4887856423159,1987.1851579647646,80.52001543336979,84.85986410357923,81.87335313792121,D12_I5,released_monthly_average_weekday,2025-10
PeMS::D12_I5_N::L5N-161,D12_I5_N,L5N-161,2025-10-01,MD,6,measured,False,True,6061.6196660482365,3505.3543599257882,0.5782867538786116,True,True,True,PeMS_average_weekday,367490.18174132705,300880.2946524481,422097.29929189215,413.3820950483483,286.2323934680069,535.7977142158798,2929.91689359104,2837.0983509056437,3007.4644838941554,121.77035862027057,111.77396170647967,124.72708985737704,D12_I5,released_monthly_average_weekday,2025-10
PeMS::D12_I5_N::L5N-161,D12_I5_N,L5N-161,2025-10-01,PM,4,measured,False,True,3379.6403834260973,3009.0040197897333,0.8903326030029761,True,True,True,PeMS_average_weekday,206864.10293451473,196295.8228104556,239973.3360221572,207.64453826056177,186.73945814799916,279.83295914151313,1860.6265466461123,1850.9372833089876,1779.5576207380739,74.50371668066754,72.92189675399624,74.59963112268377,D12_I5,released_monthly_average_weekday,2025-10
PeMS::D12_I5_N::L5N-162,D12_I5_N,L5N-162,2025-10-01,NT,10,measured,False,True,3194.3560606060605,0.0,0.0,True,True,True,PeMS_average_weekday,238949.58900060112,252320.97067659665,246156.21675731952,344.8796085570499,371.3939261888134,362.3199591858774,1551.7258546831983,1653.9918002791048,1613.5811582072977,64.23160708762832,66.95179365554534,65.3160147060831,D12_I5,released_monthly_average_weekday,2025-10
PeMS::D12_I5_N::L5N-162,D12_I5_N,L5N-162,2025-10-01,AM,4,measured,False,True,3948.2329004329004,0.0,0.0,True,True,True,PeMS_average_weekday,286493.59723914263,280701.7570750983,304249.7627715764,381.47176360943627,369.98703499253037,447.8284687743218,1791.966181152499,1747.6694865050292,1994.3907615433316,80.89224987454352,79.71399573450657,80.73077430785493,D12_I5,released_monthly_average_weekday,2025-10
PeMS::D12_I5_N::L5N-162,D12_I5_N,L5N-162,2025-10-01,MD,6,measured,False,True,5855.705266955267,2344.760822510822,0.4004232992638313,True,True,True,PeMS_average_weekday,388757.0211042289,462486.61214970204,453906.1635061549,473.3304809700976,609.5937985426617,611.3807796422439,2922.040934555189,2879.475171061636,3170.373645427215,123.17905778781576,131.33746012962976,130.5565932178399,D12_I5,released_monthly_average_weekday,2025-10
PeMS::D12_I5_N::L5N-162,D12_I5_N,L5N-162,2025-10-01,PM,4,measured,False,True,3632.7619047619046,2653.0043290043286,0.7302995347773031,True,True,True,PeMS_average_weekday,215469.55645174606,241523.42596281323,282957.36503235996,234.2289296350308,305.61042278104765,352.3018569006467,1881.4506117436176,2620.365585871596,2075.4160960650856,75.33290749952553,93.29688629524568,86.52617674258096,D12_I5,released_monthly_average_weekday,2025-10
PeMS::D12_I5_N::L5N-163,D12_I5_N,L5N-163,2025-10-01,NT,10,measured,False,True,3990.9242424242425,0.0,0.0,True,True,True,PeMS_average_weekday,1227264.6276428516,1227264.627642851,1209844.3978220955,1806.4238866500484,1806.4238866500482,1780.7828646973612,8044.8550330586595,8044.855033058658,7930.66350468412,325.6470038552967,325.64700385529665,321.024654673364,D12_I5,released_monthly_average_weekday,2025-10
PeMS::D12_I5_N::L5N-163,D12_I5_N,L5N-163,2025-10-01,AM,4,measured,False,True,4617.19733044733,2025.19227994228,0.43861939072594763,True,True,True,PeMS_average_weekday,1312486.7745202635,1480945.3987578277,1378163.1792023424,1646.3000978572295,1952.0027333695928,1874.864044621071,9911.67970600053,9220.47340051611,9562.152287730218,406.14237883177,420.5605138696558,393.0881543102398,D12_I5,released_monthly_average_weekday,2025-10
PeMS::D12_I5_N::L5N-163,D12_I5_N,L5N-163,2025-10-01,MD,6,measured,False,True,6871.494588744588,2552.939033189033,0.37152601958978637,True,True,True,PeMS_average_weekday,2015617.5195957015,1751073.3871410473,2069002.5516750268,2190.771652270835,1665.8250329037749,2770.9685105555745,14799.905484886318,16511.44161737547,14334.741148558936,655.3330987492606,650.5059094867734,589.8465016717332,D12_I5,released_monthly_average_weekday,2025-10
PeMS::D12_I5_N::L5N-163,D12_I5_N,L5N-163,2025-10-01,PM,4,measured,False,True,4108.30339105339,3021.2730880230883,0.7354065171044776,True,True,True,PeMS_average_weekday,1235864.1683155443,1053293.4524104553,1228760.4760537194,1137.6941731531124,814.3737071948892,1483.865468885423,10313.546956447502,9433.923501716517,8968.521155298702,442.15360726777726,410.7195567946403,374.38733155453417,D12_I5,released_monthly_average_weekday,2025-10
PeMS::D12_I5_N::L5N-165,D12_I5_N,L5N-165,2025-10-01,NT,10,measured,False,True,3284.6948051948057,0.0,0.0,True,True,True,PeMS_average_weekday,239773.58390937722,249232.90397876894,245955.7598550922,348.0915371784508,366.84856790105874,362.0249045348501,1561.4031574882504,1633.749182381647,1612.2671410976448,64.20805214239067,66.13239444432196,65.26282471906472,D12_I5,released_monthly_average_weekday,2025-10
PeMS::D12_I5_N::L5N-165,D12_I5_N,L5N-165,2025-10-01,AM,4,measured,False,True,3585.9321273964133,615.5578231292517,0.17165908368047697,True,True,True,PeMS_average_weekday,251030.9554609439,238029.41079787008,265612.1669544788,344.0932884733029,313.74152003815743,381.9745332961582,1800.0668949372516,1481.9883654341127,1771.9899408630365,73.30473546479433,67.5958555968433,72.08028650202137,D12_I5,released_monthly_average_weekday,2025-10
PeMS::D12_I5_N::L5N-165,D12_I5_N,L5N-165,2025-10-01,MD,6,measured,False,True,5865.679653679654,1727.965367965368,0.29458911328056964,True,True,True,PeMS_average_weekday,379530.25395616074,442098.79423672426,440735.70860877354,464.3359726918135,582.7210479828135,607.7131015038265,2699.4379594611028,2752.539138903493,3004.4728757821217,116.83961238170204,125.54770502768288,123.05123979149906,D12_I5,released_monthly_average_weekday,2025-10
PeMS::D12_I5_N::L5N-165,D12_I5_N,L5N-165,2025-10-01,PM,4,measured,False,True,3722.504329004329,1944.9805194805194,0.5224924802171419,True,True,True,PeMS_average_weekday,241344.88678869605,234611.87488793672,280446.7529154695,287.10136942578566,296.86492723482667,366.63157267298175,1874.6379076714697,2545.3799379602056,1968.2543831078187,77.02913517772055,90.62705751078722,81.28626478372898,D12_I5,released_monthly_average_weekday,2025-10
PeMS::D12_I5_N::L5N-166,D12_I5_N,L5N-166,2025-10-01,NT,10,measured,False,True,4386.569230769231,0.0,0.0,True,True,True,PeMS_average_weekday,299127.5907963384,299127.59079633834,288126.725981559,440.2890892475355,440.28908924753546,424.096799070157,1960.8143591383096,1960.8143591383096,1888.7024765990452,79.3716379656208,79.37163796562079,76.45262719478926,D12_I5,released_monthly_average_weekday,2025-10
PeMS::D12_I5_N::L5N-166,D12_I5_N,L5N-166,2025-10-01,AM,4,measured,False,True,5062.099137529138,0.0,0.0,True,True,True,PeMS_average_weekday,327074.6172565784,369389.008542443,332498.12652211945,459.80176401637027,543.7076189335364,489.40753647365597,2097.760117609261,2421.3857041058754,2179.5619024493512,89.40690290092596,98.0150663349283,88.22630119910656,D12_I5,released_monthly_average_weekday,2025-10
PeMS::D12_I5_N::L5N-166,D12_I5_N,L5N-166,2025-10-01,MD,6,measured,False,True,8143.43696969697,0.0,0.0,True,True,True,PeMS_average_weekday,500077.15797730716,509044.77935327805,534892.2378467787,654.5799327372831,670.961131678838,787.3135862197342,3180.7684505206353,3169.349694887719,3506.277631459553,143.69165226064567,144.55909999588604,141.93031455229755,D12_I5,released_monthly_average_weekday,2025-10
PeMS::D12_I5_N::L5N-166,D12_I5_N,L5N-166,2025-10-01,PM,4,measured,False,True,5695.10710955711,949.1455710955711,0.16665982796052858,True,True,True,PeMS_average_weekday,351632.22426602675,368590.9774865329,372552.02103661885,456.0683154834579,485.8319531243821,537.2056873705266,2361.194399683788,2294.8741435271268,2480.466841495869,103.82848795964692,104.67287384766294,100.84389598889724,D12_I5,released_monthly_average_weekday,2025-10
PeMS::D12_I5_N::L5N-167,D12_I5_N,L5N-167,2025-10-01,NT,10,measured,False,True,3370.579710144928,0.0,0.0,True,True,True,PeMS_average_weekday,363970.0022407238,363970.0022407239,355730.070913444,535.7313257976916,535.7313257976917,523.6028830489238,2385.8635199423074,2385.863519942308,2331.8498610155907,96.57716685809163,96.57716685809163,94.39075254428892,D12_I5,released_monthly_average_weekday,2025-10
PeMS::D12_I5_N::L5N-167,D12_I5_N,L5N-167,2025-10-01,AM,4,measured,False,True,3701.086956521739,0.0,0.0,True,True,True,PeMS_average_weekday,396958.0574360454,425037.1527613717,390611.716298408,569.9382471425382,625.6167155542803,574.9455486890781,2571.413109002722,2786.1654288828067,2560.5028948568447,107.0687260577528,112.78095384348217,103.64637928794677,D12_I5,released_monthly_average_weekday,2025-10
PeMS::D12_I5_N::L5N-167,D12_I5_N,L5N-167,2025-10-01,MD,6,measured,False,True,6185.44927536232,0.0,0.0,True,True,True,PeMS_average_weekday,589200.697359303,582292.897166551,652810.6434431537,781.2055057333395,767.5079228742557,960.8789442909596,3678.2294778866108,3625.3977858582866,4279.245789577375,166.76545934492196,165.36018158429144,173.21922699786015,D12_I5,released_monthly_average_weekday,2025-10
PeMS::D12_I5_N::L5N-167,D12_I5_N,L5N-167,2025-10-01,PM,4,measured,False,True,4096.420289855072,0.0,0.0,True,True,True,PeMS_average_weekday,435589.6530767201,391654.4253894281,432335.0893662023,603.3512311050001,516.2313948493369,636.3586262305001,2774.4907814370376,2438.4688419482864,2834.0042084776182,120.16035312311851,111.22245731629275,114.71741574107104,D12_I5,released_monthly_average_weekday,2025-10
PeMS::D12_I5_N::L5N-171,D12_I5_N,L5N-171,2025-10-01,NT,10,measured,False,True,2823.4956521739123,0.0,0.0,True,True,True,PeMS_average_weekday,243359.4639597375,243359.4639597375,239209.5489306254,358.2033889329639,358.2033889329639,352.0950847683158,1595.248135065368,1595.2481350653677,1568.044984207154,64.57391381883946,64.57391381883946,63.47275978486391,D12_I5,released_monthly_average_weekday,2025-10
PeMS::D12_I5_N::L5N-171,D12_I5_N,L5N-171,2025-10-01,AM,4,measured,False,True,3778.8173913043474,0.0,0.0,True,True,True,PeMS_average_weekday,331261.66965052113,331261.66965052113,320145.4207904119,487.58758242514915,487.58758242514915,471.22545724158897,2171.456791243023,2171.456791243023,2098.5885535567927,87.8982150907294,87.8982150907294,84.94858788412023,D12_I5,released_monthly_average_weekday,2025-10
PeMS::D12_I5_N::L5N-171,D12_I5_N,L5N-171,2025-10-01,MD,6,measured,False,True,6084.050197628458,0.0,0.0,True,True,True,PeMS_average_weekday,439693.14634422597,438014.5628768871,515447.1912593344,580.666198095445,577.3377092150216,758.6922148859518,2739.948427949655,2727.1104184074375,3378.813205789994,124.72934054333264,124.38786048453065,136.77069288766123,D12_I5,released_monthly_average_weekday,2025-10
PeMS::D12_I5_N::L5N-171,D12_I5_N,L5N-171,2025-10-01,PM,4,measured,False,True,3541.0521739130436,0.0,0.0,True,True,True,PeMS_average_weekday,309070.041367069,316356.04656736134,300001.6991736369,451.2003055680866,465.6478369323312,441.5756986850663,2018.0245377534493,2073.7487874592384,1966.544235988142,82.46088378367342,83.94310110121425,79.6035771641446,D12_I5,released_monthly_average_weekday,2025-10
PeMS::D12_I5_N::L5N-173,D12_I5_N,L5N-173,2025-10-01,NT,10,measured,False,True,2939.8090909090906,0.0,0.0,True,True,True,PeMS_average_weekday,398782.465661466,398782.465661466,387727.84524716844,586.9721617673081,586.9721617673082,570.7007481500261,2614.0630583755374,2614.0630583755374,2541.598801950805,105.81443659963091,105.81443659963092,102.88116211620695,D12_I5,released_monthly_average_weekday,2025-10
PeMS::D12_I5_N::L5N-173,D12_I5_N,L5N-173,2025-10-01,AM,4,measured,False,True,4510.490909090909,0.0,0.0,True,True,True,PeMS_average_weekday,570478.7624302488,642568.6937975733,594883.1597931951,802.85547980769,945.8037094402836,875.6148636665587,3660.756158482439,4212.108679700076,3899.524743360267,155.8360847647569,170.5015896272419,157.84853100728415,D12_I5,released_monthly_average_weekday,2025-10
PeMS::D12_I5_N::L5N-173,D12_I5_N,L5N-173,2025-10-01,MD,6,measured,False,True,6841.5545454545445,0.0,0.0,True,True,True,PeMS_average_weekday,783531.2870299732,783531.2870299732,902324.3074705123,1032.755978205519,1032.7559782055189,1328.1407659001152,4878.3225881195485,4878.322588119548,5914.835385052584,222.5080823254333,222.50808232543324,239.4261193675408,D12_I5,released_monthly_average_weekday,2025-10
PeMS::D12_I5_N::L5N-173,D12_I5_N,L5N-173,2025-10-01,PM,4,measured,False,True,3968.581818181818,0.0,0.0,True,True,True,PeMS_average_weekday,534050.2329181292,561506.6599653001,523411.4289288418,772.0438678739047,826.4876378149665,770.4148612012686,3470.7480271839577,3680.7381047018757,3431.01966237391,143.40672901906834,148.9922852365523,138.88395361126558,D12_I5,released_monthly_average_weekday,2025-10
PeMS::D12_I5_N::L5N-174,D12_I5_N,L5N-174,2025-10-01,NT,10,measured,False,True,2890.9608695652173,0.0,0.0,True,True,True,PeMS_average_weekday,438010.4619978292,438010.4619978292,434612.1867426646,644.7122676999049,644.7122676999048,639.7103101301414,2871.206902217533,2871.206902217533,2848.9308330027475,116.22334042236926,116.22334042236928,115.32162930791678,D12_I5,released_monthly_average_weekday,2025-10
PeMS::D12_I5_N::L5N-174,D12_I5_N,L5N-174,2025-10-01,AM,4,measured,False,True,4349.113043478261,0.0,0.0,True,True,True,PeMS_average_weekday,686852.5416958549,686852.5416958549,653823.2841945741,1010.9855771764026,1010.9855771764023,962.3694610065554,4502.394188320936,4502.394188320935,4285.883761423262,182.25203208475546,182.25203208475543,173.48792489662972,D12_I5,released_monthly_average_weekday,2025-10
PeMS::D12_I5_N::L5N-174,D12_I5_N,L5N-174,2025-10-01,MD,6,measured,False,True,6694.365217391304,0.0,0.0,True,True,True,PeMS_average_weekday,1081782.4768971477,1088881.9446149725,1006396.432623466,1588.6592971701343,1602.7369405018464,1481.325636201322,7083.443690180624,7137.741278641086,6597.039647262851,287.48375385613707,288.92802320640595,267.04100777673847,D12_I5,released_monthly_average_weekday,2025-10
PeMS::D12_I5_N::L5N-174,D12_I5_N,L5N-174,2025-10-01,PM,4,measured,False,True,3905.0043478260873,0.0,0.0,True,True,True,PeMS_average_weekday,615740.7058594626,615740.7058594626,587058.2672755275,906.3153080388332,906.3153080388332,864.097320965493,4036.2482589485417,4036.248258948542,3848.2317096200163,163.38295058662078,163.38295058662078,155.77224464941668,D12_I5,released_monthly_average_weekday,2025-10
PeMS::D12_I5_N::L5N-178,D12_I5_N,L5N-178,2025-10-01,NT,10,measured,False,True,3545.3701298701294,0.0,0.0,True,True,True,PeMS_average_weekday,176589.00677876305,176589.00677876305,174687.29997467593,259.92324131238314,259.92324131238314,257.12409879745064,1157.5604217449854,1157.5604217449854,1145.0945238370125,46.85679003210195,46.85679003210195,46.352184009070356,D12_I5,released_monthly_average_weekday,2025-10
PeMS::D12_I5_N::L5N-178,D12_I5_N,L5N-178,2025-10-01,AM,4,measured,False,True,4076.3273654916507,1799.6214285714286,0.44148108510769085,True,True,True,PeMS_average_weekday,187098.42425083282,141356.99362707484,199414.09541673577,225.82218716988805,134.47524260788347,272.1870443923237,1412.4944312694206,1332.9011591523663,1380.4990896450386,59.06449943791546,52.51268186528013,56.71717714834492,D12_I5,released_monthly_average_weekday,2025-10
PeMS::D12_I5_N::L5N-178,D12_I5_N,L5N-178,2025-10-01,MD,6,measured,False,True,5921.446505875077,2025.330859616574,0.3420331261300939,True,True,True,PeMS_average_weekday,288215.7622866965,228787.74501732498,295183.1540314848,334.98363741183726,217.64956036121114,401.9339328651755,2115.1775094858276,2157.3142064549365,2026.5504163119108,90.59120596264898,84.99231456821578,83.17025613042827,D12_I5,released_monthly_average_weekday,2025-10
PeMS::D12_I5_N::L5N-178,D12_I5_N,L5N-178,2025-10-01,PM,4,measured,False,True,3507.0340136054424,2636.3392084106367,0.7517290103782943,True,True,True,PeMS_average_weekday,179674.46951302377,163476.58979795795,177252.68344798737,152.74678390282463,126.39501002182412,218.53123900519,1512.5817692436417,1464.1937049414412,1281.1350240346349,65.34040446725416,63.74579881272413,53.339872917005394,D12_I5,released_monthly_average_weekday,2025-10
PeMS::D12_I5_N::L5N-182,D12_I5_N,L5N-182,2025-10-01,NT,10,measured,False,True,2812.0,0.0,0.0,True,True,True,PeMS_average_weekday,289277.115166824,289277.115166824,285050.66715181875,425.79006917376773,425.7900691737677,419.56911529143025,1896.2434046259782,1896.243404625978,1868.5385716016772,76.75787578014823,76.75787578014823,75.63641419636569,D12_I5,released_monthly_average_weekday,2025-10
PeMS::D12_I5_N::L5N-182,D12_I5_N,L5N-182,2025-10-01,AM,4,measured,False,True,3601.3913043478265,0.0,0.0,True,True,True,PeMS_average_weekday,360963.67328930227,381963.1244363333,365070.76599541487,520.5754606629525,562.2155941432966,537.3515517010908,2343.2040767892945,2503.8104210387783,2393.0791477968664,97.07953824670798,101.35152945359503,96.86924764539184,D12_I5,released_monthly_average_weekday,2025-10
PeMS::D12_I5_N::L5N-182,D12_I5_N,L5N-182,2025-10-01,MD,6,measured,False,True,6379.076086956522,0.0,0.0,True,True,True,PeMS_average_weekday,568910.5477986354,568910.5477986353,646642.9211945839,749.8689318844537,749.8689318844537,951.8006081724988,3542.0783086602914,3542.078308660291,4238.815689779572,161.55984719541087,161.55984719541084,171.5826604207593,D12_I5,released_monthly_average_weekday,2025-10
PeMS::D12_I5_N::L5N-182,D12_I5_N,L5N-182,2025-10-01,PM,4,measured,False,True,3675.5978260869565,0.0,0.0,True,True,True,PeMS_average_weekday,364338.644827833,398412.26578018337,372593.03432000766,518.8621554769518,586.4272606161453,548.4236586267456,2351.037179828689,2611.6363573111594,2442.3884465642786,98.78449144053769,105.71620637327882,98.86523456371776,D12_I5,released_monthly_average_weekday,2025-10
PeMS::D12_I5_N::L5N-185,D12_I5_N,L5N-185,2025-10-01,NT,10,measured,False,True,2497.9454545454546,0.0,0.0,True,True,True,PeMS_average_weekday,344307.17846268957,386066.9636994295,368315.1429129781,485.44996081339787,568.2560788968315,542.1269846673605,2211.3276478667544,2530.7115401674155,2414.346396429729,93.94511956967378,102.4404575708323,97.73012279716002,D12_I5,released_monthly_average_weekday,2025-10
PeMS::D12_I5_N::L5N-185,D12_I5_N,L5N-185,2025-10-01,AM,4,measured,False,True,3942.454545454545,0.0,0.0,True,True,True,PeMS_average_weekday,531375.2995065348,494682.1438455043,581304.0099393363,724.7894669660594,652.0300463106123,855.6275682586205,3360.5605811417554,3079.926885125918,3810.511917938671,147.9449988310591,140.4803828637498,154.24538840445013,D12_I5,released_monthly_average_weekday,2025-10
PeMS::D12_I5_N::L5N-185,D12_I5_N,L5N-185,2025-10-01,MD,6,measured,False,True,6522.936363636363,0.0,0.0,True,True,True,PeMS_average_weekday,924270.5939537123,924270.5939537124,961788.9112082976,1218.2614749227582,1218.2614749227582,1415.6673499657118,5754.575714660112,5754.575714660112,6304.632423029283,262.4753865158194,262.4753865158195,255.20468057307696,D12_I5,released_monthly_average_weekday,2025-10
PeMS::D12_I5_N::L5N-185,D12_I5_N,L5N-185,2025-10-01,PM,4,measured,False,True,3788.7545454545457,0.0,0.0,True,True,True,PeMS_average_weekday,517319.22921391303,478457.1855804039,558641.3703838118,707.7044146507278,630.6442727980652,822.2701875392984,3276.1307326468577,2978.9091188846214,3661.9558153800695,143.77864162600144,135.8728012532409,148.23199854175724,D12_I5,released_monthly_average_weekday,2025-10
PeMS::D12_I5_N::L5N-186,D12_I5_N,L5N-186,2025-10-01,NT,10,measured,False,True,3863.010869565217,0.0,0.0,True,True,True,PeMS_average_weekday,1058863.9665468968,1058863.9665468968,1046894.9141908488,1558.5531586264924,1558.5531586264926,1540.9357828873606,6940.9701206496575,6940.9701206496575,6862.511661961385,280.9629402084239,280.9629402084239,277.7870269204965,D12_I5,released_monthly_average_weekday,2025-10
PeMS::D12_I5_N::L5N-186,D12_I5_N,L5N-186,2025-10-01,AM,4,measured,False,True,3300.3369565217386,0.0,0.0,True,True,True,PeMS_average_weekday,864345.2353274606,955997.1349520796,894407.520858875,1225.4044164980155,1407.1423727605434,1316.4879633026505,5565.701868361453,6266.66669068786,5862.939975388079,235.02280497941376,253.6678689170121,237.32544948577862,D12_I5,released_monthly_average_weekday,2025-10
PeMS::D12_I5_N::L5N-186,D12_I5_N,L5N-186,2025-10-01,MD,6,measured,False,True,5944.380434782608,0.0,0.0,True,True,True,PeMS_average_weekday,1509829.132304648,1719377.5160741108,1610956.2865117996,2115.2533911378023,2530.7700924866567,2371.18372904889,9668.057905599486,11270.709309436745,10559.996188005041,413.596930463086,456.2260852258808,427.45718912473063,D12_I5,released_monthly_average_weekday,2025-10
PeMS::D12_I5_N::L5N-186,D12_I5_N,L5N-186,2025-10-01,PM,4,measured,False,True,3635.413043478261,0.0,0.0,True,True,True,PeMS_average_weekday,999434.8477464422,999434.8477464422,985214.7857478905,1471.0788052183816,1471.0788052183814,1450.1481443932869,6551.405690352062,6551.405690352061,6458.191615112906,265.1937947093812,265.1937947093812,261.4205900718786,D12_I5,released_monthly_average_weekday,2025-10
PeMS::D12_I5_N::L5N-187,D12_I5_N,L5N-187,2025-10-01,NT,10,measured,False,True,3011.367306606437,0.0,0.0,True,True,True,PeMS_average_weekday,110520.23023048311,110520.23023048311,109920.7451812031,162.67590489417006,162.67590489417003,161.79351646031702,724.4723023853403,724.4723023853402,720.5426117486871,29.325852818784327,29.325852818784327,29.166783205143602,D12_I5,released_monthly_average_weekday,2025-10
PeMS::D12_I5_N::L5N-187,D12_I5_N,L5N-187,2025-10-01,AM,4,measured,False,True,4785.216665322256,0.0,0.0,True,True,True,PeMS_average_weekday,177701.4744628989,177701.4744628989,174669.6859435878,261.56069435428253,261.56069435428253,257.0981725173468,1164.8527701483,1164.8527701483,1144.9790619199491,47.15197638398148,47.151976383981484,46.347510235932546,D12_I5,released_monthly_average_weekday,2025-10
PeMS::D12_I5_N::L5N-187,D12_I5_N,L5N-187,2025-10-01,MD,6,measured,False,True,6821.396683825952,0.0,0.0,True,True,True,PeMS_average_weekday,253448.9117286061,253448.9117286061,248994.20439936765,373.054154645814,373.05415464581404,366.49722344587633,1661.3855783159408,1661.3855783159408,1632.1844803039673,67.25108576894857,67.25108576894858,66.06905700176661,D12_I5,released_monthly_average_weekday,2025-10
PeMS::D12_I5_N::L5N-187,D12_I5_N,L5N-187,2025-10-01,PM,4,measured,False,True,4080.5366911271926,0.0,0.0,True,True,True,PeMS_average_weekday,151621.3861987596,151621.38619875963,148947.5006399683,223.1731344546967,223.17313445469674,219.237413800182,993.8949142722217,993.894914272222,976.367299435982,40.231787850714156,40.23178785071416,39.52228901789541,D12_I5,released_monthly_average_weekday,2025-10
PeMS::D12_I5_N::L5N-188,D12_I5_N,L5N-188,2025-10-01,NT,10,measured,False,True,2778.646842105263,0.0,0.0,True,True,True,PeMS_average_weekday,54254.483211814484,54254.483211814484,52828.05618467523,79.85775212955686,79.85775212955686,77.75817898424707,355.64412311863686,355.64412311863686,346.29373658414323,14.39608826466269,14.396088264662692,14.017594762003627,D12_I5,released_monthly_average_weekday,2025-10
PeMS::D12_I5_N::L5N-188,D12_I5_N,L5N-188,2025-10-01,AM,4,measured,False,True,3598.6099999999997,0.0,0.0,True,True,True,PeMS_average_weekday,69977.60236385345,73153.79441455805,68417.32039711015,101.37772984357815,107.67584973368993,100.70418314206943,455.23929186711337,479.5311931328308,448.48308339352997,18.764758684407912,19.41090245345175,18.154108655375108,D12_I5,released_monthly_average_weekday,2025-10
PeMS::D12_I5_N::L5N-188,D12_I5_N,L5N-188,2025-10-01,MD,6,measured,False,True,6141.101578947368,0.0,0.0,True,True,True,PeMS_average_weekday,105891.0141024822,105891.0141024822,116755.55681722694,139.57270074960002,139.5727007496,171.85374855857327,659.2851294210841,659.2851294210841,765.345556078372,30.071047415031167,30.071047415031167,30.980357784785276,D12_I5,released_monthly_average_weekday,2025-10
PeMS::D12_I5_N::L5N-188,D12_I5_N,L5N-188,2025-10-01,PM,4,measured,False,True,3657.0699999999997,0.0,0.0,True,True,True,PeMS_average_weekday,73126.1374060123,74948.61534030159,69528.77080446605,106.70384636099391,110.31766578500856,102.34013884343338,477.3579104728501,491.2964423159995,455.7687634353199,19.516393966766422,19.88714697623878,18.449025079214653,D12_I5,released_monthly_average_weekday,2025-10
PeMS::D12_I5_N::L5N-190,D12_I5_N,L5N-190,2025-10-01,NT,10,measured,False,True,5314.688405797101,0.0,0.0,True,True,True,PeMS_average_weekday,93198.22497577444,93963.08688568056,91192.65799878995,136.78861272285275,138.3052691249428,134.22744531675846,610.0886446117022,615.9384010813167,597.7779340781733,24.77691973058279,24.93251824269265,24.197402240740516,D12_I5,released_monthly_average_weekday,2025-10
PeMS::D12_I5_N::L5N-190,D12_I5_N,L5N-190,2025-10-01,AM,4,measured,False,True,3767.8478260869565,0.0,0.0,True,True,True,PeMS_average_weekday,67279.51747771137,70464.47619709515,64651.025979442835,97.40191013260382,103.71741358438221,95.16053424435927,437.5434657074427,461.90241551637945,423.7946079665587,18.04938145817156,18.697308661041788,17.154745954678734,D12_I5,released_monthly_average_weekday,2025-10
PeMS::D12_I5_N::L5N-190,D12_I5_N,L5N-190,2025-10-01,MD,6,measured,False,True,6425.363306982872,0.0,0.0,True,True,True,PeMS_average_weekday,98875.1994686276,98190.00719322171,110250.29387095035,130.7808450704036,129.42216680744164,162.27858268936416,616.5785356499766,611.3381021886246,722.7028397676785,28.023497989221077,27.884106947280692,29.254226891715707,D12_I5,released_monthly_average_weekday,2025-10
PeMS::D12_I5_N::L5N-190,D12_I5_N,L5N-190,2025-10-01,PM,4,measured,False,True,4861.898550724637,0.0,0.0,True,True,True,PeMS_average_weekday,76074.37423949811,76074.37423949811,83423.41411350293,100.27201987287091,100.27201987287093,122.79181243084389,473.6445683443485,473.6445683443485,546.8496832626529,21.60368501722705,21.603685017227054,22.13588189991222,D12_I5,released_monthly_average_weekday,2025-10
PeMS::D12_I5_N::L5N-191,D12_I5_N,L5N-191,2025-10-01,NT,10,measured,False,True,5108.134057971014,0.0,0.0,True,True,True,PeMS_average_weekday,482980.4170225421,482980.41702254215,476243.4869955149,710.904023828527,710.9040238285269,700.9878647138574,3165.9899187474157,3165.9899187474157,3121.8285991635626,128.15583712068275,128.15583712068272,126.36823481465207,D12_I5,released_monthly_average_weekday,2025-10
PeMS::D12_I5_N::L5N-191,D12_I5_N,L5N-191,2025-10-01,AM,4,measured,False,True,3890.148550724637,0.0,0.0,True,True,True,PeMS_average_weekday,364949.1051662723,393634.4324438495,362687.8013971971,522.5141417623022,579.394716802214,533.8440407093257,2360.9282774413637,2580.317132673564,2377.458551953252,98.61288248308418,104.44843813825244,96.23694287246501,D12_I5,released_monthly_average_weekday,2025-10
PeMS::D12_I5_N::L5N-191,D12_I5_N,L5N-191,2025-10-01,MD,6,measured,False,True,5834.57048748353,0.0,0.0,True,True,True,PeMS_average_weekday,487236.259626754,480673.49096974457,543970.8830163291,646.5789524845566,633.5655379450474,800.6765408126606,3042.900845968479,2992.707996889831,3565.7891521540664,137.83727690952847,136.5021901113413,144.33927634581698,D12_I5,released_monthly_average_weekday,2025-10
PeMS::D12_I5_N::L5N-191,D12_I5_N,L5N-191,2025-10-01,PM,4,measured,False,True,4252.644927536232,0.0,0.0,True,True,True,PeMS_average_weekday,424489.77538758924,424489.7753875892,396484.2007392626,624.8110249633997,624.8110249633996,583.5893211314691,2782.5773098078575,2782.577309807857,2598.99767825275,112.63571067608737,112.63571067608736,105.20460635672828,D12_I5,released_monthly_average_weekday,2025-10
PeMS::D12_I5_N::L5N-192,D12_I5_N,L5N-192,2025-10-01,NT,10,measured,False,True,5440.068131868131,0.0,0.0,True,True,True,PeMS_average_weekday,143047.57034731912,143047.57034731915,140967.929247667,210.55324351599359,210.55324351599359,207.49219761484497,937.69260545358,937.69260545358,924.0603286074482,37.956779363757946,37.956779363757946,37.40495958671705,D12_I5,released_monthly_average_weekday,2025-10
PeMS::D12_I5_N::L5N-192,D12_I5_N,L5N-192,2025-10-01,AM,4,measured,False,True,4193.328571428571,0.0,0.0,True,True,True,PeMS_average_weekday,104239.4413467692,118057.91557053025,108661.29449859845,146.36983999311278,173.77070428919956,159.93971757630254,668.1972978704479,773.8826613899489,712.286773574404,28.51479038972273,31.325930545871454,28.832595832627664,D12_I5,released_monthly_average_weekday,2025-10
PeMS::D12_I5_N::L5N-192,D12_I5_N,L5N-192,2025-10-01,MD,6,measured,False,True,6095.21227106227,0.0,0.0,True,True,True,PeMS_average_weekday,139792.43931151973,139792.43931151976,157944.61233733787,184.25745059160786,184.2574505916079,232.48035840635268,870.3578601522142,870.3578601522144,1035.34435922511,39.69841167760653,39.698411677606536,41.90961641380278,D12_I5,released_monthly_average_weekday,2025-10
PeMS::D12_I5_N::L5N-192,D12_I5_N,L5N-192,2025-10-01,PM,4,measured,False,True,4360.506593406593,0.0,0.0,True,True,True,PeMS_average_weekday,104866.28208404279,95652.60493748981,112993.36148796353,144.34761229488944,126.07767068827258,166.31613315277636,666.0073699039233,595.5400518182265,740.6839506281233,29.037902955432877,27.163532645581448,29.982082751595325,D12_I5,released_monthly_average_weekday,2025-10
PeMS::D12_I5_N::L5N-209,D12_I5_N,L5N-209,2025-10-01,NT,10,measured,False,True,2485.981366459627,0.0,0.0,True,True,True,PeMS_average_weekday,465328.6840677068,465328.6840677068,451369.0005914091,684.9222499452324,684.9222499452322,664.3748430423775,3050.2808617882347,3050.280861788235,2958.773596488904,123.47206002801423,123.47206002801423,119.76794520515341,D12_I5,released_monthly_average_weekday,2025-10
PeMS::D12_I5_N::L5N-209,D12_I5_N,L5N-209,2025-10-01,AM,4,measured,False,True,3991.894409937888,0.0,0.0,True,True,True,PeMS_average_weekday,765016.2126432725,780915.2314693325,724791.1889404579,1117.9110447827686,1149.4374528535452,1066.827876437866,4997.387876843273,5118.985497320522,4751.08620661807,203.97658676835158,207.21097933163827,192.31881517884403,D12_I5,released_monthly_average_weekday,2025-10
PeMS::D12_I5_N::L5N-209,D12_I5_N,L5N-209,2025-10-01,MD,6,measured,False,True,6066.310559006211,0.0,0.0,True,True,True,PeMS_average_weekday,1027281.4121773224,962656.0462483693,1101434.0538663142,1397.0031542388156,1268.8565258028557,1621.212523899874,6487.828944252829,5993.566323055623,7220.0217396041835,286.5230921705381,273.376129754362,292.25864699991865,D12_I5,released_monthly_average_weekday,2025-10
PeMS::D12_I5_N::L5N-209,D12_I5_N,L5N-209,2025-10-01,PM,4,measured,False,True,3610.596273291925,0.0,0.0,True,True,True,PeMS_average_weekday,704488.6521608623,704488.6521608622,655560.517630014,1036.9443561504017,1036.9443561504017,964.92651341708,4618.000838135731,4618.000838135731,4297.271518254107,186.93166384732103,186.93166384732103,173.9488889385371,D12_I5,released_monthly_average_weekday,2025-10
PeMS::D12_I5_N::L5N-225,D12_I5_N,L5N-225,2025-10-01,NT,10,measured,False,True,3797.081481481481,0.0,0.0,True,True,True,PeMS_average_weekday,390967.55035813345,392774.85373070225,380394.76042132184,574.5457641791768,578.1294937322169,559.9071024326533,2560.860024416932,2574.682499375239,2493.529621889481,103.85268829963208,104.2203542953637,100.93537385769565,D12_I5,released_monthly_average_weekday,2025-10
PeMS::D12_I5_N::L5N-225,D12_I5_N,L5N-225,2025-10-01,AM,4,measured,False,True,4169.5991367521365,0.0,0.0,True,True,True,PeMS_average_weekday,393190.8940334241,350105.4116012865,417713.88694533467,546.9013840011628,461.4665206336564,614.8375225421056,2509.3046553003132,2179.7816703803337,2738.160613514074,108.18835156378267,99.42332238250329,110.83777099789755,D12_I5,released_monthly_average_weekday,2025-10
PeMS::D12_I5_N::L5N-225,D12_I5_N,L5N-225,2025-10-01,MD,6,measured,False,True,6662.6137065527055,0.0,0.0,True,True,True,PeMS_average_weekday,615948.8224173058,615948.8224173057,667466.1465771582,811.8690844259648,811.8690844259646,982.4505355646264,3834.942016053832,3834.942016053831,4375.314229499783,174.9178284969247,174.91782849692467,177.1079732210336,D12_I5,released_monthly_average_weekday,2025-10
PeMS::D12_I5_N::L5N-225,D12_I5_N,L5N-225,2025-10-01,PM,4,measured,False,True,4397.205982905982,0.0,0.0,True,True,True,PeMS_average_weekday,422379.7978518476,399219.9011484314,440515.72886924417,574.2615795021158,526.2032880556649,648.3997967111899,2749.6461477224884,2485.57204241513,2887.6292029550414,119.492204215723,113.37090949794887,116.88809733962935,D12_I5,released_monthly_average_weekday,2025-10
PeMS::D12_I5_N::L5N-230,D12_I5_N,L5N-230,2025-10-01,NT,10,measured,False,True,4510.2236024844715,0.0,0.0,True,True,True,PeMS_average_weekday,71930.21276307313,74026.6190772406,72300.73541182652,104.80357345177168,108.9605696579945,106.42022309494632,469.21908584163054,485.2526550917285,473.9392972555727,19.216021816102387,19.64250102631984,19.184548575001866,D12_I5,released_monthly_average_weekday,2025-10
PeMS::D12_I5_N::L5N-230,D12_I5_N,L5N-230,2025-10-01,AM,4,measured,False,True,4506.0062111801235,672.1242236024844,0.14916185022888706,True,True,True,PeMS_average_weekday,70241.26424534243,67330.45527486414,72139.85911780356,95.02021370159221,88.74684566074671,104.18636990875933,468.52795488207266,419.2042950585812,483.91054937921206,20.053109985484838,19.120577229400755,19.549049233832527,D12_I5,released_monthly_average_weekday,2025-10
PeMS::D12_I5_N::L5N-230,D12_I5_N,L5N-230,2025-10-01,MD,6,measured,False,True,6512.6499153020895,4662.221343873518,0.7158716351264616,True,True,True,PeMS_average_weekday,90714.0496001964,76474.49885123898,108492.87255751427,100.84594028951999,72.75145376582864,130.37803951849622,770.5782455275755,721.1029716246667,793.6704100237179,31.139213918769705,28.409496593967326,33.15152000597271,D12_I5,released_monthly_average_weekday,2025-10
PeMS::D12_I5_N::L5N-230,D12_I5_N,L5N-230,2025-10-01,PM,4,measured,False,True,3751.037267080745,3668.347826086958,0.9779555799886412,True,True,True,PeMS_average_weekday,54182.62086912562,52832.998620996856,63350.68250535385,52.95006567005055,50.2609041474388,70.18176120325722,503.7247119067977,498.1795615235407,480.17398747101674,19.90276247061613,19.626920305708854,20.243104233543157,D12_I5,released_monthly_average_weekday,2025-10
PeMS::D12_I5_N::L5N-233,D12_I5_N,L5N-233,2025-10-01,NT,10,measured,False,True,6185.014545454545,0.0,0.0,True,True,True,PeMS_average_weekday,260708.50190806223,275299.3792049067,269760.3849043665,376.283616438707,405.2160906249108,397.0631858746681,1693.0250075738415,1804.6178032917564,1768.3090845581537,70.08069804972942,73.04897084297811,71.5792333000597,D12_I5,released_monthly_average_weekday,2025-10
PeMS::D12_I5_N::L5N-233,D12_I5_N,L5N-233,2025-10-01,AM,4,measured,False,True,6379.258181818181,0.0,0.0,True,True,True,PeMS_average_weekday,262757.05039890914,235359.3452599769,278232.3517405944,364.5494926286409,310.22216325929503,409.533164162287,1674.9053091084625,1465.364343852744,1823.8437618455105,72.41121764535498,66.83760742940653,73.82721678694458,D12_I5,released_monthly_average_weekday,2025-10
PeMS::D12_I5_N::L5N-233,D12_I5_N,L5N-233,2025-10-01,MD,6,measured,False,True,3133.14,332.64,0.10616825293475556,False,True,False,PeMS_average_weekday,,,,,,,,,,,,,D12_I5,released_monthly_average_weekday,2025-10
PeMS::D12_I5_N::L5N-233,D12_I5_N,L5N-233,2025-10-01,PM,4,measured,False,True,4819.08,4597.839999999999,0.9540908223146325,True,True,True,PeMS_average_weekday,165991.68646828295,159474.54351569084,212552.08388111583,165.36991886932384,151.71076703591163,252.70469748722806,1552.3751930409678,1503.7374413050995,1600.040383171749,61.012446179493104,59.24316692348108,67.12541722389868,D12_I5,released_monthly_average_weekday,2025-10
PeMS::D12_I5_N::L5N-235,D12_I5_N,L5N-235,2025-10-01,NT,10,measured,False,True,5084.217391304348,0.0,0.0,True,True,True,PeMS_average_weekday,521543.8854804328,521543.8854804329,511928.8057250854,767.6660040937006,767.6660040937008,753.5134657161672,3418.777709031504,3418.7777090315044,3355.749800444557,138.38841262129012,138.38841262129017,135.83711126082284,D12_I5,released_monthly_average_weekday,2025-10
PeMS::D12_I5_N::L5N-235,D12_I5_N,L5N-235,2025-10-01,AM,4,measured,False,True,3706.507246376812,0.0,0.0,True,True,True,PeMS_average_weekday,389740.50228211685,395813.6965103572,373207.45397203875,570.5597689078022,582.602398810143,549.3280294615735,2548.1539244714877,2594.60244905841,2446.4160351696355,103.79120127382922,105.02669224733629,99.02826698092187,D12_I5,released_monthly_average_weekday,2025-10
PeMS::D12_I5_N::L5N-235,D12_I5_N,L5N-235,2025-10-01,MD,6,measured,False,True,6058.453557312253,0.0,0.0,True,True,True,PeMS_average_weekday,553184.389243091,553184.3892430911,610024.4453434106,729.140615694286,729.1406156942861,897.9014832565257,3444.1661055667,3444.1661055667005,3998.7775406152355,157.09391527863468,157.09391527863468,161.8661765605626,D12_I5,released_monthly_average_weekday,2025-10
PeMS::D12_I5_N::L5N-235,D12_I5_N,L5N-235,2025-10-01,PM,4,measured,False,True,4468.565217391304,0.0,0.0,True,True,True,PeMS_average_weekday,408170.2528595743,397734.26938596263,449938.9146806152,544.9387798791134,524.245108325641,662.2698843472169,2556.1380562034724,2476.322391374453,2949.3992255683847,115.07204647222379,112.94901814532437,119.38848084056875,D12_I5,released_monthly_average_weekday,2025-10
PeMS::D12_I5_N::L5N-238,D12_I5_N,L5N-238,2025-10-01,NT,10,measured,False,True,4183.763391812865,0.0,0.0,True,True,True,PeMS_average_weekday,110755.33359021234,110755.3335902123,110005.4550413993,163.02195603528557,163.02195603528554,161.918201806449,726.0134308463139,726.0134308463138,721.09789422795,29.388236026910498,29.388236026910494,29.18926043747684,D12_I5,released_monthly_average_weekday,2025-10
PeMS::D12_I5_N::L5N-238,D12_I5_N,L5N-238,2025-10-01,AM,4,measured,False,True,2980.431578947368,0.0,0.0,True,True,True,PeMS_average_weekday,79538.05793098136,79538.05793098138,78365.74427307537,117.07291525238395,117.07291525238395,115.34737428380339,521.3807448314865,521.3807448314864,513.6960994675584,21.10492690353225,21.10492690353225,20.793860796291007,D12_I5,released_monthly_average_weekday,2025-10
PeMS::D12_I5_N::L5N-238,D12_I5_N,L5N-238,2025-10-01,MD,6,measured,False,True,4733.012280701754,0.0,0.0,True,True,True,PeMS_average_weekday,130032.6203658584,130032.62036585838,124447.08768043449,191.3963999139566,191.39639991395654,183.17499481895808,852.3781724413127,852.3781724413127,815.7643894604162,34.503343673258584,34.50334367325858,33.02125746057467,D12_I5,released_monthly_average_weekday,2025-10
PeMS::D12_I5_N::L5N-238,D12_I5_N,L5N-238,2025-10-01,PM,4,measured,False,True,3536.2526315789473,0.0,0.0,True,True,True,PeMS_average_weekday,97240.16932419753,97240.16932419756,92980.18158470174,143.12884169610732,143.12884169610732,136.85852033579755,637.4200380122913,637.4200380122915,609.4953483936606,25.802071600178014,25.80207160017802,24.671710459979966,D12_I5,released_monthly_average_weekday,2025-10
PeMS::D12_I5_N::L5N-242,D12_I5_N,L5N-242,2025-10-01,NT,10,measured,False,True,3628.478260869565,0.0,0.0,True,True,True,PeMS_average_weekday,135078.51088695345,136922.24667827692,134407.0334735809,197.88134236417073,201.5373143186593,197.83514519340136,883.439318515331,897.5404330222339,881.0529329727311,35.95638541584177,36.331462984927214,35.664066870252505,D12_I5,released_monthly_average_weekday,2025-10
PeMS::D12_I5_N::L5N-242,D12_I5_N,L5N-242,2025-10-01,AM,4,measured,False,True,3191.291925465838,0.0,0.0,True,True,True,PeMS_average_weekday,122085.30520357602,125246.0610426733,118212.66377031064,178.08350103740284,184.35101222697006,173.99847981389325,796.8279047463375,821.0017479972071,774.8970529122167,32.59025652516204,33.23326005212086,31.366992014177008,D12_I5,released_monthly_average_weekday,2025-10
PeMS::D12_I5_N::L5N-242,D12_I5_N,L5N-242,2025-10-01,MD,6,measured,False,True,4838.8224167137205,952.8393562958779,0.19691554560975136,True,True,True,PeMS_average_weekday,159441.2888515613,175669.5195467042,182699.66743039023,200.94272244175693,231.54626943877207,258.3862396154164,1083.2581136256053,1093.7311622835207,1227.251221657229,47.69423206613172,49.886824641722434,50.045899663239844,D12_I5,released_monthly_average_weekday,2025-10
PeMS::D12_I5_N::L5N-242,D12_I5_N,L5N-242,2025-10-01,PM,4,measured,False,True,2694.981366459627,2432.2919254658386,0.9025264351497608,True,True,True,PeMS_average_weekday,91258.00757954517,97685.0287937922,108657.27786029292,83.28295215700956,92.92938120103908,133.05066598708018,801.6512124935098,921.1039706643786,787.9084018607246,33.77041783488003,36.288992206372306,32.833322255872794,D12_I5,released_monthly_average_weekday,2025-10
PeMS::D12_I5_N::L5N-248,D12_I5_N,L5N-248,2025-10-01,NT,10,measured,False,True,3858.8840579710145,0.0,0.0,True,True,True,PeMS_average_weekday,34424.88006280892,35232.53742320154,34727.88280698958,50.25763121467173,51.85914737133972,51.11634086270239,224.77610860921232,230.95316986431965,227.64510317866387,9.184429215362197,9.348733754448338,9.214826803942637,D12_I5,released_monthly_average_weekday,2025-10
PeMS::D12_I5_N::L5N-248,D12_I5_N,L5N-248,2025-10-01,AM,4,measured,False,True,3442.6666666666665,0.0,0.0,True,True,True,PeMS_average_weekday,30600.35622195976,32394.929863300997,30982.14995513283,44.123954984389535,47.68244255830506,45.60295675287132,198.62722281505071,212.3523392480604,203.0914110840505,8.230715968848097,8.59579231118883,8.220919986313344,D12_I5,released_monthly_average_weekday,2025-10
PeMS::D12_I5_N::L5N-248,D12_I5_N,L5N-248,2025-10-01,MD,6,measured,False,True,5264.408102766798,1348.8339920948615,0.2562175966916317,True,True,True,PeMS_average_weekday,40824.99023286091,48027.358133197486,48320.83795843389,49.80967875383165,63.303842552977386,67.2841850424769,285.9707821131433,299.0218130497216,327.55336963042794,12.535467458050862,13.638862332967403,13.393216365699669,D12_I5,released_monthly_average_weekday,2025-10
PeMS::D12_I5_N::L5N-248,D12_I5_N,L5N-248,2025-10-01,PM,4,measured,False,True,2896.724637681159,2677.963768115942,0.9244799223510813,True,True,True,PeMS_average_weekday,22141.25454899441,24425.907870288036,27943.16301468726,19.594279797859354,23.236769561188957,33.50638935650791,196.95976899891534,230.319845366462,204.62256572815693,8.306982530378626,9.07397572876367,8.549361514432615,D12_I5,released_monthly_average_weekday,2025-10
PeMS::D12_I5_N::L5N-252,D12_I5_N,L5N-252,2025-10-01,NT,10,measured,False,True,34178.94871794872,0.0,0.0,True,True,True,PeMS_average_weekday,1272767.3153538476,1272767.3153538478,1257768.7756574475,1873.3997776979259,1873.399777697926,1851.3232672516956,8343.13017112125,8343.13017112125,8244.81308868658,337.720857844643,337.720857844643,333.74108901213094,D12_I5,released_monthly_average_weekday,2025-10
PeMS::D12_I5_N::L5N-252,D12_I5_N,L5N-252,2025-10-01,AM,4,measured,False,True,26400.972527472524,0.0,0.0,True,True,True,PeMS_average_weekday,1024921.9463825824,1045460.6865705807,971543.0151485926,1498.0981453062523,1538.824727965879,1430.0245195229068,6696.027370610247,6853.110141678325,6368.571650486506,273.22819640117007,277.40646357917063,257.7928711327209,D12_I5,released_monthly_average_weekday,2025-10
PeMS::D12_I5_N::L5N-252,D12_I5_N,L5N-252,2025-10-01,MD,6,measured,False,True,39558.31868131868,0.0,0.0,True,True,True,PeMS_average_weekday,1333837.4115603007,1267959.5507206735,1455726.9875518694,1801.9008222590094,1671.2706024711254,2142.7000693448463,8398.249926020806,7894.408072138611,9542.451007537757,373.47831875245083,360.0765569509189,386.268064156672,D12_I5,released_monthly_average_weekday,2025-10
PeMS::D12_I5_N::L5N-252,D12_I5_N,L5N-252,2025-10-01,PM,4,measured,False,True,28627.989010989015,0.0,0.0,True,True,True,PeMS_average_weekday,1072469.0350551677,1174674.042892362,1053496.1442210071,1526.35136814521,1729.0152444009505,1550.6522037302332,6918.441676588438,7700.117947924812,6905.78345309456,290.900501298663,311.6924206551861,279.53862207989533,D12_I5,released_monthly_average_weekday,2025-10
PeMS::D12_I5_S::L5S-002,D12_I5_S,L5S-002,2025-10-01,NT,10,measured,False,True,4439.652173913043,0.0,0.0,True,True,True,PeMS_average_weekday,106004.95389817757,104634.35547669187,101794.88011217315,140.63410627005524,137.91632565669468,134.1736733769245,661.9435843582268,651.461081726721,633.7823022849362,29.99300569958705,29.714180107253036,28.90782274970032,D12_I5,released_monthly_average_weekday,2025-10
PeMS::D12_I5_S::L5S-002,D12_I5_S,L5S-002,2025-10-01,AM,4,measured,False,True,4586.434782608695,0.0,0.0,True,True,True,PeMS_average_weekday,109908.88141781023,109908.88141781022,105160.39557811932,144.86856647727305,144.86856647727305,138.60968796209076,684.3006625655598,684.3006625655597,654.736245528766,31.212045823353158,31.212045823353154,29.86356555762679,D12_I5,released_monthly_average_weekday,2025-10
PeMS::D12_I5_S::L5S-002,D12_I5_S,L5S-002,2025-10-01,MD,6,measured,False,True,7699.554150197628,0.0,0.0,True,True,True,PeMS_average_weekday,182189.1273774594,182189.12737745943,176539.77404850276,240.13962630176405,240.13962630176405,232.69333344779145,1134.3227132182794,1134.3227132182797,1099.1494298930108,51.7382700912514,51.73827009125141,50.1339604785877,D12_I5,released_monthly_average_weekday,2025-10
PeMS::D12_I5_S::L5S-002,D12_I5_S,L5S-002,2025-10-01,PM,4,measured,False,True,5079.521739130434,0.0,0.0,True,True,True,PeMS_average_weekday,117254.03597368265,117254.03597368264,116466.17487293438,154.55005897666646,154.55005897666643,153.5115959627929,730.0321272515015,730.0321272515014,725.1268469293208,33.297930945830174,33.29793094583017,33.07419327821155,D12_I5,released_monthly_average_weekday,2025-10
PeMS::D12_I5_S::L5S-005,D12_I5_S,L5S-005,2025-10-01,NT,10,measured,False,True,2716.286956521739,0.0,0.0,True,True,True,PeMS_average_weekday,430685.51356984675,430685.5135698467,428514.0987916121,633.9305980332729,633.9305980332729,630.7344694764174,2823.191057141862,2823.1910571418616,2808.9571937076244,114.27971110621397,114.27971110621397,113.70353975674932,D12_I5,released_monthly_average_weekday,2025-10
PeMS::D12_I5_S::L5S-005,D12_I5_S,L5S-005,2025-10-01,AM,4,measured,False,True,3353.4260869565214,0.0,0.0,True,True,True,PeMS_average_weekday,537669.8652833987,537669.8652833985,529027.4483210535,791.4020056499934,791.4020056499934,778.6811400049411,3524.4852857503574,3524.485285750357,3467.833289081268,142.66734064446058,142.66734064446058,140.37412928118573,D12_I5,released_monthly_average_weekday,2025-10
PeMS::D12_I5_S::L5S-005,D12_I5_S,L5S-005,2025-10-01,MD,6,measured,False,True,5406.547826086957,0.0,0.0,True,True,True,PeMS_average_weekday,866156.992460784,866156.9924607842,852922.3923513916,1274.905709435518,1274.905709435518,1255.4255604689617,5677.754644978567,5677.754644978567,5591.000381144647,229.82934821881986,229.82934821881983,226.31762973873597,D12_I5,released_monthly_average_weekday,2025-10
PeMS::D12_I5_S::L5S-005,D12_I5_S,L5S-005,2025-10-01,PM,4,measured,False,True,3428.365217391304,0.0,0.0,True,True,True,PeMS_average_weekday,547210.9435128501,547210.94351285,540849.6432719171,805.4456203927898,805.4456203927899,796.0823547640521,3587.0281061707838,3587.0281061707838,3545.3290812764076,145.19900616222048,145.19900616222048,143.51107487387034,D12_I5,released_monthly_average_weekday,2025-10
PeMS::D12_I5_S::L5S-009,D12_I5_S,L5S-009,2025-10-01,NT,10,measured,False,True,3070.145390070921,0.0,0.0,True,True,True,PeMS_average_weekday,782534.4742953461,782534.4742953458,769515.8617892805,1151.8208336284115,1151.8208336284115,1132.6585991173708,5129.599812689179,5129.599812689178,5044.261371424058,207.6406353022648,207.64063530226477,204.18622778373648,D12_I5,released_monthly_average_weekday,2025-10
PeMS::D12_I5_S::L5S-009,D12_I5_S,L5S-009,2025-10-01,AM,4,measured,False,True,4240.819148936169,0.0,0.0,True,True,True,PeMS_average_weekday,1121056.021195896,1121056.0211958957,1062939.1079132946,1650.094306759779,1650.094306759779,1564.5514026399908,7348.645900257362,7348.645900257362,6967.683121899321,297.4652134784925,297.46521347849256,282.04425351800984,D12_I5,released_monthly_average_weekday,2025-10
PeMS::D12_I5_S::L5S-009,D12_I5_S,L5S-009,2025-10-01,MD,6,measured,False,True,6819.996453900709,0.0,0.0,True,True,True,PeMS_average_weekday,1875044.8564091022,1875044.8564091027,1709396.3906712604,2759.898509959668,2759.898509959669,2516.07876761894,12291.12589944479,12291.125899444793,11205.281931246165,497.53144173695017,497.5314417369503,453.57765593904895,D12_I5,released_monthly_average_weekday,2025-10
PeMS::D12_I5_S::L5S-009,D12_I5_S,L5S-009,2025-10-01,PM,4,measured,False,True,4240.6276595744675,0.0,0.0,True,True,True,PeMS_average_weekday,1131223.9694491038,1131223.969449104,1062891.1121077314,1665.060618172253,1665.060618172253,1564.4807571022022,7415.297922843404,7415.297922843404,6967.368504098681,300.16321504183304,300.1632150418331,282.03151813076954,D12_I5,released_monthly_average_weekday,2025-10
PeMS::D12_I5_S::L5S-010,D12_I5_S,L5S-010,2025-10-01,NT,10,measured,False,True,4397.881987577639,0.0,0.0,True,True,True,PeMS_average_weekday,268632.87454928696,225000.56034192326,276799.998334964,383.0876529442703,296.5684684698797,407.4248679173077,1734.5750186138876,1400.869798085767,1814.4545272461755,72.77218128694675,63.89590822033646,73.44715075676709,D12_I5,released_monthly_average_weekday,2025-10
PeMS::D12_I5_S::L5S-010,D12_I5_S,L5S-010,2025-10-01,AM,4,measured,False,True,4007.6770186335402,0.0,0.0,True,True,True,PeMS_average_weekday,257090.23174106755,257090.23174106755,252240.73661327493,378.413852384419,378.413852384419,371.27582881580776,1685.254832728896,1685.254832728896,1653.4658571421498,68.21728729177246,68.21728729177246,66.9305040479584,D12_I5,released_monthly_average_weekday,2025-10
PeMS::D12_I5_S::L5S-010,D12_I5_S,L5S-010,2025-10-01,MD,6,measured,False,True,6647.683229813663,0.0,0.0,True,True,True,PeMS_average_weekday,426665.56602326874,426665.56602326874,418401.1103847988,628.0135943914698,628.01359439147,615.8490540476604,2796.839857470416,2796.8398574704156,2742.665438978185,113.21304313199488,113.21304313199487,111.02012144538861,D12_I5,released_monthly_average_weekday,2025-10
PeMS::D12_I5_S::L5S-010,D12_I5_S,L5S-010,2025-10-01,PM,4,measured,False,True,4399.006211180124,0.0,0.0,True,True,True,PeMS_average_weekday,278608.62865856127,278608.6286585613,276870.7562798509,410.0870101685196,410.0870101685196,407.5290172905847,1826.3102985558078,1826.3102985558078,1814.9183533813307,73.9270595170257,73.9270595170257,73.46592593551208,D12_I5,released_monthly_average_weekday,2025-10
PeMS::D12_I5_S::L5S-013,D12_I5_S,L5S-013,2025-10-01,NT,10,measured,False,True,3957.358695652173,0.0,0.0,True,True,True,PeMS_average_weekday,283575.2879845636,283575.28798456356,280477.0252422512,417.39748896931064,417.3974889693106,412.837123015001,1858.8672983880435,1858.8672983880433,1838.5578442941026,75.2449315490658,75.24493154906578,74.42282688111952,D12_I5,released_monthly_average_weekday,2025-10
PeMS::D12_I5_S::L5S-013,D12_I5_S,L5S-013,2025-10-01,AM,4,measured,False,True,3399.3369565217386,0.0,0.0,True,True,True,PeMS_average_weekday,242019.32634563948,254432.71077444375,240927.3433840545,349.8875287378273,374.5022189475433,354.62352473402166,1572.8954229110668,1667.8344895997498,1579.3053163662998,64.98683283723989,67.51213070127753,63.92856581430422,D12_I5,released_monthly_average_weekday,2025-10
PeMS::D12_I5_S::L5S-013,D12_I5_S,L5S-013,2025-10-01,MD,6,measured,False,True,6211.521739130434,0.0,0.0,True,True,True,PeMS_average_weekday,457231.40789905423,464534.55266413576,440240.39102974616,669.2718417978768,683.7533594677931,647.9945240104496,2989.2199076527495,3045.0752428247038,2885.824333040285,121.77563814128561,123.26134221995923,116.81503816358781,D12_I5,released_monthly_average_weekday,2025-10
PeMS::D12_I5_S::L5S-013,D12_I5_S,L5S-013,2025-10-01,PM,4,measured,False,True,3868.1413043478265,0.0,0.0,True,True,True,PeMS_average_weekday,280604.806158952,280604.806158952,274153.76004508586,413.02520510828975,413.0252051082897,403.52984157259436,1839.3954623005984,1839.3954623005984,1797.1081433078668,74.45673274928865,74.45673274928863,72.74498795407875,D12_I5,released_monthly_average_weekday,2025-10
PeMS::D12_I5_S::L5S-017,D12_I5_S,L5S-017,2025-10-01,NT,10,measured,False,True,3760.8956521739133,0.0,0.0,True,True,True,PeMS_average_weekday,218280.97507094673,218280.97507094673,215555.15432568183,321.2900938298453,321.2900938298454,317.2779292207911,1430.8558735968766,1430.8558735968766,1412.9878178835152,57.91949342416181,57.9194934241618,57.19621391398231,D12_I5,released_monthly_average_weekday,2025-10
PeMS::D12_I5_S::L5S-017,D12_I5_S,L5S-017,2025-10-01,AM,4,measured,False,True,4022.4260869565214,0.0,0.0,True,True,True,PeMS_average_weekday,235987.49853918754,247058.18578409584,230544.73086387734,341.69534162239916,363.6475770103368,339.341246698923,1534.823708588637,1619.4936646882034,1511.2461458272853,63.30319823666429,65.5553465539374,61.17360442844563,D12_I5,released_monthly_average_weekday,2025-10
PeMS::D12_I5_S::L5S-017,D12_I5_S,L5S-017,2025-10-01,MD,6,measured,False,True,7108.139130434783,0.0,0.0,True,True,True,PeMS_average_weekday,436177.48836185783,437524.18614204595,407401.8980940433,641.3261254191668,643.9965130846388,599.6591962380066,2857.719602700326,2868.019310334137,2670.5643889162134,115.82034675920687,116.09431016115565,108.10154916148568,D12_I5,released_monthly_average_weekday,2025-10
PeMS::D12_I5_S::L5S-017,D12_I5_S,L5S-017,2025-10-01,PM,4,measured,False,True,4569.947826086956,0.0,0.0,True,True,True,PeMS_average_weekday,270189.0242296442,270189.0242296442,261925.85490721706,397.6941046663441,397.6941046663441,385.5314576648287,1771.1188626252936,1771.1188626252933,1716.9528760766375,71.69297006788241,71.69297006788241,69.50038969720421,D12_I5,released_monthly_average_weekday,2025-10
PeMS::D12_I5_S::L5S-022,D12_I5_S,L5S-022,2025-10-01,NT,10,measured,False,True,4253.761904761905,0.0,0.0,True,True,True,PeMS_average_weekday,35858.28010605833,35858.28010605833,35489.21967674242,52.780184695930444,52.78018469593045,52.236960716262715,235.05498218596105,235.05498218596108,232.63575035493582,9.514770667162155,9.514770667162155,9.416842787272788,D12_I5,released_monthly_average_weekday,2025-10
PeMS::D12_I5_S::L5S-022,D12_I5_S,L5S-022,2025-10-01,AM,4,measured,False,True,4319.9181883279625,0.0,0.0,True,True,True,PeMS_average_weekday,35059.54291904849,35976.74081010791,36041.16285857504,46.18062638045643,47.42017933812013,53.04937176867857,240.57391962311652,223.99379609477927,236.25379880538034,10.412716359779562,10.216714684515255,9.563297463317163,D12_I5,released_monthly_average_weekday,2025-10
PeMS::D12_I5_S::L5S-022,D12_I5_S,L5S-022,2025-10-01,MD,6,measured,False,True,6168.652721088435,0.0,0.0,True,True,True,PeMS_average_weekday,53766.88884527705,55568.51790851496,51465.19161854593,78.219415927608,81.79189380572147,75.75216410280018,350.47868837364064,364.257765527339,337.3600089941443,14.378247513108438,14.74475916440522,13.655967161383403,D12_I5,released_monthly_average_weekday,2025-10
PeMS::D12_I5_S::L5S-022,D12_I5_S,L5S-022,2025-10-01,PM,4,measured,False,True,4270.121768707482,0.0,0.0,True,True,True,PeMS_average_weekday,35009.98137746815,31943.961290990926,35625.71034510734,48.18431636472085,42.10465815077855,52.43786278586182,222.3347112361365,198.88541848858713,233.53046174449983,9.6952125961588,9.071481492052225,9.453059733647763,D12_I5,released_monthly_average_weekday,2025-10
PeMS::D12_I5_S::L5S-028,D12_I5_S,L5S-028,2025-10-01,NT,10,measured,False,True,4482.939393939393,0.0,0.0,True,True,True,PeMS_average_weekday,240844.3983120575,240844.39831205746,241432.095946487,354.5014369984507,354.5014369984506,355.366475410745,1578.7616022683842,1578.7616022683842,1582.6140251002375,63.90655685749736,63.90655685749734,64.0624987542278,D12_I5,released_monthly_average_weekday,2025-10
PeMS::D12_I5_S::L5S-028,D12_I5_S,L5S-028,2025-10-01,AM,4,measured,False,True,4683.067965367965,2463.334199134199,0.5260086373614367,True,True,True,PeMS_average_weekday,224519.44398196318,219237.2017484431,256581.90874451425,266.84825429347615,277.4106637837753,334.5622544509845,1720.571162469117,2378.575147790674,1830.063509625109,72.08408199068775,84.6880512798026,75.76829556758679,D12_I5,released_monthly_average_weekday,2025-10
PeMS::D12_I5_S::L5S-028,D12_I5_S,L5S-028,2025-10-01,MD,6,measured,False,True,6430.334776334777,0.0,0.0,True,True,True,PeMS_average_weekday,352026.0349069233,378686.22474160744,346310.5490087468,504.5273915839847,557.392290554666,509.738188356183,2278.4296230771715,2482.3299820135153,2270.103855714718,95.05844966732349,100.48202458603329,91.89134123810187,D12_I5,released_monthly_average_weekday,2025-10
PeMS::D12_I5_S::L5S-028,D12_I5_S,L5S-028,2025-10-01,PM,4,measured,False,True,4524.329004329004,1058.0833333333335,0.23386524992345378,True,False,False,PeMS_average_weekday,238988.03340446745,230741.42630385514,,325.3904123773267,304.1353821852664,,1699.4156272957057,1436.6128456973265,,70.44247539808099,65.5262056918246,,D12_I5,released_monthly_average_weekday,2025-10
PeMS::D12_I5_S::L5S-033,D12_I5_S,L5S-033,2025-10-01,NT,10,measured,False,True,4763.125714285714,0.0,0.0,True,True,True,PeMS_average_weekday,660056.6470161151,660056.6470161154,662376.7983511117,971.5444141840253,971.5444141840255,974.9594696641384,4326.744142418735,4326.744142418736,4341.952990392016,175.14190878979912,175.1419087897992,175.75754645564115,D12_I5,released_monthly_average_weekday,2025-10
PeMS::D12_I5_S::L5S-033,D12_I5_S,L5S-033,2025-10-01,AM,4,measured,False,True,4244.22060096766,2898.1289381207025,0.6828412588780008,True,True,True,PeMS_average_weekday,481905.50353072793,412736.4483388135,594577.3155143483,528.2117008819951,392.64299982146315,698.6723892831116,4102.906970793816,3891.8264763510415,4394.16137343573,166.00205062178713,153.32738232252862,184.03981115485212,D12_I5,released_monthly_average_weekday,2025-10
PeMS::D12_I5_S::L5S-033,D12_I5_S,L5S-033,2025-10-01,MD,6,measured,False,True,6123.339568670577,0.0,0.0,True,True,True,PeMS_average_weekday,767379.4269249346,722470.4660487131,851532.8593045401,1041.3236713057258,952.2730045880008,1253.3802919664847,4841.622659416978,4498.153490633833,5581.891838721294,214.30394851167028,205.16796278373965,225.94892582331863,D12_I5,released_monthly_average_weekday,2025-10
PeMS::D12_I5_S::L5S-033,D12_I5_S,L5S-033,2025-10-01,PM,4,measured,False,True,4272.095283931754,1397.0905780494018,0.3270270172353487,True,False,False,PeMS_average_weekday,531592.854802442,581363.9809504857,,676.7800360531633,766.283538103317,,3857.0105843042825,3619.614286163617,,161.37572769807127,165.0963869288653,,D12_I5,released_monthly_average_weekday,2025-10
PeMS::D12_I5_S::L5S-035,D12_I5_S,L5S-035,2025-10-01,NT,10,measured,False,True,5661.038461538461,0.0,0.0,True,True,True,PeMS_average_weekday,316573.315130028,316573.31513002794,317398.88123368006,465.967636845552,465.9676368455519,467.182796393098,2075.17300685783,2075.1730068578295,2080.584683748448,84.00075195733014,84.00075195733011,84.21981076672085,D12_I5,released_monthly_average_weekday,2025-10
PeMS::D12_I5_S::L5S-035,D12_I5_S,L5S-035,2025-10-01,AM,4,measured,False,True,5537.680361305361,3600.515151515152,0.6501847193409384,True,True,True,PeMS_average_weekday,302836.6466470527,326802.2981091791,312248.5796972611,395.15937843101756,430.75118077658317,376.3343294436129,2337.4220077060154,2034.694796628332,2333.004160389395,95.81102810214719,92.80567841451915,97.7009082411366,D12_I5,released_monthly_average_weekday,2025-10
PeMS::D12_I5_S::L5S-035,D12_I5_S,L5S-035,2025-10-01,MD,6,measured,False,True,7916.597163947163,0.0,0.0,True,True,True,PeMS_average_weekday,462162.659438786,477917.6812702994,443861.8638764185,672.2112548882449,703.4521291118889,653.3250084941818,3012.306813308621,3132.8031273414726,2909.5634870918398,123.60737305392965,126.81247180900138,117.7759733649284,D12_I5,released_monthly_average_weekday,2025-10
PeMS::D12_I5_S::L5S-035,D12_I5_S,L5S-035,2025-10-01,PM,4,measured,False,True,5390.856837606837,0.0,0.0,True,True,True,PeMS_average_weekday,303632.0427584858,272347.97470216814,302250.5395030197,421.00974950469026,358.9760915508533,444.8857907359237,1934.9225711910526,1695.6582319186618,1981.285632452186,83.70590587632802,77.34167936790615,80.20029290003198,D12_I5,released_monthly_average_weekday,2025-10
PeMS::D12_I5_S::L5S-036,D12_I5_S,L5S-036,2025-10-01,NT,10,measured,False,True,7425.161538461538,0.0,0.0,True,True,True,PeMS_average_weekday,666607.4677109331,651912.6791924428,649775.7023830216,996.950009689757,959.5572211390771,956.4117821955871,4974.4101194333625,4273.359534845408,4259.351416096137,188.47797761701472,172.9809577923223,172.4139243427941,D12_I5,released_monthly_average_weekday,2025-10
PeMS::D12_I5_S::L5S-036,D12_I5_S,L5S-036,2025-10-01,AM,4,measured,False,True,5571.719230769231,5188.703846153847,0.9312572351994655,True,False,False,PeMS_average_weekday,469322.76172718743,434962.2540691234,,392.42200041591855,336.2992739824623,,4158.969777292642,3895.781011105393,,176.60346827715077,169.60848261691405,,D12_I5,released_monthly_average_weekday,2025-10
PeMS::D12_I5_S::L5S-036,D12_I5_S,L5S-036,2025-10-01,MD,6,measured,False,True,9355.127272727272,592.8,0.06336632123949532,True,False,False,PeMS_average_weekday,785535.9908625181,767129.9704698138,,1049.9488781669768,1011.1377505631328,,5057.705992515722,4776.206802349701,,223.18693887546328,217.85041829105012,,D12_I5,released_monthly_average_weekday,2025-10
PeMS::D12_I5_S::L5S-036,D12_I5_S,L5S-036,2025-10-01,PM,4,measured,False,True,6072.283333333333,1257.7666666666667,0.207132407633592,True,False,False,PeMS_average_weekday,514145.34486642823,501147.08924229996,,691.3470954725801,660.5513537782712,,3525.442171990635,3120.1781037845817,,148.41668099674322,142.31630521476706,,D12_I5,released_monthly_average_weekday,2025-10
PeMS::D12_I5_S::L5S-041,D12_I5_S,L5S-041,2025-10-01,NT,10,measured,False,True,4475.88198757764,0.0,0.0,True,True,True,PeMS_average_weekday,33376.705228212704,33376.705228212704,32932.13613360586,49.12752818250932,49.12752818250932,48.47316219356476,218.78798508013554,218.7879850801355,215.87378561758,8.856300272423317,8.856300272423317,8.738336639801199,D12_I5,released_monthly_average_weekday,2025-10
PeMS::D12_I5_S::L5S-041,D12_I5_S,L5S-041,2025-10-01,AM,4,measured,False,True,4014.4534161490687,865.304347826087,0.21554723847216656,True,True,True,PeMS_average_weekday,28740.652223933157,29808.255235407323,29485.060956161502,37.68307321915602,39.28962927687817,42.48846226983986,199.10227901793854,185.58835777767433,196.40851862969762,8.586178533324249,8.46498132198238,7.9861043036199755,D12_I5,released_monthly_average_weekday,2025-10
PeMS::D12_I5_S::L5S-041,D12_I5_S,L5S-041,2025-10-01,MD,6,measured,False,True,5526.819875776398,0.0,0.0,True,True,True,PeMS_average_weekday,41244.120447219306,45289.82179068534,40664.607565645696,58.64028823955836,66.66257143086692,59.85466931359296,265.93776488392086,296.87977847036495,266.56098894511763,11.194340285547735,12.017371346882,10.790099639828957,D12_I5,released_monthly_average_weekday,2025-10
PeMS::D12_I5_S::L5S-041,D12_I5_S,L5S-041,2025-10-01,PM,4,measured,False,True,3687.9440993788817,0.0,0.0,True,True,True,PeMS_average_weekday,27201.60499008612,29436.20489490809,27134.736230971073,38.89644134589376,43.327463740738885,39.93990748329393,175.86708009771138,192.95757065676779,177.8711896534618,7.356120708202132,7.810713120045226,7.20003278428308,D12_I5,released_monthly_average_weekday,2025-10
PeMS::D12_I5_S::L5S-045,D12_I5_S,L5S-045,2025-10-01,NT,10,measured,False,True,5078.784249084249,0.0,0.0,True,True,True,PeMS_average_weekday,399880.7241437833,399880.72414378327,394022.57693173666,588.5887001335971,588.5887001335971,579.9660308111069,2621.2622638932903,2621.26226389329,2582.8614626139865,106.10585262855388,106.10585262855386,104.55142985389097,D12_I5,released_monthly_average_weekday,2025-10
PeMS::D12_I5_S::L5S-045,D12_I5_S,L5S-045,2025-10-01,AM,4,measured,False,True,4058.510476190476,0.0,0.0,True,True,True,PeMS_average_weekday,279715.3236850998,278121.1153691395,314867.6293192335,369.7467259704825,366.58554587071376,463.4570197200042,1743.794922354553,1731.6022241832625,2063.9920481870486,79.30545757486982,78.9811422458622,83.54815888058633,D12_I5,released_monthly_average_weekday,2025-10
PeMS::D12_I5_S::L5S-045,D12_I5_S,L5S-045,2025-10-01,MD,6,measured,False,True,6299.395457875457,0.0,0.0,True,True,True,PeMS_average_weekday,450524.70433881506,424741.8968381927,488720.11680191197,610.9684135913701,559.8432894961284,719.3523491123474,2841.6638702104437,2644.473837567682,3203.6142840377242,125.86376007522216,120.61867408891092,129.6788306088684,D12_I5,released_monthly_average_weekday,2025-10
PeMS::D12_I5_S::L5S-045,D12_I5_S,L5S-045,2025-10-01,PM,4,measured,False,True,4261.970476190476,0.0,0.0,True,True,True,PeMS_average_weekday,342394.4604318908,345599.9945181255,330652.47655250324,502.3360129657385,508.6923156277478,486.6909046108822,2240.9297799310993,2265.446092636256,2167.4634632758457,91.05068712076695,91.7028000419043,87.73656950698934,D12_I5,released_monthly_average_weekday,2025-10
PeMS::D12_I5_S::L5S-048,D12_I5_S,L5S-048,2025-10-01,NT,10,measured,False,True,2813.304347826087,0.0,0.0,True,True,True,PeMS_average_weekday,273063.5225856924,273063.5225856924,268819.0349686901,401.9251094354418,401.92510943544187,395.6776028706436,1789.9615164803045,1789.9615164803047,1762.138431874681,72.45570025349197,72.45570025349197,71.32945197398892,D12_I5,released_monthly_average_weekday,2025-10
PeMS::D12_I5_S::L5S-048,D12_I5_S,L5S-048,2025-10-01,AM,4,measured,False,True,2593.669565217391,0.0,0.0,True,True,True,PeMS_average_weekday,244899.37135056383,268585.5644554921,247832.3221901559,348.3662398527706,395.33395513374165,364.787036637816,1579.453134942904,1760.6080069028644,1624.5682142370872,66.44893758614472,71.26750203149159,65.760758814285,D12_I5,released_monthly_average_weekday,2025-10
PeMS::D12_I5_S::L5S-048,D12_I5_S,L5S-048,2025-10-01,MD,6,measured,False,True,4727.417391304347,0.0,0.0,True,True,True,PeMS_average_weekday,428464.38224837824,491454.7003285965,451717.8463135822,598.4729447519572,723.3774117527743,664.8883127791363,2739.782203414212,3221.5397807500512,2961.0603186844055,117.59009630904943,130.40443526836813,119.8605092387568,D12_I5,released_monthly_average_weekday,2025-10
PeMS::D12_I5_S::L5S-048,D12_I5_S,L5S-048,2025-10-01,PM,4,measured,False,True,3016.2,0.0,0.0,True,True,True,PeMS_average_weekday,297659.0710228281,297659.07102282805,288206.2773972885,438.1275593401822,438.12755934018213,424.2138916468953,1951.1880500074412,1951.188050007441,1889.2239449057192,78.98197541560958,78.98197541560958,76.47373566610118,D12_I5,released_monthly_average_weekday,2025-10
PeMS::D12_I5_S::L5S-049,D12_I5_S,L5S-049,2025-10-01,NT,10,measured,False,True,4451.45652173913,0.0,0.0,True,True,True,PeMS_average_weekday,199731.83825711574,199731.83825711577,196636.8119239725,293.987421641207,293.98742164120705,289.4318193920498,1309.264235335248,1309.2642353352483,1288.97599626047,52.99759582239707,52.997595822397074,52.176349915410285,D12_I5,released_monthly_average_weekday,2025-10
PeMS::D12_I5_S::L5S-049,D12_I5_S,L5S-049,2025-10-01,AM,4,measured,False,True,4164.68115942029,1066.3333333333333,0.25604200958369727,True,True,True,PeMS_average_weekday,163320.34326454386,183070.41226832668,183526.61425083815,205.06655972660937,241.3012292327655,262.0599861294054,1159.8585615224465,1139.8096568296605,1230.789226581161,49.976090207049566,51.98853835021597,50.13748029053502,D12_I5,released_monthly_average_weekday,2025-10
PeMS::D12_I5_S::L5S-049,D12_I5_S,L5S-049,2025-10-01,MD,6,measured,False,True,5600.508563899869,0.0,0.0,True,True,True,PeMS_average_weekday,207939.62736422534,207939.6273642253,247394.56485310665,274.0808144117116,274.0808144117116,364.142696947426,1294.647192687351,1294.6471926873512,1621.698666596834,59.05092558545018,59.05092558545018,65.6446026389868,D12_I5,released_monthly_average_weekday,2025-10
PeMS::D12_I5_S::L5S-049,D12_I5_S,L5S-049,2025-10-01,PM,4,measured,False,True,3685.442028985507,0.0,0.0,True,True,True,PeMS_average_weekday,148583.247299254,135530.61043805926,162799.20236695866,204.52229796022806,178.64002430625925,239.62588121527065,943.6515513328695,843.8234046630015,1067.166732455439,41.14347600024,38.488132795920244,43.19775155799588,D12_I5,released_monthly_average_weekday,2025-10
PeMS::D12_I5_S::L5S-051,D12_I5_S,L5S-051,2025-10-01,NT,10,measured,False,True,3729.960869565217,0.0,0.0,True,True,True,PeMS_average_weekday,1347995.0445030448,1347995.0445030448,1328134.0168590695,1984.1282740732781,1984.1282740732781,1954.8946157885105,8836.25623524799,8836.256235247993,8706.06500785946,357.6820659268194,357.6820659268194,352.41206628691293,D12_I5,released_monthly_average_weekday,2025-10
PeMS::D12_I5_S::L5S-051,D12_I5_S,L5S-051,2025-10-01,AM,4,measured,False,True,4089.847826086956,0.0,0.0,True,True,True,PeMS_average_weekday,1521949.8057344635,1545662.8163431894,1456279.6263962865,2228.0566822345736,2275.077574354783,2143.5135043504356,9950.630312025245,10131.990287500372,9546.073616133193,405.30795459375986,410.1319746169507,386.4147034224383,D12_I5,released_monthly_average_weekday,2025-10
PeMS::D12_I5_S::L5S-051,D12_I5_S,L5S-051,2025-10-01,MD,6,measured,False,True,7299.560869565217,0.0,0.0,True,True,True,PeMS_average_weekday,2795192.1412123106,2821241.9989937623,2599168.0443910416,4100.96150730857,4152.616169498015,3825.743148666573,18294.320093457325,18493.55255897295,17037.83328608208,743.2995309352823,748.5989438867847,689.6730070335648,D12_I5,released_monthly_average_weekday,2025-10
PeMS::D12_I5_S::L5S-051,D12_I5_S,L5S-051,2025-10-01,PM,4,measured,False,True,4693.965217391304,0.0,0.0,True,True,True,PeMS_average_weekday,1743733.5959350318,1743733.5959350322,1671388.8153731115,2566.620066041609,2566.6200660416093,2460.135012420769,11430.366100027251,11430.366100027253,10956.1380819535,462.6888188969416,462.68881889694165,443.49258321645374,D12_I5,released_monthly_average_weekday,2025-10
PeMS::D12_I5_S::L5S-052,D12_I5_S,L5S-052,2025-10-01,NT,10,measured,False,True,2858.2670807453414,0.0,0.0,True,True,True,PeMS_average_weekday,523940.17767294415,523940.17767294415,507472.61447643733,771.1931321135635,771.1931321135635,746.9543503194336,3434.485668726089,3434.485668726089,3326.538975177139,139.02425378812302,139.02425378812305,134.6546887448936,D12_I5,released_monthly_average_weekday,2025-10
PeMS::D12_I5_S::L5S-052,D12_I5_S,L5S-052,2025-10-01,AM,4,measured,False,True,3568.5714285714284,0.0,0.0,True,True,True,PeMS_average_weekday,652382.05469984,696134.8133226683,633583.9939530148,937.8902361706607,1024.6482517221968,932.5790339725617,4228.614108911264,4563.240502908044,4153.2129809754715,175.81424939498174,184.71502488692596,168.11755563895764,D12_I5,released_monthly_average_weekday,2025-10
PeMS::D12_I5_S::L5S-052,D12_I5_S,L5S-052,2025-10-01,MD,6,measured,False,True,6095.509316770185,0.0,0.0,True,True,True,PeMS_average_weekday,1135507.7969734466,1181764.312927558,1082230.5831336856,1647.7287341078925,1739.4514884398397,1592.946730641714,7392.820017111154,7746.595450244705,7094.140870314972,304.1636559926139,313.5737795255393,287.1631259795546,D12_I5,released_monthly_average_weekday,2025-10
PeMS::D12_I5_S::L5S-052,D12_I5_S,L5S-052,2025-10-01,PM,4,measured,False,True,4021.8074534161497,0.0,0.0,True,True,True,PeMS_average_weekday,743757.8400174596,743757.8400174596,714054.0354170478,1094.7450923206848,1094.745092320685,1051.0237457211115,4875.414696937346,4875.414696937346,4680.70298068787,197.35149758268486,197.35149758268486,189.46977855212364,D12_I5,released_monthly_average_weekday,2025-10
PeMS::D12_I5_S::L5S-053,D12_I5_S,L5S-053,2025-10-01,NT,10,measured,False,True,3382.965217391304,0.0,0.0,True,True,True,PeMS_average_weekday,440278.1592711442,440278.15927114425,436411.26201581955,648.0501154875292,648.0501154875293,642.3583882007612,2886.0719080294575,2886.0719080294584,2860.7239699025617,116.82505973055481,116.82505973055483,115.79900269521818,D12_I5,released_monthly_average_weekday,2025-10
PeMS::D12_I5_S::L5S-053,D12_I5_S,L5S-053,2025-10-01,AM,4,measured,False,True,3849.0086956521736,0.0,0.0,True,True,True,PeMS_average_weekday,507748.6793705703,530055.3408640797,496532.0759859097,735.9618850867703,780.1941059951679,730.85085510173,3303.967190893266,3474.5712381037947,3254.8225383488893,136.1089526044102,140.64687414760022,131.75168518742393,D12_I5,released_monthly_average_weekday,2025-10
PeMS::D12_I5_S::L5S-053,D12_I5_S,L5S-053,2025-10-01,MD,6,measured,False,True,6544.521739130434,0.0,0.0,True,True,True,PeMS_average_weekday,766882.4367719942,705152.7851240655,844260.229688763,1051.851608717594,929.4469365041346,1242.675630917196,4862.448201771485,4390.33235390707,5534.218949231741,212.80794579560592,200.25006858263717,224.019178977216,D12_I5,released_monthly_average_weekday,2025-10
PeMS::D12_I5_S::L5S-053,D12_I5_S,L5S-053,2025-10-01,PM,4,measured,False,True,4262.55652173913,0.0,0.0,True,True,True,PeMS_average_weekday,574230.933842238,574230.933842238,549880.8150621211,845.2166321604849,845.2166321604849,809.3754327839071,3764.1471237799433,3764.1471237799433,3604.5294087317698,152.36859183818348,152.3685918381835,145.90743990268322,D12_I5,released_monthly_average_weekday,2025-10
PeMS::D12_I5_S::L5S-054,D12_I5_S,L5S-054,2025-10-01,NT,10,measured,False,True,3758.0248447204963,0.0,0.0,True,True,True,PeMS_average_weekday,405665.0146593625,405665.0146593625,402924.35103296366,597.1026589973299,597.1026589973299,593.0686469933266,2659.178926378956,2659.1789263789565,2641.2135739422106,107.64067799009369,107.6406779900937,106.91346001410906,D12_I5,released_monthly_average_weekday,2025-10
PeMS::D12_I5_S::L5S-054,D12_I5_S,L5S-054,2025-10-01,AM,4,measured,False,True,3926.801242236025,0.0,0.0,True,True,True,PeMS_average_weekday,424577.8228923829,424577.8228923829,421020.05908400594,624.9406230241902,624.9406230241901,619.7039125529898,2783.1544709156847,2783.1544709156847,2759.832936638902,112.65907353156872,112.65907353156871,111.7150431256342,D12_I5,released_monthly_average_weekday,2025-10
PeMS::D12_I5_S::L5S-054,D12_I5_S,L5S-054,2025-10-01,MD,6,measured,False,True,6430.881987577641,0.0,0.0,True,True,True,PeMS_average_weekday,703603.6193097921,703603.6193097921,689500.2184603743,1035.641666863484,1035.641666863484,1014.8827208272727,4612.199350155075,4612.199350155075,4519.750001619218,186.69682590791254,186.69682590791257,182.9545765777056,D12_I5,released_monthly_average_weekday,2025-10
PeMS::D12_I5_S::L5S-054,D12_I5_S,L5S-054,2025-10-01,PM,4,measured,False,True,4113.5590062111805,0.0,0.0,True,True,True,PeMS_average_weekday,446782.31076022726,446782.3107602272,441043.676265721,657.6236453910483,657.6236453910483,649.1768881113732,2928.7073386156258,2928.7073386156253,2891.0899563851262,118.55089570539988,118.55089570539987,117.02818488389931,D12_I5,released_monthly_average_weekday,2025-10
PeMS::D12_I5_S::L5S-055,D12_I5_S,L5S-055,2025-10-01,NT,10,measured,False,True,2503.886956521739,0.0,0.0,True,True,True,PeMS_average_weekday,48096.52332085717,48096.52332085717,47141.82384333913,70.79378532932134,70.79378532932134,69.38855299236948,315.2780166520224,315.2780166520224,309.0198562489797,12.762112068181855,12.762112068181855,12.508788524560224,D12_I5,released_monthly_average_weekday,2025-10
PeMS::D12_I5_S::L5S-055,D12_I5_S,L5S-055,2025-10-01,AM,4,measured,False,True,2432.4260869565214,0.0,0.0,True,True,True,PeMS_average_weekday,41806.105531383415,38674.19444644321,45796.397399081805,57.18595027342349,50.97563578889862,67.4082054683762,264.74157304186826,240.78833796230305,300.2004374717251,11.619876093008923,10.982740554468515,12.151788020665977,D12_I5,released_monthly_average_weekday,2025-10
PeMS::D12_I5_S::L5S-055,D12_I5_S,L5S-055,2025-10-01,MD,6,measured,False,True,4531.365217391304,0.0,0.0,True,True,True,PeMS_average_weekday,78765.31320966795,72025.67159762584,85314.08348595722,108.29964938749276,94.93551075500322,125.57470883250974,499.98264706999,448.437052221678,559.2432295885599,21.824998635846605,20.45392995873575,22.63755920939619,D12_I5,released_monthly_average_weekday,2025-10
PeMS::D12_I5_S::L5S-055,D12_I5_S,L5S-055,2025-10-01,PM,4,measured,False,True,2875.0086956521736,0.0,0.0,True,True,True,PeMS_average_weekday,55325.06259581109,55325.062595811105,54129.10240435858,81.4335493360004,81.43354933600041,79.67320278264802,362.66188909318134,362.6618890931814,354.82223809303497,14.680159817720767,14.68015981772077,14.362819250491402,D12_I5,released_monthly_average_weekday,2025-10
PeMS::D12_I5_S::L5S-058,D12_I5_S,L5S-058,2025-10-01,NT,10,measured,False,True,4778.492753623189,0.0,0.0,True,True,True,PeMS_average_weekday,726474.9013080068,726474.901308007,718654.6283470751,1069.3061506180893,1069.3061506180895,1057.7954074918223,4762.1231269441405,4762.123126944141,4710.860374907949,192.76557773966152,192.76557773966152,190.69051715232163,D12_I5,released_monthly_average_weekday,2025-10
PeMS::D12_I5_S::L5S-058,D12_I5_S,L5S-058,2025-10-01,AM,4,measured,False,True,5018.268115942028,0.0,0.0,True,True,True,PeMS_average_weekday,784680.7311680905,784680.7311680904,754715.303287594,1154.979931996022,1154.979931996022,1110.8734993018902,5143.668763277366,5143.668763277365,4947.242077563156,208.21013115863565,208.2101311586356,200.25899202471658,D12_I5,released_monthly_average_weekday,2025-10
PeMS::D12_I5_S::L5S-058,D12_I5_S,L5S-058,2025-10-01,MD,6,measured,False,True,8504.920289855072,0.0,0.0,True,True,True,PeMS_average_weekday,1317471.0509539952,1317471.0509539952,1279085.4031102022,1939.1996826179386,1939.1996826179386,1882.6994384100174,8636.168089952254,8636.168089952256,8384.545933411764,349.58271488136666,349.5827148813666,339.39732297010113,D12_I5,released_monthly_average_weekday,2025-10
PeMS::D12_I5_S::L5S-058,D12_I5_S,L5S-058,2025-10-01,PM,4,measured,False,True,5847.028985507245,0.0,0.0,True,True,True,PeMS_average_weekday,911939.6774631068,911939.6774631069,879355.6167534656,1342.2937314809465,1342.2937314809465,1294.3329052139968,5977.8651961767055,5977.865196176706,5764.2730833648875,241.97749774064891,241.97749774064894,233.3315207406325,D12_I5,released_monthly_average_weekday,2025-10
PeMS::D12_I5_S::L5S-061,D12_I5_S,L5S-061,2025-10-01,NT,10,measured,False,True,5315.877551020408,0.0,0.0,True,True,True,PeMS_average_weekday,246417.55017116567,246417.5501711657,246172.4882383982,362.70461862322975,362.7046186232297,362.34390935231227,1615.294227566858,1615.294227566858,1613.6878195609315,65.38535789524495,65.38535789524495,65.32033224196103,D12_I5,released_monthly_average_weekday,2025-10
PeMS::D12_I5_S::L5S-061,D12_I5_S,L5S-061,2025-10-01,AM,4,measured,False,True,5041.21114599686,4081.959183673469,0.8097179557565017,True,True,True,PeMS_average_weekday,193848.61837879394,171905.7906060813,225863.15276292196,207.73993616873298,163.53681770029573,231.696727950675,1726.7357891032448,1620.955721287798,1764.0741825473283,68.65855201725472,63.86124846933345,74.92944620469993,D12_I5,released_monthly_average_weekday,2025-10
PeMS::D12_I5_S::L5S-061,D12_I5_S,L5S-061,2025-10-01,MD,6,measured,False,True,7423.167594310451,0.0,0.0,True,True,True,PeMS_average_weekday,324849.9716894687,287513.97305419197,343758.7904844185,453.00019629258645,378.96607245241813,505.9822277854274,2075.6330738770985,1790.082836981346,2253.3767970631366,89.24392811392133,81.64853636994239,91.21424805111275,D12_I5,released_monthly_average_weekday,2025-10
PeMS::D12_I5_S::L5S-061,D12_I5_S,L5S-061,2025-10-01,PM,4,measured,False,True,4984.324175824176,1750.3979591836735,0.3511806009074919,True,False,False,PeMS_average_weekday,207198.47612985427,225671.84455650888,,265.5009430041714,297.45327396158655,,1552.2335507236237,1405.0492622645033,,63.553573011755034,64.08654025476224,,D12_I5,released_monthly_average_weekday,2025-10
PeMS::D12_I5_S::L5S-062,D12_I5_S,L5S-062,2025-10-01,NT,10,measured,False,True,4982.243478260869,0.0,0.0,True,True,True,PeMS_average_weekday,268999.4367773941,268999.4367773941,268545.5036608776,395.94313821574985,395.94313821574985,395.27498922314675,1763.320985633696,1763.320985633696,1760.34540397443,71.37732046719839,71.37732046719839,71.25687214984711,D12_I5,released_monthly_average_weekday,2025-10
PeMS::D12_I5_S::L5S-062,D12_I5_S,L5S-062,2025-10-01,AM,4,measured,False,True,3933.4434782608696,1852.295652173913,0.4709094365817316,True,True,True,PeMS_average_weekday,196190.27022312474,189333.52545301028,213155.72750327195,234.85839128821547,239.57220103870847,283.1982422544513,1494.7407629913364,2054.1405139938634,1483.2198679516882,62.620447475490884,73.13670848138442,61.10687181434764,D12_I5,released_monthly_average_weekday,2025-10
PeMS::D12_I5_S::L5S-062,D12_I5_S,L5S-062,2025-10-01,MD,6,measured,False,True,5991.377075098813,0.0,0.0,True,True,True,PeMS_average_weekday,341483.63619980525,349329.2318699574,322938.3271361676,498.624267953034,514.1814198352694,475.33636586106064,2229.8875895534647,2289.8916549083283,2116.8963627826392,91.09627313323861,92.69232988162744,85.68966813939544,D12_I5,released_monthly_average_weekday,2025-10
PeMS::D12_I5_S::L5S-062,D12_I5_S,L5S-062,2025-10-01,PM,4,measured,False,True,3876.6347826086953,0.0,0.0,True,True,True,PeMS_average_weekday,215389.40398888243,222719.8251882907,208952.6223973953,313.2880801010425,327.82368463057605,307.5595921001866,1403.8890771920644,1459.9530258354234,1369.7074926644755,57.606061560859004,59.09731457920649,55.444273304046355,D12_I5,released_monthly_average_weekday,2025-10
PeMS::D12_I5_S::L5S-063,D12_I5_S,L5S-063,2025-10-01,NT,10,measured,False,True,3970.625,0.0,0.0,True,True,True,PeMS_average_weekday,462445.25687093346,462445.2568709335,459230.21817834454,680.6781027203001,680.6781027203002,675.9458530000818,3031.37967839719,3031.37967839719,3010.304745065795,122.70696063028484,122.70696063028485,121.85387019327673,D12_I5,released_monthly_average_weekday,2025-10
PeMS::D12_I5_S::L5S-063,D12_I5_S,L5S-063,2025-10-01,AM,4,measured,False,True,3939.111721611721,0.0,0.0,True,True,True,PeMS_average_weekday,470339.6035250073,470339.60352500743,455585.48977670394,692.297875705043,692.2978757050431,670.5811384171145,3083.1279916641615,3083.1279916641624,2986.4131482857374,124.80167620946013,124.80167620946015,120.88676427567184,D12_I5,released_monthly_average_weekday,2025-10
PeMS::D12_I5_S::L5S-063,D12_I5_S,L5S-063,2025-10-01,MD,6,measured,False,True,5886.057005494506,0.0,0.0,True,True,True,PeMS_average_weekday,699055.1205360002,699055.1205360005,680763.1652053305,1028.9466830366,1028.9466830366002,1002.0225590142838,4582.383438876445,4582.383438876446,4462.477653610672,185.48991016670874,185.48991016670882,180.6362540652302,D12_I5,released_monthly_average_weekday,2025-10
PeMS::D12_I5_S::L5S-063,D12_I5_S,L5S-063,2025-10-01,PM,4,measured,False,True,3761.9574175824173,0.0,0.0,True,True,True,PeMS_average_weekday,407706.8728413471,461430.51574952505,435096.37038350763,572.6550596504252,679.1844944477315,640.4229851919362,2613.843014458234,3024.727938394308,2852.1047101863846,111.50851833419759,122.43770541145717,115.4501044129633,D12_I5,released_monthly_average_weekday,2025-10
PeMS::D12_I5_S::L5S-065,D12_I5_S,L5S-065,2025-10-01,NT,10,measured,False,True,4461.739130434782,0.0,0.0,True,True,True,PeMS_average_weekday,316348.00089223334,316348.00089223334,312996.3888762183,465.63599441735266,465.63599441735266,460.70272096666963,2073.696047171129,2073.696047171129,2051.725860637125,83.94096623156966,83.94096623156966,83.05163691618235,D12_I5,released_monthly_average_weekday,2025-10
PeMS::D12_I5_S::L5S-065,D12_I5_S,L5S-065,2025-10-01,AM,4,measured,False,True,4795.330434782609,0.0,0.0,True,True,True,PeMS_average_weekday,329669.71632118244,332922.2789684661,336398.22178687586,434.55776623332724,438.81779780076107,495.14812826435895,2137.121461395819,2072.798241071358,2205.127457190667,95.32831524389374,94.5436373542701,89.2611671189021,D12_I5,released_monthly_average_weekday,2025-10
PeMS::D12_I5_S::L5S-065,D12_I5_S,L5S-065,2025-10-01,MD,6,measured,False,True,7085.591304347826,0.0,0.0,True,True,True,PeMS_average_weekday,436402.95067904954,427883.4068746897,497062.7879576387,580.8775812390645,563.9840472737571,731.6320157096942,2729.1916090337827,2664.033106770497,3258.3014138747562,123.24396394266208,121.51080358698967,131.89250629447045,D12_I5,released_monthly_average_weekday,2025-10
PeMS::D12_I5_S::L5S-065,D12_I5_S,L5S-065,2025-10-01,PM,4,measured,False,True,4591.791304347826,0.0,0.0,True,True,True,PeMS_average_weekday,292895.6533479558,278971.33207792504,322119.7059528753,395.31694851573525,367.70619848957324,474.13142861581696,1843.3906295826137,1736.8957350409935,2111.5302106111826,82.05526071610419,79.22258772808412,85.47245212124649,D12_I5,released_monthly_average_weekday,2025-10
PeMS::D12_I5_S::L5S-066,D12_I5_S,L5S-066,2025-10-01,NT,10,measured,False,True,5095.875438596491,0.0,0.0,True,True,True,PeMS_average_weekday,650949.5550715986,650949.5550715987,649364.9547832086,958.1395884798167,958.1395884798167,955.8071984253276,4267.0461499759085,4267.0461499759085,4256.658920263335,172.72539882221164,172.72539882221164,172.30493503257762,D12_I5,released_monthly_average_weekday,2025-10
PeMS::D12_I5_S::L5S-066,D12_I5_S,L5S-066,2025-10-01,AM,4,measured,False,True,4181.377192982456,3609.298245614035,0.8631840848205388,True,True,True,PeMS_average_weekday,512605.4845102469,536487.6631366863,542729.9337267581,478.16871092338135,510.36957426225416,568.515609843726,4452.506101206796,5058.71700944883,4205.805241536947,186.77607191980343,199.29969686019396,178.29729815465166,D12_I5,released_monthly_average_weekday,2025-10
PeMS::D12_I5_S::L5S-066,D12_I5_S,L5S-066,2025-10-01,MD,6,measured,False,True,6765.411306042884,0.0,0.0,True,True,True,PeMS_average_weekday,894358.6431929708,794075.8991627445,862113.1069185489,1245.5067978026773,1046.65460790703,1268.953471202756,5710.948672655638,4943.974107595233,5651.246529104611,245.90341951341804,225.5025529526651,228.75632844696193,D12_I5,released_monthly_average_weekday,2025-10
PeMS::D12_I5_S::L5S-066,D12_I5_S,L5S-066,2025-10-01,PM,4,measured,False,True,4446.745614035088,0.0,0.0,True,True,True,PeMS_average_weekday,573836.0531337587,506591.1196587731,566646.6536288845,801.0680239201436,667.7270148542408,834.0532492747882,3668.370422648308,3154.0730317736857,3714.431330240198,157.54217713039498,143.86230699943405,150.35615045248073,D12_I5,released_monthly_average_weekday,2025-10
PeMS::D12_I5_S::L5S-067,D12_I5_S,L5S-067,2025-10-01,NT,10,measured,False,True,8957.321739130435,0.0,0.0,True,True,True,PeMS_average_weekday,795344.2296172999,776397.9531945186,745174.9010687673,1060.922543963271,1023.3536821070102,982.1992390433236,4978.813350025011,4833.90993459297,4639.512948823008,224.3366570346473,220.48235028564372,211.615593376443,D12_I5,released_monthly_average_weekday,2025-10
PeMS::D12_I5_S::L5S-067,D12_I5_S,L5S-067,2025-10-01,AM,4,measured,False,True,4911.895652173913,1410.7478260869561,0.28721046332948574,True,True,True,PeMS_average_weekday,366725.12283889577,338280.7488708919,408590.3815312749,380.8474916549869,321.8120632503087,514.5254224769117,3383.197926561932,3189.759422009808,2664.3212298248905,133.01303853436568,125.66784911590983,120.70434811180029,D12_I5,released_monthly_average_weekday,2025-10
PeMS::D12_I5_S::L5S-067,D12_I5_S,L5S-067,2025-10-01,MD,6,measured,False,True,8634.478260869564,0.0,0.0,True,True,True,PeMS_average_weekday,802422.281313645,845077.9699726037,718317.0004618503,1049.1310653050737,1113.8793561738191,946.7984096533644,5743.312998477179,5261.516697394958,4472.293712821802,244.4107587472411,239.9861774848066,203.9884570281486,D12_I5,released_monthly_average_weekday,2025-10
PeMS::D12_I5_S::L5S-067,D12_I5_S,L5S-067,2025-10-01,PM,4,measured,False,True,5821.2956521739125,0.0,0.0,True,True,True,PeMS_average_weekday,526484.5474444637,564705.9586521545,484283.5322918585,686.3095778790118,744.326952069728,638.3238568771661,3947.611338185196,3515.9002318603343,3015.1843758388695,164.33044667849265,160.36582331476143,137.52737364261284,D12_I5,released_monthly_average_weekday,2025-10
PeMS::D12_I5_S::L5S-068,D12_I5_S,L5S-068,2025-10-01,NT,10,measured,False,True,4110.6869565217385,0.0,0.0,True,True,True,PeMS_average_weekday,226374.22238859878,226374.22238859878,227912.41078314095,333.2026308213602,333.2026308213601,335.4667067145973,1483.9080026574636,1483.9080026574634,1493.990997285437,60.06698605214968,60.06698605214967,60.4751347356245,D12_I5,released_monthly_average_weekday,2025-10
PeMS::D12_I5_S::L5S-068,D12_I5_S,L5S-068,2025-10-01,AM,4,measured,False,True,3157.1565217391308,1816.2086956521737,0.5752672327603539,True,True,True,PeMS_average_weekday,153039.32598410326,134372.64187838964,178930.99696351078,166.2343286195955,127.8309134398405,230.39795418680893,1217.14732378337,1267.0434304126736,1265.6955377585161,51.63960350293471,49.91806640266272,52.38646782279921,D12_I5,released_monthly_average_weekday,2025-10
PeMS::D12_I5_S::L5S-068,D12_I5_S,L5S-068,2025-10-01,MD,6,measured,False,True,5212.208300395257,0.0,0.0,True,True,True,PeMS_average_weekday,277965.44107451936,237069.35542890555,288985.0216792344,393.5695663385856,312.47609140994683,425.36013365600553,1788.789204397615,1476.010991116339,1894.3286995894023,75.64285060693236,67.32321801030317,76.68037059753581,D12_I5,released_monthly_average_weekday,2025-10
PeMS::D12_I5_S::L5S-068,D12_I5_S,L5S-068,2025-10-01,PM,4,measured,False,True,3524.721739130435,0.0,0.0,True,True,True,PeMS_average_weekday,200072.09545898048,200072.09545898045,195424.22894315925,294.48824984338023,294.48824984338023,287.6470055778576,1311.4946588325938,1311.4946588325936,1281.0273810421427,53.087880945777705,53.087880945777705,51.854598594844504,D12_I5,released_monthly_average_weekday,2025-10
PeMS::D12_I5_S::L5S-069,D12_I5_S,L5S-069,2025-10-01,NT,10,measured,False,True,4486.097826086957,0.0,0.0,True,True,True,PeMS_average_weekday,321205.0810936786,321205.08109367866,315102.7886038554,472.7851825367213,472.78518253672144,463.8031531775653,2105.534743752497,2105.5347437524974,2065.5335432418633,85.22976212730359,85.2297621273036,83.61055692803347,D12_I5,released_monthly_average_weekday,2025-10
PeMS::D12_I5_S::L5S-069,D12_I5_S,L5S-069,2025-10-01,AM,4,measured,False,True,3970.358695652174,0.0,0.0,True,True,True,PeMS_average_weekday,252019.5721382322,233626.8155317831,278877.35516655573,344.40983148517915,307.93855255500097,410.48255157995055,1595.2475170567782,1454.5774881808106,1828.0718304631578,70.0873040114043,66.34560171913876,73.99836441754493,D12_I5,released_monthly_average_weekday,2025-10
PeMS::D12_I5_S::L5S-069,D12_I5_S,L5S-069,2025-10-01,MD,6,measured,False,True,7360.554347826088,0.0,0.0,True,True,True,PeMS_average_weekday,473906.0978048333,430320.11899098026,517004.1516221887,653.6231311673496,567.1958258548066,760.983921439435,3012.555094863992,2679.2042530341055,3389.0192527412846,131.06963068816032,122.20278379141796,137.18382259568415,D12_I5,released_monthly_average_weekday,2025-10
PeMS::D12_I5_S::L5S-069,D12_I5_S,L5S-069,2025-10-01,PM,4,measured,False,True,4626.902173913044,0.0,0.0,True,True,True,PeMS_average_weekday,334948.6683405067,334948.66834050673,324992.86331188894,493.01451509608376,493.0145150960838,478.36045955708596,2195.6254744266826,2195.625474426682,2130.3640740826854,88.87653716534037,88.87653716534037,86.23482648166836,D12_I5,released_monthly_average_weekday,2025-10
PeMS::D12_I5_S::L5S-071,D12_I5_S,L5S-071,2025-10-01,NT,10,measured,False,True,3044.782608695652,0.0,0.0,True,True,True,PeMS_average_weekday,304318.6853786509,304318.6853786509,299571.875523576,447.92991669431007,447.92991669431007,440.94303667311823,1994.8425568366415,1994.8425568366415,1963.7266945413867,80.7490624911743,80.74906249117429,79.48952614313755,D12_I5,released_monthly_average_weekday,2025-10
PeMS::D12_I5_S::L5S-071,D12_I5_S,L5S-071,2025-10-01,AM,4,measured,False,True,3039.4434782608696,0.0,0.0,True,True,True,PeMS_average_weekday,297987.547365239,320072.9099120907,299046.5659945985,427.32532387107676,471.1187277069059,440.16982797822385,1929.201710670206,2098.1132367495825,1960.2832326237847,80.43644564478781,84.92934757543671,79.35013854053328,D12_I5,released_monthly_average_weekday,2025-10
PeMS::D12_I5_S::L5S-071,D12_I5_S,L5S-071,2025-10-01,MD,6,measured,False,True,5344.895652173913,0.0,0.0,True,True,True,PeMS_average_weekday,536659.9832818856,559478.2425853,525876.7606024498,778.2553126072469,823.5019886527593,774.0436091692387,3492.924795802356,3667.4416049893566,3447.1801834839143,143.81205969288737,148.45405735359464,139.53811397320968,D12_I5,released_monthly_average_weekday,2025-10
PeMS::D12_I5_S::L5S-071,D12_I5_S,L5S-071,2025-10-01,PM,4,measured,False,True,3367.4086956521737,0.0,0.0,True,True,True,PeMS_average_weekday,340672.99725368153,340672.9972536816,331314.60214266984,501.4402158381163,501.4402158381163,487.66549432454207,2233.1490819932806,2233.1490819932806,2171.803769568874,90.39545209018257,90.39545209018257,87.91226039692219,D12_I5,released_monthly_average_weekday,2025-10
PeMS::D12_I5_S::L5S-077,D12_I5_S,L5S-077,2025-10-01,NT,10,measured,False,True,2829.747826086956,0.0,0.0,True,True,True,PeMS_average_weekday,225492.73817226695,225492.73817226698,221520.61527866937,331.9051648077384,331.9051648077384,326.0585547824128,1478.1297763690231,1478.1297763690234,1452.092072574153,59.83308972080546,59.83308972080547,58.779111719557704,D12_I5,released_monthly_average_weekday,2025-10
PeMS::D12_I5_S::L5S-077,D12_I5_S,L5S-077,2025-10-01,AM,4,measured,False,True,2598.9565217391305,0.0,0.0,True,True,True,PeMS_average_weekday,182969.05896050093,172706.16786890267,203453.6231358416,247.99078243336618,227.6403384166994,299.465556474129,1153.7729532753615,1075.2811199359353,1333.6609458239109,51.13310429464444,49.04528875158222,53.98514819492721,D12_I5,released_monthly_average_weekday,2025-10
PeMS::D12_I5_S::L5S-077,D12_I5_S,L5S-077,2025-10-01,MD,6,measured,False,True,4757.695652173913,0.0,0.0,True,True,True,PeMS_average_weekday,350965.182487995,313006.7086302334,372445.79126883263,487.83594625511665,412.56750675731547,548.2069300102803,2239.113459289712,1948.8024565449286,2441.4232521191298,96.61001567965634,88.88799164141687,98.82616453971995,D12_I5,released_monthly_average_weekday,2025-10
PeMS::D12_I5_S::L5S-077,D12_I5_S,L5S-077,2025-10-01,PM,4,measured,False,True,3025.8173913043474,0.0,0.0,True,True,True,PeMS_average_weekday,245718.14587008476,245718.14587008473,236869.49206690196,361.6751579776271,361.6751579776271,348.65073012829964,1610.7095552109859,1610.7095552109856,1552.7056532969768,65.19977533220151,65.1997753322015,62.85184031129759,D12_I5,released_monthly_average_weekday,2025-10
PeMS::D12_I5_S::L5S-079,D12_I5_S,L5S-079,2025-10-01,NT,10,measured,False,True,4009.3791208791213,0.0,0.0,True,True,True,PeMS_average_weekday,572708.8794402028,572708.8794402028,565999.7604565201,842.9763040627886,842.9763040627885,833.1010803192517,3754.169889252847,3754.1698892528475,3710.1908741263924,151.96472420885286,151.96472420885283,150.1845013894751,D12_I5,released_monthly_average_weekday,2025-10
PeMS::D12_I5_S::L5S-079,D12_I5_S,L5S-079,2025-10-01,AM,4,measured,False,True,4071.4127106227106,0.0,0.0,True,True,True,PeMS_average_weekday,611279.4772641286,617828.3574531493,574756.9759446457,896.4022697880299,909.3881446715337,845.9909191380196,3999.8464170724924,4049.9330454668334,3767.5953877972024,162.60463447926625,163.93689589822282,152.50817382457208,D12_I5,released_monthly_average_weekday,2025-10
PeMS::D12_I5_S::L5S-079,D12_I5_S,L5S-079,2025-10-01,MD,6,measured,False,True,6808.474959895177,0.0,0.0,True,True,True,PeMS_average_weekday,959744.1822163593,1048681.2836884616,961145.1250162452,1367.2104177878814,1543.5651591915312,1414.7197542076128,6194.019793657326,6874.221511100746,6300.412333514201,260.16824577949103,278.26102890961386,255.03385592789186,D12_I5,released_monthly_average_weekday,2025-10
PeMS::D12_I5_S::L5S-079,D12_I5_S,L5S-079,2025-10-01,PM,4,measured,False,True,4549.9684432234435,0.0,0.0,True,True,True,PeMS_average_weekday,631961.91709168,588592.413902054,642314.1766609796,861.8092348105656,775.8111823306297,945.4290829540729,3996.3142437329984,3664.619033680476,4210.440291789917,175.97193383034985,167.14912532093146,170.4340550946768,D12_I5,released_monthly_average_weekday,2025-10
PeMS::D12_I5_S::L5S-083,D12_I5_S,L5S-083,2025-10-01,NT,10,measured,False,True,5121.623188405797,0.0,0.0,True,True,True,PeMS_average_weekday,59440.84236014268,59440.842360142684,59078.06765257888,87.49160944057559,87.4916094405756,86.95763748175332,389.64127952476116,389.6412795247612,387.26325129329786,15.772256272384398,15.7722562723844,15.675996269503413,D12_I5,released_monthly_average_weekday,2025-10
PeMS::D12_I5_S::L5S-083,D12_I5_S,L5S-083,2025-10-01,AM,4,measured,False,True,4621.304347826086,1496.2173913043482,0.3237651707592437,True,True,True,PeMS_average_weekday,48851.155015926925,54336.36620145582,53280.34340866563,61.671837683411326,71.6196123338354,74.74833079905139,350.6791001131594,338.30215459763446,361.89100425757647,14.950903881583487,15.430501428790958,14.7930085253125,D12_I5,released_monthly_average_weekday,2025-10
PeMS::D12_I5_S::L5S-083,D12_I5_S,L5S-083,2025-10-01,MD,6,measured,False,True,6332.17490118577,0.0,0.0,True,True,True,PeMS_average_weekday,78386.82907183452,80700.4243670813,73041.81573667437,114.19615123409847,118.78381479916226,107.51102712414962,511.3055281920248,529.0001850590412,478.7971605451744,20.942690859393373,21.413353577594314,19.381189610657167,D12_I5,released_monthly_average_weekday,2025-10
PeMS::D12_I5_S::L5S-083,D12_I5_S,L5S-083,2025-10-01,PM,4,measured,False,True,4178.934782608696,0.0,0.0,True,True,True,PeMS_average_weekday,51140.5561776182,51140.5561776182,48204.130354915615,75.27432973706004,75.27432973706006,70.95217326971857,335.2319878632227,335.23198786322274,315.98339263209954,13.569827174699029,13.56982717469903,12.790664922591247,D12_I5,released_monthly_average_weekday,2025-10
PeMS::D12_I5_S::L5S-084,D12_I5_S,L5S-084,2025-10-01,NT,10,measured,False,True,4643.063492063492,0.0,0.0,True,True,True,PeMS_average_weekday,377629.07125341054,378195.4233629188,378987.2454608199,555.5468464971323,556.6698747739988,557.8353661598079,2474.7811953406263,2479.1127248281937,2484.3032060382825,100.23657853091967,100.35179350558165,100.56189855380029,D12_I5,released_monthly_average_weekday,2025-10
PeMS::D12_I5_S::L5S-084,D12_I5_S,L5S-084,2025-10-01,AM,4,measured,False,True,4894.380952380952,2346.4682539682535,0.47942084541391805,True,True,True,PeMS_average_weekday,349027.22812463914,422499.54550539766,401892.8462337607,423.37707081792416,556.8876937432652,532.7567962838929,2761.2578263670293,2630.5127956305582,2836.51784426094,113.35013495743628,119.98188867495334,117.12340523207422,D12_I5,released_monthly_average_weekday,2025-10
PeMS::D12_I5_S::L5S-084,D12_I5_S,L5S-084,2025-10-01,MD,6,measured,False,True,6821.479761904761,0.0,0.0,True,True,True,PeMS_average_weekday,570921.552057339,592205.1802187082,556799.1541253002,829.4694845498288,871.6731169867044,819.558609792499,3719.1905273461407,3881.970291799468,3649.879884561682,152.8081435300713,157.1379458529705,147.74317796343584,D12_I5,released_monthly_average_weekday,2025-10
PeMS::D12_I5_S::L5S-084,D12_I5_S,L5S-084,2025-10-01,PM,4,measured,False,True,4648.0384920634915,0.0,0.0,True,True,True,PeMS_average_weekday,375077.35609801725,349614.80454508704,379393.3268227032,511.3099455428582,460.81986187397825,558.4330816447218,2371.467791675733,2176.7271152862786,2486.965114166648,104.46393445524757,99.28399924754072,100.66964970692588,D12_I5,released_monthly_average_weekday,2025-10
PeMS::D12_I5_S::L5S-085,D12_I5_S,L5S-085,2025-10-01,NT,10,measured,False,True,4576.104347826087,0.0,0.0,True,True,True,PeMS_average_weekday,613720.5182024019,664646.5703339963,651302.5119119828,877.3183220634617,978.3003712388922,958.65910941529,3967.342985111467,4356.831596154063,4269.359821004845,165.99975279604155,176.35981627505302,172.81905371535564,D12_I5,released_monthly_average_weekday,2025-10
PeMS::D12_I5_S::L5S-085,D12_I5_S,L5S-085,2025-10-01,AM,4,measured,False,True,4507.895652173913,0.0,0.0,True,True,True,PeMS_average_weekday,543096.9108016022,513774.83909543976,641594.5831944908,735.3389084704951,677.1957231455089,944.3699056607132,3423.0581434023634,3198.7993897056617,4205.723277227411,151.86743838157128,145.90234759803684,170.24311546268723,D12_I5,released_monthly_average_weekday,2025-10
PeMS::D12_I5_S::L5S-085,D12_I5_S,L5S-085,2025-10-01,MD,6,measured,False,True,7397.927272727271,0.0,0.0,True,True,True,PeMS_average_weekday,909979.5481018005,834417.5717592348,1052923.6768734087,1249.6611121146855,1099.8281112941913,1549.8095829394629,5773.051426850303,5195.144285388598,6902.030866473178,252.33066081668534,236.95882579822174,279.3867214446522,D12_I5,released_monthly_average_weekday,2025-10
PeMS::D12_I5_S::L5S-085,D12_I5_S,L5S-085,2025-10-01,PM,4,measured,False,True,4922.982608695652,0.0,0.0,True,True,True,PeMS_average_weekday,623308.3345959336,718179.3084273443,700672.6017219614,868.9746711985274,1057.0957790356094,1031.327470834696,3982.159908881553,4707.744600394099,4592.986206500204,171.26446260787276,190.5643939803124,185.91909869715,D12_I5,released_monthly_average_weekday,2025-10
PeMS::D12_I5_S::L5S-086,D12_I5_S,L5S-086,2025-10-01,NT,10,measured,False,True,7244.657608695653,0.0,0.0,True,True,True,PeMS_average_weekday,685561.7646169066,691620.9762684146,692303.5332886769,1005.9893832130889,1018.0042868497546,1019.0089498031475,4487.310218877512,4533.651803025065,4538.126039596483,182.28465996710767,183.51730641651594,183.69841865881668,D12_I5,released_monthly_average_weekday,2025-10
PeMS::D12_I5_S::L5S-086,D12_I5_S,L5S-086,2025-10-01,AM,4,measured,False,True,4791.059782608696,4435.945652173913,0.9258798373328947,True,True,True,PeMS_average_weekday,417607.0647393487,376885.7695767894,462958.62148194277,362.6611489228276,291.3963441592188,452.0401285373499,3673.244974380482,3375.613425618686,3823.141015673155,156.2470613553644,146.96223154956482,163.74700525133582,D12_I5,released_monthly_average_weekday,2025-10
PeMS::D12_I5_S::L5S-086,D12_I5_S,L5S-086,2025-10-01,MD,6,measured,False,True,8672.026679841896,918.0434782608695,0.10586262152477681,True,False,False,PeMS_average_weekday,748525.0769947332,783667.8714722212,,968.0867334440911,1032.9360072631923,,4902.703073102081,4879.1729727574475,,218.7230487696597,222.54686972655324,,D12_I5,released_monthly_average_weekday,2025-10
PeMS::D12_I5_S::L5S-086,D12_I5_S,L5S-086,2025-10-01,PM,4,measured,False,True,5370.195652173913,3184.3369565217386,0.5929647936072282,True,False,False,PeMS_average_weekday,459916.9105265509,352710.5383362398,,545.8431365275908,335.53936028276115,,3778.7402825115687,3325.8226093426415,,150.95668087348184,131.02836877704425,,D12_I5,released_monthly_average_weekday,2025-10
PeMS::D12_I5_S::L5S-091,D12_I5_S,L5S-091,2025-10-01,NT,10,measured,False,True,4862.669871794871,0.0,0.0,True,True,True,PeMS_average_weekday,167592.99054492617,163619.2939509276,164436.00648069597,250.27051195136966,240.832982758943,242.0351106367207,1214.0462986677885,1072.5425232655539,1077.8961640025875,46.58460070973012,43.415357737780724,43.6320673066379,D12_I5,released_monthly_average_weekday,2025-10
PeMS::D12_I5_S::L5S-091,D12_I5_S,L5S-091,2025-10-01,AM,4,measured,False,True,3694.8637820512818,2469.0048076923076,0.6682262062504473,True,True,True,PeMS_average_weekday,108107.73135742774,109893.46665068089,128020.06236587705,126.64164739918222,139.05313188609904,155.6474170508835,897.5873670108301,1192.2696814010446,931.4458831938878,36.33759082286143,42.45020217739679,38.84990982193906,D12_I5,released_monthly_average_weekday,2025-10
PeMS::D12_I5_S::L5S-091,D12_I5_S,L5S-091,2025-10-01,MD,6,measured,False,True,6282.384469696969,0.0,0.0,True,True,True,PeMS_average_weekday,210024.3055318321,184282.45715688335,212445.06425685095,293.94270552173066,242.8987999044552,312.70015449851326,1344.2327084538495,1147.3559361621342,1392.6008343593874,57.56948972876633,52.332736199503344,56.37097093881395,D12_I5,released_monthly_average_weekday,2025-10
PeMS::D12_I5_S::L5S-091,D12_I5_S,L5S-091,2025-10-01,PM,4,measured,False,True,4031.489583333333,0.0,0.0,True,True,True,PeMS_average_weekday,132016.57488266972,122037.92791953906,136328.82032502972,180.6424175082591,160.85560552975954,200.66384374407565,836.1348851103268,759.8169852717298,893.6504578065058,36.686456650572815,34.65646587678294,36.174001008438175,D12_I5,released_monthly_average_weekday,2025-10
PeMS::D12_I5_S::L5S-093,D12_I5_S,L5S-093,2025-10-01,NT,10,measured,False,True,4734.223410576351,0.0,0.0,True,True,True,PeMS_average_weekday,671373.579373079,671373.5793730788,673112.5562353169,988.2019275456598,988.2019275456596,990.7615461246713,4400.927882567399,4400.927882567398,4412.327067753252,178.1447861088958,178.14478610889574,178.60621275821518,D12_I5,released_monthly_average_weekday,2025-10
PeMS::D12_I5_S::L5S-093,D12_I5_S,L5S-093,2025-10-01,AM,4,measured,False,True,5143.331912878788,0.0,0.0,True,True,True,PeMS_average_weekday,665876.9621091416,624357.6120679717,731279.6611394073,905.2818872438936,822.9525317942454,1076.3783278271144,4204.8407647601225,3887.295749938641,4793.6188577275825,185.7521913262599,177.30576589115418,194.0404907519798,D12_I5,released_monthly_average_weekday,2025-10
PeMS::D12_I5_S::L5S-093,D12_I5_S,L5S-093,2025-10-01,MD,6,measured,False,True,8402.557413856304,0.0,0.0,True,True,True,PeMS_average_weekday,1155874.2370055832,1034541.4383951668,1194676.8053065492,1604.1998028867743,1363.6071371877117,1758.4575236047222,7369.097915740122,6441.1299852481425,7831.238262369074,318.4733751989726,293.7902229993504,317.0000287311397,D12_I5,released_monthly_average_weekday,2025-10
PeMS::D12_I5_S::L5S-093,D12_I5_S,L5S-093,2025-10-01,PM,4,measured,False,True,5600.475063131313,2979.3639520202014,0.5319841474938007,True,False,False,PeMS_average_weekday,713996.5970275566,839630.309881309,,880.9937647244371,1106.6989109004182,,5678.264188947618,5227.5991707873145,,228.9776114056158,238.43914494106542,,D12_I5,released_monthly_average_weekday,2025-10
PeMS::D12_I5_S::L5S-095,D12_I5_S,L5S-095,2025-10-01,NT,10,measured,False,True,4569.77536231884,0.0,0.0,True,True,True,PeMS_average_weekday,298583.6603488894,298583.66034888936,294950.75484376313,439.48847222426537,439.48847222426537,434.1411598886961,1957.2488350457606,1957.2488350457604,1933.4347386567247,79.22730941860021,79.22730941860023,78.26334063274352,D12_I5,released_monthly_average_weekday,2025-10
PeMS::D12_I5_S::L5S-095,D12_I5_S,L5S-095,2025-10-01,AM,4,measured,False,True,3689.474308300395,0.0,0.0,True,True,True,PeMS_average_weekday,217144.2983852962,212286.9588058901,238132.7627574413,289.4426329066195,279.810939819516,350.51015172270996,1358.8635144235486,1321.7139933639455,1560.9865320447168,61.27363102485876,60.285485581113626,63.18704129906048,D12_I5,released_monthly_average_weekday,2025-10
PeMS::D12_I5_S::L5S-095,D12_I5_S,L5S-095,2025-10-01,MD,6,measured,False,True,5802.526350461133,0.0,0.0,True,True,True,PeMS_average_weekday,364979.0407697215,419351.8849567733,374517.2117609063,509.43176331259815,617.2485092743078,551.255875911512,2333.0477772929517,2748.8978711923723,2455.0016419756403,100.21114719393745,111.27240353983794,99.3758030298831,D12_I5,released_monthly_average_weekday,2025-10
PeMS::D12_I5_S::L5S-095,D12_I5_S,L5S-095,2025-10-01,PM,4,measured,False,True,3962.13768115942,0.0,0.0,True,True,True,PeMS_average_weekday,267900.91969797737,267900.91969797737,255731.49820211032,394.3262192176339,394.3262192176339,376.41391800589867,1756.1200849834263,1756.120084983426,1676.3481844777687,71.0858358211502,71.0858358211502,67.85675583341131,D12_I5,released_monthly_average_weekday,2025-10
PeMS::D12_I5_S::L5S-096,D12_I5_S,L5S-096,2025-10-01,NT,10,measured,False,True,4039.6684981684984,0.0,0.0,True,True,True,PeMS_average_weekday,372544.98935818643,372544.98935818643,364604.65047250036,548.3529407353371,548.3529407353371,536.6654712946603,2442.0735065389445,2442.073506538945,2390.0237091196286,98.85248613317145,98.85248613317147,96.74556680259018,D12_I5,released_monthly_average_weekday,2025-10
PeMS::D12_I5_S::L5S-096,D12_I5_S,L5S-096,2025-10-01,AM,4,measured,False,True,3198.9020146520147,582.1547619047619,0.18198580614170212,True,True,True,PeMS_average_weekday,278659.96281267947,284423.71604518866,288518.6780294638,366.8675820376548,374.89287020374064,418.9422679412703,1865.4262724083412,1770.8426728428349,1910.9700171963107,81.84687096898418,80.77096176335269,77.57862031623414,D12_I5,released_monthly_average_weekday,2025-10
PeMS::D12_I5_S::L5S-096,D12_I5_S,L5S-096,2025-10-01,MD,6,measured,False,True,5206.146062271062,0.0,0.0,True,True,True,PeMS_average_weekday,457495.1001551593,409839.8577087067,469886.3449324424,634.697538177781,540.201227649732,691.6307195514339,2916.1657244135936,2551.6926617578742,3080.156831583816,126.08144783542309,116.3867765191159,124.68140687282657,D12_I5,released_monthly_average_weekday,2025-10
PeMS::D12_I5_S::L5S-096,D12_I5_S,L5S-096,2025-10-01,PM,4,measured,False,True,3414.9908424908426,0.0,0.0,True,True,True,PeMS_average_weekday,321949.9694962014,321949.9694962013,308223.6928742235,473.8815917160441,473.8815917160441,453.67773884991016,2110.4175694113865,2110.417569411387,2020.440311792903,85.42741361258594,85.42741361258594,81.78523184073676,D12_I5,released_monthly_average_weekday,2025-10
PeMS::D12_I5_S::L5S-101,D12_I5_S,L5S-101,2025-10-01,NT,10,measured,False,True,2624.978260869565,0.0,0.0,True,True,True,PeMS_average_weekday,40979.38377837464,40979.38377837464,40148.60383269505,60.317991776259326,60.317991776259326,59.095157919059474,268.6243817474698,268.6243817474698,263.1785275471402,10.873623541888271,10.873623541888271,10.653181272079483,D12_I5,released_monthly_average_weekday,2025-10
PeMS::D12_I5_S::L5S-101,D12_I5_S,L5S-101,2025-10-01,AM,4,measured,False,True,2688.572463768116,0.0,0.0,True,True,True,PeMS_average_weekday,42739.25941106217,45722.83127511822,41121.26653862701,61.38375233613837,67.29992270638434,60.52683052338103,276.89948465037446,299.7182034129078,269.55443889424237,11.525309332986259,12.132267709141965,10.91127124616835,D12_I5,released_monthly_average_weekday,2025-10
PeMS::D12_I5_S::L5S-101,D12_I5_S,L5S-101,2025-10-01,MD,6,measured,False,True,4716.782608695652,0.0,0.0,True,True,True,PeMS_average_weekday,77041.89455337972,78512.19339709228,72142.40176554267,112.64745620199363,115.5629343104223,106.18717011332743,503.4110661036681,514.656089632595,472.90140273590765,20.533612161526136,20.832720156676015,19.142535730860132,D12_I5,released_monthly_average_weekday,2025-10
PeMS::D12_I5_S::L5S-101,D12_I5_S,L5S-101,2025-10-01,PM,4,measured,False,True,3019.579710144928,0.0,0.0,True,True,True,PeMS_average_weekday,47569.17624940943,47569.17624940943,46183.96705643304,70.01757755394712,70.0175775539471,67.9786733780761,311.8211984187345,311.8211984187345,302.7409993345658,12.622183816408922,12.622183816408922,12.254627208611987,D12_I5,released_monthly_average_weekday,2025-10
PeMS::D12_I5_S::L5S-107,D12_I5_S,L5S-107,2025-10-01,NT,10,measured,False,True,4273.788429406851,0.0,0.0,True,True,True,PeMS_average_weekday,760578.5009790781,760578.500979078,755156.756970747,1119.5036024788967,1119.5036024788967,1111.5232796835094,4985.67598529237,4985.67598529237,4950.135855159922,201.8147549125546,201.81475491255458,200.37612900236726,D12_I5,released_monthly_average_weekday,2025-10
PeMS::D12_I5_S::L5S-107,D12_I5_S,L5S-107,2025-10-01,AM,4,measured,False,True,3390.1954887218044,3059.3082706766927,0.9023987793193999,True,True,True,PeMS_average_weekday,630792.2617431015,606625.6684310167,633960.3134632799,497.31329207757517,469.02408189207216,673.7315386666343,5578.182267637532,5433.300792916857,4885.623801133701,237.61127683525655,236.54663864856894,206.83159460614522,D12_I5,released_monthly_average_weekday,2025-10
PeMS::D12_I5_S::L5S-107,D12_I5_S,L5S-107,2025-10-01,MD,6,measured,False,True,5652.524644945697,1259.3730158730157,0.22279832375416636,True,False,False,PeMS_average_weekday,1005247.9270972001,941841.4770934217,,1379.2778344625121,1241.4212834782925,,7057.315329880031,5863.973306731473,,288.66942297248534,267.46518536227126,,D12_I5,released_monthly_average_weekday,2025-10
PeMS::D12_I5_S::L5S-107,D12_I5_S,L5S-107,2025-10-01,PM,4,measured,False,True,3751.1127819548865,1773.9774436090224,0.4729203163772956,True,False,False,PeMS_average_weekday,632947.659220043,717723.4858512104,,790.9926845426924,946.0161106278665,,4859.169241424988,4468.598447834442,,195.90908306474088,203.81991009194877,,D12_I5,released_monthly_average_weekday,2025-10
PeMS::D12_I5_S::L5S-121,D12_I5_S,L5S-121,2025-10-01,NT,10,measured,False,True,2993.8478260869565,0.0,0.0,True,True,True,PeMS_average_weekday,251838.58775720745,251838.5877572075,249717.46812527158,370.68390162811994,370.68390162812005,367.56180303318973,1650.8297270232633,1650.8297270232638,1636.9255538218626,66.8237963606899,66.82379636068991,66.26097051416873,D12_I5,released_monthly_average_weekday,2025-10
PeMS::D12_I5_S::L5S-121,D12_I5_S,L5S-121,2025-10-01,AM,4,measured,False,True,3438.347826086956,0.0,0.0,True,True,True,PeMS_average_weekday,261501.87545825908,236487.9425607368,286793.30531862774,361.3102542969634,311.7097434346376,422.1341229836652,1663.7006590646938,1472.391072454811,1879.961757042929,72.24677889843035,67.15810774032794,76.09881234998572,D12_I5,released_monthly_average_weekday,2025-10
PeMS::D12_I5_S::L5S-121,D12_I5_S,L5S-121,2025-10-01,MD,6,measured,False,True,5506.920289855072,0.0,0.0,True,True,True,PeMS_average_weekday,428836.0395613077,376199.824868972,459333.36356233136,600.23417027215,495.86101354806215,676.0976737901825,2744.8155201789637,2342.2473788653183,3010.9808744374177,117.54161053331006,106.83364275095839,121.8812391767056,D12_I5,released_monthly_average_weekday,2025-10
PeMS::D12_I5_S::L5S-121,D12_I5_S,L5S-121,2025-10-01,PM,4,measured,False,True,3577.065217391304,0.0,0.0,True,True,True,PeMS_average_weekday,306115.38627922256,306115.3862792226,298363.75169857615,450.5744999006166,450.5744999006166,439.16478633789734,2006.6201294622183,2006.6201294622183,1955.807309581376,81.22580585354028,81.22580585354028,79.16895803171644,D12_I5,released_monthly_average_weekday,2025-10
PeMS::D12_I5_S::L5S-122,D12_I5_S,L5S-122,2025-10-01,NT,10,measured,False,True,3483.4869565217386,0.0,0.0,True,True,True,PeMS_average_weekday,781241.3317021707,781241.3317021707,775567.5192271975,1149.9174432621114,1149.9174432621114,1141.566098203915,5121.123120324022,5121.123120324021,5083.930653583098,207.2975079917075,207.29750799170748,205.79199728823312,D12_I5,released_monthly_average_weekday,2025-10
PeMS::D12_I5_S::L5S-122,D12_I5_S,L5S-122,2025-10-01,AM,4,measured,False,True,4052.3782608695656,0.0,0.0,True,True,True,PeMS_average_weekday,855302.3028999825,739412.2739784847,902226.1297315182,1204.403756722531,974.6036424460037,1327.9962570396285,5489.9753839404375,4603.634414848958,5914.191819141947,233.55502683311508,209.97911615563442,239.40006851768447,D12_I5,released_monthly_average_weekday,2025-10
PeMS::D12_I5_S::L5S-122,D12_I5_S,L5S-122,2025-10-01,MD,6,measured,False,True,6491.673913043478,0.0,0.0,True,True,True,PeMS_average_weekday,1359890.1995939587,1530405.5021610982,1445313.702967966,1914.5027645048592,2252.6201709848274,2127.37264477222,8727.855235717014,10031.976909762516,9474.190778237098,371.395021966905,406.0835415908806,383.5049641302712,D12_I5,released_monthly_average_weekday,2025-10
PeMS::D12_I5_S::L5S-122,D12_I5_S,L5S-122,2025-10-01,PM,4,measured,False,True,4146.35652173913,0.0,0.0,True,True,True,PeMS_average_weekday,941317.6567417411,941317.656741741,923149.5571918786,1385.535492316474,1385.535492316474,1358.7936729380876,6170.441091495015,6170.441091495015,6051.347194536913,249.7727610570738,249.7727610570738,244.9519693134702,D12_I5,released_monthly_average_weekday,2025-10
PeMS::D12_I5_S::L5S-123,D12_I5_S,L5S-123,2025-10-01,NT,10,measured,False,True,3283.8173913043474,0.0,0.0,True,True,True,PeMS_average_weekday,293861.2739042417,293861.27390424174,291397.5801345279,432.5375412812068,432.53754128120687,428.9112041614369,1926.2930709003867,1926.2930709003872,1910.1432864311116,77.97425366997979,77.9742536699798,77.32052791560425,D12_I5,released_monthly_average_weekday,2025-10
PeMS::D12_I5_S::L5S-123,D12_I5_S,L5S-123,2025-10-01,AM,4,measured,False,True,3883.1739130434785,0.0,0.0,True,True,True,PeMS_average_weekday,302476.8216114727,287125.5180884952,344582.94925252814,408.8943932005263,378.4540581975596,507.19531586078796,1905.0729157484764,1787.6642882073602,2258.7792487140086,84.66119143755017,81.53822249873168,91.43293343280703,D12_I5,released_monthly_average_weekday,2025-10
PeMS::D12_I5_S::L5S-123,D12_I5_S,L5S-123,2025-10-01,MD,6,measured,False,True,6183.608695652173,0.0,0.0,True,True,True,PeMS_average_weekday,506054.8973009586,454373.99671687867,548717.6647469271,701.3795818712405,598.9007321318878,807.6633794371348,3224.2272227033873,2828.9654393256073,3596.904830090271,139.54725553640827,129.03363061767286,145.59880523119938,D12_I5,released_monthly_average_weekday,2025-10
PeMS::D12_I5_S::L5S-123,D12_I5_S,L5S-123,2025-10-01,PM,4,measured,False,True,3885.7652173913048,0.0,0.0,True,True,True,PeMS_average_weekday,351607.30285976175,351607.3028597617,344812.89499139535,517.5345368067663,517.5345368067661,507.5337754447824,2304.8246615763287,2304.824661576329,2260.2865684012136,93.29680179069263,93.29680179069263,91.49394809845028,D12_I5,released_monthly_average_weekday,2025-10
PeMS::D12_I5_S::L5S-125,D12_I5_S,L5S-125,2025-10-01,NT,10,measured,False,True,3111.104347826087,0.0,0.0,True,True,True,PeMS_average_weekday,439835.29240441264,439835.2924044127,436505.13301437104,647.398255025938,647.3982550259382,642.4965579240856,2883.1688668584247,2883.1688668584247,2861.339304654453,116.70754777346785,116.70754777346787,115.82391077839655,D12_I5,released_monthly_average_weekday,2025-10
PeMS::D12_I5_S::L5S-125,D12_I5_S,L5S-125,2025-10-01,AM,4,measured,False,True,3492.0521739130427,0.0,0.0,True,True,True,PeMS_average_weekday,447601.15353994275,407454.3902423918,489954.2182608417,616.6646257172649,537.056993555405,721.1688362038412,2843.8878736611596,2536.8405683995356,3211.7039552541464,123.87654417862123,115.70934882711981,130.00629172320507,D12_I5,released_monthly_average_weekday,2025-10
PeMS::D12_I5_S::L5S-125,D12_I5_S,L5S-125,2025-10-01,MD,6,measured,False,True,5647.234782608696,0.0,0.0,True,True,True,PeMS_average_weekday,735132.3563279074,655591.813576558,792338.248528522,1021.8438317441031,864.1216706230748,1166.251113419126,4690.097851515665,4081.7621525743093,5193.864634396148,202.35689760153863,186.1756890144357,210.2420055639005,D12_I5,released_monthly_average_weekday,2025-10
PeMS::D12_I5_S::L5S-125,D12_I5_S,L5S-125,2025-10-01,PM,4,measured,False,True,3497.113043478261,0.0,0.0,True,True,True,PeMS_average_weekday,498440.0926368427,498440.0926368427,490664.2862289179,733.6592851474907,733.6592851474907,722.2139928145566,3267.3297979990757,3267.3297979990757,3216.3585291236495,132.25796548890685,132.25796548890685,130.19470382368397,D12_I5,released_monthly_average_weekday,2025-10
PeMS::D12_I5_S::L5S-130,D12_I5_S,L5S-130,2025-10-01,NT,10,measured,False,True,3383.2941176470586,0.0,0.0,True,True,True,PeMS_average_weekday,363719.41932566033,363719.41932566033,357649.567981753,535.3624901340854,535.3624901340854,526.4282112433881,2384.2209212883245,2384.2209212883245,2344.432376068262,96.5106762466377,96.51067624663769,94.90007910281966,D12_I5,released_monthly_average_weekday,2025-10
PeMS::D12_I5_S::L5S-130,D12_I5_S,L5S-130,2025-10-01,AM,4,measured,False,True,3499.2941176470586,0.0,0.0,True,True,True,PeMS_average_weekday,370944.2386656074,389127.4458864318,369911.98101569165,536.7050750068479,572.7608352490831,544.4773876911933,2411.705968743311,2550.7733385531315,2424.8138463653377,99.55346447070005,103.2525374043919,98.1538338143914,D12_I5,released_monthly_average_weekday,2025-10
PeMS::D12_I5_S::L5S-130,D12_I5_S,L5S-130,2025-10-01,MD,6,measured,False,True,6404.211764705881,0.0,0.0,True,True,True,PeMS_average_weekday,654110.4654750187,724824.3396407908,676992.1535830415,926.6570465864472,1066.8766713070343,996.4719668128112,4210.475243940704,4751.303513116127,4437.758256386977,177.9420427385469,192.32761151012903,179.6356396837496,D12_I5,released_monthly_average_weekday,2025-10
PeMS::D12_I5_S::L5S-130,D12_I5_S,L5S-130,2025-10-01,PM,4,measured,False,True,4099.058823529412,0.0,0.0,True,True,True,PeMS_average_weekday,443037.90758797404,443037.90758797404,433313.38228041725,652.1122184507985,652.1122184507987,637.798585998405,2904.1623627175113,2904.1623627175118,2840.4170264611726,117.55734170994864,117.55734170994866,114.97699965576338,D12_I5,released_monthly_average_weekday,2025-10
PeMS::D12_I5_S::L5S-132,D12_I5_S,L5S-132,2025-10-01,NT,10,measured,False,True,2929.215686274509,0.0,0.0,True,True,True,PeMS_average_weekday,94168.62149975842,96691.27294625051,94270.16738705066,137.31871105580865,142.32091526680605,138.7572641880327,614.5284180805309,633.8219616974576,617.9513476466767,25.143233638121863,25.656425374515347,25.01400013580777,D12_I5,released_monthly_average_weekday,2025-10
PeMS::D12_I5_S::L5S-132,D12_I5_S,L5S-132,2025-10-01,AM,4,measured,False,True,3016.549019607843,0.0,0.0,True,True,True,PeMS_average_weekday,97732.43735536309,102250.75372042872,97080.7927672095,141.5445355158483,150.50397427595874,142.8942536431067,635.708341046655,670.2649715259428,636.3753070979005,26.212422100290613,27.131598875261858,25.7597820261946,D12_I5,released_monthly_average_weekday,2025-10
PeMS::D12_I5_S::L5S-132,D12_I5_S,L5S-132,2025-10-01,MD,6,measured,False,True,5474.343137254902,0.0,0.0,True,True,True,PeMS_average_weekday,170416.0365349892,187555.85152750285,176179.32551068856,242.07865518843187,276.0654569919435,259.32022708717545,1098.361919247707,1229.4492989980724,1154.8749158343742,46.279961758372515,49.766773790888,46.74808366635234,D12_I5,released_monthly_average_weekday,2025-10
PeMS::D12_I5_S::L5S-132,D12_I5_S,L5S-132,2025-10-01,PM,4,measured,False,True,3485.2450980392155,0.0,0.0,True,True,True,PeMS_average_weekday,114373.10164184781,114373.1016418478,112164.71368652381,168.34698739171404,168.34698739171407,165.0964376214094,749.7282995576675,749.7282995576675,735.2520728685166,30.34818818402698,30.348188184026977,29.76220623294392,D12_I5,released_monthly_average_weekday,2025-10
PeMS::D12_I5_S::L5S-135,D12_I5_S,L5S-135,2025-10-01,NT,10,measured,False,True,6113.9478260869555,0.0,0.0,True,True,True,PeMS_average_weekday,408018.4427171671,408018.4427171671,404634.9869028892,600.5666948404356,600.5666948404356,595.5865501636714,2674.6059069415223,2674.6059069415223,2652.4269807967153,108.26514542649738,108.26514542649738,107.36736655812686,D12_I5,released_monthly_average_weekday,2025-10
PeMS::D12_I5_S::L5S-135,D12_I5_S,L5S-135,2025-10-01,AM,4,measured,False,True,5325.0,1213.8347826086956,0.22795019391712593,True,True,True,PeMS_average_weekday,326956.53994771047,355167.7715600647,348894.8755825367,417.20261580852764,468.13910997092995,499.4803388701983,2273.103327505515,2211.3002904340533,2335.372810671512,98.52860569246074,100.86093696805297,95.08446637859468,D12_I5,released_monthly_average_weekday,2025-10
PeMS::D12_I5_S::L5S-135,D12_I5_S,L5S-135,2025-10-01,MD,6,measured,False,True,7424.029249011856,0.0,0.0,True,True,True,PeMS_average_weekday,426457.46859701385,426457.46859701385,491339.15816602757,562.1045482605091,562.1045482605091,723.2073440121432,2655.155111693085,2655.1551116930855,3220.782389127139,121.10586405626235,121.10586405626236,130.3737768771687,D12_I5,released_monthly_average_weekday,2025-10
PeMS::D12_I5_S::L5S-135,D12_I5_S,L5S-135,2025-10-01,PM,4,measured,False,True,4856.721739130435,0.0,0.0,True,True,True,PeMS_average_weekday,307394.7033572573,270833.7007405767,321428.90211115626,429.4775315040531,356.9801591453939,473.11462707802013,1965.8532260062832,1686.2302524700888,2107.0019152152795,84.3493857868423,76.91165417186552,85.2891516363791,D12_I5,released_monthly_average_weekday,2025-10
PeMS::D12_I5_S::L5S-136,D12_I5_S,L5S-136,2025-10-01,NT,10,measured,False,True,4994.772727272727,0.0,0.0,True,True,True,PeMS_average_weekday,276104.209178946,276104.209178946,275052.4718650436,406.40072844225654,406.4007284422566,404.8526650796195,1809.8935525650345,1809.8935525650345,1802.999298438723,73.2625274498871,73.2625274498871,72.98345552244719,D12_I5,released_monthly_average_weekday,2025-10
PeMS::D12_I5_S::L5S-136,D12_I5_S,L5S-136,2025-10-01,AM,4,measured,False,True,3639.10606060606,2478.166666666667,0.6809822592128438,True,True,True,PeMS_average_weekday,213780.38995491504,179759.22745431244,201886.1074992219,199.52125515050312,138.98423856090858,245.37677951804667,1778.3623351850797,1610.030705736123,1469.096639587752,75.82566338585356,70.09502438358581,61.27735536394988,D12_I5,released_monthly_average_weekday,2025-10
PeMS::D12_I5_S::L5S-136,D12_I5_S,L5S-136,2025-10-01,MD,6,measured,False,True,6211.527272727272,0.0,0.0,True,True,True,PeMS_average_weekday,345815.3837076834,293797.74725043005,342056.7909110154,491.14733119615016,387.2485820015361,503.477036471987,2264.6865598875156,1829.2060706129575,2242.2200020851424,94.52162867512618,83.43300952285362,90.76263309443772,D12_I5,released_monthly_average_weekday,2025-10
PeMS::D12_I5_S::L5S-136,D12_I5_S,L5S-136,2025-10-01,PM,4,measured,False,True,4145.287878787878,0.0,0.0,True,True,True,PeMS_average_weekday,230427.84584856752,205572.20260419408,228272.98455987446,320.78742765012123,270.9603620260234,335.9974390998711,1492.0230104941927,1279.9074345261788,1496.3545981724885,63.792088932360315,58.378621681159316,60.570810735255954,D12_I5,released_monthly_average_weekday,2025-10
PeMS::D12_I5_S::L5S-137,D12_I5_S,L5S-137,2025-10-01,NT,10,measured,False,True,6481.097222222221,0.0,0.0,True,True,True,PeMS_average_weekday,342046.5233533123,334524.49331434,333956.42148707283,511.4985124741787,492.3901673538534,491.5540163763098,2549.388716109185,2192.844960332742,2189.1211868320697,96.64751994921518,88.76398497140421,88.61325066002799,D12_I5,released_monthly_average_weekday,2025-10
PeMS::D12_I5_S::L5S-137,D12_I5_S,L5S-137,2025-10-01,AM,4,measured,False,True,4960.667735042734,4628.9626068376065,0.9331329679950293,True,True,True,PeMS_average_weekday,234326.93300178822,214682.05858018348,266577.48145936773,198.57533133463215,165.9854844004525,262.29490845059064,2080.7368778418836,1922.8203813491884,2194.5243963152184,87.97383755052854,83.71277705185393,93.93019855100424,D12_I5,released_monthly_average_weekday,2025-10
PeMS::D12_I5_S::L5S-137,D12_I5_S,L5S-137,2025-10-01,MD,6,measured,False,True,8386.905303030304,421.4583333333333,0.05025194849655148,True,True,True,PeMS_average_weekday,419060.9833641141,394262.300080186,433156.82038408157,569.8578984230664,519.6687791910653,625.7242986931283,2701.5149119585494,2454.7056588074233,2880.096501648303,117.70037173283914,111.96304445810955,117.0473661761627,D12_I5,released_monthly_average_weekday,2025-10
PeMS::D12_I5_S::L5S-137,D12_I5_S,L5S-137,2025-10-01,PM,4,measured,False,True,5404.402777777777,893.3472222222223,0.16529989694616273,True,True,True,PeMS_average_weekday,266875.54528473853,258155.0072235699,271195.5828392052,359.7152532381657,340.2686420148425,385.6253241473982,1796.7093008542706,1607.291787605069,1852.5288174495604,76.55643225039286,73.31114475053187,74.72288883878096,D12_I5,released_monthly_average_weekday,2025-10
PeMS::D12_I5_S::L5S-142,D12_I5_S,L5S-142,2025-10-01,NT,10,measured,False,True,7486.252173913043,0.0,0.0,True,True,True,PeMS_average_weekday,531233.1980552364,523432.10720289353,524514.288804954,790.8926679709673,770.4452977732519,772.03817240813,3845.864344467713,3431.155210741664,3438.2490305356405,148.02026527960808,138.88944046213552,139.17659059129323,D12_I5,released_monthly_average_weekday,2025-10
PeMS::D12_I5_S::L5S-142,D12_I5_S,L5S-142,2025-10-01,AM,4,measured,False,True,5748.347826086957,5359.417391304347,0.9323404834659484,True,False,False,PeMS_average_weekday,330369.48046953,312521.2858645971,,332.8818330310687,297.30666066401034,,3020.590937593077,2946.8650506792023,,119.75424194810697,116.09847125096549,,D12_I5,released_monthly_average_weekday,2025-10
PeMS::D12_I5_S::L5S-142,D12_I5_S,L5S-142,2025-10-01,MD,6,measured,False,True,9619.306324110672,248.0956521739131,0.025791428593147557,True,False,False,PeMS_average_weekday,622334.3100268587,626347.2748018012,,819.4836699557064,825.5750640619282,,3945.009999480282,3899.683534342212,,178.28704857356652,177.8707925170301,,D12_I5,released_monthly_average_weekday,2025-10
PeMS::D12_I5_S::L5S-142,D12_I5_S,L5S-142,2025-10-01,PM,4,measured,False,True,6087.347826086956,3126.478260869565,0.5136026969694806,True,False,False,PeMS_average_weekday,381040.37804735894,449355.7107044496,,470.1343840973618,592.2862357289089,,3060.8154023114503,2797.7212268566027,,122.83847572728887,127.60853220020097,,D12_I5,released_monthly_average_weekday,2025-10
PeMS::D12_I5_S::L5S-146,D12_I5_S,L5S-146,2025-10-01,NT,10,measured,False,True,3569.442028985508,0.0,0.0,True,True,True,PeMS_average_weekday,252515.4284663477,266123.6104670338,248423.71747569155,364.7263061921654,391.71017881654575,365.6575176621862,1640.3926037490442,1744.4696268916616,1628.4448755798871,67.8458782376309,70.61423791720608,65.91768185964214,D12_I5,released_monthly_average_weekday,2025-10
PeMS::D12_I5_S::L5S-146,D12_I5_S,L5S-146,2025-10-01,AM,4,measured,False,True,4589.242392872828,0.0,0.0,True,True,True,PeMS_average_weekday,307944.4534576323,276468.4446244769,319399.12355392246,426.8214558611419,364.40719559956455,470.12697438453415,1962.0449018985573,1721.3125763314551,2093.696492835821,84.91508866476309,78.5118149781482,84.75056257354393,D12_I5,released_monthly_average_weekday,2025-10
PeMS::D12_I5_S::L5S-146,D12_I5_S,L5S-146,2025-10-01,MD,6,measured,False,True,5505.110671936758,0.0,0.0,True,True,True,PeMS_average_weekday,374347.2229031649,374347.22290316486,383141.1316200379,493.41913817295745,493.4191381729574,563.9495154731865,2330.712944738445,2330.712944738445,2511.5323880924584,106.30753879372318,106.30753879372317,101.66410630234705,D12_I5,released_monthly_average_weekday,2025-10
PeMS::D12_I5_S::L5S-146,D12_I5_S,L5S-146,2025-10-01,PM,4,measured,False,True,3792.0378787878785,0.0,0.0,True,True,True,PeMS_average_weekday,252835.74667890745,252835.74667890742,263915.79944635235,333.25743746172714,333.2574374617271,388.4604782424909,1574.173685881931,1574.1736858819309,1729.9971820727435,71.80057525219237,71.80057525219235,70.02840905212707,D12_I5,released_monthly_average_weekday,2025-10
PeMS::D12_I5_S::L5S-147,D12_I5_S,L5S-147,2025-10-01,NT,10,measured,False,True,2723.295652173913,0.0,0.0,True,True,True,PeMS_average_weekday,110521.3389376913,110521.3389376913,110027.20168654018,162.6775368121273,162.6775368121273,161.95021092522597,724.4795700834088,724.4795700834088,721.2404458860628,29.326147007317402,29.3261470073174,29.19503077394261,D12_I5,released_monthly_average_weekday,2025-10
PeMS::D12_I5_S::L5S-147,D12_I5_S,L5S-147,2025-10-01,AM,4,measured,False,True,2673.3043478260865,0.0,0.0,True,True,True,PeMS_average_weekday,108872.73711294743,108872.73711294743,108007.44179684158,160.2509422140967,160.2509422140967,158.97730481527248,713.6728032390214,713.6728032390214,708.0006969776144,28.8887008097444,28.8887008097444,28.65910010196461,D12_I5,released_monthly_average_weekday,2025-10
PeMS::D12_I5_S::L5S-147,D12_I5_S,L5S-147,2025-10-01,MD,6,measured,False,True,4698.566403162055,0.0,0.0,True,True,True,PeMS_average_weekday,192286.6902183391,192286.69021833912,189832.53355750552,283.0288288862582,283.0288288862582,279.4165295387036,1260.4604685497122,1260.4604685497122,1244.3732008813354,51.02207229024462,51.02207229024463,50.37087714814481,D12_I5,released_monthly_average_weekday,2025-10
PeMS::D12_I5_S::L5S-147,D12_I5_S,L5S-147,2025-10-01,PM,4,measured,False,True,3020.121739130435,0.0,0.0,True,True,True,PeMS_average_weekday,123555.95381310552,123555.95381310555,122019.63582027858,181.8633253811795,181.86332538117952,179.60200255216327,809.9229086450849,809.922908645085,799.852174706708,32.78480065460689,32.7848006546069,32.37714827054529,D12_I5,released_monthly_average_weekday,2025-10
PeMS::D12_I5_S::L5S-149,D12_I5_S,L5S-149,2025-10-01,NT,10,measured,False,True,5406.907894736842,0.0,0.0,True,True,True,PeMS_average_weekday,712902.3145824908,712902.3145824907,706599.4884040249,1049.3285155487142,1049.328515548714,1040.0513185157874,4673.153323552913,4673.153323552912,4631.8376025892,189.1641766219421,189.16417662194206,187.49176106085784,D12_I5,released_monthly_average_weekday,2025-10
PeMS::D12_I5_S::L5S-149,D12_I5_S,L5S-149,2025-10-01,AM,4,measured,False,True,4817.622807017543,1237.7719298245613,0.2569258697508599,True,True,True,PeMS_average_weekday,587965.4989510529,631368.5317025074,626621.8945960301,755.3429208360832,832.193476329761,893.2380656670051,4101.179043789144,3930.946243776978,4207.565840802539,176.72786660238336,179.29673461064397,171.45792954033288,D12_I5,released_monthly_average_weekday,2025-10
PeMS::D12_I5_S::L5S-149,D12_I5_S,L5S-149,2025-10-01,MD,6,measured,False,True,6646.658382066276,0.0,0.0,True,True,True,PeMS_average_weekday,928159.7756731928,965511.3819724963,868615.7603934805,1347.0814218444293,1421.1464943607718,1278.5247961632786,6043.364023373433,6329.033629572891,5693.872140042747,248.59384807580895,256.19241494103346,230.481766933108,D12_I5,released_monthly_average_weekday,2025-10
PeMS::D12_I5_S::L5S-149,D12_I5_S,L5S-149,2025-10-01,PM,4,measured,False,True,4407.912280701754,0.0,0.0,True,True,True,PeMS_average_weekday,617046.2319112387,617046.2319112387,576046.1659621574,908.2369257498414,908.2369257498412,847.8884916660708,4044.806126251042,4044.8061262510423,3776.046170592815,163.72936377057482,163.72936377057482,152.85025234386353,D12_I5,released_monthly_average_weekday,2025-10
PeMS::D12_I5_S::L5S-152,D12_I5_S,L5S-152,2025-10-01,NT,10,measured,False,True,2873.8521739130433,0.0,0.0,True,True,True,PeMS_average_weekday,269759.80793077144,269759.8079307715,267379.29293670773,397.0623366210836,397.0623366210837,393.5584312277827,1768.3053024325832,1768.3053024325834,1752.7007640144532,71.57908020371984,71.57908020371985,70.94742541795586,D12_I5,released_monthly_average_weekday,2025-10
PeMS::D12_I5_S::L5S-152,D12_I5_S,L5S-152,2025-10-01,AM,4,measured,False,True,3034.0347826086954,0.0,0.0,True,True,True,PeMS_average_weekday,249577.17316977726,248511.09664575596,282282.46472911205,329.6711474139355,327.55720793762765,415.4945686396098,1555.4015835976934,1547.2481012988255,1850.3926993168957,70.78933199418731,70.57245634802874,74.90188897277899,D12_I5,released_monthly_average_weekday,2025-10
PeMS::D12_I5_S::L5S-152,D12_I5_S,L5S-152,2025-10-01,MD,6,measured,False,True,4383.078260869565,0.0,0.0,True,True,True,PeMS_average_weekday,388203.7440368327,335392.7693716366,407795.6329541602,546.7937897779702,442.07409882563144,600.2387387753713,2492.084420137424,2088.1796933975343,2673.1453643633636,105.98872976398275,95.24520995400195,108.20602424747975,D12_I5,released_monthly_average_weekday,2025-10
PeMS::D12_I5_S::L5S-152,D12_I5_S,L5S-152,2025-10-01,PM,4,measured,False,True,2685.391304347826,0.0,0.0,True,True,True,PeMS_average_weekday,237473.8418955213,265429.70416977303,249845.15025950345,335.2547030350566,390.68881074136846,367.7497397275096,1526.1111759686714,1739.920994557402,1637.7625242983765,64.74295615655979,70.4301142151376,66.29485017102671,D12_I5,released_monthly_average_weekday,2025-10
PeMS::D12_I5_S::L5S-154,D12_I5_S,L5S-154,2025-10-01,NT,10,measured,False,True,3963.9090909090905,0.0,0.0,True,True,True,PeMS_average_weekday,189314.26423884043,189314.2642388405,186464.32795695376,278.6536834044085,278.65368340440864,274.45883181407254,1240.9758883190475,1240.975888319048,1222.2942415699938,50.233357621376115,50.233357621376115,49.477144828738695,D12_I5,released_monthly_average_weekday,2025-10
PeMS::D12_I5_S::L5S-154,D12_I5_S,L5S-154,2025-10-01,AM,4,measured,False,True,4447.283080808081,0.0,0.0,True,True,True,PeMS_average_weekday,207784.64602633944,205926.06259181295,209202.48973394735,275.1121909474319,271.42677737370707,307.92737449615464,1296.32526353835,1282.110592458999,1371.3454006223692,58.85720930885378,58.479111232195926,55.51057404121155,D12_I5,released_monthly_average_weekday,2025-10
PeMS::D12_I5_S::L5S-154,D12_I5_S,L5S-154,2025-10-01,MD,6,measured,False,True,5996.1424963924965,0.0,0.0,True,True,True,PeMS_average_weekday,295078.41491924715,310684.1217104105,282061.6354416792,426.3544751372293,457.2992702792215,415.16952765765234,1917.2143597322777,2036.5686942627037,1848.945138974622,79.26336818704532,82.43809126539266,74.84329330058551,D12_I5,released_monthly_average_weekday,2025-10
PeMS::D12_I5_S::L5S-154,D12_I5_S,L5S-154,2025-10-01,PM,4,measured,False,True,3918.5097402597394,0.0,0.0,True,True,True,PeMS_average_weekday,187857.94263602063,203344.18207099926,184328.71908844364,268.5965675136066,299.3044690042723,271.31540635739015,1214.5029138402965,1332.9435475697044,1208.2950898243134,50.80568927233129,53.956108691904056,48.91047435378755,D12_I5,released_monthly_average_weekday,2025-10
PeMS::D12_I5_S::L5S-156,D12_I5_S,L5S-156,2025-10-01,NT,10,measured,False,True,4527.65909090909,0.0,0.0,True,True,True,PeMS_average_weekday,364841.22678118746,364841.2267811875,359330.3011031268,537.0136904850469,537.0136904850469,528.9021002394107,2391.5744929235257,2391.5744929235257,2355.449767106967,96.80834084852276,96.80834084852277,95.34605113927194,D12_I5,released_monthly_average_weekday,2025-10
PeMS::D12_I5_S::L5S-156,D12_I5_S,L5S-156,2025-10-01,AM,4,measured,False,True,4878.66544011544,1391.4785714285713,0.2852170513655156,True,True,True,PeMS_average_weekday,376140.0833418082,388910.3858195491,384814.1626706906,494.07980687196783,512.6145344671979,544.614463553566,2600.2400895153137,2421.38425268169,2597.4148410619346,112.32911980969901,110.44320192135721,105.99482753952903,D12_I5,released_monthly_average_weekday,2025-10
PeMS::D12_I5_S::L5S-156,D12_I5_S,L5S-156,2025-10-01,MD,6,measured,False,True,6632.258297258297,0.0,0.0,True,True,True,PeMS_average_weekday,533972.5739218885,448025.22734734725,526358.3947238013,760.958864424296,590.5325538227798,774.752531566119,3446.773251126044,2789.4375410338293,3450.337348286007,144.71526698150313,127.2307000634947,139.66591257918256,D12_I5,released_monthly_average_weekday,2025-10
PeMS::D12_I5_S::L5S-156,D12_I5_S,L5S-156,2025-10-01,PM,4,measured,False,True,4546.126623376624,0.0,0.0,True,True,True,PeMS_average_weekday,363438.52167604695,315768.077512717,360795.9467864589,511.56911074180675,416.207208539009,531.0593997427964,2364.619643663843,1965.9949393679342,2365.0572362596317,99.92181296192916,89.67216823373086,95.734951067405,D12_I5,released_monthly_average_weekday,2025-10
PeMS::D12_I5_S::L5S-158,D12_I5_S,L5S-158,2025-10-01,NT,10,measured,False,True,3998.1666666666665,0.0,0.0,True,True,True,PeMS_average_weekday,367865.2837526398,367865.2837526398,363201.22296784737,541.4648321742798,541.4648321742798,534.5997513916462,2411.3975200026734,2411.3975200026734,2380.8240869924716,97.61075547863607,97.61075547863607,96.37317607957542,D12_I5,released_monthly_average_weekday,2025-10
PeMS::D12_I5_S::L5S-158,D12_I5_S,L5S-158,2025-10-01,AM,4,measured,False,True,4444.409502923976,2576.2147660818714,0.5796528795078357,True,True,True,PeMS_average_weekday,365341.3118412537,361365.38261393586,413327.90750689135,431.63858303980646,457.25182523737345,529.9991707850328,2855.848604332799,3920.5696455824245,2978.8008435088204,118.64146802534307,139.59004133189643,123.65060022829098,D12_I5,released_monthly_average_weekday,2025-10
PeMS::D12_I5_S::L5S-158,D12_I5_S,L5S-158,2025-10-01,MD,6,measured,False,True,5751.373684210525,0.0,0.0,True,True,True,PeMS_average_weekday,534054.6214173061,577882.2924644512,522465.95252416277,763.6845452900927,850.5911058357833,769.0232044035359,3452.8828491016156,3788.082182387338,3424.821960230869,144.4214418570668,153.33745704340717,138.63307735241753,D12_I5,released_monthly_average_weekday,2025-10
PeMS::D12_I5_S::L5S-158,D12_I5_S,L5S-158,2025-10-01,PM,4,measured,False,True,4157.573245614035,0.0,0.0,True,True,True,PeMS_average_weekday,379352.76305666135,354443.20488391875,377682.0261083213,516.5776186173489,467.1840739962534,555.9141998827354,2397.300401868145,2206.789085787408,2475.747349183383,105.72261156690531,100.65517372120513,100.21556675058399,D12_I5,released_monthly_average_weekday,2025-10
PeMS::D12_I5_S::L5S-161,D12_I5_S,L5S-161,2025-10-01,NT,10,measured,False,True,5250.68,0.0,0.0,True,True,True,PeMS_average_weekday,799452.9894405105,681376.7760542595,880403.3332297064,1132.2434159650331,898.1082830117037,1295.8750502628222,5145.362370514441,4242.3011980099955,5771.140980456725,217.5187849733308,193.49813120496324,233.60952576391173,D12_I5,released_monthly_average_weekday,2025-10
PeMS::D12_I5_S::L5S-161,D12_I5_S,L5S-161,2025-10-01,AM,4,measured,False,True,5163.0599999999995,1908.06,0.3695599121451233,True,True,True,PeMS_average_weekday,665769.0659327088,558630.5721581989,855799.5180366312,743.9793391157415,531.4344893139129,1174.7001187552196,5677.466587808209,5267.5097146731905,5901.857881089239,228.81816263467775,207.52556179395285,242.23057264837868,D12_I5,released_monthly_average_weekday,2025-10
PeMS::D12_I5_S::L5S-161,D12_I5_S,L5S-161,2025-10-01,MD,6,measured,False,True,7340.0,0.0,0.0,True,True,True,PeMS_average_weekday,1037562.3344590424,1037562.3344590424,1230728.2991738298,1367.5889162451008,1367.5889162451008,1811.522101695231,6459.93830311459,6459.93830311459,8067.559782076295,294.6481004079544,294.6481004079544,326.5660674630928,D12_I5,released_monthly_average_weekday,2025-10
PeMS::D12_I5_S::L5S-161,D12_I5_S,L5S-161,2025-10-01,PM,4,measured,False,True,4543.719999999999,0.0,0.0,True,True,True,PeMS_average_weekday,693477.1214042142,693477.1214042142,761864.4124689527,914.0574916845144,914.0574916845144,1121.3963493071735,4317.638825264787,4317.638825264787,4994.105276977616,196.9344006735376,196.9344006735376,202.15596349501416,D12_I5,released_monthly_average_weekday,2025-10
PeMS::D12_I5_S::L5S-165,D12_I5_S,L5S-165,2025-10-01,NT,10,measured,False,True,4940.927472527472,0.0,0.0,True,True,True,PeMS_average_weekday,331707.0445489999,331707.0445489998,326229.05038937146,488.2431344854018,488.24313448540164,480.180016492758,2174.37627283886,2174.3762728388597,2138.4674167588187,88.01639253837615,88.01639253837612,86.56284100186193,D12_I5,released_monthly_average_weekday,2025-10
PeMS::D12_I5_S::L5S-165,D12_I5_S,L5S-165,2025-10-01,AM,4,measured,False,True,3945.9329670329666,0.0,0.0,True,True,True,PeMS_average_weekday,242699.50121628906,245626.4232288687,260533.6694158735,319.95876267462086,323.7549810632503,383.4822850010318,1588.6910486069812,1529.2879155067671,1707.826946587007,70.4840249893267,69.75326359752638,69.13098197220721,D12_I5,released_monthly_average_weekday,2025-10
PeMS::D12_I5_S::L5S-165,D12_I5_S,L5S-165,2025-10-01,MD,6,measured,False,True,6369.924725274725,0.0,0.0,True,True,True,PeMS_average_weekday,391253.3227013899,372211.4774069321,420579.84168610914,528.3624241496032,490.6040573131735,619.0559518728168,2463.049976197941,2317.4156384671915,2756.9472630283854,109.57477607941019,105.7010274232541,111.59823418855483,D12_I5,released_monthly_average_weekday,2025-10
PeMS::D12_I5_S::L5S-165,D12_I5_S,L5S-165,2025-10-01,PM,4,measured,False,True,4162.272527472527,0.0,0.0,True,True,True,PeMS_average_weekday,283461.7067778143,288530.63654553075,274817.67778399255,414.64006082052117,424.6913193344868,404.5070691690869,1852.5823664758864,1891.3501549076057,1801.460197333606,75.52861237035715,76.55980234024712,72.92115437948661,D12_I5,released_monthly_average_weekday,2025-10
PeMS::D12_I5_S::L5S-173,D12_I5_S,L5S-173,2025-10-01,NT,10,measured,False,True,3907.227272727273,0.0,0.0,True,True,True,PeMS_average_weekday,372715.18083235447,372715.1808323546,368086.9784306881,548.6034473802094,548.6034473802097,541.7911469339082,2443.1891304286146,2443.189130428615,2412.850753075906,98.89764537788218,98.89764537788221,97.6695807768244,D12_I5,released_monthly_average_weekday,2025-10
PeMS::D12_I5_S::L5S-173,D12_I5_S,L5S-173,2025-10-01,AM,4,measured,False,True,4319.489208410636,1900.847278911565,0.440062976708069,True,True,True,PeMS_average_weekday,368118.62486255966,435573.1751187822,410509.960077426,448.8655121731914,574.1197677696226,556.8046250050178,2731.7640710426936,2711.9101612589748,2853.946664646823,115.84867142583118,123.6945524861636,117.38351844361455,D12_I5,released_monthly_average_weekday,2025-10
PeMS::D12_I5_S::L5S-173,D12_I5_S,L5S-173,2025-10-01,MD,6,measured,False,True,5748.539579468151,0.0,0.0,True,True,True,PeMS_average_weekday,538323.7113301649,462432.15049320966,541550.9302377214,760.0085527529068,609.5220137878517,797.1145865239281,3459.563932409932,2879.136088840605,3549.926094707248,146.7608775838146,131.32199404812548,143.69715699023962,D12_I5,released_monthly_average_weekday,2025-10
PeMS::D12_I5_S::L5S-173,D12_I5_S,L5S-173,2025-10-01,PM,4,measured,False,True,3885.1428571428573,592.0649350649351,0.1523920630039177,True,True,True,PeMS_average_weekday,352884.55337858014,332435.6864658704,362610.98463194893,482.5517199565119,438.17643053907767,520.6353167293739,2428.380746460073,2069.768680879039,2449.2565142052113,101.157035714129,94.40545427668438,98.88668651370159,D12_I5,released_monthly_average_weekday,2025-10
PeMS::D12_I5_S::L5S-174,D12_I5_S,L5S-174,2025-10-01,NT,10,measured,False,True,5520.765217391305,0.0,0.0,True,True,True,PeMS_average_weekday,155916.8262012825,152650.68638886267,152652.11219761794,232.44525425071106,224.68817237565983,224.69027103876417,1116.9496906956206,1000.6420905766371,1000.6514369103312,43.10983350390667,40.504906227488796,40.50528455693687,D12_I5,released_monthly_average_weekday,2025-10
PeMS::D12_I5_S::L5S-174,D12_I5_S,L5S-174,2025-10-01,AM,4,measured,False,True,4558.2022021456805,4045.993506493506,0.8876292290387946,True,True,True,PeMS_average_weekday,110010.59439388462,98984.66035871544,128426.90533506197,116.30739519821186,94.1657421727147,124.91132301958768,984.2481450310727,933.3586202215647,1022.2878834675764,39.13709101930894,36.77179208177811,43.62234360881616,D12_I5,released_monthly_average_weekday,2025-10
PeMS::D12_I5_S::L5S-174,D12_I5_S,L5S-174,2025-10-01,MD,6,measured,False,True,7078.166403162055,279.48181818181814,0.03948505901994113,True,True,True,PeMS_average_weekday,187378.33085568075,174085.7038414082,195880.19250688137,256.374100491181,229.45867553525298,283.8888668105728,1208.2365425227229,1083.870210897838,1296.4800591289957,52.509338755952065,49.43705090431604,52.63492250290443,D12_I5,released_monthly_average_weekday,2025-10
PeMS::D12_I5_S::L5S-174,D12_I5_S,L5S-174,2025-10-01,PM,4,measured,False,True,4884.603557312253,1605.3565217391306,0.3286564616561177,True,False,False,PeMS_average_weekday,126834.1547941891,135191.12720799888,,163.65945986653455,178.19255865791945,,913.4116196035714,841.7097574648545,,38.11017754489186,38.39172597241137,,D12_I5,released_monthly_average_weekday,2025-10
PeMS::D12_I5_S::L5S-178,D12_I5_S,L5S-178,2025-10-01,NT,10,measured,False,True,3982.413043478261,0.0,0.0,True,True,True,PeMS_average_weekday,331374.8335719524,331374.83357195236,326721.5659669254,487.7541496073005,487.7541496073004,480.9049554210065,2172.198593232897,2172.1985932328967,2141.695910706823,87.9282424304967,87.92824243049668,86.69352693427615,D12_I5,released_monthly_average_weekday,2025-10
PeMS::D12_I5_S::L5S-178,D12_I5_S,L5S-178,2025-10-01,AM,4,measured,False,True,3358.326086956521,0.0,0.0,True,True,True,PeMS_average_weekday,247895.39095157184,230579.12902255988,275520.782545368,338.2581427173808,303.92146157956915,405.5419765616396,1568.0392383384078,1435.602371059697,1806.0691266149647,69.00282357521628,65.4801163302057,73.10771883655735,D12_I5,released_monthly_average_weekday,2025-10
PeMS::D12_I5_S::L5S-178,D12_I5_S,L5S-178,2025-10-01,MD,6,measured,False,True,6016.597826086957,0.0,0.0,True,True,True,PeMS_average_weekday,454454.7528712036,408648.1660545394,493608.3329556974,629.4610670952682,538.630484144793,726.5473665718389,2894.6074237667485,2544.2731031380335,3235.6570802217784,125.36695149127601,116.04835860386315,130.9758882350909,D12_I5,released_monthly_average_weekday,2025-10
PeMS::D12_I5_S::L5S-178,D12_I5_S,L5S-178,2025-10-01,PM,4,measured,False,True,3663.804347826087,0.0,0.0,True,True,True,PeMS_average_weekday,306848.39945509017,306848.3994550902,300582.55656793056,451.6534298072494,451.65342980724944,442.4306688749956,2011.4251117002404,2011.4251117002407,1970.35182029125,81.42030632159842,81.42030632159842,79.75770404587688,D12_I5,released_monthly_average_weekday,2025-10
PeMS::D12_I5_S::L5S-179,D12_I5_S,L5S-179,2025-10-01,NT,10,measured,False,True,3058.2260869565216,0.0,0.0,True,True,True,PeMS_average_weekday,255237.10530881686,255237.1053088168,251266.05567879774,375.6862158366032,375.6862158366031,369.84118555937846,1673.1073845179758,1673.1073845179753,1647.076716084271,67.72557176699071,67.7255717669907,66.67187854953025,D12_I5,released_monthly_average_weekday,2025-10
PeMS::D12_I5_S::L5S-179,D12_I5_S,L5S-179,2025-10-01,AM,4,measured,False,True,2606.6434782608694,0.0,0.0,True,True,True,PeMS_average_weekday,200866.28337373535,178214.71734047763,214163.70363751403,279.81717809703343,234.90104069136464,315.22983812162073,1282.819667118301,1109.5777482388332,1403.8667051097693,55.21769939934257,50.609612728945024,56.82700116441866,D12_I5,released_monthly_average_weekday,2025-10
PeMS::D12_I5_S::L5S-179,D12_I5_S,L5S-179,2025-10-01,MD,6,measured,False,True,4709.24347826087,0.0,0.0,True,True,True,PeMS_average_weekday,356893.37492742296,318081.631195211,386914.83244500007,496.2170560070593,419.2566545994874,569.5040659407377,2277.236206324027,1980.3992922954592,2536.269413336365,98.22478145910122,90.32917376978291,102.66543424696115,D12_I5,released_monthly_average_weekday,2025-10
PeMS::D12_I5_S::L5S-179,D12_I5_S,L5S-179,2025-10-01,PM,4,measured,False,True,2883.1391304347826,0.0,0.0,True,True,True,PeMS_average_weekday,241883.09004994508,241883.09004994505,236880.78535700683,356.03029843870087,356.0302984387008,348.66735284237836,1585.5703412046564,1585.5703412046564,1552.7796820595545,64.18216722282011,64.18216722282011,62.85483691529275,D12_I5,released_monthly_average_weekday,2025-10
PeMS::D12_I5_S::L5S-181,D12_I5_S,L5S-181,2025-10-01,NT,10,measured,False,True,4776.777631578947,0.0,0.0,True,True,True,PeMS_average_weekday,583264.8735820998,583264.8735820999,580959.8329937567,858.5137843549444,858.5137843549445,855.1209705438935,3823.3655954506894,3823.3655954506894,3808.255800088826,154.76569132515044,154.76569132515044,154.1540632015562,D12_I5,released_monthly_average_weekday,2025-10
PeMS::D12_I5_S::L5S-181,D12_I5_S,L5S-181,2025-10-01,AM,4,measured,False,True,3398.7894736842104,2687.9605263157896,0.7908582002880283,True,True,True,PeMS_average_weekday,500945.6668963348,415463.2115024292,420222.4898429838,409.05170842317,244.2895639566498,482.9937476014626,4344.286549917591,3756.7905965737286,3135.997656206094,186.1015634567595,164.9067589215363,131.67917300475096,D12_I5,released_monthly_average_weekday,2025-10
PeMS::D12_I5_S::L5S-181,D12_I5_S,L5S-181,2025-10-01,MD,6,measured,False,True,5927.637426900585,0.0,0.0,True,True,True,PeMS_average_weekday,705093.9379078413,615635.5519100032,720929.3618387247,988.844573689797,811.45616921177,1061.1436119642115,4517.180135762725,3832.9915711676304,4725.771503907334,193.027695441295,174.82886559144424,191.2941034770964,D12_I5,released_monthly_average_weekday,2025-10
PeMS::D12_I5_S::L5S-181,D12_I5_S,L5S-181,2025-10-01,PM,4,measured,False,True,3926.697368421052,624.8815789473683,0.15913667907609516,True,True,True,PeMS_average_weekday,459534.5271175742,428427.13914910174,472906.7623535154,631.7542126423527,564.7007292572819,677.5405121339687,3201.690497850751,2667.4184233239794,3202.293757476261,131.64748734940497,121.6652132802343,129.26223430408814,D12_I5,released_monthly_average_weekday,2025-10
PeMS::D12_I5_S::L5S-185,D12_I5_S,L5S-185,2025-10-01,NT,10,measured,False,True,6036.4695652173905,0.0,0.0,True,True,True,PeMS_average_weekday,331534.44058139285,324321.53505008196,321258.64480989764,495.6633947819886,477.3723243329489,472.86402354155155,2465.572579947304,2125.9634432617636,2105.885859821769,93.56775816544891,86.05669372029259,85.24397492486104,D12_I5,released_monthly_average_weekday,2025-10
PeMS::D12_I5_S::L5S-185,D12_I5_S,L5S-185,2025-10-01,AM,4,measured,False,True,4458.130434782608,4159.678260869565,0.9330544096277442,True,True,True,PeMS_average_weekday,287826.73350691836,259415.3664868191,247137.0120426862,206.6823815140018,152.5344844217308,249.190741460717,2556.253550820659,2345.7412893432834,2013.7825023948208,110.46719682606785,102.96783473819974,86.00607582278121,D12_I5,released_monthly_average_weekday,2025-10
PeMS::D12_I5_S::L5S-185,D12_I5_S,L5S-185,2025-10-01,MD,6,measured,False,True,8124.166007905137,1091.4339920948614,0.13434412726584521,True,False,False,PeMS_average_weekday,405232.88590587035,422243.43455525656,,525.3061743635226,556.5501193295559,,2645.038354527912,2628.918230290514,,118.15289626524859,119.90915800379602,,D12_I5,released_monthly_average_weekday,2025-10
PeMS::D12_I5_S::L5S-185,D12_I5_S,L5S-185,2025-10-01,PM,4,measured,False,True,5321.278260869565,3452.1130434782613,0.6487375540692251,True,False,False,PeMS_average_weekday,266019.13076795987,220445.71479525638,,302.3528682917605,209.71364923880517,,2192.774303823411,2078.6544849415213,,89.25402700922929,81.89333539554231,,D12_I5,released_monthly_average_weekday,2025-10
PeMS::D12_I5_S::L5S-187,D12_I5_S,L5S-187,2025-10-01,NT,10,measured,False,True,4676.12,2433.3999999999996,0.5203886983225409,True,False,False,PeMS_average_weekday,261142.09257851707,217752.72817624646,,293.04355311819,207.15176659232972,,2065.1429172068183,2053.2614365046693,,86.89695685529792,80.8929183241054,,D12_I5,released_monthly_average_weekday,2025-10
PeMS::D12_I5_S::L5S-187,D12_I5_S,L5S-187,2025-10-01,AM,4,measured,False,True,4371.199999999999,2664.7999999999997,0.6096266471449489,True,True,True,PeMS_average_weekday,242793.80930820786,202166.16873895502,300740.8365131933,271.1739658017749,192.32401518102282,379.23042345843197,2004.9998778230295,1906.2906881314257,2189.401143955057,82.04184020154742,75.10267041274918,91.11066070151497,D12_I5,released_monthly_average_weekday,2025-10
PeMS::D12_I5_S::L5S-187,D12_I5_S,L5S-187,2025-10-01,MD,6,measured,False,True,7094.239999999998,0.0,0.0,False,True,False,PeMS_average_weekday,,,,,,,,,,,,,D12_I5,released_monthly_average_weekday,2025-10
PeMS::D12_I5_S::L5S-187,D12_I5_S,L5S-187,2025-10-01,PM,4,measured,False,True,4584.84,1022.14,0.22293907748143882,True,False,False,PeMS_average_weekday,269276.4621075795,208186.165740972,,322.44747689160727,198.05093775183443,,2261.5405148648474,1963.0552016952265,,90.90646115019446,77.33903791948079,,D12_I5,released_monthly_average_weekday,2025-10
PeMS::D12_I5_S::L5S-190,D12_I5_S,L5S-190,2025-10-01,NT,10,measured,False,True,3005.7391304347825,0.0,0.0,True,True,True,PeMS_average_weekday,626217.05884436,629337.6521961505,618743.2589808877,920.1409259015113,926.3287982795375,910.7347979820048,4101.511066592011,4125.377742278493,4055.930325918333,166.35598224220502,166.99081537502255,164.1796593044353,D12_I5,released_monthly_average_weekday,2025-10
PeMS::D12_I5_S::L5S-190,D12_I5_S,L5S-190,2025-10-01,AM,4,measured,False,True,3575.7391304347825,0.0,0.0,True,True,True,PeMS_average_weekday,712984.4668832025,774368.3906766954,736080.007885005,1018.0819649562291,1139.8010881091063,1083.444009368108,4606.598554254742,5076.07023363983,4825.085660246709,192.98627142072073,205.47381601671844,195.314232779543,D12_I5,released_monthly_average_weekday,2025-10
PeMS::D12_I5_S::L5S-190,D12_I5_S,L5S-190,2025-10-01,MD,6,measured,False,True,6312.358695652174,0.0,0.0,True,True,True,PeMS_average_weekday,1161653.4908421207,1161653.4908421207,1299423.9425692288,1531.1508386832506,1531.1508386832504,1912.6359514250835,7232.538837630691,7232.538837630691,8517.867303429797,329.88764437690884,329.88764437690884,344.79402738775036,D12_I5,released_monthly_average_weekday,2025-10
PeMS::D12_I5_S::L5S-190,D12_I5_S,L5S-190,2025-10-01,PM,4,measured,False,True,3692.815217391304,0.0,0.0,True,True,True,PeMS_average_weekday,679673.9283371709,623436.262051481,760180.5823023627,933.252650148663,821.7381198705591,1118.9179017372862,4311.671836988022,3881.5593579509673,4983.067584465834,188.48474346910393,177.04411989345965,201.70916967695686,D12_I5,released_monthly_average_weekday,2025-10
PeMS::D12_I5_S::L5S-196,D12_I5_S,L5S-196,2025-10-01,NT,10,measured,False,True,6513.725263157894,0.0,0.0,True,True,True,PeMS_average_weekday,206902.2526275447,206902.25262754463,206380.11871108902,304.54163098137144,304.5416309813714,303.7730965043963,1356.2670926145734,1356.2670926145731,1352.8444471874036,54.900220491549234,54.90022049154923,54.76167551789381,D12_I5,released_monthly_average_weekday,2025-10
PeMS::D12_I5_S::L5S-196,D12_I5_S,L5S-196,2025-10-01,AM,4,measured,False,True,5536.578947368421,2456.6631578947367,0.44371500546603926,True,True,True,PeMS_average_weekday,162295.80040559545,188650.6341521785,173343.6344240582,200.12318200345516,248.6564013945643,232.07997890535634,1205.3327326311296,1174.5525227666426,1215.5627623095668,50.7838336852888,53.57321593856451,50.10867987076804,D12_I5,released_monthly_average_weekday,2025-10
PeMS::D12_I5_S::L5S-196,D12_I5_S,L5S-196,2025-10-01,MD,6,measured,False,True,8006.859649122806,0.0,0.0,True,True,True,PeMS_average_weekday,270074.2186154586,277022.61514758854,253688.4160950737,393.974458014103,407.75253997664777,373.40668367565746,1762.7716272674238,1815.9138050132908,1662.9555558616291,72.09268432280201,73.5062207376059,67.31463675672555,D12_I5,released_monthly_average_weekday,2025-10
PeMS::D12_I5_S::L5S-196,D12_I5_S,L5S-196,2025-10-01,PM,4,measured,False,True,5305.757894736842,0.0,0.0,True,True,True,PeMS_average_weekday,173624.51812129142,181710.3707469042,168107.02016578807,251.42787044393447,267.46143152491106,247.43851480857094,1129.2899479422317,1191.1315275743434,1101.9600637156123,46.5707789202617,48.21571197469947,44.606147860037446,D12_I5,released_monthly_average_weekday,2025-10
PeMS::D12_I5_S::L5S-197,D12_I5_S,L5S-197,2025-10-01,NT,10,measured,False,True,7970.215384615383,0.0,0.0,True,True,True,PeMS_average_weekday,392921.8260669477,354010.1352523891,355962.8258050068,543.7718421049838,466.61325409621236,469.1870541156673,2501.694084282449,2204.092762870007,2216.250355793387,108.44813039885719,100.53219012779904,101.08671735272314,D12_I5,released_monthly_average_weekday,2025-10
PeMS::D12_I5_S::L5S-197,D12_I5_S,L5S-197,2025-10-01,AM,4,measured,False,True,4697.307692307692,2385.876923076923,0.5079243429132891,True,True,True,PeMS_average_weekday,201435.44707124983,191777.2569144292,216022.8323045827,203.4554375199546,182.4408717850852,242.30797170684997,1849.2465076694557,1808.3302529387097,1508.638674199194,73.43058340310425,71.24329559464127,67.9097258028628,D12_I5,released_monthly_average_weekday,2025-10
PeMS::D12_I5_S::L5S-197,D12_I5_S,L5S-197,2025-10-01,MD,6,measured,False,True,7435.6,0.0,0.0,True,True,True,PeMS_average_weekday,374677.17203317233,384176.883178893,332086.0302802763,491.9555215040697,506.3754049890127,437.7155561337203,2499.2124258142703,2391.9131221281596,2067.5916961223425,110.08436085474827,109.09897660108041,94.30615852600074,D12_I5,released_monthly_average_weekday,2025-10
PeMS::D12_I5_S::L5S-197,D12_I5_S,L5S-197,2025-10-01,PM,4,measured,False,True,4525.56923076923,0.0,0.0,True,True,True,PeMS_average_weekday,225000.36620739195,230717.9835322932,202119.3071984396,295.4255477562173,304.10448276506827,266.4091737946913,1501.0474168883384,1436.4668893023083,1258.409457443278,66.11262432370629,65.51954838760334,57.39806462118918,D12_I5,released_monthly_average_weekday,2025-10
PeMS::D12_I5_S::L5S-199,D12_I5_S,L5S-199,2025-10-01,NT,10,measured,False,True,3785.1565217391308,0.0,0.0,True,True,True,PeMS_average_weekday,283056.22402147064,283056.22402147064,279250.2035788982,416.63347318941214,416.63347318941214,411.0313511322106,1855.4647768438608,1855.4647768438608,1830.5158929408342,75.10720116836121,75.10720116836123,74.09729741507192,D12_I5,released_monthly_average_weekday,2025-10
PeMS::D12_I5_S::L5S-199,D12_I5_S,L5S-199,2025-10-01,AM,4,measured,False,True,4371.2,0.0,0.0,True,True,True,PeMS_average_weekday,287838.86007312656,272189.12197045103,322485.60472295474,389.7988166372658,358.766711132929,474.6699989155549,1814.360294627026,1694.6692032963876,2113.9287174171004,80.48024871410993,77.29656819328987,85.56954107460415,D12_I5,released_monthly_average_weekday,2025-10
PeMS::D12_I5_S::L5S-199,D12_I5_S,L5S-199,2025-10-01,MD,6,measured,False,True,7428.834782608695,0.0,0.0,True,True,True,PeMS_average_weekday,483715.7877831218,467130.670472946,548062.8379521607,648.6019166312037,615.7150333623274,806.6995328982215,3035.234399544001,2908.3894148114955,3592.612368206337,136.03025291203468,132.65628495362554,145.42505103104014,D12_I5,released_monthly_average_weekday,2025-10
PeMS::D12_I5_S::L5S-199,D12_I5_S,L5S-199,2025-10-01,PM,4,measured,False,True,4813.530434782609,0.0,0.0,True,True,True,PeMS_average_weekday,364524.63740646234,370828.44683814293,355118.5654084044,533.3264231804775,545.8263435037258,522.702801578114,2382.609083363629,2430.8213809412623,2327.8413749652677,97.11460647194656,98.39701229643586,94.22849337778818,D12_I5,released_monthly_average_weekday,2025-10
PeMS::D12_I5_S::L5S-205,D12_I5_S,L5S-205,2025-10-01,NT,10,measured,False,True,3730.4242424242425,0.0,0.0,True,True,True,PeMS_average_weekday,218687.97494645545,218687.9749464554,215925.7602810309,321.8891612847549,321.88916128475483,317.8234280767006,1433.5238026833924,1433.5238026833922,1415.4171808081992,58.02748829914117,58.027488299141154,57.29455188955174,D12_I5,released_monthly_average_weekday,2025-10
PeMS::D12_I5_S::L5S-205,D12_I5_S,L5S-205,2025-10-01,AM,4,measured,False,True,3935.4106060606064,0.0,0.0,False,True,False,PeMS_average_weekday,,,,,,,,,,,,,D12_I5,released_monthly_average_weekday,2025-10
PeMS::D12_I5_S::L5S-205,D12_I5_S,L5S-205,2025-10-01,MD,6,measured,False,True,5359.325757575757,0.0,0.0,False,True,False,PeMS_average_weekday,,,,,,,,,,,,,D12_I5,released_monthly_average_weekday,2025-10
PeMS::D12_I5_S::L5S-205,D12_I5_S,L5S-205,2025-10-01,PM,4,measured,False,True,3824.1681818181823,0.0,0.0,True,True,True,PeMS_average_weekday,231690.40207818063,243346.68959998712,221351.8807622288,335.07115506580175,358.1845862166874,325.810192649149,1506.015699826638,1595.1643977278636,1450.9859992031272,62.199245208853114,64.57052422226413,58.734339069480285,D12_I5,released_monthly_average_weekday,2025-10
PeMS::D12_I5_S::L5S-220,D12_I5_S,L5S-220,2025-10-01,NT,10,measured,False,True,4283.402173913044,0.0,0.0,True,True,True,PeMS_average_weekday,38520.01487062223,38520.01487062224,38630.88275575191,56.698020466908375,56.69802046690839,56.86120808875428,252.502947225495,252.50294722549506,253.22969844409985,10.221045362622508,10.22104536262251,10.250463463497457,D12_I5,released_monthly_average_weekday,2025-10
PeMS::D12_I5_S::L5S-220,D12_I5_S,L5S-220,2025-10-01,AM,4,measured,False,True,3866.032608695652,1427.407608695652,0.3692176846840514,True,True,True,PeMS_average_weekday,29705.313745620275,34649.93907365042,34801.9935733398,36.425324020567345,45.67135009811109,47.93882497651217,216.30333269948446,215.7330323090069,237.37925441457224,9.224583838530652,9.839928058515575,9.723731052373152,D12_I5,released_monthly_average_weekday,2025-10
PeMS::D12_I5_S::L5S-220,D12_I5_S,L5S-220,2025-10-01,MD,6,measured,False,True,5234.51432806324,0.0,0.0,True,True,True,PeMS_average_weekday,47754.085638420715,49448.511525363734,47208.71426041808,69.42388812113647,72.78379117816627,69.48700971024253,311.18127420664706,324.14044849164173,309.45833031266596,12.776150756986466,13.120853694175647,12.526537478956659,D12_I5,released_monthly_average_weekday,2025-10
PeMS::D12_I5_S::L5S-220,D12_I5_S,L5S-220,2025-10-01,PM,4,measured,False,True,3508.722826086957,0.0,0.0,True,True,True,PeMS_average_weekday,31497.99550340126,32923.746411546876,31644.252538904228,45.63366994791224,48.4608132722414,46.577512603172764,204.91447453847167,215.81879006388118,207.43156656761954,8.446065025399049,8.73611047945228,8.396604771642911,D12_I5,released_monthly_average_weekday,2025-10
PeMS::D12_I5_S::L5S-223,D12_I5_S,L5S-223,2025-10-01,NT,10,measured,False,True,4254.7171052631575,0.0,0.0,True,True,True,PeMS_average_weekday,274557.91477524606,274557.914775246,270777.83076363266,404.1247212277394,404.12472122773937,398.5607752797189,1799.7574221527302,1799.75742215273,1774.9785544160957,72.85222788750973,72.85222788750971,71.84920620418501,D12_I5,released_monthly_average_weekday,2025-10
PeMS::D12_I5_S::L5S-223,D12_I5_S,L5S-223,2025-10-01,AM,4,measured,False,True,4153.748777197282,1704.5250472996215,0.41035824233206036,True,True,True,PeMS_average_weekday,258356.53929857805,275856.9625003262,263066.336622565,335.7756696535748,363.60121397542775,357.1398772932081,1879.4732453569045,1717.5054443025826,1809.0452539679698,79.34188860130547,78.33816560757005,74.279233715588,D12_I5,released_monthly_average_weekday,2025-10
PeMS::D12_I5_S::L5S-223,D12_I5_S,L5S-223,2025-10-01,MD,6,measured,False,True,5851.662570949433,0.0,0.0,True,True,True,PeMS_average_weekday,386033.94798353076,410178.4139283479,372410.30557880685,555.8695479710939,603.7459794889693,548.1546982448949,2504.10495842017,2688.764756531202,2441.1906395060264,103.9264878177205,108.83828029691703,98.81674863350352,D12_I5,released_monthly_average_weekday,2025-10
PeMS::D12_I5_S::L5S-223,D12_I5_S,L5S-223,2025-10-01,PM,4,measured,False,True,3999.745614035088,0.0,0.0,True,True,True,PeMS_average_weekday,258223.8355110453,233261.34045794568,254550.98756978064,356.9553415807916,307.4568276084179,374.67631182329364,1643.2181976287116,1452.3020138792624,1668.6098070421563,71.32002068200086,66.24181370305894,67.54351471020234,D12_I5,released_monthly_average_weekday,2025-10
PeMS::D12_I5_S::L5S-226,D12_I5_S,L5S-226,2025-10-01,NT,10,measured,False,True,5942.147826086956,0.0,0.0,True,True,True,PeMS_average_weekday,446632.9022686683,456949.27476590784,450119.50940414023,652.1320149636201,672.5885080790956,662.5357036457044,2916.452043747113,2995.3529093505367,2950.583043905335,119.14994065383443,121.24863610480625,119.4364005225211,D12_I5,released_monthly_average_weekday,2025-10
PeMS::D12_I5_S::L5S-226,D12_I5_S,L5S-226,2025-10-01,AM,4,measured,False,True,5076.669565217391,0.0,0.0,True,True,True,PeMS_average_weekday,357911.88523474056,357911.8852347405,384559.2672855766,471.75606802903064,471.75606802903053,566.0368844749801,2228.385341082486,2228.385341082486,2520.8284238369097,101.64021340735076,101.64021340735073,102.04039974399052,D12_I5,released_monthly_average_weekday,2025-10
PeMS::D12_I5_S::L5S-226,D12_I5_S,L5S-226,2025-10-01,MD,6,measured,False,True,7259.509486166008,0.0,0.0,True,True,True,PeMS_average_weekday,473449.6223426096,473449.62234260957,549910.056778168,624.0439098570045,624.0439098570045,809.4184739774392,2947.7316671877443,2947.731667187744,3604.7210914065704,134.4507479011808,134.4507479011808,145.91519900940216,D12_I5,released_monthly_average_weekday,2025-10
PeMS::D12_I5_S::L5S-226,D12_I5_S,L5S-226,2025-10-01,PM,4,measured,False,True,4800.608695652174,0.0,0.0,True,True,True,PeMS_average_weekday,311361.993401934,308438.45102959854,363647.57225354575,412.34332023431625,406.5461832631102,535.2567376628332,1942.7197595321156,1920.360153588527,2383.7499558040327,88.18543915892104,87.59069279054539,96.49161207478518,D12_I5,released_monthly_average_weekday,2025-10
PeMS::D12_I5_S::L5S-239,D12_I5_S,L5S-239,2025-10-01,NT,10,measured,False,True,3742.284798534799,0.0,0.0,True,True,True,PeMS_average_weekday,78709.84018430347,78709.84018430347,77724.04207559949,115.85385272320477,115.85385272320475,114.40284597953486,515.9516861282893,515.9516861282895,509.4896707668438,20.885164497225908,20.88516449722591,20.623589126050877,D12_I5,released_monthly_average_weekday,2025-10
PeMS::D12_I5_S::L5S-239,D12_I5_S,L5S-239,2025-10-01,AM,4,measured,False,True,4237.42912087912,0.0,0.0,True,True,True,PeMS_average_weekday,87868.50646394212,74900.92178900138,88007.76451127618,124.43893944609493,98.72531707561038,129.53956664520328,565.5162255829102,466.3385683286485,576.9006058918377,23.908487434196616,21.270446691224993,23.3523106456221,D12_I5,released_monthly_average_weekday,2025-10
PeMS::D12_I5_S::L5S-239,D12_I5_S,L5S-239,2025-10-01,MD,6,measured,False,True,5782.781252081251,0.0,0.0,True,True,True,PeMS_average_weekday,127389.58541346813,127799.52697223717,120103.40141047702,187.29660654675956,188.10948594569078,176.78147669953222,834.604716215667,837.7399988784781,787.2910467405082,33.82741045478489,33.91080628842536,31.86868743807201,D12_I5,released_monthly_average_weekday,2025-10
PeMS::D12_I5_S::L5S-239,D12_I5_S,L5S-239,2025-10-01,PM,4,measured,False,True,3856.9001831501832,0.0,0.0,True,True,True,PeMS_average_weekday,83879.14617650076,83879.14617650077,80104.5052033243,123.46260931194747,123.46260931194749,117.90667503021875,549.8370572145739,549.8370572145739,525.0938691954003,22.256807556476666,22.25680755647667,21.25523014940577,D12_I5,released_monthly_average_weekday,2025-10
PeMS::D12_I5_S::L5S-240,D12_I5_S,L5S-240,2025-10-01,NT,10,measured,False,True,4779.630434782608,0.0,0.0,True,True,True,PeMS_average_weekday,344788.46616915404,344788.4661691539,345473.8469312228,507.4978184009424,507.49781840094226,508.5066376499983,2260.1264347762944,2260.1264347762935,2264.619181286785,91.48746606304289,91.48746606304286,91.66932756759586,D12_I5,released_monthly_average_weekday,2025-10
PeMS::D12_I5_S::L5S-240,D12_I5_S,L5S-240,2025-10-01,AM,4,measured,False,True,3741.0797101449266,1832.0797101449273,0.4897195066912792,True,True,True,PeMS_average_weekday,240746.31642248618,237698.8240989532,272144.2664770357,285.2895661204987,300.7709825158892,359.5143050669315,1903.5143196522758,2578.8712460833626,1899.470348277995,78.46568063112875,91.81949981070619,78.3235880266238,D12_I5,released_monthly_average_weekday,2025-10
PeMS::D12_I5_S::L5S-240,D12_I5_S,L5S-240,2025-10-01,MD,6,measured,False,True,6054.300395256917,0.0,0.0,True,True,True,PeMS_average_weekday,403662.958427096,378743.6901935266,437607.56748168176,548.6268273507346,499.2140285012264,644.1192429671975,2548.6712485719827,2358.085668770689,2868.5658842145567,112.62546563916143,107.55605244209707,116.1164348788557,D12_I5,released_monthly_average_weekday,2025-10
PeMS::D12_I5_S::L5S-240,D12_I5_S,L5S-240,2025-10-01,PM,4,measured,False,True,4046.7318840579705,0.0,0.0,True,True,True,PeMS_average_weekday,301473.61857391906,301473.61857391906,292499.60861217283,443.74223253930126,443.74223253930126,430.5332916240324,1976.1928300475665,1976.1928300475665,1917.3672046841652,79.99414178388679,79.99414178388679,77.61294428924124,D12_I5,released_monthly_average_weekday,2025-10
PeMS::D12_I5_S::L5S-249,D12_I5_S,L5S-249,2025-10-01,NT,10,measured,False,True,4249.820512820513,0.0,0.0,True,True,True,PeMS_average_weekday,122545.99091741789,122545.99091741789,121431.04035008597,180.37675022997962,180.37675022997965,178.7356426058393,803.3024904389637,803.3024904389638,795.9938664623734,32.51681330813102,32.51681330813103,32.22096813870269,D12_I5,released_monthly_average_weekday,2025-10
PeMS::D12_I5_S::L5S-249,D12_I5_S,L5S-249,2025-10-01,AM,4,measured,False,True,4640.297202797203,0.0,0.0,True,True,True,PeMS_average_weekday,128815.27252369904,114932.22834104161,132588.21523624568,179.01863461655572,151.48973355948692,195.15800724336734,821.7555870130714,715.5763846320649,869.1303787645581,35.46285729079757,32.63858144387755,35.18145481071391,D12_I5,released_monthly_average_weekday,2025-10
PeMS::D12_I5_S::L5S-249,D12_I5_S,L5S-249,2025-10-01,MD,6,measured,False,True,6411.61653069153,0.0,0.0,True,True,True,PeMS_average_weekday,192542.83243666397,192542.832436664,183200.50536227517,283.4058473475907,283.4058473475906,269.6547765483884,1262.1395090499077,1262.139509049908,1200.8995243782817,51.090038028097396,51.090038028097396,48.61110988799925,D12_I5,released_monthly_average_weekday,2025-10
PeMS::D12_I5_S::L5S-249,D12_I5_S,L5S-249,2025-10-01,PM,4,measured,False,True,4286.592754467754,0.0,0.0,True,True,True,PeMS_average_weekday,127525.55803628602,129815.79130184709,122481.74156105681,186.53590826509674,191.0772469034911,180.28218091752788,833.4408527687699,850.9568340048949,802.8813288196601,33.979899335921246,34.44580943536593,32.49976514270089,D12_I5,released_monthly_average_weekday,2025-10
PeMS::D12_I5_S::L5S-252,D12_I5_S,L5S-252,2025-10-01,NT,10,measured,False,True,4828.984848484848,0.0,0.0,True,True,True,PeMS_average_weekday,1841112.0933276005,1899490.489248376,1908000.6404166983,2680.1208816213903,2795.880297497989,2808.406479711018,12004.884681277743,12451.369719688397,12507.154699485345,492.14181809867733,504.0179377314985,506.27605319241786,D12_I5,released_monthly_average_weekday,2025-10
PeMS::D12_I5_S::L5S-252,D12_I5_S,L5S-252,2025-10-01,AM,4,measured,False,True,5075.968759018759,2467.7559163059163,0.48616452020539247,True,True,True,PeMS_average_weekday,1633806.6781289503,1709577.7623757478,1996058.5861260921,1897.9240297087413,2163.205414356669,2628.7015062097616,14560.451607249865,18547.76081054146,14147.471642553332,570.736973748759,660.3843145791093,584.7971246651374,D12_I5,released_monthly_average_weekday,2025-10
PeMS::D12_I5_S::L5S-252,D12_I5_S,L5S-252,2025-10-01,MD,6,measured,False,True,7257.969336219336,0.0,0.0,True,True,True,PeMS_average_weekday,2715854.2821832597,2352089.350723188,2867726.981163814,3821.554164815002,3100.2391077970897,4221.037910230299,17426.397018922966,14644.278791217474,18798.266745587,741.9508999097928,667.9489377779872,760.9334435757544,D12_I5,released_monthly_average_weekday,2025-10
PeMS::D12_I5_S::L5S-252,D12_I5_S,L5S-252,2025-10-01,PM,4,measured,False,True,4947.392857142857,0.0,0.0,True,True,True,PeMS_average_weekday,1892472.9766233498,1832476.185848284,1954785.3298366359,2552.004570355779,2415.348011216899,2877.2693627389426,12588.585174985084,11409.129562011824,12813.833500187813,544.2783265177491,520.3886159615834,518.6900783282722,D12_I5,released_monthly_average_weekday,2025-10
PeMS::D12_I5_S::L5S-260,D12_I5_S,L5S-260,2025-10-01,NT,10,measured,False,True,6146.014957264955,0.0,0.0,True,True,True,PeMS_average_weekday,393717.19441586797,386237.1299060107,388371.55692919315,586.2717011500204,568.5065483500734,571.6482342360209,2798.1929232912107,2531.8269984252656,2545.818403044435,108.45137556807708,102.48561011094667,103.05196699062152,D12_I5,released_monthly_average_weekday,2025-10
PeMS::D12_I5_S::L5S-260,D12_I5_S,L5S-260,2025-10-01,AM,4,measured,False,True,4686.417735042734,4033.520299145299,0.8606830477327302,True,True,True,PeMS_average_weekday,241313.15000623703,213332.83062568135,291767.88803462073,261.72111565681206,202.9470450560025,292.09132606701735,2224.644261990276,2011.5847821183627,2299.109517313751,86.93192217314794,79.25097144907296,97.86676837611125,D12_I5,released_monthly_average_weekday,2025-10
PeMS::D12_I5_S::L5S-260,D12_I5_S,L5S-260,2025-10-01,MD,6,measured,False,True,7799.099747474746,97.72222222222223,0.012529936196015891,True,True,True,PeMS_average_weekday,455281.9794875645,456689.78431798314,492725.40723407734,599.8161754214912,601.9531226731265,721.9197660319822,2859.2848661764897,2843.383700792329,3239.2342844733057,129.8372990594675,129.69127054440506,131.23701343632058,D12_I5,released_monthly_average_weekday,2025-10
PeMS::D12_I5_S::L5S-260,D12_I5_S,L5S-260,2025-10-01,PM,4,measured,False,True,5103.0,0.0,0.0,True,True,True,PeMS_average_weekday,312273.87251526635,296317.0265419592,322462.61500990915,422.9103098753417,390.56919062580477,474.6361601118793,1995.4503549908677,1844.8912860945675,2113.7780173117294,87.85702996241079,84.14843724511493,85.56344089783364,D12_I5,released_monthly_average_weekday,2025-10
PeMS::D12_I5_S::L5S-262,D12_I5_S,L5S-262,2025-10-01,NT,10,measured,False,True,7681.1652173913035,0.0,0.0,True,True,True,PeMS_average_weekday,292708.99943276576,295348.94719875493,291458.75980243407,429.49247057987213,434.72726346027883,429.0012551667325,1915.8542934079912,1936.0449334745558,1910.5443259039278,77.83194475352055,78.36899848716259,77.33676155837513,D12_I5,released_monthly_average_weekday,2025-10
PeMS::D12_I5_S::L5S-262,D12_I5_S,L5S-262,2025-10-01,AM,4,measured,False,True,5510.939130434783,4978.330434782608,0.9033542771846665,True,False,False,PeMS_average_weekday,172228.4978692041,188811.21553163376,,196.46272484890136,238.91129887048902,,1675.0255506543904,2048.4738051117815,,63.4386130975535,72.93494797243467,,D12_I5,released_monthly_average_weekday,2025-10
PeMS::D12_I5_S::L5S-262,D12_I5_S,L5S-262,2025-10-01,MD,6,measured,False,True,9648.630830039527,249.73043478260868,0.02588247381225442,True,False,False,PeMS_average_weekday,341381.58691911993,344739.4697478071,,449.2967599693005,454.3937864370549,,2184.3002374282814,2146.3729274447583,,98.24780211384605,97.89949627440582,,D12_I5,released_monthly_average_weekday,2025-10
PeMS::D12_I5_S::L5S-262,D12_I5_S,L5S-262,2025-10-01,PM,4,measured,False,True,6057.591304347826,3458.286956521739,0.5709013340070598,True,False,False,PeMS_average_weekday,204412.78927401206,240073.32861688267,,255.2729909738406,316.435564783387,,1694.4038918593792,1494.7139459307698,,67.34434524743989,68.17628964187445,,D12_I5,released_monthly_average_weekday,2025-10
PeMS::D12_I5_S::L5S-264,D12_I5_S,L5S-264,2025-10-01,NT,10,measured,False,True,3819.789855072464,0.0,0.0,True,True,True,PeMS_average_weekday,142980.38499081758,142980.38499081755,142164.24533903794,210.45435267364064,210.45435267364064,209.2530680210808,937.2521980294389,937.252198029439,931.9023125708248,37.93895214902781,37.93895214902781,37.72239458976694,D12_I5,released_monthly_average_weekday,2025-10
PeMS::D12_I5_S::L5S-264,D12_I5_S,L5S-264,2025-10-01,AM,4,measured,False,True,2712.123188405797,2441.789855072464,0.9003240949787991,True,True,True,PeMS_average_weekday,102407.8069320147,95958.73470162699,114411.8893866085,83.51014072833686,74.19230636804738,125.01502816340637,908.6813845787544,859.463581041884,872.0774165703153,38.45691517638984,37.417994858918284,36.817322921077235,D12_I5,released_monthly_average_weekday,2025-10
PeMS::D12_I5_S::L5S-264,D12_I5_S,L5S-264,2025-10-01,MD,6,measured,False,True,4458.749670619236,115.58695652173913,0.025923625469129845,True,True,True,PeMS_average_weekday,155414.60717877565,142377.04270129369,166582.68703957004,213.97265336884294,187.6641615248717,243.1409259957365,1004.7439736615065,886.4497882045808,1097.7474937512238,43.38596168670974,40.43239020960664,44.50741768820464,D12_I5,released_monthly_average_weekday,2025-10
PeMS::D12_I5_S::L5S-264,D12_I5_S,L5S-264,2025-10-01,PM,4,measured,False,True,2807.615942028985,971.304347826087,0.34595342378778227,True,True,True,PeMS_average_weekday,96744.5566291839,104860.82238702751,100519.5634672447,124.0544514157892,138.214826890004,136.36093374236214,716.2863067880982,652.8710811261575,722.9325189190116,29.46877123050926,29.77849243116796,29.036366069927162,D12_I5,released_monthly_average_weekday,2025-10
PeMS::D12_I5_S::L5S-267,D12_I5_S,L5S-267,2025-10-01,NT,10,measured,False,True,4139.617391304348,0.0,0.0,True,True,True,PeMS_average_weekday,142231.5476966891,142231.54769668911,142682.26958346987,209.35213107867287,209.3521310786729,210.0155534279999,932.3434869504097,932.3434869504097,935.2980186444765,37.74025285002136,37.74025285002137,37.85984908761853,D12_I5,released_monthly_average_weekday,2025-10
PeMS::D12_I5_S::L5S-267,D12_I5_S,L5S-267,2025-10-01,AM,4,measured,False,True,3177.0347826086954,2129.4695652173914,0.670269515736577,True,True,True,PeMS_average_weekday,98753.14957213702,96003.92362309783,112979.40657066029,98.68261641809036,91.33011808799567,139.10667230227972,807.0844180094269,905.2522821615299,817.1008865290735,34.497829711185915,35.664478775903866,34.02569031146496,D12_I5,released_monthly_average_weekday,2025-10
PeMS::D12_I5_S::L5S-267,D12_I5_S,L5S-267,2025-10-01,MD,6,measured,False,True,5215.568774703557,0.0,0.0,True,True,True,PeMS_average_weekday,163284.77495527067,149465.6231340659,179767.6257488379,224.40967702653938,197.0074691120978,264.6018844548409,1036.2743496688317,930.5838038020615,1178.3966197772684,45.256691130704354,42.44541312855665,47.70021672320651,D12_I5,released_monthly_average_weekday,2025-10
PeMS::D12_I5_S::L5S-267,D12_I5_S,L5S-267,2025-10-01,PM,4,measured,False,True,3527.060869565217,0.0,0.0,True,True,True,PeMS_average_weekday,122604.54602302727,126102.0010835986,121568.97661260521,178.67572226104753,185.61087949653958,178.93867246088254,799.8635697452428,826.6125293976779,796.8980538811052,32.74887897826092,33.46037839606145,32.25756866445781,D12_I5,released_monthly_average_weekday,2025-10
PeMS::D12_I5_S::L5S-272,D12_I5_S,L5S-272,2025-10-01,NT,10,measured,False,True,7522.608695652173,0.0,0.0,True,True,True,PeMS_average_weekday,122505.8237990842,122505.82379908419,121460.51407192595,180.31762782036924,180.3176278203692,178.7790252911714,803.03919054682,803.0391905468199,796.1870699607441,32.50615521415175,32.50615521415174,32.22878880670979,D12_I5,released_monthly_average_weekday,2025-10
PeMS::D12_I5_S::L5S-272,D12_I5_S,L5S-272,2025-10-01,AM,4,measured,False,True,5755.373913043478,5152.765217391304,0.8952963430774716,True,False,False,PeMS_average_weekday,104153.20958612821,90049.35893074163,,79.9774960311469,52.948415211579075,,918.9332116561255,814.2636351245858,,39.421222340800654,35.742630185064826,,D12_I5,released_monthly_average_weekday,2025-10
PeMS::D12_I5_S::L5S-272,D12_I5_S,L5S-272,2025-10-01,MD,6,measured,False,True,9644.794071146245,2139.217786561265,0.2218002552238036,True,False,False,PeMS_average_weekday,133518.00586475933,147078.00590462374,,168.69738661160838,193.8604014605688,,920.2328729122712,915.7183258626649,,40.200632550123395,41.76737494444772,,D12_I5,released_monthly_average_weekday,2025-10
PeMS::D12_I5_S::L5S-272,D12_I5_S,L5S-272,2025-10-01,PM,4,measured,False,True,6487.660869565218,3028.834782608696,0.4668608368260283,True,False,False,PeMS_average_weekday,96089.53286398064,108571.01500565134,,120.48274254315662,143.10515312279827,,739.8582542046693,675.9710093068361,,29.798056537712267,30.832117038498268,,D12_I5,released_monthly_average_weekday,2025-10
PeMS::D12_I5_S::L5S-277,D12_I5_S,L5S-277,2025-10-01,NT,10,measured,False,True,5086.869565217391,0.0,0.0,True,True,True,PeMS_average_weekday,192406.6807630684,192406.6807630684,189827.42383245935,283.2054442480058,283.2054442480058,279.4090084799444,1261.2470198084568,1261.2470198084566,1244.3397060699235,51.05391103186721,51.05391103186721,50.369521314517456,D12_I5,released_monthly_average_weekday,2025-10
PeMS::D12_I5_S::L5S-277,D12_I5_S,L5S-277,2025-10-01,AM,4,measured,False,True,4334.36231884058,1366.9420289855072,0.3153732725673836,True,True,True,PeMS_average_weekday,145130.14179957614,165033.55214961575,161582.90198770256,182.41754363042523,217.52722630013872,227.3852024516431,1096.1477595167707,1027.5108583102158,1095.1104010599554,45.755154494967016,46.86641084539186,44.738453245688575,D12_I5,released_monthly_average_weekday,2025-10
PeMS::D12_I5_S::L5S-277,D12_I5_S,L5S-277,2025-10-01,MD,6,measured,False,True,6209.979249011858,0.0,0.0,True,True,True,PeMS_average_weekday,199845.5509748457,197413.39517526605,231738.66516126678,265.02916993043243,260.2064109244758,341.09861131721027,1247.71153002943,1229.110108074128,1519.07251686834,56.556456407967076,56.061674515010196,61.49040743733842,D12_I5,released_monthly_average_weekday,2025-10
PeMS::D12_I5_S::L5S-277,D12_I5_S,L5S-277,2025-10-01,PM,4,measured,False,True,4093.384057971014,0.0,0.0,True,True,True,PeMS_average_weekday,144663.37920025416,128320.55313809677,152753.3860499702,201.54304087600437,169.13660063575588,224.83933710150367,923.9249772245544,798.9330652850185,1001.3152981856114,39.7652905509075,36.44061274174049,40.5321569411355,D12_I5,released_monthly_average_weekday,2025-10
PeMS::D12_I5_S::L5S-278,D12_I5_S,L5S-278,2025-10-01,NT,10,measured,False,True,3122.550724637681,0.0,0.0,True,True,True,PeMS_average_weekday,124772.20407959944,124772.20407959944,122517.1308794907,183.65353711225404,183.65353711225407,180.33427083253994,817.895563325645,817.895563325645,803.1133097063464,33.10752506652338,33.10752506652338,32.509155477317314,D12_I5,released_monthly_average_weekday,2025-10
PeMS::D12_I5_S::L5S-278,D12_I5_S,L5S-278,2025-10-01,AM,4,measured,False,True,3301.5942028985505,0.0,0.0,True,True,True,PeMS_average_weekday,132481.13626595336,137872.40836966207,129542.12268703018,192.24543136817442,202.9358674398346,190.67443115235093,862.5357461012488,903.7688477365409,849.1629060420818,35.48681726563477,36.58358245533999,34.37319317766809,D12_I5,released_monthly_average_weekday,2025-10
PeMS::D12_I5_S::L5S-278,D12_I5_S,L5S-278,2025-10-01,MD,6,measured,False,True,6024.807971014493,0.0,0.0,True,True,True,PeMS_average_weekday,201790.25318473668,201790.25318473668,236390.77529932852,265.975454675328,265.975454675328,347.94610181554077,1256.360743302145,1256.360743302145,1549.5676120707585,57.30461949808752,57.304619498087504,62.72481580692888,D12_I5,released_monthly_average_weekday,2025-10
PeMS::D12_I5_S::L5S-278,D12_I5_S,L5S-278,2025-10-01,PM,4,measured,False,True,3794.7463768115945,0.0,0.0,True,True,True,PeMS_average_weekday,149952.9982653458,159745.77399300676,148891.5567756695,215.71326238828448,235.1315074456333,219.1550694300237,972.2548384615303,1047.1511725924852,976.0005812334562,40.39536506621707,42.387543409673405,39.507444662910636,D12_I5,released_monthly_average_weekday,2025-10
PeMS::D12_I5_S::L5S-280,D12_I5_S,L5S-280,2025-10-01,NT,10,measured,False,True,4859.949275362319,0.0,0.0,True,True,True,PeMS_average_weekday,751786.1259319799,751786.1259319799,745282.0707983,1106.5620119305167,1106.5620119305165,1096.9886238535423,4928.04099683349,4928.04099683349,4885.40619786762,199.4817531080792,199.48175310807918,197.75594270053855,D12_I5,released_monthly_average_weekday,2025-10
PeMS::D12_I5_S::L5S-280,D12_I5_S,L5S-280,2025-10-01,AM,4,measured,False,True,5330.311594202898,0.0,0.0,True,True,True,PeMS_average_weekday,778150.0116027397,692805.1218218335,817412.9888694279,1082.4034330748998,913.1717432816831,1203.158890994658,4966.18295476446,4313.454907154304,5358.232323719693,214.1055725303585,196.74356548817343,216.8954313048091,D12_I5,released_monthly_average_weekday,2025-10
PeMS::D12_I5_S::L5S-280,D12_I5_S,L5S-280,2025-10-01,MD,6,measured,False,True,8917.884057971012,0.0,0.0,True,True,True,PeMS_average_weekday,1353612.9099773,1182684.865099249,1367573.7587545672,1897.807686749871,1558.871847216629,2012.9463922665605,8670.760075436074,7363.481698236358,8964.596867202567,370.6326425462803,335.8601573219383,362.8771554712748,D12_I5,released_monthly_average_weekday,2025-10
PeMS::D12_I5_S::L5S-280,D12_I5_S,L5S-280,2025-10-01,PM,4,measured,False,True,5953.420289855073,1311.4855072463765,0.2202911004756734,True,False,False,PeMS_average_weekday,866010.1176623257,889165.1948602994,,1139.1935313148563,1171.989792628563,,6063.878572118087,5536.006955253576,,256.69552648801186,252.50611641665938,,D12_I5,released_monthly_average_weekday,2025-10
PeMS::D7_I10_E::L10E-002,D7_I10_E,L10E-002,2025-10-01,NT,10,measured,False,True,4405.57,0.0,0.0,True,True,True,PeMS_average_weekday,143176.40570200916,151317.38829407372,146054.44381978922,206.58279756224388,222.72567669852322,214.97909262991834,929.6389541794792,991.9021744682166,957.4029928011171,38.49497557058342,40.151123905376316,38.75463445973877,D7_I10,released_monthly_average_weekday,2025-10
PeMS::D7_I10_E::L10E-002,D7_I10_E,L10E-002,2025-10-01,AM,4,measured,False,True,4095.62,1201.9699999999998,0.2934769338952344,True,True,True,PeMS_average_weekday,116495.42724462692,130132.44989055979,131780.52699558344,146.73948278138425,171.52482333212126,185.21583723692743,844.6557622116724,810.2140658030523,912.163258142439,35.735355517216064,36.955157187426174,36.75189070524514,D7_I10,released_monthly_average_weekday,2025-10
PeMS::D7_I10_E::L10E-002,D7_I10_E,L10E-002,2025-10-01,MD,6,measured,False,True,6604.82,2992.1800000000003,0.4530297570562105,True,False,False,PeMS_average_weekday,184335.47956153116,183276.06080940078,,216.5061046455564,231.90741935827728,,1424.395112126319,1988.4211253818778,,59.64431333862595,70.79680050831963,,D7_I10,released_monthly_average_weekday,2025-10
PeMS::D7_I10_E::L10E-002,D7_I10_E,L10E-002,2025-10-01,PM,4,measured,False,True,4781.51,4198.0,0.8779653289442038,True,False,False,PeMS_average_weekday,124851.09827602714,117321.28848500499,,126.48706138869478,111.60967934641133,,1133.109250453264,1106.2606624718176,,45.040852094106725,43.5836624715666,,D7_I10,released_monthly_average_weekday,2025-10
PeMS::D7_I10_E::L10E-028,D7_I10_E,L10E-028,2025-10-01,NT,10,measured,False,True,6273.065217391304,0.0,0.0,True,True,True,PeMS_average_weekday,133708.22279793568,140717.07920052463,135688.0712514962,193.22499999050422,207.12296875668454,199.72071835309708,868.8113967197185,922.4159788732167,889.4502769383876,35.912562117410474,37.33839809343441,36.003982243683254,D7_I10,released_monthly_average_weekday,2025-10
PeMS::D7_I10_E::L10E-028,D7_I10_E,L10E-028,2025-10-01,AM,4,measured,False,True,3798.717391304348,0.0,0.0,True,True,True,PeMS_average_weekday,77290.90841230011,87742.58770706388,82167.26882204352,108.42445504284314,129.14925008060493,120.94287878728775,495.22663431531277,575.1623426844028,538.6155122919964,21.15572625457627,23.281947636831145,21.80257159229229,D7_I10,released_monthly_average_weekday,2025-10
PeMS::D7_I10_E::L10E-028,D7_I10_E,L10E-028,2025-10-01,MD,6,measured,False,True,6875.141304347826,3327.413043478261,0.48397740441698434,True,False,False,PeMS_average_weekday,130910.49372393772,132374.38339725093,,151.90443124268552,167.49924407598917,,1018.6803789268491,1436.1724015894647,,42.60445720366262,51.13424400545765,,D7_I10,released_monthly_average_weekday,2025-10
PeMS::D7_I10_E::L10E-028,D7_I10_E,L10E-028,2025-10-01,PM,4,measured,False,True,4526.413043478261,3915.967391304347,0.8651369978147586,True,False,False,PeMS_average_weekday,87979.74375625752,78219.96160332995,,78.25676968442848,60.477239236385664,,762.4091286466299,700.5845639544139,,32.66551392370715,30.50096617299979,,D7_I10,released_monthly_average_weekday,2025-10
PeMS::D7_I10_E::L10E-069,D7_I10_E,L10E-069,2025-10-01,NT,10,measured,False,True,8676.13095238095,0.0,0.0,True,True,True,PeMS_average_weekday,1685514.9118386414,1413478.7246851616,1772182.2164945023,2402.501064857277,1863.0763405993655,2608.493893872509,10880.986685298149,8800.420997348456,11616.849946409267,456.7425184891815,401.4012530752496,470.2374826817042,D7_I10,released_monthly_average_weekday,2025-10
PeMS::D7_I10_E::L10E-069,D7_I10_E,L10E-069,2025-10-01,AM,4,measured,False,True,5879.023809523809,0.0,0.0,True,True,True,PeMS_average_weekday,1018474.6975891351,1041850.6407176746,1200846.4951450163,1337.7582285805743,1373.2412418105116,1767.538755839725,6750.669049492588,6486.637608723122,7871.68125993573,298.2906338056056,295.86589836679445,318.6371173959309,D7_I10,released_monthly_average_weekday,2025-10
PeMS::D7_I10_E::L10E-069,D7_I10_E,L10E-069,2025-10-01,MD,6,measured,False,True,10304.470833333333,5888.208928571428,0.5714227371602629,True,False,False,PeMS_average_weekday,1762599.334631334,1595842.3527253615,,1868.789829531596,1518.1511861580427,,14161.1443639478,15047.717606273845,,602.7562786749838,592.8391629273874,,D7_I10,released_monthly_average_weekday,2025-10
PeMS::D7_I10_E::L10E-069,D7_I10_E,L10E-069,2025-10-01,PM,4,measured,False,True,6802.630952380951,6046.988095238095,0.8889190281771235,True,False,False,PeMS_average_weekday,1199582.024852974,1126693.5817121097,,997.219909478164,871.1244021424155,,10697.246401589604,10091.338776883413,,456.1000964970375,439.34108530263006,,D7_I10,released_monthly_average_weekday,2025-10
PeMS::D7_I10_E::L10E-073,D7_I10_E,L10E-073,2025-10-01,NT,10,measured,False,True,6628.663043478261,0.0,0.0,True,True,True,PeMS_average_weekday,122154.6185996662,128788.94607599691,123834.49137879895,176.4105128516519,189.56582247057887,182.27330779301218,793.4856106713537,844.225750262003,811.7487531180641,32.8236982109395,34.1733424680229,32.858708858009955,D7_I10,released_monthly_average_weekday,2025-10
PeMS::D7_I10_E::L10E-073,D7_I10_E,L10E-073,2025-10-01,AM,4,measured,False,True,4520.673913043478,1402.6956521739132,0.3102846343609793,True,True,True,PeMS_average_weekday,74844.61875379886,79839.39288234935,80949.86165954547,96.39473777702149,105.23461112586207,112.8612050446241,535.979233809239,497.0858473259877,565.3612191588855,22.40619146613105,22.672879179614455,22.761984691918517,D7_I10,released_monthly_average_weekday,2025-10
PeMS::D7_I10_E::L10E-073,D7_I10_E,L10E-073,2025-10-01,MD,6,measured,False,True,7855.173913043478,4520.771739130434,0.5755151686232833,True,False,False,PeMS_average_weekday,126444.82235923602,108583.52368329349,,138.45444706382247,103.29729938266738,,1013.4222212634971,1023.8694306426535,,42.54557112999987,40.33767193744114,,D7_I10,released_monthly_average_weekday,2025-10
PeMS::D7_I10_E::L10E-073,D7_I10_E,L10E-073,2025-10-01,PM,4,measured,False,True,5034.728260869565,4700.054347826086,0.9335269163095455,True,False,False,PeMS_average_weekday,80737.30905214131,86717.20514418502,,73.276810529601,82.4955094249283,,746.0758747081788,817.6847872138042,,30.502846969226912,32.21455754779591,,D7_I10,released_monthly_average_weekday,2025-10
PeMS::D7_I10_E::L10E-100,D7_I10_E,L10E-100,2025-10-01,NT,10,measured,False,True,3910.695652173913,0.0,0.0,True,True,True,PeMS_average_weekday,167126.5713861998,168689.36486237578,163851.99274846475,245.19678704204824,248.29567417459978,241.17549459933812,1093.8249637753324,1105.7773974493455,1074.0678895560732,44.44274488899142,44.76066938814425,43.47710291034733,D7_I10,released_monthly_average_weekday,2025-10
PeMS::D7_I10_E::L10E-100,D7_I10_E,L10E-100,2025-10-01,AM,4,measured,False,True,3506.2028985507245,0.0,0.0,True,True,True,PeMS_average_weekday,152250.4503025615,161694.80763440364,146904.3830062874,219.27294995582326,238.00031083685144,216.23012717789442,987.6957150749372,1059.9273031403911,962.9744379387695,40.98340893308071,42.90470731339733,38.98016051443647,D7_I10,released_monthly_average_weekday,2025-10
PeMS::D7_I10_E::L10E-100,D7_I10_E,L10E-100,2025-10-01,MD,6,measured,False,True,5476.041501976285,0.0,0.0,True,True,True,PeMS_average_weekday,206227.5083915082,206227.5083915082,229437.52014384783,271.82410669149385,271.82410669149385,337.7115314385249,1283.9874158585103,1283.9874158585103,1503.9882574036665,58.56471614411909,58.56471614411909,60.87981297915845,D7_I10,released_monthly_average_weekday,2025-10
PeMS::D7_I10_E::L10E-100,D7_I10_E,L10E-100,2025-10-01,PM,4,measured,False,True,3807.0652173913045,1772.130434782609,0.46548465381870097,True,True,True,PeMS_average_weekday,154713.4993648249,165807.65719217877,159366.06146732316,201.7074180000437,218.54755774535315,225.57375323077238,1157.6390824992611,1032.3304924170131,1069.984482093823,48.23701477199951,47.086242052377926,43.62634738019391,D7_I10,released_monthly_average_weekday,2025-10
PeMS::D7_I10_E::L10E-106,D7_I10_E,L10E-106,2025-10-01,NT,10,measured,False,True,4954.389999999999,0.0,0.0,True,True,True,PeMS_average_weekday,237675.23167713356,245684.49496585998,241645.86751293926,345.7439359418288,361.625626853019,355.6811280579639,1549.2331547083782,1610.4889698212319,1584.015321302835,63.56149405503858,65.1908462749379,64.11922170423928,D7_I10,released_monthly_average_weekday,2025-10
PeMS::D7_I10_E::L10E-106,D7_I10_E,L10E-106,2025-10-01,AM,4,measured,False,True,3786.3599999999997,0.0,0.0,True,True,True,PeMS_average_weekday,176320.41204724117,165444.61854637729,184676.26628430394,241.3620366995916,218.0690442029108,271.82696477942835,1183.614710169962,1030.0701874930235,1210.573300036574,50.336611330466056,46.98314593582908,49.00269383154402,D7_I10,released_monthly_average_weekday,2025-10
PeMS::D7_I10_E::L10E-106,D7_I10_E,L10E-106,2025-10-01,MD,6,measured,False,True,6039.279999999999,2240.38,0.3709680624180367,True,False,False,PeMS_average_weekday,260491.16856378803,250049.57791359333,,311.7037914342217,316.398945227622,,1928.128614837841,2712.86855970394,,82.16959653669424,96.59041124387899,,D7_I10,released_monthly_average_weekday,2025-10
PeMS::D7_I10_E::L10E-106,D7_I10_E,L10E-106,2025-10-01,PM,4,measured,False,True,4106.703157894736,3035.2431578947367,0.7390948508318108,True,False,False,PeMS_average_weekday,168998.78517463861,148891.01265544337,,180.24730063260608,141.64247933707648,,1439.1559462674654,1403.9418798009765,,58.473052390935536,55.31149311792626,,D7_I10,released_monthly_average_weekday,2025-10
PeMS::D7_I10_E::L10E-169,D7_I10_E,L10E-169,2025-10-01,NT,10,measured,False,True,6440.967391304348,763.3804347826086,0.11851953105883027,True,False,False,PeMS_average_weekday,793571.229229011,693876.2895940368,,1117.9131178426521,914.5836268129679,,5421.786279767899,4320.124075348739,,221.2067354073556,197.04775689799598,,D7_I10,released_monthly_average_weekday,2025-10
PeMS::D7_I10_E::L10E-169,D7_I10_E,L10E-169,2025-10-01,AM,4,measured,False,True,3675.934782608696,0.0,0.0,True,True,True,PeMS_average_weekday,463864.43686796515,489008.733515187,458063.9880209866,669.9181559896053,719.7771671289375,674.2292664008011,3013.1995740876346,3205.50619843509,3002.659977719126,124.64022174311516,129.75541325113122,121.54441830491038,D7_I10,released_monthly_average_weekday,2025-10
PeMS::D7_I10_E::L10E-169,D7_I10_E,L10E-169,2025-10-01,MD,6,measured,False,True,7713.565217391304,3927.413043478261,0.5091566523121323,True,False,False,PeMS_average_weekday,892253.9234076694,816668.414728497,,935.0231363417789,776.9101505549813,,7048.954548632491,7700.632623147736,,302.73601223570415,303.3839893709097,,D7_I10,released_monthly_average_weekday,2025-10
PeMS::D7_I10_E::L10E-169,D7_I10_E,L10E-169,2025-10-01,PM,4,measured,False,True,5198.413043478261,5198.413043478261,1.0,True,False,False,PeMS_average_weekday,716055.7859335423,674719.1918195483,,480.2981491077809,396.73033038646514,,6484.027290583574,6101.090650094019,,281.21007418542274,267.8113296788721,,D7_I10,released_monthly_average_weekday,2025-10
PeMS::D7_I10_E::L10E-178,D7_I10_E,L10E-178,2025-10-01,NT,10,measured,False,True,6175.809523809524,0.0,0.0,True,True,True,PeMS_average_weekday,690054.9101884118,570309.5308788342,703439.4405899639,989.1578494647846,751.71290182337,1035.4000104558136,4466.615634254448,3550.788478724336,4611.123140533466,186.3173499428329,161.957131959317,186.65326211001226,D7_I10,released_monthly_average_weekday,2025-10
PeMS::D7_I10_E::L10E-178,D7_I10_E,L10E-178,2025-10-01,AM,4,measured,False,True,4855.964285714286,761.8809523809524,0.15689591346919962,True,True,True,PeMS_average_weekday,495262.5197829243,520573.86802479316,543275.1681262734,643.6186282828758,686.1573790347055,783.5603187487553,3462.3292178870715,3241.130636654418,3650.074128548578,147.8799716008636,147.83314336048824,147.43577496915273,D7_I10,released_monthly_average_weekday,2025-10
PeMS::D7_I10_E::L10E-178,D7_I10_E,L10E-178,2025-10-01,MD,6,measured,False,True,6961.5714285714275,2565.5119047619046,0.36852482677009163,True,False,False,PeMS_average_weekday,705790.4396586379,556057.0656253066,,822.926128700127,528.9862700466252,,5344.378513811735,5243.243282905209,,228.134649144331,206.56953035629704,,D7_I10,released_monthly_average_weekday,2025-10
PeMS::D7_I10_E::L10E-178,D7_I10_E,L10E-178,2025-10-01,PM,4,measured,False,True,4174.964285714285,3972.3452380952376,0.9514680764306509,True,False,False,PeMS_average_weekday,414868.4465562237,386387.15364420414,,349.9531139722882,298.7425185313801,,3804.5640288690224,3460.7134803539443,,159.6614272133698,150.66718598953938,,D7_I10,released_monthly_average_weekday,2025-10
PeMS::D7_I10_E::L10E-187,D7_I10_E,L10E-187,2025-10-01,NT,10,measured,False,True,5847.75,626.2608695652175,0.10709433022362747,True,False,False,PeMS_average_weekday,404950.0203198194,350412.0060643138,,572.7279280698833,461.8706362954271,,2754.760057593002,2181.6905497309563,,112.4598189273147,99.5103894175395,,D7_I10,released_monthly_average_weekday,2025-10
PeMS::D7_I10_E::L10E-187,D7_I10_E,L10E-187,2025-10-01,AM,4,measured,False,True,3443.6413043478265,0.0,0.0,True,True,True,PeMS_average_weekday,249521.7476429178,254658.7234925416,241572.6518853098,364.6487013438108,374.8348894763459,355.5733611952622,1630.0278147991185,1669.3160279018982,1583.5353847861568,66.52706894399776,67.57210176442396,64.09979439472843,D7_I10,released_monthly_average_weekday,2025-10
PeMS::D7_I10_E::L10E-187,D7_I10_E,L10E-187,2025-10-01,MD,6,measured,False,True,7436.445652173913,3292.521739130434,0.44275476391976637,True,False,False,PeMS_average_weekday,472574.5692761857,406595.3888232868,,518.2996210364913,386.80090848215127,,3615.561090362178,3833.9204248947985,,156.03831154167662,151.04604132637405,,D7_I10,released_monthly_average_weekday,2025-10
PeMS::D7_I10_E::L10E-187,D7_I10_E,L10E-187,2025-10-01,PM,4,measured,False,True,5098.673913043478,5098.673913043478,1.0,True,False,False,PeMS_average_weekday,401841.65565408696,374021.2341068305,,275.1955644167983,219.92196098438768,,3646.240884573364,3382.0550564035343,,157.3847147955828,148.45749942899562,,D7_I10,released_monthly_average_weekday,2025-10
PeMS::D7_I10_E::L10E-214,D7_I10_E,L10E-214,2025-10-01,NT,10,measured,False,True,6771.532608695652,0.0,0.0,True,True,True,PeMS_average_weekday,177492.832462692,186638.7592270653,179948.16684906476,256.5799807242166,274.71557905978545,264.8676248246243,1153.4885028278845,1223.4376577898313,1179.5800866075833,47.6628414622859,49.523429076822666,47.7481221765516,D7_I10,released_monthly_average_weekday,2025-10
PeMS::D7_I10_E::L10E-214,D7_I10_E,L10E-214,2025-10-01,AM,4,measured,False,True,4108.076086956522,0.0,0.0,True,True,True,PeMS_average_weekday,101696.57184810539,116862.97620694907,109168.89924963377,141.9381646863077,172.01186030327182,160.6868664198314,650.0552056764075,766.0497020291227,715.6141787193027,27.923506588612497,31.008860848941993,28.967285582983177,D7_I10,released_monthly_average_weekday,2025-10
PeMS::D7_I10_E::L10E-214,D7_I10_E,L10E-214,2025-10-01,MD,6,measured,False,True,7355.532608695652,3604.967391304348,0.4901028359309541,True,False,False,PeMS_average_weekday,172501.02890847356,144060.94370949038,,192.94904457843828,137.04755497816294,,1317.4835462255262,1358.3975856585078,,56.62002892801651,53.51717175158944,,D7_I10,released_monthly_average_weekday,2025-10
PeMS::D7_I10_E::L10E-214,D7_I10_E,L10E-214,2025-10-01,PM,4,measured,False,True,4662.282608695652,4232.108695652173,0.907733196558879,True,False,False,PeMS_average_weekday,129563.1506381108,127835.54415008095,,99.23880215118,98.83846307269039,,1152.0634346360214,1144.9712723004839,,49.47650444841311,49.847986727503695,,D7_I10,released_monthly_average_weekday,2025-10
PeMS::D7_I10_E::L10E-216,D7_I10_E,L10E-216,2025-10-01,NT,10,measured,False,True,5091.418181818182,87.00909090909092,0.017089362492322197,True,False,False,PeMS_average_weekday,397307.51658742403,412570.2985778319,,577.0018156997628,607.2666199992708,,2587.7122201500365,2704.4438242949777,,106.36799125342364,109.47295194973569,,D7_I10,released_monthly_average_weekday,2025-10
PeMS::D7_I10_E::L10E-216,D7_I10_E,L10E-216,2025-10-01,AM,4,measured,False,True,3908.745454545455,0.0,0.0,True,True,True,PeMS_average_weekday,293488.1302238616,330055.82785892225,302663.5991033209,413.3020430260137,485.81269103921494,445.493777564345,1883.8781874165597,2163.552365263723,1983.9932837032602,80.1391588968234,87.57825250261841,80.309895685138,D7_I10,released_monthly_average_weekday,2025-10
PeMS::D7_I10_E::L10E-216,D7_I10_E,L10E-216,2025-10-01,MD,6,measured,False,True,6124.518181818181,2820.109090909091,0.46046219591299953,True,False,False,PeMS_average_weekday,474196.7284566514,447420.2705570857,,481.7492302761276,425.638292715677,,3617.9516692775574,4218.871539013685,,159.2449663702251,166.21206864250712,,D7_I10,released_monthly_average_weekday,2025-10
PeMS::D7_I10_E::L10E-216,D7_I10_E,L10E-216,2025-10-01,PM,4,measured,False,True,4062.3090909090906,4062.3090909090906,1.0,True,False,False,PeMS_average_weekday,344172.13756665715,326005.36361067306,,228.74444484289955,191.68895324325177,,3125.7574439486493,2947.8756494857903,,135.42992511229897,129.3989128656189,,D7_I10,released_monthly_average_weekday,2025-10
PeMS::D7_I10_E::L10E-217,D7_I10_E,L10E-217,2025-10-01,NT,10,measured,False,True,6350.478260869565,0.0,0.0,True,True,True,PeMS_average_weekday,209688.81179204115,221222.5099497972,209830.25346801273,302.74942354906784,325.6197703713875,308.85138662756134,1361.9268396485622,1450.1379592547096,1375.460461157657,56.35367109866482,58.70001133240895,55.677147227240745,D7_I10,released_monthly_average_weekday,2025-10
PeMS::D7_I10_E::L10E-217,D7_I10_E,L10E-217,2025-10-01,AM,4,measured,False,True,4091.9891304347825,0.0,0.0,True,True,True,PeMS_average_weekday,127686.10142059682,116049.87298000051,135206.05553729006,176.03653295487464,152.96287726351107,199.0112342856266,811.5302047879237,722.5349211678438,886.2906107530331,35.32316973069828,32.95597140577518,35.87608238442968,D7_I10,released_monthly_average_weekday,2025-10
PeMS::D7_I10_E::L10E-217,D7_I10_E,L10E-217,2025-10-01,MD,6,measured,False,True,7292.282608695652,4482.25,0.6146566501214804,True,False,False,PeMS_average_weekday,222031.81568304345,210224.644582202,,226.408461802957,199.99017633983544,,1791.9417631700608,1982.2766830005744,,76.73153841042752,78.09631202479333,,D7_I10,released_monthly_average_weekday,2025-10
PeMS::D7_I10_E::L10E-217,D7_I10_E,L10E-217,2025-10-01,PM,4,measured,False,True,4796.20652173913,4580.260869565218,0.9549757394317522,True,False,False,PeMS_average_weekday,163855.40544324258,148937.33990434013,,116.49326016167633,87.57415052591689,,1479.4171476794563,1346.7531722193376,,63.46747298927189,59.11660365114256,,D7_I10,released_monthly_average_weekday,2025-10
PeMS::D7_I10_E::L10E-221,D7_I10_E,L10E-221,2025-10-01,NT,10,measured,False,True,6442.717391304348,215.22826086956525,0.03340644138140469,True,False,False,PeMS_average_weekday,218638.92988299666,232836.20271366904,,315.33666499088713,342.714088539073,,1449.2396505729903,1526.2669966109631,,59.405095328193454,61.781632172011115,,D7_I10,released_monthly_average_weekday,2025-10
PeMS::D7_I10_E::L10E-221,D7_I10_E,L10E-221,2025-10-01,AM,4,measured,False,True,4429.684782608696,1485.9130434782605,0.33544442017907833,True,True,True,PeMS_average_weekday,140618.87686507736,154020.31176168527,143902.53038722664,178.96442017593665,203.01090763063988,199.55199905438192,1025.1160220019688,958.9416253489079,1010.9829569793478,42.61073840233844,43.73885864744922,40.68331132058006,D7_I10,released_monthly_average_weekday,2025-10
PeMS::D7_I10_E::L10E-221,D7_I10_E,L10E-221,2025-10-01,MD,6,measured,False,True,7736.445652173913,4828.532608695652,0.6241280331800498,True,False,False,PeMS_average_weekday,247861.24749692366,246254.28741906537,,242.08708809282865,234.26577061531094,,1981.9420835245612,2322.0119268597978,,86.26570874740989,91.48095698267457,,D7_I10,released_monthly_average_weekday,2025-10
PeMS::D7_I10_E::L10E-221,D7_I10_E,L10E-221,2025-10-01,PM,4,measured,False,True,5016.16304347826,5016.16304347826,1.0,True,False,False,PeMS_average_weekday,175376.6931764609,179576.97271621533,,126.59128335707742,138.8433248712067,,1601.121216644467,1608.3983237507432,,68.37400796904359,70.02395626379102,,D7_I10,released_monthly_average_weekday,2025-10
PeMS::D7_I10_E::L10E-222,D7_I10_E,L10E-222,2025-10-01,NT,10,measured,False,True,5633.565217391304,0.0,0.0,True,True,True,PeMS_average_weekday,114316.54470706618,120649.28214234163,114285.28292847236,165.02768226234497,177.58496436722146,168.21772609145074,742.4358127118535,790.8693551625682,749.1526382028281,30.725242732251743,32.013533480881435,30.324886036919498,D7_I10,released_monthly_average_weekday,2025-10
PeMS::D7_I10_E::L10E-222,D7_I10_E,L10E-222,2025-10-01,AM,4,measured,False,True,3639.5978260869565,0.0,0.0,True,True,True,PeMS_average_weekday,69684.37447691461,63855.33201026517,73834.6768430264,95.72485699275163,84.16635935991265,108.67804783757225,442.1491480762484,397.5679257153051,483.9944525702884,19.319530211001478,18.133707877467856,19.591570353278943,D7_I10,released_monthly_average_weekday,2025-10
PeMS::D7_I10_E::L10E-222,D7_I10_E,L10E-222,2025-10-01,MD,6,measured,False,True,6833.282608695652,4268.336956521739,0.6246393133353058,True,False,False,PeMS_average_weekday,121641.09965555891,109615.52435242046,,129.50095249380263,104.27905866313473,,984.1953714351239,1033.600501266257,,41.67111148280039,40.7210496638067,,D7_I10,released_monthly_average_weekday,2025-10
PeMS::D7_I10_E::L10E-222,D7_I10_E,L10E-222,2025-10-01,PM,4,measured,False,True,4819.804347826086,4521.586956521739,0.9381266603822094,True,False,False,PeMS_average_weekday,89692.83303468426,82449.27928465833,,77.0433955225925,63.7472160041764,,799.9524757587756,738.4648520914001,,34.03500440211306,32.15013951556987,,D7_I10,released_monthly_average_weekday,2025-10
PeMS::D7_I10_E::L10E-233,D7_I10_E,L10E-233,2025-10-01,NT,10,measured,False,True,9636.5,1346.6,0.13973953198775488,True,False,False,PeMS_average_weekday,1054349.211852804,902084.8568729128,,1499.9857655469777,1189.018925224529,,7259.117996448103,5616.445707439092,,293.2729669274949,256.17505633814767,,D7_I10,released_monthly_average_weekday,2025-10
PeMS::D7_I10_E::L10E-233,D7_I10_E,L10E-233,2025-10-01,AM,4,measured,False,True,4936.5,0.0,0.0,True,True,True,PeMS_average_weekday,547154.899371139,591262.9006278367,535805.9676859729,782.8237339992254,870.2861656132891,788.6585149093482,3538.450212462695,3875.7935451236262,3512.267231363378,147.91487411519194,156.88791784869997,142.17276705827277,D7_I10,released_monthly_average_weekday,2025-10
PeMS::D7_I10_E::L10E-233,D7_I10_E,L10E-233,2025-10-01,MD,6,measured,False,True,9561.954545454546,6830.6,0.7143518584541958,True,False,False,PeMS_average_weekday,933415.8781924853,812801.8345336821,,1015.8641539940937,773.2318089574491,,7891.166084689482,7664.17337842709,,322.379173876812,301.94759425194883,,D7_I10,released_monthly_average_weekday,2025-10
PeMS::D7_I10_E::L10E-233,D7_I10_E,L10E-233,2025-10-01,PM,4,measured,False,True,6389.563636363637,6389.563636363637,1.0,True,False,False,PeMS_average_weekday,612121.9422892751,695265.4448298346,,520.1470847002888,661.4175002690654,,5606.911487641912,6555.884456464364,,233.83573203630687,258.284023870741,,D7_I10,released_monthly_average_weekday,2025-10
PeMS::D7_I10_E::L10E-258,D7_I10_E,L10E-258,2025-10-01,NT,10,measured,False,True,4964.330434782609,0.0,0.0,True,True,True,PeMS_average_weekday,183351.02198782665,183351.0219878267,176961.03909781767,269.8763235738709,269.87632357387093,260.4708396482342,1201.8861774646277,1201.886177464628,1159.9991346411239,48.65104853451217,48.65104853451219,46.95550648437204,D7_I10,released_monthly_average_weekday,2025-10
PeMS::D7_I10_E::L10E-258,D7_I10_E,L10E-258,2025-10-01,AM,4,measured,False,True,4336.478260869565,0.0,0.0,True,True,True,PeMS_average_weekday,161919.9827175261,169405.6810422347,154580.30224818827,234.5065216740392,249.35002759483677,227.5283945264761,1053.2214021432585,1110.4729290364228,1013.2909354207849,43.42789782989598,44.950739412595425,41.016917744017164,D7_I10,released_monthly_average_weekday,2025-10
PeMS::D7_I10_E::L10E-258,D7_I10_E,L10E-258,2025-10-01,MD,6,measured,False,True,6881.991304347825,0.0,0.0,True,True,True,PeMS_average_weekday,227605.3282698133,219828.6896924242,245318.9505168116,305.17195121912425,289.75153541284465,361.0875780821833,1428.1460296961297,1368.669356533624,1608.0927856287635,64.00922323535178,62.427194667598386,65.09385133845288,D7_I10,released_monthly_average_weekday,2025-10
PeMS::D7_I10_E::L10E-258,D7_I10_E,L10E-258,2025-10-01,PM,4,measured,False,True,4789.808695652174,0.0,0.0,True,True,True,PeMS_average_weekday,170664.43923889543,148700.10119092112,170739.94871968846,239.55187337065587,195.99845086826087,251.31395041103232,1093.8035247569571,925.817608694397,1119.219200866181,46.69630085657922,42.228019359645586,45.30477900741232,D7_I10,released_monthly_average_weekday,2025-10
PeMS::D7_I10_E::L10E-303,D7_I10_E,L10E-303,2025-10-01,NT,10,measured,False,True,25909.22222222222,0.0,0.0,True,True,True,PeMS_average_weekday,4229158.9410999,4440403.811973564,4282946.810834312,6116.9970087914135,6535.877700416586,6304.115062130067,27491.71053569506,29107.336878256407,28075.188864230804,1135.2591411902279,1178.2334182107902,1136.4531863829409,D7_I10,released_monthly_average_weekday,2025-10
PeMS::D7_I10_E::L10E-303,D7_I10_E,L10E-303,2025-10-01,AM,4,measured,False,True,21951.711111111108,8464.133333333331,0.38557966121598214,True,False,False,PeMS_average_weekday,3291918.981879138,3674536.532786526,,4148.341704628237,4843.328701977786,,24331.751152307028,22877.930805687494,,1010.1992762313026,1043.4989525999608,,D7_I10,released_monthly_average_weekday,2025-10
PeMS::D7_I10_E::L10E-303,D7_I10_E,L10E-303,2025-10-01,MD,6,measured,False,True,33416.31111111111,18265.999999999996,0.5466192823996797,True,False,False,PeMS_average_weekday,4795123.584748781,4159595.367679039,,5229.144653842908,3957.091770747234,,37268.42927455166,39222.180275078164,,1599.7691217680363,1545.2472681152508,,D7_I10,released_monthly_average_weekday,2025-10
PeMS::D7_I10_E::L10E-303,D7_I10_E,L10E-303,2025-10-01,PM,4,measured,False,True,22752.244444444445,20816.711111111108,0.91493000446354,True,False,False,PeMS_average_weekday,3191631.825099758,3327852.8782568136,,2980.4493838106027,3165.8414039813997,,28659.480424614077,31379.409289215764,,1181.8260855976505,1236.2634136899558,,D7_I10,released_monthly_average_weekday,2025-10
PeMS::D7_I10_E::L10E-304,D7_I10_E,L10E-304,2025-10-01,NT,10,measured,False,True,6392.130434782608,0.0,0.0,True,True,True,PeMS_average_weekday,341477.511438584,358815.8117602364,349898.15331945935,493.7644364874485,528.1448178917486,515.0188213808364,2219.471813129651,2352.077232702911,2293.620997776485,91.6823440137764,95.20953460546659,92.84328963495723,D7_I10,released_monthly_average_weekday,2025-10
PeMS::D7_I10_E::L10E-304,D7_I10_E,L10E-304,2025-10-01,AM,4,measured,False,True,5620.260869565216,1558.423913043478,0.2772867575387186,True,True,True,PeMS_average_weekday,271454.41464143735,292947.7370983709,293780.52643454506,349.05892578194204,386.12820164071854,410.6423351902066,1986.213982283526,1823.9138457923775,2045.9916471617792,82.6236326468838,83.19162269883955,82.39289670619522,D7_I10,released_monthly_average_weekday,2025-10
PeMS::D7_I10_E::L10E-304,D7_I10_E,L10E-304,2025-10-01,MD,6,measured,False,True,8655.70652173913,3823.0652173913045,0.44168147427243903,True,False,False,PeMS_average_weekday,403420.7648157509,402467.61518767744,,473.3253765229759,509.260323477375,,3142.4692963513316,4366.50103012359,,131.09995910137687,155.46721889190476,,D7_I10,released_monthly_average_weekday,2025-10
PeMS::D7_I10_E::L10E-304,D7_I10_E,L10E-304,2025-10-01,PM,4,measured,False,True,5955.608695652173,5350.086956521739,0.8983274808547297,True,False,False,PeMS_average_weekday,254234.4611406179,241437.5001749656,,256.33910910671113,229.68348135872327,,2366.733147330023,2276.5928702124215,,93.05840421103113,89.6915696331568,,D7_I10,released_monthly_average_weekday,2025-10
PeMS::D7_I10_E::L10E-308,D7_I10_E,L10E-308,2025-10-01,NT,10,measured,False,True,24872.739130434784,0.0,0.0,True,True,True,PeMS_average_weekday,3853425.8365477854,4046187.9568869495,3901085.1558999172,5573.39621907322,5955.627181429192,5742.048822028221,25048.940426783312,26523.208456013643,25572.043586971933,1034.4164362543847,1073.6307032056538,1035.1285812279402,D7_I10,released_monthly_average_weekday,2025-10
PeMS::D7_I10_E::L10E-308,D7_I10_E,L10E-308,2025-10-01,AM,4,measured,False,True,20943.608695652176,8079.956521739129,0.38579581194221324,True,False,False,PeMS_average_weekday,3043043.753888244,3429597.5889894757,,3809.4810507883603,4520.479872978732,,22506.129633692108,21352.923186955883,,934.5070637346478,973.9409201725796,,D7_I10,released_monthly_average_weekday,2025-10
PeMS::D7_I10_E::L10E-308,D7_I10_E,L10E-308,2025-10-01,MD,6,measured,False,True,31844.173913043476,17810.91304347826,0.5593146517825935,True,False,False,PeMS_average_weekday,4499828.364178082,4058377.2273180108,,4788.755893280706,3860.801282161454,,35312.5293036849,38267.761444055286,,1523.742731462136,1507.645760985038,,D7_I10,released_monthly_average_weekday,2025-10
PeMS::D7_I10_E::L10E-308,D7_I10_E,L10E-308,2025-10-01,PM,4,measured,False,True,21627.91304347826,20246.17391304348,0.9361131549004709,True,False,False,PeMS_average_weekday,3003708.7610189784,2722353.176625062,,2621.975846940285,2104.8387262527026,,27204.64442779019,24383.016484306074,,1142.0505299167764,1061.550024433464,,D7_I10,released_monthly_average_weekday,2025-10
PeMS::D7_I10_E::L10E-311,D7_I10_E,L10E-311,2025-10-01,NT,10,measured,False,True,25750.304347826084,455.3043478260869,0.017681513261979174,True,False,False,PeMS_average_weekday,213788.64271275292,218038.8116145455,,312.50592581115905,320.9336508571858,,1396.762659201022,1429.2684654233076,,56.990610257330054,57.855236863478744,,D7_I10,released_monthly_average_weekday,2025-10
PeMS::D7_I10_E::L10E-311,D7_I10_E,L10E-311,2025-10-01,AM,4,measured,False,True,20889.91304347826,11639.217391304346,0.5571692599715277,True,False,False,PeMS_average_weekday,157866.73271850834,121128.08226668499,,189.47986287440202,115.2311451417305,,1327.0485941180275,1142.1561616194695,,53.18566227060796,44.99784754762639,,D7_I10,released_monthly_average_weekday,2025-10
PeMS::D7_I10_E::L10E-311,D7_I10_E,L10E-311,2025-10-01,MD,6,measured,False,True,33939.043478260865,0.0,0.0,True,True,True,PeMS_average_weekday,252368.64845204173,252368.64845204173,279644.1760450329,332.64176519159565,332.64176519159565,411.6112434044055,1571.2654984633698,1571.2654984633698,1833.0984259216452,71.66792818061023,71.66792818061023,74.2018355483388,D7_I10,released_monthly_average_weekday,2025-10
PeMS::D7_I10_E::L10E-311,D7_I10_E,L10E-311,2025-10-01,PM,4,measured,False,True,22692.69565217391,0.0,0.0,True,True,True,PeMS_average_weekday,172141.05337705446,165284.89869527644,186978.75742896614,231.45369503725465,217.8585208533101,275.2160260371512,1081.5124610315797,1029.075760122612,1225.6663835138395,48.33255985083315,46.93778851569023,49.61364547618052,D7_I10,released_monthly_average_weekday,2025-10
PeMS::D7_I10_E::L10E-326,D7_I10_E,L10E-326,2025-10-01,NT,10,measured,False,True,5673.952380952382,0.0,0.0,True,True,True,PeMS_average_weekday,860745.5700294409,918252.630145913,878164.1734476603,1237.5542030658744,1351.5858338235482,1292.5792071127732,5579.426340785023,6019.247297493582,5756.463041048487,231.95373953946262,243.652600306413,233.01537870079866,D7_I10,released_monthly_average_weekday,2025-10
PeMS::D7_I10_E::L10E-326,D7_I10_E,L10E-326,2025-10-01,AM,4,measured,False,True,4460.666666666666,0.0,0.0,True,True,True,PeMS_average_weekday,610696.8401849554,587702.7349977597,690382.5399573331,820.2338789716562,774.6385154284869,1016.181419243174,3834.941528124462,3659.0798283330496,4525.533716374543,171.57424391970375,166.896473320741,183.18869507623484,D7_I10,released_monthly_average_weekday,2025-10
PeMS::D7_I10_E::L10E-326,D7_I10_E,L10E-326,2025-10-01,MD,6,measured,False,True,6887.066666666667,1474.1333333333332,0.21404371478907322,True,True,True,PeMS_average_weekday,1003272.4556000233,888370.7867838829,1050230.3714710427,1265.5522411174647,1124.095398419679,1460.6245417852915,7270.793241029373,9638.221335683496,7177.268614735753,309.8508777456857,343.16434504102733,293.86802194277516,D7_I10,released_monthly_average_weekday,2025-10
PeMS::D7_I10_E::L10E-326,D7_I10_E,L10E-326,2025-10-01,PM,4,measured,False,True,4653.257142857143,3579.67619047619,0.769283983364443,True,True,True,PeMS_average_weekday,603928.9462779325,537524.7467743155,682092.2201952983,641.5634147569763,511.35616905460506,797.0350860840272,5273.007144001807,5068.4960090389095,5182.428600889895,211.89035935637884,199.68496285753247,217.88963534892667,D7_I10,released_monthly_average_weekday,2025-10
PeMS::D7_I10_E::L10E-331,D7_I10_E,L10E-331,2025-10-01,NT,10,measured,False,True,24008.863636363636,0.0,0.0,True,True,True,PeMS_average_weekday,3715776.4335053763,3974145.2385893054,3769327.4342872733,5337.263273564992,5849.5867364747755,5548.113227201537,24074.924593892927,26050.960489407462,24708.357185534896,1001.9537554014646,1054.5146178604107,1000.16749271326,D7_I10,released_monthly_average_weekday,2025-10
PeMS::D7_I10_E::L10E-331,D7_I10_E,L10E-331,2025-10-01,AM,4,measured,False,True,18416.727272727272,0.0,0.0,True,True,True,PeMS_average_weekday,2574752.7815917437,2531374.820196335,2891376.9685349273,3422.56630855988,3336.5514841740824,4255.848578723373,16092.28301928305,15760.52311984888,18953.29502200665,727.6871530745475,718.8626238829801,767.2088200146653,D7_I10,released_monthly_average_weekday,2025-10
PeMS::D7_I10_E::L10E-331,D7_I10_E,L10E-331,2025-10-01,MD,6,measured,False,True,27608.045454545456,10760.409090909092,0.3897562798723034,True,False,False,PeMS_average_weekday,3740763.7674812945,3006502.15777391,,4412.891729538065,2860.1351563431526,,32948.34738381118,28349.288622132826,,1303.0660243238826,1116.8848975026597,,D7_I10,released_monthly_average_weekday,2025-10
PeMS::D7_I10_E::L10E-331,D7_I10_E,L10E-331,2025-10-01,PM,4,measured,False,True,17811.31818181818,13438.772727272722,0.7545074760941075,True,False,False,PeMS_average_weekday,2518083.8796638306,2538186.2983086193,,2447.6575660709223,2414.618544799625,,21607.056240257483,23933.385765727122,,909.40709784522,942.9103306308886,,D7_I10,released_monthly_average_weekday,2025-10
PeMS::D7_I10_E::L10E-333,D7_I10_E,L10E-333,2025-10-01,NT,10,measured,False,True,23691.7619047619,0.0,0.0,True,True,True,PeMS_average_weekday,1103530.2756627877,1174871.6255896315,1115670.9997588575,1587.8422124562517,1729.3060684790646,1642.1680363084974,7155.785844555013,7701.413124303867,7313.346490631182,297.2316296471129,311.7448479898702,296.0363316732407,D7_I10,released_monthly_average_weekday,2025-10
PeMS::D7_I10_E::L10E-333,D7_I10_E,L10E-333,2025-10-01,AM,4,measured,False,True,17577.52380952381,0.0,0.0,True,True,True,PeMS_average_weekday,735696.6198367917,719396.0390423081,827744.8355546285,980.5433389817455,948.2206675301447,1218.3664462561494,4603.680700257744,4479.011885238953,5425.958718609659,207.6109673066022,204.29488359881296,219.6369222934233,D7_I10,released_monthly_average_weekday,2025-10
PeMS::D7_I10_E::L10E-333,D7_I10_E,L10E-333,2025-10-01,MD,6,measured,False,True,26741.14285714286,5495.285714285714,0.20549928414214583,True,False,False,PeMS_average_weekday,1171365.8336355165,1057177.486473466,,1463.3079809343667,1337.6940862270883,,8631.230897742735,11469.659693133968,,365.55000471220114,408.37184780823134,,D7_I10,released_monthly_average_weekday,2025-10
PeMS::D7_I10_E::L10E-333,D7_I10_E,L10E-333,2025-10-01,PM,4,measured,False,True,17250.095238095237,13052.999999999996,0.7566914744432052,True,False,False,PeMS_average_weekday,714322.4843635722,691070.5203621439,,716.8118080681819,657.426799342002,,6032.418538635054,6516.329146592023,,253.25295816261632,256.72565220218473,,D7_I10,released_monthly_average_weekday,2025-10
PeMS::D7_I10_E::L10E-337,D7_I10_E,L10E-337,2025-10-01,NT,10,measured,False,True,26377.999999999993,0.0,0.0,True,True,True,PeMS_average_weekday,3935958.5388742527,4174521.176017511,3942300.2835001117,5671.472705565758,6144.522214551263,5802.713807648574,25539.89094020174,27364.44686586991,25842.21329548004,1059.1514963800614,1107.6831213750256,1046.0647579205704,D7_I10,released_monthly_average_weekday,2025-10
PeMS::D7_I10_E::L10E-337,D7_I10_E,L10E-337,2025-10-01,AM,4,measured,False,True,21534.521739130432,0.0,0.0,True,True,True,PeMS_average_weekday,3057201.4105662513,2795559.747195567,3218422.592964336,4203.5812993688105,3684.768035608113,4737.230519249397,19406.424736916677,17405.357625062155,21097.115171687034,847.1128233028143,793.8861519270299,853.9883338379992,D7_I10,released_monthly_average_weekday,2025-10
PeMS::D7_I10_E::L10E-337,D7_I10_E,L10E-337,2025-10-01,MD,6,measured,False,True,31626.04347826087,9109.434782608696,0.28803586477297877,True,False,False,PeMS_average_weekday,4570768.094468243,4218397.535064795,,5632.820019024084,5337.727588992439,,32693.02415406936,45766.756099722086,,1415.4553799940604,1629.5038612017734,,D7_I10,released_monthly_average_weekday,2025-10
PeMS::D7_I10_E::L10E-337,D7_I10_E,L10E-337,2025-10-01,PM,4,measured,False,True,19994.91304347826,15478.130434782608,0.7741034132594594,True,False,False,PeMS_average_weekday,2884027.1590058715,2443023.415049429,,2698.18827683332,1888.8696504518148,,24395.861831978575,21881.172770736364,,1045.9085479506734,952.6286259273342,,D7_I10,released_monthly_average_weekday,2025-10
PeMS::D7_I10_E::L10E-349,D7_I10_E,L10E-349,2025-10-01,NT,10,measured,False,True,5245.664344685242,0.0,0.0,True,True,True,PeMS_average_weekday,166471.24151210758,173939.22966017568,168591.21227912823,241.21461798783093,256.0230061279728,248.15120234112464,1083.0747630755732,1140.1908403940638,1105.133996437403,44.634449483300024,46.153688223317964,44.734625213208155,D7_I10,released_monthly_average_weekday,2025-10
PeMS::D7_I10_E::L10E-349,D7_I10_E,L10E-349,2025-10-01,AM,4,measured,False,True,3951.0350877192986,0.0,0.0,True,True,True,PeMS_average_weekday,120555.03845619642,109672.85936136106,126982.92369218242,166.13591049685655,144.55747080844506,186.907518873731,766.0593950836595,682.8311721338058,832.3870742853702,33.358819468719304,31.145020018466564,33.69412570829735,D7_I10,released_monthly_average_weekday,2025-10
PeMS::D7_I10_E::L10E-349,D7_I10_E,L10E-349,2025-10-01,MD,6,measured,False,True,5963.403508771929,3124.684210526316,0.5239766529180911,True,False,False,PeMS_average_weekday,183363.8026508863,175297.5992553183,,185.32714735320627,166.76350128546713,,1455.7104622638028,1652.9381903838657,,62.93292765696814,65.12127079985343,,D7_I10,released_monthly_average_weekday,2025-10
PeMS::D7_I10_E::L10E-349,D7_I10_E,L10E-349,2025-10-01,PM,4,measured,False,True,3959.0964912280706,3870.5,0.9776220429523836,True,False,False,PeMS_average_weekday,128392.15144661046,131998.2830502066,,92.19447725243306,102.05696319952746,,1160.667547703039,1182.2552412186742,,49.91780965166011,51.471198447085484,,D7_I10,released_monthly_average_weekday,2025-10
PeMS::D7_I10_E::L10E-351,D7_I10_E,L10E-351,2025-10-01,NT,10,measured,False,True,25320.239130434784,0.0,0.0,True,True,True,PeMS_average_weekday,6557001.367514377,6856363.798561698,6606367.033695575,9498.344603987627,10091.954956016902,9723.982053133872,42654.66102392569,44944.22113287863,43305.46475810687,1758.392973342556,1819.293311363404,1752.9582312034454,D7_I10,released_monthly_average_weekday,2025-10
PeMS::D7_I10_E::L10E-351,D7_I10_E,L10E-351,2025-10-01,AM,4,measured,False,True,20181.45652173913,5402.826086956522,0.2677123963345603,True,False,False,PeMS_average_weekday,4906430.4603230115,5050182.2316227835,,6432.575476247003,6656.538133283503,,34188.455151226706,31442.8006417349,,1447.1271670836281,1434.1563411103152,,D7_I10,released_monthly_average_weekday,2025-10
PeMS::D7_I10_E::L10E-351,D7_I10_E,L10E-351,2025-10-01,MD,6,measured,False,True,31510.695652173912,14952.065217391306,0.47450762060087265,True,False,False,PeMS_average_weekday,7568176.002339944,6646802.289504484,,8182.916191944911,6323.212792752483,,58981.58392167262,62674.86488648848,,2527.715493002067,2469.219280165215,,D7_I10,released_monthly_average_weekday,2025-10
PeMS::D7_I10_E::L10E-351,D7_I10_E,L10E-351,2025-10-01,PM,4,measured,False,True,21016.86956521739,17725.58695652174,0.843398057047341,True,False,False,PeMS_average_weekday,5100554.64781225,5343678.517915379,,4765.853455533872,5083.529627200349,,44600.43607828109,50387.286174589244,,1872.0220993270227,1985.122085589369,,D7_I10,released_monthly_average_weekday,2025-10
PeMS::D7_I10_W::L10W-001,D7_I10_W,L10W-001,2025-10-01,NT,10,measured,False,True,5175.010989010989,0.0,0.0,True,True,True,PeMS_average_weekday,117128.749974823,118463.72341544137,119662.41536548286,172.45157018452778,174.36801718156687,176.13238463950373,818.4429441724549,776.542776584386,784.4003345634663,32.269241524315845,31.433609122976783,31.751674545286072,D7_I10,released_monthly_average_weekday,2025-10
PeMS::D7_I10_W::L10W-001,D7_I10_W,L10W-001,2025-10-01,AM,4,measured,False,True,4317.1846153846145,1924.7274725274724,0.4458293179468305,True,True,True,PeMS_average_weekday,81603.39886014475,68905.97468257016,96565.98402542288,91.54137359132797,65.55139172680103,130.2801943885071,724.3009542591783,649.7368907634285,698.4596970535538,28.64097438977433,25.597867033511925,28.040611181773908,D7_I10,released_monthly_average_weekday,2025-10
PeMS::D7_I10_W::L10W-001,D7_I10_W,L10W-001,2025-10-01,MD,6,measured,False,True,6803.563736263736,0.0,0.0,True,True,True,PeMS_average_weekday,135783.1371686972,138480.51847954013,157319.64077044762,178.4338032498763,182.528235556309,231.5604560955723,892.6566866864396,862.1897459563787,1031.2476016537032,39.605644409375024,39.325850947334885,41.743784111894556,D7_I10,released_monthly_average_weekday,2025-10
PeMS::D7_I10_W::L10W-001,D7_I10_W,L10W-001,2025-10-01,PM,4,measured,False,True,4537.395604395604,0.0,0.0,True,True,True,PeMS_average_weekday,89726.53709823327,87336.9320377573,104918.75643233536,119.85534302860827,115.11695853527868,154.43103590543947,562.0420583264774,543.7660695743918,687.754023651824,25.288164297836328,24.80203864937007,27.83953673140207,D7_I10,released_monthly_average_weekday,2025-10
PeMS::D7_I10_W::L10W-068,D7_I10_W,L10W-068,2025-10-01,NT,10,measured,False,True,5874.804347826086,0.0,0.0,True,True,True,PeMS_average_weekday,118023.28495094713,121352.3119011899,119252.182713855,172.0185828082683,178.61976136275493,175.52855882696676,770.0169917168121,795.4777927940864,781.7112142728311,31.522842533564617,32.200078036500024,31.64282187335434,D7_I10,released_monthly_average_weekday,2025-10
PeMS::D7_I10_W::L10W-068,D7_I10_W,L10W-068,2025-10-01,AM,4,measured,False,True,5426.445652173913,3768.923913043478,0.6945474357664657,True,False,False,PeMS_average_weekday,93016.27366898241,78101.6406335442,,105.27927143317748,74.2993806162693,,838.6863616859587,736.4458217524899,,32.88161518502499,29.013963175856578,,D7_I10,released_monthly_average_weekday,2025-10
PeMS::D7_I10_W::L10W-068,D7_I10_W,L10W-068,2025-10-01,MD,6,measured,False,True,7384.0,0.0,0.0,True,True,True,PeMS_average_weekday,135498.6214965594,134979.8310070976,149887.22432687436,178.9427712267199,177.91405361508947,220.62060311130747,844.3619844623807,840.3942120020207,982.5272918793482,38.43726119263222,38.33172184335685,39.771638829012,D7_I10,released_monthly_average_weekday,2025-10
PeMS::D7_I10_W::L10W-068,D7_I10_W,L10W-068,2025-10-01,PM,4,measured,False,True,4566.576086956522,0.0,0.0,True,True,True,PeMS_average_weekday,90519.81944375996,99776.91406310785,92696.56207359051,128.50666853731428,146.86270331607648,136.44105775433673,583.2492994709537,654.0486796440507,607.6361912077983,24.591978095993547,26.475180972977622,24.59645379410044,D7_I10,released_monthly_average_weekday,2025-10
PeMS::D7_I10_W::L10W-071,D7_I10_W,L10W-071,2025-10-01,NT,10,measured,False,True,5895.75,0.0,0.0,True,True,True,PeMS_average_weekday,510376.2188069727,410381.8186569893,516119.0037304885,740.2324371485106,540.9155748858385,759.6810628229879,3362.0595831524074,2555.0669499064784,3383.217010656607,137.56753925852473,116.5406831892053,136.94895413096302,D7_I10,released_monthly_average_weekday,2025-10
PeMS::D7_I10_W::L10W-071,D7_I10_W,L10W-071,2025-10-01,AM,4,measured,False,True,5573.445652173912,5573.445652173912,1.0,True,False,False,PeMS_average_weekday,394815.4679247136,380246.01111313864,,318.7495684961655,293.99437830702874,,3572.000804346253,3405.7097501791995,,152.55665785856257,148.2725187362685,,D7_I10,released_monthly_average_weekday,2025-10
PeMS::D7_I10_W::L10W-071,D7_I10_W,L10W-071,2025-10-01,MD,6,measured,False,True,8123.836956521738,449.1739130434783,0.055290857687990136,True,False,False,PeMS_average_weekday,638889.4931454019,658435.9689004375,,831.5451739698132,867.870491458061,,4104.247076107937,4099.4700697823055,,184.6903298791913,186.98337539202876,,D7_I10,released_monthly_average_weekday,2025-10
PeMS::D7_I10_W::L10W-071,D7_I10_W,L10W-071,2025-10-01,PM,4,measured,False,True,5041.010869565217,0.0,0.0,True,True,True,PeMS_average_weekday,370983.6364609325,365884.02607459814,441294.4083101494,492.3760734397239,482.2639778569432,649.5459432800811,2317.0229053369067,2278.020467820265,2892.733532598549,104.9415822234655,103.90415078888012,117.09471506589881,D7_I10,released_monthly_average_weekday,2025-10
PeMS::D7_I10_W::L10W-084,D7_I10_W,L10W-084,2025-10-01,NT,10,measured,False,True,6469.978260869565,118.40217391304346,0.018300242928038866,True,False,False,PeMS_average_weekday,300800.15911944304,307279.9325101865,,441.8436093205489,452.28860791068934,,2118.9062540987975,2014.253858485594,,83.37771448276484,81.53481092255522,,D7_I10,released_monthly_average_weekday,2025-10
PeMS::D7_I10_W::L10W-084,D7_I10_W,L10W-084,2025-10-01,AM,4,measured,False,True,4533.804347826086,4533.804347826086,1.0,True,False,False,PeMS_average_weekday,208371.46907864814,209435.20560488678,,154.57026461711706,161.92878102038267,,1900.6862956829257,1875.8264410750644,,80.83617890415371,81.66682763134929,,D7_I10,released_monthly_average_weekday,2025-10
PeMS::D7_I10_W::L10W-084,D7_I10_W,L10W-084,2025-10-01,MD,6,measured,False,True,7657.804347826088,1908.25,0.2491902265094717,True,False,False,PeMS_average_weekday,316828.32104516967,360527.2147373073,,393.3683000348574,475.20327840015864,,2235.075327383092,2244.668572140314,,96.85098242303383,102.3829175748781,,D7_I10,released_monthly_average_weekday,2025-10
PeMS::D7_I10_W::L10W-084,D7_I10_W,L10W-084,2025-10-01,PM,4,measured,False,True,5146.66304347826,0.0,0.0,True,True,True,PeMS_average_weekday,219221.5306821239,209440.0335026338,240699.6359554918,295.4543485847834,276.05846793343795,354.2883597428222,1378.7989044928968,1303.988830063564,1577.8126690500844,61.46689649098018,59.4770125817105,63.868145070320544,D7_I10,released_monthly_average_weekday,2025-10
PeMS::D7_I10_W::L10W-086,D7_I10_W,L10W-086,2025-10-01,NT,10,measured,False,True,5617.590476190476,0.0,0.0,True,True,True,PeMS_average_weekday,367843.05584304954,389686.7491313327,385665.60660573374,530.2698854971663,573.584079656779,567.6653171126179,2387.3764226919866,2554.439633028993,2528.0806001382275,98.95720671232432,103.40094502720292,102.33395997276405,D7_I10,released_monthly_average_weekday,2025-10
PeMS::D7_I10_W::L10W-086,D7_I10_W,L10W-086,2025-10-01,AM,4,measured,False,True,4513.714285714284,3654.847619047618,0.8097206397434275,True,False,False,PeMS_average_weekday,234988.13295067963,222910.07910641315,,238.23526810711257,212.05803970802594,,2220.042845501889,2101.891779132853,,86.6480918074642,82.8088216106307,,D7_I10,released_monthly_average_weekday,2025-10
PeMS::D7_I10_W::L10W-086,D7_I10_W,L10W-086,2025-10-01,MD,6,measured,False,True,7064.628571428571,0.0,0.0,True,True,True,PeMS_average_weekday,429261.29232838907,429261.29232838895,485009.4137321049,565.8002088784642,565.800208878464,713.8905257120923,2672.611921482673,2672.6119214826726,3179.2902160291324,121.90209702356564,121.90209702356562,128.69421872512154,D7_I10,released_monthly_average_weekday,2025-10
PeMS::D7_I10_W::L10W-086,D7_I10_W,L10W-086,2025-10-01,PM,4,measured,False,True,4638.238095238095,0.0,0.0,True,True,True,PeMS_average_weekday,280186.6421918926,266773.3123174043,318429.92403299746,378.2257446043178,351.6282472469385,468.70039927913797,1763.5367503215834,1660.9499798259878,2087.343283048518,78.48730080774402,75.75858057226347,84.49339153396676,D7_I10,released_monthly_average_weekday,2025-10
PeMS::D7_I10_W::L10W-099,D7_I10_W,L10W-099,2025-10-01,NT,10,measured,False,True,5946.523809523809,0.0,0.0,True,True,True,PeMS_average_weekday,211342.90550730668,225654.30178553885,220552.24680684163,303.76468502063494,332.1429720121946,324.6332029070408,1369.7335526208337,1479.188843678643,1445.7443104053687,56.96454261657378,59.87595961651415,58.52216119366802,D7_I10,released_monthly_average_weekday,2025-10
PeMS::D7_I10_W::L10W-099,D7_I10_W,L10W-099,2025-10-01,AM,4,measured,False,True,4719.523809523809,4236.988095238095,0.8977575421249118,True,False,False,PeMS_average_weekday,129371.80446012689,125259.57060820705,,127.59925674101866,119.1614982342952,,1205.9288303752992,1181.1133115852317,,47.53154543278267,46.53265334210183,,D7_I10,released_monthly_average_weekday,2025-10
PeMS::D7_I10_W::L10W-099,D7_I10_W,L10W-099,2025-10-01,MD,6,measured,False,True,7062.380952380951,0.0,0.0,True,True,True,PeMS_average_weekday,231211.0942363857,231211.0942363857,261938.57735149533,304.7544415299558,304.7544415299557,385.55018396616845,1439.5370322896247,1439.5370322896247,1717.0362731024945,65.65958251126631,65.65958251126631,69.50376551833327,D7_I10,released_monthly_average_weekday,2025-10
PeMS::D7_I10_W::L10W-099,D7_I10_W,L10W-099,2025-10-01,PM,4,measured,False,True,4557.273809523809,0.0,0.0,True,True,True,PeMS_average_weekday,143017.77137846235,143017.77137846235,169025.97386302895,188.50869241050097,188.50869241050094,248.79113255052414,890.4390113925099,890.4390113925099,1107.983906585259,40.61434504868922,40.61434504868922,44.84998648411887,D7_I10,released_monthly_average_weekday,2025-10
PeMS::D7_I10_W::L10W-107,D7_I10_W,L10W-107,2025-10-01,NT,10,measured,False,True,5608.217391304349,117.86956521739128,0.02101729604850025,True,False,False,PeMS_average_weekday,470852.45579969365,483256.9106201667,,691.099912871487,711.3109977019727,,3385.7172721538127,3167.8023647842015,,132.35162986902185,128.22920296992467,,D7_I10,released_monthly_average_weekday,2025-10
PeMS::D7_I10_W::L10W-107,D7_I10_W,L10W-107,2025-10-01,AM,4,measured,False,True,4861.608695652174,4861.608695652174,1.0,True,False,False,PeMS_average_weekday,337031.55034797813,371106.7414278379,,295.14228608797805,353.0399721048615,,3110.3632253058563,3499.2864033554256,,127.84258329887193,137.86237065902216,,D7_I10,released_monthly_average_weekday,2025-10
PeMS::D7_I10_W::L10W-107,D7_I10_W,L10W-107,2025-10-01,MD,6,measured,False,True,7427.630434782608,709.3152173913043,0.09549683760108409,True,False,False,PeMS_average_weekday,546148.7907643738,583600.1189286293,,702.2366349302886,769.2309441651402,,3727.254475553421,3633.5366433043,,163.02941436845066,165.73140786749028,,D7_I10,released_monthly_average_weekday,2025-10
PeMS::D7_I10_W::L10W-107,D7_I10_W,L10W-107,2025-10-01,PM,4,measured,False,True,4965.163043478261,0.0,0.0,True,True,True,PeMS_average_weekday,374073.27885664057,358299.2728483385,432032.74708985543,503.54519366843226,472.266675429716,635.913605411326,2351.438751759805,2230.7972444449365,2832.0223215000337,104.95918494275443,101.75022417073077,114.63719110637246,D7_I10,released_monthly_average_weekday,2025-10
PeMS::D7_I10_W::L10W-109,D7_I10_W,L10W-109,2025-10-01,NT,10,measured,False,True,6446.315217391304,0.0,0.0,True,True,True,PeMS_average_weekday,121796.39131471081,122319.27258271523,122995.76665981168,180.0000661659538,180.0430410965754,181.03877993929865,868.6951940778124,801.8163267421232,806.2508200521899,33.856260952871175,32.45665501402556,32.6361584922244,D7_I10,released_monthly_average_weekday,2025-10
PeMS::D7_I10_W::L10W-109,D7_I10_W,L10W-109,2025-10-01,AM,4,measured,False,True,4892.95652173913,4892.95652173913,1.0,True,False,False,PeMS_average_weekday,76701.08196881722,80363.42677272172,,70.51037662045832,76.45105512482215,,717.8516181477819,757.7729403428718,,28.8392852318723,29.85419366552922,,D7_I10,released_monthly_average_weekday,2025-10
PeMS::D7_I10_W::L10W-109,D7_I10_W,L10W-109,2025-10-01,MD,6,measured,False,True,8164.717391304346,973.5326086956521,0.1192365347185797,True,False,False,PeMS_average_weekday,133736.86676752596,144162.65553377097,,171.03836055992826,190.01773994353522,,912.9672455918696,897.5671431315665,,39.973470378013836,40.93947051859627,,D7_I10,released_monthly_average_weekday,2025-10
PeMS::D7_I10_W::L10W-109,D7_I10_W,L10W-109,2025-10-01,PM,4,measured,False,True,5418.728260869565,0.0,0.0,True,True,True,PeMS_average_weekday,90604.62165840811,86598.88756017161,103389.39600234933,122.08718928453483,114.14415775626011,152.17995398732842,569.807290416127,539.1709511590307,677.7288973054675,25.40734834751452,24.592447961548327,27.43373049318567,D7_I10,released_monthly_average_weekday,2025-10
PeMS::D7_I10_W::L10W-116,D7_I10_W,L10W-116,2025-10-01,NT,10,measured,False,True,15985.42339732731,0.0,0.0,True,True,True,PeMS_average_weekday,362193.7966896085,362193.79668960854,359410.40964724834,533.1169099147066,533.1169099147068,529.0200128593677,2374.220296593581,2374.2202965935817,2355.9748874517168,96.10586180869669,96.10586180869672,95.36730744112307,D7_I10,released_monthly_average_weekday,2025-10
PeMS::D7_I10_W::L10W-116,D7_I10_W,L10W-116,2025-10-01,AM,4,measured,False,True,8578.44347826087,0.0,0.0,True,True,True,PeMS_average_weekday,174247.464631953,172068.53481464688,192874.58380195292,231.12052113121047,226.79988780600294,283.89415571824554,1087.9758893118048,1071.3111703206512,1264.3141758500867,49.307480263707426,48.864213010921546,51.1780661808673,D7_I10,released_monthly_average_weekday,2025-10
PeMS::D7_I10_W::L10W-116,D7_I10_W,L10W-116,2025-10-01,MD,6,measured,False,True,11925.60965556183,0.0,0.0,True,True,True,PeMS_average_weekday,272562.93112863926,299570.1763903768,268131.0432049794,387.38745520550094,440.9405357008516,394.66494046044073,1757.160875684061,1963.715556535808,1757.628569960367,73.99489768037077,79.48907528875537,71.14689765645772,D7_I10,released_monthly_average_weekday,2025-10
PeMS::D7_I10_W::L10W-116,D7_I10_W,L10W-116,2025-10-01,PM,4,measured,False,True,7707.1256916996035,0.0,0.0,True,True,True,PeMS_average_weekday,187767.7798635556,187767.77986355557,173284.19355596934,276.37739656869064,276.3773965686906,255.05885150426363,1230.8385126220455,1230.8385126220453,1135.897006463658,49.82300765122517,49.82300765122516,45.97987848420608,D7_I10,released_monthly_average_weekday,2025-10
PeMS::D7_I10_W::L10W-124,D7_I10_W,L10W-124,2025-10-01,NT,10,measured,False,True,4408.834782608696,0.0,0.0,True,True,True,PeMS_average_weekday,10998.095299031764,10998.095299031762,10925.552138963132,16.188213697629834,16.18821369762983,16.08143664709857,72.09372805799029,72.0937280579903,71.61819964036371,2.918275897125404,2.9182758971254037,2.8990270226818238,D7_I10,released_monthly_average_weekday,2025-10
PeMS::D7_I10_W::L10W-124,D7_I10_W,L10W-124,2025-10-01,AM,4,measured,False,True,4369.469565217391,1583.2521739130434,0.36234425032189754,True,True,True,PeMS_average_weekday,9992.141443235236,10922.265724448464,10615.784083734949,12.820529289734374,14.396406894268509,14.721696280043338,73.820303809444,68.002818112077,74.5774840500857,3.0925896488475897,3.1017171122904603,3.0011093007310468,D7_I10,released_monthly_average_weekday,2025-10
PeMS::D7_I10_W::L10W-124,D7_I10_W,L10W-124,2025-10-01,MD,6,measured,False,True,5927.747826086956,0.0,0.0,True,True,True,PeMS_average_weekday,14775.832626294296,16439.698631699433,14689.576982110852,20.898462244564854,24.19776764418584,21.621744933882304,95.03858964058513,107.76403825245953,96.29179775596661,4.023685320533817,4.362171354990673,3.8977875059544367,D7_I10,released_monthly_average_weekday,2025-10
PeMS::D7_I10_W::L10W-124,D7_I10_W,L10W-124,2025-10-01,PM,4,measured,False,True,3821.747826086956,0.0,0.0,True,True,True,PeMS_average_weekday,10058.392428969684,10058.392428969684,9470.689466656744,14.805055027038915,14.805055027038916,13.94000877257615,65.93387207133298,65.93387207133298,62.08141431461628,2.668931609628354,2.668931609628354,2.5129882991773123,D7_I10,released_monthly_average_weekday,2025-10
PeMS::D7_I10_W::L10W-147,D7_I10_W,L10W-147,2025-10-01,NT,10,measured,False,True,3624.398550724637,0.0,0.0,True,True,True,PeMS_average_weekday,239441.82377511566,239441.82377511566,239054.15940819582,352.4369725877024,352.43697258770237,351.866365273979,1569.567571438678,1569.567571438678,1567.0263887441663,63.53439246413739,63.53439246413739,63.43152814559888,D7_I10,released_monthly_average_weekday,2025-10
PeMS::D7_I10_W::L10W-147,D7_I10_W,L10W-147,2025-10-01,AM,4,measured,False,True,3525.1666666666665,2262.391304347826,0.6417827916451684,True,True,True,PeMS_average_weekday,203944.0719320729,186207.25999314702,217559.10121844674,214.67619237717912,177.142041723018,270.52897313649885,1631.350606408236,1755.808936784812,1596.9315343033454,69.6850979547475,69.1740985297296,66.5898453201194,D7_I10,released_monthly_average_weekday,2025-10
PeMS::D7_I10_W::L10W-147,D7_I10_W,L10W-147,2025-10-01,MD,6,measured,False,True,4885.681159420289,339.03623188405794,0.06939385130164456,True,True,True,PeMS_average_weekday,292763.9332408699,297106.61444757215,320004.1000163248,386.30356658726856,391.6099297045614,463.5697413089679,1970.429127186198,1849.8073176290052,2123.2589782106693,85.69868178525442,84.37266529269075,86.23911068523856,D7_I10,released_monthly_average_weekday,2025-10
PeMS::D7_I10_W::L10W-147,D7_I10_W,L10W-147,2025-10-01,PM,4,measured,False,True,3119.630434782608,493.731884057971,0.15826614542320838,True,True,True,PeMS_average_weekday,184045.24333474966,188998.3797170837,201292.7149179449,241.107901456381,249.11475745129772,289.00947633882157,1245.4368554517464,1176.7176118604373,1359.6637411662948,53.908023615217665,53.67196910906971,54.89517880966527,D7_I10,released_monthly_average_weekday,2025-10
PeMS::D7_I10_W::L10W-169,D7_I10_W,L10W-169,2025-10-01,NT,10,measured,False,True,6074.891304347825,0.0,0.0,True,True,True,PeMS_average_weekday,255731.3331350347,264098.20430796617,258619.47172766406,372.1381648376713,388.72896190252527,380.66475702062127,1667.202022566697,1731.1928660645704,1695.2791695555463,68.37470741037032,70.07680904291574,68.6230615710877,D7_I10,released_monthly_average_weekday,2025-10
PeMS::D7_I10_W::L10W-169,D7_I10_W,L10W-169,2025-10-01,AM,4,measured,False,True,5522.380434782608,5408.608695652174,0.9793980620361022,True,False,False,PeMS_average_weekday,190947.51592037285,186228.6552397619,,187.41364403563605,177.16239537447427,,1802.9470525279592,1756.0106795375516,,70.69754222982162,69.18204664570241,,D7_I10,released_monthly_average_weekday,2025-10
PeMS::D7_I10_W::L10W-169,D7_I10_W,L10W-169,2025-10-01,MD,6,measured,False,True,8147.282608695652,0.0,0.0,True,True,True,PeMS_average_weekday,320608.2138844207,321646.73784380994,346845.04112342437,422.3793408445436,423.955746091082,510.52491299684505,2014.326040078856,2002.5959047100569,2273.607510494659,91.44932052094688,91.34159670272324,92.03316538247026,D7_I10,released_monthly_average_weekday,2025-10
PeMS::D7_I10_W::L10W-169,D7_I10_W,L10W-169,2025-10-01,PM,4,measured,False,True,5180.36956521739,0.0,0.0,True,True,True,PeMS_average_weekday,200070.67428327346,189902.6060743637,220538.0101783434,270.46901731230196,250.306599042808,324.6122478618082,1260.1140071594355,1182.3473907046396,1445.6509877348963,55.99727770610211,53.92875231106428,58.518383593213294,D7_I10,released_monthly_average_weekday,2025-10
PeMS::D7_I10_W::L10W-190,D7_I10_W,L10W-190,2025-10-01,NT,10,measured,False,True,5053.782608695652,0.0,0.0,True,True,True,PeMS_average_weekday,1175269.4079200667,1175269.4079200665,1161307.197892001,1729.8915685311322,1729.8915685311322,1709.3404427698,7704.020631365494,7704.020631365494,7612.49680424058,311.85039704683413,311.8503970468341,308.14561181924165,D7_I10,released_monthly_average_weekday,2025-10
PeMS::D7_I10_W::L10W-190,D7_I10_W,L10W-190,2025-10-01,AM,4,measured,False,True,4794.358695652174,0.0,0.0,True,True,True,PeMS_average_weekday,944683.4766264969,927338.1442469176,1101694.2543110233,1256.6990733104599,1222.3047479307352,1621.5955157078774,5906.333706743626,5773.674505140145,7221.727382226055,266.8751339917514,263.3465128441186,292.32768956279614,D7_I10,released_monthly_average_weekday,2025-10
PeMS::D7_I10_W::L10W-190,D7_I10_W,L10W-190,2025-10-01,MD,6,measured,False,True,5621.891304347826,0.0,0.0,True,True,True,PeMS_average_weekday,1236240.399585578,1376578.2235711562,1291852.7255747167,1747.9221382540036,2026.2001600072856,1901.491796430438,7950.301462476327,9023.622127499415,8468.237140730764,336.7170235195971,365.26643397144187,342.7850522455785,D7_I10,released_monthly_average_weekday,2025-10
PeMS::D7_I10_W::L10W-190,D7_I10_W,L10W-190,2025-10-01,PM,4,measured,False,True,3385.2391304347825,0.0,0.0,True,True,True,PeMS_average_weekday,796170.2032316537,796170.2032316537,777893.0898205403,1171.891408390874,1171.8914083908742,1144.9891303481509,5218.9835202383565,5218.9835202383565,5099.175025392721,211.2587908112524,211.25879081125237,206.40907292043036,D7_I10,released_monthly_average_weekday,2025-10
PeMS::D7_I10_W::L10W-221,D7_I10_W,L10W-221,2025-10-01,NT,10,measured,False,True,6891.630928853754,240.7065217391304,0.03492736686338567,True,False,False,PeMS_average_weekday,350795.6788301427,366855.51391754794,,509.7975456649506,539.9785411910286,,2382.5806505859155,2404.778367330057,,95.86939930183901,97.34281935958349,,D7_I10,released_monthly_average_weekday,2025-10
PeMS::D7_I10_W::L10W-221,D7_I10_W,L10W-221,2025-10-01,AM,4,measured,False,True,5888.945652173913,5888.945652173913,1.0,True,False,False,PeMS_average_weekday,244622.08119483246,244622.0811948324,,232.71302587762307,232.71302587762304,,2306.621322458608,2306.621322458608,,90.87460901224591,90.8746090122459,,D7_I10,released_monthly_average_weekday,2025-10
PeMS::D7_I10_W::L10W-221,D7_I10_W,L10W-221,2025-10-01,MD,6,measured,False,True,8702.978260869564,0.0,0.0,True,True,True,PeMS_average_weekday,405405.8100690603,406730.15805848845,453825.2478053195,534.0921327441853,536.1023984678621,667.9902194972888,2547.2899661085976,2532.331446325839,2974.8745679633407,115.64105228928288,115.50368056974936,120.41969506245525,D7_I10,released_monthly_average_weekday,2025-10
PeMS::D7_I10_W::L10W-221,D7_I10_W,L10W-221,2025-10-01,PM,4,measured,False,True,5567.271739130434,0.0,0.0,True,True,True,PeMS_average_weekday,278486.8717482465,237794.03486931627,290310.7879713326,394.1217258513565,313.4312760168101,427.31154319248134,1791.7466399529183,1480.5228978414705,1903.0192439002333,75.80729827489915,67.52901328007174,77.03215440284546,D7_I10,released_monthly_average_weekday,2025-10
PeMS::D7_I10_W::L10W-232,D7_I10_W,L10W-232,2025-10-01,NT,10,measured,False,True,6088.057359307359,93.75,0.015399000775949651,True,False,False,PeMS_average_weekday,400750.9547689009,420231.086073801,,579.9151638867872,618.5426147697286,,2605.6747293220797,2754.6611315129894,,107.54278336509645,111.50569406504128,,D7_I10,released_monthly_average_weekday,2025-10
PeMS::D7_I10_W::L10W-232,D7_I10_W,L10W-232,2025-10-01,AM,4,measured,False,True,4769.102272727273,4165.454545454546,0.8734252920670701,True,False,False,PeMS_average_weekday,255874.84680272156,246978.84109294077,,254.7091674761609,234.9550504915785,,2431.2340867863704,2328.8439795725517,,94.88528309268827,91.75012128501476,,D7_I10,released_monthly_average_weekday,2025-10
PeMS::D7_I10_W::L10W-232,D7_I10_W,L10W-232,2025-10-01,MD,6,measured,False,True,7376.574675324675,0.0,0.0,True,True,True,PeMS_average_weekday,445095.7848277474,445095.78482774744,502903.5768052129,586.6713177432428,586.671317743243,740.2291350704974,2771.198619563147,2771.198619563148,3296.588429159869,126.39879373364086,126.39879373364087,133.4423231355352,D7_I10,released_monthly_average_weekday,2025-10
PeMS::D7_I10_W::L10W-232,D7_I10_W,L10W-232,2025-10-01,PM,4,measured,False,True,4753.772727272728,0.0,0.0,True,True,True,PeMS_average_weekday,287562.2996713168,269029.42344887956,324092.06346972985,391.3511037626772,354.6019794987278,477.03456266792676,1816.738371926901,1674.9966912670875,2124.459231735937,80.16948082099086,76.3992735090835,85.9958048696499,D7_I10,released_monthly_average_weekday,2025-10
PeMS::D7_I10_W::L10W-248,D7_I10_W,L10W-248,2025-10-01,NT,10,measured,False,True,6171.045454545453,97.09090909090908,0.01573329994181036,True,False,False,PeMS_average_weekday,352124.19815173314,371511.68039619864,,508.95479447032267,546.8320022603081,,2310.1020620023564,2435.300052292555,,95.00847869070051,98.57830405381468,,D7_I10,released_monthly_average_weekday,2025-10
PeMS::D7_I10_W::L10W-248,D7_I10_W,L10W-248,2025-10-01,AM,4,measured,False,True,4733.306818181818,4351.579545454546,0.9193529413176932,True,False,False,PeMS_average_weekday,211410.04292899085,209351.39903139134,,204.00044159140768,199.1594434253302,,2006.4888391258055,1974.0425661236206,,78.67248608652942,77.7719102062249,,D7_I10,released_monthly_average_weekday,2025-10
PeMS::D7_I10_W::L10W-248,D7_I10_W,L10W-248,2025-10-01,MD,6,measured,False,True,7087.522727272726,0.0,0.0,True,True,True,PeMS_average_weekday,374737.1353254101,374737.13532541005,416527.13157462707,493.93307347039354,493.9330734703936,613.0907246625204,2333.1405677425464,2333.1405677425464,2730.381301129439,106.41826655505801,106.41826655505801,110.52287287236258,D7_I10,released_monthly_average_weekday,2025-10
PeMS::D7_I10_W::L10W-248,D7_I10_W,L10W-248,2025-10-01,PM,4,measured,False,True,4519.829545454545,0.0,0.0,True,True,True,PeMS_average_weekday,237667.64049874636,215208.48670319052,265626.18678174843,328.1963440341498,283.66174380319376,390.9780155922126,1511.67396461749,1339.9036378224912,1741.2089597559875,65.68408788904983,61.1151443077647,70.48224964905975,D7_I10,released_monthly_average_weekday,2025-10
PeMS::D7_I10_W::L10W-262,D7_I10_W,L10W-262,2025-10-01,NT,10,measured,False,True,7204.369565217392,0.0,0.0,True,True,True,PeMS_average_weekday,622221.3560659299,672558.276204915,680383.2409711039,890.13184512066,989.9456954399383,1001.4633444843726,4023.710842750939,4408.693701002621,4459.9872083399005,168.21892370030537,178.45913801399814,180.53544354255953,D7_I10,released_monthly_average_weekday,2025-10
PeMS::D7_I10_W::L10W-262,D7_I10_W,L10W-262,2025-10-01,AM,4,measured,False,True,5974.369565217392,5039.239130434782,0.843476299118335,True,False,False,PeMS_average_weekday,429313.4022968494,413267.0121753263,,426.76315854373024,393.1477339616236,,4016.0686193711754,3896.8293356687623,,157.8704531079806,153.52448137819698,,D7_I10,released_monthly_average_weekday,2025-10
PeMS::D7_I10_W::L10W-262,D7_I10_W,L10W-262,2025-10-01,MD,6,measured,False,True,8530.836956521738,1494.836956521739,0.17522746761429445,True,False,False,PeMS_average_weekday,659002.4627870223,642631.0712029404,,790.1758244733983,813.1499152914739,,5234.994113596829,6972.1118631832205,,215.4926128936538,248.23876914135798,,D7_I10,released_monthly_average_weekday,2025-10
PeMS::D7_I10_W::L10W-262,D7_I10_W,L10W-262,2025-10-01,PM,4,measured,False,True,5665.532608695652,0.0,0.0,True,True,True,PeMS_average_weekday,482743.06627346925,478612.83440336207,535054.9278791065,639.0393302797312,630.8494302117788,787.5530514124052,3011.466713024911,2979.878199738724,3507.344082570357,136.75722997795822,135.91700257830084,141.9734833362675,D7_I10,released_monthly_average_weekday,2025-10
PeMS::D7_I10_W::L10W-291,D7_I10_W,L10W-291,2025-10-01,NT,10,measured,False,True,5884.336956521738,0.0,0.0,True,True,True,PeMS_average_weekday,186997.6758723734,192234.71105869397,187806.38625954272,272.5677228825331,282.95232020713877,276.43422173444367,1220.0662604020886,1260.1197394236,1231.0915818070196,49.9428917064195,51.008279944877465,49.83325161727754,D7_I10,released_monthly_average_weekday,2025-10
PeMS::D7_I10_W::L10W-291,D7_I10_W,L10W-291,2025-10-01,AM,4,measured,False,True,5430.945652173913,3663.75,0.6746062720280518,True,False,False,PeMS_average_weekday,147842.3273070585,121391.5771262733,,170.56842175725853,115.48181215338575,,1330.6519434878264,1144.6407405197715,,52.04873506834281,45.09573320138613,,D7_I10,released_monthly_average_weekday,2025-10
PeMS::D7_I10_W::L10W-291,D7_I10_W,L10W-291,2025-10-01,MD,6,measured,False,True,7400.521739130434,0.0,0.0,True,True,True,PeMS_average_weekday,214725.67205306288,213900.9297626861,236197.4262403269,283.57367484687916,281.9382807207318,347.66150927471875,1338.070422398972,1331.7626935313017,1548.3001876576277,60.911603025896355,60.743822840225384,62.67351184171719,D7_I10,released_monthly_average_weekday,2025-10
PeMS::D7_I10_W::L10W-291,D7_I10_W,L10W-291,2025-10-01,PM,4,measured,False,True,4582.369565217392,0.0,0.0,True,True,True,PeMS_average_weekday,137110.82543474576,122383.86046818097,146252.37727002878,190.51389640012718,161.3115718881931,215.27043298506777,874.604397083509,761.9707863948507,958.7004684045888,37.75066176499448,34.75470418492253,38.80715486453285,D7_I10,released_monthly_average_weekday,2025-10
PeMS::D7_I10_W::L10W-292,D7_I10_W,L10W-292,2025-10-01,NT,10,measured,False,True,6186.452380952382,0.0,0.0,True,True,True,PeMS_average_weekday,820847.3812210273,846066.3578887425,838499.6033392788,1195.326994969601,1245.334090265985,1234.1965035917713,5353.180532661183,5546.058318845009,5496.457407965594,219.36803989090402,224.49842381460005,222.49063275435094,D7_I10,released_monthly_average_weekday,2025-10
PeMS::D7_I10_W::L10W-292,D7_I10_W,L10W-292,2025-10-01,AM,4,measured,False,True,5631.011904761903,3775.773809523809,0.6705320239743767,True,False,False,PeMS_average_weekday,586148.209851553,522462.6712448938,,635.7151174673339,497.02736784692786,,5570.870886584083,4926.470790354848,,214.76162256452693,194.08955537034433,,D7_I10,released_monthly_average_weekday,2025-10
PeMS::D7_I10_W::L10W-292,D7_I10_W,L10W-292,2025-10-01,MD,6,measured,False,True,8123.857142857142,0.0,0.0,True,True,True,PeMS_average_weekday,979288.5666791904,979288.5666791905,1101091.6390213969,1290.7794983655313,1290.7794983655313,1620.7085198398936,6097.12160088326,6097.12160088326,7217.777172518584,278.0994513198977,278.0994513198977,292.1677893594299,D7_I10,released_monthly_average_weekday,2025-10
PeMS::D7_I10_W::L10W-292,D7_I10_W,L10W-292,2025-10-01,PM,4,measured,False,True,5039.428571428571,0.0,0.0,True,True,True,PeMS_average_weekday,590330.7649424565,573604.4145464759,683034.2493558442,789.2227546516285,756.0558181326182,1005.3653919825573,3699.2278157403925,3571.3026632721035,4477.364860776295,166.29551616604473,162.89281667096566,181.2388720601271,D7_I10,released_monthly_average_weekday,2025-10
PeMS::D7_I10_W::L10W-296,D7_I10_W,L10W-296,2025-10-01,NT,10,measured,False,True,6561.2458333333325,217.1483333333333,0.03309559477716059,True,False,False,PeMS_average_weekday,420688.8973646067,433118.79460494657,,614.4478484371767,637.5121703248,,2834.4298082739897,2839.1414827804356,,114.16531317026795,114.92536703140762,,D7_I10,released_monthly_average_weekday,2025-10
PeMS::D7_I10_W::L10W-296,D7_I10_W,L10W-296,2025-10-01,AM,4,measured,False,True,4353.2508333333335,4353.2508333333335,1.0,True,False,False,PeMS_average_weekday,299768.16478933924,284877.0308278193,,198.68522071530413,167.50577118615988,,2706.7609129390826,2575.9762139313702,,118.00119886916426,113.07414602395325,,D7_I10,released_monthly_average_weekday,2025-10
PeMS::D7_I10_W::L10W-296,D7_I10_W,L10W-296,2025-10-01,MD,6,measured,False,True,7063.894166666666,5320.6375,0.7532159138378938,True,False,False,PeMS_average_weekday,406517.2059812818,361748.4568054103,,437.7179850141181,344.1372813875234,,3465.7033796376277,3411.0440879181065,,141.86032649153682,134.38586333828246,,D7_I10,released_monthly_average_weekday,2025-10
PeMS::D7_I10_W::L10W-296,D7_I10_W,L10W-296,2025-10-01,PM,4,measured,False,True,4871.2125,1713.8124999999998,0.3518246227197027,True,False,False,PeMS_average_weekday,298751.7145745313,323675.7948954026,,383.26409054993167,426.63020317383064,,2163.593622873539,2015.2289609915597,,90.97476844734926,91.91781057057038,,D7_I10,released_monthly_average_weekday,2025-10
PeMS::D7_I10_W::L10W-297,D7_I10_W,L10W-297,2025-10-01,NT,10,measured,False,True,4795.260869565217,0.0,0.0,True,True,True,PeMS_average_weekday,247706.06696003082,247706.06696003082,246238.2191086933,364.6012002188601,364.6012002188601,362.44065932091473,1623.7405972744175,1623.7405972744177,1614.1186926675218,65.72725777751978,65.7272577775198,65.33777351786051,D7_I10,released_monthly_average_weekday,2025-10
PeMS::D7_I10_W::L10W-297,D7_I10_W,L10W-297,2025-10-01,AM,4,measured,False,True,5389.217391304348,0.0,0.0,True,True,True,PeMS_average_weekday,258646.66822012025,257204.11839221916,276738.08139341156,341.875749765269,339.01529560552575,407.3337317110737,1612.404280512048,1601.3714848149248,1814.048654863268,73.33457320407634,73.04111028749143,73.43072148303894,D7_I10,released_monthly_average_weekday,2025-10
PeMS::D7_I10_W::L10W-297,D7_I10_W,L10W-297,2025-10-01,MD,6,measured,False,True,6414.147826086957,0.0,0.0,True,True,True,PeMS_average_weekday,324347.12273146247,278511.39844052796,329368.59552726545,457.9883298076438,367.09996971292776,484.80114644514686,2084.589322434675,1734.0321548757968,2159.047481510307,88.41649568945064,79.0919752645511,87.39589969563956,D7_I10,released_monthly_average_weekday,2025-10
PeMS::D7_I10_W::L10W-297,D7_I10_W,L10W-297,2025-10-01,PM,4,measured,False,True,4021.4173913043473,0.0,0.0,True,True,True,PeMS_average_weekday,216629.71381910786,216629.71381910786,206501.102580743,318.8595847927273,318.8595847927272,303.95117395168813,1420.0316739144782,1420.031673914478,1353.6375098006185,57.48134156421904,57.48134156421904,54.793777832081176,D7_I10,released_monthly_average_weekday,2025-10
PeMS::D7_I10_W::L10W-301,D7_I10_W,L10W-301,2025-10-01,NT,10,measured,False,True,5972.967391304348,118.09782608695653,0.019772052708489155,True,False,False,PeMS_average_weekday,282762.14659863745,292920.3725071299,,411.00971666470605,431.15261848587653,,1842.4340170868468,1920.1253584366902,,75.65806821910078,77.72459136081571,,D7_I10,released_monthly_average_weekday,2025-10
PeMS::D7_I10_W::L10W-301,D7_I10_W,L10W-301,2025-10-01,AM,4,measured,False,True,5411.5,5411.5,1.0,True,False,False,PeMS_average_weekday,216864.67516515846,206026.61723857248,,177.70847904040534,159.2933666087349,,1968.9991711539428,1845.2970935099956,,83.524611911876,80.33768815943466,,D7_I10,released_monthly_average_weekday,2025-10
PeMS::D7_I10_W::L10W-301,D7_I10_W,L10W-301,2025-10-01,MD,6,measured,False,True,7829.195652173913,431.4021739130435,0.05510172348206129,True,False,False,PeMS_average_weekday,336105.205508688,344142.8191916957,,438.7879325089235,453.60735398831457,,2148.4438553632644,2142.65813783358,,96.86358383691909,97.73005878893925,,D7_I10,released_monthly_average_weekday,2025-10
PeMS::D7_I10_W::L10W-301,D7_I10_W,L10W-301,2025-10-01,PM,4,measured,False,True,4884.130434782609,0.0,0.0,True,True,True,PeMS_average_weekday,205268.51224125706,193299.3965825382,230278.8003728362,278.5175794555165,254.78383659808992,338.94982077464783,1295.037299986976,1203.4960546283864,1509.5029421195366,57.32829536680366,54.893376640106844,61.10304143356192,D7_I10,released_monthly_average_weekday,2025-10
PeMS::D7_I10_W::L10W-302,D7_I10_W,L10W-302,2025-10-01,NT,10,measured,False,True,6441.641304347826,0.0,0.0,True,True,True,PeMS_average_weekday,856023.4622303846,875858.009575063,850742.0547028894,1249.8545120482772,1289.1847399276558,1252.216298244252,5589.648863471015,5741.345882434411,5576.708027311383,228.3684417361385,232.40345252074326,225.7390907613751,D7_I10,released_monthly_average_weekday,2025-10
PeMS::D7_I10_W::L10W-302,D7_I10_W,L10W-302,2025-10-01,AM,4,measured,False,True,6463.423913043478,3146.010869565217,0.4867406055815752,True,True,True,PeMS_average_weekday,754076.789242638,732297.4749758429,788755.4170476187,922.7512275947225,926.6088373693348,1059.9718712829838,6500.75073558395,7944.931612318265,5728.033853074081,256.64973608659886,282.8755595228926,229.8857717320484,D7_I10,released_monthly_average_weekday,2025-10
PeMS::D7_I10_W::L10W-302,D7_I10_W,L10W-302,2025-10-01,MD,6,measured,False,True,8040.445652173913,0.0,0.0,True,True,True,PeMS_average_weekday,969385.3325862201,969385.3325862198,1061894.7767613844,1277.7262554607682,1277.7262554607678,1563.014240486131,6035.463347574319,6035.4633475743185,6960.837415981958,275.2871199384676,275.2871199384675,281.7671467693981,D7_I10,released_monthly_average_weekday,2025-10
PeMS::D7_I10_W::L10W-302,D7_I10_W,L10W-302,2025-10-01,PM,4,measured,False,True,4611.239130434782,0.0,0.0,True,True,True,PeMS_average_weekday,635562.6042169518,642638.2978844919,609002.405940333,931.875659034635,945.9061604377182,896.3971325653769,4158.449180522792,4212.564942168949,3992.0779595708236,169.080625724249,170.52005863698164,161.59498478827666,D7_I10,released_monthly_average_weekday,2025-10
PeMS::D7_I10_W::L10W-312,D7_I10_W,L10W-312,2025-10-01,NT,10,measured,False,True,4982.44347826087,0.0,0.0,True,True,True,PeMS_average_weekday,90446.03247917781,93454.32073471234,91596.1176455168,131.59122992280467,137.55641080447353,134.82130187118926,589.5956301153711,612.6033828317255,600.4226565744458,24.18553380468809,24.797520322118665,24.304457738123716,D7_I10,released_monthly_average_weekday,2025-10
PeMS::D7_I10_W::L10W-312,D7_I10_W,L10W-312,2025-10-01,AM,4,measured,False,True,4616.721739130435,4522.2956521739125,0.9795469399517442,True,False,False,PeMS_average_weekday,70246.84262517822,68894.779093511,,68.4137905010767,65.54074117802917,,660.9969072739486,649.6313239057056,,25.986271883256144,25.593707986325978,,D7_I10,released_monthly_average_weekday,2025-10
PeMS::D7_I10_W::L10W-312,D7_I10_W,L10W-312,2025-10-01,MD,6,measured,False,True,6700.478260869565,90.77391304347827,0.013547378188448589,True,False,False,PeMS_average_weekday,113109.89203480832,113484.27217641368,,149.01293090236206,149.58121323623678,,710.7899309066022,706.5613045945001,,32.26622288225741,32.227389249237945,,D7_I10,released_monthly_average_weekday,2025-10
PeMS::D7_I10_W::L10W-312,D7_I10_W,L10W-312,2025-10-01,PM,4,measured,False,True,4259.113043478261,0.0,0.0,True,True,True,PeMS_average_weekday,70121.59289704921,66205.93862953807,78298.57400252161,95.02905496234305,87.26464411081972,115.24850564661787,442.15037072103826,412.2029729130358,513.2557909334697,19.597810880986337,18.801235747527087,20.776037584522907,D7_I10,released_monthly_average_weekday,2025-10
PeMS::D7_I10_W::L10W-315,D7_I10_W,L10W-315,2025-10-01,NT,10,measured,False,True,6029.608695652173,0.0,0.0,True,True,True,PeMS_average_weekday,136355.5203310144,140011.0997645613,137936.44479383083,198.83512562216214,206.08383009996527,203.03012333512285,889.829891785679,917.788205782784,904.1886135618321,36.40740365179013,37.15107085941605,36.6005741205428,D7_I10,released_monthly_average_weekday,2025-10
PeMS::D7_I10_W::L10W-315,D7_I10_W,L10W-315,2025-10-01,AM,4,measured,False,True,5493.239130434782,5262.380434782608,0.9579740313191314,True,False,False,PeMS_average_weekday,107660.85393603522,108141.9176978248,,102.80111295053665,102.87719231538166,,995.5575046147371,1019.7053838925315,,39.80227763851893,40.17361981642687,,D7_I10,released_monthly_average_weekday,2025-10
PeMS::D7_I10_W::L10W-315,D7_I10_W,L10W-315,2025-10-01,MD,6,measured,False,True,8169.663043478261,220.72826086956525,0.027018037303970552,True,False,False,PeMS_average_weekday,177426.3426823157,180303.88220931863,,233.28682499379897,237.65472461371445,,1155.0868691863514,1122.5850401475006,,51.50137696093083,51.202896081278716,,D7_I10,released_monthly_average_weekday,2025-10
PeMS::D7_I10_W::L10W-315,D7_I10_W,L10W-315,2025-10-01,PM,4,measured,False,True,5316.847826086956,0.0,0.0,True,True,True,PeMS_average_weekday,117944.3722265989,112934.87108961088,121630.95876670622,158.79047588267613,148.85705931128126,179.02990465416195,741.453964674537,703.1406936041632,797.3043537394634,33.09046991772104,32.07136972037473,32.27401524192844,D7_I10,released_monthly_average_weekday,2025-10
PeMS::D7_I10_W::L10W-371,D7_I10_W,L10W-371,2025-10-01,NT,10,measured,False,True,5158.182608695652,0.0,0.0,True,True,True,PeMS_average_weekday,220193.77742171427,221230.09471140621,221130.78371434938,324.96337667194183,325.63093446284466,325.48475754773625,1541.2038872077837,1450.187678203851,1449.5366836615856,60.593472564968806,58.702023901529984,58.67567234872466,D7_I10,released_monthly_average_weekday,2025-10
PeMS::D7_I10_W::L10W-371,D7_I10_W,L10W-371,2025-10-01,AM,4,measured,False,True,4314.452173913043,3153.182608695652,0.7308419427525688,True,True,True,PeMS_average_weekday,153629.2975957825,134071.10718544008,176353.72518095523,166.6783652158046,127.54405850646481,226.12651230792844,1349.8825204665418,1264.2001615269655,1340.6988516835154,53.90994286366876,49.806049338661076,53.61470031414256,D7_I10,released_monthly_average_weekday,2025-10
PeMS::D7_I10_W::L10W-371,D7_I10_W,L10W-371,2025-10-01,MD,6,measured,False,True,6813.173913043477,0.0,0.0,True,True,True,PeMS_average_weekday,260297.0979774005,258183.12854849844,292080.0989933233,344.4975305126172,340.3057081370456,429.91581094456006,1623.634767089991,1607.4668730124772,1914.6172728499034,73.74918281110293,73.31913067551774,77.50163003199812,D7_I10,released_monthly_average_weekday,2025-10
PeMS::D7_I10_W::L10W-371,D7_I10_W,L10W-371,2025-10-01,PM,4,measured,False,True,4520.921739130435,0.0,0.0,True,True,True,PeMS_average_weekday,170573.41996203287,167059.8310072444,193811.472591109,227.16517088589745,220.1980215043223,285.27317231315607,1066.9989709830522,1040.126617354718,1270.4555852259396,48.15661735052096,47.441835758641396,51.42666376957175,D7_I10,released_monthly_average_weekday,2025-10
PeMS::D7_I10_W::L10W-377,D7_I10_W,L10W-377,2025-10-01,NT,10,measured,False,True,19039.882352941175,0.0,0.0,True,True,True,PeMS_average_weekday,38372.75610359419,32166.882551106522,40269.641029558865,54.704207705304626,42.39848593770224,59.273313859239956,247.73661453166824,200.27334241274357,263.97193972609904,10.39726930707745,9.13478691829233,10.68529773630892,D7_I10,released_monthly_average_weekday,2025-10
PeMS::D7_I10_W::L10W-377,D7_I10_W,L10W-377,2025-10-01,AM,4,measured,False,True,12076.882352941175,9820.647058823528,0.8131773393016312,True,False,False,PeMS_average_weekday,19947.371251796336,18699.82706506099,,20.50364545807013,17.78945432253375,,188.86623085577878,176.3267634053202,,7.3500672824578555,6.946795092388124,,D7_I10,released_monthly_average_weekday,2025-10
PeMS::D7_I10_W::L10W-377,D7_I10_W,L10W-377,2025-10-01,MD,6,measured,False,True,20856.294117647056,257.5882352941177,0.012350623454056756,True,False,False,PeMS_average_weekday,38132.12062410581,40760.46125365762,,49.10818122598924,53.72549983765869,,263.0925047187843,253.77758632921453,,11.440337178130726,11.575200912053095,,D7_I10,released_monthly_average_weekday,2025-10
PeMS::D7_I10_W::L10W-377,D7_I10_W,L10W-377,2025-10-01,PM,4,measured,False,True,14485.882352941175,0.0,0.0,True,True,True,PeMS_average_weekday,27010.689387052334,27010.68938705233,30637.861701873975,35.602217041862104,35.602217041862104,45.096195203184735,168.1705100213793,168.1705100213793,200.83456360008753,7.670525475227176,7.670525475227175,8.129565248621885,D7_I10,released_monthly_average_weekday,2025-10
PeMS::D7_I10_W::L10W-383,D7_I10_W,L10W-383,2025-10-01,NT,10,measured,False,True,29643.260869565216,0.0,0.0,True,True,True,PeMS_average_weekday,11104429.63256453,11485363.765289247,11137360.355536724,16150.069217522163,16905.429346832923,16393.199418704033,72374.39625533271,75287.82661255491,73006.62586789865,2970.0747890132184,3047.569541328839,2955.229010065425,D7_I10,released_monthly_average_weekday,2025-10
PeMS::D7_I10_W::L10W-383,D7_I10_W,L10W-383,2025-10-01,AM,4,measured,False,True,25297.043478260868,25297.043478260868,1.0,True,False,False,PeMS_average_weekday,6819575.012528692,6746389.203644662,,6590.0513483357845,6417.951468893979,,64767.3834089128,63613.902353881436,,2538.2307214080192,2506.214803386264,,D7_I10,released_monthly_average_weekday,2025-10
PeMS::D7_I10_W::L10W-383,D7_I10_W,L10W-383,2025-10-01,MD,6,measured,False,True,36994.43478260869,0.0,0.0,True,True,True,PeMS_average_weekday,12824231.27247085,12864985.068331605,13899292.427249014,16895.202721537644,16957.06407488479,20458.51667406117,80558.64397575635,80098.3295671025,91111.39531013081,3657.640004402618,3653.412702319178,3688.0904351782983,D7_I10,released_monthly_average_weekday,2025-10
PeMS::D7_I10_W::L10W-383,D7_I10_W,L10W-383,2025-10-01,PM,4,measured,False,True,23649.521739130436,0.0,0.0,True,True,True,PeMS_average_weekday,8233269.558919455,7513384.442819642,8885434.264596088,11330.703975242233,9903.23274682648,13078.565402519016,52284.64466276266,46778.87615639138,58245.001896404225,2280.1079589104547,2133.6592320168443,2357.6944866213116,D7_I10,released_monthly_average_weekday,2025-10
PeMS::D7_I10_W::L10W-385,D7_I10_W,L10W-385,2025-10-01,NT,10,measured,False,True,29008.045454545456,0.0,0.0,True,True,True,PeMS_average_weekday,13267756.215546321,13796623.78632711,13409812.082244076,19258.69799655764,20307.397607159168,19738.045336953637,86393.54784382856,90438.3910418955,87902.79764634953,3553.2585876524163,3660.8479525441107,3558.209882763891,D7_I10,released_monthly_average_weekday,2025-10
PeMS::D7_I10_W::L10W-385,D7_I10_W,L10W-385,2025-10-01,AM,4,measured,False,True,26895.318181818184,5487.772727272728,0.20404193362481135,True,False,False,PeMS_average_weekday,11720878.331445087,12732366.795183614,,14993.422065930055,16782.26274061766,,82470.65207551577,79272.63858551122,,3556.115147137514,3615.751618291092,,D7_I10,released_monthly_average_weekday,2025-10
PeMS::D7_I10_W::L10W-385,D7_I10_W,L10W-385,2025-10-01,MD,6,measured,False,True,36928.36363636363,0.0,0.0,True,True,True,PeMS_average_weekday,15763934.448040904,15763934.448040906,17071209.35274236,20778.10779320083,20778.107793200834,25127.29500566335,98147.39853849896,98147.39853849898,111903.66070077402,4476.659556548428,4476.659556548429,4529.738780611917,D7_I10,released_monthly_average_weekday,2025-10
PeMS::D7_I10_W::L10W-385,D7_I10_W,L10W-385,2025-10-01,PM,4,measured,False,True,23592.90909090909,0.0,0.0,True,True,True,PeMS_average_weekday,10193750.208258707,9744994.880694482,10906507.916167917,13785.105602795877,12844.6711538073,16053.405252576888,66166.19516948007,60673.04450317717,71493.36265887338,2892.105488565322,2767.3944347439256,2893.973757107042,D7_I10,released_monthly_average_weekday,2025-10
PeMS::D7_I10_W::L10W-388,D7_I10_W,L10W-388,2025-10-01,NT,10,measured,False,True,5696.880952380952,90.05952380952381,0.015808566926764436,True,False,False,PeMS_average_weekday,310789.8689988835,263239.6792889318,,442.150892846758,346.9706404667769,,2052.7796741836432,1638.9493244516943,,85.03677023479871,74.75509555281054,,D7_I10,released_monthly_average_weekday,2025-10
PeMS::D7_I10_W::L10W-388,D7_I10_W,L10W-388,2025-10-01,AM,4,measured,False,True,4348.180357142857,3590.2041666666664,0.8256796801836783,True,False,False,PeMS_average_weekday,197331.90002386487,191250.55659691736,,196.2403788067163,181.939813074358,,1899.2118379679985,1803.363824000715,,73.70798078514508,71.04763179688953,,D7_I10,released_monthly_average_weekday,2025-10
PeMS::D7_I10_W::L10W-388,D7_I10_W,L10W-388,2025-10-01,MD,6,measured,False,True,7061.107142857143,0.0,0.0,True,True,True,PeMS_average_weekday,362737.9099160868,362737.9099160868,411569.6861367478,478.11714884753917,478.11714884753917,605.793807881867,2258.432520567909,2258.432520567909,2697.8846993503785,103.01071323917236,103.01071323917238,109.20744568798904,D7_I10,released_monthly_average_weekday,2025-10
PeMS::D7_I10_W::L10W-388,D7_I10_W,L10W-388,2025-10-01,PM,4,measured,False,True,4598.035714285715,0.0,0.0,True,True,True,PeMS_average_weekday,234781.05363534152,228098.31445676016,268005.013588903,313.9028584200073,300.6515524948143,394.4794361252079,1471.2670378980865,1420.1566397486333,1756.8024319226774,66.135104680983,64.77561186334071,71.11345648497124,D7_I10,released_monthly_average_weekday,2025-10
PeMS::D7_I10_W::L10W-395,D7_I10_W,L10W-395,2025-10-01,NT,10,measured,False,True,23243.190476190473,745.8571428571428,0.032089275507214604,True,False,False,PeMS_average_weekday,3419107.12849363,2925851.3363979445,,4850.738258101863,3856.502617093314,,22804.78110524974,18216.56250375596,,942.1170695728434,830.8865016724066,,D7_I10,released_monthly_average_weekday,2025-10
PeMS::D7_I10_W::L10W-395,D7_I10_W,L10W-395,2025-10-01,AM,4,measured,False,True,18187.095238095237,15895.285714285714,0.8739870499490744,True,False,False,PeMS_average_weekday,2262848.074604161,2185603.8290803544,,2250.811648597735,2079.201018774396,,21500.58953974733,20608.770761739488,,839.2074926002085,811.9295382216724,,D7_I10,released_monthly_average_weekday,2025-10
PeMS::D7_I10_W::L10W-395,D7_I10_W,L10W-395,2025-10-01,MD,6,measured,False,True,28064.04761904762,0.0,0.0,True,True,True,PeMS_average_weekday,3864366.418085848,3864366.4180858475,4363897.771603207,5093.539449308726,5093.539449308726,6423.267644129488,24059.825431575482,24059.825431575482,28605.83134304435,1097.407053584821,1097.4070535848207,1157.9330182299889,D7_I10,released_monthly_average_weekday,2025-10
PeMS::D7_I10_W::L10W-395,D7_I10_W,L10W-395,2025-10-01,PM,4,measured,False,True,18171.904761904763,0.0,0.0,True,True,True,PeMS_average_weekday,2380458.7720679734,2380458.7720679734,2825691.2820529565,3137.6322406266895,3137.632240626689,4159.165116657058,14820.908864896785,14820.908864896783,18522.71810029635,676.0053174588014,676.0053174588014,749.7795333577888,D7_I10,released_monthly_average_weekday,2025-10
PeMS::D7_I210_E::L210E-008,D7_I210_E,L210E-008,2025-10-01,NT,10,measured,False,True,4500.808695652173,0.0,0.0,True,True,True,PeMS_average_weekday,299678.1776040158,310482.3728010933,299269.5081755818,435.57850968668487,457.0023139091874,440.4979789507192,1952.6144152437882,2035.2462079040351,1961.744643216388,80.18662353700482,82.38455845236244,79.40929485583395,D7_I210,released_monthly_average_weekday,2025-10
PeMS::D7_I210_E::L210E-008,D7_I210_E,L210E-008,2025-10-01,AM,4,measured,False,True,4457.182608695652,0.0,0.0,True,True,True,PeMS_average_weekday,300594.658551816,324354.2425999127,296368.70557099313,430.3072236173283,477.4204669241694,436.2282566778219,1944.4616700824743,2126.1778448593877,1942.729562110159,81.23187784480557,86.06537246435961,78.63958500216182,D7_I210,released_monthly_average_weekday,2025-10
PeMS::D7_I210_E::L210E-008,D7_I210_E,L210E-008,2025-10-01,MD,6,measured,False,True,7137.652173913044,4427.295652173913,0.6202733818208399,True,False,False,PeMS_average_weekday,478456.430233867,399449.3763879181,,445.7530495174967,308.84182251514625,,3870.6322847653455,3577.7065271108304,,168.01054361662793,155.76064814272516,,D7_I210,released_monthly_average_weekday,2025-10
PeMS::D7_I210_E::L210E-008,D7_I210_E,L210E-008,2025-10-01,PM,4,measured,False,True,4383.765217391304,4195.121739130434,0.9569677049508761,True,False,False,PeMS_average_weekday,348491.7311315028,320482.8049447732,,242.6352997597558,188.44172602537378,,3126.6499253484194,2897.9383845470916,,134.97151273781256,127.20688424471113,,D7_I210,released_monthly_average_weekday,2025-10
PeMS::D7_I210_E::L210E-009,D7_I210_E,L210E-009,2025-10-01,NT,10,measured,False,True,5309.847826086956,0.0,0.0,True,True,True,PeMS_average_weekday,466777.4556391471,496942.5741523949,483035.1349324507,671.6401959705975,731.4550717284156,710.984563703351,3026.8069213948793,3257.513399118708,3166.3486006836597,125.7240135915156,131.86060831206476,128.17035617632698,D7_I210,released_monthly_average_weekday,2025-10
PeMS::D7_I210_E::L210E-009,D7_I210_E,L210E-009,2025-10-01,AM,4,measured,False,True,5384.315217391304,0.0,0.0,True,True,True,PeMS_average_weekday,424380.0588806614,412021.5669130454,489809.40937211417,567.582735405958,543.0768922987183,720.9556904570279,2659.795383908583,2565.2761414075217,3210.754717012392,119.52047161450088,117.00634071429856,129.96786758900976,D7_I210,released_monthly_average_weekday,2025-10
PeMS::D7_I210_E::L210E-009,D7_I210_E,L210E-009,2025-10-01,MD,6,measured,False,True,8376.95652173913,5113.391304347825,0.6104115845746613,True,False,False,PeMS_average_weekday,677305.3326704513,638851.0628065787,,689.5383928018289,607.7495669429981,,5423.350250135418,6023.934863718782,,232.5081326948138,237.32665614665692,,D7_I210,released_monthly_average_weekday,2025-10
PeMS::D7_I210_E::L210E-009,D7_I210_E,L210E-009,2025-10-01,PM,4,measured,False,True,4765.858695652174,4425.989130434782,0.928686604676834,True,False,False,PeMS_average_weekday,458634.2803777545,418793.64971235633,,323.63252670116583,246.24783914338772,,4139.545623309139,3786.905799564333,,177.83343480859648,166.22868528175823,,D7_I210,released_monthly_average_weekday,2025-10
PeMS::D7_I210_E::L210E-035,D7_I210_E,L210E-035,2025-10-01,NT,10,measured,False,True,2050.1482683982686,0.0,0.0,True,True,True,PeMS_average_weekday,209330.2027504695,209330.20275046944,205410.58555358305,308.1153566464467,308.1153566464466,302.3460303157603,1372.1825735357029,1372.1825735357027,1346.4890503755037,55.54446189249236,55.54446189249234,54.50441594993365,D7_I210,released_monthly_average_weekday,2025-10
PeMS::D7_I210_E::L210E-035,D7_I210_E,L210E-035,2025-10-01,AM,4,measured,False,True,4243.329545454545,0.0,0.0,True,True,True,PeMS_average_weekday,404465.09765071375,416496.4904694872,425152.0829318443,531.9050697843229,548.975194167998,625.7858824972217,2777.6203266205703,2593.1373398393634,2786.918808830009,120.31298019096108,118.27713445997152,112.81144984640115,D7_I210,released_monthly_average_weekday,2025-10
PeMS::D7_I210_E::L210E-035,D7_I210_E,L210E-035,2025-10-01,MD,6,measured,False,True,5690.352272727273,0.0,0.0,True,True,True,PeMS_average_weekday,489744.7412418588,476809.61808248353,570133.6875797146,654.121902942077,628.4726490082556,839.1858517147668,3067.58063187086,2968.651244216945,3737.289222497438,138.03636019541761,135.40492321118646,151.28141313247056,D7_I210,released_monthly_average_weekday,2025-10
PeMS::D7_I210_E::L210E-035,D7_I210_E,L210E-035,2025-10-01,PM,4,measured,False,True,3846.772727272727,0.0,0.0,True,True,True,PeMS_average_weekday,403225.405820898,405669.00932120427,385419.8501545371,592.2630799555184,597.1085387826732,567.3035855726218,2640.5161364718983,2659.2051118280433,2526.469639487375,107.14462721022923,107.64173794866407,102.26875003335269,D7_I210,released_monthly_average_weekday,2025-10
PeMS::D7_I210_E::L210E-042,D7_I210_E,L210E-042,2025-10-01,NT,10,measured,False,True,2230.5,0.0,0.0,True,True,True,PeMS_average_weekday,29910.666991970113,26020.086188237045,32758.018370175792,42.011216262719174,34.29652396675346,48.21687640167792,191.75857562267623,162.00294270066397,214.7324244686274,8.180687233874597,7.389212882147026,8.692135578757103,D7_I210,released_monthly_average_weekday,2025-10
PeMS::D7_I210_E::L210E-042,D7_I210_E,L210E-042,2025-10-01,AM,4,measured,False,True,3771.967391304348,1371.4347826086955,0.3635860653966186,True,True,True,PeMS_average_weekday,44670.54515101417,55188.243669309566,53798.7423749784,53.56626465746854,72.74245396401383,74.91717460677297,358.70801364234126,343.606005461706,367.33133179998555,14.679473175906372,15.672418535211664,15.036514727801096,D7_I210,released_monthly_average_weekday,2025-10
PeMS::D7_I210_E::L210E-042,D7_I210_E,L210E-042,2025-10-01,MD,6,measured,False,True,5280.315217391304,1839.4239130434785,0.3483549442247561,True,True,True,PeMS_average_weekday,65479.31345919204,63916.7133990214,77509.33755160014,78.66454456301378,80.87668401845842,109.43152679941636,527.0229584163797,693.4530490578619,524.0819006749705,21.551997962225165,24.690070201606236,21.396717233050815,D7_I210,released_monthly_average_weekday,2025-10
PeMS::D7_I210_E::L210E-042,D7_I210_E,L210E-042,2025-10-01,PM,4,measured,False,True,3520.0217391304345,1095.5869565217392,0.3112443722556062,True,True,True,PeMS_average_weekday,42518.85438879425,42181.45007951309,51672.93065756298,50.34984237911577,53.3740805511034,73.28517872849176,339.0516504137528,457.64016351579477,348.2513747359939,13.963223573942171,16.294063137556016,14.205507917591905,D7_I210,released_monthly_average_weekday,2025-10
PeMS::D7_I210_E::L210E-046,D7_I210_E,L210E-046,2025-10-01,NT,10,measured,False,True,2300.275,0.0,0.0,True,True,True,PeMS_average_weekday,220469.0149556967,241156.97301104447,234460.55491424425,313.93904997412835,354.9615190295746,345.10498985681676,1422.5865565256427,1580.8105639052742,1536.9148044935675,59.78087351515089,63.98949660163516,62.21264388326611,D7_I210,released_monthly_average_weekday,2025-10
PeMS::D7_I210_E::L210E-046,D7_I210_E,L210E-046,2025-10-01,AM,4,measured,False,True,4327.4375,938.225,0.21680844610696284,True,True,True,PeMS_average_weekday,376337.04267589946,417655.9085728329,437953.50619926717,474.5636392569819,550.5033985898134,629.5439938033165,2637.961537081172,2600.355960992407,2954.1151873465715,114.30938977007577,118.60638729653242,119.28385517187724,D7_I210,released_monthly_average_weekday,2025-10
PeMS::D7_I210_E::L210E-046,D7_I210_E,L210E-046,2025-10-01,MD,6,measured,False,True,5860.5625,0.0,0.0,True,True,True,PeMS_average_weekday,496974.8443091429,494521.5882053752,597350.6367106587,656.6830204476898,651.8184213252125,879.2467692418255,3097.69005370825,3078.9272540724332,3915.6993267804205,140.93386249636524,140.4347880953174,158.50326059628682,D7_I210,released_monthly_average_weekday,2025-10
PeMS::D7_I210_E::L210E-046,D7_I210_E,L210E-046,2025-10-01,PM,4,measured,False,True,4062.2249999999995,0.0,0.0,True,True,True,PeMS_average_weekday,349488.1991989178,345178.7654600987,414051.1580947998,463.5180550017085,454.97281280215253,609.4463129065468,2182.0670852618596,2149.1080143922873,2714.151021805602,98.90093101469074,98.02424795711948,109.86588877360342,D7_I210,released_monthly_average_weekday,2025-10
PeMS::D7_I210_E::L210E-051,D7_I210_E,L210E-051,2025-10-01,NT,10,measured,False,True,2165.891304347826,0.0,0.0,True,True,True,PeMS_average_weekday,175305.51965775574,178342.41012066908,174860.99073803777,256.48219774360007,262.5040943805878,257.37975608338576,1145.8276682361347,1169.0541740966744,1146.2330859534088,46.70423949398191,47.32204465769826,46.39827176831325,D7_I210,released_monthly_average_weekday,2025-10
PeMS::D7_I210_E::L210E-051,D7_I210_E,L210E-051,2025-10-01,AM,4,measured,False,True,4018.6739130434785,0.0,0.0,True,True,True,PeMS_average_weekday,278883.7139478875,270024.1063755665,324443.4752922577,373.4809015986726,355.91304997665196,477.55180947514935,1748.9490103929006,1681.1896592692553,2126.7627750023707,78.48408537568095,76.68174466780124,86.08904980195541,D7_I210,released_monthly_average_weekday,2025-10
PeMS::D7_I210_E::L210E-051,D7_I210_E,L210E-051,2025-10-01,MD,6,measured,False,True,5590.70652173913,0.0,0.0,True,True,True,PeMS_average_weekday,400332.50940982194,376490.09023443755,451359.8994346942,543.5211045226474,496.24360617252114,664.361446952801,2526.404299928072,2344.0545920708905,2958.7139374025455,111.76641868769565,106.91607263079132,119.76553027006192,D7_I210,released_monthly_average_weekday,2025-10
PeMS::D7_I210_E::L210E-051,D7_I210_E,L210E-051,2025-10-01,PM,4,measured,False,True,3764.141304347825,0.0,0.0,True,True,True,PeMS_average_weekday,301021.25243947434,310161.1668560353,303894.04880796745,438.40585109601545,456.5295274549723,447.30488959978595,1963.2374956987874,2033.1406674969007,1992.0590172674738,80.43996395922684,82.29932846098758,80.63638782928328,D7_I210,released_monthly_average_weekday,2025-10
PeMS::D7_I210_E::L210E-052,D7_I210_E,L210E-052,2025-10-01,NT,10,measured,False,True,2099.1309523809523,0.0,0.0,True,True,True,PeMS_average_weekday,148191.5209224231,138069.38468606258,176529.7759513774,202.0576678766073,181.98632881935438,259.83605882622203,937.045320325639,859.6299971567317,1157.1721571367887,41.26827801199944,39.209096717503634,46.84107350199136,D7_I210,released_monthly_average_weekday,2025-10
PeMS::D7_I210_E::L210E-052,D7_I210_E,L210E-052,2025-10-01,AM,4,measured,False,True,4121.666666666666,0.0,0.0,True,True,True,PeMS_average_weekday,284118.5551401776,284118.55514017766,346618.1528063534,374.49064408439904,374.49064408439915,510.1909536645811,1768.9427189283342,1768.9427189283344,2272.120232544641,80.684301831709,80.68430183170902,91.972961984605,D7_I210,released_monthly_average_weekday,2025-10
PeMS::D7_I210_E::L210E-052,D7_I210_E,L210E-052,2025-10-01,MD,6,measured,False,True,5240.785714285714,0.0,0.0,True,True,True,PeMS_average_weekday,361422.1978392694,361422.1978392694,440732.2596537743,476.3829366527957,476.3829366527958,648.7185106809077,2250.240801806901,2250.240801806901,2889.0485861365523,102.63707586699446,102.63707586699446,116.94555243092462,D7_I210,released_monthly_average_weekday,2025-10
PeMS::D7_I210_E::L210E-052,D7_I210_E,L210E-052,2025-10-01,PM,4,measured,False,True,3579.916666666667,0.0,0.0,True,True,True,PeMS_average_weekday,248589.17707732122,235228.5993830778,301058.81978180626,336.54272414161204,310.0498298908279,443.1316857759147,1566.7336259816202,1464.5503105459209,1973.4737782022896,69.51846674696161,66.8004780705381,79.88407751509598,D7_I210,released_monthly_average_weekday,2025-10
PeMS::D7_I210_E::L210E-065,D7_I210_E,L210E-065,2025-10-01,NT,10,measured,False,True,2115.3214285714284,0.0,0.0,True,True,True,PeMS_average_weekday,64190.08830223807,69410.76709017858,70082.98717349372,91.81428394698216,102.16644791859044,103.15589582431117,415.0668527624786,454.99523606932013,459.4017128786189,17.355652731055642,18.417713530640714,18.596082931283654,D7_I210,released_monthly_average_weekday,2025-10
PeMS::D7_I210_E::L210E-065,D7_I210_E,L210E-065,2025-10-01,AM,4,measured,False,True,4282.166666666666,2624.22619047619,0.6128267287921668,True,True,True,PeMS_average_weekday,116135.21187932164,105517.54482671364,132350.64484717505,122.48894551818432,100.38058306046733,167.94682737040324,932.8855382452947,994.9593168448655,959.8925757707253,39.71283415810096,39.19869205275282,39.908167135153775,D7_I210,released_monthly_average_weekday,2025-10
PeMS::D7_I210_E::L210E-065,D7_I210_E,L210E-065,2025-10-01,MD,6,measured,False,True,5941.238095238095,78.38095238095238,0.013192696728275331,True,True,True,PeMS_average_weekday,162028.87472381687,163674.00036971015,196555.5096452938,212.82348873958574,215.73522992217693,288.5098447161422,1024.1729669613164,1019.046190380015,1291.2004694536581,46.381836442437574,46.480323825796745,52.29783815120451,D7_I210,released_monthly_average_weekday,2025-10
PeMS::D7_I210_E::L210E-065,D7_I210_E,L210E-065,2025-10-01,PM,4,measured,False,True,4193.297619047619,0.0,0.0,True,True,True,PeMS_average_weekday,120007.3566824581,113001.07441777996,138928.68444528812,162.8371849832697,148.9443205145995,204.49061145423076,757.1377751593302,703.5528803241602,910.6928539466935,33.515482525018285,32.090170214800814,36.86385871485568,D7_I210,released_monthly_average_weekday,2025-10
PeMS::D7_I210_E::L210E-070,D7_I210_E,L210E-070,2025-10-01,NT,10,measured,False,True,2888.2443181818185,0.0,0.0,True,True,True,PeMS_average_weekday,577634.4286362776,623609.9233964117,622338.8434379399,826.7325801082627,917.8980932082327,916.0271770691147,3736.2056990545498,4087.8318480803728,4079.499778719772,156.1180438951164,165.47099831151516,165.13372518328052,D7_I210,released_monthly_average_weekday,2025-10
PeMS::D7_I210_E::L210E-070,D7_I210_E,L210E-070,2025-10-01,AM,4,measured,False,True,5705.090909090909,3473.8977272727266,0.6089118968704187,True,True,True,PeMS_average_weekday,987080.0084425943,845908.250316128,1165600.665601708,1079.7438609592314,804.7264890577279,1474.0793825813716,8352.825557205737,7976.3445617519055,8974.414885826947,339.02818559292587,314.2462901641565,358.54171670880294,D7_I210,released_monthly_average_weekday,2025-10
PeMS::D7_I210_E::L210E-070,D7_I210_E,L210E-070,2025-10-01,MD,6,measured,False,True,8298.09659090909,0.0,0.0,True,True,True,PeMS_average_weekday,1532045.2296575322,1536758.171527603,1788016.2708581432,2018.4144565242996,2025.5683659006224,2631.8002072630716,9621.200480739382,9567.96776942695,11720.64391966646,436.8991500194269,436.4102868702236,474.43895011281967,D7_I210,released_monthly_average_weekday,2025-10
PeMS::D7_I210_E::L210E-070,D7_I210_E,L210E-070,2025-10-01,PM,4,measured,False,True,5512.6875,0.0,0.0,True,True,True,PeMS_average_weekday,1048912.7951848852,1048912.7951848852,1187835.648593776,1382.5497178927735,1382.5497178927735,1748.3879521203671,6530.6070943435025,6530.6070943435025,7786.393725361271,297.87141681078856,297.8714168107885,315.1847705250118,D7_I210,released_monthly_average_weekday,2025-10
PeMS::D7_I210_E::L210E-128,D7_I210_E,L210E-128,2025-10-01,NT,10,measured,False,True,3808.447058823529,0.0,0.0,True,True,True,PeMS_average_weekday,226906.55162625122,215061.48290080435,209604.90074099522,306.95574950033284,283.46798120781773,276.27577594505976,1429.5809008907868,1338.9883814931131,1305.0153054401733,63.48308143388357,61.07339800521758,59.52383176258219,D7_I210,released_monthly_average_weekday,2025-10
PeMS::D7_I210_E::L210E-128,D7_I210_E,L210E-128,2025-10-01,AM,4,measured,False,True,3258.1058823529406,0.0,0.0,True,True,True,PeMS_average_weekday,187244.5270140585,187244.5270140585,179315.8601199515,246.8030413859354,246.80304138593536,236.35243364424872,1165.7979978015858,1165.7979978015858,1116.433543001304,53.17390807680299,53.17390807680299,50.92231647451717,D7_I210,released_monthly_average_weekday,2025-10
PeMS::D7_I210_E::L210E-128,D7_I210_E,L210E-128,2025-10-01,MD,6,measured,False,True,5754.870588235293,1342.8823529411764,0.23334709831467565,True,True,True,PeMS_average_weekday,345052.3718751415,331634.3982109367,320576.10738200427,413.82598862805605,419.63187728873726,400.11899375539986,2442.5693073440443,3598.0086018528636,2082.437884031531,107.1274793851314,128.10540682808056,94.50671197031569,D7_I210,released_monthly_average_weekday,2025-10
PeMS::D7_I210_E::L210E-128,D7_I210_E,L210E-128,2025-10-01,PM,4,measured,False,True,3480.3999999999996,3087.941176470588,0.8872374372114091,True,True,True,PeMS_average_weekday,209665.25302021828,201443.282258105,200394.51874250785,167.0227376448322,155.7496746862062,212.56843279030642,1880.608915095898,1804.2460155890994,1446.5944087435032,79.88764276443253,78.55046987994098,64.88553373387295,D7_I210,released_monthly_average_weekday,2025-10
PeMS::D7_I210_E::L210E-136,D7_I210_E,L210E-136,2025-10-01,NT,10,measured,False,True,6411.204022988504,0.0,0.0,True,True,True,PeMS_average_weekday,989123.3890466425,1077529.1646989747,1034608.5369427004,1410.7254954425198,1586.026662735976,1522.851333257229,6387.184480528522,7063.322553788045,6781.973103596294,267.9309402863016,285.91563396141163,274.52691345435676,D7_I210,released_monthly_average_weekday,2025-10
PeMS::D7_I210_E::L210E-136,D7_I210_E,L210E-136,2025-10-01,AM,4,measured,False,True,5625.285057471265,0.0,0.0,True,True,True,PeMS_average_weekday,756367.4132129094,751898.2502308842,907780.804093499,999.9231147994128,991.061143035772,1336.172241439437,4715.55370751125,4681.373008055223,5950.603322408207,214.43407484652664,213.52489751481073,240.87396666697364,D7_I210,released_monthly_average_weekday,2025-10
PeMS::D7_I210_E::L210E-136,D7_I210_E,L210E-136,2025-10-01,MD,6,measured,False,True,9352.283333333333,0.0,0.0,True,True,True,PeMS_average_weekday,1358227.7316870089,1358227.731687009,1509225.4343924737,1790.2511780753184,1790.2511780753189,2221.445003481145,8456.424310016922,8456.424310016924,9893.13922883285,385.71101491616434,385.7110149161644,400.46354289218766,D7_I210,released_monthly_average_weekday,2025-10
PeMS::D7_I210_E::L210E-136,D7_I210_E,L210E-136,2025-10-01,PM,4,measured,False,True,6359.6985632183905,0.0,0.0,True,True,True,PeMS_average_weekday,942015.8845874837,942015.8845874836,1026296.8394540156,1241.6511662986952,1241.651166298695,1510.617257130545,5865.05918043161,5865.059180431608,6727.489009563915,267.5147137955186,267.51471379551856,272.32145643785304,D7_I210,released_monthly_average_weekday,2025-10
PeMS::D7_I210_E::L210E-139,D7_I210_E,L210E-139,2025-10-01,NT,10,measured,False,True,4681.79347826087,87.3586956521739,0.018659237332404665,True,False,False,PeMS_average_weekday,210938.31449033314,177975.57534818508,,301.61829436995004,234.58583270124558,,1428.2318552456536,1108.0888328603664,,58.350688440887744,50.5417009212236,,D7_I210,released_monthly_average_weekday,2025-10
PeMS::D7_I210_E::L210E-139,D7_I210_E,L210E-139,2025-10-01,AM,4,measured,False,True,4180.369565217391,0.0,0.0,True,True,True,PeMS_average_weekday,176422.9799875496,164607.9415333037,194539.32229388636,240.39445877748057,216.9662379699214,286.3445020487107,1115.2238200107506,1024.860975762234,1275.2267203281915,49.14911973778707,46.74554547138502,51.619794142294765,D7_I210,released_monthly_average_weekday,2025-10
PeMS::D7_I210_E::L210E-139,D7_I210_E,L210E-139,2025-10-01,MD,6,measured,False,True,7070.282608695653,3138.9239130434785,0.44396017624287815,True,False,False,PeMS_average_weekday,310483.385509339,279428.5574822615,,328.4172210333769,265.8250016135096,,2334.506682980479,2634.822930310557,,102.69992301577452,103.8048600683429,,D7_I210,released_monthly_average_weekday,2025-10
PeMS::D7_I210_E::L210E-139,D7_I210_E,L210E-139,2025-10-01,PM,4,measured,False,True,4895.04347826087,4895.04347826087,1.0,True,False,False,PeMS_average_weekday,226376.09427927382,214608.3563559285,,149.05713753868673,126.18826491533184,,2055.733326349623,1940.577728142319,,88.91133779965193,85.18291753475101,,D7_I210,released_monthly_average_weekday,2025-10
PeMS::D7_I210_E::L210E-141,D7_I210_E,L210E-141,2025-10-01,NT,10,measured,False,True,5601.449999999999,207.31666666666666,0.03701125006322768,True,False,False,PeMS_average_weekday,485519.7032712486,401225.94711328566,,697.2705787894096,528.8474147128293,,3207.4662689043807,2498.0618300026167,,131.94901813871107,113.94058865190883,,D7_I210,released_monthly_average_weekday,2025-10
PeMS::D7_I210_E::L210E-141,D7_I210_E,L210E-141,2025-10-01,AM,4,measured,False,True,4719.424999999999,0.0,0.0,True,True,True,PeMS_average_weekday,369071.82468465605,378179.3949249346,414647.0289793468,484.07561473989887,498.47024287101806,610.3233816128065,2460.6875298453047,2354.5723255249122,2718.0570211936947,108.00034034833905,107.39580324700025,110.02399939120512,D7_I210,released_monthly_average_weekday,2025-10
PeMS::D7_I210_E::L210E-141,D7_I210_E,L210E-141,2025-10-01,MD,6,measured,False,True,7660.920833333332,4049.0958333333333,0.5285390518219906,True,False,False,PeMS_average_weekday,590080.0073563298,513586.43907681154,,645.182016381448,488.5832615907084,,4638.271728545497,4842.77390460362,,198.24502487689455,190.79212562141683,,D7_I210,released_monthly_average_weekday,2025-10
PeMS::D7_I210_E::L210E-141,D7_I210_E,L210E-141,2025-10-01,PM,4,measured,False,True,5186.491666666667,5186.491666666667,1.0,True,False,False,PeMS_average_weekday,388927.2784067013,431327.47255998635,,338.28612025719605,410.32894820168116,,3583.1852395273813,4067.1273022840337,,147.76600926968825,160.23375826775936,,D7_I210,released_monthly_average_weekday,2025-10
PeMS::D7_I210_E::L210E-145,D7_I210_E,L210E-145,2025-10-01,NT,10,measured,False,True,4438.260869565217,0.0,0.0,True,True,True,PeMS_average_weekday,437374.4852291697,437374.4852291698,433680.9175766047,643.7761667153377,643.7761667153377,638.3395651183648,2867.0380043343716,2867.0380043343716,2842.826260876279,116.05458795890642,116.05458795890644,115.07452285110259,D7_I210,released_monthly_average_weekday,2025-10
PeMS::D7_I210_E::L210E-145,D7_I210_E,L210E-145,2025-10-01,AM,4,measured,False,True,4878.478260869565,0.0,0.0,True,True,True,PeMS_average_weekday,453730.7890545359,510967.5756717973,476696.3886822388,638.602919660781,752.0986209551311,701.654495533955,2911.6949591254897,3349.4488313968513,3124.797419686745,123.93817677844794,135.58205486970846,126.48840944854983,D7_I210,released_monthly_average_weekday,2025-10
PeMS::D7_I210_E::L210E-145,D7_I210_E,L210E-145,2025-10-01,MD,6,measured,False,True,8189.556521739131,3278.226086956522,0.40029348088073996,True,False,False,PeMS_average_weekday,696555.7668875871,673021.7562006433,,830.6198826075167,851.6046119890257,,5204.956135118766,7301.830211544616,,220.73523099234325,259.978236115886,,D7_I210,released_monthly_average_weekday,2025-10
PeMS::D7_I210_E::L210E-145,D7_I210_E,L210E-145,2025-10-01,PM,4,measured,False,True,5480.4260869565205,3624.008695652174,0.661264040085744,True,False,False,PeMS_average_weekday,442327.80999362573,369281.9753053127,,493.3450681484962,351.30404195572015,,3677.778732515839,3482.080088920695,,149.8513519119861,137.18448864970676,,D7_I210,released_monthly_average_weekday,2025-10
PeMS::D7_I210_E::L210E-168,D7_I210_E,L210E-168,2025-10-01,NT,10,measured,False,True,1004.8260869565216,0.0,0.0,True,True,True,PeMS_average_weekday,67323.24559783474,67323.24559783474,66224.33256299929,99.09380278344307,99.09380278344307,97.47630097432587,441.3113023796843,441.3113023796843,434.1078061979607,17.863802740617416,17.863802740617412,17.572213030271882,D7_I210,released_monthly_average_weekday,2025-10
PeMS::D7_I210_E::L210E-168,D7_I210_E,L210E-168,2025-10-01,AM,4,measured,False,True,3073.847826086956,0.0,0.0,True,True,True,PeMS_average_weekday,190884.89578311914,177636.90400166682,202585.82388062854,260.4090830984061,234.13943717939034,298.1882335006438,1207.3024852547228,1105.9802405080031,1327.9724259654074,53.1406095908563,50.445524657301846,53.754883082544104,D7_I210,released_monthly_average_weekday,2025-10
PeMS::D7_I210_E::L210E-168,D7_I210_E,L210E-168,2025-10-01,MD,6,measured,False,True,4538.282608695652,0.0,0.0,True,True,True,PeMS_average_weekday,280593.7577040374,272116.0946800929,299101.2481109493,378.2568126595153,358.6704554097205,440.25031516812874,1872.139071978083,1694.2145300931595,1960.6416799293083,80.83415618512564,77.27582982252665,79.36464809858053,D7_I210,released_monthly_average_weekday,2025-10
PeMS::D7_I210_E::L210E-168,D7_I210_E,L210E-168,2025-10-01,PM,4,measured,False,True,3311.434782608695,0.0,0.0,True,True,True,PeMS_average_weekday,212469.4876707631,206028.53122583113,218244.29237141254,285.64583832671974,271.56183910782363,321.2361001734058,1385.4646644984164,1282.7485696019405,1430.6154144543846,60.685283047525516,58.50821038832576,57.90975989894844,D7_I210,released_monthly_average_weekday,2025-10
PeMS::D7_I210_E::L210E-170,D7_I210_E,L210E-170,2025-10-01,NT,10,measured,False,True,4706.921739130435,0.0,0.0,True,True,True,PeMS_average_weekday,239011.25361898163,244748.21098521978,239791.93309211204,348.8715998061115,360.24750048220955,352.95230222315007,1560.4745806653627,1604.3515250319265,1571.8625766376535,63.77532002633875,64.94240916839568,63.627291784735164,D7_I210,released_monthly_average_weekday,2025-10
PeMS::D7_I210_E::L210E-170,D7_I210_E,L210E-170,2025-10-01,AM,4,measured,False,True,4838.269565217391,0.0,0.0,True,True,True,PeMS_average_weekday,245401.30998686538,266779.5649840216,246483.38684265944,350.2844158221741,392.6756852618171,362.80152432174424,1585.2659991716498,1748.769481119174,1615.725794211978,66.43923876299124,70.7882913514134,65.4028272448317,D7_I210,released_monthly_average_weekday,2025-10
PeMS::D7_I210_E::L210E-170,D7_I210_E,L210E-170,2025-10-01,MD,6,measured,False,True,7898.321739130435,3559.7391304347825,0.4506956348459276,True,False,False,PeMS_average_weekday,364345.35134962347,307247.96454067767,,405.87348559681743,292.290062997437,,2748.263517570669,2897.1411854152134,,119.40524521912717,114.13948614558798,,D7_I210,released_monthly_average_weekday,2025-10
PeMS::D7_I210_E::L210E-170,D7_I210_E,L210E-170,2025-10-01,PM,4,measured,False,True,5047.817391304347,4004.452173913044,0.7933036921682899,True,False,False,PeMS_average_weekday,230204.4602048787,239439.5038728138,,217.12969734319364,227.78275447873358,,1934.8605810298454,2257.7531119607283,,83.16169162879419,88.94933437835434,,D7_I210,released_monthly_average_weekday,2025-10
PeMS::D7_I210_E::L210E-172,D7_I210_E,L210E-172,2025-10-01,NT,10,measured,False,True,2050.0760869565215,0.0,0.0,True,True,True,PeMS_average_weekday,160942.8562173311,171040.41055576399,168904.54373791552,231.7336081549748,251.7562033901278,248.61239825506487,1043.961443512283,1121.1887613503259,1107.187918718274,43.330324165318885,45.38450467902952,44.8177657588325,D7_I210,released_monthly_average_weekday,2025-10
PeMS::D7_I210_E::L210E-172,D7_I210_E,L210E-172,2025-10-01,AM,4,measured,False,True,4029.0652173913045,0.0,0.0,True,True,True,PeMS_average_weekday,288098.62743449176,267934.8164848092,331952.275607523,393.14233099302487,353.1592012655648,488.6040926943216,1822.3968558352315,1668.1815889650743,2175.9837894827733,80.19041983379458,76.08842581160535,88.08146306812301,D7_I210,released_monthly_average_weekday,2025-10
PeMS::D7_I210_E::L210E-172,D7_I210_E,L210E-172,2025-10-01,MD,6,measured,False,True,5228.228260869565,0.0,0.0,True,True,True,PeMS_average_weekday,362875.22500512673,351482.47995693394,430750.6021743951,485.8724539801095,463.2816052387439,634.0264026440769,2275.4884909433586,2188.35539778081,2823.6177201256237,102.13204943228227,99.81438377866988,114.29698196090894,D7_I210,released_monthly_average_weekday,2025-10
PeMS::D7_I210_E::L210E-172,D7_I210_E,L210E-172,2025-10-01,PM,4,measured,False,True,3528.8043478260865,0.0,0.0,True,True,True,PeMS_average_weekday,267066.9869724614,230289.2085124764,290736.08150553406,376.4665440019535,303.5393235016782,427.93753727860997,1715.078206374133,1433.797304948731,1905.8070899377412,72.87961545969526,65.39778438278596,77.1450033859028,D7_I210,released_monthly_average_weekday,2025-10
PeMS::D7_I210_E::L210E-173,D7_I210_E,L210E-173,2025-10-01,NT,10,measured,False,True,1982.532608695652,0.0,0.0,True,True,True,PeMS_average_weekday,189999.62491030258,195532.71788703385,191424.45597221804,276.835036756638,287.8066916107134,281.7596971089721,1239.420773199497,1281.738538038362,1254.8084279397704,50.757769156547226,51.8833854585155,50.79328381826687,D7_I210,released_monthly_average_weekday,2025-10
PeMS::D7_I210_E::L210E-173,D7_I210_E,L210E-173,2025-10-01,AM,4,measured,False,True,3950.358695652174,0.0,0.0,True,True,True,PeMS_average_weekday,321963.40692295186,320983.29543364956,381428.9161719536,425.0247548071518,423.08127671553814,561.4292873049134,2005.961275481799,1998.4652641740934,2500.308626928855,91.35257907347965,91.15319159259967,101.20978062713036,D7_I210,released_monthly_average_weekday,2025-10
PeMS::D7_I210_E::L210E-173,D7_I210_E,L210E-173,2025-10-01,MD,6,measured,False,True,5255.684782608695,0.0,0.0,True,True,True,PeMS_average_weekday,452347.1935156899,420769.84290444286,507465.3480399729,617.2230218417908,554.6078094154485,746.9436547741498,2861.2509416105972,2619.7435418577425,3326.4913428844393,125.91457581155795,119.49068581540875,134.6527606413615,D7_I210,released_monthly_average_weekday,2025-10
PeMS::D7_I210_E::L210E-173,D7_I210_E,L210E-173,2025-10-01,PM,4,measured,False,True,3505.717391304348,0.0,0.0,True,True,True,PeMS_average_weekday,332112.82178556593,345311.96931657055,338496.3462791643,482.0955763572621,508.26836826356333,498.2363800681405,2162.6093776565276,2263.558055663474,2218.880894714723,88.94122597536699,91.62637435358202,89.81789134873786,D7_I210,released_monthly_average_weekday,2025-10
PeMS::D7_I210_E::L210E-203,D7_I210_E,L210E-203,2025-10-01,NT,10,measured,False,True,1851.391304347826,0.0,0.0,True,True,True,PeMS_average_weekday,98164.4707381629,101785.91524957838,100188.42128716907,142.63875575845663,149.81977357607323,147.46840518536362,639.5206580850924,667.2179040658774,656.7461548976049,26.27153386826773,27.008256890249356,26.58437184474399,D7_I210,released_monthly_average_weekday,2025-10
PeMS::D7_I210_E::L210E-203,D7_I210_E,L210E-203,2025-10-01,AM,4,measured,False,True,3079.032608695652,0.0,0.0,True,True,True,PeMS_average_weekday,139643.0759538717,139643.07595387174,166622.48301182227,184.06057791646487,184.06057791646487,245.25340874819835,869.427913060741,869.4279130607412,1092.2287588887289,39.65599530594392,39.655995305943925,44.21223519816163,D7_I210,released_monthly_average_weekday,2025-10
PeMS::D7_I210_E::L210E-203,D7_I210_E,L210E-203,2025-10-01,MD,6,measured,False,True,4333.445652173913,0.0,0.0,True,True,True,PeMS_average_weekday,201699.11940712208,195439.72804743398,234505.30290677224,270.0168051735643,257.6049621259438,345.1708549039806,1264.6944962594068,1216.8219134729545,1537.2081325214433,56.774560041024046,55.50119033903387,62.22451748360223,D7_I210,released_monthly_average_weekday,2025-10
PeMS::D7_I210_E::L210E-203,D7_I210_E,L210E-203,2025-10-01,PM,4,measured,False,True,2863.6304347826085,0.0,0.0,True,True,True,PeMS_average_weekday,153817.36832545552,157921.15079301607,154965.9500598248,224.30837196686713,232.44582510919247,228.09603365098386,1003.8043411597248,1035.190566213669,1015.8188993729367,41.06854433362201,41.90339103955006,41.11924698220599,D7_I210,released_monthly_average_weekday,2025-10
PeMS::D7_I210_E::L210E-206,D7_I210_E,L210E-206,2025-10-01,NT,10,measured,False,True,1154.7083333333333,0.0,0.0,True,True,True,PeMS_average_weekday,126977.50183292458,128044.2310353201,126028.42746118396,186.3544347821471,188.46966846440506,185.5025856974977,831.1855869470626,839.3440610091399,826.1302461856867,33.75872856043884,33.97573698322362,33.440856094870284,D7_I210,released_monthly_average_weekday,2025-10
PeMS::D7_I210_E::L210E-206,D7_I210_E,L210E-206,2025-10-01,AM,4,measured,False,True,2009.525,0.0,0.0,True,True,True,PeMS_average_weekday,185681.83502389098,180987.90319684328,219325.75385755626,247.86398752665713,238.55631817580675,322.8279148619903,1162.7435631876806,1126.8438043977937,1437.7045138090791,52.35204795630501,51.397145118584405,58.196718949845234,D7_I210,released_monthly_average_weekday,2025-10
PeMS::D7_I210_E::L210E-206,D7_I210_E,L210E-206,2025-10-01,MD,6,measured,False,True,2769.841666666667,0.0,0.0,True,True,True,PeMS_average_weekday,284375.0378986216,314107.76403591706,302309.05891080573,403.38108762075274,462.338565910205,444.97192607599317,1831.6115589285782,2059.0110474222206,1981.6692336264193,77.29790173425269,83.34653337352603,80.2158206593951,D7_I210,released_monthly_average_weekday,2025-10
PeMS::D7_I210_E::L210E-206,D7_I210_E,L210E-206,2025-10-01,PM,4,measured,False,True,1880.575,0.0,0.0,True,True,True,PeMS_average_weekday,207099.48303219903,207099.483032199,205251.75330522086,304.83193651623037,304.8319365162303,302.1122434364278,1357.5599596766701,1357.55995967667,1345.4478874642064,54.95255434758827,54.95255434758827,54.46227080484453,D7_I210,released_monthly_average_weekday,2025-10
PeMS::D7_I210_E::L210E-220,D7_I210_E,L210E-220,2025-10-01,NT,10,measured,False,True,6628.217391304348,0.0,0.0,True,True,True,PeMS_average_weekday,1062723.9748053565,1121240.8771606379,1085344.1153323108,1534.332335816547,1650.366398224634,1597.5295718715254,6902.313299113363,7349.857651500614,7114.550417379658,285.60996737683064,297.5142638541875,287.9892823023655,D7_I210,released_monthly_average_weekday,2025-10
PeMS::D7_I210_E::L210E-220,D7_I210_E,L210E-220,2025-10-01,AM,4,measured,False,True,5659.597826086957,0.0,0.0,True,True,True,PeMS_average_weekday,844677.4277798198,801637.7754738308,926736.5315672349,1141.9657428654227,1056.6217567573685,1364.0733787541758,5320.227368206128,4991.054897638436,6074.8602073029215,236.40568875882087,227.64998295911687,245.9037505609131,D7_I210,released_monthly_average_weekday,2025-10
PeMS::D7_I210_E::L210E-220,D7_I210_E,L210E-220,2025-10-01,MD,6,measured,False,True,8873.358695652172,2907.8804347826085,0.32770910480689025,True,False,False,PeMS_average_weekday,1214211.3566563204,1473270.6020432278,,1470.2852883793173,1941.886746529348,,9555.245956132296,9172.68955985548,,394.3758299732349,418.38101660200186,,D7_I210,released_monthly_average_weekday,2025-10
PeMS::D7_I210_E::L210E-220,D7_I210_E,L210E-220,2025-10-01,PM,4,measured,False,True,5868.076086956521,4575.782608695651,0.7797756097380261,True,False,False,PeMS_average_weekday,711246.7804618732,659240.3415386758,,739.4518115266059,627.1462245383912,,6711.628603594572,6216.192017460963,,261.1662879460948,244.90106530780412,,D7_I210,released_monthly_average_weekday,2025-10
PeMS::D7_I210_E::L210E-224,D7_I210_E,L210E-224,2025-10-01,NT,10,measured,False,True,5466.282608695653,0.0,0.0,True,True,True,PeMS_average_weekday,461734.563368837,491220.0555099039,461349.730848978,664.5648013334437,723.032035543098,679.0655862915427,2994.4930451120954,3220.001658076161,3024.1983844585693,124.34383776162878,130.34217373124213,122.41626964265285,D7_I210,released_monthly_average_weekday,2025-10
PeMS::D7_I210_E::L210E-224,D7_I210_E,L210E-224,2025-10-01,AM,4,measured,False,True,4817.054347826086,0.0,0.0,True,True,True,PeMS_average_weekday,390390.78876590496,360131.6468806205,406555.40262759186,534.6832049375503,474.6818887944828,598.4132305382733,2473.6313178456567,2242.2057379914395,2665.015517743398,108.42630599835711,102.2705837770095,107.87693687639403,D7_I210,released_monthly_average_weekday,2025-10
PeMS::D7_I210_E::L210E-224,D7_I210_E,L210E-224,2025-10-01,MD,6,measured,False,True,8201.739130434782,4168.0,0.5081849024597117,True,False,False,PeMS_average_weekday,606096.1828973488,728788.8055712017,,739.8016491182616,960.6010739608486,,4801.598027422609,4537.491930492184,,197.25188883580165,206.9622518362662,,D7_I210,released_monthly_average_weekday,2025-10
PeMS::D7_I210_E::L210E-224,D7_I210_E,L210E-224,2025-10-01,PM,4,measured,False,True,5778.010869565218,5444.369565217391,0.9422567191582779,True,False,False,PeMS_average_weekday,421002.2187194865,430594.34535369434,,509.42055003991715,544.8503365919138,,4102.653704071396,4671.657001956628,,153.77847963677408,166.33215398337686,,D7_I210,released_monthly_average_weekday,2025-10
PeMS::D7_I210_E::L210E-231,D7_I210_E,L210E-231,2025-10-01,NT,10,measured,False,True,5124.4,270.96190476190475,0.05287680601863726,True,False,False,PeMS_average_weekday,648164.5563931232,699317.4283769493,,930.7810834156132,1029.3327767435912,,4326.851516547395,4584.102895713169,,177.07871098431576,185.5595119140164,,D7_I210,released_monthly_average_weekday,2025-10
PeMS::D7_I210_E::L210E-231,D7_I210_E,L210E-231,2025-10-01,AM,4,measured,False,True,4272.733333333333,0.0,0.0,True,True,True,PeMS_average_weekday,514155.6585323316,482896.2962554589,548944.5382760522,698.4800389528165,636.4953704676387,807.9973170028638,3245.622730201701,3006.5473437210153,3598.392011103673,143.49262534319956,137.13342481720977,145.6590047051756,D7_I210,released_monthly_average_weekday,2025-10
PeMS::D7_I210_E::L210E-231,D7_I210_E,L210E-231,2025-10-01,MD,6,measured,False,True,6708.266666666666,3082.304761904762,0.45947856802126164,True,False,False,PeMS_average_weekday,773858.9612708869,651259.106543554,,867.4367147894202,619.5535438740652,,5969.348241779893,6140.934351720485,,256.14318323000487,241.93611788329554,,D7_I210,released_monthly_average_weekday,2025-10
PeMS::D7_I210_E::L210E-231,D7_I210_E,L210E-231,2025-10-01,PM,4,measured,False,True,4476.171428571429,4476.171428571429,1.0,True,False,False,PeMS_average_weekday,489021.4136668184,533568.9566201285,,431.9015389315347,507.592960549382,,4522.7443691123435,5031.195574539081,,185.11625165827465,198.21542714824415,,D7_I210,released_monthly_average_weekday,2025-10
PeMS::D7_I210_E::L210E-237,D7_I210_E,L210E-237,2025-10-01,NT,10,measured,False,True,6588.238636363637,0.0,0.0,True,True,True,PeMS_average_weekday,953195.2393160934,1004440.2593388186,980200.0221283467,1376.8317883984041,1478.446323893103,1442.766860370096,6192.288599482341,6584.216715565752,6425.319286329365,256.0969971894693,266.52194941326985,260.0899538659908,D7_I210,released_monthly_average_weekday,2025-10
PeMS::D7_I210_E::L210E-237,D7_I210_E,L210E-237,2025-10-01,AM,4,measured,False,True,5311.613636363636,0.0,0.0,True,True,True,PeMS_average_weekday,713672.6066701773,655630.109944159,790263.3907588007,979.2655044692181,864.1721482533088,1163.1971081522875,4525.916629245199,4082.0005885349447,5180.263712805437,197.99435095349452,186.18656445930432,209.69145501358165,D7_I210,released_monthly_average_weekday,2025-10
PeMS::D7_I210_E::L210E-237,D7_I210_E,L210E-237,2025-10-01,MD,6,measured,False,True,8151.170454545453,2836.704545454546,0.3480119280136847,True,False,False,PeMS_average_weekday,1044203.928481658,819471.2997971724,,1221.4533722291285,779.5765814116428,,7711.167243964642,7727.061939880833,,334.077339944284,304.42523259587955,,D7_I210,released_monthly_average_weekday,2025-10
PeMS::D7_I210_E::L210E-237,D7_I210_E,L210E-237,2025-10-01,PM,4,measured,False,True,5249.329545454545,4230.465909090909,0.8059059490281227,True,False,False,PeMS_average_weekday,627294.152337738,642497.7479733581,,602.5907524601581,611.218718768701,,5849.424943630645,6058.320646559408,,235.49526294898916,238.68136250473873,,D7_I210,released_monthly_average_weekday,2025-10
PeMS::D7_I210_E::L210E-243,D7_I210_E,L210E-243,2025-10-01,NT,10,measured,False,True,2098.717391304348,0.0,0.0,True,True,True,PeMS_average_weekday,347351.63651424856,374465.8007740132,362715.5797368639,497.4151117169299,551.1802035319223,533.8849279435663,2247.292226993941,2454.6646372846017,2377.6406420344338,93.84623293448585,99.36216144560707,96.24431368140127,D7_I210,released_monthly_average_weekday,2025-10
PeMS::D7_I210_E::L210E-243,D7_I210_E,L210E-243,2025-10-01,AM,4,measured,False,True,3746.478260869565,0.0,0.0,True,True,True,PeMS_average_weekday,543975.3105691813,542363.4104891315,647493.5786939397,718.073974378383,714.877713008488,953.0527000128264,3389.1219143993235,3376.793907474777,4244.391843537254,154.3488761783168,154.02096175235678,171.80837707528744,D7_I210,released_monthly_average_weekday,2025-10
PeMS::D7_I210_E::L210E-243,D7_I210_E,L210E-243,2025-10-01,MD,6,measured,False,True,5352.195652173913,0.0,0.0,True,True,True,PeMS_average_weekday,800900.562783573,776407.1661800148,925005.3184325378,1071.9341570160677,1023.3658255478732,1361.525187688484,5021.295757333852,4833.967295308483,6063.511914207638,225.46774325322434,220.48496659946449,245.44438396820698,D7_I210,released_monthly_average_weekday,2025-10
PeMS::D7_I210_E::L210E-243,D7_I210_E,L210E-243,2025-10-01,PM,4,measured,False,True,3703.3043478260865,0.0,0.0,True,True,True,PeMS_average_weekday,620239.0639176929,667653.4120636113,640031.9495274985,888.7075361021758,982.7261736301705,942.0698485103984,4013.911101537482,4376.541775423684,4195.4800411415845,167.5119975953269,177.1576629482655,169.8284803788449,D7_I210,released_monthly_average_weekday,2025-10
PeMS::D7_I210_E::L210E-245,D7_I210_E,L210E-245,2025-10-01,NT,10,measured,False,True,5003.022727272727,99.21590909090908,0.019831192960619262,True,False,False,PeMS_average_weekday,434930.39056417433,479985.80151449924,,620.7802960131075,706.4962173430982,,2949.455639631803,3146.3598837090676,,120.59015618030158,127.36123459900345,,D7_I210,released_monthly_average_weekday,2025-10
PeMS::D7_I210_E::L210E-245,D7_I210_E,L210E-245,2025-10-01,AM,4,measured,False,True,4450.079545454545,0.0,0.0,True,True,True,PeMS_average_weekday,364308.54911164177,335732.8753551195,396352.8816383459,499.18552670470865,442.52238531205484,583.3960311471199,2308.8474297338007,2090.297217903631,2598.136867058366,101.15504208664154,95.3417936277172,105.16976165347577,D7_I210,released_monthly_average_weekday,2025-10
PeMS::D7_I210_E::L210E-245,D7_I210_E,L210E-245,2025-10-01,MD,6,measured,False,True,7693.443181818181,2960.454545454546,0.3848022888439537,True,False,False,PeMS_average_weekday,648711.6426519065,554802.6172401697,,712.7334372442424,527.7928925800996,,4759.391452492859,5231.414680274786,,210.07167374750017,206.10351557149696,,D7_I210,released_monthly_average_weekday,2025-10
PeMS::D7_I210_E::L210E-245,D7_I210_E,L210E-245,2025-10-01,PM,4,measured,False,True,4781.090909090909,4781.090909090909,1.0,True,False,False,PeMS_average_weekday,431260.4687758014,402405.05655370076,,292.9159079682903,236.61145699028944,,3919.562861518298,3638.713346021067,,168.88734667621372,159.7236814540926,,D7_I210,released_monthly_average_weekday,2025-10
PeMS::D7_I210_E::L210E-260,D7_I210_E,L210E-260,2025-10-01,NT,10,measured,False,True,4957.619588744588,0.0,0.0,True,True,True,PeMS_average_weekday,37256.670280686914,39919.04095381735,38527.711907384044,53.47800626417309,58.75726187076441,56.70934981735961,241.31158437484575,261.67371754940586,252.55340215064984,10.050652892502558,10.592268195943246,10.223087723254103,D7_I210,released_monthly_average_weekday,2025-10
PeMS::D7_I210_E::L210E-260,D7_I210_E,L210E-260,2025-10-01,AM,4,measured,False,True,4058.761363636364,0.0,0.0,True,True,True,PeMS_average_weekday,28634.25937144366,25752.717476377027,31542.312942692246,39.65796451719595,33.94411093599215,46.42746662495007,182.37666692961977,160.33828572012752,206.76334126789015,7.899487284912796,7.313285219353493,8.36955573646913,D7_I210,released_monthly_average_weekday,2025-10
PeMS::D7_I210_E::L210E-260,D7_I210_E,L210E-260,2025-10-01,MD,6,measured,False,True,6538.056818181818,0.0,0.0,True,True,True,PeMS_average_weekday,44721.61062095334,44721.61062095333,50809.94316242091,58.94660684047728,58.94660684047728,74.78769691603853,278.43998941798225,278.4399894179822,333.0647830734839,12.700092494701352,12.700092494701352,13.482101076016185,D7_I210,released_monthly_average_weekday,2025-10
PeMS::D7_I210_E::L210E-260,D7_I210_E,L210E-260,2025-10-01,PM,4,measured,False,True,4335.443181818181,0.0,0.0,True,True,True,PeMS_average_weekday,29735.992951150365,29735.992951150365,33692.52176571727,39.1943818919932,39.1943818919932,49.592381910301576,185.13844755788455,185.13844755788455,220.8581973261664,8.444460198498698,8.444460198498698,8.940100218164313,D7_I210,released_monthly_average_weekday,2025-10
PeMS::D7_I210_E::L210E-304,D7_I210_E,L210E-304,2025-10-01,NT,10,measured,False,True,4917.200000000001,0.0,0.0,True,True,True,PeMS_average_weekday,51101.169956741694,51101.1699567417,50791.782998453855,75.21635673874033,75.21635673874033,74.76096677712904,334.97380684006384,334.97380684006384,332.9457411951466,13.559376286982786,13.559376286982785,13.477282389929915,D7_I210,released_monthly_average_weekday,2025-10
PeMS::D7_I210_E::L210E-304,D7_I210_E,L210E-304,2025-10-01,AM,4,measured,False,True,5309.478260869565,0.0,0.0,True,True,True,PeMS_average_weekday,58131.9396786309,58131.939678630886,54843.7866389602,85.56502163226857,85.56502163226855,80.72515412526609,381.06127804181415,381.06127804181415,359.50707209890487,15.424947120819317,15.424947120819315,14.552456248461136,D7_I210,released_monthly_average_weekday,2025-10
PeMS::D7_I210_E::L210E-304,D7_I210_E,L210E-304,2025-10-01,MD,6,measured,False,True,8442.728458498023,1872.7999999999997,0.22182402397591436,True,True,True,PeMS_average_weekday,84708.55534036536,82440.71929887685,86265.36283321932,115.44189637595827,108.6633643261538,122.69295207032457,625.276863036056,513.2818941551078,580.195496796023,25.382479745793805,23.411606735265828,23.653502833082353,D7_I210,released_monthly_average_weekday,2025-10
PeMS::D7_I210_E::L210E-304,D7_I210_E,L210E-304,2025-10-01,PM,4,measured,False,True,5647.71304347826,2389.043478260869,0.42301077619721406,True,True,True,PeMS_average_weekday,55475.162255834526,58927.25581548525,57134.541834717915,73.20810540414831,77.6707666050868,78.63465117325154,437.54613936669006,366.8853661099355,393.29641009299604,17.60582143258729,16.734227343881773,16.134290313559024,D7_I210,released_monthly_average_weekday,2025-10
PeMS::D7_I210_E::L210E-314,D7_I210_E,L210E-314,2025-10-01,NT,10,measured,False,True,4327.625,0.0,0.0,True,True,True,PeMS_average_weekday,254591.62256167197,270649.75053092145,261180.03756856965,366.5303445909682,398.372252620004,384.43368117452275,1651.3244678964127,1774.1389743601292,1712.0639611389652,68.54846022604845,71.81522091438194,69.30249172452302,D7_I210,released_monthly_average_weekday,2025-10
PeMS::D7_I210_E::L210E-314,D7_I210_E,L210E-314,2025-10-01,AM,4,measured,False,True,3589.1916666666666,0.0,0.0,True,True,True,PeMS_average_weekday,184117.74324674078,183425.08542489383,216614.24322597202,243.14219821060414,241.76871640120035,318.8368134617919,1147.3154084754956,1142.0178776112962,1419.9302624696682,52.23016860982622,52.08925882587075,57.477236538954664,D7_I210,released_monthly_average_weekday,2025-10
PeMS::D7_I210_E::L210E-314,D7_I210_E,L210E-314,2025-10-01,MD,6,measured,False,True,5524.199999999999,2230.1249999999995,0.40370098837840773,True,True,True,PeMS_average_weekday,289288.1031244934,281488.9996483529,338742.78533580125,343.38706492312906,356.18065555261086,424.536596597628,2166.413195523864,3053.964991344288,2428.9049637698417,91.93476292593522,108.7349895309879,100.90814114594767,D7_I210,released_monthly_average_weekday,2025-10
PeMS::D7_I210_E::L210E-314,D7_I210_E,L210E-314,2025-10-01,PM,4,measured,False,True,3605.6416666666664,3007.333333333333,0.83406328508333,True,True,True,PeMS_average_weekday,178748.09954056103,165575.48409855546,224817.84875605433,183.74237914566078,157.51469257200102,231.0381555170277,1614.766150645643,1561.26519827108,1754.745757634711,64.1894647387998,61.50960414520184,74.5210823335546,D7_I210,released_monthly_average_weekday,2025-10
PeMS::D7_I210_E::L210E-319,D7_I210_E,L210E-319,2025-10-01,NT,10,measured,False,True,5561.530303030304,0.0,0.0,True,True,True,PeMS_average_weekday,109726.63100293369,117230.67747882819,114844.28957287721,157.6731949736656,172.5530837246213,169.04053392971502,711.0681686588155,768.4600244331997,752.8169884297154,29.579853874138124,31.106428084894358,30.473214958641357,D7_I210,released_monthly_average_weekday,2025-10
PeMS::D7_I210_E::L210E-319,D7_I210_E,L210E-319,2025-10-01,AM,4,measured,False,True,5394.488636363636,0.0,0.0,True,True,True,PeMS_average_weekday,95744.48920162089,92269.62840102678,111394.91853790321,128.50899576738396,121.61864103624092,163.96336793702812,601.0535507008841,574.4773946836752,730.2059807411007,26.909734212618677,26.202831223518736,29.557945898143824,D7_I210,released_monthly_average_weekday,2025-10
PeMS::D7_I210_E::L210E-319,D7_I210_E,L210E-319,2025-10-01,MD,6,measured,False,True,8578.522727272728,3430.079545454546,0.3998450146375065,True,False,False,PeMS_average_weekday,159544.3711672333,135940.61061441392,,176.1113959484283,129.32254799408628,,1200.3008566503354,1281.8283186034562,,52.1864474031735,50.50055080118334,,D7_I210,released_monthly_average_weekday,2025-10
PeMS::D7_I210_E::L210E-319,D7_I210_E,L210E-319,2025-10-01,PM,4,measured,False,True,4888.818181818182,4435.420454545454,0.9072582144783085,True,False,False,PeMS_average_weekday,110738.22638179772,100631.71474188266,,78.85407887964783,59.17076899686157,,993.5670246820807,909.9536834856054,,42.793987452982634,39.94300689774411,,D7_I210,released_monthly_average_weekday,2025-10
PeMS::D7_I210_W::L210W-001,D7_I210_W,L210W-001,2025-10-01,NT,10,measured,False,True,4793.62987012987,0.0,0.0,True,True,True,PeMS_average_weekday,346430.2806798577,346430.28067985777,343676.82702567114,509.91442267909235,509.91442267909235,505.8615848968615,2270.8887100283337,2270.888710028333,2252.8395175483697,91.92311128922667,91.92311128922667,91.19249955925085,D7_I210,released_monthly_average_weekday,2025-10
PeMS::D7_I210_W::L210W-001,D7_I210_W,L210W-001,2025-10-01,AM,4,measured,False,True,4997.667099567099,2950.927272727273,0.5904609518674991,True,True,True,PeMS_average_weekday,323333.65795853396,279778.9985037921,354264.40960187936,355.72336235243574,266.15838194497314,454.89217502377517,2639.193621091877,2638.1273529063355,2550.9776786452444,109.72503170950817,103.9350453347665,105.86917224778162,D7_I210,released_monthly_average_weekday,2025-10
PeMS::D7_I210_W::L210W-001,D7_I210_W,L210W-001,2025-10-01,MD,6,measured,False,True,7210.28961038961,689.8,0.0956688340238148,True,False,False,PeMS_average_weekday,490107.18213905534,509582.8654647706,,635.9051282501937,671.6703715747198,,3191.3674206298474,3172.699858021597,,142.70535798946463,144.711906285534,,D7_I210,released_monthly_average_weekday,2025-10
PeMS::D7_I210_W::L210W-001,D7_I210_W,L210W-001,2025-10-01,PM,4,measured,False,True,4461.167099567099,2395.8402597402596,0.5370433804133331,True,False,False,PeMS_average_weekday,280843.89720323187,279807.5889647821,,329.147342461482,354.05309120631114,,2202.030499169302,3035.7228242609835,,90.8392364055298,108.08548573757588,,D7_I210,released_monthly_average_weekday,2025-10
PeMS::D7_I210_W::L210W-004,D7_I210_W,L210W-004,2025-10-01,NT,10,measured,False,True,2952.760869565217,0.0,0.0,True,True,True,PeMS_average_weekday,284297.5975621926,306849.144567436,294910.61036277487,406.9367184037509,451.6545265460532,434.08207079923574,1838.9530347474542,2011.4299959938721,1933.1715871548774,76.83276458000478,81.42050403250565,78.25268854544245,D7_I210,released_monthly_average_weekday,2025-10
PeMS::D7_I210_W::L210W-004,D7_I210_W,L210W-004,2025-10-01,AM,4,measured,False,True,3603.5,0.0,0.0,True,True,True,PeMS_average_weekday,315719.69321963465,302708.9698578785,359903.97847514803,424.79343833197765,398.9942755983389,529.7465020780265,1984.1955756588093,1884.6879885060646,2359.210285571938,88.6104449800907,85.96362838438553,95.49827284693829,D7_I210,released_monthly_average_weekday,2025-10
PeMS::D7_I210_W::L210W-004,D7_I210_W,L210W-004,2025-10-01,MD,6,measured,False,True,5550.576086956521,0.0,0.0,True,True,True,PeMS_average_weekday,513797.7638915123,513797.76389151224,554370.5887400225,677.2259398331958,677.2259398331956,815.9839785162086,3198.9421211477365,3198.9421211477365,3633.9603705279496,145.90885780700518,145.90885780700518,147.0987733064701,D7_I210,released_monthly_average_weekday,2025-10
PeMS::D7_I210_W::L210W-004,D7_I210_W,L210W-004,2025-10-01,PM,4,measured,False,True,3980.6739130434785,0.0,0.0,True,True,True,PeMS_average_weekday,353465.7335131575,353465.7335131575,397574.685255053,465.8956897053019,465.89568970530195,585.1944169135655,2200.703278180031,2200.7032781800312,2606.1459245622505,100.37759031919379,100.3775903191938,105.49395961218694,D7_I210,released_monthly_average_weekday,2025-10
PeMS::D7_I210_W::L210W-022,D7_I210_W,L210W-022,2025-10-01,NT,10,measured,False,True,2263.2717391304345,0.0,0.0,True,True,True,PeMS_average_weekday,18047.894875697857,18047.894875697857,17666.725545782538,26.56488883724043,26.56488883724043,26.003841637713546,118.3059420572857,118.3059420572857,115.80733504690812,4.788896184072795,4.788896184072795,4.687755283037571,D7_I210,released_monthly_average_weekday,2025-10
PeMS::D7_I210_W::L210W-022,D7_I210_W,L210W-022,2025-10-01,AM,4,measured,False,True,2737.434782608696,0.0,0.0,True,True,True,PeMS_average_weekday,21730.374781474842,21730.37478147484,21367.96398226912,31.985170261533394,31.98517026153339,31.451733943302223,142.44500411191913,142.4450041119191,140.06936133989146,5.766019227516844,5.766019227516843,5.669855785445822,D7_I210,released_monthly_average_weekday,2025-10
PeMS::D7_I210_W::L210W-022,D7_I210_W,L210W-022,2025-10-01,MD,6,measured,False,True,5351.20652173913,0.0,0.0,True,True,True,PeMS_average_weekday,36699.74187626242,36386.831976135625,41770.63466302509,48.581185646009104,47.960711809937294,61.48264238719627,228.94022621267277,226.54705342034762,273.81111859168095,10.396829174509234,10.333172827849022,11.08357702223844,D7_I210,released_monthly_average_weekday,2025-10
PeMS::D7_I210_W::L210W-022,D7_I210_W,L210W-022,2025-10-01,PM,4,measured,False,True,4651.032608695652,1185.8043478260868,0.254955070753339,True,False,False,PeMS_average_weekday,32941.0116680867,37131.57771175503,,42.04595175424215,48.942345375100324,,264.960267380396,231.1838943539744,,10.63700078809535,10.544666546346035,,D7_I210,released_monthly_average_weekday,2025-10
PeMS::D7_I210_W::L210W-028,D7_I210_W,L210W-028,2025-10-01,NT,10,measured,False,True,1865.6434782608694,0.0,0.0,True,True,True,PeMS_average_weekday,16318.485498349917,14098.29547685783,17705.243389958883,22.98511319397699,18.582664377607387,26.06053646311241,104.75729159546597,87.77700956835977,116.05982376499314,4.455310516790743,4.00364955751022,4.6979757524200245,D7_I210,released_monthly_average_weekday,2025-10
PeMS::D7_I210_W::L210W-028,D7_I210_W,L210W-028,2025-10-01,AM,4,measured,False,True,3219.2695652173916,879.8260869565217,0.2732999114030728,True,True,True,PeMS_average_weekday,25372.78851180831,29360.97718104793,30569.955504552414,31.29172946813544,38.700081555930396,43.748315660997775,183.88625911792258,182.8035721898231,203.90104394635006,7.87225887587204,8.337962804931188,8.297311796665506,D7_I210,released_monthly_average_weekday,2025-10
PeMS::D7_I210_W::L210W-028,D7_I210_W,L210W-028,2025-10-01,MD,6,measured,False,True,4455.130434782609,0.0,0.0,True,True,True,PeMS_average_weekday,40026.918256204415,41955.44217729688,42279.8726557175,51.982983025883804,55.30057885895473,62.232195216528694,270.33483866778687,261.21762417921343,277.14922981583044,11.861252865580228,11.91455291769199,11.218700143066973,D7_I210,released_monthly_average_weekday,2025-10
PeMS::D7_I210_W::L210W-028,D7_I210_W,L210W-028,2025-10-01,PM,4,measured,False,True,2923.9217391304346,0.0,0.0,True,True,True,PeMS_average_weekday,24656.66478634628,24778.96194571023,27748.46676105255,32.474986056038766,32.66062441509162,40.843263992179,155.6569604710105,154.27561320252522,181.89426098841156,7.0494426625049,7.036757045725929,7.362882347281906,D7_I210,released_monthly_average_weekday,2025-10
PeMS::D7_I210_W::L210W-038,D7_I210_W,L210W-038,2025-10-01,NT,10,measured,False,True,2434.554347826087,0.0,0.0,True,True,True,PeMS_average_weekday,141218.96197247494,147665.40580625314,143712.70983441765,204.56753248385436,217.35028474878752,211.53226941667205,918.6598436028909,967.9630263529372,942.0526681735067,37.87067072551548,39.18209316131019,38.133269972417864,D7_I210,released_monthly_average_weekday,2025-10
PeMS::D7_I210_W::L210W-038,D7_I210_W,L210W-038,2025-10-01,AM,4,measured,False,True,3298.4891304347825,0.0,0.0,True,True,True,PeMS_average_weekday,191884.2755225237,203844.8392323701,194711.12309217476,276.3246065495655,300.04139161652074,286.59737747490936,1244.7495714794115,1336.2254104978547,1276.3528935150196,51.655775968668735,54.08895494273445,51.66538041110952,D7_I210,released_monthly_average_weekday,2025-10
PeMS::D7_I210_W::L210W-038,D7_I210_W,L210W-038,2025-10-01,MD,6,measured,False,True,5772.728260869565,0.0,0.0,True,True,True,PeMS_average_weekday,299371.61197291105,299371.61197291105,340766.4414015184,394.5953749237068,394.5953749237068,501.5777572753239,1863.9093564024395,1863.9093564024395,2233.7616186916443,85.01588179747819,85.01588179747817,90.42024691118978,D7_I210,released_monthly_average_weekday,2025-10
PeMS::D7_I210_W::L210W-038,D7_I210_W,L210W-038,2025-10-01,PM,4,measured,False,True,4370.054347826086,0.0,0.0,True,True,True,PeMS_average_weekday,221184.52887223545,219936.98404714864,257966.0433584328,292.3680516572729,289.8942759059161,379.70296883915853,1378.8849788671996,1369.343605035966,1690.9958745052768,62.711740590613715,62.45794821834393,68.44967843441007,D7_I210,released_monthly_average_weekday,2025-10
PeMS::D7_I210_W::L210W-052,D7_I210_W,L210W-052,2025-10-01,NT,10,measured,False,True,2468.532608695652,0.0,0.0,True,True,True,PeMS_average_weekday,41644.20747525258,41822.000141395736,40387.67754246687,61.20569998007165,61.558247782306665,59.447053060722055,272.7880451377714,274.1478249693342,264.74568209067485,11.061037552166361,11.097206531112269,10.716617987791965,D7_I210,released_monthly_average_weekday,2025-10
PeMS::D7_I210_W::L210W-052,D7_I210_W,L210W-052,2025-10-01,AM,4,measured,False,True,2955.402173913043,0.0,0.0,True,True,True,PeMS_average_weekday,47837.57649091285,49705.81630647216,48353.35356229107,69.45795946839975,73.16252082805134,71.17181649920144,311.538585468798,325.82710971914395,316.9615672196042,12.809065403046738,13.189127910802043,12.830260368669432,D7_I210,released_monthly_average_weekday,2025-10
PeMS::D7_I210_W::L210W-052,D7_I210_W,L210W-052,2025-10-01,MD,6,measured,False,True,5809.03260869565,0.0,0.0,True,True,True,PeMS_average_weekday,84027.09187798625,84027.09187798625,95041.6190603382,110.75432839083942,110.7543283908394,139.89277212872787,523.1587648224903,523.1587648224903,623.0082984760417,23.862106576528426,23.862106576528426,25.218700019082128,D7_I210,released_monthly_average_weekday,2025-10
PeMS::D7_I210_W::L210W-052,D7_I210_W,L210W-052,2025-10-01,PM,4,measured,False,True,4987.75,0.0,0.0,True,True,True,PeMS_average_weekday,75879.44023480688,75879.44023480688,81604.60913209486,100.01508149397922,100.01508149397921,120.1146939923503,472.43089510114913,472.43089510114913,534.9272159485448,21.548327442766595,21.548327442766592,21.653273357751097,D7_I210,released_monthly_average_weekday,2025-10
PeMS::D7_I210_W::L210W-053,D7_I210_W,L210W-053,2025-10-01,NT,10,measured,False,True,3408.083333333333,0.0,0.0,True,True,True,PeMS_average_weekday,2808951.740757347,2811556.160576128,2706265.771025974,4133.195136721807,4138.359480691255,3983.3814340385184,18410.14190152238,18430.060819548213,17739.870699808394,745.4990409971417,746.0288671572148,718.0907198990974,D7_I210,released_monthly_average_weekday,2025-10
PeMS::D7_I210_W::L210W-053,D7_I210_W,L210W-053,2025-10-01,AM,4,measured,False,True,2984.3166666666666,0.0,0.0,True,True,True,PeMS_average_weekday,2359050.576243479,2437249.455707828,2369764.250160842,3432.3516956894828,3587.4134521187307,3488.081258759826,15378.36457775709,15976.439073477935,15534.066105763217,630.8006514469573,646.7089208165283,628.8021430149521,D7_I210,released_monthly_average_weekday,2025-10
PeMS::D7_I210_W::L210W-053,D7_I210_W,L210W-053,2025-10-01,MD,6,measured,False,True,5844.099999999999,0.0,0.0,True,True,True,PeMS_average_weekday,4109739.532944769,4109739.5329447696,4640639.986048725,5416.9605499798045,5416.9605499798045,6830.607459324012,25587.53623080964,25587.53623080964,30419.90709052016,1167.088382391016,1167.088382391016,1231.3648363925906,D7_I210,released_monthly_average_weekday,2025-10
PeMS::D7_I210_W::L210W-053,D7_I210_W,L210W-053,2025-10-01,PM,4,measured,False,True,5100.483333333334,0.0,0.0,True,True,True,PeMS_average_weekday,3760486.7353896825,3760486.735389683,4050154.327414274,4956.617841844629,4956.617841844629,5961.465324485287,23413.06299728356,23413.062997283556,26549.20845241296,1067.9071862892674,1067.9071862892677,1074.6831548524385,D7_I210,released_monthly_average_weekday,2025-10
PeMS::D7_I210_W::L210W-054,D7_I210_W,L210W-054,2025-10-01,NT,10,measured,False,True,1783.6195652173913,0.0,0.0,True,True,True,PeMS_average_weekday,223110.442930498,236575.45130165076,227849.10402900644,321.51795695144176,348.21792839179165,335.3735248284099,1447.7961697469889,1550.7781836404945,1493.5760145277218,60.034585059358136,62.77381843071974,60.45833668380799,D7_I210,released_monthly_average_weekday,2025-10
PeMS::D7_I210_W::L210W-054,D7_I210_W,L210W-054,2025-10-01,AM,4,measured,False,True,2255.9891304347825,0.0,0.0,True,True,True,PeMS_average_weekday,279374.5233996784,299976.80034570023,288192.1190442268,400.6864791640686,441.5390498348336,424.19305181611224,1808.812313539792,1966.3810214240357,1889.1311353393698,75.40577773452796,79.59697041566145,76.46997883554468,D7_I210,released_monthly_average_weekday,2025-10
PeMS::D7_I210_W::L210W-054,D7_I210_W,L210W-054,2025-10-01,MD,6,measured,False,True,4319.228260869565,0.0,0.0,True,True,True,PeMS_average_weekday,518762.0158514712,518762.01585147117,551761.3220484863,683.769215097161,683.7692150971609,812.1433710611691,3229.849913689349,3229.849913689348,3616.8563394956905,147.3186115744364,147.31861157443637,146.40642068648935,D7_I210,released_monthly_average_weekday,2025-10
PeMS::D7_I210_W::L210W-054,D7_I210_W,L210W-054,2025-10-01,PM,4,measured,False,True,3710.228260869565,0.0,0.0,True,True,True,PeMS_average_weekday,453489.77820807253,471855.08695142914,473964.4044436088,594.0649586995445,621.9421865627834,697.6332588133209,3145.240264682061,2937.803974260717,3106.888961594383,135.90292327181646,133.99792997550932,125.76349449390105,D7_I210,released_monthly_average_weekday,2025-10
PeMS::D7_I210_W::L210W-106,D7_I210_W,L210W-106,2025-10-01,NT,10,measured,False,True,1333.2173913043478,0.0,0.0,True,True,True,PeMS_average_weekday,37202.47050585614,37202.47050585614,36903.7856923615,54.758712872908966,54.75871287290897,54.319075512291306,243.86629855541602,243.86629855541602,241.9083866503401,9.871443194378994,9.871443194378994,9.792189044604939,D7_I210,released_monthly_average_weekday,2025-10
PeMS::D7_I210_W::L210W-106,D7_I210_W,L210W-106,2025-10-01,AM,4,measured,False,True,1999.945652173913,0.0,0.0,True,True,True,PeMS_average_weekday,48989.080868860954,48690.150343325164,55358.98813320225,64.77020883361456,64.17745491364272,81.48348469609347,305.4346622364721,303.1484053931513,362.88427473363987,13.887895272549954,13.827082798565867,14.689161747179805,D7_I210,released_monthly_average_weekday,2025-10
PeMS::D7_I210_W::L210W-106,D7_I210_W,L210W-106,2025-10-01,MD,6,measured,False,True,2663.0434782608695,0.0,0.0,True,True,True,PeMS_average_weekday,65163.20820967955,63389.12505688878,73713.69924527597,87.06971852863944,83.55186185847207,108.499979621962,408.2336901263994,394.6652874300933,483.20143107009307,18.36222180187871,18.001313910717943,19.559469703302003,D7_I210,released_monthly_average_weekday,2025-10
PeMS::D7_I210_W::L210W-106,D7_I210_W,L210W-106,2025-10-01,PM,4,measured,False,True,1758.7826086956522,0.0,0.0,True,True,True,PeMS_average_weekday,50582.41898448662,50582.41898448663,48683.53570399842,74.45280165339227,74.45280165339227,71.65781511294053,331.57333698535473,331.5733369853548,319.1259475860801,13.421728956442228,13.42172895644223,12.917872137762817,D7_I210,released_monthly_average_weekday,2025-10
PeMS::D7_I210_W::L210W-108,D7_I210_W,L210W-108,2025-10-01,NT,10,measured,False,True,7250.65909090909,108.81818181818181,0.015008040021440058,True,False,False,PeMS_average_weekday,1148314.2254425306,1156737.7859476018,,1692.4573060056218,1702.6146766241884,,7984.943658962169,7582.543804821358,,315.13835305114964,306.9331468988339,,D7_I210,released_monthly_average_weekday,2025-10
PeMS::D7_I210_W::L210W-108,D7_I210_W,L210W-108,2025-10-01,AM,4,measured,False,True,5204.670454545454,5204.670454545454,1.0,True,False,False,PeMS_average_weekday,667108.9085239752,738566.491261341,,577.9284865632244,702.610500874426,,6170.368891033827,6964.184134464949,,253.0530602626549,274.3699211252501,,D7_I210,released_monthly_average_weekday,2025-10
PeMS::D7_I210_W::L210W-108,D7_I210_W,L210W-108,2025-10-01,MD,6,measured,False,True,9205.215909090908,1306.534090909091,0.14193410603425186,True,False,False,PeMS_average_weekday,1304845.7814192316,1423692.7733539848,,1664.1389762134886,1876.539261607146,,9167.82835861159,8864.014404736366,,395.8556843533929,404.3018499240281,,D7_I210,released_monthly_average_weekday,2025-10
PeMS::D7_I210_W::L210W-108,D7_I210_W,L210W-108,2025-10-01,PM,4,measured,False,True,6033.03409090909,0.0,0.0,True,True,True,PeMS_average_weekday,854510.3844106925,827311.1942451063,965630.5697948633,1144.3950367379402,1090.461345751336,1421.3219281869185,5358.922162582891,5150.8994638725535,6329.8149188979905,240.4739744705551,234.94074884440533,256.2240406852908,D7_I210,released_monthly_average_weekday,2025-10
PeMS::D7_I210_W::L210W-112,D7_I210_W,L210W-112,2025-10-01,NT,10,measured,False,True,6354.647727272726,203.3181818181818,0.03199519321040971,True,False,False,PeMS_average_weekday,480994.63216891163,484279.0796904696,,710.9716712333973,712.8155392516925,,3458.2080060392286,3174.5027958115807,,134.23212934326415,128.50042914859895,,D7_I210,released_monthly_average_weekday,2025-10
PeMS::D7_I210_W::L210W-112,D7_I210_W,L210W-112,2025-10-01,AM,4,measured,False,True,4406.102272727273,4406.102272727273,1.0,True,False,False,PeMS_average_weekday,341854.05897644453,308980.33105721127,,246.31394023684337,181.67834902201946,,3110.619521946729,2793.928247086642,,133.12680568673574,122.64129182674958,,D7_I210,released_monthly_average_weekday,2025-10
PeMS::D7_I210_W::L210W-112,D7_I210_W,L210W-112,2025-10-01,MD,6,measured,False,True,7870.556818181818,1967.1136363636363,0.2499332235070581,True,False,False,PeMS_average_weekday,532911.078398938,608156.8277899276,,662.1399373966242,801.5986215015375,,3817.1052679802506,3786.428492693033,,164.12356103402493,172.70504923625214,,D7_I210,released_monthly_average_weekday,2025-10
PeMS::D7_I210_W::L210W-112,D7_I210_W,L210W-112,2025-10-01,PM,4,measured,False,True,5181.738636363636,0.0,0.0,True,True,True,PeMS_average_weekday,359975.190724362,354125.6265495237,391774.0010699904,478.36467116898245,466.7654807264961,576.6563280329825,2249.5499949266923,2204.8118200574722,2568.1217997644776,101.75498461005078,100.56498747421784,103.95478429283915,D7_I210,released_monthly_average_weekday,2025-10
PeMS::D7_I210_W::L210W-113,D7_I210_W,L210W-113,2025-10-01,NT,10,measured,False,True,6480.413043478261,210.53260869565216,0.03248752931073234,True,False,False,PeMS_average_weekday,248913.51460329673,250631.75126334964,,367.908745382683,368.9075461293284,,1788.9506816129647,1642.9187806609143,,69.45171014450767,66.50356983454708,,D7_I210,released_monthly_average_weekday,2025-10
PeMS::D7_I210_W::L210W-113,D7_I210_W,L210W-113,2025-10-01,AM,4,measured,False,True,4557.413043478261,4557.413043478261,1.0,True,False,False,PeMS_average_weekday,186459.43284126057,169436.77779317013,,133.14511265541654,99.62768163185797,,1695.7874314641945,1532.1175880416358,,72.68736305182642,67.25329486318874,,D7_I210,released_monthly_average_weekday,2025-10
PeMS::D7_I210_W::L210W-113,D7_I210_W,L210W-113,2025-10-01,MD,6,measured,False,True,8093.369565217392,1921.3043478260865,0.23739239044306257,True,False,False,PeMS_average_weekday,280068.21805930446,320642.82985720364,,347.8591193844036,422.63251625725377,,2014.4784690177191,1996.3455008161436,,86.50206911661908,91.05650580127669,,D7_I210,released_monthly_average_weekday,2025-10
PeMS::D7_I210_W::L210W-113,D7_I210_W,L210W-113,2025-10-01,PM,4,measured,False,True,5335.25,0.0,0.0,True,True,True,PeMS_average_weekday,187598.3829172016,184569.60306350054,204704.81930814986,249.28309482203184,243.27728083634017,301.30720545645465,1172.3082023303355,1149.1437273907993,1341.8626747725164,53.030435406302615,52.41428021195903,54.31714528469094,D7_I210,released_monthly_average_weekday,2025-10
PeMS::D7_I210_W::L210W-129,D7_I210_W,L210W-129,2025-10-01,NT,10,measured,False,True,5037.590909090909,0.0,0.0,True,True,True,PeMS_average_weekday,360242.37258868816,361735.81007080496,363384.41993861756,529.4814344597788,532.4427945288817,534.8694009655909,2359.7961531433602,2371.2181437796185,2382.024963347209,95.68052275118775,95.98433791983042,96.42178625158148,D7_I210,released_monthly_average_weekday,2025-10
PeMS::D7_I210_W::L210W-129,D7_I210_W,L210W-129,2025-10-01,AM,4,measured,False,True,4840.579545454546,4258.863636363636,0.8798251524164789,True,False,False,PeMS_average_weekday,327405.940415513,321644.74041273375,,252.6799282985422,248.68570012488922,,2892.711927356719,2880.8418668501704,,124.70468933488482,125.42163337797447,,D7_I210,released_monthly_average_weekday,2025-10
PeMS::D7_I210_W::L210W-129,D7_I210_W,L210W-129,2025-10-01,MD,6,measured,False,True,7823.113636363637,3776.238636363636,0.4827027717980227,True,False,False,PeMS_average_weekday,489040.87231740437,384612.42439581524,,569.0748402243189,365.88815136435625,,3896.986611995786,3626.63588937133,,161.0485481833546,142.8795941785162,,D7_I210,released_monthly_average_weekday,2025-10
PeMS::D7_I210_W::L210W-129,D7_I210_W,L210W-129,2025-10-01,PM,4,measured,False,True,5028.125,3531.079545454545,0.7022656647268206,True,False,False,PeMS_average_weekday,290895.509352677,253020.49433462467,,314.1252949948019,240.70257500084722,,2480.123152523674,2385.812696877634,,100.4153403776524,93.99453386397695,,D7_I210,released_monthly_average_weekday,2025-10
PeMS::D7_I210_W::L210W-132,D7_I210_W,L210W-132,2025-10-01,NT,10,measured,False,True,5139.608695652174,0.0,0.0,True,True,True,PeMS_average_weekday,13479.40881338948,13479.408813389478,13620.269014354073,19.840485507347278,19.84048550734727,20.047819138554004,88.35901189731747,88.35901189731746,89.28236605514418,3.576676940695116,3.5766769406951155,3.6140533152547545,D7_I210,released_monthly_average_weekday,2025-10
PeMS::D7_I210_W::L210W-132,D7_I210_W,L210W-132,2025-10-01,AM,4,measured,False,True,5142.728260869565,4643.173913043477,0.9028619980512794,True,False,False,PeMS_average_weekday,11932.130993478464,12670.495547597158,,10.955379305729837,12.05365167301411,,106.25484661840306,119.4742316533846,,4.422274651109483,4.706959908342149,,D7_I210,released_monthly_average_weekday,2025-10
PeMS::D7_I210_W::L210W-132,D7_I210_W,L210W-132,2025-10-01,MD,6,measured,False,True,8094.152173913042,986.5543478260868,0.12188482828451029,True,False,False,PeMS_average_weekday,18709.811978512294,20337.44445051083,,23.91010951495124,26.806354366911506,,131.19272545522804,126.62240332945153,,5.667969790466575,5.775449990307892,,D7_I210,released_monthly_average_weekday,2025-10
PeMS::D7_I210_W::L210W-132,D7_I210_W,L210W-132,2025-10-01,PM,4,measured,False,True,5344.217391304347,0.0,0.0,True,True,True,PeMS_average_weekday,12191.84062230247,11715.666976533475,14162.494238584899,16.38638428336583,15.442172264165213,20.845926225593576,76.58442549930831,72.94259181806378,92.83671222136819,3.423897735117923,3.3270280782191004,3.757929391944647,D7_I210,released_monthly_average_weekday,2025-10
PeMS::D7_I210_W::L210W-141,D7_I210_W,L210W-141,2025-10-01,NT,10,measured,False,True,4476.99,0.0,0.0,True,True,True,PeMS_average_weekday,801362.7671519793,801362.7671519794,789422.7512246122,1179.5343985719314,1179.5343985719317,1161.9597618616697,5253.021349609469,5253.021349609471,5174.753227914666,212.63660521647063,212.63660521647066,209.4683965635418,D7_I210,released_monthly_average_weekday,2025-10
PeMS::D7_I210_W::L210W-141,D7_I210_W,L210W-141,2025-10-01,AM,4,measured,False,True,4522.3099999999995,2271.98,0.5023936881814826,True,True,True,PeMS_average_weekday,673208.9809319326,691193.0418873674,796178.4735864783,781.7159812115997,874.5975547193511,1066.0739841179625,5573.536757094526,7498.976353682663,5582.760389755289,226.28619301708915,266.99753193696193,230.13176233014073,D7_I210,released_monthly_average_weekday,2025-10
PeMS::D7_I210_W::L210W-141,D7_I210_W,L210W-141,2025-10-01,MD,6,measured,False,True,6742.8,0.0,0.0,True,True,True,PeMS_average_weekday,1080167.8448003074,1080167.8448003074,1188950.5509186564,1423.7463361692337,1423.7463361692337,1750.028988735929,6725.203298803528,6725.203298803527,7793.702033103271,306.74726040252983,306.7472604025299,315.480602893607,D7_I210,released_monthly_average_weekday,2025-10
PeMS::D7_I210_W::L210W-141,D7_I210_W,L210W-141,2025-10-01,PM,4,measured,False,True,4203.41,0.0,0.0,True,True,True,PeMS_average_weekday,700258.9180701091,786224.1043874887,741182.6889774262,986.789954187258,1157.251639488229,1090.9547000567259,4496.313594399437,5153.78574500429,4858.534297764521,191.13145948421217,208.61965560300328,196.6681973377553,D7_I210,released_monthly_average_weekday,2025-10
PeMS::D7_I210_W::L210W-143,D7_I210_W,L210W-143,2025-10-01,NT,10,measured,False,True,5192.345454545454,79.54545454545455,0.015319753903473296,True,True,True,PeMS_average_weekday,109256.83394978805,110764.80776219229,110131.44272927563,160.70629256630286,163.03590117000658,161.7514319927284,761.6521304651935,726.0755350888874,723.1342660628537,30.08494142032267,29.39074993927283,29.285494486185772,D7_I210,released_monthly_average_weekday,2025-10
PeMS::D7_I210_W::L210W-143,D7_I210_W,L210W-143,2025-10-01,AM,4,measured,False,True,3880.536363636364,3453.263636363636,0.8898933839979944,True,True,True,PeMS_average_weekday,67634.85947230228,62768.016381645386,82339.07542045541,69.90394284501289,59.71225062415779,101.50670143081487,597.8225796023634,591.8600816703089,607.4104839906024,24.13258344333936,23.317678106962184,25.35897201707262,D7_I210,released_monthly_average_weekday,2025-10
PeMS::D7_I210_W::L210W-143,D7_I210_W,L210W-143,2025-10-01,MD,6,measured,False,True,6741.345454545455,958.4545454545455,0.1421755570778965,True,True,True,PeMS_average_weekday,126327.94748476415,135308.38467302214,142844.32362366922,161.59982344330584,178.34711323665368,203.75131262380546,842.7528265625998,842.4398109416173,958.7094808387096,37.333868102642626,38.4250248771425,39.062376537162756,D7_I210,released_monthly_average_weekday,2025-10
PeMS::D7_I210_W::L210W-143,D7_I210_W,L210W-143,2025-10-01,PM,4,measured,False,True,4442.8727272727265,0.0,0.0,True,True,True,PeMS_average_weekday,85069.61205618287,81342.85331222013,94222.7409271144,114.60613746760899,107.2162904444125,138.68745667614124,534.9492029212981,506.4465009422382,617.6404619694358,23.857980998654327,23.09983353694559,25.00141582087369,D7_I210,released_monthly_average_weekday,2025-10
PeMS::D7_I210_W::L210W-150,D7_I210_W,L210W-150,2025-10-01,NT,10,measured,False,True,4615.330434782608,0.0,0.0,True,True,True,PeMS_average_weekday,215008.24293826762,215008.24293826762,211919.22677669176,316.47292452021287,316.47292452021287,311.92616870664716,1409.40275340062,1409.40275340062,1389.1539116635427,57.05109439315994,57.05109439315995,56.231443247661026,D7_I210,released_monthly_average_weekday,2025-10
PeMS::D7_I210_W::L210W-150,D7_I210_W,L210W-150,2025-10-01,AM,4,measured,False,True,5676.0782608695645,3848.4608695652178,0.678014060534754,True,False,False,PeMS_average_weekday,242313.2390752852,205967.5707109455,,266.8276797534858,195.94035165873632,,2018.1327759871162,1942.1353461484005,,82.10532594778573,76.51485248648387,,D7_I210,released_monthly_average_weekday,2025-10
PeMS::D7_I210_W::L210W-150,D7_I210_W,L210W-150,2025-10-01,MD,6,measured,False,True,7207.121739130435,6818.4260869565205,0.9460678386957826,True,False,False,PeMS_average_weekday,293758.63328966685,301224.4773982829,,275.61727324721807,286.55982019844294,,2667.6899145234584,2840.3437621804037,,108.22033661252195,111.9018220872913,,D7_I210,released_monthly_average_weekday,2025-10
PeMS::D7_I210_W::L210W-150,D7_I210_W,L210W-150,2025-10-01,PM,4,measured,False,True,4585.530434782608,3916.582608695652,0.8541176782923982,True,False,False,PeMS_average_weekday,206949.4397813914,193588.98704736892,,169.33836175229385,149.6769781423017,,1797.8131049933727,1733.8982696609228,,77.01882727063807,75.48777862281287,,D7_I210,released_monthly_average_weekday,2025-10
PeMS::D7_I210_W::L210W-154,D7_I210_W,L210W-154,2025-10-01,NT,10,measured,False,True,5319.5,0.0,0.0,True,True,True,PeMS_average_weekday,371936.5145175661,371936.514517566,375001.2398592303,547.4573201317894,547.4573201317894,551.9683220286151,2438.0848868282505,2438.0848868282505,2458.1744995609047,98.69103113454582,98.69103113454582,99.50423686269366,D7_I210,released_monthly_average_weekday,2025-10
PeMS::D7_I210_W::L210W-154,D7_I210_W,L210W-154,2025-10-01,AM,4,measured,False,True,4860.054347826086,4491.347826086957,0.924135308918088,True,False,False,PeMS_average_weekday,316742.60884439404,296362.79721718363,,262.23192804213056,229.13848870139364,,2784.9498802969474,2654.401725657098,,119.1283485215379,115.56323306187986,,D7_I210,released_monthly_average_weekday,2025-10
PeMS::D7_I210_W::L210W-154,D7_I210_W,L210W-154,2025-10-01,MD,6,measured,False,True,8096.913043478261,1193.108695652174,0.14735352710909688,True,False,False,PeMS_average_weekday,508128.3568489967,549356.9096124909,,647.06648935865,724.0956959375452,,3417.1128569553166,3420.3359399477877,,150.90434558449647,156.00698337579684,,D7_I210,released_monthly_average_weekday,2025-10
PeMS::D7_I210_W::L210W-154,D7_I210_W,L210W-154,2025-10-01,PM,4,measured,False,True,5173.836956521738,0.0,0.0,True,True,True,PeMS_average_weekday,329559.1055935093,305462.3911558912,364732.63906855125,450.4052461599282,402.6235018374337,536.8538590733981,2086.125577895961,1901.830989092065,2390.862688487177,91.64762623727042,86.74554801286278,96.77952777717776,D7_I210,released_monthly_average_weekday,2025-10
PeMS::D7_I210_W::L210W-155,D7_I210_W,L210W-155,2025-10-01,NT,10,measured,False,True,5041.880434782609,0.0,0.0,True,True,True,PeMS_average_weekday,149210.2822838806,149210.2822838806,148545.20377496182,219.62420490280516,219.62420490280516,218.64526875655937,978.0898621034025,978.0898621034025,973.7301991021714,39.59201648586014,39.592016485860135,39.41554205737936,D7_I210,released_monthly_average_weekday,2025-10
PeMS::D7_I210_W::L210W-155,D7_I210_W,L210W-155,2025-10-01,AM,4,measured,False,True,4548.760869565217,4198.16304347826,0.9229245422785947,True,False,False,PeMS_average_weekday,129865.85815094048,126783.43881538688,,100.91374624226461,98.02500798112636,,1164.3609870370558,1135.5479902886784,,49.60465141308326,49.43773046342275,,D7_I210,released_monthly_average_weekday,2025-10
PeMS::D7_I210_W::L210W-155,D7_I210_W,L210W-155,2025-10-01,MD,6,measured,False,True,7547.858695652174,3001.9130434782605,0.39771717576104937,True,False,False,PeMS_average_weekday,201387.794667358,193614.2102314208,,244.22037394390517,244.988743470182,,1604.8684095535878,2100.5830444962185,,65.82466379412472,74.79027297288283,,D7_I210,released_monthly_average_weekday,2025-10
PeMS::D7_I210_W::L210W-155,D7_I210_W,L210W-155,2025-10-01,PM,4,measured,False,True,4814.576086956521,3257.7500000000005,0.6766431646652716,True,False,False,PeMS_average_weekday,115468.27773560751,124647.82348228745,,128.13124452249542,157.72248129266126,,956.6653820424522,1352.3444597753958,,38.94905958485455,48.149589498483486,,D7_I210,released_monthly_average_weekday,2025-10
PeMS::D7_I210_W::L210W-167,D7_I210_W,L210W-167,2025-10-01,NT,10,measured,False,True,705.6884057971013,0.0,0.0,True,True,True,PeMS_average_weekday,37406.81081705591,37406.810817055906,36897.67308735362,55.05948355499547,55.05948355499547,54.3100783038269,245.20577183932352,245.2057718393235,241.86831785013587,9.925663619713724,9.925663619713724,9.790567103043411,D7_I210,released_monthly_average_weekday,2025-10
PeMS::D7_I210_W::L210W-167,D7_I210_W,L210W-167,2025-10-01,AM,4,measured,False,True,1302.1811594202895,0.0,0.0,True,True,True,PeMS_average_weekday,69189.60523062444,69189.60523062442,68085.93470730126,101.84091742018289,101.84091742018286,100.21641301305127,453.5454956801003,453.5454956801002,446.31081363646626,18.359029612511993,18.35902961251199,18.066177532309947,D7_I210,released_monthly_average_weekday,2025-10
PeMS::D7_I210_W::L210W-167,D7_I210_W,L210W-167,2025-10-01,MD,6,measured,False,True,2098.934782608696,0.0,0.0,True,True,True,PeMS_average_weekday,110508.71425731476,110508.71425731474,109745.05008750055,162.65895441051657,162.65895441051654,161.5349089791896,724.3968139107136,724.3968139107135,719.3909110257783,29.322797127229073,29.32279712722907,29.120163609363185,D7_I210,released_monthly_average_weekday,2025-10
PeMS::D7_I210_W::L210W-167,D7_I210_W,L210W-167,2025-10-01,PM,4,measured,False,True,1714.9492753623185,0.0,0.0,True,True,True,PeMS_average_weekday,90131.2413502103,90131.24135021029,89667.95713787926,132.66513483823934,132.6651348382393,131.983221868035,590.8202308451725,590.8202308451724,587.7833517211759,23.91576196229791,23.915761962297907,23.792832390076125,D7_I210,released_monthly_average_weekday,2025-10
PeMS::D7_I210_W::L210W-182,D7_I210_W,L210W-182,2025-10-01,NT,10,measured,False,True,5571.343083003952,101.25217391304348,0.018173745971940828,True,False,False,PeMS_average_weekday,174800.76408222955,172878.02835865231,,260.0970090491635,254.46101262108112,,1277.9760107246132,1133.2345487847751,,49.026194602616194,45.87210508587175,,D7_I210,released_monthly_average_weekday,2025-10
PeMS::D7_I210_W::L210W-182,D7_I210_W,L210W-182,2025-10-01,AM,4,measured,False,True,4487.24347826087,4487.24347826087,1.0,True,False,False,PeMS_average_weekday,125189.57065493922,119556.53229272342,,99.09322071937595,92.4373888395247,,1154.5455121770724,1070.8195111237903,,48.004102814643424,46.619682143468,,D7_I210,released_monthly_average_weekday,2025-10
PeMS::D7_I210_W::L210W-182,D7_I210_W,L210W-182,2025-10-01,MD,6,measured,False,True,7076.0,2195.8173913043474,0.31031902081746005,True,False,False,PeMS_average_weekday,201337.47226199703,220362.94385667075,,255.3492571147769,290.45572450030056,,1384.7792269397096,1371.9956616861855,,60.509685904682634,62.57891275662515,,D7_I210,released_monthly_average_weekday,2025-10
PeMS::D7_I210_W::L210W-182,D7_I210_W,L210W-182,2025-10-01,PM,4,measured,False,True,4496.973913043477,0.0,0.0,True,True,True,PeMS_average_weekday,129727.28548031753,124604.26184570952,138723.0497091807,174.3967579419418,164.23823587036875,204.18793549432561,814.9766711929141,775.7951663194202,909.3448955647079,36.427450699199795,35.385256226283104,36.80929482195626,D7_I210,released_monthly_average_weekday,2025-10
PeMS::D7_I210_W::L210W-202,D7_I210_W,L210W-202,2025-10-01,NT,10,measured,False,True,23789.111965932614,0.0,0.0,True,True,True,PeMS_average_weekday,2002518.289867844,2011241.3112331997,1961094.5246844394,2943.0705107729113,2960.367523512058,2886.55593388415,13117.193963509659,13183.908686789364,12855.19096848166,531.8957658845322,533.6703203864272,520.3641837759885,D7_I210,released_monthly_average_weekday,2025-10
PeMS::D7_I210_W::L210W-202,D7_I210_W,L210W-202,2025-10-01,AM,4,measured,False,True,10553.579545454544,0.0,0.0,True,True,True,PeMS_average_weekday,782001.3595922036,731318.1712578466,870001.6668151078,1064.4354480788656,963.9349772486831,1280.5647265974324,4940.871103924803,4553.239944600908,5702.956909537644,217.9912007582742,207.680543904179,230.84950854617276,D7_I210,released_monthly_average_weekday,2025-10
PeMS::D7_I210_W::L210W-202,D7_I210_W,L210W-202,2025-10-01,MD,6,measured,False,True,15904.059523809523,0.0,0.0,True,True,True,PeMS_average_weekday,1185695.223765003,1185695.223765003,1311077.2733788148,1562.839737152952,1562.839737152952,1929.7886132547515,7382.224409498287,7382.224409498286,8594.256172548803,336.71504230855794,336.71504230855794,347.88616593521664,D7_I210,released_monthly_average_weekday,2025-10
PeMS::D7_I210_W::L210W-202,D7_I210_W,L210W-202,2025-10-01,PM,4,measured,False,True,11021.31818181818,0.0,0.0,True,True,True,PeMS_average_weekday,847836.1693600265,847836.1693600265,908560.4696855004,1117.514880311268,1117.514880311268,1337.319839534638,5278.689446711971,5278.689446711971,5955.714116380947,240.76945400040435,240.76945400040432,241.08084606227732,D7_I210,released_monthly_average_weekday,2025-10
PeMS::D7_I210_W::L210W-211,D7_I210_W,L210W-211,2025-10-01,NT,10,measured,False,True,5708.967391304349,0.0,0.0,True,True,True,PeMS_average_weekday,402436.0603830487,402436.0603830486,399679.3209424576,592.3499267811028,592.3499267811027,588.2922526148404,2638.012774860998,2638.0127748609975,2619.942043688646,106.78389513985634,106.78389513985631,106.05241154698003,D7_I210,released_monthly_average_weekday,2025-10
PeMS::D7_I210_W::L210W-211,D7_I210_W,L210W-211,2025-10-01,AM,4,measured,False,True,5685.260869565217,4603.260869565217,0.809683315361614,True,False,False,PeMS_average_weekday,359633.4544672171,367293.5721746269,,342.90364898744474,349.4124412181813,,3094.302889407426,3463.330787809033,,130.17364302248825,136.44581716029253,,D7_I210,released_monthly_average_weekday,2025-10
PeMS::D7_I210_W::L210W-211,D7_I210_W,L210W-211,2025-10-01,MD,6,measured,False,True,8768.717391304348,1214.4565217391305,0.13849876413436105,True,False,False,PeMS_average_weekday,583093.9002139309,627026.2851520706,,748.1679791520984,826.4700532092822,,4023.1226028218025,3903.911102001753,,175.07957184472804,178.06361862802086,,D7_I210,released_monthly_average_weekday,2025-10
PeMS::D7_I210_W::L210W-211,D7_I210_W,L210W-211,2025-10-01,PM,4,measured,False,True,5544.184782608696,3156.79347826087,0.5693882152274711,True,False,False,PeMS_average_weekday,330817.2007667566,413088.1966680976,,394.6663630966691,544.4827943658044,,2722.3277322154227,2571.917055578231,,109.69699691951156,117.30924341298662,,D7_I210,released_monthly_average_weekday,2025-10
PeMS::D7_I210_W::L210W-221,D7_I210_W,L210W-221,2025-10-01,NT,10,measured,False,True,2048.5826086956517,0.0,0.0,True,True,True,PeMS_average_weekday,449873.3484804542,463731.42430450895,445664.80431628047,655.0918353586642,682.5712262748383,655.978775744876,2933.822406469512,3039.810647821632,2921.381960585846,120.22904067870803,123.04823712580688,118.25437235007496,D7_I210,released_monthly_average_weekday,2025-10
PeMS::D7_I210_W::L210W-221,D7_I210_W,L210W-221,2025-10-01,AM,4,measured,False,True,2338.8173913043474,0.0,0.0,True,True,True,PeMS_average_weekday,499112.606924148,523813.4333722815,508804.7660869406,722.0269285407599,771.0065758264703,748.9151584741298,3244.7399352670773,3433.6548458520883,3335.27137595458,133.96564815280135,138.99062297954526,135.00816685456144,D7_I210,released_monthly_average_weekday,2025-10
PeMS::D7_I210_W::L210W-221,D7_I210_W,L210W-221,2025-10-01,MD,6,measured,False,True,4644.739130434782,789.4695652173914,0.16997070083965968,True,False,False,PeMS_average_weekday,891820.5083622402,960369.5563970259,,1135.5361337414238,1265.842752004451,,5901.488350134799,5979.330471502591,,262.7930119946762,272.72680983504205,,D7_I210,released_monthly_average_weekday,2025-10
PeMS::D7_I210_W::L210W-221,D7_I210_W,L210W-221,2025-10-01,PM,4,measured,False,True,3964.6260869565217,2764.373913043478,0.6972596790749497,True,False,False,PeMS_average_weekday,743038.511055422,647024.9327035992,,802.9499205929197,615.525504370947,,6369.391130489791,6101.008946726251,,257.46443872934617,240.36316547312734,,D7_I210,released_monthly_average_weekday,2025-10
PeMS::D7_I210_W::L210W-222,D7_I210_W,L210W-222,2025-10-01,NT,10,measured,False,True,5582.539130434781,0.0,0.0,True,True,True,PeMS_average_weekday,763984.2189562083,759249.9028729048,761751.5477979976,1133.3370932719354,1117.5480247651,1121.2302225949877,5469.693431803538,4976.966878127855,4993.365436607628,212.12519470813288,201.4622197030667,202.1260155594917,D7_I210,released_monthly_average_weekday,2025-10
PeMS::D7_I210_W::L210W-222,D7_I210_W,L210W-222,2025-10-01,AM,4,measured,False,True,4543.3826086956515,4543.3826086956515,1.0,True,False,False,PeMS_average_weekday,510629.9662260121,559060.8314528466,,451.2658964289294,531.8438020868252,,4730.198269979248,5271.566769777835,,193.82059114672882,207.6853987350173,,D7_I210,released_monthly_average_weekday,2025-10
PeMS::D7_I210_W::L210W-222,D7_I210_W,L210W-222,2025-10-01,MD,6,measured,False,True,7090.321739130435,1428.0347826086957,0.20140620343468807,True,False,False,PeMS_average_weekday,865473.6716185794,965564.0611804667,,1091.5268577542588,1272.6895186335805,,6193.4176970500375,6011.671834813313,,265.6061888801227,274.20195105419475,,D7_I210,released_monthly_average_weekday,2025-10
PeMS::D7_I210_W::L210W-222,D7_I210_W,L210W-222,2025-10-01,PM,4,measured,False,True,4478.426086956522,0.0,0.0,True,True,True,PeMS_average_weekday,567841.539671362,581168.1046394506,611092.5375945139,750.0764215335012,766.0253576904107,899.4736196255534,3962.199615882023,3618.3947460528166,4005.7790031592685,169.27626911016793,165.04076175720607,162.1495881684412,D7_I210,released_monthly_average_weekday,2025-10
PeMS::D7_I210_W::L210W-233,D7_I210_W,L210W-233,2025-10-01,NT,10,measured,False,True,6738.244588744588,115.75,0.01717806447592392,True,False,False,PeMS_average_weekday,490806.78500779514,490171.6726304966,,726.7817895268342,721.4889096083488,,3505.641164049038,3213.129392638046,,136.30512581135432,130.0639918820448,,D7_I210,released_monthly_average_weekday,2025-10
PeMS::D7_I210_W::L210W-233,D7_I210_W,L210W-233,2025-10-01,AM,4,measured,False,True,5089.5,5089.5,1.0,True,False,False,PeMS_average_weekday,351430.044360665,336713.70916030346,,276.3199143152465,260.3365576465784,,3243.9082969237083,3015.8085260361727,,134.78333329908702,131.29760284421425,,D7_I210,released_monthly_average_weekday,2025-10
PeMS::D7_I210_W::L210W-233,D7_I210_W,L210W-233,2025-10-01,MD,6,measured,False,True,8509.261363636362,2748.9772727272725,0.32305709687973666,True,False,False,PeMS_average_weekday,544916.9718349201,632417.5746740146,,670.9297746509146,833.5761976303044,,3957.737689960521,3937.47766135854,,169.30723884004306,179.59464299507087,,D7_I210,released_monthly_average_weekday,2025-10
PeMS::D7_I210_W::L210W-233,D7_I210_W,L210W-233,2025-10-01,PM,4,measured,False,True,5435.045454545454,0.0,0.0,True,True,True,PeMS_average_weekday,366310.22468576266,357143.9949060857,396070.91519519174,488.9197855622066,470.7439280664637,582.9810017340048,2293.708835115527,2223.604400234961,2596.288545915338,103.28686498908417,101.42214706170053,105.09494361885415,D7_I210,released_monthly_average_weekday,2025-10
PeMS::D7_I210_W::L210W-234,D7_I210_W,L210W-234,2025-10-01,NT,10,measured,False,True,5862.441176470588,89.66176470588235,0.015294271107699563,True,False,False,PeMS_average_weekday,492794.97487682884,435047.8423699723,,688.800316329924,573.4273378107155,,3185.548167513554,2708.6394014855996,,135.86467099554665,123.54536791056928,,D7_I210,released_monthly_average_weekday,2025-10
PeMS::D7_I210_W::L210W-234,D7_I210_W,L210W-234,2025-10-01,AM,4,measured,False,True,4118.294117647059,4118.294117647059,1.0,True,False,False,PeMS_average_weekday,320937.0649107917,356269.80542566243,,278.521627148861,338.925349847728,,2958.569334955704,3359.3840986435544,,121.92657820914535,132.35060021069728,,D7_I210,released_monthly_average_weekday,2025-10
PeMS::D7_I210_W::L210W-234,D7_I210_W,L210W-234,2025-10-01,MD,6,measured,False,True,7009.794117647058,1365.6470588235297,0.19481985289489923,True,False,False,PeMS_average_weekday,569298.9300811577,661362.1342761308,,701.9839176491881,871.7274080036918,,4183.9214187755815,4117.6885875174785,,177.88896525649648,187.81435107492794,,D7_I210,released_monthly_average_weekday,2025-10
PeMS::D7_I210_W::L210W-234,D7_I210_W,L210W-234,2025-10-01,PM,4,measured,False,True,4546.10294117647,0.0,0.0,True,True,True,PeMS_average_weekday,388271.97595201485,388271.9759520148,336925.02435067226,511.773059955388,511.7730599553879,444.0937316289782,2417.409466570626,2417.4094665706257,2097.719623964088,110.26190558040173,110.2619055804017,95.6803414192829,D7_I210,released_monthly_average_weekday,2025-10
PeMS::D7_I210_W::L210W-238,D7_I210_W,L210W-238,2025-10-01,NT,10,measured,False,True,2369.728260869565,0.0,0.0,True,True,True,PeMS_average_weekday,382554.9474102748,408564.3401451402,393831.16004384164,549.7957836548334,601.3702070833049,579.6842822535314,2479.261340867171,2678.1843248084156,2581.6067037956277,103.11881489283772,108.40999589951493,104.50063857821472,D7_I210,released_monthly_average_weekday,2025-10
PeMS::D7_I210_W::L210W-238,D7_I210_W,L210W-238,2025-10-01,AM,4,measured,False,True,3029.847826086956,0.0,0.0,True,True,True,PeMS_average_weekday,493701.17923698085,521272.2165687282,503538.10764204606,712.5950992962207,767.2661317268861,741.1631077725974,3206.1302584958594,3416.9968893432106,3300.747848800385,132.7074551869946,138.31632697232368,133.61069193001873,D7_I210,released_monthly_average_weekday,2025-10
PeMS::D7_I210_W::L210W-238,D7_I210_W,L210W-238,2025-10-01,MD,6,measured,False,True,5461.130434782608,0.0,0.0,True,True,True,PeMS_average_weekday,794850.3134927677,794850.3134927677,907599.1411318813,1047.6753470174885,1047.6753470174888,1335.9048497899146,4948.795667348177,4948.795667348178,5949.412501652704,225.72247199144653,225.72247199144655,240.82576353471526,D7_I210,released_monthly_average_weekday,2025-10
PeMS::D7_I210_W::L210W-238,D7_I210_W,L210W-238,2025-10-01,PM,4,measured,False,True,4149.510869565217,0.0,0.0,True,True,True,PeMS_average_weekday,616493.110337972,661315.2294647404,689617.7533772298,798.0396272806115,871.6655837662021,1015.0557217241789,4442.259793215593,4117.396554761818,4520.520455966332,188.82181359567124,187.80103099466177,182.98576373380894,D7_I210,released_monthly_average_weekday,2025-10
PeMS::D7_I210_W::L210W-251,D7_I210_W,L210W-251,2025-10-01,NT,10,measured,False,True,3642.954545454545,0.0,0.0,True,True,True,PeMS_average_weekday,346407.9620159711,338202.6583086209,418411.2496348963,462.0481763239667,445.7777538625146,615.8639781179515,2168.4294215610735,2105.6742655968874,2742.7319028811944,97.71239872755385,96.0431653251088,111.02281183207556,D7_I210,released_monthly_average_weekday,2025-10
PeMS::D7_I210_W::L210W-251,D7_I210_W,L210W-251,2025-10-01,AM,4,measured,False,True,3240.484848484848,0.0,0.0,True,True,True,PeMS_average_weekday,308744.95115800056,297602.9722683568,372185.6251457339,414.3577691078951,392.26416842512043,547.8239887206211,1938.1128806282122,1852.8976774002176,2439.7178344792014,86.78027296006313,84.5136215361468,98.75713108386742,D7_I210,released_monthly_average_weekday,2025-10
PeMS::D7_I210_W::L210W-251,D7_I210_W,L210W-251,2025-10-01,MD,6,measured,False,True,6527.954545454545,1795.0303030303032,0.27497591941417454,True,False,False,PeMS_average_weekday,648465.6354947389,598103.2186390474,,794.2225493380331,756.8068264447683,,4653.382659019102,6489.014821949818,,200.4753670324276,231.03832582591482,,D7_I210,released_monthly_average_weekday,2025-10
PeMS::D7_I210_W::L210W-251,D7_I210_W,L210W-251,2025-10-01,PM,4,measured,False,True,5370.454545454545,4570.757575757575,0.8510932430526167,True,False,False,PeMS_average_weekday,483811.66848127136,464455.9520354449,,481.23460976059175,441.8446178575142,,4485.749466832289,4379.506531360511,,177.03106525058453,172.5406506169612,,D7_I210,released_monthly_average_weekday,2025-10
PeMS::D7_I210_W::L210W-256,D7_I210_W,L210W-256,2025-10-01,NT,10,measured,False,True,2264.9166666666665,0.0,0.0,True,True,True,PeMS_average_weekday,183000.70215767977,183000.7021576798,181986.85665125542,269.36068408187316,269.3606840818732,267.8683940745458,1199.5897923287257,1199.5897923287257,1192.9439231808735,48.55809335556472,48.55809335556472,48.28907578257937,D7_I210,released_monthly_average_weekday,2025-10
PeMS::D7_I210_W::L210W-256,D7_I210_W,L210W-256,2025-10-01,AM,4,measured,False,True,2469.871212121212,0.0,0.0,True,True,True,PeMS_average_weekday,198282.6866406264,199312.6426565546,198455.02699615096,291.32808760131013,293.3704031686005,292.10806953686057,1298.6391336447434,1306.5163619255113,1300.8945966544957,52.67683736207263,52.88636488794551,52.658801928841704,D7_I210,released_monthly_average_weekday,2025-10
PeMS::D7_I210_W::L210W-256,D7_I210_W,L210W-256,2025-10-01,MD,6,measured,False,True,5058.787878787878,421.2348484848485,0.08326794057745299,True,False,False,PeMS_average_weekday,354373.8381906549,358755.41101731826,,465.1855450579676,472.86790147990627,,2280.0285565915283,2233.6371937486483,,101.70635795968803,101.87975879294073,,D7_I210,released_monthly_average_weekday,2025-10
PeMS::D7_I210_W::L210W-256,D7_I210_W,L210W-256,2025-10-01,PM,4,measured,False,True,4240.272727272727,2901.219696969697,0.6842059187159203,True,False,False,PeMS_average_weekday,296715.6994217253,280950.65574409807,,304.29295298974205,267.2729988280903,,2434.099006813194,2649.1752908516846,,103.14845715697555,104.37030405339527,,D7_I210,released_monthly_average_weekday,2025-10
PeMS::D7_I210_W::L210W-291,D7_I210_W,L210W-291,2025-10-01,NT,10,measured,False,True,6394.738636363637,208.3181818181818,0.03257649665829686,True,False,False,PeMS_average_weekday,275866.40506738215,276045.11306958983,,408.9399618613981,406.3137442489991,,2021.9574590865623,1809.506171048384,,77.60303128931062,73.24684666636425,,D7_I210,released_monthly_average_weekday,2025-10
PeMS::D7_I210_W::L210W-291,D7_I210_W,L210W-291,2025-10-01,AM,4,measured,False,True,4475.454545454545,4475.454545454545,1.0,True,False,False,PeMS_average_weekday,210970.5595352501,189307.1099511588,,153.0142032377875,111.31130281457361,,1926.4305912642512,1711.793369037932,,81.96697808270922,75.14027976136697,,D7_I210,released_monthly_average_weekday,2025-10
PeMS::D7_I210_W::L210W-291,D7_I210_W,L210W-291,2025-10-01,MD,6,measured,False,True,8019.295454545454,2571.3522727272725,0.3206456586245108,True,False,False,PeMS_average_weekday,307865.9815761505,356965.57060573495,,379.4186535436403,470.50875077884973,,2225.30979050186,2222.4935176077083,,95.47569104781672,101.3714779313563,,D7_I210,released_monthly_average_weekday,2025-10
PeMS::D7_I210_W::L210W-291,D7_I210_W,L210W-291,2025-10-01,PM,4,measured,False,True,5168.102272727272,0.0,0.0,True,True,True,PeMS_average_weekday,207867.3935441267,203669.6498852648,222068.47479161088,276.7764178506495,268.4526476222076,326.8649550390606,1300.1668550081777,1268.0620033896353,1455.6833521244826,58.69229421083662,57.838332653752815,58.92448281956706,D7_I210,released_monthly_average_weekday,2025-10
PeMS::D7_I210_W::L210W-299,D7_I210_W,L210W-299,2025-10-01,NT,10,measured,False,True,3948.6608695652176,0.0,0.0,True,True,True,PeMS_average_weekday,264832.91167909367,264832.91167909367,264919.1949925276,389.8103855132192,389.8103855132193,389.93738684194307,1736.0089539394346,1736.0089539394344,1736.574550578263,70.27175905510472,70.27175905510472,70.29465379342732,D7_I210,released_monthly_average_weekday,2025-10
PeMS::D7_I210_W::L210W-299,D7_I210_W,L210W-299,2025-10-01,AM,4,measured,False,True,3707.017391304348,3415.0695652173913,0.9212445491160125,True,False,False,PeMS_average_weekday,224251.27749464853,203073.38188993523,,192.81589011541683,157.0100169747039,,2010.8403454612956,1818.8461587796505,,84.34265859632261,79.18610831174196,,D7_I210,released_monthly_average_weekday,2025-10
PeMS::D7_I210_W::L210W-299,D7_I210_W,L210W-299,2025-10-01,MD,6,measured,False,True,6060.304347826088,1392.078260869565,0.22970434832516654,True,False,False,PeMS_average_weekday,358520.17173423374,394488.2426679975,,454.4551043031718,519.9665893259714,,2508.12930617163,2456.112393736819,,108.67234577623,112.0272078843336,,D7_I210,released_monthly_average_weekday,2025-10
PeMS::D7_I210_W::L210W-299,D7_I210_W,L210W-299,2025-10-01,PM,4,measured,False,True,3938.4869565217396,0.0,0.0,True,True,True,PeMS_average_weekday,242320.73789679684,216514.56703265497,264236.6180525386,336.5547122627395,285.3832605959488,388.93269456849197,1545.4041071012875,1348.0353886263126,1732.1001834308393,66.7358853220801,61.486046445666176,70.11353626555147,D7_I210,released_monthly_average_weekday,2025-10
PeMS::D7_I210_W::L210W-301,D7_I210_W,L210W-301,2025-10-01,NT,10,measured,False,True,5042.88947368421,0.0,0.0,True,True,True,PeMS_average_weekday,203143.622347467,208532.38407984076,210166.6357852549,296.2555806234528,306.94103884132335,309.3465113457568,1325.7388821183538,1366.9527841298086,1377.6654843588024,54.23651119499854,55.33276569115307,55.76640417418805,D7_I210,released_monthly_average_weekday,2025-10
PeMS::D7_I210_W::L210W-301,D7_I210_W,L210W-301,2025-10-01,AM,4,measured,False,True,4727.021052631579,4500.533552631578,0.9520866318389013,True,False,False,PeMS_average_weekday,187329.47473058995,188242.03979390557,,139.97055827901448,145.54288498240078,,1680.64064961741,1686.0078254153532,,72.27530785852068,73.402798600274,,D7_I210,released_monthly_average_weekday,2025-10
PeMS::D7_I210_W::L210W-301,D7_I210_W,L210W-301,2025-10-01,MD,6,measured,False,True,7700.727631578947,2266.0184210526318,0.29426029973585893,True,False,False,PeMS_average_weekday,276282.69363117503,213333.05425348456,,330.8299795281115,202.947257796825,,2268.9012365101116,2011.5868907777963,,92.36211147506035,79.25105452452175,,D7_I210,released_monthly_average_weekday,2025-10
PeMS::D7_I210_W::L210W-301,D7_I210_W,L210W-301,2025-10-01,PM,4,measured,False,True,4937.057236842105,2935.2572368421047,0.5945357924834564,True,False,False,PeMS_average_weekday,156511.93801208248,172215.75810572557,,171.81265557934864,217.91232231176147,,1323.2489199501383,1868.424332282001,,53.70046006794231,66.52437103435771,,D7_I210,released_monthly_average_weekday,2025-10
PeMS::D7_I210_W::L210W-305,D7_I210_W,L210W-305,2025-10-01,NT,10,measured,False,True,7103.599231444883,0.0,0.0,True,True,True,PeMS_average_weekday,1111859.97393658,1139541.5446318083,1136603.8493748,1622.4131350084613,1677.303345739414,1672.9793207781872,7258.108542417787,7469.820545808542,7450.563629295493,296.73887369676436,302.37023166773474,301.5907325791624,D7_I210,released_monthly_average_weekday,2025-10
PeMS::D7_I210_W::L210W-305,D7_I210_W,L210W-305,2025-10-01,AM,4,measured,False,True,6092.195652173913,6092.195652173913,1.0,True,False,False,PeMS_average_weekday,758996.3434598653,750788.5429365471,,729.8399559854372,714.2375404853944,,7088.750360243177,7079.429842704049,,280.0997236221606,278.91028870730497,,D7_I210,released_monthly_average_weekday,2025-10
PeMS::D7_I210_W::L210W-305,D7_I210_W,L210W-305,2025-10-01,MD,6,measured,False,True,9054.78804347826,3066.603260869565,0.33867200934408354,True,False,False,PeMS_average_weekday,1292004.2685469063,1198532.5812276953,,1585.4495276222856,1516.5570271525219,,9578.505531773451,13003.26673023616,,405.8936343814519,462.97520626079614,,D7_I210,released_monthly_average_weekday,2025-10
PeMS::D7_I210_W::L210W-305,D7_I210_W,L210W-305,2025-10-01,PM,4,measured,False,True,5735.929347826086,1015.7989130434783,0.1770940420367042,True,False,False,PeMS_average_weekday,848729.6957278394,906173.7318870561,,1095.1234366872206,1194.4083846946141,,5964.684417237346,5641.903339663458,,255.53761453283562,257.3362195913907,,D7_I210,released_monthly_average_weekday,2025-10
PeMS::D7_I405_N::L405N-069,D7_I405_N,L405N-069,2025-10-01,NT,10,measured,False,True,5724.916666666666,0.0,0.0,True,True,True,PeMS_average_weekday,217104.56053014885,226012.3974600612,223206.47451996672,315.00657049814276,332.67005685241014,328.53998896898946,1413.407985243879,1481.536200332302,1463.1430658945003,58.1588258937694,59.970978067201294,59.22644393991565,D7_I405,released_monthly_average_weekday,2025-10
PeMS::D7_I405_N::L405N-069,D7_I405_N,L405N-069,2025-10-01,AM,4,measured,False,True,4963.944444444443,4963.944444444443,1.0,True,False,False,PeMS_average_weekday,166927.0655797498,177852.61742477948,,151.21607323142268,169.19413226727966,,1556.2323569976638,1677.030289347959,,62.986529245062535,66.0704339990008,,D7_I405,released_monthly_average_weekday,2025-10
PeMS::D7_I405_N::L405N-069,D7_I405_N,L405N-069,2025-10-01,MD,6,measured,False,True,7694.736111111111,1340.8888888888887,0.17426054247041173,True,False,False,PeMS_average_weekday,278345.6186148502,304391.33338653104,,352.4128165193068,401.2117632985644,,1888.694909941638,1895.1625057833053,,83.12920867194298,86.44138784176938,,D7_I405,released_monthly_average_weekday,2025-10
PeMS::D7_I405_N::L405N-069,D7_I405_N,L405N-069,2025-10-01,PM,4,measured,False,True,5211.73611111111,1352.1666666666667,0.25944649495662836,True,False,False,PeMS_average_weekday,179785.98550305076,205521.97736648895,,225.05519950776198,270.8941612050027,,1350.4395438993915,1279.5947285555987,,56.63647200660214,58.36435866255228,,D7_I405,released_monthly_average_weekday,2025-10
PeMS::D7_I405_N::L405N-076,D7_I405_N,L405N-076,2025-10-01,NT,10,measured,False,True,5648.529999999999,0.0,0.0,True,True,True,PeMS_average_weekday,140716.5570683402,147605.14845276834,143776.04584477076,203.60209788922174,217.2615913079195,211.6254943653995,914.8832520157737,967.5680327529082,942.4678427089628,37.76473420280457,39.16610424891054,38.15007578718926,D7_I405,released_monthly_average_weekday,2025-10
PeMS::D7_I405_N::L405N-076,D7_I405_N,L405N-076,2025-10-01,AM,4,measured,False,True,5524.139999999999,5404.73,0.9783839656489517,True,False,False,PeMS_average_weekday,121539.28498715507,119205.53435266967,,117.83847913549153,113.402193559437,,1126.6779638919234,1124.027830807076,,44.62183650001991,44.28364059974951,,D7_I405,released_monthly_average_weekday,2025-10
PeMS::D7_I405_N::L405N-076,D7_I405_N,L405N-076,2025-10-01,MD,6,measured,False,True,7799.149999999999,5084.01,0.6518671906553921,True,False,False,PeMS_average_weekday,165673.98231985257,136058.5513346591,,192.63843494882548,129.43474694909634,,1540.7439166337413,1282.9404200898587,,59.320121163489894,50.544364576238124,,D7_I405,released_monthly_average_weekday,2025-10
PeMS::D7_I405_N::L405N-076,D7_I405_N,L405N-076,2025-10-01,PM,4,measured,False,True,5091.86,3510.46,0.6894258679539501,True,False,False,PeMS_average_weekday,107350.1360012792,93638.20207928629,,116.74926685407951,89.07956811247738,,950.5864686886239,882.9451227697773,,37.81424685618265,34.785637343128656,,D7_I405,released_monthly_average_weekday,2025-10
PeMS::D7_I405_N::L405N-098,D7_I405_N,L405N-098,2025-10-01,NT,10,measured,False,True,5576.157894736842,92.66666666666666,0.01661837207912132,True,False,False,PeMS_average_weekday,1096815.9629530334,1124650.8336864116,,1602.9150504570032,1655.3855495811156,,7353.569268778372,7372.210292732986,,296.8837141719469,298.41907452083876,,D7_I405,released_monthly_average_weekday,2025-10
PeMS::D7_I405_N::L405N-098,D7_I405_N,L405N-098,2025-10-01,AM,4,measured,False,True,4582.3859649122805,4582.3859649122805,1.0,True,False,False,PeMS_average_weekday,819412.2796059145,829925.7857353359,,771.6584451088623,789.5221065448682,,7705.642946055057,7825.640694760713,,305.21747801709387,308.3089675286142,,D7_I405,released_monthly_average_weekday,2025-10
PeMS::D7_I405_N::L405N-098,D7_I405_N,L405N-098,2025-10-01,MD,6,measured,False,True,6341.140350877193,6341.140350877193,1.0,True,False,False,PeMS_average_weekday,1121805.1900557876,1189763.1581721727,,1016.3729034637653,1131.8413418102023,,10443.014340750531,11218.664545372205,,422.0018870109259,441.9848825092698,,D7_I405,released_monthly_average_weekday,2025-10
PeMS::D7_I405_N::L405N-098,D7_I405_N,L405N-098,2025-10-01,PM,4,measured,False,True,3791.4385964912276,2801.9736842105267,0.7390265232842231,True,False,False,PeMS_average_weekday,644743.0160921112,554538.6230847489,,703.4896310249396,527.5417505800729,,5476.634366951574,5228.925393351366,,221.9833131962581,206.00544443442624,,D7_I405,released_monthly_average_weekday,2025-10
PeMS::D7_I405_N::L405N-115,D7_I405_N,L405N-115,2025-10-01,NT,10,measured,False,True,5808.804534313725,0.0,0.0,True,True,True,PeMS_average_weekday,867486.127064433,921103.8723295706,880285.104539727,1249.4631588465008,1355.7826075846203,1295.7010281938606,5627.862498629089,6037.937504572818,5770.365978350245,233.50151565961744,244.4091596119291,233.5781545194431,D7_I405,released_monthly_average_weekday,2025-10
PeMS::D7_I405_N::L405N-115,D7_I405_N,L405N-115,2025-10-01,AM,4,measured,False,True,4161.764705882353,0.0,0.0,True,True,True,PeMS_average_weekday,639721.6784138314,646829.2890070393,630687.3398039411,937.9811349780248,952.0749249421174,928.3154178555545,4185.6774851943355,4240.0373513513805,4134.225093452824,170.1861860721418,171.63211195580251,167.34894655204653,D7_I405,released_monthly_average_weekday,2025-10
PeMS::D7_I405_N::L405N-115,D7_I405_N,L405N-115,2025-10-01,MD,6,measured,False,True,7811.245098039217,1892.911764705882,0.24233163099453142,True,False,False,PeMS_average_weekday,1026749.0843432263,1202676.8641893738,,1261.1285389019145,1585.2228773776185,,7335.0838467214835,7487.953333712084,,317.52901583664436,341.53750735636686,,D7_I405,released_monthly_average_weekday,2025-10
PeMS::D7_I405_N::L405N-115,D7_I405_N,L405N-115,2025-10-01,PM,4,measured,False,True,4592.59681372549,4183.651960784314,0.9109556380566657,True,False,False,PeMS_average_weekday,625827.5518033083,588090.9151020563,,514.7821750020387,454.6935876258206,,5640.63185216075,5267.292502797477,,237.7281113993921,229.31922671018913,,D7_I405,released_monthly_average_weekday,2025-10
PeMS::D7_I405_N::L405N-122,D7_I405_N,L405N-122,2025-10-01,NT,10,measured,False,True,5379.474999999999,97.64166666666667,0.01815077989332912,True,False,False,PeMS_average_weekday,880629.9492166617,935801.7876296865,,1268.0155419212697,1377.416625777651,,5712.323062469379,6134.28396092324,,237.08536112499388,248.3091596384878,,D7_I405,released_monthly_average_weekday,2025-10
PeMS::D7_I405_N::L405N-122,D7_I405_N,L405N-122,2025-10-01,AM,4,measured,False,True,3985.2249999999995,0.0,0.0,True,True,True,PeMS_average_weekday,668686.2529147225,676131.3901489712,643916.3965292706,980.4419232265036,995.2049999394596,947.7874074560224,4375.174546348684,4432.115857112296,4220.943019792632,177.8926513832276,179.40724148256328,170.85919412979143,D7_I405,released_monthly_average_weekday,2025-10
PeMS::D7_I405_N::L405N-122,D7_I405_N,L405N-122,2025-10-01,MD,6,measured,False,True,7413.25,4420.75,0.5963308940073517,True,False,False,PeMS_average_weekday,1053342.9702965997,914768.5298149233,,1150.093386479938,870.2344102015286,,8471.078228990566,8625.650577736107,,356.5056794724481,339.8271819028013,,D7_I405,released_monthly_average_weekday,2025-10
PeMS::D7_I405_N::L405N-122,D7_I405_N,L405N-122,2025-10-01,PM,4,measured,False,True,4414.958333333333,4414.958333333333,1.0,True,False,False,PeMS_average_weekday,670084.4738100548,638384.0646211826,,542.7215863913361,493.5786851517446,,6192.8782405263255,5717.747904507252,,258.5886126345091,248.93045664143966,,D7_I405,released_monthly_average_weekday,2025-10
PeMS::D7_I405_N::L405N-129,D7_I405_N,L405N-129,2025-10-01,NT,10,measured,False,True,6440.947368421052,352.8421052631579,0.05478108810407101,True,False,False,PeMS_average_weekday,331829.0798091875,335469.59363713465,,490.9945706113823,493.78127059265205,,2491.072921880361,2199.0401972175396,,94.6154518318364,89.01476143927314,,D7_I405,released_monthly_average_weekday,2025-10
PeMS::D7_I405_N::L405N-129,D7_I405_N,L405N-129,2025-10-01,AM,4,measured,False,True,5117.763157894737,5117.763157894737,1.0,True,False,False,PeMS_average_weekday,248052.84030400455,247924.13954893113,,184.99070363009736,191.68722654214986,,2268.118607252936,2220.5562574997075,,96.06787213058482,96.6751407038546,,D7_I405,released_monthly_average_weekday,2025-10
PeMS::D7_I405_N::L405N-129,D7_I405_N,L405N-129,2025-10-01,MD,6,measured,False,True,8314.407894736842,326.4078947368421,0.03925810459016134,True,False,False,PeMS_average_weekday,376674.2037575304,380501.3581004612,,497.9263965274214,501.5307733059775,,2517.204815837447,2369.029036565629,,109.92950713326394,108.05519692019371,,D7_I405,released_monthly_average_weekday,2025-10
PeMS::D7_I405_N::L405N-129,D7_I405_N,L405N-129,2025-10-01,PM,4,measured,False,True,5096.605263157894,3447.7763157894733,0.6764848635056359,True,False,False,PeMS_average_weekday,223222.47620822303,214602.2279742973,,226.5135771656115,204.15464371837416,,1894.9518637136448,2023.5543433970845,,79.31813342650949,79.7225396213868,,D7_I405,released_monthly_average_weekday,2025-10
PeMS::D7_I405_N::L405N-135,D7_I405_N,L405N-135,2025-10-01,NT,10,measured,False,True,7282.770833333333,0.0,0.0,True,True,True,PeMS_average_weekday,212945.65052356836,215067.36536806155,213319.62336674816,312.3527665759633,316.5599474548033,313.98742737416035,1393.5631754971457,1409.7903074506441,1398.3336658111314,56.635154348294066,57.06678216064659,56.603029736417675,D7_I405,released_monthly_average_weekday,2025-10
PeMS::D7_I405_N::L405N-135,D7_I405_N,L405N-135,2025-10-01,AM,4,measured,False,True,4041.4166666666665,3902.145833333333,0.9655391055116811,True,False,False,PeMS_average_weekday,206996.6692996712,198737.0589127777,,132.89259600785695,116.8560491511668,,1857.7973652846044,1797.0628769134155,,81.0578152820255,78.88324009336013,,D7_I405,released_monthly_average_weekday,2025-10
PeMS::D7_I405_N::L405N-135,D7_I405_N,L405N-135,2025-10-01,MD,6,measured,False,True,7540.4375,6330.458333333333,0.8395346202834163,True,False,False,PeMS_average_weekday,213464.86763305077,201593.07691361467,,172.85603522742088,155.8654912505703,,1855.1554750045302,1805.5876657415902,,79.7382789223936,78.60888056727634,,D7_I405,released_monthly_average_weekday,2025-10
PeMS::D7_I405_N::L405N-135,D7_I405_N,L405N-135,2025-10-01,PM,4,measured,False,True,5472.744318181818,0.0,0.0,True,True,True,PeMS_average_weekday,149417.17567930315,134715.28424887435,160302.14096448728,206.71796595448683,177.56536014159008,235.9504299211844,951.1889699586447,838.7471247093791,1050.7982194721294,41.24745234570149,38.25659556208124,42.535171910671316,D7_I405,released_monthly_average_weekday,2025-10
PeMS::D7_I405_N::L405N-215,D7_I405_N,L405N-215,2025-10-01,NT,10,measured,False,True,4702.112820512821,0.0,0.0,True,True,True,PeMS_average_weekday,196285.65490422508,210018.5993983681,201172.33218520094,281.89734892545323,309.12861501000134,296.10770000795605,1271.6638677160945,1376.6950895105376,1318.7068319573834,52.93338309701688,55.727123643514034,53.37982188936491,D7_I405,released_monthly_average_weekday,2025-10
PeMS::D7_I405_N::L405N-215,D7_I405_N,L405N-215,2025-10-01,AM,4,measured,False,True,4267.96923076923,608.4,0.14255023105926798,True,False,False,PeMS_average_weekday,166237.67120731488,179670.11296461598,,215.18970966784946,236.81936680847542,,1230.1076200022635,1118.6391468905665,,51.61111241008423,51.022917589532504,,D7_I405,released_monthly_average_weekday,2025-10
PeMS::D7_I405_N::L405N-215,D7_I405_N,L405N-215,2025-10-01,MD,6,measured,False,True,5859.548717948717,1802.2666666666667,0.3075777254221031,True,False,False,PeMS_average_weekday,218962.47258016927,257949.2360441641,,267.39990922462954,339.99741938571265,,1610.8580194004053,1606.010641326553,,68.58545026164816,73.25270962319831,,D7_I405,released_monthly_average_weekday,2025-10
PeMS::D7_I405_N::L405N-215,D7_I405_N,L405N-215,2025-10-01,PM,4,measured,False,True,3707.435897435897,2835.994871794872,0.7649477833875096,True,False,False,PeMS_average_weekday,140426.9274875609,136231.66498635677,,140.17317164044795,129.59943282500137,,1205.2742021740112,1284.5727651270038,,50.100146256023294,50.608674532787695,,D7_I405,released_monthly_average_weekday,2025-10
PeMS::D7_I405_N::L405N-217,D7_I405_N,L405N-217,2025-10-01,NT,10,measured,False,True,7891.446153846155,0.0,0.0,True,True,True,PeMS_average_weekday,648390.2268272878,558485.1758676494,698960.7040913368,914.4015734405555,736.1274701649679,1028.8077104653296,4164.773899613638,3477.1691873241693,4581.764528665114,176.88893498547688,158.59923853269086,185.46485735281126,D7_I405,released_monthly_average_weekday,2025-10
PeMS::D7_I405_N::L405N-217,D7_I405_N,L405N-217,2025-10-01,AM,4,measured,False,True,6311.938461538461,0.0,0.0,True,True,True,PeMS_average_weekday,467325.3922819861,464607.3204099728,559060.6417694275,617.7787655079558,612.3890591405205,822.8873175607346,2913.466997097764,2892.678854411801,3664.7041855692,132.4926480007741,131.93970120918289,148.3432495852997,D7_I405,released_monthly_average_weekday,2025-10
PeMS::D7_I405_N::L405N-217,D7_I405_N,L405N-217,2025-10-01,MD,6,measured,False,True,9205.323076923076,0.0,0.0,True,True,True,PeMS_average_weekday,737744.7197519725,737744.7197519726,815333.3335612366,972.4056745729654,972.4056745729654,1200.097824179809,4593.25210136031,4593.252101360311,5344.599953735019,209.50556226026748,209.5055622602675,216.34360775762107,D7_I405,released_monthly_average_weekday,2025-10
PeMS::D7_I405_N::L405N-217,D7_I405_N,L405N-217,2025-10-01,PM,4,measured,False,True,6170.261538461538,0.0,0.0,True,True,True,PeMS_average_weekday,475859.4620411468,475859.4620411468,546512.0416805735,627.2202684739209,627.2202684739209,804.4168993363763,2962.735503830545,2962.735503830545,3582.44672755336,135.13509684666548,135.13509684666548,145.01355692613606,D7_I405,released_monthly_average_weekday,2025-10
PeMS::D7_I405_N::L405N-241,D7_I405_N,L405N-241,2025-10-01,NT,10,measured,False,True,6904.137500000001,0.0,0.0,True,True,True,PeMS_average_weekday,288638.4355664039,308154.5557609259,308794.1293700382,414.8771613922502,453.57597519592565,454.5173704082936,1870.7254608126243,2019.987110387635,2024.1795859567883,77.79665469490254,81.76688673953082,81.93659360214313,D7_I405,released_monthly_average_weekday,2025-10
PeMS::D7_I405_N::L405N-241,D7_I405_N,L405N-241,2025-10-01,AM,4,measured,False,True,4526.65,4389.9,0.9697900213181934,True,False,False,PeMS_average_weekday,276242.7287779638,266986.2864212637,,174.91812621573735,156.98613423892616,,2484.47266289641,2414.2006860592496,,108.5114438120785,105.97290434214568,,D7_I405,released_monthly_average_weekday,2025-10
PeMS::D7_I405_N::L405N-241,D7_I405_N,L405N-241,2025-10-01,MD,6,measured,False,True,8837.449999999999,4210.662499999999,0.47645672677073136,True,False,False,PeMS_average_weekday,348110.6732705789,280097.01082439715,,400.5474175497518,266.46091231767247,,2702.55924193433,2641.125994713033,,113.53152956912513,104.05318366943729,,D7_I405,released_monthly_average_weekday,2025-10
PeMS::D7_I405_N::L405N-241,D7_I405_N,L405N-241,2025-10-01,PM,4,measured,False,True,6417.0,0.0,0.0,True,True,True,PeMS_average_weekday,258647.05841239193,235474.16593940218,287006.44043771364,356.3233895545451,310.3735059625936,422.4478388372218,1643.3083123201986,1466.0792257257408,1881.3588812628236,71.58435624990099,66.87021433306583,76.15536642266358,D7_I405,released_monthly_average_weekday,2025-10
PeMS::D7_I405_N::L405N-273,D7_I405_N,L405N-273,2025-10-01,NT,10,measured,False,True,6267.366666666666,0.0,0.0,True,True,True,PeMS_average_weekday,202085.7515558742,217017.40588967619,205001.50063127984,289.82202668880575,319.4302328837461,301.7438938582497,1308.3739384635646,1422.573038209462,1343.8074535772153,54.54661498550499,57.584213233747654,54.395867820809876,D7_I405,released_monthly_average_weekday,2025-10
PeMS::D7_I405_N::L405N-273,D7_I405_N,L405N-273,2025-10-01,AM,4,measured,False,True,4000.633333333333,0.0,0.0,True,True,True,PeMS_average_weekday,133755.0506156088,133755.0506156088,130858.12278556959,196.8754846753685,196.8754846753685,192.61146572443118,876.7791134082428,876.7791134082427,857.7894318766726,35.49106729095932,35.491067290959315,34.72238558451333,D7_I405,released_monthly_average_weekday,2025-10
PeMS::D7_I405_N::L405N-273,D7_I405_N,L405N-273,2025-10-01,MD,6,measured,False,True,8398.949999999999,3162.683333333333,0.376556990258703,True,False,False,PeMS_average_weekday,260194.59264529296,213631.96161676067,,297.15969827888546,203.23161330809089,,2040.4783315385016,2014.405385715804,,85.2461177721795,79.3620955623378,,D7_I405,released_monthly_average_weekday,2025-10
PeMS::D7_I405_N::L405N-273,D7_I405_N,L405N-273,2025-10-01,PM,4,measured,False,True,5343.883333333333,4890.416666666666,0.9151428580339515,True,False,False,PeMS_average_weekday,220556.8402303151,204354.2608430641,,151.3818685305112,120.15892596965521,,1983.4607507641936,1847.855945484861,,85.63891151228789,81.11283476958073,,D7_I405,released_monthly_average_weekday,2025-10
PeMS::D7_I405_S::L405S-001,D7_I405_S,L405S-001,2025-10-01,NT,10,measured,False,True,5646.34,0.0,0.0,False,True,False,PeMS_average_weekday,,,,,,,,,,,,,D7_I405,released_monthly_average_weekday,2025-10
PeMS::D7_I405_S::L405S-001,D7_I405_S,L405S-001,2025-10-01,AM,4,measured,False,True,5331.66,0.0,0.0,True,True,True,PeMS_average_weekday,220464.22280581735,199355.15070936747,230308.19811181058,304.62330026865766,262.765797727852,338.99309161999014,1402.6443573192882,1241.1996187795896,1509.6956475418403,60.90738817824007,56.61309640127007,61.110841939990195,D7_I405,released_monthly_average_weekday,2025-10
PeMS::D7_I405_S::L405S-001,D7_I405_S,L405S-001,2025-10-01,MD,6,measured,False,True,6507.919999999998,2167.8599999999997,0.33311104008654074,False,False,False,PeMS_average_weekday,,,,,,,,,,,,,D7_I405,released_monthly_average_weekday,2025-10
PeMS::D7_I405_S::L405S-001,D7_I405_S,L405S-001,2025-10-01,PM,4,measured,False,True,3259.2999999999997,2309.1400000000003,0.7084772803976316,False,False,False,PeMS_average_weekday,,,,,,,,,,,,,D7_I405,released_monthly_average_weekday,2025-10
PeMS::D7_I405_S::L405S-061,D7_I405_S,L405S-061,2025-10-01,NT,10,measured,False,True,5874.041666666666,0.0,0.0,True,True,True,PeMS_average_weekday,392574.42723476025,325756.5802837748,405702.6453682877,561.8669749333044,429.3728422806234,597.1580480388967,2539.215063089845,2028.1840816474332,2659.425599827596,106.10170074632074,92.50871430876376,107.65066306367802,D7_I405,released_monthly_average_weekday,2025-10
PeMS::D7_I405_S::L405S-061,D7_I405_S,L405S-061,2025-10-01,AM,4,measured,False,True,4837.916666666666,0.0,0.0,True,True,True,PeMS_average_weekday,302607.4346039066,272485.86223687796,334140.563025968,418.88636562424216,359.1578381870743,491.8250562701455,1926.8901612311888,1696.5167297046848,2190.328254935076,83.5085727996014,77.38083682266608,88.66211146728655,D7_I405,released_monthly_average_weekday,2025-10
PeMS::D7_I405_S::L405S-061,D7_I405_S,L405S-061,2025-10-01,MD,6,measured,False,True,7387.638888888888,3004.3194444444453,0.40666842134947656,True,True,True,PeMS_average_weekday,426444.2726113757,422017.6902550792,511275.93202317687,500.24270137147096,533.9979102474043,665.8964874551606,3174.980725425547,4578.606103176476,3649.2956421562308,135.61812849427386,163.01912042425437,151.11575469860364,D7_I405,released_monthly_average_weekday,2025-10
PeMS::D7_I405_S::L405S-061,D7_I405_S,L405S-061,2025-10-01,PM,4,measured,False,True,4717.638888888889,2990.125,0.6338181175847146,True,True,True,PeMS_average_weekday,270130.2787097152,248283.48424014045,326862.06327086355,286.7059278955246,236.19617906424213,394.8651701983681,2558.5133406854784,2341.145884972226,2439.035257055422,99.58422409789111,92.23478291213847,102.10968124602564,D7_I405,released_monthly_average_weekday,2025-10
PeMS::D7_I405_S::L405S-073,D7_I405_S,L405S-073,2025-10-01,NT,10,measured,False,True,6015.61111111111,0.0,0.0,True,True,True,PeMS_average_weekday,432573.09963818046,455609.6255062421,436693.5353806694,624.9371838933575,670.6166640546808,642.7738693751916,2810.38522236217,2986.571360655652,2862.5743029511664,116.20676815550624,120.893168540761,115.87390216959483,D7_I405,released_monthly_average_weekday,2025-10
PeMS::D7_I405_S::L405S-073,D7_I405_S,L405S-073,2025-10-01,AM,4,measured,False,True,4911.0888888888885,1432.1333333333332,0.29161217924063004,True,False,False,PeMS_average_weekday,327319.11021959083,343281.16313627176,,426.5134226114325,452.47162340917043,,2368.713085167946,2137.293404774485,,98.1659347022285,97.48536474839463,,D7_I405,released_monthly_average_weekday,2025-10
PeMS::D7_I405_S::L405S-073,D7_I405_S,L405S-073,2025-10-01,MD,6,measured,False,True,7339.844444444444,4889.155555555555,0.6661116039395325,True,True,True,PeMS_average_weekday,466328.2826637719,410222.98437712924,538386.5218178995,501.25487128116697,390.2519000437941,598.6732446173366,3881.068639016419,3868.1262055540046,4074.481516402,160.15272095363085,152.39365608788623,171.70389983497026,D7_I405,released_monthly_average_weekday,2025-10
PeMS::D7_I405_S::L405S-073,D7_I405_S,L405S-073,2025-10-01,PM,4,measured,False,True,4500.222222222223,4500.222222222223,1.0,True,True,True,PeMS_average_weekday,280631.52785026625,296565.43310142396,331806.25930186996,256.85670275634993,282.1275944127568,310.0210809078775,2626.5592316035095,2796.4121151887534,2676.9464988389773,105.88192286531151,110.17103463433614,114.59438042702291,D7_I405,released_monthly_average_weekday,2025-10
PeMS::D7_I405_S::L405S-084,D7_I405_S,L405S-084,2025-10-01,NT,10,measured,False,True,7415.25,1354.7333333333331,0.1826955710641358,True,False,False,PeMS_average_weekday,332515.13912513445,347472.76214648655,,431.8424690538136,457.9964812006807,,2296.0524886737385,2163.3906040444463,,97.78499062160309,98.67569967576608,,D7_I405,released_monthly_average_weekday,2025-10
PeMS::D7_I405_S::L405S-084,D7_I405_S,L405S-084,2025-10-01,AM,4,measured,False,True,6377.6,0.0,0.0,True,True,True,PeMS_average_weekday,289667.0815950171,299537.58377778035,264475.61936496437,379.83142102676453,394.81413884102534,348.5997068784894,1976.4300999273205,1864.9427088901928,1646.6443769534606,86.08686025109287,85.06301465436962,75.1060791838913,D7_I405,released_monthly_average_weekday,2025-10
PeMS::D7_I405_S::L405S-084,D7_I405_S,L405S-084,2025-10-01,MD,6,measured,False,True,9590.983333333332,5869.9333333333325,0.6120262260213152,True,False,False,PeMS_average_weekday,419386.7823661184,380388.3770587659,,442.22123996563255,361.86974537069557,,3515.6587908993342,3586.805970473075,,145.7172472398981,141.3104036609282,,D7_I405,released_monthly_average_weekday,2025-10
PeMS::D7_I405_S::L405S-084,D7_I405_S,L405S-084,2025-10-01,PM,4,measured,False,True,5441.266666666666,5441.266666666666,1.0,True,False,False,PeMS_average_weekday,257226.66093526542,268458.8684693868,,183.25218329145102,207.5640396742578,,2311.117670729288,2404.4775202026426,,100.89197093958948,104.6824199115687,,D7_I405,released_monthly_average_weekday,2025-10
PeMS::D7_I405_S::L405S-087,D7_I405_S,L405S-087,2025-10-01,NT,10,measured,False,True,6522.035294117646,1071.7588235294115,0.16432889047626778,True,True,True,PeMS_average_weekday,1101402.349171602,995127.7361358991,1134739.6075029294,1532.5047477541918,1311.6567718286396,1565.3667548896406,7669.247706691995,6195.737418039211,7733.43880168087,311.24021051528075,282.597476197499,316.70667819322756,D7_I405,released_monthly_average_weekday,2025-10
PeMS::D7_I405_S::L405S-087,D7_I405_S,L405S-087,2025-10-01,AM,4,measured,False,True,5067.15294117647,0.0,0.0,True,True,True,PeMS_average_weekday,857479.0995802385,782747.2280390797,882782.3522463912,1188.1261173154335,1031.7225266720384,1299.3767537110741,5779.736770846201,4873.440980008922,5786.735712578093,242.91612790825963,222.28542438518042,234.24078360142164,D7_I405,released_monthly_average_weekday,2025-10
PeMS::D7_I405_S::L405S-087,D7_I405_S,L405S-087,2025-10-01,MD,6,measured,False,True,7555.618716577539,5458.330481283423,0.7224200540066265,True,True,True,PeMS_average_weekday,1175445.1074331026,1159207.422786184,1308637.2055830925,1151.2801101846935,1102.7731660966367,1392.1148578747434,9847.512804980677,10930.544558736206,10081.144778330005,415.8078615893411,430.6337383577661,426.74155024738275,D7_I405,released_monthly_average_weekday,2025-10
PeMS::D7_I405_S::L405S-087,D7_I405_S,L405S-087,2025-10-01,PM,4,measured,False,True,3726.0871657754005,3726.0871657754005,1.0,True,True,True,PeMS_average_weekday,689964.0746997884,670063.5422054055,643905.5386865853,435.65214756603723,393.9928398393214,583.1843392449945,6233.8328676271485,6058.992336194928,5246.803677968892,272.54708209641916,265.96339689616866,225.128313773152,D7_I405,released_monthly_average_weekday,2025-10
PeMS::D7_I405_S::L405S-231,D7_I405_S,L405S-231,2025-10-01,NT,10,measured,False,True,6251.3,0.0,0.0,True,True,True,PeMS_average_weekday,592110.0602544416,633937.9274866652,597548.5438852886,850.1588735976802,933.0999925132639,879.5380709216253,3835.628462693423,4155.533054336523,3916.9966301443733,159.70228153384159,168.21146969155976,158.555774029012,D7_I405,released_monthly_average_weekday,2025-10
PeMS::D7_I405_S::L405S-231,D7_I405_S,L405S-231,2025-10-01,AM,4,measured,False,True,5663.287499999999,0.0,0.0,True,True,True,PeMS_average_weekday,497547.15946251026,463932.70930281415,541341.6728086568,678.154476880235,611.4998685422448,796.8065782836455,3145.5660604387067,2888.478676758751,3548.5543891732523,138.58642862536584,131.74812440012104,143.64163183839017,D7_I405,released_monthly_average_weekday,2025-10
PeMS::D7_I405_S::L405S-231,D7_I405_S,L405S-231,2025-10-01,MD,6,measured,False,True,8933.35,0.0,0.0,True,True,True,PeMS_average_weekday,815428.6153046261,818207.0098350258,853920.0301565505,1074.2439087018975,1078.4613132933641,1256.8939941880412,5125.598137419547,5094.216151809225,5597.540007022578,232.6435292626012,232.35533247653714,226.58234669941848,D7_I405,released_monthly_average_weekday,2025-10
PeMS::D7_I405_S::L405S-231,D7_I405_S,L405S-231,2025-10-01,PM,4,measured,False,True,5934.6125,1856.875,0.3128890049687322,True,False,False,PeMS_average_weekday,517039.6912437865,595903.6998586402,,643.7706708130436,785.4480333473341,,3887.9323139343305,3710.139630012262,,163.14444038328458,169.22539240108782,,D7_I405,released_monthly_average_weekday,2025-10
PeMS::D7_I405_S::L405S-234,D7_I405_S,L405S-234,2025-10-01,NT,10,measured,False,True,4694.157894736842,0.0,0.0,True,True,True,PeMS_average_weekday,334876.8662534823,278594.81570256036,343125.6780771081,478.81246075531647,367.20992023752785,505.0503428848607,2165.0034520658382,1734.5515167957965,2249.2266753846316,90.56531701168984,79.11566419097295,91.04625562804404,D7_I405,released_monthly_average_weekday,2025-10
PeMS::D7_I405_S::L405S-234,D7_I405_S,L405S-234,2025-10-01,AM,4,measured,False,True,4257.989473684211,0.0,0.0,True,True,True,PeMS_average_weekday,280441.782727905,260373.62665391102,311243.37062483706,382.98641145882624,343.1929572502085,458.122434717313,1774.588759799637,1621.1050729972833,2040.2346325963115,78.02372537149958,73.94119075255739,82.58648447195164,D7_I405,released_monthly_average_weekday,2025-10
PeMS::D7_I405_S::L405S-234,D7_I405_S,L405S-234,2025-10-01,MD,6,measured,False,True,7197.473684210527,1283.7473684210527,0.17836082836082837,True,True,True,PeMS_average_weekday,454774.67892854573,508576.08609721414,525803.5039750297,571.9057225253594,670.3433570345358,734.882544431849,3229.799698341979,3166.431576701753,3580.9209110235265,139.1189403198969,144.42599996614638,146.48236982842312,D7_I405,released_monthly_average_weekday,2025-10
PeMS::D7_I405_S::L405S-234,D7_I405_S,L405S-234,2025-10-01,PM,4,measured,False,True,5108.610526315789,4597.957894736842,0.9000407979922443,True,True,True,PeMS_average_weekday,281990.62427399005,273567.7591899835,372326.9725440686,278.76688198455196,260.2495274045066,408.1562771299413,2670.4630727481217,2579.55955326149,2921.379309447745,104.47521598276371,101.62763325909908,123.7362824126302,D7_I405,released_monthly_average_weekday,2025-10
PeMS::D7_I405_S::L405S-336,D7_I405_S,L405S-336,2025-10-01,NT,10,measured,False,True,6383.989473684211,0.0,0.0,True,True,True,PeMS_average_weekday,21128.74877510604,21342.605076606746,21046.82205528522,31.22126037311216,31.414407899761148,30.979041717972837,154.7352589633843,139.90313091553494,137.96424057829609,5.969519165042314,5.663126958211665,5.584642780867109,D7_I405,released_monthly_average_weekday,2025-10
PeMS::D7_I405_S::L405S-336,D7_I405_S,L405S-336,2025-10-01,AM,4,measured,False,True,5462.663157894736,3382.7157894736833,0.6192429757608107,True,True,True,PeMS_average_weekday,15308.204781659853,12843.959019584314,17525.305165808433,17.04012425219768,12.218670338737986,22.117353356017727,128.35814723698257,121.10987526004084,135.1884774938947,5.217516773814621,4.771399819562529,5.400219903330348,D7_I405,released_monthly_average_weekday,2025-10
PeMS::D7_I405_S::L405S-336,D7_I405_S,L405S-336,2025-10-01,MD,6,measured,False,True,8945.157894736842,0.0,0.0,True,True,True,PeMS_average_weekday,29107.487447679356,24989.043293243234,29490.516430677453,41.104054211362694,32.93752818545232,43.40740546913601,187.0819543101196,155.58359490022818,193.3135887656955,7.934245563135553,7.096416179375972,7.8251243468497025,D7_I405,released_monthly_average_weekday,2025-10
PeMS::D7_I405_S::L405S-336,D7_I405_S,L405S-336,2025-10-01,PM,4,measured,False,True,5713.226900584794,1885.7999999999997,0.3300761606032089,True,False,False,PeMS_average_weekday,16573.064133291038,18925.475683204044,,20.61385312204005,24.945268269120778,,119.71505926081434,117.83138343619167,,5.124688918795244,5.374477536600603,,D7_I405,released_monthly_average_weekday,2025-10
PeMS::D7_I405_S::L405S-392,D7_I405_S,L405S-392,2025-10-01,NT,10,measured,False,True,31647.25,5993.099999999999,0.1893719043518789,True,False,False,PeMS_average_weekday,2693966.419349363,2562180.551855206,,3679.672802431305,3377.155865977762,,18721.46854599331,15952.32183814214,,768.7501161693644,727.6108696639874,,D7_I405,released_monthly_average_weekday,2025-10
PeMS::D7_I405_S::L405S-392,D7_I405_S,L405S-392,2025-10-01,AM,4,measured,False,True,25170.799999999996,7144.999999999998,0.283860663943935,True,False,False,PeMS_average_weekday,2081627.8188879625,2081292.4967407915,,2780.066899726595,2743.3075155824854,,15026.675578856815,12958.277949334692,,615.7770289660784,591.0477473893023,,D7_I405,released_monthly_average_weekday,2025-10
PeMS::D7_I405_S::L405S-392,D7_I405_S,L405S-392,2025-10-01,MD,6,measured,False,True,35763.049999999996,26096.699999999997,0.7297112522561694,True,False,False,PeMS_average_weekday,3235596.402595114,2872509.8219095343,,2832.6874855454553,2220.9351698415417,,27204.25635007339,25727.90883282138,,1173.9976636285735,1120.1018654801085,,D7_I405,released_monthly_average_weekday,2025-10
PeMS::D7_I405_S::L405S-392,D7_I405_S,L405S-392,2025-10-01,PM,4,measured,False,True,16940.5,16940.5,1.0,True,False,False,PeMS_average_weekday,2634689.222598475,2634689.222598475,,1549.1794785447632,1549.1794785447632,,23823.952211215754,23823.952211215754,,1045.767828378894,1045.767828378894,,D7_I405,released_monthly_average_weekday,2025-10
PeMS::D7_I405_S::L405S-417,D7_I405_S,L405S-417,2025-10-01,NT,10,measured,False,True,28773.75,0.0,0.0,True,True,True,PeMS_average_weekday,9220749.195303325,9560876.142611828,9241828.071093915,13457.985294554564,14072.75550220017,13603.145245049249,64326.898757504096,62672.597925412265,60581.20261740256,2558.1470499462703,2536.918770365787,2452.2613572574433,D7_I405,released_monthly_average_weekday,2025-10
PeMS::D7_I405_S::L405S-417,D7_I405_S,L405S-417,2025-10-01,AM,4,measured,False,True,22772.799999999996,22772.799999999996,1.0,True,False,False,PeMS_average_weekday,7588801.189965086,7124205.980085054,,5098.2574581680365,4188.985027383486,,68229.06896190687,64420.02394688889,,2962.49352476668,2827.758717352484,,D7_I405,released_monthly_average_weekday,2025-10
PeMS::D7_I405_S::L405S-417,D7_I405_S,L405S-417,2025-10-01,MD,6,measured,False,True,36274.9,19470.75,0.5367554424684837,True,False,False,PeMS_average_weekday,10726175.929559555,9427001.024476299,,11606.38680339627,8968.061765487404,,83017.67291974297,88890.26478593922,,3573.7242252713568,3502.034763472621,,D7_I405,released_monthly_average_weekday,2025-10
PeMS::D7_I405_S::L405S-417,D7_I405_S,L405S-417,2025-10-01,PM,4,measured,False,True,23348.549999999996,0.0,0.0,True,True,True,PeMS_average_weekday,7073577.996102469,8030483.1874560155,7499310.476018584,9922.691831494243,11820.153799286161,11038.315023634199,45322.17653066457,52640.70326265365,49158.80753716683,1936.1720148731047,2130.8385580443946,1989.8951965938836,D7_I405,released_monthly_average_weekday,2025-10
PeMS::D7_I405_S::L405S-425,D7_I405_S,L405S-425,2025-10-01,NT,10,measured,False,True,5403.763157894737,295.2763157894737,0.05464271974209007,True,True,True,PeMS_average_weekday,79618.20878000856,69807.96201197848,83725.82686170911,111.73768743768201,92.0123947666389,120.84104263187709,525.1506147072946,434.62943158847816,555.5739722345218,22.005854551853304,19.824142335413637,22.572775220927802,D7_I405,released_monthly_average_weekday,2025-10
PeMS::D7_I405_S::L405S-425,D7_I405_S,L405S-425,2025-10-01,AM,4,measured,False,True,4867.355263157895,1568.8947368421054,0.32233002359976104,True,False,False,PeMS_average_weekday,69236.23922062851,76330.77312422835,,88.23246743365488,100.60997380705791,,494.69631972007005,475.2409263860157,,20.826396341011574,21.676497456367752,,D7_I405,released_monthly_average_weekday,2025-10
PeMS::D7_I405_S::L405S-425,D7_I405_S,L405S-425,2025-10-01,MD,6,measured,False,True,6896.75,4145.973684210527,0.6011489011796175,True,True,True,PeMS_average_weekday,113400.39341715815,99703.54503604239,105281.98127124886,99.85718515460294,77.08767713846319,121.3249265471802,919.519168611255,893.0043328071814,784.7985583595377,40.354956815326176,38.87824018495845,32.9436373546686,D7_I405,released_monthly_average_weekday,2025-10
PeMS::D7_I405_S::L405S-425,D7_I405_S,L405S-425,2025-10-01,PM,4,measured,False,True,3858.7763157894733,3858.7763157894733,1.0,True,True,True,PeMS_average_weekday,67119.34630168707,63187.637427499234,58262.34246947974,44.89792293526244,37.15390428623887,54.44656017663121,609.1546762104217,571.3688132552052,470.0221622524375,26.33594236380952,25.08060450020647,20.1203780506712,D7_I405,released_monthly_average_weekday,2025-10
