sensor_uid,sensor,corridor,dataset,C_vphpl,vf_mph,vco_ratio,L_mi,lanes,road_order,capacity_source,vf_source,length_source,kc,kj,omega_mph,metadata_capacity_flag,s3_m,s3_kc_vpmpl,s3_vc_mph,fd_fit_accepted,fd_fallback_reason
AZ_I10_W::137,137,AZ_I10_W,I10_monthly_average_weekday,1053.9320316822814,73.14105520230916,0.7,1.2949999999999875,4,143.346,detector_robust_s3,detector_robust_s3,upstream detector milepost spacing; terminal uses adjacent spacing,14.409581988762548,220.0,5.126367473141059,False,5.691782956601729,18.38350972125979,57.3302947947666,True,
AZ_I10_W::139,139,AZ_I10_W,I10_monthly_average_weekday,1592.4124346206372,69.02253302035383,0.7,1.1140000000000043,6,146.823,detector_robust_s3,detector_robust_s3,upstream detector milepost spacing; terminal uses adjacent spacing,23.07090691891959,220.0,8.086222353976936,False,4.274189423202713,31.909802901377677,49.903549687920076,True,
AZ_I10_W::141,141,AZ_I10_W,I10_monthly_average_weekday,947.6240526315789,68.64155652998684,0.7,1.1140000000000043,5,147.937,monthly_average_profile_q995;s3_fallback,monthly_average_profile_speed_q95;s3_fallback,upstream detector milepost spacing; terminal uses adjacent spacing,13.80539866134298,220.0,4.595775284509934,False,4.0,19.523782020838613,48.536910093553445,False,active_parameter_bound
AZ_I10_W::78,78,AZ_I10_W,I10_monthly_average_weekday,1501.6157386990858,64.16137486955441,0.7,1.0400000000000205,5,144.641,detector_robust_s3,detector_robust_s3,upstream detector milepost spacing; terminal uses adjacent spacing,23.403733815741944,220.0,7.638068452895794,False,7.399222966205652,28.226247954060618,53.19926832439888,True,
AZ_I10_W::84,84,AZ_I10_W,I10_monthly_average_weekday,1641.1798271198104,68.79623913843852,0.7,1.141999999999996,5,145.681,detector_robust_s3,detector_robust_s3,upstream detector milepost spacing; terminal uses adjacent spacing,23.85566199072696,220.0,8.367204701275757,False,4.276278914060162,32.98998363290729,49.747821805002175,True,
PeMS::D12_I405_N::L405N-001,L405N-001,D12_I405_N,PeMS_average_weekday,1241.7940873327047,69.5013718528299,0.7,1.0545,8,83.0,detector_robust_s3,detector_robust_s3,released network metadata,17.86718814647602,220.0,6.143456255051623,False,3.702323597266687,25.98202546101886,47.79435264566972,True,
PeMS::D12_I405_N::L405N-002,L405N-002,D12_I405_N,PeMS_average_weekday,1442.7284347826087,71.87369565217391,0.7,0.9681,5,82.0,released_profile_q995;s3_fallback,released_profile_speed_q95;s3_fallback,released network metadata,20.07310771613247,220.0,7.216280002662879,False,4.0,28.38766117113056,50.82237758459025,False,insufficient_two_branch_support
PeMS::D12_I405_N::L405N-016,L405N-016,D12_I405_N,PeMS_average_weekday,1241.0662533816374,67.26942609494725,0.7,0.6301,5,70.0,detector_robust_s3,detector_robust_s3,released network metadata,18.44918747530175,220.0,6.157584967461026,False,3.593071696550208,27.13554866565788,45.73580835504912,True,
PeMS::D12_I405_N::L405N-017,L405N-017,D12_I405_N,PeMS_average_weekday,1326.736956521739,69.23413043478261,0.7,0.6761,4,51.0,released_profile_q995;s3_fallback,released_profile_speed_q95;s3_fallback,released network metadata,19.163047881008676,220.0,6.606040086366565,False,4.0,27.100642209727464,48.955923119988725,False,insufficient_two_branch_support
PeMS::D12_I405_N::L405N-027,L405N-027,D12_I405_N,PeMS_average_weekday,1089.9315953866496,69.52946237146797,0.7,0.2517,8,84.0,detector_robust_s3,detector_robust_s3,released network metadata,15.675823718635751,220.0,5.334325165152073,False,4.339026862288157,21.576698031263863,50.51429063925248,True,
PeMS::D12_I405_N::L405N-063,L405N-063,D12_I405_N,PeMS_average_weekday,1062.3213802487749,70.58477531332669,0.7,0.2336,6,55.0,detector_robust_s3,detector_robust_s3,released network metadata,15.050290597839508,220.0,5.183327087155051,False,4.52238678087947,20.449076525554474,51.9496016810945,True,
PeMS::D12_I405_N::L405N-065,L405N-065,D12_I405_N,PeMS_average_weekday,1201.608494182071,67.72814868372754,0.7,0.292,5,59.0,detector_robust_s3,detector_robust_s3,released network metadata,17.74164092087122,220.0,5.9409583843799005,False,5.860660832836519,22.47619613568661,53.46138140671477,True,
PeMS::D12_I405_N::L405N-071,L405N-071,D12_I405_N,PeMS_average_weekday,1197.6133549776414,69.23271268378657,0.7,0.2896,6,69.0,detector_robust_s3,detector_robust_s3,released network metadata,17.298373970230223,220.0,5.908257266775718,False,4.826366502771093,23.05415589091479,51.947829304372775,True,
PeMS::D12_I405_N::L405N-074,L405N-074,D12_I405_N,PeMS_average_weekday,1413.4757945820145,68.78651884704944,0.7,0.6257,5,73.0,detector_robust_s3,detector_robust_s3,released network metadata,20.548732778946917,220.0,7.08682283284493,False,3.838268384814037,29.487790609126552,47.93427263908134,True,
PeMS::D12_I405_N::L405N-076,L405N-076,D12_I405_N,PeMS_average_weekday,1982.51895652174,70.33521739130434,0.7,0.4548,5,71.0,released_profile_q995;s3_fallback,released_profile_speed_q95;s3_fallback,released network metadata,28.186718262234898,220.0,10.335670911632247,False,4.0,39.86203924524199,49.73450917362129,False,insufficient_two_branch_support
PeMS::D12_I405_N::L405N-080,L405N-080,D12_I405_N,PeMS_average_weekday,1643.3827826086956,71.42543478260869,0.7,0.8345,5,81.0,released_profile_q995;s3_fallback,released_profile_speed_q95;s3_fallback,released network metadata,23.00836932404423,220.0,8.342398999234652,False,4.0,32.538747946152434,50.50540928398011,False,insufficient_two_branch_support
PeMS::D12_I405_N::L405N-086,L405N-086,D12_I405_N,PeMS_average_weekday,1382.18021280416,69.37059910582124,0.7,0.1087,6,87.0,detector_robust_s3,detector_robust_s3,released network metadata,19.924582324793185,220.0,6.908296025891234,False,4.991404330728708,26.303199880763767,52.54798728176739,True,
PeMS::D12_I405_N::L405N-087,L405N-087,D12_I405_N,PeMS_average_weekday,1514.0752173913042,70.35586956521738,0.7,0.0802,6,75.0,released_profile_q995;s3_fallback,released_profile_speed_q95;s3_fallback,released network metadata,21.520240269190484,220.0,7.628360793285856,False,4.0,30.43421565421681,49.74911246584144,False,insufficient_two_branch_support
PeMS::D12_I405_N::L405N-091,L405N-091,D12_I405_N,PeMS_average_weekday,1382.2277914930785,68.48311744677504,0.7,0.2666,8,85.0,detector_robust_s3,detector_robust_s3,released network metadata,20.183482338801877,220.0,6.917485139225254,False,3.397802130748367,30.35198570268108,45.53994605272177,True,
PeMS::D12_I405_N::L405N-095,L405N-095,D12_I405_N,PeMS_average_weekday,1283.7194166158993,71.06854944487148,0.7,0.2392,5,77.0,detector_robust_s3,detector_robust_s3,released network metadata,18.063115494030058,220.0,6.357032890531438,False,3.2205147581225635,27.780363607997348,46.209597351934775,True,
PeMS::D12_I405_N::L405N-100,L405N-100,D12_I405_N,PeMS_average_weekday,1333.1291304347826,70.92021739130435,0.7,0.2206,6,58.0,released_profile_q995;s3_fallback,released_profile_speed_q95;s3_fallback,released network metadata,18.79758945293701,220.0,6.625810927463775,False,4.0,26.583805944264967,50.14816664061543,False,insufficient_two_branch_support
PeMS::D12_I405_N::L405N-110,L405N-110,D12_I405_N,PeMS_average_weekday,4462.077391304348,71.00999999999999,0.7,4.8287,2,86.0,released_profile_q995;s3_fallback,released_profile_speed_q95;s3_fallback,released network metadata,62.837310115537925,220.0,28.391454705850588,True,4.0,88.8653761884378,50.21165253205674,False,capacity_outside_range
PeMS::D12_I405_N::L405N-116,L405N-116,D12_I405_N,PeMS_average_weekday,4603.56652173913,69.59152173913044,0.7,0.0826,2,68.0,released_profile_q995;s3_fallback,released_profile_speed_q95;s3_fallback,released network metadata,66.15125530658717,220.0,29.922678478222487,True,4.0,93.55200242258076,49.20863693483018,False,capacity_outside_range
PeMS::D12_I405_N::L405N-126,L405N-126,D12_I405_N,PeMS_average_weekday,6919.891304347826,69.34478260869565,0.7,0.7053,1,63.0,released_profile_q995;s3_fallback,released_profile_speed_q95;s3_fallback,released network metadata,99.7896459405742,220.0,57.56485253281084,True,4.0,141.1238706735693,49.03416602251566,False,active_parameter_bound;insufficient_two_branch_support;capacity_outside_range
PeMS::D12_I405_N::L405N-134,L405N-134,D12_I405_N,PeMS_average_weekday,4203.766363636364,68.10000000000001,0.7,1.7324,2,72.0,released_profile_q995;s3_fallback,released_profile_speed_q95;s3_fallback,released network metadata,61.72931517821385,220.0,26.560612714665595,True,4.0,87.29843472103337,48.15397179880389,False,insufficient_two_branch_support;capacity_outside_range
PeMS::D12_I405_S::L405S-001,L405S-001,D12_I405_S,PeMS_average_weekday,1506.5916521739132,70.53304347826088,0.7,0.6052,5,43.0,released_profile_q995;s3_fallback,released_profile_speed_q95;s3_fallback,released network metadata,21.360082847385744,220.0,7.584536249158847,False,4.0,30.207718856185835,49.87439334120386,False,insufficient_two_branch_support
PeMS::D12_I405_S::L405S-004,L405S-004,D12_I405_S,PeMS_average_weekday,1216.4675896513102,69.46812089861896,0.7,0.1317,8,26.0,detector_robust_s3,detector_robust_s3,released network metadata,17.511163018596832,220.0,6.007578530183529,False,3.876589630658652,25.0392663791542,48.58239739260289,True,
PeMS::D12_I405_S::L405S-005,L405S-005,D12_I405_S,PeMS_average_weekday,1338.4533869857034,70.2102160286858,0.7,0.0789,7,29.0,detector_robust_s3,detector_robust_s3,released network metadata,19.06351329895996,220.0,6.661076885339886,False,4.124995807856822,26.678230918197208,50.17024521190216,True,
PeMS::D12_I405_S::L405S-020,L405S-020,D12_I405_S,PeMS_average_weekday,1407.0140909090908,71.20727272727272,0.7,0.1603,6,18.0,released_profile_q995;s3_fallback,released_profile_speed_q95;s3_fallback,released network metadata,19.7594155346747,220.0,7.026617978897963,False,4.0,27.944033433702582,50.35114541525445,False,insufficient_two_branch_support
PeMS::D12_I405_S::L405S-024,L405S-024,D12_I405_S,PeMS_average_weekday,1695.191,70.74145833333334,0.7,0.9227,5,39.0,released_profile_q995;s3_fallback,released_profile_speed_q95;s3_fallback,released network metadata,23.96318990219667,220.0,8.647309651459153,False,4.0,33.88906815740853,50.02176489852561,False,insufficient_two_branch_support
PeMS::D12_I405_S::L405S-041,L405S-041,D12_I405_S,PeMS_average_weekday,1193.660652173913,70.39521739130436,0.7,0.1255,6,25.0,released_profile_q995;s3_fallback,released_profile_speed_q95;s3_fallback,released network metadata,16.9565589312515,220.0,5.878843689266235,False,4.0,23.980195611754507,49.7769355804925,False,insufficient_two_branch_support;capacity_outside_range
PeMS::D12_I405_S::L405S-108,L405S-108,D12_I405_S,PeMS_average_weekday,3894.6698113207535,69.1724213836478,0.7,2.6905,2,30.0,released_profile_q995;s3_fallback,released_profile_speed_q95;s3_fallback,released network metadata,56.30379468314296,220.0,23.79205922203311,True,4.0,79.62559005397092,48.91228823147071,False,insufficient_two_branch_support;capacity_outside_range
PeMS::D12_I405_S::L405S-110,L405S-110,D12_I405_S,PeMS_average_weekday,5269.736086956522,68.92385869565217,0.7,4.7156,2,41.0,released_profile_q995;s3_fallback,released_profile_speed_q95;s3_fallback,released network metadata,76.45735724440723,220.0,36.71199015005735,True,4.0,108.1270315582455,48.73652786923905,False,insufficient_two_branch_support;capacity_outside_range
PeMS::D12_I405_S::L405S-112,L405S-112,D12_I405_S,PeMS_average_weekday,3658.832727272727,70.95,0.7,1.0756,2,34.0,released_profile_q995;s3_fallback,released_profile_speed_q95;s3_fallback,released network metadata,51.569171631750905,220.0,21.723058437219287,True,4.0,72.929821921968,50.16922612518555,False,insufficient_two_branch_support
PeMS::D12_I405_S::L405S-114,L405S-114,D12_I405_S,PeMS_average_weekday,2740.2752823930946,66.44048832909807,0.7,0.6413,2,33.0,detector_robust_s3,detector_robust_s3,released network metadata,41.24405691932538,220.0,15.329701688051715,False,8.960615571938613,48.14497404633359,56.91716189847602,True,
PeMS::D12_I405_S::L405S-115,L405S-115,D12_I405_S,PeMS_average_weekday,3329.3212569774114,68.34076074160181,0.7,0.0503,2,32.0,detector_robust_s3,detector_robust_s3,released network metadata,48.716479314089895,220.0,19.43748729384498,False,4.763957328666574,65.17094509024412,51.08597477552616,True,
PeMS::D12_I405_S::L405S-117,L405S-117,D12_I405_S,PeMS_average_weekday,4443.073043478261,70.72152173913044,0.7,0.9296,2,27.0,released_profile_q995;s3_fallback,released_profile_speed_q95;s3_fallback,released network metadata,62.82490724488886,220.0,28.26830234737544,True,4.0,88.84783588055355,50.00766759757097,False,capacity_outside_range
PeMS::D12_I405_S::L405S-132,L405S-132,D12_I405_S,PeMS_average_weekday,4427.844782608695,70.91869565217392,0.7,1.2794,2,31.0,released_profile_q995;s3_fallback,released_profile_speed_q95;s3_fallback,released network metadata,62.43550789943166,220.0,28.101793263056653,True,4.0,88.29714204502876,50.14709060855711,False,capacity_outside_range
PeMS::D12_I5_N::L5N-006,L5N-006,D12_I5_N,PeMS_average_weekday,1288.7645217391305,68.0054347826087,0.7,0.1087,5,75.0,released_profile_q995;s3_fallback,released_profile_speed_q95;s3_fallback,released network metadata,18.950904818988253,220.0,6.41019806917713,False,4.0,26.800626614254828,48.08710409232212,False,insufficient_two_branch_support
PeMS::D12_I5_N::L5N-007,L5N-007,D12_I5_N,PeMS_average_weekday,1404.0931304347826,67.69717391304349,0.7,1.1172,5,72.0,released_profile_q995;s3_fallback,released_profile_speed_q95;s3_fallback,released network metadata,20.740793880677053,220.0,7.046565916728412,False,4.0,29.331912000438383,47.869130741078095,False,insufficient_two_branch_support
PeMS::D12_I5_N::L5N-010,L5N-010,D12_I5_N,PeMS_average_weekday,1051.5545790120077,69.87101816281965,0.7,0.2597,6,127.0,detector_robust_s3,detector_robust_s3,released network metadata,15.049939254664672,220.0,5.130784422253171,False,4.082656013799626,21.135010663297383,49.75415417405563,True,
PeMS::D12_I5_N::L5N-018,L5N-018,D12_I5_N,PeMS_average_weekday,1044.4082608695653,70.27804347826088,0.7,0.2715,4,5.0,released_profile_q995;s3_fallback,released_profile_speed_q95;s3_fallback,released network metadata,14.861089028362496,220.0,5.091224555705891,False,4.0,21.01675365554424,49.69408111200129,False,insufficient_two_branch_support
PeMS::D12_I5_N::L5N-021,L5N-021,D12_I5_N,PeMS_average_weekday,1208.2101818181818,69.03772727272728,0.7,0.3132,5,40.0,released_profile_q995;s3_fallback,released_profile_speed_q95;s3_fallback,released network metadata,17.5007235832845,220.0,5.966491353439962,False,4.0,24.74976064282361,48.81704511225292,False,insufficient_two_branch_support
PeMS::D12_I5_N::L5N-025,L5N-025,D12_I5_N,PeMS_average_weekday,1522.5218181818182,69.38159090909092,0.7,0.3076,5,47.0,released_profile_q995;s3_fallback,released_profile_speed_q95;s3_fallback,released network metadata,21.944175655711657,220.0,7.687336755798495,False,4.0,31.03375082740493,49.06019342132911,False,active_parameter_bound;insufficient_two_branch_support
PeMS::D12_I5_N::L5N-028,L5N-028,D12_I5_N,PeMS_average_weekday,1063.0822888012706,68.50149197511861,0.7,0.0851,6,143.0,detector_robust_s3,detector_robust_s3,released network metadata,15.519111455081994,220.0,5.198932263871423,False,9.53844140505051,17.946765080499606,59.23531533581963,True,
PeMS::D12_I5_N::L5N-034,L5N-034,D12_I5_N,PeMS_average_weekday,1311.203021978022,69.52499999999999,0.7,0.1976,6,158.0,released_profile_q995;s3_fallback,released_profile_speed_q95;s3_fallback,released network metadata,18.859446558475685,220.0,6.518839684704435,False,4.0,26.67128510184691,49.16159896199471,False,insufficient_two_branch_support
PeMS::D12_I5_N::L5N-035,L5N-035,D12_I5_N,PeMS_average_weekday,1115.5700516267907,67.31278267451971,0.7,0.2349,5,164.0,detector_robust_s3,detector_robust_s3,released network metadata,16.572930241510782,220.0,5.483882026866962,False,6.50879504611112,20.506840656612656,54.39989856589941,True,
PeMS::D12_I5_N::L5N-038,L5N-038,D12_I5_N,PeMS_average_weekday,1436.357142857143,71.93249999999999,0.7,0.1858,6,155.0,released_profile_q995;s3_fallback,released_profile_speed_q95;s3_fallback,released network metadata,19.96812487897881,220.0,7.1806412952342376,False,4.0,28.239193019011445,50.86395853770133,False,insufficient_two_branch_support
PeMS::D12_I5_N::L5N-042,L5N-042,D12_I5_N,PeMS_average_weekday,1105.3382608695651,70.35065217391305,0.7,0.0764,8,180.0,released_profile_q995;s3_fallback,released_profile_speed_q95;s3_fallback,released network metadata,15.711840995262856,220.0,5.410681981053704,False,4.0,22.21989862535032,49.74542321307005,False,insufficient_two_branch_support
PeMS::D12_I5_N::L5N-043,L5N-043,D12_I5_N,PeMS_average_weekday,1087.3945222744142,70.51108480368515,0.7,0.064,6,199.0,detector_robust_s3,detector_robust_s3,released network metadata,15.421611017642196,220.0,5.315295167214303,False,6.206669515225583,19.28110177008977,56.39690797967048,True,
PeMS::D12_I5_N::L5N-045,L5N-045,D12_I5_N,PeMS_average_weekday,1060.3743314954677,71.23791508631481,0.7,0.2877,6,204.0,detector_robust_s3,detector_robust_s3,released network metadata,14.884971439867014,220.0,5.169656942931417,False,6.842526576012892,18.22787203515468,58.17323763577043,True,
PeMS::D12_I5_N::L5N-050,L5N-050,D12_I5_N,PeMS_average_weekday,1265.0834375,72.12484375000001,0.7,0.6475,6,52.0,released_profile_q995;s3_fallback,released_profile_speed_q95;s3_fallback,released network metadata,17.540189645124876,220.0,6.248565753778686,False,4.0,24.805574082731724,50.99996610764519,False,insufficient_two_branch_support
PeMS::D12_I5_N::L5N-051,L5N-051,D12_I5_N,PeMS_average_weekday,1770.7671428571427,68.6475,0.7,0.458,3,107.0,released_profile_q995;s3_fallback,released_profile_speed_q95;s3_fallback,released network metadata,25.7950710930062,220.0,9.118033990296798,False,4.0,36.47973938210754,48.54111276150352,False,insufficient_two_branch_support
PeMS::D12_I5_N::L5N-056,L5N-056,D12_I5_N,PeMS_average_weekday,1209.6652173913042,69.3245652173913,0.7,0.4163,5,60.0,released_profile_q995;s3_fallback,released_profile_speed_q95;s3_fallback,released network metadata,17.44930117625661,220.0,5.972160177259802,False,4.0,24.6770383773949,49.01987016802645,False,insufficient_two_branch_support
PeMS::D12_I5_N::L5N-057,L5N-057,D12_I5_N,PeMS_average_weekday,962.1130434782608,70.19999999999999,0.7,0.4548,5,38.0,released_profile_q995;s3_fallback,released_profile_speed_q95;s3_fallback,released network metadata,13.705314009661835,220.0,4.663780062290705,False,4.0,19.38224094904575,49.63889603929563,False,insufficient_two_branch_support
PeMS::D12_I5_N::L5N-061,L5N-061,D12_I5_N,PeMS_average_weekday,1616.533913043478,71.4054347826087,0.7,0.1877,6,104.0,released_profile_q995;s3_fallback,released_profile_speed_q95;s3_fallback,released network metadata,22.63880778773994,220.0,8.190738487761623,False,4.0,32.01610900937946,50.49126714835638,False,insufficient_two_branch_support
PeMS::D12_I5_N::L5N-062,L5N-062,D12_I5_N,PeMS_average_weekday,1233.7345341614907,72.35000000000001,0.7,0.2591,7,56.0,released_profile_q995;s3_fallback,released_profile_speed_q95;s3_fallback,released network metadata,17.05230869608142,220.0,6.079076466624823,False,4.0,24.115606227771007,51.15917561884672,False,active_parameter_bound;insufficient_two_branch_support;capacity_outside_range
PeMS::D12_I5_N::L5N-070,L5N-070,D12_I5_N,PeMS_average_weekday,1507.512,69.20065217391306,0.7,0.3859,5,224.0,released_profile_q995;s3_fallback,released_profile_speed_q95;s3_fallback,released network metadata,21.784650182361936,220.0,7.605425116606458,False,4.0,30.808147739449765,48.93225041470553,False,insufficient_two_branch_support
PeMS::D12_I5_N::L5N-072,L5N-072,D12_I5_N,PeMS_average_weekday,1213.8696894147686,66.61512746928959,0.7,0.3511,4,191.0,detector_robust_s3,detector_robust_s3,released network metadata,18.222132652592727,220.0,6.0158713409573865,False,11.1671526820964,20.63063889236115,58.83820155779203,True,
PeMS::D12_I5_N::L5N-073,L5N-073,D12_I5_N,PeMS_average_weekday,1369.990909090909,68.75136363636364,0.7,0.1435,4,11.0,released_profile_q995;s3_fallback,released_profile_speed_q95;s3_fallback,released network metadata,19.926745254639577,220.0,6.847446505703823,False,4.0,28.180673393065003,48.61455544309494,False,insufficient_two_branch_support
PeMS::D12_I5_N::L5N-074,L5N-074,D12_I5_N,PeMS_average_weekday,1201.2211764705885,69.78882352941176,0.7,0.5617,5,26.0,released_profile_q995;s3_fallback,released_profile_speed_q95;s3_fallback,released network metadata,17.21222848762233,220.0,5.923538522623732,False,4.0,24.34176696586004,49.34815036867834,False,insufficient_two_branch_support
PeMS::D12_I5_N::L5N-079,L5N-079,D12_I5_N,PeMS_average_weekday,1213.282588235294,69.89529411764707,0.7,0.42,5,24.0,released_profile_q995;s3_fallback,released_profile_speed_q95;s3_fallback,released network metadata,17.35857332817155,220.0,5.987337377959581,False,4.0,24.54872982414808,49.42343644361645,False,insufficient_two_branch_support
PeMS::D12_I5_N::L5N-080,L5N-080,D12_I5_N,PeMS_average_weekday,1240.4182114624505,65.17869565217393,0.7,0.3318,4,9.0,released_profile_q995;s3_fallback,released_profile_speed_q95;s3_fallback,released network metadata,19.031037658101376,220.0,6.172187968767973,False,4.0,26.913951562120072,46.088297684546326,False,active_parameter_bound;insufficient_two_branch_support
PeMS::D12_I5_N::L5N-086,L5N-086,D12_I5_N,PeMS_average_weekday,1527.16099378882,71.09391304347828,0.7,0.6133,7,86.0,released_profile_q995;s3_fallback,released_profile_speed_q95;s3_fallback,released network metadata,21.480896583296342,220.0,7.692765922799964,False,4.0,30.37857528003157,50.27098801413024,False,insufficient_two_branch_support
PeMS::D12_I5_N::L5N-090,L5N-090,D12_I5_N,PeMS_average_weekday,1943.7563478260868,71.49391304347826,0.7,0.3766,5,101.0,released_profile_q995;s3_fallback,released_profile_speed_q95;s3_fallback,released network metadata,27.18771801795227,220.0,10.081081598355157,False,4.0,38.44923955096346,50.55383072660484,False,insufficient_two_branch_support;capacity_outside_range
PeMS::D12_I5_N::L5N-095,L5N-095,D12_I5_N,PeMS_average_weekday,805.6273043478261,67.89521739130434,0.7,0.2405,5,15.0,released_profile_q995;s3_fallback,released_profile_speed_q95;s3_fallback,released network metadata,11.865744529614048,220.0,3.870709809527022,False,4.0,16.780696841434548,48.00916862752612,False,insufficient_two_branch_support
PeMS::D12_I5_N::L5N-101,L5N-101,D12_I5_N,PeMS_average_weekday,1116.6655714285714,70.83652777777777,0.7,0.4051,6,247.0,released_profile_q995;s3_fallback,released_profile_speed_q95;s3_fallback,released network metadata,15.76397949560258,220.0,5.4675251146725525,False,4.0,22.29363359965255,50.08898914737591,False,insufficient_two_branch_support
PeMS::D12_I5_N::L5N-106,L5N-106,D12_I5_N,PeMS_average_weekday,1931.589391304348,71.3258695652174,0.7,0.0901,5,100.0,released_profile_q995;s3_fallback,released_profile_speed_q95;s3_fallback,released network metadata,27.081189519017126,220.0,10.01244713508513,False,4.0,38.29858550299013,50.435006043592416,False,active_parameter_bound;insufficient_two_branch_support;capacity_outside_range
PeMS::D12_I5_N::L5N-114,L5N-114,D12_I5_N,PeMS_average_weekday,1298.304,68.31824999999999,0.7,0.1839,5,78.0,released_profile_q995;s3_fallback,released_profile_speed_q95;s3_fallback,released network metadata,19.00376546530393,220.0,6.459344887756522,False,4.0,26.875382857190267,48.308297853797846,False,insufficient_two_branch_support
PeMS::D12_I5_N::L5N-115,L5N-115,D12_I5_N,PeMS_average_weekday,1206.0219130434782,68.14326086956521,0.7,0.3393,5,71.0,released_profile_q995;s3_fallback,released_profile_speed_q95;s3_fallback,released network metadata,17.698329925125776,220.0,5.961502505624968,False,4.0,25.02921821146647,48.18456185303348,False,insufficient_two_branch_support
PeMS::D12_I5_N::L5N-116,L5N-116,D12_I5_N,PeMS_average_weekday,1223.4647826086955,71.80239130434784,0.7,0.6425,6,67.0,released_profile_q995;s3_fallback,released_profile_speed_q95;s3_fallback,released network metadata,17.039331983008918,220.0,6.028088075204166,False,4.0,24.09725438414885,50.771957796714354,False,insufficient_two_branch_support
PeMS::D12_I5_N::L5N-117,L5N-117,D12_I5_N,PeMS_average_weekday,1098.7352999999998,69.32225,0.7,0.6798,5,66.0,released_profile_q995;s3_fallback,released_profile_speed_q95;s3_fallback,released network metadata,15.849677412374811,220.0,5.381991495646067,False,4.0,22.41482875581896,49.01823306210915,False,insufficient_two_branch_support
PeMS::D12_I5_N::L5N-119,L5N-119,D12_I5_N,PeMS_average_weekday,1118.4928695652177,67.82152173913045,0.7,0.2877,5,64.0,released_profile_q995;s3_fallback,released_profile_speed_q95;s3_fallback,released network metadata,16.491710018943586,220.0,5.496055564465372,False,4.0,23.32279997551427,47.95705793212999,False,insufficient_two_branch_support
PeMS::D12_I5_N::L5N-122,L5N-122,D12_I5_N,PeMS_average_weekday,1041.4851,69.26837499999999,0.7,0.43,5,20.0,released_profile_q995;s3_fallback,released_profile_speed_q95;s3_fallback,released network metadata,15.035506463086511,220.0,5.081295213760678,False,4.0,21.263417157245268,48.98013768427272,False,insufficient_two_branch_support
PeMS::D12_I5_N::L5N-125,L5N-125,D12_I5_N,PeMS_average_weekday,921.7721739130436,69.03478260869565,0.7,0.2517,5,17.0,released_profile_q995;s3_fallback,released_profile_speed_q95;s3_fallback,released network metadata,13.35228618213881,220.0,4.460597007743775,False,4.0,18.882984207467576,48.81496292034784,False,insufficient_two_branch_support
PeMS::D12_I5_N::L5N-128,L5N-128,D12_I5_N,PeMS_average_weekday,1143.286877710908,71.77175513891335,0.7,0.3082,6,219.0,detector_robust_s3,detector_robust_s3,released network metadata,15.929481945900449,220.0,5.602410816675733,False,4.207733069812939,22.14551688915769,51.62610940323791,True,
PeMS::D12_I5_N::L5N-129,L5N-129,D12_I5_N,PeMS_average_weekday,1337.3702608695653,68.32173913043476,0.7,0.5157,5,223.0,released_profile_q995;s3_fallback,released_profile_speed_q95;s3_fallback,released network metadata,19.574593356242847,220.0,6.672658338404433,False,4.0,27.68265540233692,48.31076504158872,False,insufficient_two_branch_support
PeMS::D12_I5_N::L5N-130,L5N-130,D12_I5_N,PeMS_average_weekday,1040.1245454545451,70.06045454545455,0.7,0.0746,6,240.0,released_profile_q995;s3_fallback,released_profile_speed_q95;s3_fallback,released network metadata,14.846100445718951,220.0,5.069972092728082,False,4.0,20.995556598688992,49.54022250210279,False,insufficient_two_branch_support
PeMS::D12_I5_N::L5N-131,L5N-131,D12_I5_N,PeMS_average_weekday,1360.045006244457,70.73118574239156,0.7,0.2728,6,170.0,detector_robust_s3,detector_robust_s3,released network metadata,19.22836429178278,220.0,6.77408938492198,False,7.159562562984666,23.33641127049648,58.27995532303294,True,
PeMS::D12_I5_N::L5N-132,L5N-132,D12_I5_N,PeMS_average_weekday,1133.599372822974,68.72198042606713,0.7,0.192,7,173.0,detector_robust_s3,detector_robust_s3,released network metadata,16.49544098983773,220.0,5.570388095169731,False,6.060838510159158,20.734808040922783,54.6713222801808,True,
PeMS::D12_I5_N::L5N-133,L5N-133,D12_I5_N,PeMS_average_weekday,1096.9644349295625,68.99411697406033,0.7,0.3815,6,132.0,detector_robust_s3,detector_robust_s3,released network metadata,15.89939089070431,220.0,5.374625973517497,False,6.41975222227453,19.731628088432775,55.59421807532614,True,
PeMS::D12_I5_N::L5N-134,L5N-134,D12_I5_N,PeMS_average_weekday,1193.0363144200494,71.00246051540262,0.7,0.0982,7,167.0,detector_robust_s3,detector_robust_s3,released network metadata,16.80274607048643,220.0,5.871321050597946,False,3.7915477626265695,24.219785716210705,49.25874771970135,True,
PeMS::D12_I5_N::L5N-135,L5N-135,D12_I5_N,PeMS_average_weekday,1020.4078006357344,68.24928256364005,0.7,0.0472,6,215.0,detector_robust_s3,detector_robust_s3,released network metadata,14.951187211151122,220.0,4.976414087734855,False,5.529506852883805,19.21131075505547,53.11494950271488,True,
PeMS::D12_I5_N::L5N-138,L5N-138,D12_I5_N,PeMS_average_weekday,962.7844457558876,69.70282999503613,0.7,0.2082,7,123.0,detector_robust_s3,detector_robust_s3,released network metadata,13.812702379866815,220.0,4.669465368956251,False,3.38538168941546,20.802702134141555,46.28170126878655,True,
PeMS::D12_I5_N::L5N-140,L5N-140,D12_I5_N,PeMS_average_weekday,1284.441081081081,69.65702702702703,0.7,0.3598,5,113.0,released_profile_q995;s3_fallback,released_profile_speed_q95;s3_fallback,released network metadata,18.439504754957685,220.0,6.372484248560476,False,4.0,26.07739770790433,49.25495616810543,False,insufficient_two_branch_support
PeMS::D12_I5_N::L5N-142,L5N-142,D12_I5_N,PeMS_average_weekday,1098.51,72.25021739130433,0.7,0.1572,6,251.0,released_profile_q995;s3_fallback,released_profile_speed_q95;s3_fallback,released network metadata,15.204244909749034,220.0,5.36392953807026,False,4.0,21.502049357009174,51.08861865959353,False,insufficient_two_branch_support
PeMS::D12_I5_N::L5N-144,L5N-144,D12_I5_N,PeMS_average_weekday,1157.7839130434784,68.90239130434782,0.7,0.2237,6,235.0,released_profile_q995;s3_fallback,released_profile_speed_q95;s3_fallback,released network metadata,16.803247189628685,220.0,5.697846530667513,False,4.0,23.76338006748048,48.72134813127335,False,insufficient_two_branch_support
PeMS::D12_I5_N::L5N-145,L5N-145,D12_I5_N,PeMS_average_weekday,1633.410559006211,69.00478260869565,0.7,0.2896,7,93.0,released_profile_q995;s3_fallback,released_profile_speed_q95;s3_fallback,released network metadata,23.67097608681368,220.0,8.319761013677123,False,4.0,33.47581541658111,48.79374971691224,False,insufficient_two_branch_support
PeMS::D12_I5_N::L5N-146,L5N-146,D12_I5_N,PeMS_average_weekday,1244.292322012775,68.62908541126373,0.7,0.2386,5,221.0,detector_robust_s3,detector_robust_s3,released network metadata,18.13068489192712,220.0,6.163850713748297,False,3.862598666089264,25.958725457007333,47.93349057424116,True,
PeMS::D12_I5_N::L5N-147,L5N-147,D12_I5_N,PeMS_average_weekday,1310.4147368421052,71.70631578947369,0.7,0.4418,6,237.0,released_profile_q995;s3_fallback,released_profile_speed_q95;s3_fallback,released network metadata,18.27474640712849,220.0,6.496037127244499,False,4.0,25.8443942178901,50.70402214864085,False,insufficient_two_branch_support
PeMS::D12_I5_N::L5N-148,L5N-148,D12_I5_N,PeMS_average_weekday,1471.1741739130434,68.38021739130436,0.7,0.6046,5,230.0,released_profile_q995;s3_fallback,released_profile_speed_q95;s3_fallback,released network metadata,21.51461680056207,220.0,7.41200258779161,False,4.0,30.426262868614927,48.3521154164016,False,insufficient_two_branch_support
PeMS::D12_I5_N::L5N-152,L5N-152,D12_I5_N,PeMS_average_weekday,1353.0452631578949,72.35763157894738,0.7,0.4113,6,232.0,released_profile_q995;s3_fallback,released_profile_speed_q95;s3_fallback,released network metadata,18.69941336708382,220.0,6.721516741653888,False,4.0,26.44496399215068,51.16457196007157,False,insufficient_two_branch_support
PeMS::D12_I5_N::L5N-157,L5N-157,D12_I5_N,PeMS_average_weekday,1410.51625,71.83875,0.7,0.0951,6,161.0,released_profile_q995;s3_fallback,released_profile_speed_q95;s3_fallback,released network metadata,19.63447651859198,220.0,7.039715343697251,False,4.0,27.76734298268885,50.7976672769651,False,insufficient_two_branch_support
PeMS::D12_I5_N::L5N-159,L5N-159,D12_I5_N,PeMS_average_weekday,1448.8442709015746,69.79447675150786,0.7,0.5139,5,190.0,detector_robust_s3,detector_robust_s3,released network metadata,20.75872387524237,220.0,7.271807825575063,False,6.145540666511132,26.011633187192448,55.69985784725556,True,
PeMS::D12_I5_N::L5N-161,L5N-161,D12_I5_N,PeMS_average_weekday,1045.6966999303768,70.27219530423932,0.7,0.2287,7,149.0,detector_robust_s3,detector_robust_s3,released network metadata,14.880660770637586,220.0,5.0979917537716375,False,5.136672124562196,19.49083282024697,53.65069361449311,True,
PeMS::D12_I5_N::L5N-162,L5N-162,D12_I5_N,PeMS_average_weekday,1259.8254545454545,67.97886363636364,0.7,0.2541,6,134.0,released_profile_q995;s3_fallback,released_profile_speed_q95;s3_fallback,released network metadata,18.532605388707047,220.0,6.253247365292711,False,4.0,26.20906188681821,48.06831545462834,False,insufficient_two_branch_support
PeMS::D12_I5_N::L5N-163,L5N-163,D12_I5_N,PeMS_average_weekday,1257.3227891963716,71.03119660002716,0.7,1.0445,6,133.0,detector_robust_s3,detector_robust_s3,released network metadata,17.700994061472574,220.0,6.215170377942609,False,3.6805542720686217,25.797420163922887,48.738314963552405,True,
PeMS::D12_I5_N::L5N-165,L5N-165,D12_I5_N,PeMS_average_weekday,1023.726071809192,68.60926782945062,0.7,0.2492,7,129.0,detector_robust_s3,detector_robust_s3,released network metadata,14.921104745702538,220.0,4.991864572606428,False,5.614349888128318,19.10015545429604,53.59778742423449,True,
PeMS::D12_I5_N::L5N-166,L5N-166,D12_I5_N,PeMS_average_weekday,1719.6651538461538,71.96846153846154,0.7,0.2293,5,119.0,released_profile_q995;s3_fallback,released_profile_speed_q95;s3_fallback,released network metadata,23.894704945542383,220.0,8.769090877268816,False,4.0,33.7922158028895,50.88938718540939,False,insufficient_two_branch_support
PeMS::D12_I5_N::L5N-167,L5N-167,D12_I5_N,PeMS_average_weekday,1211.7682608695652,72.09826086956522,0.7,0.3691,6,114.0,released_profile_q995;s3_fallback,released_profile_speed_q95;s3_fallback,released network metadata,16.80717740281982,220.0,5.963637127438485,False,4.0,23.7689382282784,50.98116917262628,False,insufficient_two_branch_support
PeMS::D12_I5_N::L5N-171,L5N-171,D12_I5_N,PeMS_average_weekday,1112.6968695652174,69.25326086956522,0.7,0.2846,5,27.0,released_profile_q995;s3_fallback,released_profile_speed_q95;s3_fallback,released network metadata,16.06706825922496,220.0,5.456190229146502,False,4.0,22.722265839770213,48.96945038015056,False,insufficient_two_branch_support
PeMS::D12_I5_N::L5N-173,L5N-173,D12_I5_N,PeMS_average_weekday,1373.568,69.73022727272728,0.7,0.4461,5,43.0,released_profile_q995;s3_fallback,released_profile_speed_q95;s3_fallback,released network metadata,19.698315260435507,220.0,6.857495990540146,False,4.0,27.8576245972088,49.3067165582246,False,active_parameter_bound;insufficient_two_branch_support;capacity_outside_range
PeMS::D12_I5_N::L5N-174,L5N-174,D12_I5_N,PeMS_average_weekday,1314.993652173913,70.04673913043479,0.7,0.5108,5,48.0,released_profile_q995;s3_fallback,released_profile_speed_q95;s3_fallback,released network metadata,18.77308877612774,220.0,6.534879674771406,False,4.0,26.549156754833977,49.53052423913553,False,insufficient_two_branch_support
PeMS::D12_I5_N::L5N-178,L5N-178,D12_I5_N,PeMS_average_weekday,1139.6321419104645,70.20837579453372,0.7,0.1678,7,137.0,detector_robust_s3,detector_robust_s3,released network metadata,16.232139385272514,220.0,5.592796324564721,False,3.9410518345866983,23.075019927511008,49.388132512585486,True,
PeMS::D12_I5_N::L5N-182,L5N-182,D12_I5_N,PeMS_average_weekday,1115.8630434782608,69.37,0.7,0.3411,4,1.0,released_profile_q995;s3_fallback,released_profile_speed_q95;s3_fallback,released network metadata,16.08567166611303,220.0,5.472214986536697,False,4.0,22.748575030097665,49.05199741091081,False,insufficient_two_branch_support
PeMS::D12_I5_N::L5N-185,L5N-185,D12_I5_N,PeMS_average_weekday,1235.020909090909,67.76931818181818,0.7,0.4847,5,42.0,released_profile_q995;s3_fallback,released_profile_speed_q95;s3_fallback,released network metadata,18.22389456210071,220.0,6.120749066945452,False,4.0,25.77247884898012,47.92014444275242,False,insufficient_two_branch_support
PeMS::D12_I5_N::L5N-186,L5N-186,D12_I5_N,PeMS_average_weekday,1051.3408695652174,68.73021739130435,0.7,0.9035,4,0.0,released_profile_q995;s3_fallback,released_profile_speed_q95;s3_fallback,released network metadata,15.296632390664191,220.0,5.135923662827271,False,4.0,21.63270498551288,48.59960278981689,False,insufficient_two_branch_support
PeMS::D12_I5_N::L5N-187,L5N-187,D12_I5_N,PeMS_average_weekday,1392.6711801242236,71.61434782608696,0.7,0.1268,7,84.0,released_profile_q995;s3_fallback,released_profile_speed_q95;s3_fallback,released network metadata,19.44681788496181,220.0,6.944149005451239,False,4.0,27.501953597912657,50.638990978078176,False,active_parameter_bound;insufficient_two_branch_support;capacity_outside_range
PeMS::D12_I5_N::L5N-188,L5N-188,D12_I5_N,PeMS_average_weekday,1120.2252,71.45799999999998,0.7,0.0659,5,28.0,released_profile_q995;s3_fallback,released_profile_speed_q95;s3_fallback,released network metadata,15.676694002071152,220.0,5.482610975428106,False,4.0,22.170193270901976,50.5284363700283,False,insufficient_two_branch_support
PeMS::D12_I5_N::L5N-190,L5N-190,D12_I5_N,PeMS_average_weekday,1294.1660869565217,71.72804347826087,0.7,0.0597,6,228.0,released_profile_q995;s3_fallback,released_profile_speed_q95;s3_fallback,released network metadata,18.042679323168123,220.0,6.408116737830072,False,4.0,25.516201800372976,50.71938594472178,False,insufficient_two_branch_support
PeMS::D12_I5_N::L5N-191,L5N-191,D12_I5_N,PeMS_average_weekday,1179.9976086956522,70.49336956521739,0.7,0.3188,6,244.0,released_profile_q995;s3_fallback,released_profile_speed_q95;s3_fallback,released network metadata,16.739129026935927,220.0,5.805335788667482,False,4.0,23.672703292205934,49.846339648254606,False,insufficient_two_branch_support
PeMS::D12_I5_N::L5N-192,L5N-192,D12_I5_N,PeMS_average_weekday,1212.1337142857142,69.6923076923077,0.7,0.0876,5,249.0,released_profile_q995;s3_fallback,released_profile_speed_q95;s3_fallback,released network metadata,17.392647114474926,220.0,5.982673861646967,False,4.0,24.59691743485972,49.27990336577016,False,insufficient_two_branch_support
PeMS::D12_I5_N::L5N-209,L5N-209,D12_I5_N,PeMS_average_weekday,1210.394906832298,72.24782608695654,0.7,0.6363,7,58.0,released_profile_q995;s3_fallback,released_profile_speed_q95;s3_fallback,released network metadata,16.753374771103598,220.0,5.955301375701323,False,4.0,23.69284981681395,51.08692775207332,False,active_parameter_bound;insufficient_two_branch_support
PeMS::D12_I5_N::L5N-225,L5N-225,D12_I5_N,PeMS_average_weekday,1318.9084444444445,69.82259259259258,0.7,0.3393,5,118.0,released_profile_q995;s3_fallback,released_profile_speed_q95;s3_fallback,released network metadata,18.88942239856568,220.0,6.558125684757806,False,4.0,26.713677341445702,49.37202870224783,False,insufficient_two_branch_support
PeMS::D12_I5_N::L5N-230,L5N-230,D12_I5_N,PeMS_average_weekday,1119.6629311802133,70.34599963326036,0.7,0.0547,7,179.0,detector_robust_s3,detector_robust_s3,released network metadata,15.916511770639824,220.0,5.48629847958045,False,5.569223444076368,20.41515734650607,54.84468780603529,True,
PeMS::D12_I5_N::L5N-233,L5N-233,D12_I5_N,PeMS_average_weekday,1499.5181517682695,69.62448889262245,0.7,0.1473,5,169.0,detector_robust_s3,detector_robust_s3,released network metadata,21.537223118160107,220.0,7.55566446931783,False,8.286387625387388,25.45928574941439,58.898673219957125,True,
PeMS::D12_I5_N::L5N-235,L5N-235,D12_I5_N,PeMS_average_weekday,1212.8360869565215,72.00847826086957,0.7,0.3517,6,236.0,released_profile_q995;s3_fallback,released_profile_speed_q95;s3_fallback,released network metadata,16.84296233233405,220.0,5.969943748345736,False,4.0,23.81954576092599,50.91768328118496,False,insufficient_two_branch_support
PeMS::D12_I5_N::L5N-238,L5N-238,D12_I5_N,PeMS_average_weekday,966.1995789473684,70.17342105263158,0.7,0.0895,5,241.0,released_profile_q995;s3_fallback,released_profile_speed_q95;s3_fallback,released network metadata,13.768739851270723,220.0,4.685029700398316,False,4.0,19.471938634453966,49.62010188537463,False,insufficient_two_branch_support
PeMS::D12_I5_N::L5N-242,L5N-242,D12_I5_N,PeMS_average_weekday,822.2556720292315,70.90366399118822,0.7,0.1274,7,200.0,detector_robust_s3,detector_robust_s3,released network metadata,11.596800866756617,220.0,3.945504077907744,False,6.381671534426017,14.410539903610498,57.05932446175864,True,
PeMS::D12_I5_N::L5N-248,L5N-248,D12_I5_N,PeMS_average_weekday,905.5869582049376,68.26473482360103,0.7,0.0298,6,213.0,detector_robust_s3,detector_robust_s3,released network metadata,13.265809360352936,220.0,4.380441161682067,False,7.328335589635156,16.028350512730814,56.49907378090207,True,
PeMS::D12_I5_N::L5N-252,L5N-252,D12_I5_N,PeMS_average_weekday,7857.027692307693,71.7075,0.7,0.128,1,256.0,released_profile_q995;s3_fallback,released_profile_speed_q95;s3_fallback,released network metadata,109.57051483188916,220.0,71.14972672693939,True,4.0,154.95610811146005,50.70485951193436,False,active_parameter_bound;insufficient_two_branch_support;capacity_outside_range
PeMS::D12_I5_S::L5S-002,L5S-002,D12_I5_S,PeMS_average_weekday,1432.258956521739,63.57956521739131,0.7,0.092,5,31.0,released_profile_q995;s3_fallback,released_profile_speed_q95;s3_fallback,released network metadata,22.527032885873908,220.0,7.252936832077829,False,4.0,31.8580354272276,44.95754171010975,False,insufficient_two_branch_support;capacity_outside_range
PeMS::D12_I5_S::L5S-005,L5S-005,D12_I5_S,PeMS_average_weekday,1024.2318260869563,68.04478260869566,0.7,0.5207,5,24.0,released_profile_q995;s3_fallback,released_profile_speed_q95;s3_fallback,released network metadata,15.052319763838389,220.0,4.997528271150627,False,4.0,21.287194755196836,48.11492720697316,False,insufficient_two_branch_support
PeMS::D12_I5_S::L5S-009,L5S-009,D12_I5_S,PeMS_average_weekday,1290.144255319149,72.26521276595744,0.7,0.8786,6,19.0,released_profile_q995;s3_fallback,released_profile_speed_q95;s3_fallback,released network metadata,17.852908833154473,220.0,6.382205392479808,False,4.0,25.24782579965748,51.09922199069717,False,insufficient_two_branch_support;capacity_outside_range
PeMS::D12_I5_S::L5S-010,L5S-010,D12_I5_S,PeMS_average_weekday,1291.682608695652,67.7695652173913,0.7,0.2069,7,21.0,released_profile_q995;s3_fallback,released_profile_speed_q95;s3_fallback,released network metadata,19.0599217296465,220.0,6.428197997204751,False,4.0,26.954799807835737,47.92031912328138,False,insufficient_two_branch_support;capacity_outside_range
PeMS::D12_I5_S::L5S-013,L5S-013,D12_I5_S,PeMS_average_weekday,1109.1032608695652,69.05347826086957,0.7,0.2374,4,3.0,released_profile_q995;s3_fallback,released_profile_speed_q95;s3_fallback,released network metadata,16.061511871706237,220.0,5.438420530860511,False,4.0,22.71440792118344,48.82818274277872,False,insufficient_two_branch_support
PeMS::D12_I5_S::L5S-017,L5S-017,D12_I5_S,PeMS_average_weekday,1330.8406956521735,70.85913043478261,0.7,0.197,5,16.0,released_profile_q995;s3_fallback,released_profile_speed_q95;s3_fallback,released network metadata,18.781499116434315,220.0,6.613908213252515,False,4.0,26.56105077215971,50.10497163941686,False,insufficient_two_branch_support
PeMS::D12_I5_S::L5S-022,L5S-022,D12_I5_S,PeMS_average_weekday,1204.0746734693878,70.6707142857143,0.7,0.0286,7,55.0,released_profile_q995;s3_fallback,released_profile_speed_q95;s3_fallback,released network metadata,17.037816663369778,220.0,5.932507493143816,False,4.0,24.09511139856385,49.9717413027256,False,insufficient_two_branch_support
PeMS::D12_I5_S::L5S-028,L5S-028,D12_I5_S,PeMS_average_weekday,1224.976461471531,70.62540543331079,0.7,0.1845,6,56.0,detector_robust_s3,detector_robust_s3,released network metadata,17.344699884636203,220.0,6.044630763538872,False,4.507874898138408,23.589795523006263,51.92823567617854,True,
PeMS::D12_I5_S::L5S-033,L5S-033,D12_I5_S,PeMS_average_weekday,1125.0197758286404,68.35633590125659,0.7,0.4611,5,60.0,detector_robust_s3,detector_robust_s3,released network metadata,16.458163840931668,220.0,5.527216404540221,False,5.168468493107825,21.521299822368764,52.2747131964269,True,
PeMS::D12_I5_S::L5S-035,L5S-035,D12_I5_S,PeMS_average_weekday,1430.8441879328998,71.29601291949618,0.7,0.1939,6,58.0,detector_robust_s3,detector_robust_s3,released network metadata,20.069063182376496,220.0,7.156692259378109,False,6.107199818337836,25.183094971636287,56.81764650232465,True,
PeMS::D12_I5_S::L5S-036,L5S-036,D12_I5_S,PeMS_average_weekday,1615.9940864381035,71.59288433896538,0.7,0.3039,5,63.0,detector_robust_s3,detector_robust_s3,released network metadata,22.571993031974788,220.0,8.18523223353931,False,5.067683611445378,29.67383598908951,54.4585501865102,True,
PeMS::D12_I5_S::L5S-041,L5S-041,D12_I5_S,PeMS_average_weekday,1135.968447204969,71.44891304347826,0.7,0.0255,7,74.0,released_profile_q995;s3_fallback,released_profile_speed_q95;s3_fallback,released network metadata,15.899030493489898,220.0,5.565718036281722,False,4.0,22.484624552476813,50.52201092145145,False,insufficient_two_branch_support
PeMS::D12_I5_S::L5S-045,L5S-045,D12_I5_S,PeMS_average_weekday,1213.6675384615385,69.1952619047619,0.7,0.2604,5,99.0,released_profile_q995;s3_fallback,released_profile_speed_q95;s3_fallback,released network metadata,17.539749183000286,220.0,5.994596635951772,False,4.0,24.80495117522141,48.92843891883633,False,insufficient_two_branch_support
PeMS::D12_I5_S::L5S-048,L5S-048,D12_I5_S,PeMS_average_weekday,864.1163478260869,69.83869565217393,0.7,0.3237,5,7.0,released_profile_q995;s3_fallback,released_profile_speed_q95;s3_fallback,released network metadata,12.373031021795564,220.0,4.161869491611165,False,4.0,17.498108278686317,49.38341528487564,False,insufficient_two_branch_support
PeMS::D12_I5_S::L5S-049,L5S-049,D12_I5_S,PeMS_average_weekday,1147.4882608695652,68.13760869565218,0.7,0.146,6,78.0,released_profile_q995;s3_fallback,released_profile_speed_q95;s3_fallback,released network metadata,16.840747464370377,220.0,5.648220529204404,False,4.0,23.816413464612896,48.18056516253112,False,insufficient_two_branch_support
PeMS::D12_I5_S::L5S-051,L5S-051,D12_I5_S,PeMS_average_weekday,1368.2981739130437,71.01695652173912,0.7,1.2266,5,15.0,released_profile_q995;s3_fallback,released_profile_speed_q95;s3_fallback,released network metadata,19.26720379088889,220.0,6.816515286757798,False,4.0,27.247940910081383,50.216571535751946,False,insufficient_two_branch_support
PeMS::D12_I5_S::L5S-052,L5S-052,D12_I5_S,PeMS_average_weekday,1220.7711801242235,71.71239130434782,0.7,0.6176,7,22.0,released_profile_q995;s3_fallback,released_profile_speed_q95;s3_fallback,released network metadata,17.02315538388984,220.0,6.014337164581835,False,4.0,24.07437721828158,50.70831818640755,False,active_parameter_bound;insufficient_two_branch_support;capacity_outside_range
PeMS::D12_I5_S::L5S-053,L5S-053,D12_I5_S,PeMS_average_weekday,1278.0845217391304,69.30869565217391,0.7,0.4337,5,18.0,released_profile_q995;s3_fallback,released_profile_speed_q95;s3_fallback,released network metadata,18.44046421178094,220.0,6.34097770041517,False,4.0,26.078754584756297,49.00864869084676,False,insufficient_two_branch_support
PeMS::D12_I5_S::L5S-054,L5S-054,D12_I5_S,PeMS_average_weekday,1184.9310559006212,71.93173913043478,0.7,0.3741,7,40.0,released_profile_q995;s3_fallback,released_profile_speed_q95;s3_fallback,released network metadata,16.47299328815017,220.0,5.82198438941436,False,4.0,23.296330520982934,50.86342052167217,False,insufficient_two_branch_support
PeMS::D12_I5_S::L5S-055,L5S-055,D12_I5_S,PeMS_average_weekday,835.5245217391305,68.76456521739131,0.7,0.0628,5,14.0,released_profile_q995;s3_fallback,released_profile_speed_q95;s3_fallback,released network metadata,12.150509773423495,220.0,4.019853600931742,False,4.0,17.18341571132235,48.623890370562,False,insufficient_two_branch_support
PeMS::D12_I5_S::L5S-058,L5S-058,D12_I5_S,PeMS_average_weekday,1629.6552173913044,68.9913043478261,0.7,0.5033,6,35.0,released_profile_q995;s3_fallback,released_profile_speed_q95;s3_fallback,released network metadata,23.621168389210982,220.0,8.298527921895282,False,4.0,33.405376695120815,48.78421914725278,False,active_parameter_bound;insufficient_two_branch_support;capacity_outside_range
PeMS::D12_I5_S::L5S-061,L5S-061,D12_I5_S,PeMS_average_weekday,1343.1318512144524,68.8687955161524,0.7,0.1547,7,59.0,detector_robust_s3,detector_robust_s3,released network metadata,19.50276378653139,220.0,6.6990043183658905,False,5.482669552170507,25.113522274534677,53.4824162270698,True,
PeMS::D12_I5_S::L5S-062,L5S-062,D12_I5_S,PeMS_average_weekday,1057.7472644903955,71.79067806151733,0.7,0.1877,5,72.0,detector_robust_s3,detector_robust_s3,released network metadata,14.733768966271825,220.0,5.153050548858144,False,7.333526489321002,17.79962213843526,59.42526511314922,True,
PeMS::D12_I5_S::L5S-063,L5S-063,D12_I5_S,PeMS_average_weekday,1138.0060714285714,68.34035714285713,0.7,0.3834,4,42.0,released_profile_q995;s3_fallback,released_profile_speed_q95;s3_fallback,released network metadata,16.652035766358512,220.0,5.596348484320366,False,4.0,23.54953482190606,48.32392996442479,False,insufficient_two_branch_support
PeMS::D12_I5_S::L5S-065,L5S-065,D12_I5_S,PeMS_average_weekday,1323.6693913043478,69.20739130434782,0.7,0.2355,5,44.0,released_profile_q995;s3_fallback,released_profile_speed_q95;s3_fallback,released network metadata,19.126127518422887,220.0,6.589554803478717,False,4.0,27.048428932230912,48.93701569953525,False,insufficient_two_branch_support
PeMS::D12_I5_S::L5S-066,L5S-066,D12_I5_S,PeMS_average_weekday,1199.2718533435252,72.07329643192863,0.7,0.4455,6,87.0,detector_robust_s3,detector_robust_s3,released network metadata,16.639614291490144,220.0,5.897273695490145,False,4.765031119370341,22.25834657159135,53.87964687701347,True,
PeMS::D12_I5_S::L5S-067,L5S-067,D12_I5_S,PeMS_average_weekday,1549.7286877470356,61.54086956521739,0.7,0.3231,5,88.0,released_profile_q995;s3_fallback,released_profile_speed_q95;s3_fallback,released network metadata,25.18210578914106,220.0,7.954755357686518,False,4.0,35.612875536117315,43.51596618968204,False,insufficient_two_branch_support
PeMS::D12_I5_S::L5S-068,L5S-068,D12_I5_S,PeMS_average_weekday,927.0070960624874,68.37933608166523,0.7,0.1839,5,94.0,detector_robust_s3,detector_robust_s3,released network metadata,13.55683089633052,220.0,4.490374276307358,False,12.668853580142958,15.124499988267267,61.29175158065438,True,
PeMS::D12_I5_S::L5S-069,L5S-069,D12_I5_S,PeMS_average_weekday,1349.8943478260867,68.3863043478261,0.7,0.233,4,4.0,released_profile_q995;s3_fallback,released_profile_speed_q95;s3_fallback,released network metadata,19.73924984979829,220.0,6.740683567866516,False,4.0,27.915514848655825,48.35641954463492,False,insufficient_two_branch_support
PeMS::D12_I5_S::L5S-071,L5S-071,D12_I5_S,PeMS_average_weekday,962.7130434782608,69.6486956521739,0.7,0.3324,5,8.0,released_profile_q995;s3_fallback,released_profile_speed_q95;s3_fallback,released network metadata,13.822413104274872,220.0,4.669338980891048,False,4.0,19.547844076789115,49.24906499645018,False,insufficient_two_branch_support
PeMS::D12_I5_S::L5S-077,L5S-077,D12_I5_S,PeMS_average_weekday,868.3888695652173,69.70826086956521,0.7,0.2647,5,6.0,released_profile_q995;s3_fallback,released_profile_speed_q95;s3_fallback,released network metadata,12.457474318432723,220.0,4.184149088064907,False,4.0,17.617529134042083,49.29118396559042,False,insufficient_two_branch_support
PeMS::D12_I5_S::L5S-079,L5S-079,D12_I5_S,PeMS_average_weekday,1310.6762637362638,70.78326923076922,0.7,0.4847,7,41.0,released_profile_q995;s3_fallback,released_profile_speed_q95;s3_fallback,released network metadata,18.516752305734386,220.0,6.505137666458047,False,4.0,26.18664224187285,50.051329667630014,False,insufficient_two_branch_support
PeMS::D12_I5_S::L5S-083,L5S-083,D12_I5_S,PeMS_average_weekday,1241.522608695652,72.2036956521739,0.7,0.0404,6,79.0,released_profile_q995;s3_fallback,released_profile_speed_q95;s3_fallback,released network metadata,17.194723863947708,220.0,6.121747088388244,False,4.0,24.31701168965516,51.05572282238181,False,insufficient_two_branch_support
PeMS::D12_I5_S::L5S-084,L5S-084,D12_I5_S,PeMS_average_weekday,1276.5133078038798,70.16313570197848,0.7,0.2778,6,53.0,detector_robust_s3,detector_robust_s3,released network metadata,18.1935042530872,220.0,6.325432207121647,False,5.234142442956657,23.710563930613592,53.837323799613465,True,
PeMS::D12_I5_S::L5S-085,L5S-085,D12_I5_S,PeMS_average_weekday,1402.3826086956522,65.7895652173913,0.7,0.4542,5,30.0,released_profile_q995;s3_fallback,released_profile_speed_q95;s3_fallback,released network metadata,21.31618599487166,220.0,7.058363640328821,False,4.0,30.145639332014927,46.52024769653201,False,insufficient_two_branch_support
PeMS::D12_I5_S::L5S-086,L5S-086,D12_I5_S,PeMS_average_weekday,1471.655899310951,68.62489714542446,0.7,0.3181,4,69.0,detector_robust_s3,detector_robust_s3,released network metadata,21.444926849104554,220.0,7.411827237436237,False,6.734602000763697,26.346478512267858,55.857783749949576,True,
PeMS::D12_I5_S::L5S-091,L5S-091,D12_I5_S,PeMS_average_weekday,1044.7822665123397,71.20613750460755,0.7,0.1168,8,65.0,detector_robust_s3,detector_robust_s3,released network metadata,14.672643442354032,220.0,5.088373434637851,False,14.287842118991584,16.167627218210608,64.62186766253099,True,
PeMS::D12_I5_S::L5S-093,L5S-093,D12_I5_S,PeMS_average_weekday,1529.8403349399375,69.7288582914912,0.7,0.4809,6,39.0,detector_robust_s3,detector_robust_s3,released network metadata,21.939844885236266,220.0,7.724119644627607,False,4.507341383202294,29.84054482646989,51.26717168993848,True,
PeMS::D12_I5_S::L5S-095,L5S-095,D12_I5_S,PeMS_average_weekday,1176.638260869565,72.05782608695652,0.7,0.2256,6,98.0,released_profile_q995;s3_fallback,released_profile_speed_q95;s3_fallback,released network metadata,16.329083525912157,220.0,5.77715405438981,False,4.0,23.092811383468053,50.95257746364786,False,insufficient_two_branch_support
PeMS::D12_I5_S::L5S-096,L5S-096,D12_I5_S,PeMS_average_weekday,1017.427738095238,71.94999999999999,0.7,0.315,6,96.0,released_profile_q995;s3_fallback,released_profile_speed_q95;s3_fallback,released network metadata,14.14076077964195,220.0,4.942346731429198,False,4.0,19.998055676843183,50.87633290637209,False,insufficient_two_branch_support
PeMS::D12_I5_S::L5S-101,L5S-101,D12_I5_S,PeMS_average_weekday,876.4173913043478,72.9204347826087,0.7,0.0541,6,13.0,released_profile_q995;s3_fallback,released_profile_speed_q95;s3_fallback,released network metadata,12.018817412665385,220.0,4.213926377384292,False,4.0,16.997174588677296,51.562533921854,False,insufficient_two_branch_support
PeMS::D12_I5_S::L5S-107,L5S-107,D12_I5_S,PeMS_average_weekday,1045.2711223008305,71.41591523085482,0.7,0.6121,7,90.0,detector_robust_s3,detector_robust_s3,released network metadata,14.63638908668956,220.0,5.089855586645618,False,4.084546662684298,20.55102136145617,50.86224688867562,True,
PeMS::D12_I5_S::L5S-121,L5S-121,D12_I5_S,PeMS_average_weekday,1040.9591304347823,68.04304347826086,0.7,0.2753,6,29.0,released_profile_q995;s3_fallback,released_profile_speed_q95;s3_fallback,released network metadata,15.298538648809256,220.0,5.085255002888757,False,4.0,21.63540084163501,48.113697456049344,False,insufficient_two_branch_support
PeMS::D12_I5_S::L5S-122,L5S-122,D12_I5_S,PeMS_average_weekday,1229.5966956521738,68.06717391304349,0.7,0.7351,5,28.0,released_profile_q995;s3_fallback,released_profile_speed_q95;s3_fallback,released network metadata,18.06445934163502,220.0,6.089055406707274,False,4.0,25.547003397877592,48.13076025011712,False,insufficient_two_branch_support
PeMS::D12_I5_S::L5S-123,L5S-123,D12_I5_S,PeMS_average_weekday,1177.5490434782607,68.27934782608696,0.7,0.2939,5,27.0,released_profile_q995;s3_fallback,released_profile_speed_q95;s3_fallback,released network metadata,17.246049954630113,220.0,5.80777362519824,False,4.0,24.389597743201804,48.280789862821045,False,insufficient_two_branch_support
PeMS::D12_I5_S::L5S-125,L5S-125,D12_I5_S,PeMS_average_weekday,1042.606956521739,68.55934782608698,0.7,0.4666,5,26.0,released_profile_q995;s3_fallback,released_profile_speed_q95;s3_fallback,released network metadata,15.207363978527008,220.0,5.091037337946172,False,4.0,21.50646038637696,48.47877976155329,False,insufficient_two_branch_support
PeMS::D12_I5_S::L5S-130,L5S-130,D12_I5_S,PeMS_average_weekday,1182.770117647059,69.42705882352942,0.7,0.356,5,9.0,released_profile_q995;s3_fallback,released_profile_speed_q95;s3_fallback,released network metadata,17.036154745564534,220.0,5.8274916705698905,False,4.0,24.09276109186413,49.092344091954985,False,insufficient_two_branch_support
PeMS::D12_I5_S::L5S-132,L5S-132,D12_I5_S,PeMS_average_weekday,1001.2629411764706,69.24676470588236,0.7,0.1081,6,10.0,released_profile_q995;s3_fallback,released_profile_speed_q95;s3_fallback,released network metadata,14.459346157603456,220.0,4.871362051539517,False,4.0,20.448603439130107,48.9648568987587,False,insufficient_two_branch_support
PeMS::D12_I5_S::L5S-135,L5S-135,D12_I5_S,PeMS_average_weekday,1409.1986086956522,69.09021739130435,0.7,0.2218,5,81.0,released_profile_q995;s3_fallback,released_profile_speed_q95;s3_fallback,released network metadata,20.396499850541986,220.0,7.059989467321365,False,4.0,28.84500671357728,48.854161231044046,False,insufficient_two_branch_support
PeMS::D12_I5_S::L5S-136,L5S-136,D12_I5_S,PeMS_average_weekday,1123.0567789680308,71.16705867071465,0.7,0.1901,6,91.0,detector_robust_s3,detector_robust_s3,released network metadata,15.780570392326334,220.0,5.499265085234726,False,5.692206872031007,20.13222919416688,55.78402511399113,True,
PeMS::D12_I5_S::L5S-137,L5S-137,D12_I5_S,PeMS_average_weekday,1436.5344583137266,71.33567931554013,0.7,0.1783,6,64.0,detector_robust_s3,detector_robust_s3,released network metadata,20.137671248064844,220.0,7.187619934603696,False,5.576968856686422,25.82045821648225,55.63551375694518,True,
PeMS::D12_I5_S::L5S-142,L5S-142,D12_I5_S,PeMS_average_weekday,1607.1965256759447,70.2060094759031,0.7,0.2386,5,66.0,detector_robust_s3,detector_robust_s3,released network metadata,22.892577682079835,220.0,8.153911744042047,False,6.978609263180744,27.92331007853149,57.557521696241125,True,
PeMS::D12_I5_S::L5S-146,L5S-146,D12_I5_S,PeMS_average_weekday,1325.8168181818182,70.8541304347826,0.7,0.2392,6,48.0,released_profile_q995;s3_fallback,released_profile_speed_q95;s3_fallback,released network metadata,18.71191996918459,220.0,6.58666334329806,False,4.0,26.462650998460795,50.10143610551092,False,active_parameter_bound;insufficient_two_branch_support
PeMS::D12_I5_S::L5S-147,L5S-147,D12_I5_S,PeMS_average_weekday,867.2958260869566,69.14021739130433,0.7,0.1355,5,11.0,released_profile_q995;s3_fallback,released_profile_speed_q95;s3_fallback,released network metadata,12.544013582983544,220.0,4.180625688687368,False,4.0,17.73991413564765,48.88951657010336,False,insufficient_two_branch_support
PeMS::D12_I5_S::L5S-149,L5S-149,D12_I5_S,PeMS_average_weekday,1293.2168421052631,72.25,0.7,0.458,6,80.0,released_profile_q995;s3_fallback,released_profile_speed_q95;s3_fallback,released network metadata,17.89919504643963,220.0,6.398870318217804,False,4.0,25.313284390236245,51.08846494072806,False,insufficient_two_branch_support
PeMS::D12_I5_S::L5S-152,L5S-152,D12_I5_S,PeMS_average_weekday,879.7873043478261,68.42434782608694,0.7,0.3088,5,43.0,released_profile_q995;s3_fallback,released_profile_speed_q95;s3_fallback,released network metadata,12.857810593737296,220.0,4.247262746761461,False,4.0,18.183690124087736,48.383320346093086,False,insufficient_two_branch_support
PeMS::D12_I5_S::L5S-154,L5S-154,D12_I5_S,PeMS_average_weekday,1236.9680952380952,72.18022727272728,0.7,0.1647,6,49.0,released_profile_q995;s3_fallback,released_profile_speed_q95;s3_fallback,released network metadata,17.137215300865,220.0,6.097560462223949,False,4.0,24.235682299791005,51.03912817213164,False,insufficient_two_branch_support
PeMS::D12_I5_S::L5S-156,L5S-156,D12_I5_S,PeMS_average_weekday,1317.7128571428573,71.0190909090909,0.7,0.2734,6,51.0,released_profile_q995;s3_fallback,released_profile_speed_q95;s3_fallback,released network metadata,18.5543470111384,220.0,6.541282165149112,False,4.0,26.239809184128625,50.21808077552208,False,insufficient_two_branch_support
PeMS::D12_I5_S::L5S-158,L5S-158,D12_I5_S,PeMS_average_weekday,1227.6705,71.78099999999999,0.7,0.3163,6,54.0,released_profile_q995;s3_fallback,released_profile_speed_q95;s3_fallback,released network metadata,17.103000794082,220.0,6.050708018377592,False,4.0,24.187295680268576,50.75683186035157,False,insufficient_two_branch_support
PeMS::D12_I5_S::L5S-161,L5S-161,D12_I5_S,PeMS_average_weekday,1311.3309137622778,64.18020451074726,0.7,0.522,5,82.0,detector_robust_s3,detector_robust_s3,released network metadata,20.43201519469589,220.0,6.570848099917403,False,4.991778822961955,26.972519323199226,48.617294441398144,True,
PeMS::D12_I5_S::L5S-165,L5S-165,D12_I5_S,PeMS_average_weekday,1254.2584615384617,69.06653846153846,0.7,0.2212,5,97.0,released_profile_q995;s3_fallback,released_profile_speed_q95;s3_fallback,released network metadata,18.160146569918645,220.0,6.2141268942852514,False,4.0,25.682325573862187,48.83741769923535,False,insufficient_two_branch_support
PeMS::D12_I5_S::L5S-173,L5S-173,D12_I5_S,PeMS_average_weekday,1195.8387755102042,70.98977272727274,0.7,0.3244,7,50.0,released_profile_q995;s3_fallback,released_profile_speed_q95;s3_fallback,released network metadata,16.84522614411454,220.0,5.886343465197189,False,4.0,23.82274727424862,50.19734969034639,False,insufficient_two_branch_support
PeMS::D12_I5_S::L5S-174,L5S-174,D12_I5_S,PeMS_average_weekday,1243.448932645027,71.7991773052975,0.7,0.0963,5,61.0,detector_robust_s3,detector_robust_s3,released network metadata,17.31842869672105,220.0,6.1349876293608085,False,5.187842874566426,22.6235405648267,54.96261423281568,True,
PeMS::D12_I5_S::L5S-178,L5S-178,D12_I5_S,PeMS_average_weekday,1058.188695652174,68.3995652173913,0.7,0.2722,4,1.0,released_profile_q995;s3_fallback,released_profile_speed_q95;s3_fallback,released network metadata,15.470693304686655,220.0,5.173775400454245,False,4.0,21.878864290802504,48.3657963954289,False,insufficient_two_branch_support
PeMS::D12_I5_S::L5S-179,L5S-179,D12_I5_S,PeMS_average_weekday,831.3198260869565,68.60108695652175,0.7,0.2734,5,2.0,released_profile_q995;s3_fallback,released_profile_speed_q95;s3_fallback,released network metadata,12.11817280116616,220.0,3.9990019199312674,False,4.0,17.13768432658994,48.50829378372456,False,insufficient_two_branch_support
PeMS::D12_I5_S::L5S-181,L5S-181,D12_I5_S,PeMS_average_weekday,1094.086814582362,69.6162044120217,0.7,0.4107,4,92.0,detector_robust_s3,detector_robust_s3,released network metadata,15.715979114676196,220.0,5.355714117241382,False,4.935757927505866,20.812328927856598,52.56916793766237,True,
PeMS::D12_I5_S::L5S-185,L5S-185,D12_I5_S,PeMS_average_weekday,1432.9152302351267,72.20558997995316,0.7,0.1864,5,68.0,detector_robust_s3,detector_robust_s3,released network metadata,19.8449348676876,220.0,7.159025574935606,False,3.569973610331385,29.261405312248296,48.96946045292412,True,
PeMS::D12_I5_S::L5S-187,L5S-187,D12_I5_S,PeMS_average_weekday,1323.528,65.691,0.7,0.2206,5,85.0,released_profile_q995;s3_fallback,released_profile_speed_q95;s3_fallback,released network metadata,20.14778280129698,220.0,6.6225334827488185,False,4.0,28.49326768934158,46.4505515629255,False,active_parameter_bound
PeMS::D12_I5_S::L5S-190,L5S-190,D12_I5_S,PeMS_average_weekday,1094.6308695652174,67.57913043478261,0.7,0.6748,4,0.0,released_profile_q995;s3_fallback,released_profile_speed_q95;s3_fallback,released network metadata,16.197764939008696,220.0,5.37104447965269,False,4.0,22.907098856877504,47.78566139712499,False,insufficient_two_branch_support
PeMS::D12_I5_S::L5S-196,L5S-196,D12_I5_S,PeMS_average_weekday,1478.0165238223906,71.96369039654232,0.7,0.1106,5,76.0,detector_robust_s3,detector_robust_s3,released network metadata,20.538364773652653,220.0,7.410029112341078,False,5.107716331895236,26.942537721628803,54.858103534763735,True,
PeMS::D12_I5_S::L5S-197,L5S-197,D12_I5_S,PeMS_average_weekday,1235.4422522967784,61.52069318958189,0.7,0.1734,5,71.0,detector_robust_s3,detector_robust_s3,released network metadata,20.081734912993344,220.0,6.179736762717004,False,7.378355291812698,24.232563503450287,50.98273041235911,True,
PeMS::D12_I5_S::L5S-199,L5S-199,D12_I5_S,PeMS_average_weekday,1431.8921739130433,68.93760869565217,0.7,0.2467,5,17.0,released_profile_q995;s3_fallback,released_profile_speed_q95;s3_fallback,released network metadata,20.77084193962404,220.0,7.187161697883155,False,4.0,29.3744063729242,48.74625058748036,False,insufficient_two_branch_support
PeMS::D12_I5_S::L5S-205,L5S-205,D12_I5_S,PeMS_average_weekday,1155.9636363636364,72.8,0.7,0.2044,6,46.0,released_profile_q995;s3_fallback,released_profile_speed_q95;s3_fallback,released network metadata,15.87862137862138,220.0,5.663118896075135,False,4.0,22.455761705433723,51.477373670380665,False,insufficient_two_branch_support
PeMS::D12_I5_S::L5S-220,L5S-220,D12_I5_S,PeMS_average_weekday,1021.609004590254,68.11883393091487,0.7,0.0298,8,73.0,detector_robust_s3,detector_robust_s3,released network metadata,14.997452916272096,220.0,4.983396641276874,False,6.553001291215893,18.530748618790167,55.13047667995146,True,
PeMS::D12_I5_S::L5S-223,L5S-223,D12_I5_S,PeMS_average_weekday,1127.7990789473686,71.45947368421052,0.7,0.2206,8,57.0,released_profile_q995;s3_fallback,released_profile_speed_q95;s3_fallback,released network metadata,15.782359158300991,220.0,5.522535047898195,False,4.0,22.319626367912484,50.52947842212691,False,insufficient_two_branch_support
PeMS::D12_I5_S::L5S-226,L5S-226,D12_I5_S,PeMS_average_weekday,1372.3507826086957,67.98369565217394,0.7,0.2498,5,77.0,released_profile_q995;s3_fallback,released_profile_speed_q95;s3_fallback,released network metadata,20.186469262131254,220.0,6.868157414269679,False,4.0,28.54797860693363,48.0717322057746,False,insufficient_two_branch_support
PeMS::D12_I5_S::L5S-239,L5S-239,D12_I5_S,PeMS_average_weekday,1205.1883516483515,70.97153846153846,0.7,0.0715,7,47.0,released_profile_q995;s3_fallback,released_profile_speed_q95;s3_fallback,released network metadata,16.98129106080289,220.0,5.936341325120426,False,4.0,24.015172124792446,50.18445611739572,False,insufficient_two_branch_support
PeMS::D12_I5_S::L5S-240,L5S-240,D12_I5_S,PeMS_average_weekday,1028.7044111003995,69.99232511424623,0.7,0.2454,6,95.0,detector_robust_s3,detector_robust_s3,released network metadata,14.697388741140951,220.0,5.010673779513409,False,10.117613594138447,16.85568115433909,61.03012994141648,True,
PeMS::D12_I5_S::L5S-249,L5S-249,D12_I5_S,PeMS_average_weekday,1290.0297902097902,71.7173076923077,0.7,0.0994,6,45.0,released_profile_q995;s3_fallback,released_profile_speed_q95;s3_fallback,released network metadata,17.987705223744157,220.0,6.385897411039252,False,4.0,25.438456683388356,50.71179459767293,False,insufficient_two_branch_support
PeMS::D12_I5_S::L5S-252,L5S-252,D12_I5_S,PeMS_average_weekday,1339.2537081644766,67.85539823865251,0.7,1.3005,6,52.0,detector_robust_s3,detector_robust_s3,released network metadata,19.736877874538752,220.0,6.687470433650077,False,5.748915585082184,25.119112439975577,53.31612378282657,True,
PeMS::D12_I5_S::L5S-260,L5S-260,D12_I5_S,PeMS_average_weekday,1313.9823422371153,70.76238617560196,0.7,0.2169,6,62.0,detector_robust_s3,detector_robust_s3,released network metadata,18.568937725988683,220.0,6.52323592698764,False,10.864992041942193,21.09598912516198,62.28588450824896,True,
PeMS::D12_I5_S::L5S-262,L5S-262,D12_I5_S,PeMS_average_weekday,1571.54239453184,70.57580909049022,0.7,0.1299,5,67.0,detector_robust_s3,detector_robust_s3,released network metadata,22.267437168405035,220.0,7.9478178607854915,False,5.1681464311885845,29.11820579478252,53.97112739732862,True,
PeMS::D12_I5_S::L5S-264,L5S-264,D12_I5_S,PeMS_average_weekday,792.8699340496762,69.516761724338,0.7,0.1255,6,70.0,detector_robust_s3,detector_robust_s3,released network metadata,11.405449770426957,220.0,3.801009821095838,False,5.006355891687437,15.044284707449677,52.702401574270965,True,
PeMS::D12_I5_S::L5S-267,L5S-267,D12_I5_S,PeMS_average_weekday,945.3510714789865,68.36489402379974,0.7,0.1143,5,93.0,detector_robust_s3,detector_robust_s3,released network metadata,13.828019263072116,220.0,4.585254834822774,False,7.597515580706705,16.596033413009945,56.96247096838861,True,
PeMS::D12_I5_S::L5S-272,L5S-272,D12_I5_S,PeMS_average_weekday,1766.3489708981992,69.84211840456094,0.7,0.0547,5,89.0,detector_robust_s3,detector_robust_s3,released network metadata,25.2905984418544,220.0,9.071718965613064,False,3.998561780992053,35.77076611556085,49.37967962978039,True,
PeMS::D12_I5_S::L5S-277,L5S-277,D12_I5_S,PeMS_average_weekday,1188.0766798418972,69.33173913043477,0.7,0.1255,6,75.0,released_profile_q995;s3_fallback,released_profile_speed_q95;s3_fallback,released network metadata,17.136115359903954,220.0,5.856521390930093,False,4.0,24.23412674836608,49.024942890587134,False,insufficient_two_branch_support
PeMS::D12_I5_S::L5S-278,L5S-278,D12_I5_S,PeMS_average_weekday,1107.9578260869564,69.19826086956522,0.7,0.1317,6,12.0,released_profile_q995;s3_fallback,released_profile_speed_q95;s3_fallback,released network metadata,16.01135364045339,220.0,5.431468103053591,False,4.0,22.643473470281013,48.930559507185286,False,insufficient_two_branch_support
PeMS::D12_I5_S::L5S-280,L5S-280,D12_I5_S,PeMS_average_weekday,1675.9260869565217,70.33565217391303,0.7,0.5232,6,38.0,released_profile_q995;s3_fallback,released_profile_speed_q95;s3_fallback,released network metadata,23.82754741240759,220.0,8.543126544274655,False,4.0,33.69724070871475,49.73481661135224,False,insufficient_two_branch_support
PeMS::D7_I10_E::L10E-002,L10E-002,D7_I10_E,PeMS_average_weekday,1244.169,68.40325000000001,0.7,0.11,5,126.0,released_profile_q995;s3_fallback,released_profile_speed_q95;s3_fallback,released network metadata,18.188741032041605,220.0,6.165012826155239,False,4.0,25.72276425000524,48.36840193019872,False,insufficient_two_branch_support
PeMS::D7_I10_E::L10E-028,L10E-028,D7_I10_E,PeMS_average_weekday,1234.555228305983,69.28979315400106,0.7,0.0727,4,96.0,detector_robust_s3,detector_robust_s3,released network metadata,17.817273975145284,220.0,6.106136031394772,False,4.228987322636254,24.72898596594548,49.923406888018,True,
PeMS::D7_I10_E::L10E-069,L10E-069,D7_I10_E,PeMS_average_weekday,1848.9356080667512,65.2200906969684,0.7,0.6462,4,99.0,detector_robust_s3,detector_robust_s3,released network metadata,28.3491725986314,220.0,9.647417823010912,False,3.747585634908432,41.038658163707126,45.05351029488271,True,
PeMS::D7_I10_E::L10E-073,L10E-073,D7_I10_E,PeMS_average_weekday,1386.2952921307287,67.86660972521821,0.7,0.0615,4,101.0,detector_robust_s3,detector_robust_s3,released network metadata,20.42676505786324,220.0,6.946298648376692,False,4.742117452336804,27.36275072191082,50.66359395733732,True,
PeMS::D7_I10_E::L10E-100,L10E-100,D7_I10_E,PeMS_average_weekday,1102.011304347826,71.83760869565218,0.7,0.146,6,133.0,released_profile_q995;s3_fallback,released_profile_speed_q95;s3_fallback,released network metadata,15.340311632819189,220.0,5.3846036468632885,False,4.0,21.69447676216265,50.79686025292136,False,insufficient_two_branch_support
PeMS::D7_I10_E::L10E-106,L10E-106,D7_I10_E,PeMS_average_weekday,1055.6940617529333,68.00856051527317,0.7,0.1609,5,122.0,detector_robust_s3,detector_robust_s3,released network metadata,15.522958488672147,220.0,5.162897770576599,False,4.907965328405035,20.58943705621593,51.27357580834004,True,
PeMS::D7_I10_E::L10E-169,L10E-169,D7_I10_E,PeMS_average_weekday,1463.0038871526417,69.69952645518173,0.7,0.4213,4,91.0,detector_robust_s3,detector_robust_s3,released network metadata,20.99015533618272,220.0,7.351414647974124,False,2.5121145347268348,36.44838489393515,40.13905942362014,True,
PeMS::D7_I10_E::L10E-178,L10E-178,D7_I10_E,PeMS_average_weekday,1229.3266392672722,66.46095403119959,0.7,0.3672,4,137.0,detector_robust_s3,detector_robust_s3,released network metadata,18.496975512722464,220.0,6.100785049729559,False,5.538620404192937,23.75761716848333,51.74452599977438,True,
PeMS::D7_I10_E::L10E-187,L10E-187,D7_I10_E,PeMS_average_weekday,1427.4225809488755,69.56088838748884,0.7,0.2367,4,90.0,detector_robust_s3,detector_robust_s3,released network metadata,20.52047657869779,220.0,7.155734866751956,False,2.5574910154185897,35.28562758438033,40.45337092376796,True,
PeMS::D7_I10_E::L10E-214,L10E-214,D7_I10_E,PeMS_average_weekday,1330.0828675075054,68.96647498221901,0.7,0.0889,4,95.0,detector_robust_s3,detector_robust_s3,released network metadata,19.285933750426253,220.0,6.626754628415736,False,3.9121568182709714,27.48750473994341,48.38863622185022,True,
PeMS::D7_I10_E::L10E-216,L10E-216,D7_I10_E,PeMS_average_weekday,1202.5874356368074,71.13942841022958,0.7,0.2672,5,118.0,detector_robust_s3,detector_robust_s3,released network metadata,16.90465417717469,220.0,5.921294900996456,False,3.148017322873657,26.257708570198098,45.79940524595953,True,
PeMS::D7_I10_E::L10E-217,L10E-217,D7_I10_E,PeMS_average_weekday,1352.099441247501,69.7552424464421,0.7,0.1118,4,97.0,detector_robust_s3,detector_robust_s3,released network metadata,19.383481353184887,220.0,6.739721386691338,False,3.001874114828601,30.76048317256224,43.95572831747807,True,
PeMS::D7_I10_E::L10E-221,L10E-221,D7_I10_E,PeMS_average_weekday,1416.4074156640904,69.76447644752635,0.7,0.115,4,100.0,detector_robust_s3,detector_robust_s3,released network metadata,20.302702575707677,220.0,7.092772080208385,False,3.016960997702496,32.14491484242293,44.063187680149056,True,
PeMS::D7_I10_E::L10E-222,L10E-222,D7_I10_E,PeMS_average_weekday,1253.9108924068198,69.50976829038417,0.7,0.0684,4,98.0,detector_robust_s3,detector_robust_s3,released network metadata,18.03934789666509,220.0,6.208689065656441,False,2.630426754636624,30.556516581242693,41.03579310399997,True,
PeMS::D7_I10_E::L10E-233,L10E-233,D7_I10_E,PeMS_average_weekday,1662.8078540463,71.53006689468943,0.7,0.3766,5,92.0,detector_robust_s3,detector_robust_s3,released network metadata,23.24627847048401,220.0,8.451214244488149,False,2.8640260691644257,37.71968002252265,44.08329691697881,True,
PeMS::D7_I10_E::L10E-258,L10E-258,D7_I10_E,PeMS_average_weekday,1310.719304347826,72.58108695652174,0.7,0.1255,5,131.0,released_profile_q995;s3_fallback,released_profile_speed_q95;s3_fallback,released network metadata,18.05868938189072,220.0,6.490595214698413,False,4.0,25.538843442552853,51.322578772847,False,insufficient_two_branch_support
PeMS::D7_I10_E::L10E-303,L10E-303,D7_I10_E,PeMS_average_weekday,6372.522666666667,69.1278888888889,0.7,0.5543,1,124.0,released_profile_q995;s3_fallback,released_profile_speed_q95;s3_fallback,released network metadata,92.18454040900036,220.0,49.85721357227276,True,4.0,130.36862728753894,48.88079900244354,False,capacity_outside_range
PeMS::D7_I10_E::L10E-304,L10E-304,D7_I10_E,PeMS_average_weekday,1513.8328349530211,67.86650512480273,0.7,0.1802,4,125.0,detector_robust_s3,detector_robust_s3,released network metadata,22.30603789261237,220.0,7.657456094337901,False,4.008993964454153,31.52098360425712,48.02619277237808,True,
PeMS::D7_I10_E::L10E-308,L10E-308,D7_I10_E,PeMS_average_weekday,6106.502608695652,69.17804347826088,0.7,0.5263,1,123.0,released_profile_q995;s3_fallback,released_profile_speed_q95;s3_fallback,released network metadata,88.27226532670896,220.0,46.357000094482,True,4.0,124.83583480642812,48.91626365269609,False,capacity_outside_range
PeMS::D7_I10_E::L10E-311,L10E-311,D7_I10_E,PeMS_average_weekday,6515.966086956521,70.05652173913042,0.7,0.028,1,127.0,released_profile_q995;s3_fallback,released_profile_speed_q95;s3_fallback,released network metadata,93.01012846769692,220.0,51.31091171549867,True,4.0,131.53618511708086,49.537441588081904,False,capacity_outside_range
PeMS::D7_I10_E::L10E-326,L10E-326,D7_I10_E,PeMS_average_weekday,1184.4052636924334,68.11886697127713,0.7,0.5114,5,143.0,detector_robust_s3,detector_robust_s3,released network metadata,17.387330652341113,220.0,5.84566240356933,False,4.269485481876428,24.057337495757665,49.23259957180609,True,
PeMS::D7_I10_E::L10E-331,L10E-331,D7_I10_E,PeMS_average_weekday,5029.729090909091,68.2165909090909,0.7,0.5195,1,141.0,released_profile_q995;s3_fallback,released_profile_speed_q95;s3_fallback,released network metadata,73.73175680402996,220.0,34.38702059318689,True,4.0,104.27245044985388,48.236414021246766,False,capacity_outside_range
PeMS::D7_I10_E::L10E-333,L10E-333,D7_I10_E,PeMS_average_weekday,4757.185714285714,68.55666666666667,0.7,0.1566,1,140.0,released_profile_q995;s3_fallback,released_profile_speed_q95;s3_fallback,released network metadata,69.3905632462544,220.0,31.58623932751282,True,4.0,98.133075643561,48.47688389554575,False,capacity_outside_range
PeMS::D7_I10_E::L10E-337,L10E-337,D7_I10_E,PeMS_average_weekday,6020.026956521739,70.70782608695652,0.7,0.5126,1,139.0,released_profile_q995;s3_fallback,released_profile_speed_q95;s3_fallback,released network metadata,85.13947167769388,220.0,44.63890977895581,True,4.0,120.40539553987468,49.99798330904602,False,capacity_outside_range
PeMS::D7_I10_E::L10E-349,L10E-349,D7_I10_E,PeMS_average_weekday,1137.8021127147088,68.57092217078552,0.7,0.1069,6,119.0,detector_robust_s3,detector_robust_s3,released network metadata,16.593070017067184,220.0,5.593723443002546,False,3.462130797056958,24.764264293030237,45.9453226331031,True,
PeMS::D7_I10_E::L10E-351,L10E-351,D7_I10_E,PeMS_average_weekday,5912.872173913043,69.81641304347826,0.7,0.8836,1,121.0,released_profile_q995;s3_fallback,released_profile_speed_q95;s3_fallback,released network metadata,84.6917209887422,220.0,43.69926376360966,True,4.0,119.77218044299732,49.36765910116441,False,capacity_outside_range
PeMS::D7_I10_W::L10W-001,L10W-001,D7_I10_W,PeMS_average_weekday,1161.2409841190126,66.51032340696449,0.7,0.0746,5,79.0,detector_robust_s3,detector_robust_s3,released network metadata,17.45956002970534,220.0,5.733378402304866,False,6.713815791056372,21.463872561169293,54.10211884223708,True,
PeMS::D7_I10_W::L10W-068,L10W-068,D7_I10_W,PeMS_average_weekday,1371.9962763261833,69.46721580883491,0.7,0.0684,4,45.0,detector_robust_s3,detector_robust_s3,released network metadata,19.750270114491784,220.0,6.8514263520386045,False,4.0166183810978495,27.891077715972106,49.19122488911557,True,
PeMS::D7_I10_W::L10W-071,L10W-071,D7_I10_W,PeMS_average_weekday,1489.2178344858771,65.9863431047008,0.7,0.2802,4,48.0,detector_robust_s3,detector_robust_s3,released network metadata,22.568576532918776,220.0,7.542962555472747,False,3.829212618257942,32.41397637713003,45.94369469389162,True,
PeMS::D7_I10_W::L10W-084,L10W-084,D7_I10_W,PeMS_average_weekday,1359.7055217254951,67.92813036719309,0.7,0.1541,4,74.0,detector_robust_s3,detector_robust_s3,released network metadata,20.016825347252382,220.0,6.799099594685897,False,5.319147034090927,25.97661266511137,52.34344982753221,True,
PeMS::D7_I10_W::L10W-086,L10W-086,D7_I10_W,PeMS_average_weekday,1200.7500995869195,65.31232545544157,0.7,0.2175,5,103.0,detector_robust_s3,detector_robust_s3,released network metadata,18.38473965233583,220.0,5.955650864504766,False,7.622122186856554,22.051898418720366,54.45109880279401,True,
PeMS::D7_I10_W::L10W-099,L10W-099,D7_I10_W,PeMS_average_weekday,1226.1942446749802,66.31149816133697,0.7,0.1193,4,99.0,detector_robust_s3,detector_robust_s3,released network metadata,18.49142725883872,220.0,6.085072351983915,False,5.492247539399193,23.800736701651136,51.51917186621853,True,
PeMS::D7_I10_W::L10W-107,L10W-107,D7_I10_W,PeMS_average_weekday,1326.4155296828685,65.51016658521564,0.7,0.2765,4,77.0,detector_robust_s3,detector_robust_s3,released network metadata,20.247476060947985,220.0,6.640294217696998,False,5.896263378568982,25.614131131971067,51.78452170986436,True,
PeMS::D7_I10_W::L10W-109,L10W-109,D7_I10_W,PeMS_average_weekday,1406.2727660079397,67.09801849854979,0.7,0.0621,4,76.0,detector_robust_s3,detector_robust_s3,released network metadata,20.95848428129564,220.0,7.065223357700693,False,8.647583158580222,24.602635646001115,57.1594355272466,True,
PeMS::D7_I10_W::L10W-116,L10W-116,D7_I10_W,PeMS_average_weekday,2313.224869565217,72.34478260869565,0.7,0.0789,5,68.0,released_profile_q995;s3_fallback,released_profile_speed_q95;s3_fallback,released network metadata,31.9750061601149,220.0,12.30275200293356,False,4.0,45.21948736859776,51.15548636607531,False,insufficient_two_branch_support
PeMS::D7_I10_W::L10W-124,L10W-124,D7_I10_W,PeMS_average_weekday,1200.9824347826086,72.37630434782609,0.7,0.0087,5,62.0,released_profile_q995;s3_fallback,released_profile_speed_q95;s3_fallback,released network metadata,16.593586058372452,220.0,5.904348892003278,False,4.0,23.46687445215543,51.17777560156924,False,insufficient_two_branch_support
PeMS::D7_I10_W::L10W-147,L10W-147,D7_I10_W,PeMS_average_weekday,903.44394833075,68.95120686925475,0.7,0.2206,6,60.0,detector_robust_s3,detector_robust_s3,released network metadata,13.10265605711384,220.0,4.366629030192602,False,3.866922836921989,18.75228505974535,48.17780582218915,True,
PeMS::D7_I10_W::L10W-169,L10W-169,D7_I10_W,PeMS_average_weekday,1426.752296946524,68.61891744633478,0.7,0.1417,4,51.0,detector_robust_s3,detector_robust_s3,released network metadata,20.792404631891092,220.0,7.162138041524356,False,4.426027947839264,28.440149405693543,50.16683550406726,True,
PeMS::D7_I10_W::L10W-190,L10W-190,D7_I10_W,PeMS_average_weekday,1519.8560869565215,68.56934782608697,0.7,0.7643,4,38.0,released_profile_q995;s3_fallback,released_profile_speed_q95;s3_fallback,released network metadata,22.16524052133828,220.0,7.682452219021965,False,4.0,31.34638375853828,48.48585082936515,False,insufficient_two_branch_support
PeMS::D7_I10_W::L10W-221,L10W-221,D7_I10_W,PeMS_average_weekday,1543.2623592501443,67.32720934951263,0.7,0.1703,4,98.0,detector_robust_s3,detector_robust_s3,released network metadata,22.921822754284644,220.0,7.830711552228425,False,4.893494798573917,30.42859313513189,50.717506142876594,True,
PeMS::D7_I10_W::L10W-232,L10W-232,D7_I10_W,PeMS_average_weekday,1268.9884682095862,65.95115487625075,0.7,0.2181,4,102.0,detector_robust_s3,detector_robust_s3,released network metadata,19.241338087114432,220.0,6.320964964192845,False,6.156446767428149,24.1006464461759,52.65371080579206,True,
PeMS::D7_I10_W::L10W-248,L10W-248,D7_I10_W,PeMS_average_weekday,1237.4562011883145,66.0538612019521,0.7,0.1883,4,100.0,detector_robust_s3,detector_robust_s3,released network metadata,18.7340479219668,220.0,6.148363339212675,False,5.5369214631263945,24.06396232827008,51.42362609729339,True,
PeMS::D7_I10_W::L10W-262,L10W-262,D7_I10_W,PeMS_average_weekday,1489.7559237438377,64.57096329693383,0.7,0.2958,4,67.0,detector_robust_s3,detector_robust_s3,released network metadata,23.071607541196137,220.0,7.564962599567681,False,4.727702456977136,30.933219509731646,48.16039026507272,True,
PeMS::D7_I10_W::L10W-291,L10W-291,D7_I10_W,PeMS_average_weekday,1516.966304347826,69.82478260869566,0.7,0.1081,4,46.0,released_profile_q995;s3_fallback,released_profile_speed_q95;s3_fallback,released network metadata,21.72532799491896,220.0,7.650832499215794,False,4.0,30.724253497418268,49.37357727748521,False,insufficient_two_branch_support
PeMS::D7_I10_W::L10W-292,L10W-292,D7_I10_W,PeMS_average_weekday,1423.9920141637904,67.10749646576987,0.7,0.4412,4,47.0,detector_robust_s3,detector_robust_s3,released network metadata,21.219566950916413,220.0,7.163642780736739,False,5.031083554311691,27.951464867827315,50.94516587582618,True,
PeMS::D7_I10_W::L10W-296,L10W-296,D7_I10_W,PeMS_average_weekday,1270.3379734999485,70.7823095230676,0.7,0.2212,5,69.0,detector_robust_s3,detector_robust_s3,released network metadata,17.94711110812161,220.0,6.287155706938325,False,3.755316603956955,25.96071109663164,48.93309619954026,True,
PeMS::D7_I10_W::L10W-297,L10W-297,D7_I10_W,PeMS_average_weekday,1483.4347826086955,70.33760869565218,0.7,0.1752,5,63.0,released_profile_q995;s3_fallback,released_profile_speed_q95;s3_fallback,released network metadata,21.090207786668643,220.0,7.4578268173831646,False,4.0,29.826057885173444,49.73620008114153,False,insufficient_two_branch_support
PeMS::D7_I10_W::L10W-301,L10W-301,D7_I10_W,PeMS_average_weekday,1449.5494716108806,68.99808140309305,0.7,0.1578,4,49.0,detector_robust_s3,detector_robust_s3,released network metadata,21.008547515147285,220.0,7.284481084539149,False,3.610237669463477,30.843287988127884,46.997242063454365,True,
PeMS::D7_I10_W::L10W-302,L10W-302,D7_I10_W,PeMS_average_weekday,1716.1304347826087,69.63500000000002,0.7,0.4461,4,40.0,released_profile_q995;s3_fallback,released_profile_speed_q95;s3_fallback,released network metadata,24.644653332126204,220.0,8.78466069167907,False,4.0,34.85280298227616,49.23938070792526,False,insufficient_two_branch_support
PeMS::D7_I10_W::L10W-312,L10W-312,D7_I10_W,PeMS_average_weekday,1195.2001149055734,68.96633553713282,0.7,0.0615,5,50.0,detector_robust_s3,detector_robust_s3,released network metadata,17.33019603835634,220.0,5.897277697726354,False,4.274644736624601,23.968890231403872,49.86464134829367,True,
PeMS::D7_I10_W::L10W-315,L10W-315,D7_I10_W,PeMS_average_weekday,1431.6335381711865,68.84940311267945,0.7,0.0764,4,52.0,detector_robust_s3,detector_robust_s3,released network metadata,20.793695710450304,220.0,7.186687907679283,False,3.9045410814305086,29.656951007939053,48.27311943793357,True,
PeMS::D7_I10_W::L10W-371,L10W-371,D7_I10_W,PeMS_average_weekday,1163.5512449665189,68.14187484852394,0.7,0.1417,5,80.0,detector_robust_s3,detector_robust_s3,released network metadata,17.07542164862702,220.0,5.733909881294802,False,5.826480810575892,21.662227196917733,53.71337094701314,True,
PeMS::D7_I10_W::L10W-377,L10W-377,D7_I10_W,PeMS_average_weekday,4133.890588235295,66.28147058823528,0.7,0.0068,1,70.0,released_profile_q995;s3_fallback,released_profile_speed_q95;s3_fallback,released network metadata,62.3687216283497,220.0,26.225065424444136,True,4.0,88.20269199468434,46.86807731995787,False,capacity_outside_range
PeMS::D7_I10_W::L10W-383,L10W-383,D7_I10_W,PeMS_average_weekday,7157.887826086956,67.84760869565217,0.7,1.2365,1,97.0,released_profile_q995;s3_fallback,released_profile_speed_q95;s3_fallback,released network metadata,105.4994857401017,220.0,62.51402338542924,True,4.0,149.19880355703876,47.97550419598702,False,capacity_outside_range
PeMS::D7_I10_W::L10W-385,L10W-385,D7_I10_W,PeMS_average_weekday,7326.231818181818,69.05636363636364,0.7,1.5485,1,95.0,released_profile_q995;s3_fallback,released_profile_speed_q95;s3_fallback,released network metadata,106.0906110950212,220.0,64.31631218997435,True,4.0,150.0347810510285,48.83022301135685,False,insufficient_two_branch_support;capacity_outside_range
PeMS::D7_I10_W::L10W-388,L10W-388,D7_I10_W,PeMS_average_weekday,1196.2798257176796,64.83187877058694,0.7,0.1833,4,105.0,detector_robust_s3,detector_robust_s3,released network metadata,18.45203082808716,220.0,5.935459586284881,False,8.223528767013077,21.84017180002367,54.77428642371683,True,
PeMS::D7_I10_W::L10W-395,L10W-395,D7_I10_W,PeMS_average_weekday,5372.928571428572,66.47476190476192,0.7,0.5014,1,101.0,released_profile_q995;s3_fallback,released_profile_speed_q95;s3_fallback,released network metadata,80.82659369470689,220.0,38.60600034206554,True,4.0,114.30606500347416,47.00475492061833,False,capacity_outside_range
PeMS::D7_I210_E::L210E-008,L210E-008,D7_I210_E,PeMS_average_weekday,1358.995668415375,71.68241596766359,0.7,0.2312,5,167.0,detector_robust_s3,detector_robust_s3,released network metadata,18.95856396676734,220.0,6.759778955173844,False,2.8767400036548003,30.69664739736104,44.2717945977451,True,
PeMS::D7_I210_E::L210E-009,L210E-009,D7_I210_E,PeMS_average_weekday,1512.4224403680755,67.60103220318528,0.7,0.2983,4,171.0,detector_robust_s3,detector_robust_s3,released network metadata,22.37277140713263,220.0,7.652905174740993,False,4.043260661231379,31.52276871614203,47.97873099242077,True,
PeMS::D7_I210_E::L210E-035,L210E-035,D7_I210_E,PeMS_average_weekday,1293.2959090909092,69.03219696969695,0.7,0.3355,4,53.0,released_profile_q995;s3_fallback,released_profile_speed_q95;s3_fallback,released network metadata,18.734676945869577,220.0,6.425825817709673,False,4.0,26.49483422352731,48.81313459747816,False,insufficient_two_branch_support
PeMS::D7_I210_E::L210E-042,L210E-042,D7_I210_E,PeMS_average_weekday,1185.151956521739,65.41347826086957,0.7,0.0466,4,118.0,released_profile_q995;s3_fallback,released_profile_speed_q95;s3_fallback,released network metadata,18.117855647353625,220.0,5.870514008665984,False,4.0,25.622517177605463,46.25431405925968,False,insufficient_two_branch_support
PeMS::D7_I210_E::L210E-046,L210E-046,D7_I210_E,PeMS_average_weekday,1317.6,66.361,0.7,0.3281,4,37.0,released_profile_q995;s3_fallback,released_profile_speed_q95;s3_fallback,released network metadata,19.85503533702024,220.0,6.583228322624459,False,4.0,28.079260255011068,46.92431310632049,False,insufficient_two_branch_support
PeMS::D7_I210_E::L210E-051,L210E-051,D7_I210_E,PeMS_average_weekday,1223.4626086956523,67.28543478260869,0.7,0.2635,4,100.0,released_profile_q995;s3_fallback,released_profile_speed_q95;s3_fallback,released network metadata,18.18317162768608,220.0,6.062242770154899,False,4.0,25.71488792283132,47.5779872098678,False,insufficient_two_branch_support
PeMS::D7_I210_E::L210E-052,L210E-052,D7_I210_E,PeMS_average_weekday,1357.9557142857143,64.595,0.7,0.2635,4,92.0,released_profile_q995;s3_fallback,released_profile_speed_q95;s3_fallback,released network metadata,21.022613426514656,220.0,6.824673585629796,False,4.0,29.73046502430375,45.67556253074504,False,active_parameter_bound;insufficient_two_branch_support;capacity_outside_range
PeMS::D7_I210_E::L210E-065,L210E-065,D7_I210_E,PeMS_average_weekday,1247.6774611483916,64.15332200754574,0.7,0.1031,4,63.0,detector_robust_s3,detector_robust_s3,released network metadata,19.448368722069283,220.0,6.221228185470709,False,5.0732414809301645,25.559762347417504,48.81412605444095,True,
PeMS::D7_I210_E::L210E-070,L210E-070,D7_I210_E,PeMS_average_weekday,1602.7802818603584,64.50486756988954,0.7,0.6742,4,75.0,detector_robust_s3,detector_robust_s3,released network metadata,24.8474315542743,220.0,8.212960221971718,False,4.258964885438349,34.40681627666008,46.58321970195211,True,
PeMS::D7_I210_E::L210E-128,L210E-128,D7_I210_E,PeMS_average_weekday,1014.9029487873956,63.13814774004796,0.7,0.2193,5,219.0,detector_robust_s3,detector_robust_s3,released network metadata,16.07432249938577,220.0,4.976827642435262,False,5.271513202155199,20.90945755316473,48.53798556021296,True,
PeMS::D7_I210_E::L210E-136,L210E-136,D7_I210_E,PeMS_average_weekday,1692.413,66.99199999999998,0.7,0.5244,4,267.0,released_profile_q995;s3_fallback,released_profile_speed_q95;s3_fallback,released network metadata,25.262911989491293,220.0,8.690758485146247,False,4.0,35.72715276057645,47.37049748524918,False,insufficient_two_branch_support
PeMS::D7_I210_E::L210E-139,L210E-139,D7_I210_E,PeMS_average_weekday,1352.9500259705776,67.15884220713484,0.7,0.1516,4,232.0,detector_robust_s3,detector_robust_s3,released network metadata,20.145523381682757,220.0,6.769675860473449,False,2.5556735163725977,34.654239551703306,39.04139994046062,True,
PeMS::D7_I210_E::L210E-141,L210E-141,D7_I210_E,PeMS_average_weekday,1357.556048939039,67.50673650206721,0.7,0.2877,4,252.0,detector_robust_s3,detector_robust_s3,released network metadata,20.1099344936852,220.0,6.791513352604069,False,3.434413296369585,30.11014127860414,45.08633939568063,True,
PeMS::D7_I210_E::L210E-145,L210E-145,D7_I210_E,PeMS_average_weekday,1445.6659863266157,69.09562301290538,0.7,0.3275,5,144.0,detector_robust_s3,detector_robust_s3,released network metadata,20.922685450807798,220.0,7.261831864671803,False,4.373236066730795,28.726759890456908,50.3247143722209,True,
PeMS::D7_I210_E::L210E-168,L210E-168,D7_I210_E,PeMS_average_weekday,1185.7134782608694,69.3795652173913,0.7,0.2218,2,121.0,released_profile_q995;s3_fallback,released_profile_speed_q95;s3_fallback,released network metadata,17.090240830215635,220.0,5.843550764203144,False,4.0,24.16925036631337,49.05876104099172,False,insufficient_two_branch_support
PeMS::D7_I210_E::L210E-170,L210E-170,D7_I210_E,PeMS_average_weekday,1417.4889708409664,69.88620644248189,0.7,0.1727,5,156.0,detector_robust_s3,detector_robust_s3,released network metadata,20.282814635354335,220.0,7.097481212009376,False,3.8548468147870345,29.06101776164934,48.77630172717385,True,
PeMS::D7_I210_E::L210E-172,L210E-172,D7_I210_E,PeMS_average_weekday,1268.6452173913042,65.93347826086956,0.7,0.2635,4,91.0,released_profile_q995;s3_fallback,released_profile_speed_q95;s3_fallback,released network metadata,19.24129062889473,220.0,6.31925370194623,False,4.0,27.211294164945272,46.62200958547668,False,active_parameter_bound;insufficient_two_branch_support;capacity_outside_range
PeMS::D7_I210_E::L210E-173,L210E-173,D7_I210_E,PeMS_average_weekday,1192.2476086956522,67.2558695652174,0.7,0.315,4,87.0,released_profile_q995;s3_fallback,released_profile_speed_q95;s3_fallback,released network metadata,17.72704176457849,220.0,5.894251110462421,False,4.0,25.069822884221185,47.55708144416316,False,insufficient_two_branch_support
PeMS::D7_I210_E::L210E-203,L210E-203,D7_I210_E,PeMS_average_weekday,1041.0019565217392,66.28673913043478,0.7,0.174,4,96.0,released_profile_q995;s3_fallback,released_profile_speed_q95;s3_fallback,released network metadata,15.70452808778725,220.0,5.095570385275428,False,4.0,22.209556612417938,46.871802741874106,False,insufficient_two_branch_support
PeMS::D7_I210_E::L210E-206,L210E-206,D7_I210_E,PeMS_average_weekday,571.1955,67.37575,0.7,0.3567,6,79.0,released_profile_q995;s3_fallback,released_profile_speed_q95;s3_fallback,released network metadata,8.477760915462909,220.0,2.7004039975754783,False,4.0,11.989364465204192,47.64184971252953,False,active_parameter_bound;insufficient_two_branch_support
PeMS::D7_I210_E::L210E-220,L210E-220,D7_I210_E,PeMS_average_weekday,1507.909568400403,67.04179298587735,0.7,0.5325,4,256.0,detector_robust_s3,detector_robust_s3,released network metadata,22.492082941726377,220.0,7.634679109878429,False,5.60576758073579,28.80247279033553,52.35347601496117,True,
PeMS::D7_I210_E::L210E-224,L210E-224,D7_I210_E,PeMS_average_weekday,1501.4680434782608,70.12804347826086,0.7,0.2871,4,258.0,released_profile_q995;s3_fallback,released_profile_speed_q95;s3_fallback,released network metadata,21.410379771163928,220.0,7.560657207300713,False,4.0,30.27884944793859,49.5880150948233,False,insufficient_two_branch_support
PeMS::D7_I210_E::L210E-231,L210E-231,D7_I210_E,PeMS_average_weekday,1190.116935322708,68.69407323291408,0.7,0.4281,5,244.0,detector_robust_s3,detector_robust_s3,released network metadata,17.324885238461526,220.0,5.872042735601577,False,3.9739419826802393,24.55683117281017,48.46378292653776,True,
PeMS::D7_I210_E::L210E-237,L210E-237,D7_I210_E,PeMS_average_weekday,1437.427578326397,66.73256411910097,0.7,0.4816,4,240.0,detector_robust_s3,detector_robust_s3,released network metadata,21.540122087335764,220.0,7.242912741077883,False,6.070152986282186,27.066482577682088,53.10729143326665,True,
PeMS::D7_I210_E::L210E-243,L210E-243,D7_I210_E,PeMS_average_weekday,1152.887608695652,67.37195652173914,0.7,0.5648,4,105.0,released_profile_q995;s3_fallback,released_profile_speed_q95;s3_fallback,released network metadata,17.11227739576846,220.0,5.682392181731783,False,4.0,24.200414776186303,47.63916731832699,False,active_parameter_bound;insufficient_two_branch_support;capacity_outside_range
PeMS::D7_I210_E::L210E-245,L210E-245,D7_I210_E,PeMS_average_weekday,1400.519539509389,69.18443357411284,0.7,0.2989,4,230.0,detector_robust_s3,detector_robust_s3,released network metadata,20.24327536062144,220.0,7.011125868416952,False,3.242486769511846,31.042683387750586,45.11593028269048,True,
PeMS::D7_I210_E::L210E-260,L210E-260,D7_I210_E,PeMS_average_weekday,1193.4218181818185,67.64518398268399,0.7,0.0255,4,274.0,released_profile_q995;s3_fallback,released_profile_speed_q95;s3_fallback,released network metadata,17.642376706186713,220.0,5.897587640911501,False,4.0,24.95008841038442,47.83236830876748,False,insufficient_two_branch_support
PeMS::D7_I210_E::L210E-304,L210E-304,D7_I210_E,PeMS_average_weekday,1463.9510241994474,70.65198969380688,0.7,0.0354,5,140.0,detector_robust_s3,detector_robust_s3,released network metadata,20.720591600377425,220.0,7.346223254856973,False,6.910453365132389,25.323587602686956,57.80977984510043,True,
PeMS::D7_I210_E::L210E-314,L210E-314,D7_I210_E,PeMS_average_weekday,953.3670338605992,67.08846341321176,0.7,0.1964,6,237.0,detector_robust_s3,detector_robust_s3,released network metadata,14.21059576202564,220.0,4.632731395432429,False,5.546984771195526,18.24527990821918,52.25280393923274,True,
PeMS::D7_I210_E::L210E-319,L210E-319,D7_I210_E,PeMS_average_weekday,1557.9473653018997,66.9890999968746,0.7,0.0671,4,187.0,detector_robust_s3,detector_robust_s3,released network metadata,23.25672930931429,220.0,7.918681842751618,False,4.053355648522726,32.74027761753283,47.58503832806839,True,
PeMS::D7_I210_W::L210W-001,L210W-001,D7_I210_W,PeMS_average_weekday,1233.657665196483,70.21932136592828,0.7,0.2442,5,39.0,detector_robust_s3,detector_robust_s3,released network metadata,17.568635543593803,220.0,6.0942021929716965,False,3.963134669422931,24.92603104083234,49.49274367730582,True,
PeMS::D7_I210_W::L210W-004,L210W-004,D7_I210_W,PeMS_average_weekday,1199.5728260869566,66.96,0.7,0.3244,4,29.0,released_profile_q995;s3_fallback,released_profile_speed_q95;s3_fallback,released network metadata,17.914767414679762,220.0,5.935974691176397,False,4.0,25.335307044599706,47.34787006825122,False,active_parameter_bound;insufficient_two_branch_support
PeMS::D7_I210_W::L210W-022,L210W-022,D7_I210_W,PeMS_average_weekday,1423.0415217391303,68.93152173913042,0.7,0.0261,4,14.0,released_profile_q995;s3_fallback,released_profile_speed_q95;s3_fallback,released network metadata,20.644278348077016,220.0,7.138202555448971,False,4.0,29.195418425255752,48.74194645924704,False,insufficient_two_branch_support
PeMS::D7_I210_W::L210W-028,L210W-028,D7_I210_W,PeMS_average_weekday,987.8504347826088,66.03847826086957,0.7,0.0304,5,30.0,released_profile_q995;s3_fallback,released_profile_speed_q95;s3_fallback,released network metadata,14.958709843075678,220.0,4.81781222712058,False,4.0,21.154810335681532,46.69625579750127,False,insufficient_two_branch_support
PeMS::D7_I210_W::L210W-038,L210W-038,D7_I210_W,PeMS_average_weekday,1419.2752173913043,67.71717391304348,0.7,0.1939,4,27.0,released_profile_q995;s3_fallback,released_profile_speed_q95;s3_fallback,released network metadata,20.958866641626457,220.0,7.130562378962641,False,4.0,29.640313456557177,47.883272876701824,False,active_parameter_bound;insufficient_two_branch_support;capacity_outside_range
PeMS::D7_I210_W::L210W-052,L210W-052,D7_I210_W,PeMS_average_weekday,1528.7739130434782,68.92456521739129,0.7,0.0547,4,16.0,released_profile_q995;s3_fallback,released_profile_speed_q95;s3_fallback,released network metadata,22.1803925526647,220.0,7.728121255373926,False,4.0,31.36781196673761,48.73702745555183,False,insufficient_two_branch_support
PeMS::D7_I210_W::L210W-053,L210W-053,D7_I210_W,PeMS_average_weekday,1533.104,69.86866666666667,0.7,2.6912,4,15.0,released_profile_q995;s3_fallback,released_profile_speed_q95;s3_fallback,released network metadata,21.942654313330724,220.0,7.740707594988179,False,4.0,31.0315993243768,49.4046079924625,False,insufficient_two_branch_support
PeMS::D7_I210_W::L210W-054,L210W-054,D7_I210_W,PeMS_average_weekday,1156.7054347826088,68.08652173913043,0.7,0.4219,4,17.0,released_profile_q995;s3_fallback,released_profile_speed_q95;s3_fallback,released network metadata,16.988757910331486,220.0,5.697740789506134,False,4.0,24.025731844663987,48.14444122914442,False,insufficient_two_branch_support
PeMS::D7_I210_W::L210W-106,L210W-106,D7_I210_W,PeMS_average_weekday,569.1254347826085,68.51956521739132,0.7,0.092,4,54.0,released_profile_q995;s3_fallback,released_profile_speed_q95;s3_fallback,released network metadata,8.306028110028867,220.0,2.688434770728445,False,4.0,11.74649760265499,48.450649209171296,False,insufficient_two_branch_support
PeMS::D7_I210_W::L210W-108,L210W-108,D7_I210_W,PeMS_average_weekday,1570.304620259495,67.86559989377635,0.7,0.5269,4,67.0,detector_robust_s3,detector_robust_s3,released network metadata,23.13844750090393,220.0,7.976695298421491,False,10.254467673579734,26.487818107611357,59.2840306392871,True,
PeMS::D7_I210_W::L210W-112,L210W-112,D7_I210_W,PeMS_average_weekday,1360.695297711727,68.79452284839005,0.7,0.2523,4,66.0,detector_robust_s3,detector_robust_s3,released network metadata,19.779122543090224,220.0,6.795971104484681,False,4.709547867781118,26.548818188696583,51.252575087920725,True,
PeMS::D7_I210_W::L210W-113,L210W-113,D7_I210_W,PeMS_average_weekday,1399.1466437198335,68.13067336874299,0.7,0.1268,4,65.0,detector_robust_s3,detector_robust_s3,released network metadata,20.536222152792263,220.0,7.014539977236375,False,4.281761265983178,28.387746170000643,49.28699289267324,True,
PeMS::D7_I210_W::L210W-129,L210W-129,D7_I210_W,PeMS_average_weekday,1341.448626637273,67.13304261933492,0.7,0.2349,4,43.0,detector_robust_s3,detector_robust_s3,released network metadata,19.981942934475665,220.0,6.706637622211404,False,3.50503141490366,29.676175240249957,45.20288129374095,True,
PeMS::D7_I210_W::L210W-132,L210W-132,D7_I210_W,PeMS_average_weekday,1430.534845482983,67.67999889720927,0.7,0.0087,4,50.0,detector_robust_s3,detector_robust_s3,released network metadata,21.136744515253973,220.0,7.193560429230293,False,5.507818176113865,27.18617875732733,52.61993082045117,True,
PeMS::D7_I210_W::L210W-141,L210W-141,D7_I210_W,PeMS_average_weekday,1161.7876258893343,68.06837884513781,0.7,0.5822,4,53.0,detector_robust_s3,detector_robust_s3,released network metadata,17.06794910647886,220.0,5.725008054538053,False,5.611679985852397,21.85084731182665,53.168996575273454,True,
PeMS::D7_I210_W::L210W-143,L210W-143,D7_I210_W,PeMS_average_weekday,1127.69410823636,67.65721221283277,0.7,0.0696,5,68.0,detector_robust_s3,detector_robust_s3,released network metadata,16.667759006813856,220.0,5.546066392265603,False,7.279134456977702,20.16450635171078,55.924706936388006,True,
PeMS::D7_I210_W::L210W-150,L210W-150,D7_I210_W,PeMS_average_weekday,1296.3508686949522,71.11878637652643,0.7,0.1584,5,36.0,detector_robust_s3,detector_robust_s3,released network metadata,18.22796668424066,220.0,6.4248292857625735,False,2.5100983167824964,31.66601180849344,40.93824244539837,True,
PeMS::D7_I210_W::L210W-154,L210W-154,D7_I210_W,PeMS_average_weekday,1417.444325048097,67.9627516109467,0.7,0.2324,4,49.0,detector_robust_s3,detector_robust_s3,released network metadata,20.85619389224068,220.0,7.117692248390086,False,5.271353335400943,27.12992594097885,52.246523935662296,True,
PeMS::D7_I210_W::L210W-155,L210W-155,D7_I210_W,PeMS_average_weekday,1285.2773873121312,69.13334548622781,0.7,0.0988,4,44.0,detector_robust_s3,detector_robust_s3,released network metadata,18.5912800584513,220.0,6.381438637240406,False,3.733673049215914,26.95011911894779,47.69097240867082,True,
PeMS::D7_I210_W::L210W-167,L210W-167,D7_I210_W,PeMS_average_weekday,567.0547826086956,67.85652173913046,0.7,0.1721,6,32.0,released_profile_q995;s3_fallback,released_profile_speed_q95;s3_fallback,released network metadata,8.356673287627343,220.0,2.6792944120526605,False,4.0,11.818120699683549,47.98180666947153,False,insufficient_two_branch_support;capacity_outside_range
PeMS::D7_I210_W::L210W-182,L210W-182,D7_I210_W,PeMS_average_weekday,1238.990492949648,71.84175370180901,0.7,0.1075,5,60.0,detector_robust_s3,detector_robust_s3,released network metadata,17.246105907885845,220.0,6.110809849041695,False,3.631492219712369,25.26269293695275,49.04427631851263,True,
PeMS::D7_I210_W::L210W-202,L210W-202,D7_I210_W,PeMS_average_weekday,2932.2429545454547,69.47181818181818,0.7,0.2778,4,26.0,released_profile_q995;s3_fallback,released_profile_speed_q95;s3_fallback,released network metadata,42.20766105287952,220.0,16.49251577379592,False,4.0,59.69064669702889,49.12399373772252,False,active_parameter_bound;insufficient_two_branch_support
PeMS::D7_I210_W::L210W-211,L210W-211,D7_I210_W,PeMS_average_weekday,1488.0616328065785,69.3479321452884,0.7,0.2355,4,42.0,detector_robust_s3,detector_robust_s3,released network metadata,21.45790922343572,220.0,7.494942895918308,False,3.830541190996464,30.814917884770004,48.29030011928214,True,
PeMS::D7_I210_W::L210W-221,L210W-221,D7_I210_W,PeMS_average_weekday,1205.625391304348,68.30565217391305,0.7,0.7208,5,19.0,released_profile_q995;s3_fallback,released_profile_speed_q95;s3_fallback,released network metadata,17.650448431920463,220.0,5.958132261532199,False,4.0,24.961503554388848,48.29938984554356,False,insufficient_two_branch_support
PeMS::D7_I210_W::L210W-222,L210W-222,D7_I210_W,PeMS_average_weekday,1211.809447711422,68.44052828078823,0.7,0.453,5,59.0,detector_robust_s3,detector_robust_s3,released network metadata,17.7060212443098,220.0,5.99033869008489,False,4.314487317733353,24.415453156425368,49.63288782508271,True,
PeMS::D7_I210_W::L210W-233,L210W-233,D7_I210_W,PeMS_average_weekday,1463.9208426687917,68.54572327345998,0.7,0.2423,4,61.0,detector_robust_s3,detector_robust_s3,released network metadata,21.356851642348968,220.0,7.369601492788697,False,4.479134093583431,29.103927622239517,50.29976921568995,True,
PeMS::D7_I210_W::L210W-234,L210W-234,D7_I210_W,PeMS_average_weekday,1200.2531067361451,63.777275929702505,0.7,0.2983,4,62.0,detector_robust_s3,detector_robust_s3,released network metadata,18.81944766752197,220.0,5.966049366205959,False,8.175150001910838,22.2972859760271,53.82956060332167,True,
PeMS::D7_I210_W::L210W-238,L210W-238,D7_I210_W,PeMS_average_weekday,1336.2371739130435,67.59304347826087,0.7,0.5449,4,24.0,released_profile_q995;s3_fallback,released_profile_speed_q95;s3_fallback,released network metadata,19.76885645551382,220.0,6.673473218296665,False,4.0,27.957384911994552,47.79549940451541,False,insufficient_two_branch_support
PeMS::D7_I210_W::L210W-251,L210W-251,D7_I210_W,PeMS_average_weekday,1484.299090909091,64.34818181818181,0.7,0.3585,3,6.0,released_profile_q995;s3_fallback,released_profile_speed_q95;s3_fallback,released network metadata,23.066682678044167,220.0,7.537064378408298,False,4.0,32.621215482246605,45.501035720661264,False,insufficient_two_branch_support
PeMS::D7_I210_W::L210W-256,L210W-256,D7_I210_W,PeMS_average_weekday,1253.9655774574028,68.8638716515756,0.7,0.2684,6,20.0,detector_robust_s3,detector_robust_s3,released network metadata,18.209338908535106,220.0,6.21419034297639,False,2.6247400969244,30.87970033147706,40.60808764323336,True,
PeMS::D7_I210_W::L210W-291,L210W-291,D7_I210_W,PeMS_average_weekday,1381.7974227630066,68.84823502366453,0.7,0.1435,4,63.0,detector_robust_s3,detector_robust_s3,released network metadata,20.07019384430196,220.0,6.9114128069874345,False,4.436792908055529,27.431444699163787,50.37275425763955,True,
PeMS::D7_I210_W::L210W-299,L210W-299,D7_I210_W,PeMS_average_weekday,1057.5788670820048,68.15452128124008,0.7,0.2218,5,51.0,detector_robust_s3,detector_robust_s3,released network metadata,15.51736916642549,220.0,5.171974082936917,False,5.562824464979278,19.90890083073073,53.12090687847319,True,
PeMS::D7_I210_W::L210W-301,L210W-301,D7_I210_W,PeMS_average_weekday,1327.7630584053009,66.3842287062521,0.7,0.1342,4,45.0,detector_robust_s3,detector_robust_s3,released network metadata,20.00118227298544,220.0,6.63885453671837,False,3.5297083465025514,29.62272444034148,44.82244909914824,True,
PeMS::D7_I210_W::L210W-305,L210W-305,D7_I210_W,PeMS_average_weekday,1541.7559590998496,67.88819285179075,0.7,0.5269,4,57.0,detector_robust_s3,detector_robust_s3,released network metadata,22.710222416226557,220.0,7.814677364341328,False,4.186301684902384,31.625548259237707,48.75033142388316,True,
PeMS::D7_I405_N::L405N-069,L405N-069,D7_I405_N,PeMS_average_weekday,1330.7003284983937,67.99861554093745,0.7,0.1286,4,163.0,detector_robust_s3,detector_robust_s3,released network metadata,19.5695209073377,220.0,6.63921143392163,False,4.172228593025946,27.282362085750137,48.7751142777125,True,
PeMS::D7_I405_N::L405N-076,L405N-076,D7_I405_N,PeMS_average_weekday,1349.687020011148,68.43879176243695,0.7,0.0845,5,182.0,detector_robust_s3,detector_robust_s3,released network metadata,19.72108193692473,220.0,6.739036904453824,False,2.7412415967622383,32.701007901310966,41.27356025491312,True,
PeMS::D7_I405_N::L405N-098,L405N-098,D7_I405_N,PeMS_average_weekday,1108.078767181368,71.22904376747431,0.7,0.663,6,283.0,detector_robust_s3,detector_robust_s3,released network metadata,15.556558232041798,220.0,5.419977073361097,False,2.5249338407367885,26.937628995376127,41.13497766902837,True,
PeMS::D7_I405_N::L405N-115,L405N-115,D7_I405_N,PeMS_average_weekday,1365.0352844325575,68.30466277344011,0.7,0.5021,6,334.0,detector_robust_s3,detector_robust_s3,released network metadata,19.984510998323,220.0,6.824647887249935,False,4.986125090685564,26.39007321807772,51.725331459007904,True,
PeMS::D7_I405_N::L405N-122,L405N-122,D7_I405_N,PeMS_average_weekday,1301.56635910055,70.48127511002458,0.7,0.5524,6,324.0,detector_robust_s3,detector_robust_s3,released network metadata,18.46683898764237,220.0,6.45832354617184,False,3.768835788163874,26.677154524544555,48.78954979636349,True,
PeMS::D7_I405_N::L405N-129,L405N-129,D7_I405_N,PeMS_average_weekday,1450.3524386245806,68.12870262445598,0.7,0.1678,4,126.0,detector_robust_s3,detector_robust_s3,released network metadata,21.288420045502985,220.0,7.29878167621986,False,4.135984861561653,29.76526308534966,48.7263436733552,True,
PeMS::D7_I405_N::L405N-135,L405N-135,D7_I405_N,PeMS_average_weekday,1534.53693022395,68.69298270702213,0.7,0.0976,4,255.0,detector_robust_s3,detector_robust_s3,released network metadata,22.339063900730608,220.0,7.763481042370829,False,4.258228834613958,30.93516174246029,49.60494284785684,True,
PeMS::D7_I405_N::L405N-215,L405N-215,D7_I405_N,PeMS_average_weekday,1014.7787631870395,68.56877884610519,0.7,0.1423,5,114.0,detector_robust_s3,detector_robust_s3,released network metadata,14.799428840122628,220.0,4.94530184517078,False,4.332852755443039,20.37967650915995,49.79366393430888,True,
PeMS::D7_I405_N::L405N-217,L405N-217,D7_I405_N,PeMS_average_weekday,1651.0624615384615,66.24230769230768,0.7,0.2846,5,196.0,released_profile_q995;s3_fallback,released_profile_speed_q95;s3_fallback,released network metadata,24.924591534575864,220.0,8.463713978746336,False,4.0,35.24869538480682,46.84038497067656,False,active_parameter_bound;insufficient_two_branch_support
PeMS::D7_I405_N::L405N-241,L405N-241,D7_I405_N,PeMS_average_weekday,1635.2053670515584,66.46643381268947,0.7,0.1442,4,232.0,detector_robust_s3,detector_robust_s3,released network metadata,24.60197235283853,220.0,8.368586862116736,False,6.001876862944823,30.994303355933223,52.75825522752173,True,
PeMS::D7_I405_N::L405N-273,L405N-273,D7_I405_N,PeMS_average_weekday,1668.2476914579197,68.13189646750052,0.7,0.1081,3,338.0,detector_robust_s3,detector_robust_s3,released network metadata,24.48556077187265,220.0,8.532606072697265,False,2.899747454809727,39.49435533374897,42.24015501355349,True,
PeMS::D7_I405_S::L405S-001,L405S-001,D7_I405_S,PeMS_average_weekday,1189.7086652585367,70.87225044231599,0.7,0.1485,5,32.0,detector_robust_s3,detector_robust_s3,released network metadata,16.786664143349856,220.0,5.8544812536209525,False,6.288404696421815,20.92693828781392,56.85058410820291,True,
PeMS::D7_I405_S::L405S-061,L405S-061,D7_I405_S,PeMS_average_weekday,1286.9180703276406,66.95070852378527,0.7,0.2243,4,43.0,detector_robust_s3,detector_robust_s3,released network metadata,19.221873803926112,220.0,6.409652758044346,False,6.27797638026085,23.97154629258244,53.68523392776937,True,
PeMS::D7_I405_S::L405S-073,L405S-073,D7_I405_S,PeMS_average_weekday,1294.926580785216,69.0090397161734,0.7,0.243,5,48.0,detector_robust_s3,detector_robust_s3,released network metadata,18.764593538920504,220.0,6.4348844150130455,False,5.314773414960782,24.356766023741542,53.16496367058736,True,
PeMS::D7_I405_S::L405S-084,L405S-084,D7_I405_S,PeMS_average_weekday,1702.13434305587,63.161320745407416,0.7,0.1653,4,64.0,detector_robust_s3,detector_robust_s3,released network metadata,26.94899857963524,220.0,8.817018977018957,False,6.118810637247607,33.80162421178917,50.3565844170946,True,
PeMS::D7_I405_S::L405S-087,L405S-087,D7_I405_S,PeMS_average_weekday,1390.6566140712982,69.4853321127462,0.7,0.5872,5,69.0,detector_robust_s3,detector_robust_s3,released network metadata,20.01367154459063,220.0,6.953758413447601,False,6.620043224231795,24.67583128932452,56.35703201913756,True,
PeMS::D7_I405_S::L405S-231,L405S-231,D7_I405_S,PeMS_average_weekday,1676.81625,68.75625000000001,0.7,0.3188,4,59.0,released_profile_q995;s3_fallback,released_profile_speed_q95;s3_fallback,released network metadata,24.38783746932097,220.0,8.572147193235057,False,4.0,34.48961050606445,48.61801062395757,False,insufficient_two_branch_support
PeMS::D7_I405_S::L405S-234,L405S-234,D7_I405_S,PeMS_average_weekday,1291.3802290931148,66.41896528186905,0.7,0.2355,5,60.0,detector_robust_s3,detector_robust_s3,released network metadata,19.44294409906494,220.0,6.438966823141793,False,3.64654444368352,28.435854222222765,45.41380114700034,True,
PeMS::D7_I405_S::L405S-336,L405S-336,D7_I405_S,PeMS_average_weekday,1489.896730487227,70.035845536502,0.7,0.0112,5,33.0,detector_robust_s3,detector_robust_s3,released network metadata,21.273345371559877,220.0,7.497216381329881,False,8.539731822274417,25.02285347427414,59.54144006873484,True,
PeMS::D7_I405_S::L405S-392,L405S-392,D7_I405_S,PeMS_average_weekday,7142.391,71.50049999999999,0.7,0.2964,1,67.0,released_profile_q995;s3_fallback,released_profile_speed_q95;s3_fallback,released network metadata,99.89288186795898,220.0,59.46684185818144,True,4.0,141.269868322201,50.55848840822873,False,capacity_outside_range
PeMS::D7_I405_S::L405S-417,L405S-417,D7_I405_S,PeMS_average_weekday,7507.872,68.75525,0.7,1.0712,1,86.0,released_profile_q995;s3_fallback,released_profile_speed_q95;s3_fallback,released network metadata,109.19707222357566,220.0,67.75878716083402,True,4.0,154.42798051001506,48.61730351717637,False,capacity_outside_range
PeMS::D7_I405_S::L405S-425,L405S-425,D7_I405_S,PeMS_average_weekday,1328.7339200953202,67.75849259270203,0.7,0.051,4,51.0,detector_robust_s3,detector_robust_s3,released network metadata,19.6098506512294,220.0,6.630734716319388,False,4.162101201122124,27.360698591467887,48.5635962712469,True,
