corridor,sensor,period,lanes,D_qvdfe_counts_vehpl,D_qvdfe_speed_vehpl,D_repository_counts_vehpl,D_repository_speed_vehpl,V_counts_vehpl,qvdfe_bins,repository_bins
D12_I405_N,L405N-001,AM,8.0,0.0,0.0,0.0,0.0,3561.1739130434785,0,0
D12_I405_N,L405N-001,MD,8.0,0.0,0.0,0.0,0.0,6733.44540513834,0,0
D12_I405_N,L405N-001,PM,8.0,4233.641304347826,4248.892107336126,4129.679347826086,4275.927184655722,4826.353260869565,42,41
D12_I405_N,L405N-001,NT,8.0,0.0,0.0,0.0,0.0,4948.429347826086,0,0
D12_I405_N,L405N-002,AM,5.0,0.0,0.0,0.0,0.0,3670.65652173913,0,0
D12_I405_N,L405N-002,MD,5.0,0.0,0.0,0.0,0.0,7332.145849802371,0,0
D12_I405_N,L405N-002,PM,5.0,1843.743478260869,1922.4465062375025,1492.6913043478264,1561.786358651996,5478.791304347826,16,13
D12_I405_N,L405N-002,NT,5.0,0.0,0.0,0.0,0.0,5357.430434782608,0,0
D12_I405_N,L405N-016,AM,5.0,0.0,0.0,0.0,0.0,2740.247619047619,0,0
D12_I405_N,L405N-016,MD,5.0,637.4571428571428,618.3688002704735,637.4571428571428,644.7684349346423,6451.615952380952,6,6
D12_I405_N,L405N-016,PM,5.0,4790.439488966318,4813.997282483178,4790.439488966318,4969.571615352552,4790.439488966318,48,48
D12_I405_N,L405N-016,NT,5.0,384.5761904761904,413.4843345631208,384.5761904761905,433.36394377911046,4461.890476190475,4,4
D12_I405_N,L405N-017,AM,4.0,0.0,0.0,0.0,0.0,2741.521739130435,0,0
D12_I405_N,L405N-017,MD,4.0,0.0,0.0,0.0,0.0,6244.218873517786,0,0
D12_I405_N,L405N-017,PM,4.0,0.0,0.0,0.0,0.0,4911.347826086956,0,0
D12_I405_N,L405N-017,NT,4.0,0.0,0.0,0.0,0.0,3803.326086956522,0,0
D12_I405_N,L405N-027,AM,8.0,0.0,0.0,0.0,0.0,3166.353260869565,0,0
D12_I405_N,L405N-027,MD,8.0,277.5760869565217,271.79033850562433,183.3695652173913,190.0625947692919,6162.63290513834,3,2
D12_I405_N,L405N-027,PM,8.0,3897.179347826087,3913.8703289746923,3984.08152173913,4220.31531723851,4153.043478260869,45,46
D12_I405_N,L405N-027,NT,8.0,0.0,0.0,0.0,0.0,4772.353260869566,0,0
D12_I405_N,L405N-063,AM,6.0,0.0,0.0,0.0,0.0,2712.1521739130435,0,0
D12_I405_N,L405N-063,MD,6.0,274.5869565217391,263.05959983635523,178.13043478260866,191.5082869297945,5994.199934123846,3,2
D12_I405_N,L405N-063,PM,6.0,3929.478260869565,4007.4954917046744,3929.4782608695655,4425.127349310473,3929.478260869565,48,48
D12_I405_N,L405N-063,NT,6.0,80.84782608695653,88.51555115023086,0.0,0.0,3923.31884057971,1,0
D12_I405_N,L405N-065,AM,5.0,0.0,0.0,0.0,0.0,2874.466666666667,0,0
D12_I405_N,L405N-065,MD,5.0,0.0,0.0,0.0,0.0,6585.270476190476,0,0
D12_I405_N,L405N-065,PM,5.0,1940.9333333333332,2145.12136229638,2036.2666666666664,2610.155872129965,4506.533333333333,22,23
D12_I405_N,L405N-065,NT,5.0,0.0,0.0,0.0,0.0,4528.68,0,0
D12_I405_N,L405N-071,AM,6.0,0.0,0.0,0.0,0.0,2751.905797101449,0,0
D12_I405_N,L405N-071,MD,6.0,413.6811594202898,394.18965781789234,413.6811594202898,436.5705393255073,6562.084321475626,4,4
D12_I405_N,L405N-071,PM,6.0,4324.195652173912,4358.173513198015,4324.195652173913,4902.515008395233,4324.195652173912,48,48
D12_I405_N,L405N-071,NT,6.0,379.1811594202899,396.15496477781494,379.1811594202898,437.8404265836591,4578.630434782608,4,4
D12_I405_N,L405N-074,AM,5.0,0.0,0.0,0.0,0.0,3154.8,0,0
D12_I405_N,L405N-074,MD,5.0,0.0,0.0,0.0,0.0,7140.717786561266,0,0
D12_I405_N,L405N-074,PM,5.0,4509.691304347826,4531.1792149135235,4278.530434782608,4380.662232880246,5563.460869565218,39,37
D12_I405_N,L405N-074,NT,5.0,0.0,0.0,0.0,0.0,5014.15652173913,0,0
D12_I405_N,L405N-076,AM,5.0,2009.7652173913043,2628.529505143895,1874.8695652173917,2463.388413760893,4970.930434782608,16,15
D12_I405_N,L405N-076,MD,5.0,519.4695652173913,659.8270664549036,384.0695652173913,494.6338401203488,9436.147826086955,4,3
D12_I405_N,L405N-076,PM,5.0,0.0,0.0,0.0,0.0,6267.791304347827,0,0
D12_I405_N,L405N-076,NT,5.0,0.0,0.0,0.0,0.0,5923.017391304348,0,0
D12_I405_N,L405N-080,AM,5.0,0.0,0.0,0.0,0.0,4024.7652173913048,0,0
D12_I405_N,L405N-080,MD,5.0,0.0,0.0,0.0,0.0,8145.957312252964,0,0
D12_I405_N,L405N-080,PM,5.0,923.1826086956522,958.5223522382931,0.0,0.0,6293.2956521739125,7,0
D12_I405_N,L405N-080,NT,5.0,0.0,0.0,0.0,0.0,5864.234782608696,0,0
D12_I405_N,L405N-086,AM,6.0,0.0,0.0,0.0,0.0,4042.710144927537,0,0
D12_I405_N,L405N-086,MD,6.0,0.0,0.0,0.0,0.0,8040.944664031621,0,0
D12_I405_N,L405N-086,PM,6.0,3500.260869565217,3507.204980685691,3617.6666666666665,3904.838861620432,5441.528985507246,31,32
D12_I405_N,L405N-086,NT,6.0,0.0,0.0,0.0,0.0,6131.036231884057,0,0
D12_I405_N,L405N-087,AM,6.0,0.0,0.0,0.0,0.0,3280.862318840579,0,0
D12_I405_N,L405N-087,MD,6.0,0.0,0.0,0.0,0.0,7216.393610013176,0,0
D12_I405_N,L405N-087,PM,6.0,3095.9130434782605,3258.473829997373,2977.528985507246,3132.3056283801766,5798.282608695652,26,25
D12_I405_N,L405N-087,NT,6.0,0.0,0.0,0.0,0.0,4979.971014492754,0,0
D12_I405_N,L405N-091,AM,8.0,0.0,0.0,0.0,0.0,3742.7282608695664,0,0
D12_I405_N,L405N-091,MD,8.0,456.6358695652173,458.64244910369945,341.2336956521739,343.02927629643324,7312.289278656126,4,3
D12_I405_N,L405N-091,PM,8.0,5296.869565217391,5336.924279012802,5296.86956521739,5205.62701690534,5296.869565217391,48,48
D12_I405_N,L405N-091,NT,8.0,99.77717391304346,114.64439317992057,99.77717391304348,115.18516364674257,5569.83695652174,1,1
D12_I405_N,L405N-095,AM,5.0,0.0,0.0,0.0,0.0,3330.2181818181807,0,0
D12_I405_N,L405N-095,MD,5.0,0.0,0.0,0.0,0.0,6556.041818181818,0,0
D12_I405_N,L405N-095,PM,5.0,3764.418181818181,3799.4511532816673,3764.4181818181823,4209.464446551481,5196.763636363636,36,36
D12_I405_N,L405N-095,NT,5.0,206.6,212.589472363536,105.25454545454544,120.81661790494248,4944.854545454546,2,1
D12_I405_N,L405N-100,AM,6.0,0.0,0.0,0.0,0.0,2987.6014492753625,0,0
D12_I405_N,L405N-100,MD,6.0,0.0,0.0,0.0,0.0,6821.000658761528,0,0
D12_I405_N,L405N-100,PM,6.0,4273.434782608696,4985.892176219366,4170.949275362319,4874.7997723471535,4555.434782608695,45,44
D12_I405_N,L405N-100,NT,6.0,0.0,0.0,0.0,0.0,4529.376811594202,0,0
D12_I405_N,L405N-110,AM,2.0,0.0,0.0,0.0,0.0,12119.891304347826,0,0
D12_I405_N,L405N-110,MD,2.0,2896.478260869565,2828.2540980611016,2528.4565217391305,2456.4281866053702,24038.50592885376,8,7
D12_I405_N,L405N-110,PM,2.0,16274.391304347826,13749.423763281571,16274.391304347824,13749.423763281571,16274.391304347826,48,48
D12_I405_N,L405N-110,NT,2.0,2437.9565217391305,2933.20298345317,2139.369565217391,2561.363208712923,18254.891304347824,8,7
D12_I405_N,L405N-116,AM,2.0,0.0,0.0,0.0,0.0,9616.826086956524,0,0
D12_I405_N,L405N-116,MD,2.0,2233.826086956522,2289.5471115160003,1859.5217391304343,1905.9182986901044,23261.87747035573,6,5
D12_I405_N,L405N-116,PM,2.0,15793.760869565218,16180.540342842922,15793.760869565216,16180.540342842922,15793.760869565218,48,48
D12_I405_N,L405N-116,NT,2.0,1718.391304347826,1912.791470457793,1373.5,1529.1785578885138,16174.499999999996,5,4
D12_I405_N,L405N-126,AM,1.0,0.0,0.0,0.0,0.0,16592.695652173912,0,0
D12_I405_N,L405N-126,MD,1.0,0.0,0.0,0.0,0.0,33267.17391304347,0,0
D12_I405_N,L405N-126,PM,1.0,5643.608695652173,6306.28798935526,4597.086956521739,5153.277706972247,25468.60869565217,11,9
D12_I405_N,L405N-126,NT,1.0,0.0,0.0,0.0,0.0,20887.913043478264,0,0
D12_I405_N,L405N-134,AM,2.0,0.0,0.0,0.0,0.0,8325.772727272726,0,0
D12_I405_N,L405N-134,MD,2.0,0.0,0.0,0.0,0.0,18851.986363636363,0,0
D12_I405_N,L405N-134,PM,2.0,4964.363636363636,5242.012229831267,3958.727272727273,4191.112613579492,15858.909090909092,15,12
D12_I405_N,L405N-134,NT,2.0,0.0,0.0,0.0,0.0,13573.272727272728,0,0
D12_I405_S,L405S-001,AM,5.0,0.0,0.0,0.0,0.0,3935.0695652173913,0,0
D12_I405_S,L405S-001,MD,5.0,0.0,0.0,0.0,0.0,7695.155731225296,0,0
D12_I405_S,L405S-001,PM,5.0,0.0,0.0,0.0,0.0,5836.617391304348,0,0
D12_I405_S,L405S-001,NT,5.0,0.0,0.0,0.0,0.0,5706.295652173914,0,0
D12_I405_S,L405S-004,AM,8.0,2165.239130434782,2142.95424391721,2066.809782608696,2171.4915477536124,3384.641304347826,23,22
D12_I405_S,L405S-004,MD,8.0,936.0573122529644,989.6105289654918,838.8018774703556,947.6387740675528,6248.725790513834,10,9
D12_I405_S,L405S-004,PM,8.0,0.0,0.0,0.0,0.0,4064.902173913043,0,0
D12_I405_S,L405S-004,NT,8.0,0.0,0.0,0.0,0.0,3829.380434782608,0,0
D12_I405_S,L405S-005,AM,7.0,1995.198757763975,1970.2530800812847,1995.1987577639757,2088.906339943197,3569.068322981366,21,21
D12_I405_S,L405S-005,MD,7.0,695.4658385093167,747.758118609958,695.4658385093168,791.0414912605327,6785.496894409936,7,7
D12_I405_S,L405S-005,PM,7.0,0.0,0.0,0.0,0.0,4337.242236024844,0,0
D12_I405_S,L405S-005,NT,7.0,0.0,0.0,0.0,0.0,4302.813664596273,0,0
D12_I405_S,L405S-020,AM,6.0,2369.143939393939,2431.6811695452093,2253.25,2314.81202025039,3888.0454545454554,21,20
D12_I405_S,L405S-020,MD,6.0,527.8181818181818,583.8254241053532,422.8636363636363,466.574405329975,6975.76515151515,5,4
D12_I405_S,L405S-020,PM,6.0,683.6287878787878,817.7188832201268,0.0,0.0,4842.15909090909,7,0
D12_I405_S,L405S-020,NT,6.0,0.0,0.0,0.0,0.0,4854.363636363636,0,0
D12_I405_S,L405S-024,AM,5.0,1396.6916666666668,1550.0509830346036,1137.175,1267.644280978865,4334.075,11,9
D12_I405_S,L405S-024,MD,5.0,0.0,0.0,0.0,0.0,7972.511956521739,0,0
D12_I405_S,L405S-024,PM,5.0,0.0,0.0,0.0,0.0,5733.666666666666,0,0
D12_I405_S,L405S-024,NT,5.0,0.0,0.0,0.0,0.0,5625.241666666666,0,0
D12_I405_S,L405S-041,AM,6.0,0.0,0.0,0.0,0.0,3206.380434782609,0,0
D12_I405_S,L405S-041,MD,6.0,0.0,0.0,0.0,0.0,6354.068675889328,0,0
D12_I405_S,L405S-041,PM,6.0,0.0,0.0,0.0,0.0,4288.518115942028,0,0
D12_I405_S,L405S-041,NT,6.0,0.0,0.0,0.0,0.0,4756.38768115942,0,0
D12_I405_S,L405S-108,AM,2.0,5080.245283018868,6141.529934295537,4786.628930817609,5816.984115507189,10116.11320754717,19,18
D12_I405_S,L405S-108,MD,2.0,789.7044025157231,973.3888037877756,258.7955974842767,324.3108522700072,20704.90785293793,3,1
D12_I405_S,L405S-108,PM,2.0,0.0,0.0,0.0,0.0,14160.97291575669,0,0
D12_I405_S,L405S-108,NT,2.0,0.0,0.0,0.0,0.0,13984.35010667488,0,0
D12_I405_S,L405S-110,AM,2.0,0.0,0.0,0.0,0.0,14206.657608695652,0,0
D12_I405_S,L405S-110,MD,2.0,0.0,0.0,0.0,0.0,26270.421442687744,0,0
D12_I405_S,L405S-110,PM,2.0,0.0,0.0,0.0,0.0,19666.91304347826,0,0
D12_I405_S,L405S-110,NT,2.0,0.0,0.0,0.0,0.0,20105.94384456124,0,0
D12_I405_S,L405S-112,AM,2.0,4614.545454545454,6012.572271104357,2763.454545454546,3575.32029074735,8717.772727272726,20,12
D12_I405_S,L405S-112,MD,2.0,0.0,0.0,0.0,0.0,17919.81818181818,0,0
D12_I405_S,L405S-112,PM,2.0,0.0,0.0,0.0,0.0,12393.5,0,0
D12_I405_S,L405S-112,NT,2.0,0.0,0.0,0.0,0.0,12405.636363636362,0,0
D12_I405_S,L405S-114,AM,2.0,5097.934782608696,5172.970494714884,4843.760869565218,6788.718945711645,7049.152173913044,28,27
D12_I405_S,L405S-114,MD,2.0,2199.4505928853755,2290.214618629375,2199.4505928853755,2992.1642442290854,15377.385375494068,11,11
D12_I405_S,L405S-114,PM,2.0,0.0,0.0,0.0,0.0,11081.173913043476,0,0
D12_I405_S,L405S-114,NT,2.0,0.0,0.0,0.0,0.0,11280.304347826088,0,0
D12_I405_S,L405S-115,AM,2.0,6246.125,5975.137679958943,5913.6875,7006.554864182447,8231.375,29,28
D12_I405_S,L405S-115,MD,2.0,3074.2791666666662,3333.7945768256423,2828.5291666666662,3702.578494398717,17885.310416666667,13,12
D12_I405_S,L405S-115,PM,2.0,0.0,0.0,0.0,0.0,13248.09375,0,0
D12_I405_S,L405S-115,NT,2.0,0.0,0.0,0.0,0.0,13277.3125,0,0
D12_I405_S,L405S-117,AM,2.0,7139.804347826086,7711.033544854822,6810.847826086956,7340.778606072792,11321.760869565218,23,22
D12_I405_S,L405S-117,MD,2.0,3111.2104743083,3591.7868891766584,2783.906126482213,3221.5664088994445,21282.558300395256,10,9
D12_I405_S,L405S-117,PM,2.0,0.0,0.0,0.0,0.0,13832.239130434784,0,0
D12_I405_S,L405S-117,NT,2.0,0.0,0.0,0.0,0.0,13475.195652173914,0,0
D12_I405_S,L405S-132,AM,2.0,7847.260869565216,8785.502019299765,7473.19565217391,8419.723617785334,10037.347826086954,29,28
D12_I405_S,L405S-132,MD,2.0,3134.179841897233,3865.1121614482954,2829.0494071146245,3496.125552364124,21609.701581027668,11,10
D12_I405_S,L405S-132,PM,2.0,0.0,0.0,0.0,0.0,15549.347826086954,0,0
D12_I405_S,L405S-132,NT,2.0,0.0,0.0,0.0,0.0,14509.021739130434,0,0
D12_I5_N,L5N-006,AM,5.0,0.0,0.0,0.0,0.0,3186.8956521739133,0,0
D12_I5_N,L5N-006,MD,5.0,0.0,0.0,0.0,0.0,6217.394861660079,0,0
D12_I5_N,L5N-006,PM,5.0,0.0,0.0,0.0,0.0,3990.365217391304,0,0
D12_I5_N,L5N-006,NT,5.0,0.0,0.0,0.0,0.0,3498.4695652173914,0,0
D12_I5_N,L5N-007,AM,5.0,0.0,0.0,0.0,0.0,3506.782608695652,0,0
D12_I5_N,L5N-007,MD,5.0,0.0,0.0,0.0,0.0,6872.91381642512,0,0
D12_I5_N,L5N-007,PM,5.0,0.0,0.0,0.0,0.0,4257.704347826087,0,0
D12_I5_N,L5N-007,NT,5.0,0.0,0.0,0.0,0.0,4045.191304347827,0,0
D12_I5_N,L5N-010,AM,6.0,0.0,0.0,0.0,0.0,2814.000793650794,0,0
D12_I5_N,L5N-010,MD,6.0,511.5396825396826,521.5280074981944,511.5396825396826,590.5154556607336,5932.687886382622,6,6
D12_I5_N,L5N-010,PM,6.0,2004.97619047619,2068.4395847505953,2004.97619047619,2339.9554733994914,4082.594444444445,24,24
D12_I5_N,L5N-010,NT,6.0,0.0,0.0,0.0,0.0,4257.746031746032,0,0
D12_I5_N,L5N-018,AM,4.0,0.0,0.0,0.0,0.0,2518.869565217391,0,0
D12_I5_N,L5N-018,MD,4.0,0.0,0.0,0.0,0.0,5848.92391304348,0,0
D12_I5_N,L5N-018,PM,4.0,0.0,0.0,0.0,0.0,3793.630434782609,0,0
D12_I5_N,L5N-018,NT,4.0,0.0,0.0,0.0,0.0,3496.576086956521,0,0
D12_I5_N,L5N-021,AM,5.0,0.0,0.0,0.0,0.0,2982.1090909090917,0,0
D12_I5_N,L5N-021,MD,5.0,0.0,0.0,0.0,0.0,6270.200000000001,0,0
D12_I5_N,L5N-021,PM,5.0,0.0,0.0,0.0,0.0,3927.345454545455,0,0
D12_I5_N,L5N-021,NT,5.0,0.0,0.0,0.0,0.0,3478.0454545454545,0,0
D12_I5_N,L5N-025,AM,5.0,0.0,0.0,0.0,0.0,3679.3454545454542,0,0
D12_I5_N,L5N-025,MD,5.0,0.0,0.0,0.0,0.0,7507.072727272725,0,0
D12_I5_N,L5N-025,PM,5.0,0.0,0.0,0.0,0.0,4949.818181818182,0,0
D12_I5_N,L5N-025,NT,5.0,0.0,0.0,0.0,0.0,4034.59090909091,0,0
D12_I5_N,L5N-028,AM,6.0,1612.2583333333334,1379.207859442455,1510.925,1745.338677841626,3271.5599206349207,17,16
D12_I5_N,L5N-028,MD,6.0,1811.181746031746,1766.5128642830389,1901.0589390142025,2499.639522982094,6301.267272347534,22,23
D12_I5_N,L5N-028,PM,6.0,3419.6194444444445,3699.245904943395,3419.6194444444445,5102.748361206195,3419.6194444444445,48,48
D12_I5_N,L5N-028,NT,6.0,145.05555555555554,166.83907774156978,145.05555555555554,220.4623738704796,4817.976190476191,2,2
D12_I5_N,L5N-034,AM,6.0,0.0,0.0,0.0,0.0,3440.9111721611725,0,0
D12_I5_N,L5N-034,MD,6.0,0.0,0.0,0.0,0.0,7360.765540015539,0,0
D12_I5_N,L5N-034,PM,6.0,0.0,0.0,0.0,0.0,4389.369963369963,0,0
D12_I5_N,L5N-034,NT,6.0,0.0,0.0,0.0,0.0,5657.785714285714,0,0
D12_I5_N,L5N-035,AM,5.0,0.0,0.0,0.0,0.0,3591.1209486166,0,0
D12_I5_N,L5N-035,MD,5.0,718.2434782608696,711.302271915737,718.2434782608696,913.85240086224,6672.614925654056,8,8
D12_I5_N,L5N-035,PM,5.0,3774.6090909090913,3945.417754045943,3774.6090909090913,5224.034053574358,3774.6090909090913,48,48
D12_I5_N,L5N-035,NT,5.0,328.78260869565213,359.51362258735986,246.56521739130432,343.43628726143527,5435.026086956521,4,3
D12_I5_N,L5N-038,AM,6.0,0.0,0.0,0.0,0.0,3734.207875457876,0,0
D12_I5_N,L5N-038,MD,6.0,3192.5203546453545,3693.8726968482174,2982.603687978688,3454.4806982669083,7392.824994449993,31,29
D12_I5_N,L5N-038,PM,6.0,4213.481837606837,5687.702282850361,4213.481837606837,5687.7022828503605,4213.481837606837,48,48
D12_I5_N,L5N-038,NT,6.0,276.7857142857142,358.6779196874362,183.84523809523807,238.98322436904104,5522.130952380952,3,2
D12_I5_N,L5N-042,AM,8.0,0.0,0.0,0.0,0.0,2976.5815217391305,0,0
D12_I5_N,L5N-042,MD,8.0,0.0,0.0,0.0,0.0,5896.063241106718,0,0
D12_I5_N,L5N-042,PM,8.0,942.4293478260868,1195.8649168441375,867.3315217391303,1103.759233014334,3739.993824110672,13,12
D12_I5_N,L5N-042,NT,8.0,1071.0760869565215,1335.6980004971947,0.0,0.0,6547.005434782608,15,0
D12_I5_N,L5N-043,AM,6.0,0.0,0.0,0.0,0.0,3164.3768115942025,0,0
D12_I5_N,L5N-043,MD,6.0,188.4621212121212,176.1736632546818,93.38636363636364,99.44395313929566,6286.736495388669,2,1
D12_I5_N,L5N-043,PM,6.0,3439.885704874836,3473.316386674198,3439.8857048748346,4161.754576464691,3439.885704874836,48,48
D12_I5_N,L5N-043,NT,6.0,744.0869565217391,757.5196276797511,659.3550724637681,774.7164458222301,5558.485507246377,9,8
D12_I5_N,L5N-045,AM,6.0,0.0,0.0,0.0,0.0,3020.991228070176,0,0
D12_I5_N,L5N-045,MD,6.0,466.80555555555554,422.4231042172651,371.0740740740741,387.0878749395177,6174.686159844054,5,4
D12_I5_N,L5N-045,PM,6.0,3585.633528265107,3657.3096259214626,3585.633528265107,4374.273761554551,3585.633528265107,48,48
D12_I5_N,L5N-045,NT,6.0,765.1754385964911,751.5325333635321,678.9649122807016,770.0034349919919,5476.722368421052,9,8
D12_I5_N,L5N-050,AM,6.0,0.0,0.0,0.0,0.0,2974.786458333333,0,0
D12_I5_N,L5N-050,MD,6.0,0.0,0.0,0.0,0.0,6348.833333333333,0,0
D12_I5_N,L5N-050,PM,6.0,0.0,0.0,0.0,0.0,4648.1875,0,0
D12_I5_N,L5N-050,NT,6.0,0.0,0.0,0.0,0.0,3798.052083333333,0,0
D12_I5_N,L5N-051,AM,3.0,0.0,0.0,0.0,0.0,4470.306776556777,0,0
D12_I5_N,L5N-051,MD,3.0,0.0,0.0,0.0,0.0,7911.130341880341,0,0
D12_I5_N,L5N-051,PM,3.0,0.0,0.0,0.0,0.0,5196.8177655677655,0,0
D12_I5_N,L5N-051,NT,3.0,0.0,0.0,0.0,0.0,5278.785714285714,0,0
D12_I5_N,L5N-056,AM,5.0,0.0,0.0,0.0,0.0,3111.869565217391,0,0
D12_I5_N,L5N-056,MD,5.0,0.0,0.0,0.0,0.0,6540.4,0,0
D12_I5_N,L5N-056,PM,5.0,0.0,0.0,0.0,0.0,4302.382608695652,0,0
D12_I5_N,L5N-056,NT,5.0,0.0,0.0,0.0,0.0,3907.71304347826,0,0
D12_I5_N,L5N-057,AM,5.0,0.0,0.0,0.0,0.0,2417.765217391304,0,0
D12_I5_N,L5N-057,MD,5.0,0.0,0.0,0.0,0.0,4969.2,0,0
D12_I5_N,L5N-057,PM,5.0,0.0,0.0,0.0,0.0,3150.939130434783,0,0
D12_I5_N,L5N-057,NT,5.0,0.0,0.0,0.0,0.0,2837.826086956522,0,0
D12_I5_N,L5N-061,AM,6.0,0.0,0.0,0.0,0.0,3948.3768115942025,0,0
D12_I5_N,L5N-061,MD,6.0,0.0,0.0,0.0,0.0,7255.449275362318,0,0
D12_I5_N,L5N-061,PM,6.0,0.0,0.0,0.0,0.0,4429.036231884058,0,0
D12_I5_N,L5N-061,NT,6.0,0.0,0.0,0.0,0.0,4475.95652173913,0,0
D12_I5_N,L5N-062,AM,7.0,0.0,0.0,0.0,0.0,3040.186335403726,0,0
D12_I5_N,L5N-062,MD,7.0,0.0,0.0,0.0,0.0,6086.372670807454,0,0
D12_I5_N,L5N-062,PM,7.0,0.0,0.0,0.0,0.0,4130.422360248447,0,0
D12_I5_N,L5N-062,NT,7.0,0.0,0.0,0.0,0.0,3267.9689440993798,0,0
D12_I5_N,L5N-070,AM,5.0,0.0,0.0,0.0,0.0,3510.1652173913044,0,0
D12_I5_N,L5N-070,MD,5.0,0.0,0.0,0.0,0.0,7598.517786561264,0,0
D12_I5_N,L5N-070,PM,5.0,0.0,0.0,0.0,0.0,5804.778656126482,0,0
D12_I5_N,L5N-070,NT,5.0,0.0,0.0,0.0,0.0,7170.121739130435,0,0
D12_I5_N,L5N-072,AM,4.0,0.0,0.0,0.0,0.0,3615.934782608695,0,0
D12_I5_N,L5N-072,MD,4.0,0.0,0.0,0.0,0.0,7252.716897233202,0,0
D12_I5_N,L5N-072,PM,4.0,1444.6956521739132,1500.3726910341466,2001.0652173913045,2475.167375163557,4612.165513833992,16,22
D12_I5_N,L5N-072,NT,4.0,0.0,0.0,0.0,0.0,6879.29891304348,0,0
D12_I5_N,L5N-073,AM,4.0,0.0,0.0,0.0,0.0,3203.5454545454545,0,0
D12_I5_N,L5N-073,MD,4.0,0.0,0.0,0.0,0.0,7669.545454545454,0,0
D12_I5_N,L5N-073,PM,4.0,0.0,0.0,0.0,0.0,4833.022727272728,0,0
D12_I5_N,L5N-073,NT,4.0,0.0,0.0,0.0,0.0,4420.568181818182,0,0
D12_I5_N,L5N-074,AM,5.0,0.0,0.0,0.0,0.0,2926.376470588235,0,0
D12_I5_N,L5N-074,MD,5.0,0.0,0.0,0.0,0.0,6589.329411764706,0,0
D12_I5_N,L5N-074,PM,5.0,0.0,0.0,0.0,0.0,4258.094117647059,0,0
D12_I5_N,L5N-074,NT,5.0,0.0,0.0,0.0,0.0,3685.776470588235,0,0
D12_I5_N,L5N-079,AM,5.0,0.0,0.0,0.0,0.0,2952.670588235293,0,0
D12_I5_N,L5N-079,MD,5.0,0.0,0.0,0.0,0.0,6631.0,0,0
D12_I5_N,L5N-079,PM,5.0,0.0,0.0,0.0,0.0,4283.8117647058825,0,0
D12_I5_N,L5N-079,NT,5.0,0.0,0.0,0.0,0.0,3692.552941176471,0,0
D12_I5_N,L5N-080,AM,4.0,0.0,0.0,0.0,0.0,3122.608695652174,0,0
D12_I5_N,L5N-080,MD,4.0,0.0,0.0,0.0,0.0,6941.380434782608,0,0
D12_I5_N,L5N-080,PM,4.0,0.0,0.0,0.0,0.0,4492.06966403162,0,0
D12_I5_N,L5N-080,NT,4.0,0.0,0.0,0.0,0.0,6251.90662055336,0,0
D12_I5_N,L5N-086,AM,7.0,0.0,0.0,0.0,0.0,4008.416149068324,0,0
D12_I5_N,L5N-086,MD,7.0,0.0,0.0,0.0,0.0,7441.018633540372,0,0
D12_I5_N,L5N-086,PM,7.0,0.0,0.0,0.0,0.0,4575.291925465838,0,0
D12_I5_N,L5N-086,NT,7.0,0.0,0.0,0.0,0.0,4233.801242236023,0,0
D12_I5_N,L5N-090,AM,5.0,0.0,0.0,0.0,0.0,4752.591304347825,0,0
D12_I5_N,L5N-090,MD,5.0,0.0,0.0,0.0,0.0,8753.660869565218,0,0
D12_I5_N,L5N-090,PM,5.0,0.0,0.0,0.0,0.0,5345.626086956521,0,0
D12_I5_N,L5N-090,NT,5.0,0.0,0.0,0.0,0.0,5399.191304347827,0,0
D12_I5_N,L5N-095,AM,5.0,0.0,0.0,0.0,0.0,1855.2956521739131,0,0
D12_I5_N,L5N-095,MD,5.0,0.0,0.0,0.0,0.0,4383.44347826087,0,0
D12_I5_N,L5N-095,PM,5.0,0.0,0.0,0.0,0.0,2847.965217391304,0,0
D12_I5_N,L5N-095,NT,5.0,0.0,0.0,0.0,0.0,2578.130434782609,0,0
D12_I5_N,L5N-101,AM,6.0,0.0,0.0,0.0,0.0,2919.255423280423,0,0
D12_I5_N,L5N-101,MD,6.0,0.0,0.0,0.0,0.0,5468.68289265201,0,0
D12_I5_N,L5N-101,PM,6.0,0.0,0.0,0.0,0.0,4176.110285629403,0,0
D12_I5_N,L5N-101,NT,6.0,0.0,0.0,0.0,0.0,6246.328703703703,0,0
D12_I5_N,L5N-106,AM,5.0,0.0,0.0,0.0,0.0,4699.999999999999,0,0
D12_I5_N,L5N-106,MD,5.0,0.0,0.0,0.0,0.0,8604.434782608696,0,0
D12_I5_N,L5N-106,PM,5.0,0.0,0.0,0.0,0.0,5263.35652173913,0,0
D12_I5_N,L5N-106,NT,5.0,0.0,0.0,0.0,0.0,5313.069565217391,0,0
D12_I5_N,L5N-114,AM,5.0,0.0,0.0,0.0,0.0,3305.32,0,0
D12_I5_N,L5N-114,MD,5.0,0.0,0.0,0.0,0.0,6343.596842105262,0,0
D12_I5_N,L5N-114,PM,5.0,0.0,0.0,0.0,0.0,4009.05,0,0
D12_I5_N,L5N-114,NT,5.0,0.0,0.0,0.0,0.0,3817.5,0,0
D12_I5_N,L5N-115,AM,5.0,0.0,0.0,0.0,0.0,3082.365217391304,0,0
D12_I5_N,L5N-115,MD,5.0,0.0,0.0,0.0,0.0,6104.991304347826,0,0
D12_I5_N,L5N-115,PM,5.0,0.0,0.0,0.0,0.0,3998.782608695653,0,0
D12_I5_N,L5N-115,NT,5.0,0.0,0.0,0.0,0.0,3762.365217391304,0,0
D12_I5_N,L5N-116,AM,6.0,0.0,0.0,0.0,0.0,3133.710144927536,0,0
D12_I5_N,L5N-116,MD,6.0,0.0,0.0,0.0,0.0,6366.630434782608,0,0
D12_I5_N,L5N-116,PM,6.0,0.0,0.0,0.0,0.0,4173.449275362318,0,0
D12_I5_N,L5N-116,NT,6.0,0.0,0.0,0.0,0.0,3830.173913043477,0,0
D12_I5_N,L5N-117,AM,5.0,0.0,0.0,0.0,0.0,2855.525,0,0
D12_I5_N,L5N-117,MD,5.0,0.0,0.0,0.0,0.0,5816.594999999999,0,0
D12_I5_N,L5N-117,PM,5.0,0.0,0.0,0.0,0.0,3763.53,0,0
D12_I5_N,L5N-117,NT,5.0,0.0,0.0,0.0,0.0,3700.97,0,0
D12_I5_N,L5N-119,AM,5.0,0.0,0.0,0.0,0.0,2838.026086956522,0,0
D12_I5_N,L5N-119,MD,5.0,0.0,0.0,0.0,0.0,5981.617391304348,0,0
D12_I5_N,L5N-119,PM,5.0,0.0,0.0,0.0,0.0,3894.469565217392,0,0
D12_I5_N,L5N-119,NT,5.0,0.0,0.0,0.0,0.0,3607.0956521739135,0,0
D12_I5_N,L5N-122,AM,5.0,0.0,0.0,0.0,0.0,2587.48,0,0
D12_I5_N,L5N-122,MD,5.0,0.0,0.0,0.0,0.0,5893.954999999999,0,0
D12_I5_N,L5N-122,PM,5.0,0.0,0.0,0.0,0.0,3741.095,0,0
D12_I5_N,L5N-122,NT,5.0,0.0,0.0,0.0,0.0,3427.46,0,0
D12_I5_N,L5N-125,AM,5.0,0.0,0.0,0.0,0.0,2334.147826086956,0,0
D12_I5_N,L5N-125,MD,5.0,0.0,0.0,0.0,0.0,5207.565217391304,0,0
D12_I5_N,L5N-125,PM,5.0,0.0,0.0,0.0,0.0,3286.565217391304,0,0
D12_I5_N,L5N-125,NT,5.0,0.0,0.0,0.0,0.0,3154.504347826087,0,0
D12_I5_N,L5N-128,AM,6.0,0.0,0.0,0.0,0.0,3030.4473684210525,0,0
D12_I5_N,L5N-128,MD,6.0,480.787037037037,472.991447843594,382.77777777777777,400.2914389848565,6373.637426900584,5,4
D12_I5_N,L5N-128,PM,6.0,4397.073586744639,4398.7733355835335,4397.07358674464,4671.603439831773,4397.073586744639,48,48
D12_I5_N,L5N-128,NT,6.0,626.9210526315788,660.5272290342618,538.3771929824562,599.1653772563715,5651.364473684211,7,6
D12_I5_N,L5N-129,AM,5.0,0.0,0.0,0.0,0.0,3143.278260869565,0,0
D12_I5_N,L5N-129,MD,5.0,0.0,0.0,0.0,0.0,7009.566403162055,0,0
D12_I5_N,L5N-129,PM,5.0,0.0,0.0,0.0,0.0,5226.668379446641,0,0
D12_I5_N,L5N-129,NT,5.0,0.0,0.0,0.0,0.0,6726.513043478262,0,0
D12_I5_N,L5N-130,AM,6.0,0.0,0.0,0.0,0.0,2672.181818181818,0,0
D12_I5_N,L5N-130,MD,6.0,0.0,0.0,0.0,0.0,5202.281818181818,0,0
D12_I5_N,L5N-130,PM,6.0,0.0,0.0,0.0,0.0,3971.337878787879,0,0
D12_I5_N,L5N-130,NT,6.0,0.0,0.0,0.0,0.0,7137.40909090909,0,0
D12_I5_N,L5N-131,AM,6.0,0.0,0.0,0.0,0.0,4184.384615384615,0,0
D12_I5_N,L5N-131,MD,6.0,1654.9696969696972,1601.3481106757572,1541.7727272727273,1855.180539122624,8047.7466006216,15,14
D12_I5_N,L5N-131,PM,6.0,4610.728535353535,4746.97948127633,4610.728535353534,6083.085939467841,4610.728535353535,48,48
D12_I5_N,L5N-131,NT,6.0,821.2083333333333,860.3629258961694,918.3194444444443,1198.0036229183258,6562.928418803418,8,9
D12_I5_N,L5N-132,AM,7.0,0.0,0.0,0.0,0.0,3480.4333333333325,0,0
D12_I5_N,L5N-132,MD,7.0,1569.169312169312,1515.9980553170944,1473.8306878306878,1734.57670191916,6719.227982380691,17,16
D12_I5_N,L5N-132,PM,7.0,3873.291005291005,4001.3202278976205,3873.2910052910056,4974.3366734181645,3873.291005291005,48,48
D12_I5_N,L5N-132,NT,7.0,925.25,1000.0103549473349,838.0918367346939,1096.7878562050553,5632.136734693877,11,10
D12_I5_N,L5N-133,AM,6.0,981.4920634920636,975.9593436061682,1076.9325396825395,1342.0127825866766,3204.814754689755,11,12
D12_I5_N,L5N-133,MD,6.0,1221.5869408369408,1200.6550171960648,1221.5869408369408,1536.901480304027,6616.799044011544,14,14
D12_I5_N,L5N-133,PM,6.0,3034.7386363636365,3189.7407671403166,3034.738636363636,4114.3734208526375,3847.146284271285,38,38
D12_I5_N,L5N-133,NT,6.0,0.0,0.0,0.0,0.0,4649.102272727272,0,0
D12_I5_N,L5N-134,AM,7.0,0.0,0.0,0.0,0.0,3440.21978021978,0,0
D12_I5_N,L5N-134,MD,7.0,1056.2337662337663,1149.2824224664055,965.2857142857144,1158.9454061519175,6556.668664668665,12,11
D12_I5_N,L5N-134,PM,7.0,3547.023809523809,3466.8792476586714,3547.023809523809,3787.6489729644863,3547.023809523809,48,48
D12_I5_N,L5N-134,NT,7.0,823.4166666666666,973.7605816200767,745.6547619047618,967.0578297974482,5389.58608058608,10,9
D12_I5_N,L5N-135,AM,6.0,0.0,0.0,0.0,0.0,2888.4927536231885,0,0
D12_I5_N,L5N-135,MD,6.0,712.681818181818,662.4012981634182,621.5757575757576,664.3104135340136,6014.961791831357,8,7
D12_I5_N,L5N-135,PM,6.0,3649.518115942029,3860.5534496658825,3649.5181159420295,4484.316756012571,3649.518115942029,48,48
D12_I5_N,L5N-135,NT,6.0,652.731884057971,658.0453195720805,569.5289855072464,661.5798088632789,5237.202898550725,8,7
D12_I5_N,L5N-138,AM,7.0,0.0,0.0,0.0,0.0,2361.1460111317256,0,0
D12_I5_N,L5N-138,MD,7.0,388.99350649350646,390.3453883524826,306.99350649350646,328.656297518293,5036.721614100185,5,4
D12_I5_N,L5N-138,PM,7.0,2751.051948051948,2761.5517713673426,2751.0519480519483,2933.4615568531217,3724.699443413729,35,35
D12_I5_N,L5N-138,NT,7.0,0.0,0.0,0.0,0.0,3750.480519480519,0,0
D12_I5_N,L5N-140,AM,5.0,0.0,0.0,0.0,0.0,3101.9363663663667,0,0
D12_I5_N,L5N-140,MD,5.0,0.0,0.0,0.0,0.0,6037.870995280995,0,0
D12_I5_N,L5N-140,PM,5.0,555.7708708708708,639.1482888325149,0.0,0.0,4236.327512806924,6,0
D12_I5_N,L5N-140,NT,5.0,0.0,0.0,0.0,0.0,4124.395645645645,0,0
D12_I5_N,L5N-142,AM,6.0,0.0,0.0,0.0,0.0,2890.797101449275,0,0
D12_I5_N,L5N-142,MD,6.0,0.0,0.0,0.0,0.0,5357.376152832674,0,0
D12_I5_N,L5N-142,PM,6.0,0.0,0.0,0.0,0.0,4095.908761528327,0,0
D12_I5_N,L5N-142,NT,6.0,0.0,0.0,0.0,0.0,5778.079710144928,0,0
D12_I5_N,L5N-144,AM,6.0,0.0,0.0,0.0,0.0,2641.797101449275,0,0
D12_I5_N,L5N-144,MD,6.0,0.0,0.0,0.0,0.0,5565.877799736496,0,0
D12_I5_N,L5N-144,PM,6.0,0.0,0.0,0.0,0.0,4413.708827404479,0,0
D12_I5_N,L5N-144,NT,6.0,0.0,0.0,0.0,0.0,5886.297101449274,0,0
D12_I5_N,L5N-145,AM,7.0,0.0,0.0,0.0,0.0,4096.068322981366,0,0
D12_I5_N,L5N-145,MD,7.0,0.0,0.0,0.0,0.0,7310.90909090909,0,0
D12_I5_N,L5N-145,PM,7.0,0.0,0.0,0.0,0.0,4438.037831733484,0,0
D12_I5_N,L5N-145,NT,7.0,0.0,0.0,0.0,0.0,4652.944099378882,0,0
D12_I5_N,L5N-146,AM,5.0,0.0,0.0,0.0,0.0,3145.1652173913044,0,0
D12_I5_N,L5N-146,MD,5.0,506.2727272727273,513.4893773458484,403.0,409.2004621954222,6677.12766798419,5,4
D12_I5_N,L5N-146,PM,5.0,4773.853359683794,4740.582538561775,4773.853359683795,4714.600923543837,4773.853359683794,48,48
D12_I5_N,L5N-146,NT,5.0,678.408695652174,718.309840958235,581.6347826086956,613.6407122538379,6127.973913043477,7,6
D12_I5_N,L5N-147,AM,6.0,0.0,0.0,0.0,0.0,3041.1315789473683,0,0
D12_I5_N,L5N-147,MD,6.0,0.0,0.0,0.0,0.0,6249.899122807017,0,0
D12_I5_N,L5N-147,PM,6.0,0.0,0.0,0.0,0.0,4963.982943469786,0,0
D12_I5_N,L5N-147,NT,6.0,0.0,0.0,0.0,0.0,6511.612865497075,0,0
D12_I5_N,L5N-148,AM,5.0,0.0,0.0,0.0,0.0,3234.517391304348,0,0
D12_I5_N,L5N-148,MD,5.0,0.0,0.0,0.0,0.0,6871.219960474307,0,0
D12_I5_N,L5N-148,PM,5.0,0.0,0.0,0.0,0.0,5583.359683794466,0,0
D12_I5_N,L5N-148,NT,5.0,0.0,0.0,0.0,0.0,7465.05652173913,0,0
D12_I5_N,L5N-152,AM,6.0,0.0,0.0,0.0,0.0,3006.0350877192977,0,0
D12_I5_N,L5N-152,MD,6.0,0.0,0.0,0.0,0.0,6368.666179337231,0,0
D12_I5_N,L5N-152,PM,6.0,0.0,0.0,0.0,0.0,5135.002436647173,0,0
D12_I5_N,L5N-152,NT,6.0,0.0,0.0,0.0,0.0,6641.8776315789455,0,0
D12_I5_N,L5N-157,AM,6.0,0.0,0.0,0.0,0.0,3639.525198412698,0,0
D12_I5_N,L5N-157,MD,6.0,667.0628968253968,822.4527703427314,288.4872023809524,352.38464362106106,6894.007142857143,7,3
D12_I5_N,L5N-157,PM,6.0,4093.201587301586,5564.164550758,4093.201587301586,5564.164550758001,4093.201587301586,48,48
D12_I5_N,L5N-157,NT,6.0,174.94791666666666,235.0062439361931,88.1875,117.5237875780851,5287.6875,2,1
D12_I5_N,L5N-159,AM,5.0,0.0,0.0,0.0,0.0,4403.930434782608,0,0
D12_I5_N,L5N-159,MD,5.0,0.0,0.0,0.0,0.0,8575.247035573122,0,0
D12_I5_N,L5N-159,PM,5.0,3883.478260869566,3943.0218180665506,3883.478260869565,4669.89998011916,5586.310671936759,34,34
D12_I5_N,L5N-159,NT,5.0,0.0,0.0,0.0,0.0,7247.834782608696,0,0
D12_I5_N,L5N-161,AM,7.0,1679.4752628324054,1498.2868773245366,1580.0401978973405,1704.206960960027,3137.618119975263,18,17
D12_I5_N,L5N-161,MD,7.0,3127.644310451453,3044.6683693193286,2952.902813852813,3470.8371915611315,6214.406215213357,37,35
D12_I5_N,L5N-161,PM,7.0,3378.4390847247987,3750.290736244042,3378.4390847247987,4586.958768573537,3378.4390847247987,48,48
D12_I5_N,L5N-161,NT,7.0,525.1753246753246,592.5157827136527,448.5064935064935,607.6954394893628,4754.233766233767,7,6
D12_I5_N,L5N-162,AM,6.0,0.0,0.0,0.0,0.0,2956.06782106782,0,0
D12_I5_N,L5N-162,MD,6.0,1437.7002164502169,1781.801491165383,856.698051948052,1047.1079110368394,5940.80974025974,17,10
D12_I5_N,L5N-162,PM,6.0,3560.0649350649337,4810.271585277958,3484.0043290043286,4705.294185025657,3707.16341991342,46,45
D12_I5_N,L5N-162,NT,6.0,0.0,0.0,0.0,0.0,4027.015151515151,0,0
D12_I5_N,L5N-163,AM,6.0,1739.4224386724386,1728.837271095636,1622.2936507936508,1838.949338811508,3451.149711399711,17,16
D12_I5_N,L5N-163,MD,6.0,1871.292207792208,1914.9806895549377,1670.5223665223666,1923.5414249598027,7070.125541125541,20,18
D12_I5_N,L5N-163,PM,6.0,3988.6897546897553,4096.740301344692,3902.3261183261184,4477.538532740424,4072.5761183261184,47,46
D12_I5_N,L5N-163,NT,6.0,0.0,0.0,0.0,0.0,4994.068181818182,0,0
D12_I5_N,L5N-165,AM,7.0,615.5578231292517,671.7058083226297,783.9523809523808,942.8149489157324,2687.2093382807666,8,10
D12_I5_N,L5N-165,MD,7.0,813.1601731601731,815.8269738572399,725.6363636363636,830.2230829665799,5849.597247990105,10,9
D12_I5_N,L5N-165,PM,7.0,2859.785714285714,2865.856807894167,2782.480519480519,3178.285631042705,3797.757575757576,36,35
D12_I5_N,L5N-165,NT,7.0,0.0,0.0,0.0,0.0,4124.2467532467535,0,0
D12_I5_N,L5N-166,AM,5.0,0.0,0.0,0.0,0.0,3842.885384615384,0,0
D12_I5_N,L5N-166,MD,5.0,0.0,0.0,0.0,0.0,7917.057132867133,0,0
D12_I5_N,L5N-166,PM,5.0,949.1455710955712,998.2891954320735,0.0,0.0,5965.916083916083,7,0
D12_I5_N,L5N-166,NT,5.0,0.0,0.0,0.0,0.0,5561.353846153846,0,0
D12_I5_N,L5N-167,AM,6.0,0.0,0.0,0.0,0.0,2808.833333333333,0,0
D12_I5_N,L5N-167,MD,6.0,0.0,0.0,0.0,0.0,5980.615942028985,0,0
D12_I5_N,L5N-167,PM,6.0,0.0,0.0,0.0,0.0,4328.572463768116,0,0
D12_I5_N,L5N-167,NT,6.0,0.0,0.0,0.0,0.0,4235.514492753623,0,0
D12_I5_N,L5N-171,AM,5.0,0.0,0.0,0.0,0.0,2788.11304347826,0,0
D12_I5_N,L5N-171,MD,5.0,0.0,0.0,0.0,0.0,6041.380632411067,0,0
D12_I5_N,L5N-171,PM,5.0,0.0,0.0,0.0,0.0,3855.382608695653,0,0
D12_I5_N,L5N-171,NT,5.0,0.0,0.0,0.0,0.0,3542.5391304347822,0,0
D12_I5_N,L5N-173,AM,5.0,0.0,0.0,0.0,0.0,3351.927272727273,0,0
D12_I5_N,L5N-173,MD,5.0,0.0,0.0,0.0,0.0,6812.663636363635,0,0
D12_I5_N,L5N-173,PM,5.0,0.0,0.0,0.0,0.0,4398.3,0,0
D12_I5_N,L5N-173,NT,5.0,0.0,0.0,0.0,0.0,3697.5454545454554,0,0
D12_I5_N,L5N-174,AM,5.0,0.0,0.0,0.0,0.0,3232.6434782608685,0,0
D12_I5_N,L5N-174,MD,5.0,0.0,0.0,0.0,0.0,6626.613043478261,0,0
D12_I5_N,L5N-174,PM,5.0,0.0,0.0,0.0,0.0,4351.843478260869,0,0
D12_I5_N,L5N-174,NT,5.0,0.0,0.0,0.0,0.0,3628.343478260868,0,0
D12_I5_N,L5N-178,AM,7.0,1451.829931972789,1383.527570777493,1353.789115646258,1382.892426812067,3033.7195423624,16,15
D12_I5_N,L5N-178,MD,7.0,1526.0898886827456,1664.6985116297476,1353.509276437848,1585.715917729888,6117.0218614718615,19,17
D12_I5_N,L5N-178,PM,7.0,3483.3716759431045,3619.066879639508,3410.488559059988,3777.914932576845,3483.3716759431045,48,47
D12_I5_N,L5N-178,NT,7.0,0.0,0.0,0.0,0.0,4416.064935064935,0,0
D12_I5_N,L5N-182,AM,4.0,0.0,0.0,0.0,0.0,2623.315217391304,0,0
D12_I5_N,L5N-182,MD,4.0,0.0,0.0,0.0,0.0,6288.021739130434,0,0
D12_I5_N,L5N-182,PM,4.0,0.0,0.0,0.0,0.0,3938.108695652173,0,0
D12_I5_N,L5N-182,NT,4.0,0.0,0.0,0.0,0.0,3618.619565217392,0,0
D12_I5_N,L5N-185,AM,5.0,0.0,0.0,0.0,0.0,2907.0090909090904,0,0
D12_I5_N,L5N-185,MD,5.0,0.0,0.0,0.0,0.0,6379.118181818181,0,0
D12_I5_N,L5N-185,PM,5.0,0.0,0.0,0.0,0.0,4267.5,0,0
D12_I5_N,L5N-185,NT,5.0,0.0,0.0,0.0,0.0,3198.4636363636364,0,0
D12_I5_N,L5N-186,AM,4.0,0.0,0.0,0.0,0.0,2445.6630434782605,0,0
D12_I5_N,L5N-186,MD,4.0,0.0,0.0,0.0,0.0,5790.902173913042,0,0
D12_I5_N,L5N-186,PM,4.0,0.0,0.0,0.0,0.0,3838.304347826087,0,0
D12_I5_N,L5N-186,NT,4.0,0.0,0.0,0.0,0.0,4668.271739130434,0,0
D12_I5_N,L5N-187,AM,7.0,0.0,0.0,0.0,0.0,3605.0341614906833,0,0
D12_I5_N,L5N-187,MD,7.0,0.0,0.0,0.0,0.0,6862.597277543779,0,0
D12_I5_N,L5N-187,PM,7.0,0.0,0.0,0.0,0.0,4407.398318390955,0,0
D12_I5_N,L5N-187,NT,7.0,0.0,0.0,0.0,0.0,3823.4875894564175,0,0
D12_I5_N,L5N-188,AM,5.0,0.0,0.0,0.0,0.0,2634.13,0,0
D12_I5_N,L5N-188,MD,5.0,0.0,0.0,0.0,0.0,6020.081578947368,0,0
D12_I5_N,L5N-188,PM,5.0,0.0,0.0,0.0,0.0,4029.75,0,0
D12_I5_N,L5N-188,NT,5.0,0.0,0.0,0.0,0.0,3491.466842105263,0,0
D12_I5_N,L5N-190,AM,6.0,0.0,0.0,0.0,0.0,2819.608695652173,0,0
D12_I5_N,L5N-190,MD,6.0,0.0,0.0,0.0,0.0,6152.01976284585,0,0
D12_I5_N,L5N-190,PM,6.0,0.0,0.0,0.0,0.0,4961.394268774704,0,0
D12_I5_N,L5N-190,NT,6.0,0.0,0.0,0.0,0.0,6436.77536231884,0,0
D12_I5_N,L5N-191,AM,6.0,0.0,0.0,0.0,0.0,2955.38768115942,0,0
D12_I5_N,L5N-191,MD,6.0,0.0,0.0,0.0,0.0,5677.089920948616,0,0
D12_I5_N,L5N-191,PM,6.0,0.0,0.0,0.0,0.0,4405.266798418972,0,0
D12_I5_N,L5N-191,NT,6.0,0.0,0.0,0.0,0.0,6047.753623188405,0,0
D12_I5_N,L5N-192,AM,5.0,0.0,0.0,0.0,0.0,3201.857142857143,0,0
D12_I5_N,L5N-192,MD,5.0,0.0,0.0,0.0,0.0,5950.840659340659,0,0
D12_I5_N,L5N-192,PM,5.0,0.0,0.0,0.0,0.0,4522.286996336996,0,0
D12_I5_N,L5N-192,NT,5.0,0.0,0.0,0.0,0.0,6414.130769230769,0,0
D12_I5_N,L5N-209,AM,7.0,0.0,0.0,0.0,0.0,2975.086956521739,0,0
D12_I5_N,L5N-209,MD,7.0,0.0,0.0,0.0,0.0,5964.248447204969,0,0
D12_I5_N,L5N-209,PM,7.0,0.0,0.0,0.0,0.0,4061.0869565217386,0,0
D12_I5_N,L5N-209,NT,7.0,0.0,0.0,0.0,0.0,3154.360248447205,0,0
D12_I5_N,L5N-225,AM,5.0,0.0,0.0,0.0,0.0,3182.6630341880345,0,0
D12_I5_N,L5N-225,MD,5.0,0.0,0.0,0.0,0.0,6513.609646723647,0,0
D12_I5_N,L5N-225,PM,5.0,0.0,0.0,0.0,0.0,4589.36096011396,0,0
D12_I5_N,L5N-225,NT,5.0,0.0,0.0,0.0,0.0,4740.866666666666,0,0
D12_I5_N,L5N-230,AM,7.0,581.1552795031056,550.0250719584617,0.0,0.0,3383.565217391305,6,0
D12_I5_N,L5N-230,MD,7.0,3703.5999435347258,3652.1545133196805,2802.441558441558,3254.053286101848,6585.500564652739,41,31
D12_I5_N,L5N-230,PM,7.0,3814.584133258047,3985.24011475628,3814.584133258046,4825.532941926283,3814.584133258047,48,48
D12_I5_N,L5N-230,NT,7.0,903.3540372670808,984.3372536726574,820.111801242236,1058.5161949423257,5496.267080745341,11,10
D12_I5_N,L5N-233,AM,5.0,0.0,0.0,0.0,0.0,4785.799999999999,0,0
D12_I5_N,L5N-233,MD,5.0,0.0,0.0,0.0,0.0,4393.958181818181,0,0
D12_I5_N,L5N-233,PM,5.0,3806.459999999999,4409.366680531575,3806.46,5818.960961564565,3806.459999999999,39,39
D12_I5_N,L5N-233,NT,5.0,1124.02,1163.2955301664547,1017.78,1357.5277703638196,7530.274545454546,10,9
D12_I5_N,L5N-235,AM,6.0,0.0,0.0,0.0,0.0,2782.891304347826,0,0
D12_I5_N,L5N-235,MD,6.0,0.0,0.0,0.0,0.0,5849.346179183136,0,0
D12_I5_N,L5N-235,PM,6.0,0.0,0.0,0.0,0.0,4593.397233201581,0,0
D12_I5_N,L5N-235,NT,6.0,0.0,0.0,0.0,0.0,6092.108695652174,0,0
D12_I5_N,L5N-238,AM,5.0,0.0,0.0,0.0,0.0,2254.821052631579,0,0
D12_I5_N,L5N-238,MD,5.0,0.0,0.0,0.0,0.0,4563.537426900584,0,0
D12_I5_N,L5N-238,PM,5.0,0.0,0.0,0.0,0.0,3637.369590643274,0,0
D12_I5_N,L5N-238,NT,5.0,0.0,0.0,0.0,0.0,4977.731812865497,0,0
D12_I5_N,L5N-242,AM,7.0,0.0,0.0,0.0,0.0,2400.913043478261,0,0
D12_I5_N,L5N-242,MD,7.0,147.6948051948052,134.50938978298413,74.16233766233766,75.77071044645903,4824.056747600226,2,1
D12_I5_N,L5N-242,PM,7.0,2716.927159796725,2737.634481167945,2716.9271597967245,3273.7298712039183,2716.927159796725,48,48
D12_I5_N,L5N-242,NT,7.0,520.5093167701863,517.5779762935149,453.7267080745341,521.100610936868,4411.67701863354,8,7
D12_I5_N,L5N-248,AM,6.0,0.0,0.0,0.0,0.0,2578.601449275362,0,0
D12_I5_N,L5N-248,MD,6.0,534.7575757575756,492.42974567293516,534.7575757575758,582.9550161295608,5314.396903820817,7,7
D12_I5_N,L5N-248,PM,6.0,2849.402503293807,2970.49427464235,2849.4025032938075,3676.73236761332,2849.402503293807,48,48
D12_I5_N,L5N-248,NT,6.0,642.6376811594203,622.8357948396958,642.6376811594201,742.7877700012974,4720.282608695651,9,9
D12_I5_N,L5N-252,AM,1.0,0.0,0.0,0.0,0.0,20035.82967032967,0,0
D12_I5_N,L5N-252,MD,1.0,0.0,0.0,0.0,0.0,38578.42032967033,0,0
D12_I5_N,L5N-252,PM,1.0,0.0,0.0,0.0,0.0,29510.782967032967,0,0
D12_I5_N,L5N-252,NT,1.0,0.0,0.0,0.0,0.0,40641.19597069597,0,0
D12_I5_S,L5S-002,AM,5.0,0.0,0.0,0.0,0.0,3413.7826086956525,0,0
D12_I5_S,L5S-002,MD,5.0,0.0,0.0,0.0,0.0,7476.275889328063,0,0
D12_I5_S,L5S-002,PM,5.0,0.0,0.0,0.0,0.0,5442.782608695652,0,0
D12_I5_S,L5S-002,NT,5.0,0.0,0.0,0.0,0.0,5472.321739130435,0,0
D12_I5_S,L5S-005,AM,5.0,0.0,0.0,0.0,0.0,2529.973913043478,0,0
D12_I5_S,L5S-005,MD,5.0,0.0,0.0,0.0,0.0,5236.121739130434,0,0
D12_I5_S,L5S-005,PM,5.0,0.0,0.0,0.0,0.0,3751.304347826087,0,0
D12_I5_S,L5S-005,NT,5.0,0.0,0.0,0.0,0.0,3387.2260869565216,0,0
D12_I5_S,L5S-009,AM,6.0,0.0,0.0,0.0,0.0,3154.347517730497,0,0
D12_I5_S,L5S-009,MD,6.0,0.0,0.0,0.0,0.0,6659.471631205674,0,0
D12_I5_S,L5S-009,PM,6.0,0.0,0.0,0.0,0.0,4705.014184397163,0,0
D12_I5_S,L5S-009,NT,6.0,0.0,0.0,0.0,0.0,3852.755319148937,0,0
D12_I5_S,L5S-010,AM,7.0,0.0,0.0,0.0,0.0,2991.3105590062114,0,0
D12_I5_S,L5S-010,MD,7.0,0.0,0.0,0.0,0.0,6421.975155279503,0,0
D12_I5_S,L5S-010,PM,7.0,0.0,0.0,0.0,0.0,4799.5590062111805,0,0
D12_I5_S,L5S-010,NT,7.0,0.0,0.0,0.0,0.0,5239.403726708075,0,0
D12_I5_S,L5S-013,AM,4.0,0.0,0.0,0.0,0.0,2511.2065217391305,0,0
D12_I5_S,L5S-013,MD,4.0,0.0,0.0,0.0,0.0,6025.728260869565,0,0
D12_I5_S,L5S-013,PM,4.0,0.0,0.0,0.0,0.0,4095.4565217391305,0,0
D12_I5_S,L5S-013,NT,4.0,0.0,0.0,0.0,0.0,4803.967391304348,0,0
D12_I5_S,L5S-017,AM,5.0,0.0,0.0,0.0,0.0,2942.0956521739126,0,0
D12_I5_S,L5S-017,MD,5.0,0.0,0.0,0.0,0.0,6900.234782608695,0,0
D12_I5_S,L5S-017,PM,5.0,0.0,0.0,0.0,0.0,4975.391304347825,0,0
D12_I5_S,L5S-017,NT,5.0,0.0,0.0,0.0,0.0,4643.6869565217385,0,0
D12_I5_S,L5S-022,AM,7.0,0.0,0.0,0.0,0.0,3296.7486394557823,0,0
D12_I5_S,L5S-022,MD,7.0,0.0,0.0,0.0,0.0,6075.23723594701,0,0
D12_I5_S,L5S-022,PM,7.0,0.0,0.0,0.0,0.0,4499.012925170067,0,0
D12_I5_S,L5S-022,NT,7.0,0.0,0.0,0.0,0.0,5141.455782312925,0,0
D12_I5_S,L5S-028,AM,6.0,2004.241341991342,2003.6553995707613,1900.9231601731592,2021.8460362836613,3585.832251082252,20,19
D12_I5_S,L5S-028,MD,6.0,459.0928571428572,504.4145363750654,367.6246031746032,427.46982325705176,6344.706854256854,5,4
D12_I5_S,L5S-028,PM,6.0,1058.0833333333337,1018.0711862402527,848.0454545454544,862.0120678718258,4803.745670995671,10,8
D12_I5_S,L5S-028,NT,6.0,0.0,0.0,0.0,0.0,5386.386363636364,0,0
D12_I5_S,L5S-033,AM,5.0,2558.2165571683217,2621.079854725145,2464.222271454036,2794.1407635459386,3230.4565571683224,29,28
D12_I5_S,L5S-033,MD,5.0,339.91238095238094,368.6934768469585,339.91238095238094,404.3892842741426,6026.139350310506,4,4
D12_I5_S,L5S-033,PM,5.0,1397.0905780494018,1350.4986505764205,1210.08555640438,1289.5066539135846,4457.030974662592,15,13
D12_I5_S,L5S-033,NT,5.0,0.0,0.0,0.0,0.0,5689.154285714285,0,0
D12_I5_S,L5S-035,AM,6.0,3374.194638694639,3393.2875875375435,1511.47668997669,1662.5621439502008,4225.540792540793,29,13
D12_I5_S,L5S-035,MD,6.0,226.32051282051285,234.75528336522672,112.44871794871794,127.96990264149656,7793.111732711733,2,1
D12_I5_S,L5S-035,PM,6.0,0.0,0.0,0.0,0.0,5699.81517094017,0,0
D12_I5_S,L5S-035,NT,6.0,0.0,0.0,0.0,0.0,6787.705128205129,0,0
D12_I5_S,L5S-036,AM,5.0,3794.846153846154,3591.1873030603747,3656.3538461538456,3784.098786864123,4177.861538461539,33,32
D12_I5_S,L5S-036,MD,5.0,1986.6576923076923,2109.5256995215695,1863.8410256410257,2127.801394766222,9118.43951048951,17,16
D12_I5_S,L5S-036,PM,5.0,1257.7666666666669,1310.1603865369284,999.25,1109.6019064222742,6352.328787878787,10,8
D12_I5_S,L5S-036,NT,5.0,0.0,0.0,0.0,0.0,8775.661538461538,0,0
D12_I5_S,L5S-041,AM,7.0,865.304347826087,945.0488729490731,686.9937888198757,755.7211544145604,3085.124223602485,10,8
D12_I5_S,L5S-041,MD,7.0,0.0,0.0,0.0,0.0,5434.054488989271,0,0
D12_I5_S,L5S-041,PM,7.0,0.0,0.0,0.0,0.0,3919.7964426877465,0,0
D12_I5_S,L5S-041,NT,7.0,0.0,0.0,0.0,0.0,5266.124223602485,0,0
D12_I5_S,L5S-045,AM,5.0,0.0,0.0,0.0,0.0,3077.0304761904763,0,0
D12_I5_S,L5S-045,MD,5.0,0.0,0.0,0.0,0.0,6126.861978021978,0,0
D12_I5_S,L5S-045,PM,5.0,0.0,0.0,0.0,0.0,4467.201098901099,0,0
D12_I5_S,L5S-045,NT,5.0,0.0,0.0,0.0,0.0,6027.567106227107,0,0
D12_I5_S,L5S-048,AM,5.0,0.0,0.0,0.0,0.0,1895.078260869565,0,0
D12_I5_S,L5S-048,MD,5.0,0.0,0.0,0.0,0.0,4597.15652173913,0,0
D12_I5_S,L5S-048,PM,5.0,0.0,0.0,0.0,0.0,3217.7739130434784,0,0
D12_I5_S,L5S-048,NT,5.0,0.0,0.0,0.0,0.0,3440.5826086956517,0,0
D12_I5_S,L5S-049,AM,6.0,1066.3333333333333,1139.5530596976832,885.5434782608695,948.5907744044848,3207.934782608695,12,10
D12_I5_S,L5S-049,MD,6.0,0.0,0.0,0.0,0.0,5535.396574440053,0,0
D12_I5_S,L5S-049,PM,6.0,0.0,0.0,0.0,0.0,3934.068511198946,0,0
D12_I5_S,L5S-049,NT,6.0,0.0,0.0,0.0,0.0,5224.688405797102,0,0
D12_I5_S,L5S-051,AM,5.0,0.0,0.0,0.0,0.0,2989.5999999999995,0,0
D12_I5_S,L5S-051,MD,5.0,0.0,0.0,0.0,0.0,7065.14347826087,0,0
D12_I5_S,L5S-051,PM,5.0,0.0,0.0,0.0,0.0,5119.252173913043,0,0
D12_I5_S,L5S-051,NT,5.0,0.0,0.0,0.0,0.0,4639.339130434782,0,0
D12_I5_S,L5S-052,AM,7.0,0.0,0.0,0.0,0.0,2654.391304347826,0,0
D12_I5_S,L5S-052,MD,7.0,0.0,0.0,0.0,0.0,5853.596273291926,0,0
D12_I5_S,L5S-052,PM,7.0,0.0,0.0,0.0,0.0,4456.91304347826,0,0
D12_I5_S,L5S-052,NT,7.0,0.0,0.0,0.0,0.0,3579.254658385093,0,0
D12_I5_S,L5S-053,AM,5.0,0.0,0.0,0.0,0.0,2850.017391304348,0,0
D12_I5_S,L5S-053,MD,5.0,0.0,0.0,0.0,0.0,6347.0782608695645,0,0
D12_I5_S,L5S-053,PM,5.0,0.0,0.0,0.0,0.0,4671.669565217391,0,0
D12_I5_S,L5S-053,NT,5.0,0.0,0.0,0.0,0.0,4170.286956521739,0,0
D12_I5_S,L5S-054,AM,7.0,0.0,0.0,0.0,0.0,2926.757763975155,0,0
D12_I5_S,L5S-054,MD,7.0,0.0,0.0,0.0,0.0,6301.583850931676,0,0
D12_I5_S,L5S-054,PM,7.0,0.0,0.0,0.0,0.0,4327.434782608696,0,0
D12_I5_S,L5S-054,NT,7.0,0.0,0.0,0.0,0.0,4673.490683229813,0,0
D12_I5_S,L5S-055,AM,5.0,0.0,0.0,0.0,0.0,1764.504347826087,0,0
D12_I5_S,L5S-055,MD,5.0,0.0,0.0,0.0,0.0,4379.826086956522,0,0
D12_I5_S,L5S-055,PM,5.0,0.0,0.0,0.0,0.0,3114.0086956521736,0,0
D12_I5_S,L5S-055,NT,5.0,0.0,0.0,0.0,0.0,3084.347826086956,0,0
D12_I5_S,L5S-058,AM,6.0,0.0,0.0,0.0,0.0,3730.644927536233,0,0
D12_I5_S,L5S-058,MD,6.0,0.0,0.0,0.0,0.0,8216.717391304348,0,0
D12_I5_S,L5S-058,PM,6.0,0.0,0.0,0.0,0.0,6241.673913043477,0,0
D12_I5_S,L5S-058,NT,6.0,0.0,0.0,0.0,0.0,5959.673913043478,0,0
D12_I5_S,L5S-061,AM,7.0,3171.2284144426994,3173.6937043445273,3058.371271585557,3338.619992893753,3830.8712715855568,30,29
D12_I5_S,L5S-061,MD,7.0,910.7307692307692,984.4739929980337,504.2307692307692,584.6763295747013,7303.592241092241,9,5
D12_I5_S,L5S-061,PM,7.0,1750.3979591836735,1733.8761640797131,1643.530612244898,1752.54500055823,5261.065934065933,16,15
D12_I5_S,L5S-061,NT,7.0,0.0,0.0,0.0,0.0,6369.051020408163,0,0
D12_I5_S,L5S-062,AM,5.0,1390.6695652173912,1396.6675425011456,1390.6695652173914,1627.2690104985254,2995.1304347826085,18,18
D12_I5_S,L5S-062,MD,5.0,461.62608695652176,499.23198621749407,381.904347826087,469.253844514814,5862.484980237154,6,5
D12_I5_S,L5S-062,PM,5.0,0.0,0.0,0.0,0.0,4111.118181818181,0,0
D12_I5_S,L5S-062,NT,5.0,0.0,0.0,0.0,0.0,5814.965217391304,0,0
D12_I5_S,L5S-063,AM,4.0,0.0,0.0,0.0,0.0,2981.8429487179483,0,0
D12_I5_S,L5S-063,MD,4.0,0.0,0.0,0.0,0.0,5780.260989010989,0,0
D12_I5_S,L5S-063,PM,4.0,0.0,0.0,0.0,0.0,4015.6293498168498,0,0
D12_I5_S,L5S-063,NT,4.0,0.0,0.0,0.0,0.0,4780.017857142857,0,0
D12_I5_S,L5S-065,AM,5.0,0.0,0.0,0.0,0.0,3609.930434782609,0,0
D12_I5_S,L5S-065,MD,5.0,0.0,0.0,0.0,0.0,7015.417391304346,0,0
D12_I5_S,L5S-065,PM,5.0,0.0,0.0,0.0,0.0,4942.269565217392,0,0
D12_I5_S,L5S-065,NT,5.0,0.0,0.0,0.0,0.0,5366.834782608696,0,0
D12_I5_S,L5S-066,AM,6.0,2770.035087719298,2735.0679140580432,2668.4736842105267,2786.968148836624,3056.587719298245,33,32
D12_I5_S,L5S-066,MD,6.0,839.2631578947368,873.8572834572584,741.4824561403508,803.5155724164566,6702.525828460039,9,8
D12_I5_S,L5S-066,PM,6.0,0.0,0.0,0.0,0.0,4671.604775828459,0,0
D12_I5_S,L5S-066,NT,6.0,0.0,0.0,0.0,0.0,6058.691228070175,0,0
D12_I5_S,L5S-067,AM,5.0,1410.747826086956,2062.2148045308463,847.1478260869565,1287.4799644540994,3537.434782608696,16,10
D12_I5_S,L5S-067,MD,5.0,0.0,0.0,0.0,0.0,8535.021343873517,0,0
D12_I5_S,L5S-067,PM,5.0,0.0,0.0,0.0,0.0,5962.456916996047,0,0
D12_I5_S,L5S-067,NT,5.0,0.0,0.0,0.0,0.0,10290.078260869566,0,0
D12_I5_S,L5S-068,AM,5.0,1491.7043478260869,1504.5742931138777,1491.704347826087,1935.8537178753736,2339.895652173913,25,25
D12_I5_S,L5S-068,MD,5.0,324.5043478260869,338.4072987623101,255.1652173913043,330.0337746319214,5053.246245059288,5,4
D12_I5_S,L5S-068,PM,5.0,0.0,0.0,0.0,0.0,3736.18814229249,0,0
D12_I5_S,L5S-068,NT,5.0,0.0,0.0,0.0,0.0,4875.44347826087,0,0
D12_I5_S,L5S-069,AM,4.0,0.0,0.0,0.0,0.0,2915.869565217392,0,0
D12_I5_S,L5S-069,MD,4.0,0.0,0.0,0.0,0.0,7121.173913043477,0,0
D12_I5_S,L5S-069,PM,4.0,0.0,0.0,0.0,0.0,4928.978260869565,0,0
D12_I5_S,L5S-069,NT,4.0,0.0,0.0,0.0,0.0,5477.891304347826,0,0
D12_I5_S,L5S-071,AM,5.0,0.0,0.0,0.0,0.0,2241.2000000000003,0,0
D12_I5_S,L5S-071,MD,5.0,0.0,0.0,0.0,0.0,5214.034782608695,0,0
D12_I5_S,L5S-071,PM,5.0,0.0,0.0,0.0,0.0,3609.8434782608697,0,0
D12_I5_S,L5S-071,NT,5.0,0.0,0.0,0.0,0.0,3731.452173913043,0,0
D12_I5_S,L5S-077,AM,5.0,0.0,0.0,0.0,0.0,1895.2782608695647,0,0
D12_I5_S,L5S-077,MD,5.0,0.0,0.0,0.0,0.0,4628.234782608695,0,0
D12_I5_S,L5S-077,PM,5.0,0.0,0.0,0.0,0.0,3228.217391304348,0,0
D12_I5_S,L5S-077,NT,5.0,0.0,0.0,0.0,0.0,3460.486956521738,0,0
D12_I5_S,L5S-079,AM,7.0,0.0,0.0,0.0,0.0,3037.4722710622705,0,0
D12_I5_S,L5S-079,MD,7.0,0.0,0.0,0.0,0.0,6606.049795060012,0,0
D12_I5_S,L5S-079,PM,7.0,0.0,0.0,0.0,0.0,4802.531849816849,0,0
D12_I5_S,L5S-079,NT,7.0,0.0,0.0,0.0,0.0,4993.181318681318,0,0
D12_I5_S,L5S-083,AM,6.0,1496.2173913043482,1527.9790206311366,1295.0289855072465,1321.6685111773263,3542.579710144927,15,13
D12_I5_S,L5S-083,MD,6.0,0.0,0.0,0.0,0.0,6281.286561264822,0,0
D12_I5_S,L5S-083,PM,6.0,0.0,0.0,0.0,0.0,4423.330368906456,0,0
D12_I5_S,L5S-083,NT,6.0,0.0,0.0,0.0,0.0,6006.840579710145,0,0
D12_I5_S,L5S-084,AM,6.0,1676.2063492063492,1658.8066000902072,1786.5,1880.283055036741,3745.0476190476174,16,17
D12_I5_S,L5S-084,MD,6.0,670.2619047619047,733.0741938309972,670.2619047619047,778.3476243172651,6709.938888888888,7,7
D12_I5_S,L5S-084,PM,6.0,0.0,0.0,0.0,0.0,4988.365079365079,0,0
D12_I5_S,L5S-084,NT,6.0,0.0,0.0,0.0,0.0,5563.611111111111,0,0
D12_I5_S,L5S-085,AM,5.0,0.0,0.0,0.0,0.0,3390.217391304348,0,0
D12_I5_S,L5S-085,MD,5.0,0.0,0.0,0.0,0.0,7142.796837944663,0,0
D12_I5_S,L5S-085,PM,5.0,0.0,0.0,0.0,0.0,5321.208695652174,0,0
D12_I5_S,L5S-085,NT,5.0,0.0,0.0,0.0,0.0,5550.686956521739,0,0
D12_I5_S,L5S-086,AM,4.0,3173.0217391304345,3229.3625491620865,3045.815217391304,3720.0689230334906,3528.135869565217,33,32
D12_I5_S,L5S-086,MD,4.0,1812.929347826087,1832.2305745891763,1698.5108695652173,2005.4866846435364,8441.838685770752,17,16
D12_I5_S,L5S-086,PM,4.0,3552.374999999999,3494.0890216365715,2705.983695652174,3084.264191309838,5604.622776679842,31,24
D12_I5_S,L5S-086,NT,4.0,0.0,0.0,0.0,0.0,8503.342391304348,0,0
D12_I5_S,L5S-091,AM,8.0,2082.673076923077,2167.1693199424835,2005.490384615385,2510.870579938437,2753.7403846153848,28,27
D12_I5_S,L5S-091,MD,8.0,386.3317307692308,394.601372016158,386.3317307692308,467.211308334043,6130.4586247086245,5,5
D12_I5_S,L5S-091,PM,8.0,0.0,0.0,0.0,0.0,4229.705492424242,0,0
D12_I5_S,L5S-091,NT,8.0,0.0,0.0,0.0,0.0,5757.503205128204,0,0
D12_I5_S,L5S-093,AM,6.0,0.0,0.0,0.0,0.0,3842.651988636364,0,0
D12_I5_S,L5S-093,MD,6.0,0.0,0.0,0.0,0.0,8171.801472385141,0,0
D12_I5_S,L5S-093,PM,6.0,2979.3639520202014,2997.7468915767336,2729.833648989899,2832.344696996783,5956.027090461063,24,22
D12_I5_S,L5S-093,NT,6.0,0.0,0.0,0.0,0.0,5910.107248960191,0,0
D12_I5_S,L5S-095,AM,6.0,0.0,0.0,0.0,0.0,2801.691699604743,0,0
D12_I5_S,L5S-095,MD,6.0,0.0,0.0,0.0,0.0,5601.44071146245,0,0
D12_I5_S,L5S-095,PM,6.0,0.0,0.0,0.0,0.0,4202.194334650856,0,0
D12_I5_S,L5S-095,NT,6.0,0.0,0.0,0.0,0.0,5418.586956521739,0,0
D12_I5_S,L5S-096,AM,6.0,582.1547619047619,847.4763632821501,0.0,0.0,2403.0329670329675,10,0
D12_I5_S,L5S-096,MD,6.0,0.0,0.0,0.0,0.0,5052.614316239316,0,0
D12_I5_S,L5S-096,PM,6.0,0.0,0.0,0.0,0.0,3630.173687423687,0,0
D12_I5_S,L5S-096,NT,6.0,0.0,0.0,0.0,0.0,4773.886446886447,0,0
D12_I5_S,L5S-101,AM,6.0,0.0,0.0,0.0,0.0,1976.666666666667,0,0
D12_I5_S,L5S-101,MD,6.0,0.0,0.0,0.0,0.0,4585.898550724637,0,0
D12_I5_S,L5S-101,PM,6.0,0.0,0.0,0.0,0.0,3265.826086956521,0,0
D12_I5_S,L5S-101,NT,6.0,0.0,0.0,0.0,0.0,3221.5217391304345,0,0
D12_I5_S,L5S-107,AM,7.0,2149.87969924812,2128.9033424943873,2064.4060150375944,2058.9483230144365,2480.766917293233,32,31
D12_I5_S,L5S-107,MD,7.0,1155.5275689223058,1256.4726769794986,1080.0238095238096,1178.2784174759292,5548.679197994987,15,14
D12_I5_S,L5S-107,PM,7.0,2787.251461988304,2778.8617460507758,2702.657477025898,2712.006171658077,3964.123642439431,33,32
D12_I5_S,L5S-107,NT,7.0,0.0,0.0,0.0,0.0,5074.051587301587,0,0
D12_I5_S,L5S-121,AM,6.0,0.0,0.0,0.0,0.0,2575.8913043478256,0,0
D12_I5_S,L5S-121,MD,6.0,0.0,0.0,0.0,0.0,5367.717391304348,0,0
D12_I5_S,L5S-121,PM,6.0,0.0,0.0,0.0,0.0,3865.275362318841,0,0
D12_I5_S,L5S-121,NT,6.0,0.0,0.0,0.0,0.0,3707.297101449275,0,0
D12_I5_S,L5S-122,AM,5.0,0.0,0.0,0.0,0.0,3036.230434782609,0,0
D12_I5_S,L5S-122,MD,5.0,0.0,0.0,0.0,0.0,6332.630434782608,0,0
D12_I5_S,L5S-122,PM,5.0,0.0,0.0,0.0,0.0,4502.665217391304,0,0
D12_I5_S,L5S-122,NT,5.0,0.0,0.0,0.0,0.0,4302.36956521739,0,0
D12_I5_S,L5S-123,AM,5.0,0.0,0.0,0.0,0.0,2922.6260869565217,0,0
D12_I5_S,L5S-123,MD,5.0,0.0,0.0,0.0,0.0,6023.173913043478,0,0
D12_I5_S,L5S-123,PM,5.0,0.0,0.0,0.0,0.0,4244.95652173913,0,0
D12_I5_S,L5S-123,NT,5.0,0.0,0.0,0.0,0.0,4045.608695652174,0,0
D12_I5_S,L5S-125,AM,5.0,0.0,0.0,0.0,0.0,2622.547826086956,0,0
D12_I5_S,L5S-125,MD,5.0,0.0,0.0,0.0,0.0,5502.252173913043,0,0
D12_I5_S,L5S-125,PM,5.0,0.0,0.0,0.0,0.0,3815.678260869565,0,0
D12_I5_S,L5S-125,NT,5.0,0.0,0.0,0.0,0.0,3807.026086956522,0,0
D12_I5_S,L5S-130,AM,5.0,0.0,0.0,0.0,0.0,2569.317647058824,0,0
D12_I5_S,L5S-130,MD,5.0,0.0,0.0,0.0,0.0,6175.564705882352,0,0
D12_I5_S,L5S-130,PM,5.0,0.0,0.0,0.0,0.0,4434.247058823528,0,0
D12_I5_S,L5S-130,NT,5.0,0.0,0.0,0.0,0.0,4206.729411764705,0,0
D12_I5_S,L5S-132,AM,6.0,0.0,0.0,0.0,0.0,2213.4803921568628,0,0
D12_I5_S,L5S-132,MD,6.0,0.0,0.0,0.0,0.0,5292.696078431372,0,0
D12_I5_S,L5S-132,PM,6.0,0.0,0.0,0.0,0.0,3768.1568627450974,0,0
D12_I5_S,L5S-132,NT,6.0,0.0,0.0,0.0,0.0,3631.019607843137,0,0
D12_I5_S,L5S-135,AM,5.0,1213.8347826086956,1285.9941407515234,989.782608695652,1051.196085581411,4043.034782608696,11,9
D12_I5_S,L5S-135,MD,5.0,0.0,0.0,0.0,0.0,7407.3209486166,0,0
D12_I5_S,L5S-135,PM,5.0,0.0,0.0,0.0,0.0,5098.682213438735,0,0
D12_I5_S,L5S-135,NT,5.0,0.0,0.0,0.0,0.0,7170.660869565218,0,0
D12_I5_S,L5S-136,AM,6.0,1996.878787878788,1951.7753109206342,1909.2272727272723,2071.0743358544296,2640.1818181818185,29,28
D12_I5_S,L5S-136,MD,6.0,481.2878787878788,528.9347797968746,481.2878787878788,566.795485466902,6110.024242424242,6,6
D12_I5_S,L5S-136,PM,6.0,0.0,0.0,0.0,0.0,4341.881818181818,0,0
D12_I5_S,L5S-136,NT,6.0,0.0,0.0,0.0,0.0,5898.606060606061,0,0
D12_I5_S,L5S-137,AM,6.0,3366.9487179487187,3212.038689130629,3247.4615384615377,3444.559270358722,3698.6538461538457,33,32
D12_I5_S,L5S-137,MD,6.0,1683.4722222222222,1781.3068153265003,1578.972222222222,1808.503671156034,8185.69191919192,16,15
D12_I5_S,L5S-137,PM,6.0,893.3472222222223,929.9809771869704,779.6527777777777,869.0705079016728,5672.102272727273,8,7
D12_I5_S,L5S-137,NT,6.0,0.0,0.0,0.0,0.0,7676.625,0,0
D12_I5_S,L5S-142,AM,5.0,3871.4260869565214,4029.691707655863,3734.582608695652,4441.232112543327,4260.35652173913,33,32
D12_I5_S,L5S-142,MD,5.0,1736.086956521739,1761.9779692000823,1736.0869565217392,1977.2735311647284,9451.418181818182,14,14
D12_I5_S,L5S-142,PM,5.0,3126.478260869565,3040.7934858834274,3126.478260869565,3400.5711102276864,6364.409881422924,24,24
D12_I5_S,L5S-142,NT,5.0,0.0,0.0,0.0,0.0,8865.06956521739,0,0
D12_I5_S,L5S-146,AM,6.0,0.0,0.0,0.0,0.0,3486.773056653491,0,0
D12_I5_S,L5S-146,MD,6.0,0.0,0.0,0.0,0.0,5622.732182069138,0,0
D12_I5_S,L5S-146,PM,6.0,0.0,0.0,0.0,0.0,4061.7552700922265,0,0
D12_I5_S,L5S-146,NT,6.0,0.0,0.0,0.0,0.0,4284.572463768114,0,0
D12_I5_S,L5S-147,AM,5.0,0.0,0.0,0.0,0.0,1965.182608695652,0,0
D12_I5_S,L5S-147,MD,5.0,0.0,0.0,0.0,0.0,4569.853359683795,0,0
D12_I5_S,L5S-147,PM,5.0,0.0,0.0,0.0,0.0,3243.234782608696,0,0
D12_I5_S,L5S-147,NT,5.0,0.0,0.0,0.0,0.0,3337.017391304348,0,0
D12_I5_S,L5S-149,AM,6.0,1237.7719298245613,1278.6687908683145,1129.8947368421052,1170.925886822793,3675.035087719298,12,11
D12_I5_S,L5S-149,MD,6.0,0.0,0.0,0.0,0.0,6599.932261208576,0,0
D12_I5_S,L5S-149,PM,6.0,0.0,0.0,0.0,0.0,4660.059454191032,0,0
D12_I5_S,L5S-149,NT,6.0,0.0,0.0,0.0,0.0,6344.074561403509,0,0
D12_I5_S,L5S-152,AM,5.0,0.0,0.0,0.0,0.0,2295.3304347826083,0,0
D12_I5_S,L5S-152,MD,5.0,0.0,0.0,0.0,0.0,4350.373913043478,0,0
D12_I5_S,L5S-152,PM,5.0,0.0,0.0,0.0,0.0,2870.104347826087,0,0
D12_I5_S,L5S-152,NT,5.0,0.0,0.0,0.0,0.0,3460.547826086956,0,0
D12_I5_S,L5S-154,AM,6.0,0.0,0.0,0.0,0.0,3380.8080808080804,0,0
D12_I5_S,L5S-154,MD,6.0,0.0,0.0,0.0,0.0,5980.829617604618,0,0
D12_I5_S,L5S-154,PM,6.0,0.0,0.0,0.0,0.0,4230.880952380952,0,0
D12_I5_S,L5S-154,NT,6.0,0.0,0.0,0.0,0.0,4733.325757575758,0,0
D12_I5_S,L5S-156,AM,6.0,816.7063492063492,878.3170261226893,0.0,0.0,3734.718614718615,8,0
D12_I5_S,L5S-156,MD,6.0,574.7722222222221,658.5073151676143,0.0,0.0,6567.53088023088,6,0
D12_I5_S,L5S-156,PM,6.0,0.0,0.0,0.0,0.0,4860.512987012987,0,0
D12_I5_S,L5S-156,NT,6.0,0.0,0.0,0.0,0.0,5421.94696969697,0,0
D12_I5_S,L5S-158,AM,6.0,1804.2638888888887,1914.9692596000507,1704.5388888888886,1812.664445279235,3425.7138888888885,19,18
D12_I5_S,L5S-158,MD,6.0,771.9508771929825,912.4675196109226,686.4333333333333,810.236450431591,5692.002631578947,9,8
D12_I5_S,L5S-158,PM,6.0,0.0,0.0,0.0,0.0,4438.798245614035,0,0
D12_I5_S,L5S-158,NT,6.0,0.0,0.0,0.0,0.0,4795.008333333333,0,0
D12_I5_S,L5S-161,AM,5.0,1908.06,1928.5222023080562,2466.6,2617.144488626285,3903.08,18,23
D12_I5_S,L5S-161,MD,5.0,0.0,0.0,0.0,0.0,7296.880000000001,0,0
D12_I5_S,L5S-161,PM,5.0,0.0,0.0,0.0,0.0,4913.299999999999,0,0
D12_I5_S,L5S-161,NT,5.0,0.0,0.0,0.0,0.0,6184.199999999999,0,0
D12_I5_S,L5S-165,AM,5.0,0.0,0.0,0.0,0.0,2976.9758241758245,0,0
D12_I5_S,L5S-165,MD,5.0,0.0,0.0,0.0,0.0,6173.155128205128,0,0
D12_I5_S,L5S-165,PM,5.0,0.0,0.0,0.0,0.0,4443.338827838828,0,0
D12_I5_S,L5S-165,NT,5.0,0.0,0.0,0.0,0.0,5825.587912087911,0,0
D12_I5_S,L5S-173,AM,7.0,1134.3265306122448,1186.8826814857493,1036.4897959183672,1087.419909378092,3301.451453308596,12,11
D12_I5_S,L5S-173,MD,7.0,766.5207482993197,892.7644501331301,681.0445578231293,793.1142060695753,5722.622789115647,9,8
D12_I5_S,L5S-173,PM,7.0,592.0649350649351,693.9759626432681,506.7012987012986,594.3273475167347,4154.694805194804,7,6
D12_I5_S,L5S-173,NT,7.0,0.0,0.0,0.0,0.0,4681.62987012987,0,0
D12_I5_S,L5S-174,AM,5.0,2929.381818181818,2987.8091990091925,2827.00790513834,3254.495890900665,3441.590513833992,31,30
D12_I5_S,L5S-174,MD,5.0,1396.0935064935063,1515.574721295262,838.0844155844155,1002.929888680415,6913.995482778091,15,9
D12_I5_S,L5S-174,PM,5.0,1605.3565217391306,1482.4679332066091,1492.278260869565,1545.3133907945376,5107.220948616601,15,14
D12_I5_S,L5S-174,NT,5.0,0.0,0.0,0.0,0.0,6578.930434782608,0,0
D12_I5_S,L5S-178,AM,4.0,0.0,0.0,0.0,0.0,2488.108695652173,0,0
D12_I5_S,L5S-178,MD,4.0,0.0,0.0,0.0,0.0,5868.489130434782,0,0
D12_I5_S,L5S-178,PM,4.0,0.0,0.0,0.0,0.0,3866.3586956521744,0,0
D12_I5_S,L5S-178,NT,4.0,0.0,0.0,0.0,0.0,4798.184782608696,0,0
D12_I5_S,L5S-179,AM,5.0,0.0,0.0,0.0,0.0,1928.765217391304,0,0
D12_I5_S,L5S-179,MD,5.0,0.0,0.0,0.0,0.0,4585.173913043478,0,0
D12_I5_S,L5S-179,PM,5.0,0.0,0.0,0.0,0.0,3046.7652173913048,0,0
D12_I5_S,L5S-179,NT,5.0,0.0,0.0,0.0,0.0,3696.547826086957,0,0
D12_I5_S,L5S-181,AM,4.0,1909.9605263157896,1809.681903190969,1822.960526315789,1899.5050553176657,2462.460526315789,30,29
D12_I5_S,L5S-181,MD,4.0,778.0,854.0829291109671,695.8552631578947,822.8734524682172,5777.290204678362,10,9
D12_I5_S,L5S-181,PM,4.0,624.8815789473683,629.9399768690287,0.0,0.0,4156.43932748538,7,0
D12_I5_S,L5S-181,NT,4.0,0.0,0.0,0.0,0.0,5633.711842105263,0,0
D12_I5_S,L5S-185,AM,5.0,2969.930434782608,2936.795426314623,2862.591304347826,2843.789923002304,3268.3826086956524,33,32
D12_I5_S,L5S-185,MD,5.0,1791.4695652173914,2000.6325239852204,1688.7217391304348,1925.051045204737,7844.32885375494,18,17
D12_I5_S,L5S-185,PM,5.0,3941.825296442688,3880.7314328978173,3700.113043478261,3738.328884015552,5592.984980237154,34,32
D12_I5_S,L5S-185,NT,5.0,0.0,0.0,0.0,0.0,7234.347826086957,0,0
D12_I5_S,L5S-187,AM,5.0,2664.8,3281.0270888580044,2483.6400000000003,3060.6692377454247,3224.7599999999998,30,28
D12_I5_S,L5S-187,MD,5.0,0.0,0.0,0.0,0.0,6962.14,0,0
D12_I5_S,L5S-187,PM,5.0,169.7,220.46589726058315,82.6,110.17648523113904,5010.94,2,1
D12_I5_S,L5S-187,NT,5.0,3285.84,7304.9290550390115,2301.66,4439.621997175809,5528.56,68,42
D12_I5_S,L5S-190,AM,4.0,0.0,0.0,0.0,0.0,2603.554347826087,0,0
D12_I5_S,L5S-190,MD,4.0,0.0,0.0,0.0,0.0,6215.554347826088,0,0
D12_I5_S,L5S-190,PM,4.0,0.0,0.0,0.0,0.0,3956.641304347826,0,0
D12_I5_S,L5S-190,NT,4.0,0.0,0.0,0.0,0.0,3810.902173913044,0,0
D12_I5_S,L5S-196,AM,5.0,2456.6631578947367,2472.7759957411995,2217.7684210526318,2316.7129554548696,4212.442105263158,21,19
D12_I5_S,L5S-196,MD,5.0,0.0,0.0,0.0,0.0,7882.485380116959,0,0
D12_I5_S,L5S-196,PM,5.0,0.0,0.0,0.0,0.0,5621.626900584795,0,0
D12_I5_S,L5S-196,NT,5.0,0.0,0.0,0.0,0.0,7646.367368421053,0,0
D12_I5_S,L5S-197,AM,5.0,1992.4153846153845,2047.4243741859286,2094.492307692307,2580.974607455916,3474.7230769230764,22,23
D12_I5_S,L5S-197,MD,5.0,393.4615384615384,393.6283749632821,908.246153846154,1049.362707706463,7455.692307692308,4,9
D12_I5_S,L5S-197,PM,5.0,0.0,0.0,0.0,0.0,4692.492307692308,0,0
D12_I5_S,L5S-197,NT,5.0,0.0,0.0,0.0,0.0,9005.784615384615,0,0
D12_I5_S,L5S-199,AM,5.0,0.0,0.0,0.0,0.0,3226.530434782608,0,0
D12_I5_S,L5S-199,MD,5.0,0.0,0.0,0.0,0.0,7217.260869565216,0,0
D12_I5_S,L5S-199,PM,5.0,0.0,0.0,0.0,0.0,5274.678260869565,0,0
D12_I5_S,L5S-199,NT,5.0,0.0,0.0,0.0,0.0,4680.252173913044,0,0
D12_I5_S,L5S-205,AM,6.0,0.0,0.0,0.0,0.0,3119.3696969696966,0,0
D12_I5_S,L5S-205,MD,6.0,0.0,0.0,0.0,0.0,5109.724242424241,0,0
D12_I5_S,L5S-205,PM,6.0,0.0,0.0,0.0,0.0,4151.962121212121,0,0
D12_I5_S,L5S-205,NT,6.0,0.0,0.0,0.0,0.0,4468.272727272728,0,0
D12_I5_S,L5S-220,AM,8.0,1353.4728260869565,1383.735276985231,1266.141304347826,1435.5207016616123,2975.967391304347,17,16
D12_I5_S,L5S-220,MD,8.0,73.93478260869566,84.22857746372273,0.0,0.0,5147.699110671936,1,0
D12_I5_S,L5S-220,PM,8.0,0.0,0.0,0.0,0.0,3742.826086956522,0,0
D12_I5_S,L5S-220,NT,8.0,0.0,0.0,0.0,0.0,5026.179347826086,0,0
D12_I5_S,L5S-223,AM,8.0,1373.9495829033367,1501.6928933614338,166.95433436532505,187.55471082569505,3173.153530271757,16,2
D12_I5_S,L5S-223,MD,8.0,330.5754643962848,375.5850715018895,330.5754643962848,375.5850715018895,5779.290712611798,4,4
D12_I5_S,L5S-223,PM,8.0,0.0,0.0,0.0,0.0,4221.975877192982,0,0
D12_I5_S,L5S-223,NT,8.0,0.0,0.0,0.0,0.0,5085.453947368421,0,0
D12_I5_S,L5S-226,AM,5.0,0.0,0.0,0.0,0.0,3862.7478260869575,0,0
D12_I5_S,L5S-226,MD,5.0,0.0,0.0,0.0,0.0,7176.652964426876,0,0
D12_I5_S,L5S-226,PM,5.0,0.0,0.0,0.0,0.0,5063.273913043478,0,0
D12_I5_S,L5S-226,NT,5.0,0.0,0.0,0.0,0.0,6976.260869565217,0,0
D12_I5_S,L5S-239,AM,7.0,0.0,0.0,0.0,0.0,3219.661721611721,0,0
D12_I5_S,L5S-239,MD,7.0,0.0,0.0,0.0,0.0,5744.35268065268,0,0
D12_I5_S,L5S-239,PM,7.0,0.0,0.0,0.0,0.0,4160.975274725275,0,0
D12_I5_S,L5S-239,NT,7.0,0.0,0.0,0.0,0.0,4494.405677655677,0,0
D12_I5_S,L5S-240,AM,6.0,1461.2173913043475,1570.4207273247375,1461.217391304348,1992.8895567949453,2808.123188405797,21,21
D12_I5_S,L5S-240,MD,6.0,370.8623188405796,391.52530616672357,370.8623188405797,484.2246367318849,5873.788537549408,5,5
D12_I5_S,L5S-240,PM,6.0,0.0,0.0,0.0,0.0,4283.446640316205,0,0
D12_I5_S,L5S-240,NT,6.0,0.0,0.0,0.0,0.0,5656.384057971013,0,0
D12_I5_S,L5S-249,AM,6.0,0.0,0.0,0.0,0.0,3526.660256410256,0,0
D12_I5_S,L5S-249,MD,6.0,0.0,0.0,0.0,0.0,6343.284945609945,0,0
D12_I5_S,L5S-249,PM,6.0,0.0,0.0,0.0,0.0,4637.651029526029,0,0
D12_I5_S,L5S-249,NT,6.0,0.0,0.0,0.0,0.0,5080.7307692307695,0,0
D12_I5_S,L5S-252,AM,6.0,1864.3892496392496,1838.8929154669204,2948.586219336219,3119.199119030201,3872.419552669553,17,27
D12_I5_S,L5S-252,MD,6.0,603.3666666666666,652.582471387396,801.826984126984,925.4525378893316,7132.904906204906,6,8
D12_I5_S,L5S-252,PM,6.0,0.0,0.0,0.0,0.0,5288.491341991341,0,0
D12_I5_S,L5S-252,NT,6.0,0.0,0.0,0.0,0.0,5816.5,0,0
D12_I5_S,L5S-260,AM,6.0,2865.4871794871788,2935.4804437013117,2971.7820512820517,3598.6907397323107,3518.384615384616,30,31
D12_I5_S,L5S-260,MD,6.0,1265.7553418803418,1305.3587829708317,1265.755341880342,1521.910726092599,7598.665695415695,13,13
D12_I5_S,L5S-260,PM,6.0,0.0,0.0,0.0,0.0,5340.35606060606,0,0
D12_I5_S,L5S-260,NT,6.0,0.0,0.0,0.0,0.0,7277.126068376067,0,0
D12_I5_S,L5S-262,AM,5.0,3518.9217391304346,4118.806446257551,3266.634782608696,4330.845561633751,4051.5304347826095,32,30
D12_I5_S,L5S-262,MD,5.0,1709.1391304347826,1788.0122301940464,1709.1391304347824,2014.079043828452,9463.266403162055,14,14
D12_I5_S,L5S-262,PM,5.0,3458.286956521739,3479.6547377425513,3322.3043478260865,3758.956083193214,6288.903557312253,27,26
D12_I5_S,L5S-262,NT,5.0,0.0,0.0,0.0,0.0,9094.62608695652,0,0
D12_I5_S,L5S-264,AM,6.0,1759.0579710144923,1641.9982890400172,1689.2753623188407,1807.9142719437484,2029.391304347826,32,31
D12_I5_S,L5S-264,MD,6.0,798.3188405797101,849.0583283108083,740.463768115942,885.8314610686115,4360.60441370224,14,13
D12_I5_S,L5S-264,PM,6.0,971.304347826087,1013.6452219767461,848.782608695652,989.584383876554,2963.398880105402,16,14
D12_I5_S,L5S-264,NT,6.0,0.0,0.0,0.0,0.0,4444.884057971014,0,0
D12_I5_S,L5S-267,AM,5.0,1656.8086956521734,1656.0417639717157,1582.5478260869568,1906.4368540170728,2352.4347826086955,27,26
D12_I5_S,L5S-267,MD,5.0,472.66086956521735,503.3068346894578,401.3478260869565,493.9510853809992,5066.364426877471,7,6
D12_I5_S,L5S-267,PM,5.0,0.0,0.0,0.0,0.0,3734.047826086957,0,0
D12_I5_S,L5S-267,NT,5.0,0.0,0.0,0.0,0.0,4906.434782608695,0,0
D12_I5_S,L5S-272,AM,5.0,3568.95652173913,3451.6670382787624,3414.608695652175,3464.370873843748,4171.565217391304,32,31
D12_I5_S,L5S-272,MD,5.0,2002.9201581027664,2123.5953635159894,1871.97233201581,2076.2241943167296,9508.496442687743,15,14
D12_I5_S,L5S-272,PM,5.0,4748.941106719368,4781.713986350038,4748.941106719368,5025.291369229473,6795.532411067194,33,33
D12_I5_S,L5S-272,NT,5.0,0.0,0.0,0.0,0.0,8934.843478260867,0,0
D12_I5_S,L5S-277,AM,6.0,1366.9420289855072,1480.567507536236,1178.9057971014493,1282.5659360255663,3303.833333333334,15,13
D12_I5_S,L5S-277,MD,6.0,0.0,0.0,0.0,0.0,6103.272727272728,0,0
D12_I5_S,L5S-277,PM,6.0,0.0,0.0,0.0,0.0,4353.510869565217,0,0
D12_I5_S,L5S-277,NT,6.0,0.0,0.0,0.0,0.0,5963.978260869565,0,0
D12_I5_S,L5S-278,AM,6.0,0.0,0.0,0.0,0.0,2406.615942028985,0,0
D12_I5_S,L5S-278,MD,6.0,0.0,0.0,0.0,0.0,5831.286231884058,0,0
D12_I5_S,L5S-278,PM,6.0,0.0,0.0,0.0,0.0,4139.847826086956,0,0
D12_I5_S,L5S-278,NT,6.0,0.0,0.0,0.0,0.0,3865.949275362319,0,0
D12_I5_S,L5S-280,AM,6.0,0.0,0.0,0.0,0.0,3969.079710144927,0,0
D12_I5_S,L5S-280,MD,6.0,0.0,0.0,0.0,0.0,8659.536231884058,0,0
D12_I5_S,L5S-280,PM,6.0,1311.4855072463763,1393.0489979890401,1048.144927536232,1113.7341735815655,6346.59420289855,10,8
D12_I5_S,L5S-280,NT,6.0,0.0,0.0,0.0,0.0,6086.355072463768,0,0
D7_I10_E,L10E-002,AM,5.0,1201.9699999999998,1240.6667008622435,999.46,1033.3230318439844,3096.58,12,10
D7_I10_E,L10E-002,MD,5.0,1793.1999999999998,1846.8021552112634,1695.7299999999996,1743.1227330107504,6404.879999999999,18,17
D7_I10_E,L10E-002,PM,5.0,4799.02,4897.515794159565,4799.02,4897.515794159564,4799.02,48,48
D7_I10_E,L10E-002,NT,5.0,597.96,620.6499701689861,498.7699999999999,516.9693885382542,5587.039999999999,6,5
D7_I10_E,L10E-028,AM,4.0,0.0,0.0,0.0,0.0,2796.847826086956,0,0
D7_I10_E,L10E-028,MD,4.0,2218.847826086957,2304.744022948384,2119.239130434783,2247.79737744908,6768.445652173913,23,22
D7_I10_E,L10E-028,PM,4.0,4417.793478260869,4360.923134774356,4417.79347826087,4475.15573389912,4417.793478260869,48,48
D7_I10_E,L10E-028,NT,4.0,606.7391304347826,609.6186473906806,504.3369565217391,516.803622904873,7490.250000000001,6,5
D7_I10_E,L10E-069,AM,4.0,0.0,0.0,0.0,0.0,4340.857142857143,0,0
D7_I10_E,L10E-069,MD,4.0,4189.95238095238,4280.1271226035315,4040.690476190476,4121.343449737159,10144.38095238095,29,28
D7_I10_E,L10E-069,PM,4.0,6690.042261904761,6610.987561291908,6690.042261904761,6571.72708943749,6690.042261904761,48,48
D7_I10_E,L10E-069,NT,4.0,1055.202380952381,1073.2716066732512,905.952380952381,922.9115510864136,10486.976190476187,7,6
D7_I10_E,L10E-073,AM,4.0,1402.6956521739132,1576.498748732737,1189.2391304347825,1382.197549407768,3320.586956521739,14,12
D7_I10_E,L10E-073,MD,4.0,3248.608695652174,3222.100007932579,3133.282608695652,3218.356979120028,7783.097826086957,30,29
D7_I10_E,L10E-073,PM,4.0,4967.923913043478,4942.993086695677,4967.923913043478,5152.805484405102,4967.923913043478,48,48
D7_I10_E,L10E-073,NT,4.0,1004.2934782608696,1020.9291063359635,891.358695652174,927.7053525795448,7967.630434782608,9,8
D7_I10_E,L10E-100,AM,6.0,0.0,0.0,0.0,0.0,2670.36231884058,0,0
D7_I10_E,L10E-100,MD,6.0,0.0,0.0,0.0,0.0,5310.280632411066,0,0
D7_I10_E,L10E-100,PM,6.0,1772.130434782609,2018.7209785110895,1053.2028985507245,1192.3837745141998,3881.760869565217,22,13
D7_I10_E,L10E-100,NT,6.0,0.0,0.0,0.0,0.0,4837.601449275362,0,0
D7_I10_E,L10E-106,AM,5.0,0.0,0.0,0.0,0.0,2812.0899999999992,0,0
D7_I10_E,L10E-106,MD,5.0,1271.06,1275.5835670977233,1271.06,1373.2313801029438,6044.2300000000005,15,15
D7_I10_E,L10E-106,PM,5.0,4004.563157894736,4000.001730856368,4004.563157894737,4328.226610008095,4004.563157894736,48,48
D7_I10_E,L10E-106,NT,5.0,0.0,0.0,0.0,0.0,6025.849999999999,0,0
D7_I10_E,L10E-169,AM,4.0,0.0,0.0,0.0,0.0,2733.913043478261,0,0
D7_I10_E,L10E-169,MD,4.0,2591.8043478260865,2621.78293588067,2476.728260869565,2370.8586284648454,7319.978260869565,22,21
D7_I10_E,L10E-169,PM,4.0,5184.054347826087,5037.511836172131,5184.054347826087,4411.455760578047,5184.054347826087,48,48
D7_I10_E,L10E-169,NT,4.0,2113.347826086956,2269.6139557668494,2009.6630434782603,2026.0708333019168,7790.934782608696,19,18
D7_I10_E,L10E-178,AM,4.0,761.8809523809524,705.469697669581,0.0,0.0,3666.023809523809,7,0
D7_I10_E,L10E-178,MD,4.0,1545.345238095238,1547.0379321518244,1545.345238095238,1722.628065838765,7131.345238095239,16,16
D7_I10_E,L10E-178,PM,4.0,4004.2738095238096,4045.864771323539,4004.273809523809,4635.15814728127,4004.2738095238096,48,48
D7_I10_E,L10E-178,NT,4.0,988.2380952380952,990.598404658324,887.0119047619047,984.0084598763842,7366.666666666666,10,9
D7_I10_E,L10E-187,AM,4.0,0.0,0.0,0.0,0.0,2566.5543478260865,0,0
D7_I10_E,L10E-187,MD,4.0,1968.75,1992.5466139189787,1854.4891304347825,1812.7071608579968,6989.760869565217,17,16
D7_I10_E,L10E-187,PM,4.0,5118.554347826087,4910.683952108766,5118.554347826087,4336.667870488278,5118.554347826087,48,48
D7_I10_E,L10E-187,NT,4.0,1930.1521739130435,2109.633885163865,1829.032608695652,1894.5959333886944,7151.641304347826,18,17
D7_I10_E,L10E-214,AM,4.0,0.0,0.0,0.0,0.0,3011.1739130434785,0,0
D7_I10_E,L10E-214,MD,4.0,2446.4565217391305,2566.879579619411,2338.119565217391,2441.84671278897,7293.923913043478,24,23
D7_I10_E,L10E-214,PM,4.0,4545.815217391304,4316.855565926891,4545.815217391304,4278.687027497133,4545.815217391304,48,48
D7_I10_E,L10E-214,NT,4.0,844.804347826087,870.655685869225,738.5217391304348,756.0553375065276,8046.510869565217,8,7
D7_I10_E,L10E-216,AM,5.0,0.0,0.0,0.0,0.0,2916.536363636364,0,0
D7_I10_E,L10E-216,MD,5.0,1912.2545454545452,1974.9707387490027,1818.8454545454545,1720.5564463190583,6208.872727272727,22,21
D7_I10_E,L10E-216,PM,5.0,3866.727272727273,3786.3544497446737,3866.727272727272,3395.2378591963047,3866.727272727273,48,48
D7_I10_E,L10E-216,NT,5.0,1190.4454545454544,1241.015377124079,1103.4363636363637,1059.592774370065,6194.854545454546,13,12
D7_I10_E,L10E-217,AM,4.0,0.0,0.0,0.0,0.0,3021.271739130435,0,0
D7_I10_E,L10E-217,MD,4.0,3294.945652173913,3439.97645334864,3184.293478260869,3114.5240350436675,7175.695652173913,32,31
D7_I10_E,L10E-217,PM,4.0,4708.065217391304,4551.476595084185,4708.065217391305,4111.063010954975,4708.065217391304,48,48
D7_I10_E,L10E-217,NT,4.0,1059.5,1116.0819032116956,955.0652173913044,958.8240780675734,7625.923913043477,10,9
D7_I10_E,L10E-221,AM,4.0,1485.9130434782603,1738.6724804898936,1276.3804347826083,1426.193334840896,3265.826086956522,15,13
D7_I10_E,L10E-221,MD,4.0,3562.608695652174,3579.5308114761083,3332.9891304347825,3099.315530171224,7634.380434782608,33,31
D7_I10_E,L10E-221,PM,4.0,4958.282608695652,4825.695436418819,4958.282608695652,4391.862988833567,4958.282608695652,48,48
D7_I10_E,L10E-221,NT,4.0,1539.0326086956522,1633.8519485893207,1433.1521739130435,1451.7124976326331,7766.521739130434,14,13
D7_I10_E,L10E-222,AM,4.0,0.0,0.0,0.0,0.0,2685.445652173913,0,0
D7_I10_E,L10E-222,MD,4.0,3026.586956521739,3193.4621384688835,2931.3369565217386,3110.745774444588,6545.684782608696,31,30
D7_I10_E,L10E-222,PM,4.0,4867.369565217391,4750.768849863348,4867.36956521739,4573.539319937864,4867.369565217391,48,48
D7_I10_E,L10E-222,NT,4.0,895.9673913043478,931.6921261776115,697.6739130434781,748.9362820970088,6827.749999999998,9,7
D7_I10_E,L10E-233,AM,5.0,0.0,0.0,0.0,0.0,3628.418181818181,0,0
D7_I10_E,L10E-233,MD,5.0,5215.309090909091,5221.801288751008,4951.254545454544,4893.699164583143,9254.745454545457,38,36
D7_I10_E,L10E-233,PM,5.0,6367.509090909091,6339.331304533132,6367.509090909091,6041.221839058808,6367.509090909091,48,48
D7_I10_E,L10E-233,NT,5.0,2983.945454545454,3024.0109761294193,2587.8454545454542,2578.622659690556,11273.845454545452,22,19
D7_I10_E,L10E-258,AM,5.0,0.0,0.0,0.0,0.0,3285.347826086956,0,0
D7_I10_E,L10E-258,MD,5.0,0.0,0.0,0.0,0.0,6675.234782608696,0,0
D7_I10_E,L10E-258,PM,5.0,0.0,0.0,0.0,0.0,4911.895652173913,0,0
D7_I10_E,L10E-258,NT,5.0,0.0,0.0,0.0,0.0,6100.130434782609,0,0
D7_I10_E,L10E-303,AM,1.0,8464.133333333331,8877.54436601652,7450.8,7817.992990091124,16380.844444444445,17,15
D7_I10_E,L10E-303,MD,1.0,12780.377777777776,13719.73663293006,12294.6,13188.693089760323,33501.555555555555,27,26
D7_I10_E,L10E-303,PM,1.0,22407.755555555552,23468.810907216663,22407.755555555552,23468.810907216663,22407.755555555552,48,48
D7_I10_E,L10E-303,NT,1.0,3894.5777777777776,4227.885142248324,3405.0444444444443,3696.909668471008,31739.33333333333,8,7
D7_I10_E,L10E-304,AM,4.0,1558.423913043478,1508.9842415277994,1425.108695652174,1465.4070957910822,4212.434782608695,12,11
D7_I10_E,L10E-304,MD,4.0,2343.20652173913,2368.7677537766867,2343.20652173913,2508.3822468564126,8583.673913043476,19,19
D7_I10_E,L10E-304,PM,4.0,5967.086956521738,5955.805834278978,5967.086956521738,6303.258424004755,5967.086956521738,48,48
D7_I10_E,L10E-304,NT,4.0,862.858695652174,880.399551227534,739.1847826086956,799.2286358066186,7860.510869565217,7,6
D7_I10_E,L10E-308,AM,1.0,8079.956521739129,8382.057370632792,7571.043478260869,7875.335155921716,15603.217391304348,17,16
D7_I10_E,L10E-308,MD,1.0,12652.043478260868,13281.667272091294,12184.521739130436,12772.879198304345,32025.695652173912,28,27
D7_I10_E,L10E-308,PM,1.0,21188.82608695652,21363.239299297005,21188.82608695652,21363.239299297005,21188.82608695652,48,48
D7_I10_E,L10E-308,NT,1.0,4216.217391304348,4538.109303481632,3265.826086956522,3520.5086928273054,30470.69565217392,9,7
D7_I10_E,L10E-311,AM,1.0,9473.956521739128,11640.91246565255,7320.608695652173,8926.363398422565,15588.521739130436,22,17
D7_I10_E,L10E-311,MD,1.0,2165.260869565217,2714.4003024405056,0.0,0.0,33118.78260869565,5,0
D7_I10_E,L10E-311,PM,1.0,0.0,0.0,0.0,0.0,24242.652173913044,0,0
D7_I10_E,L10E-311,NT,1.0,455.3043478260869,537.5916762939138,0.0,0.0,30322.0,1,0
D7_I10_E,L10E-326,AM,5.0,0.0,0.0,0.0,0.0,3344.114285714286,0,0
D7_I10_E,L10E-326,MD,5.0,298.447619047619,295.71023349731536,298.447619047619,305.0844161852642,6827.9333333333325,3,3
D7_I10_E,L10E-326,PM,5.0,4655.190476190475,4614.965999250049,4655.190476190476,4777.256781267226,4655.190476190475,48,48
D7_I10_E,L10E-326,NT,5.0,100.17142857142858,98.67349031499955,0.0,0.0,6847.704761904763,1,0
D7_I10_E,L10E-331,AM,1.0,0.0,0.0,0.0,0.0,13878.909090909096,0,0
D7_I10_E,L10E-331,MD,1.0,6296.772727272728,6697.309876672096,3560.772727272727,3764.008562237076,27682.227272727272,16,9
D7_I10_E,L10E-331,PM,1.0,17501.409090909092,18366.579894108745,17501.409090909092,18366.579894108745,17501.409090909092,48,48
D7_I10_E,L10E-331,NT,1.0,401.0,419.1392806015704,0.0,0.0,28782.40909090909,1,0
D7_I10_E,L10E-333,AM,1.0,0.0,0.0,0.0,0.0,13218.142857142857,0,0
D7_I10_E,L10E-333,MD,1.0,1145.190476190476,1188.26814295987,767.0,791.838412873567,26750.42857142857,3,2
D7_I10_E,L10E-333,PM,1.0,17019.523809523806,17844.512400337546,17019.523809523806,17844.512400337546,17019.523809523806,48,48
D7_I10_E,L10E-333,NT,1.0,383.57142857142856,396.36980251141256,0.0,0.0,28272.42857142857,1,0
D7_I10_E,L10E-337,AM,1.0,0.0,0.0,0.0,0.0,16256.347826086954,0,0
D7_I10_E,L10E-337,MD,1.0,4045.695652173913,4499.631006856092,3601.478260869565,3998.032546204701,31840.47826086956,9,8
D7_I10_E,L10E-337,PM,1.0,19640.347826086952,21111.886261999694,19640.347826086952,21111.88626199969,19640.347826086952,48,48
D7_I10_E,L10E-337,NT,1.0,901.5217391304346,1002.5914921838378,453.5217391304348,500.9591020955388,31796.30434782608,2,1
D7_I10_E,L10E-349,AM,6.0,0.0,0.0,0.0,0.0,2955.561403508772,0,0
D7_I10_E,L10E-349,MD,6.0,2255.7631578947367,2338.251521185628,2163.3596491228072,2228.618431239244,6089.956140350878,27,26
D7_I10_E,L10E-349,PM,6.0,3754.008771929824,3655.6636121657853,3754.008771929825,3575.1027393260238,3754.008771929824,48,48
D7_I10_E,L10E-349,NT,6.0,985.4122807017544,1007.7750970949364,895.9210526315788,911.3435241445086,6319.673116615068,11,10
D7_I10_E,L10E-351,AM,1.0,5402.826086956522,5880.30420314584,4469.434782608696,4896.385968936718,14946.826086956522,12,10
D7_I10_E,L10E-351,MD,1.0,10157.173913043476,10640.72108303918,9691.521739130432,10147.99882269358,31950.43478260869,23,22
D7_I10_E,L10E-351,PM,1.0,20192.17391304348,20391.621861977288,20192.17391304348,20391.621861977288,20192.17391304348,48,48
D7_I10_E,L10E-351,NT,1.0,2328.304347826087,2455.5288490047647,1854.5,1962.8446065234607,30939.826086956517,5,4
D7_I10_W,L10W-001,AM,5.0,1924.7274725274724,1894.724537676405,2539.8846153846143,3001.66818109016,3235.470329670329,21,28
D7_I10_W,L10W-001,MD,5.0,0.0,0.0,0.0,0.0,6656.607692307693,0,0
D7_I10_W,L10W-001,PM,5.0,0.0,0.0,0.0,0.0,4849.443956043955,0,0
D7_I10_W,L10W-001,NT,5.0,0.0,0.0,0.0,0.0,6091.632967032967,0,0
D7_I10_W,L10W-068,AM,4.0,3768.923913043478,3731.344350935668,3542.152173913044,3865.592507794511,4128.282608695652,33,31
D7_I10_W,L10W-068,MD,4.0,0.0,0.0,0.0,0.0,7414.423913043478,0,0
D7_I10_W,L10W-068,PM,4.0,0.0,0.0,0.0,0.0,4867.380434782608,0,0
D7_I10_W,L10W-068,NT,4.0,0.0,0.0,0.0,0.0,6841.739130434782,0,0
D7_I10_W,L10W-071,AM,4.0,4198.391304347826,4139.285975261892,4198.391304347826,4077.172235243387,4198.391304347826,36,36
D7_I10_W,L10W-071,MD,4.0,1824.2282608695648,1891.6587928058445,1708.6739130434785,1743.554004034199,8108.989130434781,16,15
D7_I10_W,L10W-071,PM,4.0,0.0,0.0,0.0,0.0,5372.336956521739,0,0
D7_I10_W,L10W-071,NT,4.0,0.0,0.0,0.0,0.0,6954.326086956521,0,0
D7_I10_W,L10W-084,AM,4.0,3331.532608695652,3122.127042443096,3331.532608695652,3867.207601985849,3331.532608695652,36,36
D7_I10_W,L10W-084,MD,4.0,3110.5217391304345,3256.9462198380097,3006.402173913043,3804.2311820777545,7507.967391304348,31,30
D7_I10_W,L10W-084,PM,4.0,0.0,0.0,0.0,0.0,5425.293478260869,0,0
D7_I10_W,L10W-084,NT,4.0,118.40217391304346,112.9863522038042,0.0,0.0,7543.45652173913,1,0
D7_I10_W,L10W-086,AM,5.0,3373.904761904761,3348.115414720788,3373.904761904762,3920.229183075328,3373.904761904761,36,36
D7_I10_W,L10W-086,MD,5.0,280.9428571428571,289.5783853452877,280.9428571428571,331.56406350793884,6945.4285714285725,3,3
D7_I10_W,L10W-086,PM,5.0,0.0,0.0,0.0,0.0,4970.190476190475,0,0
D7_I10_W,L10W-086,NT,5.0,0.0,0.0,0.0,0.0,6544.647619047619,0,0
D7_I10_W,L10W-099,AM,4.0,3556.226190476191,3559.834210024029,3556.226190476191,4148.681652472478,3556.226190476191,36,36
D7_I10_W,L10W-099,MD,4.0,680.7619047619047,706.0520278032284,876.8809523809524,1048.4103737595951,6980.821428571428,7,9
D7_I10_W,L10W-099,PM,4.0,0.0,0.0,0.0,0.0,4906.821428571428,0,0
D7_I10_W,L10W-099,NT,4.0,0.0,0.0,0.0,0.0,6841.833333333333,0,0
D7_I10_W,L10W-107,AM,4.0,3638.4891304347834,3499.9694729910543,3638.4891304347834,4350.153460134794,3638.4891304347834,36,36
D7_I10_W,L10W-107,MD,4.0,1932.4347826086955,2045.509104969916,2418.152173913043,3142.4294397959784,7305.336956521738,19,24
D7_I10_W,L10W-107,PM,4.0,0.0,0.0,0.0,0.0,5348.163043478261,0,0
D7_I10_W,L10W-107,NT,4.0,117.86956521739128,110.49063729658369,0.0,0.0,6570.630434782608,1,0
D7_I10_W,L10W-109,AM,4.0,3615.0869565217386,3559.3260349031934,3615.0869565217386,4452.903278305911,3615.0869565217386,36,36
D7_I10_W,L10W-109,MD,4.0,2251.402173913044,2283.1360377510073,2664.717391304348,3282.141242518327,7978.78260869565,21,25
D7_I10_W,L10W-109,PM,4.0,0.0,0.0,0.0,0.0,5782.391304347826,0,0
D7_I10_W,L10W-109,NT,4.0,0.0,0.0,0.0,0.0,7546.45652173913,0,0
D7_I10_W,L10W-116,AM,5.0,0.0,0.0,0.0,0.0,6453.2956521739125,0,0
D7_I10_W,L10W-116,MD,5.0,0.0,0.0,0.0,0.0,12124.04878599661,0,0
D7_I10_W,L10W-116,PM,5.0,0.0,0.0,0.0,0.0,7862.488932806324,0,0
D7_I10_W,L10W-116,NT,5.0,0.0,0.0,0.0,0.0,17756.768851872766,0,0
D7_I10_W,L10W-124,AM,5.0,1153.0782608695654,1292.0440455289747,1062.6173913043478,1191.9629085006388,3339.730434782609,13,12
D7_I10_W,L10W-124,MD,5.0,430.1739130434783,499.39591048500085,342.704347826087,399.5116061884181,5953.321739130435,5,4
D7_I10_W,L10W-124,PM,5.0,0.0,0.0,0.0,0.0,4044.643478260869,0,0
D7_I10_W,L10W-124,NT,5.0,0.0,0.0,0.0,0.0,5190.104347826087,0,0
D7_I10_W,L10W-147,AM,6.0,1432.9710144927535,1374.9733680900347,1353.5797101449275,1422.8783136939,2695.746376811594,20,19
D7_I10_W,L10W-147,MD,6.0,1168.4565217391305,1253.980264434073,1168.4565217391305,1378.9076237874112,4884.289855072463,17,17
D7_I10_W,L10W-147,PM,6.0,493.731884057971,526.5080464741161,425.6376811594202,497.446527234025,3308.260869565217,7,6
D7_I10_W,L10W-147,NT,6.0,0.0,0.0,0.0,0.0,4266.579710144927,0,0
D7_I10_W,L10W-169,AM,4.0,4054.804347826087,4001.114208746032,3938.260869565217,4067.4159389433335,4168.576086956522,35,34
D7_I10_W,L10W-169,MD,4.0,1353.804347826087,1396.731224702725,1353.804347826087,1459.133575401461,8093.489130434782,12,12
D7_I10_W,L10W-169,PM,4.0,0.0,0.0,0.0,0.0,5502.70652173913,0,0
D7_I10_W,L10W-169,NT,4.0,0.0,0.0,0.0,0.0,7160.152173913044,0,0
D7_I10_W,L10W-190,AM,4.0,0.0,0.0,0.0,0.0,3747.478260869565,0,0
D7_I10_W,L10W-190,MD,4.0,0.0,0.0,0.0,0.0,5724.521739130434,0,0
D7_I10_W,L10W-190,PM,4.0,0.0,0.0,0.0,0.0,3608.5,0,0
D7_I10_W,L10W-190,NT,4.0,0.0,0.0,0.0,0.0,5774.771739130434,0,0
D7_I10_W,L10W-221,AM,4.0,4453.41304347826,4378.726108230952,4453.41304347826,4864.523391948383,4453.41304347826,36,36
D7_I10_W,L10W-221,MD,4.0,1435.5326086956522,1516.5193038998207,1435.5326086956522,1671.4340942367712,8588.554347826088,12,12
D7_I10_W,L10W-221,PM,4.0,0.0,0.0,0.0,0.0,6028.923913043478,0,0
D7_I10_W,L10W-221,NT,4.0,240.7065217391304,256.30429415221477,119.95652173913044,140.35408202501074,7979.935276679842,2,1
D7_I10_W,L10W-232,AM,4.0,3570.090909090909,3540.8069881927177,3570.090909090909,4063.741087497844,3570.090909090909,36,36
D7_I10_W,L10W-232,MD,4.0,595.3636363636363,621.2072814253075,595.3636363636363,696.868776219001,7276.65422077922,6,6
D7_I10_W,L10W-232,PM,4.0,0.0,0.0,0.0,0.0,5102.068181818182,0,0
D7_I10_W,L10W-232,NT,4.0,93.75,105.52247409630456,0.0,0.0,7038.693722943722,1,0
D7_I10_W,L10W-248,AM,4.0,3586.2840909090905,3529.9296074524764,3586.2840909090905,4162.114656363443,3586.2840909090905,36,36
D7_I10_W,L10W-248,MD,4.0,765.2954545454545,808.0942567433115,958.3295454545452,1177.4534921516893,7005.352272727272,8,10
D7_I10_W,L10W-248,PM,4.0,0.0,0.0,0.0,0.0,4810.977272727272,0,0
D7_I10_W,L10W-248,NT,4.0,97.09090909090908,102.95948814248624,0.0,0.0,7109.090909090909,1,0
D7_I10_W,L10W-262,AM,4.0,3617.717391304348,3479.219063374332,3886.4239130434794,4313.553612294985,4552.847826086956,29,31
D7_I10_W,L10W-262,MD,4.0,2916.358695652174,3076.7263354966217,4206.532608695652,5120.226344426686,8471.565217391304,25,36
D7_I10_W,L10W-262,PM,4.0,0.0,0.0,0.0,0.0,5897.793478260869,0,0
D7_I10_W,L10W-262,NT,4.0,0.0,0.0,0.0,0.0,8452.902173913042,0,0
D7_I10_W,L10W-291,AM,4.0,3663.75,4011.843935711893,3317.228260869565,3632.750063362894,4129.576086956521,32,29
D7_I10_W,L10W-291,MD,4.0,0.0,0.0,0.0,0.0,7430.315217391304,0,0
D7_I10_W,L10W-291,PM,4.0,0.0,0.0,0.0,0.0,4884.239130434782,0,0
D7_I10_W,L10W-291,NT,4.0,0.0,0.0,0.0,0.0,6854.043478260869,0,0
D7_I10_W,L10W-292,AM,4.0,3775.773809523809,3737.6941451889275,3412.702380952382,3541.141019910637,4246.964285714286,32,29
D7_I10_W,L10W-292,MD,4.0,0.0,0.0,0.0,0.0,8121.892857142857,0,0
D7_I10_W,L10W-292,PM,4.0,0.0,0.0,0.0,0.0,5351.083333333333,0,0
D7_I10_W,L10W-292,NT,4.0,0.0,0.0,0.0,0.0,7260.809523809524,0,0
D7_I10_W,L10W-296,AM,5.0,3245.020833333334,2987.088757778149,3245.020833333333,3455.597433370099,3245.020833333334,36,36
D7_I10_W,L10W-296,MD,5.0,6121.6050000000005,6380.497320928891,6223.005,7597.375897823988,6931.967499999999,64,65
D7_I10_W,L10W-296,PM,5.0,2021.075,2004.457789532889,1908.3,2246.872838120888,5040.494166666666,19,18
D7_I10_W,L10W-296,NT,5.0,217.1483333333333,211.65390556501552,217.1483333333333,251.538502678209,7632.120833333332,2,2
D7_I10_W,L10W-297,AM,5.0,0.0,0.0,0.0,0.0,4164.504347826087,0,0
D7_I10_W,L10W-297,MD,5.0,0.0,0.0,0.0,0.0,6568.852173913043,0,0
D7_I10_W,L10W-297,PM,5.0,0.0,0.0,0.0,0.0,4303.730434782608,0,0
D7_I10_W,L10W-297,NT,5.0,0.0,0.0,0.0,0.0,5582.95652173913,0,0
D7_I10_W,L10W-301,AM,4.0,4082.826086956522,4017.832084976013,4082.826086956522,4044.239150972697,4082.826086956522,36,36
D7_I10_W,L10W-301,MD,4.0,1760.0760869565215,1842.6618075888332,1648.9565217391305,1739.7062354132077,7809.75,16,15
D7_I10_W,L10W-301,PM,4.0,0.0,0.0,0.0,0.0,5204.771739130434,0,0
D7_I10_W,L10W-301,NT,4.0,118.09782608695652,119.87512277894439,0.0,0.0,7000.445652173912,1,0
D7_I10_W,L10W-302,AM,4.0,3146.010869565217,3283.3364770596027,2481.619565217391,2568.306323209675,4944.858695652174,23,18
D7_I10_W,L10W-302,MD,4.0,0.0,0.0,0.0,0.0,8238.326086956522,0,0
D7_I10_W,L10W-302,PM,4.0,0.0,0.0,0.0,0.0,4910.554347826086,0,0
D7_I10_W,L10W-302,NT,4.0,0.0,0.0,0.0,0.0,7463.010869565216,0,0
D7_I10_W,L10W-312,AM,5.0,3394.9565217391305,3341.577522265667,3298.513043478261,3324.993101747406,3489.3826086956524,35,34
D7_I10_W,L10W-312,MD,5.0,1218.1130434782608,1266.946626842995,1127.3391304347826,1195.2529879013414,6669.599999999999,13,12
D7_I10_W,L10W-312,PM,5.0,0.0,0.0,0.0,0.0,4531.634782608695,0,0
D7_I10_W,L10W-312,NT,5.0,0.0,0.0,0.0,0.0,5868.139130434783,0,0
D7_I10_W,L10W-315,AM,4.0,3915.478260869565,3856.4976774250945,3799.260869565217,3871.448223252926,4146.336956521739,34,33
D7_I10_W,L10W-315,MD,4.0,1567.6304347826083,1627.2255310685623,1791.1630434782603,1938.1540610802776,8096.858695652173,14,16
D7_I10_W,L10W-315,PM,4.0,0.0,0.0,0.0,0.0,5634.586956521738,0,0
D7_I10_W,L10W-315,NT,4.0,0.0,0.0,0.0,0.0,7131.576086956521,0,0
D7_I10_W,L10W-371,AM,5.0,2802.869565217391,2849.199953543481,2712.460869565217,3185.746113944588,3238.5217391304345,31,30
D7_I10_W,L10W-371,MD,5.0,350.31304347826085,380.4724854270453,439.6695652173913,542.9005772534804,6669.939130434783,4,5
D7_I10_W,L10W-371,PM,5.0,0.0,0.0,0.0,0.0,4831.356521739131,0,0
D7_I10_W,L10W-371,NT,5.0,0.0,0.0,0.0,0.0,6066.91304347826,0,0
D7_I10_W,L10W-377,AM,1.0,7705.882352941176,10792.3763953111,7428.470588235295,10447.885747226735,8884.823529411766,32,31
D7_I10_W,L10W-377,MD,1.0,2372.3529411764707,3099.1419266877256,527.4117647058823,688.4952500530495,20289.588235294115,9,2
D7_I10_W,L10W-377,PM,1.0,0.0,0.0,0.0,0.0,15123.058823529413,0,0
D7_I10_W,L10W-377,NT,1.0,0.0,0.0,0.0,0.0,22161.470588235294,0,0
D7_I10_W,L10W-383,AM,1.0,19175.130434782604,21355.486944177577,19175.130434782604,21355.486944177577,19175.130434782604,36,36
D7_I10_W,L10W-383,MD,1.0,6121.91304347826,7144.692322782763,5627.130434782608,6548.237878658021,36488.65217391304,12,11
D7_I10_W,L10W-383,PM,1.0,0.0,0.0,0.0,0.0,25656.956521739125,0,0
D7_I10_W,L10W-383,NT,1.0,0.0,0.0,0.0,0.0,34263.52173913043,0,0
D7_I10_W,L10W-385,AM,1.0,5487.772727272728,6098.205740621664,4385.136363636364,4877.178927228241,20521.04545454545,10,8
D7_I10_W,L10W-385,MD,1.0,0.0,0.0,0.0,0.0,36677.181818181816,0,0
D7_I10_W,L10W-385,PM,1.0,0.0,0.0,0.0,0.0,25700.454545454548,0,0
D7_I10_W,L10W-385,NT,1.0,0.0,0.0,0.0,0.0,33525.954545454544,0,0
D7_I10_W,L10W-388,AM,4.0,3209.692261904762,3233.391127130906,3209.692261904761,4054.876696353628,3209.692261904762,36,36
D7_I10_W,L10W-388,MD,4.0,380.5119047619047,379.5225911278412,474.547619047619,577.3372233600304,6956.190476190475,4,5
D7_I10_W,L10W-388,PM,4.0,0.0,0.0,0.0,0.0,4944.202380952381,0,0
D7_I10_W,L10W-388,NT,4.0,90.05952380952381,97.03245130385244,0.0,0.0,6594.119047619048,1,0
D7_I10_W,L10W-395,AM,1.0,13613.809523809528,15667.410185957466,13613.809523809528,15667.410185957466,13613.809523809528,36,36
D7_I10_W,L10W-395,MD,1.0,2281.476190476191,2683.3398925466745,1900.5238095238096,2235.6395455880865,27723.571428571428,6,5
D7_I10_W,L10W-395,PM,1.0,0.0,0.0,0.0,0.0,19466.47619047619,0,0
D7_I10_W,L10W-395,NT,1.0,745.8571428571428,894.8738236804893,360.7619047619047,447.1403117893356,26862.380952380958,2,1
D7_I210_E,L210E-008,AM,5.0,0.0,0.0,0.0,0.0,3291.930434782609,0,0
D7_I210_E,L210E-008,MD,5.0,3333.0608695652163,3438.130487789993,3224.9565217391305,3017.674892571637,7208.669565217391,33,32
D7_I210_E,L210E-008,PM,5.0,4322.304347826086,4238.333482354221,4322.304347826086,3676.002370500176,4322.304347826086,48,48
D7_I210_E,L210E-008,NT,5.0,967.0521739130434,1115.950911917313,967.0521739130434,1044.3747550768117,5656.504347826087,10,10
D7_I210_E,L210E-009,AM,4.0,0.0,0.0,0.0,0.0,3974.5108695652166,0,0
D7_I210_E,L210E-009,MD,4.0,3898.608695652173,3919.073407072545,3771.380434782609,3948.89203389216,8571.978260869564,33,32
D7_I210_E,L210E-009,PM,4.0,4633.771739130434,4604.381864777902,4633.771739130434,4790.35302396256,4633.771739130434,48,48
D7_I210_E,L210E-009,NT,4.0,1007.0,1097.0528210847938,898.4239130434783,1010.9547970570104,6656.717391304348,9,8
D7_I210_E,L210E-035,AM,4.0,0.0,0.0,0.0,0.0,3341.306818181817,0,0
D7_I210_E,L210E-035,MD,4.0,0.0,0.0,0.0,0.0,5466.204545454545,0,0
D7_I210_E,L210E-035,PM,4.0,0.0,0.0,0.0,0.0,4279.090909090909,0,0
D7_I210_E,L210E-035,NT,4.0,0.0,0.0,0.0,0.0,2744.000541125541,0,0
D7_I210_E,L210E-042,AM,4.0,1041.5978260869565,1078.5026552005886,945.5326086956522,979.8050556516152,2814.8152173913045,11,10
D7_I210_E,L210E-042,MD,4.0,1163.108695652174,1479.008433158186,1005.4891304347826,1281.5101775679652,5231.315217391304,15,13
D7_I210_E,L210E-042,PM,4.0,2101.739130434783,2454.993055435221,2022.184782608696,2356.279059647433,3850.402173913043,25,24
D7_I210_E,L210E-042,NT,4.0,0.0,0.0,0.0,0.0,2906.2717391304345,0,0
D7_I210_E,L210E-046,AM,4.0,938.225,981.3892158573058,731.825,761.867386706745,3410.675000000001,9,7
D7_I210_E,L210E-046,MD,4.0,0.0,0.0,0.0,0.0,5632.212499999999,0,0
D7_I210_E,L210E-046,PM,4.0,0.0,0.0,0.0,0.0,4472.2125,0,0
D7_I210_E,L210E-046,NT,4.0,0.0,0.0,0.0,0.0,3035.4,0,0
D7_I210_E,L210E-051,AM,4.0,0.0,0.0,0.0,0.0,3012.902173913044,0,0
D7_I210_E,L210E-051,MD,4.0,0.0,0.0,0.0,0.0,5534.032608695652,0,0
D7_I210_E,L210E-051,PM,4.0,0.0,0.0,0.0,0.0,4095.978260869565,0,0
D7_I210_E,L210E-051,NT,4.0,0.0,0.0,0.0,0.0,2896.5,0,0
D7_I210_E,L210E-052,AM,4.0,0.0,0.0,0.0,0.0,3146.583333333333,0,0
D7_I210_E,L210E-052,MD,4.0,0.0,0.0,0.0,0.0,5207.345238095238,0,0
D7_I210_E,L210E-052,PM,4.0,0.0,0.0,0.0,0.0,3890.6309523809527,0,0
D7_I210_E,L210E-052,NT,4.0,0.0,0.0,0.0,0.0,2796.940476190476,0,0
D7_I210_E,L210E-065,AM,4.0,1601.9285714285716,1581.9907101912127,1498.0,1529.317314691106,3259.869047619047,17,16
D7_I210_E,L210E-065,MD,4.0,1100.678571428571,1290.3756056231043,1100.678571428571,1316.9245947548548,5778.107142857142,13,13
D7_I210_E,L210E-065,PM,4.0,0.0,0.0,0.0,0.0,4634.75,0,0
D7_I210_E,L210E-065,NT,4.0,0.0,0.0,0.0,0.0,2859.2976190476197,0,0
D7_I210_E,L210E-070,AM,4.0,2416.698863636363,2457.882269140152,2281.534090909091,2408.6132749708377,4315.176136363636,19,18
D7_I210_E,L210E-070,MD,4.0,1057.1988636363635,1187.312853183193,1172.471590909091,1368.3968698216645,8058.380681818181,9,10
D7_I210_E,L210E-070,PM,4.0,0.0,0.0,0.0,0.0,6152.34659090909,0,0
D7_I210_E,L210E-070,NT,4.0,0.0,0.0,0.0,0.0,3878.215909090909,0,0
D7_I210_E,L210E-128,AM,5.0,0.0,0.0,0.0,0.0,2380.823529411764,0,0
D7_I210_E,L210E-128,MD,5.0,478.8588235294117,484.3656455490701,478.8588235294117,519.4910874151708,5768.129411764706,6,6
D7_I210_E,L210E-128,PM,5.0,3387.447058823529,3390.9233994318533,3387.447058823529,3717.75919155485,3387.447058823529,48,48
D7_I210_E,L210E-128,NT,5.0,564.5176470588235,576.2984088775928,485.1529411764706,525.8625557186917,4765.423529411765,7,6
D7_I210_E,L210E-136,AM,4.0,0.0,0.0,0.0,0.0,4246.843390804597,0,0
D7_I210_E,L210E-136,MD,4.0,0.0,0.0,0.0,0.0,9111.399999999998,0,0
D7_I210_E,L210E-136,PM,4.0,0.0,0.0,0.0,0.0,6449.215229885057,0,0
D7_I210_E,L210E-136,NT,4.0,0.0,0.0,0.0,0.0,7941.0123563218385,0,0
D7_I210_E,L210E-139,AM,4.0,0.0,0.0,0.0,0.0,3093.5978260869565,0,0
D7_I210_E,L210E-139,MD,4.0,1936.3804347826083,2071.2413641356125,1834.282608695652,1746.9232777038037,6954.510869565218,19,18
D7_I210_E,L210E-139,PM,4.0,4921.271739130434,4749.089363665033,4921.271739130434,3985.62657057322,4921.271739130434,48,48
D7_I210_E,L210E-139,NT,4.0,1263.6739130434785,1443.2928296421678,1176.3152173913045,1216.222209687493,5858.108695652173,13,12
D7_I210_E,L210E-141,AM,4.0,0.0,0.0,0.0,0.0,3501.4749999999995,0,0
D7_I210_E,L210E-141,MD,4.0,2785.466666666667,2839.720565137428,2350.175,2329.367223062225,7615.241666666666,26,22
D7_I210_E,L210E-141,PM,4.0,5171.262499999999,5083.594263459112,5171.2625,4923.947165266295,5171.262499999999,48,48
D7_I210_E,L210E-141,NT,4.0,1486.1749999999995,1554.9748821790363,1383.2916666666663,1413.2839922706703,6880.3083333333325,14,13
D7_I210_E,L210E-145,AM,5.0,0.0,0.0,0.0,0.0,3620.965217391304,0,0
D7_I210_E,L210E-145,MD,5.0,1895.8869565217392,1885.6958834864413,1895.8869565217392,1931.821896392441,8064.730434782608,16,16
D7_I210_E,L210E-145,PM,5.0,5006.347826086956,5025.868760051373,4890.608695652173,5031.124829413912,5569.417391304349,43,42
D7_I210_E,L210E-145,NT,5.0,0.0,0.0,0.0,0.0,5731.608695652174,0,0
D7_I210_E,L210E-168,AM,2.0,0.0,0.0,0.0,0.0,2290.782608695652,0,0
D7_I210_E,L210E-168,MD,2.0,0.0,0.0,0.0,0.0,4203.586956521739,0,0
D7_I210_E,L210E-168,PM,2.0,0.0,0.0,0.0,0.0,3968.91304347826,0,0
D7_I210_E,L210E-168,NT,2.0,0.0,0.0,0.0,0.0,1465.108695652174,0,0
D7_I210_E,L210E-170,AM,5.0,0.0,0.0,0.0,0.0,3557.721739130435,0,0
D7_I210_E,L210E-170,MD,5.0,2308.0782608695654,2334.214093971611,2308.078260869565,2348.2038798359904,7927.208695652174,21,21
D7_I210_E,L210E-170,PM,5.0,5046.695652173913,5070.984108090919,5046.695652173914,5086.066154501523,5046.695652173913,48,48
D7_I210_E,L210E-170,NT,5.0,209.4173913043478,236.0133903475687,103.75652173913042,119.72567195890124,5959.704347826087,2,1
D7_I210_E,L210E-172,AM,4.0,0.0,0.0,0.0,0.0,3059.391304347826,0,0
D7_I210_E,L210E-172,MD,4.0,0.0,0.0,0.0,0.0,5207.054347826086,0,0
D7_I210_E,L210E-172,PM,4.0,0.0,0.0,0.0,0.0,3837.4565217391305,0,0
D7_I210_E,L210E-172,NT,4.0,0.0,0.0,0.0,0.0,2732.2717391304345,0,0
D7_I210_E,L210E-173,AM,4.0,0.0,0.0,0.0,0.0,2976.260869565217,0,0
D7_I210_E,L210E-173,MD,4.0,0.0,0.0,0.0,0.0,5247.326086956522,0,0
D7_I210_E,L210E-173,PM,4.0,0.0,0.0,0.0,0.0,3802.413043478261,0,0
D7_I210_E,L210E-173,NT,4.0,0.0,0.0,0.0,0.0,2668.29347826087,0,0
D7_I210_E,L210E-203,AM,4.0,0.0,0.0,0.0,0.0,2324.75,0,0
D7_I210_E,L210E-203,MD,4.0,0.0,0.0,0.0,0.0,4255.554347826086,0,0
D7_I210_E,L210E-203,PM,4.0,0.0,0.0,0.0,0.0,3133.6630434782605,0,0
D7_I210_E,L210E-203,NT,4.0,0.0,0.0,0.0,0.0,2413.532608695652,0,0
D7_I210_E,L210E-206,AM,6.0,0.0,0.0,0.0,0.0,1509.9333333333336,0,0
D7_I210_E,L210E-206,MD,6.0,0.0,0.0,0.0,0.0,2749.15,0,0
D7_I210_E,L210E-206,PM,6.0,0.0,0.0,0.0,0.0,2037.0,0,0
D7_I210_E,L210E-206,NT,6.0,0.0,0.0,0.0,0.0,1518.5666666666668,0,0
D7_I210_E,L210E-220,AM,4.0,0.0,0.0,0.0,0.0,4220.771739130434,0,0
D7_I210_E,L210E-220,MD,4.0,1444.195652173913,1473.1465844124998,1320.9565217391305,1439.1956125473737,8848.5,12,11
D7_I210_E,L210E-220,PM,4.0,5923.043478260869,5895.039205067031,5674.38043478261,6018.54810690962,5923.043478260869,48,46
D7_I210_E,L210E-220,NT,4.0,116.42391304347828,124.23734099785561,116.42391304347828,131.3625344334192,8036.934782608696,1,1
D7_I210_E,L210E-224,AM,4.0,0.0,0.0,0.0,0.0,3614.315217391305,0,0
D7_I210_E,L210E-224,MD,4.0,2723.369565217391,2871.3894767372662,1540.3478260869565,1620.4722380438202,7959.847826086957,23,13
D7_I210_E,L210E-224,PM,4.0,5844.673913043478,5994.502936392739,4613.45652173913,4743.389489143612,5844.673913043478,48,38
D7_I210_E,L210E-224,NT,4.0,1044.3260869565215,1124.8196491103913,814.9891304347826,874.5912906279683,6844.25,9,7
D7_I210_E,L210E-231,AM,5.0,0.0,0.0,0.0,0.0,3162.019047619048,0,0
D7_I210_E,L210E-231,MD,5.0,2021.609523809524,2068.7638103582008,2116.247619047618,2202.80165559679,6758.285714285715,22,23
D7_I210_E,L210E-231,PM,5.0,4423.685714285714,4344.215895206887,4423.685714285713,4406.964564747143,4423.685714285714,48,48
D7_I210_E,L210E-231,NT,5.0,1384.142857142857,1459.1732738451958,1293.057142857143,1382.5366134820554,6237.580952380953,15,14
D7_I210_E,L210E-237,AM,4.0,0.0,0.0,0.0,0.0,3932.340909090909,0,0
D7_I210_E,L210E-237,MD,4.0,1604.681818181818,1661.0567021989623,1488.2954545454545,1683.3062367999898,8298.420454545452,15,14
D7_I210_E,L210E-237,PM,4.0,5130.0,5073.353407642773,5130.0,5608.791775253927,5130.0,48,48
D7_I210_E,L210E-237,NT,4.0,332.4886363636363,350.5269286381831,219.6136363636364,249.11216822547357,7939.590909090909,3,2
D7_I210_E,L210E-243,AM,4.0,0.0,0.0,0.0,0.0,2800.3804347826085,0,0
D7_I210_E,L210E-243,MD,4.0,0.0,0.0,0.0,0.0,5287.880434782608,0,0
D7_I210_E,L210E-243,PM,4.0,0.0,0.0,0.0,0.0,3991.032608695652,0,0
D7_I210_E,L210E-243,NT,4.0,0.0,0.0,0.0,0.0,2821.402173913043,0,0
D7_I210_E,L210E-245,AM,4.0,0.0,0.0,0.0,0.0,3265.545454545454,0,0
D7_I210_E,L210E-245,MD,4.0,1836.318181818182,1872.488320247344,1719.6022727272723,1761.330841661344,7753.840909090909,17,16
D7_I210_E,L210E-245,PM,4.0,4625.829545454545,4562.443589084114,4625.829545454545,4455.264785203011,4625.829545454545,48,48
D7_I210_E,L210E-245,NT,4.0,1378.6136363636365,1482.2798975889168,1279.3977272727273,1384.231466482741,6282.420454545454,13,12
D7_I210_E,L210E-260,AM,4.0,0.0,0.0,0.0,0.0,3056.8068181818185,0,0
D7_I210_E,L210E-260,MD,4.0,0.0,0.0,0.0,0.0,6438.761363636364,0,0
D7_I210_E,L210E-260,PM,4.0,0.0,0.0,0.0,0.0,4380.568181818182,0,0
D7_I210_E,L210E-260,NT,4.0,0.0,0.0,0.0,0.0,6013.744588744588,0,0
D7_I210_E,L210E-304,AM,5.0,0.0,0.0,0.0,0.0,3938.0173913043473,0,0
D7_I210_E,L210E-304,MD,5.0,468.82608695652175,473.2437741492971,468.8260869565218,531.8907900960075,8410.215415019762,4,4
D7_I210_E,L210E-304,PM,5.0,3793.017391304348,3780.269316601724,3553.834782608696,3987.252389050109,5700.347826086956,32,30
D7_I210_E,L210E-304,NT,5.0,0.0,0.0,0.0,0.0,6268.539130434781,0,0
D7_I210_E,L210E-314,AM,6.0,0.0,0.0,0.0,0.0,2666.2250000000004,0,0
D7_I210_E,L210E-314,MD,6.0,1357.9416666666666,1373.097751426048,1277.0833333333333,1466.389141843052,5574.983333333334,18,17
D7_I210_E,L210E-314,PM,6.0,3581.333333333333,3572.9796640545887,3581.333333333333,4080.2554127922617,3581.333333333333,48,48
D7_I210_E,L210E-314,NT,6.0,298.18333333333334,311.84456596704786,373.875,437.4945109121344,5224.116666666667,4,5
D7_I210_E,L210E-319,AM,4.0,0.0,0.0,0.0,0.0,3998.147727272727,0,0
D7_I210_E,L210E-319,MD,4.0,2165.125,2197.9105625807947,2040.5795454545453,2089.238818635793,8709.90909090909,18,17
D7_I210_E,L210E-319,PM,4.0,4752.590909090909,4683.987726837651,4752.59090909091,4723.936576236684,4752.590909090909,48,48
D7_I210_E,L210E-319,NT,4.0,947.784090909091,1005.9965938914598,828.1477272727273,885.6323080926084,6962.71212121212,8,7
D7_I210_W,L210W-001,AM,5.0,1945.7,1857.2754576856537,1831.463636363636,2041.2190248962256,3787.194372294372,20,19
D7_I210_W,L210W-001,MD,5.0,1005.2272727272726,1001.5390377144299,905.3727272727272,1047.6836043389897,7218.144155844156,10,9
D7_I210_W,L210W-001,PM,5.0,3085.64025974026,3241.318664242545,3085.64025974026,3780.940837045486,4664.388744588744,32,32
D7_I210_W,L210W-001,NT,5.0,0.0,0.0,0.0,0.0,5793.026406926406,0,0
D7_I210_W,L210W-004,AM,4.0,0.0,0.0,0.0,0.0,2700.4130434782605,0,0
D7_I210_W,L210W-004,MD,4.0,0.0,0.0,0.0,0.0,5353.880434782608,0,0
D7_I210_W,L210W-004,PM,4.0,0.0,0.0,0.0,0.0,4328.576086956521,0,0
D7_I210_W,L210W-004,NT,4.0,0.0,0.0,0.0,0.0,3704.641304347826,0,0
D7_I210_W,L210W-022,AM,4.0,0.0,0.0,0.0,0.0,2032.2608695652173,0,0
D7_I210_W,L210W-022,MD,4.0,0.0,0.0,0.0,0.0,4700.695652173913,0,0
D7_I210_W,L210W-022,PM,4.0,1185.8043478260868,1302.0721601042526,968.5652173913044,1064.915160808351,5278.119565217391,11,9
D7_I210_W,L210W-022,NT,4.0,0.0,0.0,0.0,0.0,2991.869565217391,0,0
D7_I210_W,L210W-028,AM,5.0,679.4260869565217,733.5078642189271,523.0086956521739,568.8822125576328,2420.8521739130438,9,7
D7_I210_W,L210W-028,MD,5.0,200.4,246.49370316588465,132.4,164.1965829408062,4461.173913043478,3,2
D7_I210_W,L210W-028,PM,5.0,0.0,0.0,0.0,0.0,3120.486956521738,0,0
D7_I210_W,L210W-028,NT,5.0,0.0,0.0,0.0,0.0,2461.452173913043,0,0
D7_I210_W,L210W-038,AM,4.0,0.0,0.0,0.0,0.0,2459.423913043478,0,0
D7_I210_W,L210W-038,MD,4.0,0.0,0.0,0.0,0.0,5332.184782608695,0,0
D7_I210_W,L210W-038,PM,4.0,0.0,0.0,0.0,0.0,4905.782608695652,0,0
D7_I210_W,L210W-038,NT,4.0,0.0,0.0,0.0,0.0,3178.434782608696,0,0
D7_I210_W,L210W-052,AM,4.0,0.0,0.0,0.0,0.0,2190.413043478261,0,0
D7_I210_W,L210W-052,MD,4.0,0.0,0.0,0.0,0.0,5112.5,0,0
D7_I210_W,L210W-052,PM,4.0,0.0,0.0,0.0,0.0,5647.141304347826,0,0
D7_I210_W,L210W-052,NT,4.0,0.0,0.0,0.0,0.0,3270.663043478261,0,0
D7_I210_W,L210W-053,AM,4.0,0.0,0.0,0.0,0.0,2215.95,0,0
D7_I210_W,L210W-053,MD,4.0,0.0,0.0,0.0,0.0,5144.133333333333,0,0
D7_I210_W,L210W-053,PM,4.0,0.0,0.0,0.0,0.0,5664.449999999999,0,0
D7_I210_W,L210W-053,NT,4.0,0.0,0.0,0.0,0.0,4312.449999999999,0,0
D7_I210_W,L210W-054,AM,4.0,0.0,0.0,0.0,0.0,1676.532608695652,0,0
D7_I210_W,L210W-054,MD,4.0,0.0,0.0,0.0,0.0,3800.7391304347834,0,0
D7_I210_W,L210W-054,PM,4.0,0.0,0.0,0.0,0.0,4231.66304347826,0,0
D7_I210_W,L210W-054,NT,4.0,0.0,0.0,0.0,0.0,2360.130434782609,0,0
D7_I210_W,L210W-106,AM,4.0,0.0,0.0,0.0,0.0,1519.0108695652173,0,0
D7_I210_W,L210W-106,MD,4.0,0.0,0.0,0.0,0.0,2694.282608695652,0,0
D7_I210_W,L210W-106,PM,4.0,0.0,0.0,0.0,0.0,1843.4130434782603,0,0
D7_I210_W,L210W-106,NT,4.0,0.0,0.0,0.0,0.0,1698.282608695652,0,0
D7_I210_W,L210W-108,AM,4.0,3765.7045454545446,3821.951369375148,3765.704545454545,4679.190828815833,3765.7045454545446,36,36
D7_I210_W,L210W-108,MD,4.0,2745.5,2746.4180368388793,2990.022727272727,3510.372248084764,9016.19318181818,23,25
D7_I210_W,L210W-108,PM,4.0,0.0,0.0,0.0,0.0,6430.102272727272,0,0
D7_I210_W,L210W-108,NT,4.0,108.8181818181818,127.23012599633059,0.0,0.0,8481.579545454546,1,0
D7_I210_W,L210W-112,AM,4.0,3160.1931818181824,3106.8581692383796,3160.1931818181824,3477.480687039459,3160.1931818181824,36,36
D7_I210_W,L210W-112,MD,4.0,3213.022727272727,3307.5284792573275,3542.943181818181,4025.945105089839,7719.477272727272,31,34
D7_I210_W,L210W-112,PM,4.0,0.0,0.0,0.0,0.0,5521.863636363636,0,0
D7_I210_W,L210W-112,NT,4.0,203.3181818181818,226.21834338819409,99.34090909090908,123.76662401573644,7411.511363636362,2,1
D7_I210_W,L210W-113,AM,4.0,3266.4347826086946,3184.312281885216,3266.4347826086946,3489.820158618599,3266.4347826086946,36,36
D7_I210_W,L210W-113,MD,4.0,3212.2826086956525,3344.841510701034,3212.2826086956525,3646.151794549792,7945.91304347826,30,30
D7_I210_W,L210W-113,PM,4.0,0.0,0.0,0.0,0.0,5692.576086956521,0,0
D7_I210_W,L210W-113,NT,4.0,210.53260869565216,232.25585022703882,102.39130434782608,126.70708477518303,7561.521739130434,2,1
D7_I210_W,L210W-129,AM,4.0,3075.522727272727,2952.0250413879185,3075.522727272727,3035.9845031810173,3657.238636363636,31,31
D7_I210_W,L210W-129,MD,4.0,3832.022727272727,3975.1275068293444,4046.5,4402.975324897647,7649.227272727272,37,39
D7_I210_W,L210W-129,PM,4.0,4658.636363636364,4666.010422526497,4658.636363636364,4923.17714797057,5309.53409090909,42,42
D7_I210_W,L210W-129,NT,4.0,0.0,0.0,0.0,0.0,6113.409090909092,0,0
D7_I210_W,L210W-132,AM,4.0,3390.836956521739,3296.341454576294,3390.836956521739,3628.3488318277705,3890.3913043478265,32,32
D7_I210_W,L210W-132,MD,4.0,2238.891304347826,2318.3799040590884,2238.891304347826,2520.062368993121,7951.45652173913,21,21
D7_I210_W,L210W-132,PM,4.0,0.0,0.0,0.0,0.0,5627.836956521738,0,0
D7_I210_W,L210W-132,NT,4.0,0.0,0.0,0.0,0.0,6251.021739130436,0,0
D7_I210_W,L210W-141,AM,4.0,2271.98,2239.98109480613,2081.4,2314.182405311679,3435.38,24,22
D7_I210_W,L210W-141,MD,4.0,0.0,0.0,0.0,0.0,6674.82,0,0
D7_I210_W,L210W-141,PM,4.0,0.0,0.0,0.0,0.0,4512.91,0,0
D7_I210_W,L210W-141,NT,4.0,0.0,0.0,0.0,0.0,5322.4,0,0
D7_I210_W,L210W-143,AM,5.0,2393.763636363636,2662.8723127718067,1863.1363636363635,2400.0394423628263,2821.036363636364,31,24
D7_I210_W,L210W-143,MD,5.0,2017.9545454545453,2033.1370334176358,2107.2090909090903,2484.3565615562397,6603.236363636363,23,24
D7_I210_W,L210W-143,PM,5.0,0.0,0.0,0.0,0.0,4744.918181818181,0,0
D7_I210_W,L210W-143,NT,5.0,79.54545454545455,93.13615981509676,0.0,0.0,6087.90909090909,1,0
D7_I210_W,L210W-150,AM,5.0,2508.834782608696,2235.025552426578,2380.1391304347826,2446.2107422800304,4336.452173913043,21,20
D7_I210_W,L210W-150,MD,5.0,7013.269565217391,7285.866400489267,6819.869565217389,8298.99232174864,7401.965217391304,68,66
D7_I210_W,L210W-150,PM,5.0,4684.817391304347,4711.607600541768,4684.817391304347,5144.567073713302,4684.817391304347,48,48
D7_I210_W,L210W-150,NT,5.0,376.5478260869564,421.5876170602551,284.2434782608696,391.1093183035772,5660.826086956521,4,3
D7_I210_W,L210W-154,AM,4.0,3291.9130434782605,3171.182238814234,3172.173913043478,3305.3416355121526,3660.619565217392,33,32
D7_I210_W,L210W-154,MD,4.0,2392.543478260869,2489.9750773651604,2392.543478260869,2654.5124419875106,7903.75,23,23
D7_I210_W,L210W-154,PM,4.0,0.0,0.0,0.0,0.0,5482.326086956522,0,0
D7_I210_W,L210W-154,NT,4.0,0.0,0.0,0.0,0.0,6403.608695652173,0,0
D7_I210_W,L210W-155,AM,4.0,3075.293478260869,2968.4310496554644,2960.760869565217,3095.170198681499,3425.8913043478265,33,32
D7_I210_W,L210W-155,MD,4.0,3153.978260869565,3244.9435019232683,3153.978260869565,3535.578916612075,7371.043478260869,32,32
D7_I210_W,L210W-155,PM,4.0,4228.554347826086,4259.511263115617,4228.554347826086,4669.734414990554,5067.0,40,40
D7_I210_W,L210W-155,NT,4.0,0.0,0.0,0.0,0.0,6089.141304347826,0,0
D7_I210_W,L210W-167,AM,6.0,0.0,0.0,0.0,0.0,991.391304347826,0,0
D7_I210_W,L210W-167,MD,6.0,0.0,0.0,0.0,0.0,1919.826086956522,0,0
D7_I210_W,L210W-167,PM,6.0,0.0,0.0,0.0,0.0,1935.4347826086955,0,0
D7_I210_W,L210W-167,NT,6.0,0.0,0.0,0.0,0.0,975.1014492753624,0,0
D7_I210_W,L210W-182,AM,5.0,3343.95652173913,3259.320797511908,3343.9565217391296,3454.7295279117307,3343.95652173913,36,36
D7_I210_W,L210W-182,MD,5.0,3339.104347826087,3593.9523299187467,3240.504347826087,3775.124230708792,6990.069565217391,35,34
D7_I210_W,L210W-182,PM,5.0,0.0,0.0,0.0,0.0,4804.008695652174,0,0
D7_I210_W,L210W-182,NT,5.0,101.25217391304348,101.92625521656592,0.0,0.0,6493.525691699605,1,0
D7_I210_W,L210W-202,AM,4.0,0.0,0.0,0.0,0.0,7921.670454545453,0,0
D7_I210_W,L210W-202,MD,4.0,0.0,0.0,0.0,0.0,15681.627705627703,0,0
D7_I210_W,L210W-202,PM,4.0,0.0,0.0,0.0,0.0,11281.15909090909,0,0
D7_I210_W,L210W-202,NT,4.0,0.0,0.0,0.0,0.0,26383.61196593261,0,0
D7_I210_W,L210W-211,AM,4.0,3199.173913043478,3117.67662434648,3199.173913043478,3406.492662694699,4281.173913043478,28,28
D7_I210_W,L210W-211,MD,4.0,2618.543478260869,2657.9251800964175,2618.543478260869,2920.206756499716,8671.630434782608,22,22
D7_I210_W,L210W-211,PM,4.0,3156.79347826087,3211.238712282288,2918.4130434782605,3263.29653742401,5845.163043478261,26,24
D7_I210_W,L210W-211,NT,4.0,0.0,0.0,0.0,0.0,6909.163043478261,0,0
D7_I210_W,L210W-221,AM,5.0,0.0,0.0,0.0,0.0,1745.9739130434782,0,0
D7_I210_W,L210W-221,MD,5.0,0.0,0.0,0.0,0.0,4059.973913043478,0,0
D7_I210_W,L210W-221,PM,5.0,3553.8434782608697,3610.9781008180016,3369.1043478260863,3410.262570347724,4479.71304347826,37,35
D7_I210_W,L210W-221,NT,5.0,0.0,0.0,0.0,0.0,2711.1043478260867,0,0
D7_I210_W,L210W-222,AM,5.0,3388.2956521739134,3321.3865234023497,3388.2956521739134,3708.12503982114,3388.2956521739134,36,36
D7_I210_W,L210W-222,MD,5.0,2583.121739130435,2692.1967365155533,2485.35652173913,2890.462697320643,7020.791304347827,27,26
D7_I210_W,L210W-222,PM,5.0,0.0,0.0,794.7391304347826,900.9519655174024,4777.765217391304,0,8
D7_I210_W,L210W-222,NT,5.0,0.0,0.0,0.0,0.0,6507.817391304347,0,0
D7_I210_W,L210W-233,AM,4.0,3718.761363636364,3604.0948605800295,3718.761363636364,4009.772329551645,3718.761363636364,36,36
D7_I210_W,L210W-233,MD,4.0,4119.715909090908,4285.134068182145,4001.954545454545,4598.70412519145,8403.78409090909,36,35
D7_I210_W,L210W-233,PM,4.0,0.0,0.0,0.0,0.0,5791.170454545454,0,0
D7_I210_W,L210W-233,NT,4.0,115.75,121.82309761609913,0.0,0.0,7858.335497835498,1,0
D7_I210_W,L210W-234,AM,4.0,3009.2941176470586,2976.1724260403957,3009.2941176470586,3572.949213575462,3009.2941176470586,36,36
D7_I210_W,L210W-234,MD,4.0,2474.6470588235297,2519.570181138297,2474.64705882353,2915.394827929472,6884.4558823529405,27,27
D7_I210_W,L210W-234,PM,4.0,0.0,0.0,0.0,0.0,4837.64705882353,0,0
D7_I210_W,L210W-234,NT,4.0,89.66176470588235,97.93472947472857,0.0,0.0,6805.235294117648,1,0
D7_I210_W,L210W-238,AM,4.0,0.0,0.0,0.0,0.0,2246.478260869565,0,0
D7_I210_W,L210W-238,MD,4.0,0.0,0.0,0.0,0.0,4987.423913043478,0,0
D7_I210_W,L210W-238,PM,4.0,0.0,0.0,0.0,0.0,4689.619565217391,0,0
D7_I210_W,L210W-238,NT,4.0,0.0,0.0,0.0,0.0,3086.6956521739125,0,0
D7_I210_W,L210W-251,AM,3.0,0.0,0.0,0.0,0.0,2483.727272727273,0,0
D7_I210_W,L210W-251,MD,3.0,359.9393939393939,370.4873153655088,119.1060606060606,123.13812380314486,5849.621212121213,3,1
D7_I210_W,L210W-251,PM,3.0,5698.424242424242,5828.521820387616,5698.424242424243,5828.521820387615,5698.424242424242,48,48
D7_I210_W,L210W-251,NT,3.0,307.42424242424244,370.57944941895767,206.63636363636363,246.9105885251131,4750.075757575757,3,2
D7_I210_W,L210W-256,AM,6.0,0.0,0.0,0.0,0.0,1845.0833333333333,0,0
D7_I210_W,L210W-256,MD,6.0,0.0,0.0,0.0,0.0,4414.181818181818,0,0
D7_I210_W,L210W-256,PM,6.0,3322.454545454545,3370.2235537540837,3213.8863636363635,3201.0267515211003,4751.992424242424,33,32
D7_I210_W,L210W-256,NT,6.0,0.0,0.0,0.0,0.0,3022.590909090909,0,0
D7_I210_W,L210W-291,AM,4.0,3208.715909090909,3085.390869767357,3208.715909090909,3477.8124236677127,3208.715909090909,36,36
D7_I210_W,L210W-291,MD,4.0,3838.090909090909,3973.891496024572,3838.090909090909,4441.339820333699,7878.659090909092,36,36
D7_I210_W,L210W-291,PM,4.0,0.0,0.0,0.0,0.0,5514.65909090909,0,0
D7_I210_W,L210W-291,NT,4.0,208.3181818181818,229.70723121501538,101.52272727272728,127.81652658031476,7455.556818181818,2,1
D7_I210_W,L210W-299,AM,5.0,2495.495652173913,2403.959825004529,2400.7739130434784,2723.939083874115,2787.4434782608687,33,32
D7_I210_W,L210W-299,MD,5.0,2311.652173913043,2401.1453520716177,2148.3478260869565,2554.9503571785126,5931.034782608695,29,27
D7_I210_W,L210W-299,PM,5.0,0.0,0.0,0.0,0.0,4167.747826086956,0,0
D7_I210_W,L210W-299,NT,5.0,0.0,0.0,0.0,0.0,4768.24347826087,0,0
D7_I210_W,L210W-301,AM,4.0,3343.8585526315787,3210.1321295707717,3226.071052631578,3160.512486995364,3570.34605263158,34,33
D7_I210_W,L210W-301,MD,4.0,3422.6934210526315,3584.8508736248755,3639.080921052632,3953.528857299685,7522.965131578947,34,36
D7_I210_W,L210W-301,PM,4.0,2935.2572368421047,2984.566232861151,3482.769736842105,3731.5082325769495,5218.032236842105,27,32
D7_I210_W,L210W-301,NT,4.0,0.0,0.0,0.0,0.0,6096.351973684211,0,0
D7_I210_W,L210W-305,AM,4.0,4609.766304347826,4509.84598926648,4478.673913043478,4776.344707500024,4609.766304347826,36,35
D7_I210_W,L210W-305,MD,4.0,4549.032608695652,4724.460390044739,4675.440217391304,5293.108498128123,8968.853260869564,37,38
D7_I210_W,L210W-305,PM,4.0,1015.7989130434784,1026.7720022105589,1258.983695652174,1400.9581636359528,6113.711956521738,8,10
D7_I210_W,L210W-305,NT,4.0,0.0,0.0,0.0,0.0,8294.180753184013,0,0
D7_I405_N,L405N-069,AM,4.0,3757.819444444444,3692.0403278915956,3637.7361111111104,4068.039022464831,3757.819444444444,36,35
D7_I405_N,L405N-069,MD,4.0,2547.0138888888887,2666.897956111172,2440.333333333333,2900.7588270262386,7587.819444444443,25,24
D7_I405_N,L405N-069,PM,4.0,1352.1666666666667,1323.5559172873018,1123.8333333333333,1248.934465366294,5346.333333333333,12,10
D7_I405_N,L405N-069,NT,4.0,0.0,0.0,0.0,0.0,6903.36111111111,0,0
D7_I405_N,L405N-076,AM,5.0,4049.65,3893.6382864733737,3930.88,3977.1565195652606,4169.06,35,34
D7_I405_N,L405N-076,MD,5.0,5172.48,5235.918926639328,4839.490000000001,5363.383774238645,7887.62,47,44
D7_I405_N,L405N-076,PM,5.0,4777.07,4915.1443196372265,4670.11,5231.108670767574,5190.09,44,43
D7_I405_N,L405N-076,NT,5.0,0.0,0.0,0.0,0.0,6816.91,0,0
D7_I405_N,L405N-098,AM,6.0,3435.5263157894733,3282.170823476282,3435.5263157894733,3421.2324812520333,3435.5263157894733,36,36
D7_I405_N,L405N-098,MD,6.0,6593.605263157895,6555.616285510603,6593.605263157894,6811.9215030286405,6593.605263157895,72,72
D7_I405_N,L405N-098,PM,6.0,3696.368421052632,4376.725024713327,3615.2192982456154,4558.210807396667,3696.368421052632,48,47
D7_I405_N,L405N-098,NT,6.0,92.66666666666666,86.82503571061956,0.0,0.0,6565.622807017544,1,0
D7_I405_N,L405N-115,AM,6.0,0.0,0.0,0.0,0.0,3028.8431372549026,0,0
D7_I405_N,L405N-115,MD,6.0,663.0196078431372,671.5198393690805,892.9803921568628,963.2576245416016,7714.27450980392,6,8
D7_I405_N,L405N-115,PM,6.0,4580.575980392156,4569.107656660219,4580.575980392156,5031.302054466782,4580.575980392156,48,48
D7_I405_N,L405N-115,NT,6.0,832.9681372549019,898.6531201891981,832.9681372549018,963.9895638346134,7050.717524509804,8,8
D7_I405_N,L405N-122,AM,6.0,0.0,0.0,0.0,0.0,2902.675,0,0
D7_I405_N,L405N-122,MD,6.0,3230.8083333333334,3136.0657435446074,3120.941666666667,3058.348756985864,7305.858333333334,30,29
D7_I405_N,L405N-122,PM,6.0,4423.733333333334,4485.4702347358,4423.733333333334,4497.50855918552,4423.733333333334,48,48
D7_I405_N,L405N-122,NT,6.0,1278.8083333333334,1400.8540622388969,1181.1666666666667,1310.7353868499663,6560.641666666666,13,12
D7_I405_N,L405N-129,AM,4.0,3862.881578947368,3677.889626823062,3862.881578947368,3935.419572666729,3862.881578947368,36,36
D7_I405_N,L405N-129,MD,4.0,1581.2894736842102,1644.892610673852,1692.6315789473683,1888.654817632206,8198.631578947368,15,16
D7_I405_N,L405N-129,PM,4.0,3447.7763157894733,3541.238819124055,3330.9473684210525,3658.233490439521,5254.4473684210525,32,31
D7_I405_N,L405N-129,NT,4.0,352.8421052631579,357.4275361368839,230.5263157894737,253.08383312408856,7653.763157894737,3,2
D7_I405_N,L405N-135,AM,4.0,2912.8125,2798.3212634478023,2778.4791666666665,3054.975635724563,3052.083333333333,35,34
D7_I405_N,L405N-135,MD,4.0,7208.270833333333,7276.412944107129,7208.270833333332,8303.52691704428,7208.270833333333,72,72
D7_I405_N,L405N-135,PM,4.0,111.52083333333331,127.87050133263115,0.0,0.0,5495.589015151514,1,0
D7_I405_N,L405N-135,NT,4.0,0.0,0.0,0.0,0.0,8581.426136363636,0,0
D7_I405_N,L405N-215,AM,5.0,608.4,590.8442775387667,1051.0666666666666,1191.066357493913,3258.794871794872,7,12
D7_I405_N,L405N-215,MD,5.0,888.2307692307692,919.3966358078193,970.6820512820514,1180.7333583275308,5954.68717948718,11,12
D7_I405_N,L405N-215,PM,5.0,3670.338461538461,3764.3954083310664,3670.338461538461,4440.417601914161,3670.338461538461,48,48
D7_I405_N,L405N-215,NT,5.0,79.6923076923077,84.50272296834058,79.6923076923077,99.30800413448466,5653.246153846154,1,1
D7_I405_N,L405N-217,AM,5.0,0.0,0.0,0.0,0.0,4775.676923076922,0,0
D7_I405_N,L405N-217,MD,5.0,0.0,0.0,0.0,0.0,9216.692307692309,0,0
D7_I405_N,L405N-217,PM,5.0,0.0,0.0,0.0,0.0,6234.16923076923,0,0
D7_I405_N,L405N-217,NT,5.0,0.0,0.0,0.0,0.0,9352.430769230768,0,0
D7_I405_N,L405N-241,AM,4.0,3199.6125,2939.8424834135158,3199.6125,3480.161352582735,3336.3625,35,35
D7_I405_N,L405N-241,MD,4.0,5400.949999999999,5565.461249343113,5400.95,6407.206581482371,8465.262499999999,48,48
D7_I405_N,L405N-241,PM,4.0,0.0,0.0,0.0,0.0,6561.8,0,0
D7_I405_N,L405N-241,NT,4.0,0.0,0.0,0.0,0.0,8321.8125,0,0
D7_I405_N,L405N-273,AM,3.0,0.0,0.0,0.0,0.0,2920.1666666666665,0,0
D7_I405_N,L405N-273,MD,3.0,1798.8000000000002,1926.8014647087014,1527.05,1582.5836527765698,8115.533333333333,14,12
D7_I405_N,L405N-273,PM,3.0,5292.949999999999,5123.982270778417,5292.95,4548.6725833201845,5292.949999999999,48,48
D7_I405_N,L405N-273,NT,3.0,961.35,1102.480076324783,842.6999999999999,924.691588074068,7682.183333333332,8,7
D7_I405_S,L405S-001,AM,5.0,0.0,0.0,0.0,0.0,4087.14,0,0
D7_I405_S,L405S-001,MD,5.0,1368.9799999999998,1398.3627414303364,1273.08,1704.274969737418,6953.56,15,14
D7_I405_S,L405S-001,PM,5.0,2923.76,2990.316557348879,2923.76,4037.281239194787,2923.76,36,36
D7_I405_S,L405S-001,NT,5.0,184.26,192.9172083013108,184.26,248.23482419008727,6780.759999999999,2,2
D7_I405_S,L405S-061,AM,4.0,0.0,0.0,0.0,0.0,3620.402777777778,0,0
D7_I405_S,L405S-061,MD,4.0,1846.458333333333,1829.5656043600643,1846.458333333333,2052.308281651113,7447.291666666666,18,18
D7_I405_S,L405S-061,PM,4.0,4147.986111111111,4174.485505079238,4147.986111111111,4759.681349095349,4667.5,43,43
D7_I405_S,L405S-061,NT,4.0,0.0,0.0,0.0,0.0,7082.041666666666,0,0
D7_I405_S,L405S-073,AM,5.0,1327.9666666666665,1249.5300352074155,1327.9666666666667,1435.9798258336643,3651.188888888888,12,12
D7_I405_S,L405S-073,MD,5.0,3892.2222222222217,3811.475982218519,3788.0555555555543,4301.856350313872,7498.644444444444,38,37
D7_I405_S,L405S-073,PM,5.0,4447.011111111111,4566.158840053453,4447.011111111111,5366.2661727303375,4447.011111111111,48,48
D7_I405_S,L405S-073,NT,5.0,1154.311111111111,1230.4510000326597,1055.2666666666669,1297.9937056444712,7169.9222222222215,12,11
D7_I405_S,L405S-084,AM,4.0,0.0,0.0,0.0,0.0,4683.333333333334,0,0
D7_I405_S,L405S-084,MD,4.0,4424.233333333334,4392.1840644801,4287.666666666666,4657.251994617018,9839.55,33,32
D7_I405_S,L405S-084,PM,4.0,5448.583333333333,5439.468819402413,5448.583333333332,6167.983006396966,5448.583333333333,48,48
D7_I405_S,L405S-084,NT,4.0,2793.116666666667,2908.651346517276,2793.116666666667,3226.92934414372,8853.633333333333,23,23
D7_I405_S,L405S-087,AM,5.0,0.0,0.0,0.0,0.0,3719.452941176471,0,0
D7_I405_S,L405S-087,MD,5.0,4460.951336898396,4229.502014929029,4460.951336898395,4661.433987215453,7905.939572192512,42,42
D7_I405_S,L405S-087,PM,5.0,3649.654545454545,3812.0029891893305,3649.6545454545458,4380.996176641642,3649.654545454545,48,48
D7_I405_S,L405S-087,NT,5.0,2145.570588235294,2262.908027139544,2046.670588235294,2384.5961785393,7595.847058823529,23,22
D7_I405_S,L405S-231,AM,4.0,0.0,0.0,0.0,0.0,4166.674999999999,0,0
D7_I405_S,L405S-231,MD,4.0,0.0,0.0,0.0,0.0,8939.6875,0,0
D7_I405_S,L405S-231,PM,4.0,1366.3249999999998,1533.957064858072,1239.925,1394.2230655041596,5968.4125,11,10
D7_I405_S,L405S-231,NT,4.0,490.55,558.1502080439186,367.3375,418.4181912123504,7707.774999999999,4,3
D7_I405_S,L405S-234,AM,5.0,0.0,0.0,0.0,0.0,3120.473684210526,0,0
D7_I405_S,L405S-234,MD,5.0,0.0,0.0,0.0,0.0,7051.242105263158,0,0
D7_I405_S,L405S-234,PM,5.0,5156.2210526315785,5137.538767020546,4509.873684210526,4593.522935906228,5156.2210526315785,48,42
D7_I405_S,L405S-234,NT,5.0,725.4842105263158,753.0494460669462,725.4842105263157,774.8187453362569,5930.294736842105,7,7
D7_I405_S,L405S-336,AM,5.0,2259.5894736842106,2316.2712160512347,2259.58947368421,2782.5829178855183,4109.97894736842,21,21
D7_I405_S,L405S-336,MD,5.0,1123.1263157894737,1159.2326717226292,1005.3684210526314,1222.2745661859394,8742.863157894737,10,9
D7_I405_S,L405S-336,PM,5.0,1885.8,1847.6911125027,1885.8,2170.638794665724,5929.491812865497,16,16
D7_I405_S,L405S-336,NT,5.0,0.0,0.0,0.0,0.0,7722.70350877193,0,0
D7_I405_S,L405S-392,AM,1.0,3877.9,4078.3796891755815,3316.2,3483.211828730277,18565.8,7,6
D7_I405_S,L405S-392,MD,1.0,24829.050000000003,25575.426316407775,24255.1,24980.49007867269,37833.3,49,48
D7_I405_S,L405S-392,PM,1.0,16543.0,16586.970826600114,16543.0,16586.970826600114,16543.0,48,48
D7_I405_S,L405S-392,NT,1.0,10925.35,12372.926393752081,10451.25,11777.738106169914,36579.49999999999,25,24
D7_I405_S,L405S-417,AM,1.0,17057.699999999997,18037.767039293776,16444.05,17414.860585514725,17057.699999999997,36,35
D7_I405_S,L405S-417,MD,1.0,25185.849999999995,28096.698342613603,24633.099999999995,27471.80539362237,36225.15,51,50
D7_I405_S,L405S-417,PM,1.0,0.0,0.0,0.0,0.0,23445.0,0,0
D7_I405_S,L405S-417,NT,1.0,0.0,0.0,0.0,0.0,34442.15,0,0
D7_I405_S,L405S-425,AM,4.0,1257.3815789473686,1228.1023317045592,1257.3815789473686,1383.1521743950384,3601.5263157894738,12,12
D7_I405_S,L405S-425,MD,4.0,3549.855263157895,3312.8936232200094,3130.75,3250.0693127377444,7254.947368421053,37,33
D7_I405_S,L405S-425,PM,4.0,3679.5,3786.7055606247436,3679.5,4281.524951401404,3679.5,48,48
D7_I405_S,L405S-425,NT,4.0,1382.184210526316,1555.1500614150912,1284.9736842105265,1626.8574777193137,6490.671052631578,15,14
